// Сгенерировано tools/make_vlw.py из Arial.ttf 16px
#pragma once
#include <Arduino.h>

const uint8_t font_r16[] PROGMEM = {
  0x00,0x00,0x00,0xeb,0x00,0x00,0x00,0x0b,0x00,0x00,0x00,0x10,0x00,0x00,0x00,0x00,0x00,0x00,0x00,0x0c,0x00,0x00,0x00,0x03,
  0x00,0x00,0x00,0x20,0x00,0x00,0x00,0x00,0x00,0x00,0x00,0x00,0x00,0x00,0x00,0x04,0x00,0x00,0x00,0x00,0x00,0x00,0x00,0x00,
  0x00,0x00,0x00,0x00,0x00,0x00,0x00,0x21,0x00,0x00,0x00,0x0c,0x00,0x00,0x00,0x04,0x00,0x00,0x00,0x04,0x00,0x00,0x00,0x0c,
  0x00,0x00,0x00,0x00,0x00,0x00,0x00,0x00,0x00,0x00,0x00,0x22,0x00,0x00,0x00,0x0c,0x00,0x00,0x00,0x06,0x00,0x00,0x00,0x06,
  0x00,0x00,0x00,0x0c,0x00,0x00,0x00,0x00,0x00,0x00,0x00,0x00,0x00,0x00,0x00,0x23,0x00,0x00,0x00,0x0c,0x00,0x00,0x00,0x09,
  0x00,0x00,0x00,0x09,0x00,0x00,0x00,0x0c,0x00,0x00,0x00,0x00,0x00,0x00,0x00,0x00,0x00,0x00,0x00,0x24,0x00,0x00,0x00,0x0e,
  0x00,0x00,0x00,0x09,0x00,0x00,0x00,0x09,0x00,0x00,0x00,0x0d,0x00,0x00,0x00,0x00,0x00,0x00,0x00,0x00,0x00,0x00,0x00,0x25,
  0x00,0x00,0x00,0x0c,0x00,0x00,0x00,0x0e,0x00,0x00,0x00,0x0e,0x00,0x00,0x00,0x0c,0x00,0x00,0x00,0x00,0x00,0x00,0x00,0x00,
  0x00,0x00,0x00,0x26,0x00,0x00,0x00,0x0c,0x00,0x00,0x00,0x0b,0x00,0x00,0x00,0x0b,0x00,0x00,0x00,0x0c,0x00,0x00,0x00,0x00,
  0x00,0x00,0x00,0x00,0x00,0x00,0x00,0x27,0x00,0x00,0x00,0x0c,0x00,0x00,0x00,0x03,0x00,0x00,0x00,0x03,0x00,0x00,0x00,0x0c,
  0x00,0x00,0x00,0x00,0x00,0x00,0x00,0x00,0x00,0x00,0x00,0x28,0x00,0x00,0x00,0x0f,0x00,0x00,0x00,0x05,0x00,0x00,0x00,0x05,
  0x00,0x00,0x00,0x0c,0x00,0x00,0x00,0x00,0x00,0x00,0x00,0x00,0x00,0x00,0x00,0x29,0x00,0x00,0x00,0x0f,0x00,0x00,0x00,0x05,
  0x00,0x00,0x00,0x05,0x00,0x00,0x00,0x0c,0x00,0x00,0x00,0x00,0x00,0x00,0x00,0x00,0x00,0x00,0x00,0x2a,0x00,0x00,0x00,0x0c,
  0x00,0x00,0x00,0x06,0x00,0x00,0x00,0x06,0x00,0x00,0x00,0x0c,0x00,0x00,0x00,0x00,0x00,0x00,0x00,0x00,0x00,0x00,0x00,0x2b,
  0x00,0x00,0x00,0x09,0x00,0x00,0x00,0x09,0x00,0x00,0x00,0x09,0x00,0x00,0x00,0x09,0x00,0x00,0x00,0x00,0x00,0x00,0x00,0x00,
  0x00,0x00,0x00,0x2c,0x00,0x00,0x00,0x04,0x00,0x00,0x00,0x04,0x00,0x00,0x00,0x04,0x00,0x00,0x00,0x01,0x00,0x00,0x00,0x00,
  0x00,0x00,0x00,0x00,0x00,0x00,0x00,0x2d,0x00,0x00,0x00,0x04,0x00,0x00,0x00,0x05,0x00,0x00,0x00,0x05,0x00,0x00,0x00,0x04,
  0x00,0x00,0x00,0x00,0x00,0x00,0x00,0x00,0x00,0x00,0x00,0x2e,0x00,0x00,0x00,0x01,0x00,0x00,0x00,0x04,0x00,0x00,0x00,0x04,
  0x00,0x00,0x00,0x01,0x00,0x00,0x00,0x00,0x00,0x00,0x00,0x00,0x00,0x00,0x00,0x2f,0x00,0x00,0x00,0x0c,0x00,0x00,0x00,0x05,
  0x00,0x00,0x00,0x04,0x00,0x00,0x00,0x0c,0x00,0x00,0x00,0x00,0x00,0x00,0x00,0x00,0x00,0x00,0x00,0x30,0x00,0x00,0x00,0x0c,
  0x00,0x00,0x00,0x09,0x00,0x00,0x00,0x09,0x00,0x00,0x00,0x0c,0x00,0x00,0x00,0x00,0x00,0x00,0x00,0x00,0x00,0x00,0x00,0x31,
  0x00,0x00,0x00,0x0c,0x00,0x00,0x00,0x09,0x00,0x00,0x00,0x09,0x00,0x00,0x00,0x0c,0x00,0x00,0x00,0x00,0x00,0x00,0x00,0x00,
  0x00,0x00,0x00,0x32,0x00,0x00,0x00,0x0c,0x00,0x00,0x00,0x09,0x00,0x00,0x00,0x09,0x00,0x00,0x00,0x0c,0x00,0x00,0x00,0x00,
  0x00,0x00,0x00,0x00,0x00,0x00,0x00,0x33,0x00,0x00,0x00,0x0c,0x00,0x00,0x00,0x09,0x00,0x00,0x00,0x09,0x00,0x00,0x00,0x0c,
  0x00,0x00,0x00,0x00,0x00,0x00,0x00,0x00,0x00,0x00,0x00,0x34,0x00,0x00,0x00,0x0c,0x00,0x00,0x00,0x09,0x00,0x00,0x00,0x09,
  0x00,0x00,0x00,0x0c,0x00,0x00,0x00,0x00,0x00,0x00,0x00,0x00,0x00,0x00,0x00,0x35,0x00,0x00,0x00,0x0c,0x00,0x00,0x00,0x09,
  0x00,0x00,0x00,0x09,0x00,0x00,0x00,0x0c,0x00,0x00,0x00,0x00,0x00,0x00,0x00,0x00,0x00,0x00,0x00,0x36,0x00,0x00,0x00,0x0c,
  0x00,0x00,0x00,0x09,0x00,0x00,0x00,0x09,0x00,0x00,0x00,0x0c,0x00,0x00,0x00,0x00,0x00,0x00,0x00,0x00,0x00,0x00,0x00,0x37,
  0x00,0x00,0x00,0x0c,0x00,0x00,0x00,0x09,0x00,0x00,0x00,0x09,0x00,0x00,0x00,0x0c,0x00,0x00,0x00,0x00,0x00,0x00,0x00,0x00,
  0x00,0x00,0x00,0x38,0x00,0x00,0x00,0x0c,0x00,0x00,0x00,0x09,0x00,0x00,0x00,0x09,0x00,0x00,0x00,0x0c,0x00,0x00,0x00,0x00,
  0x00,0x00,0x00,0x00,0x00,0x00,0x00,0x39,0x00,0x00,0x00,0x0c,0x00,0x00,0x00,0x09,0x00,0x00,0x00,0x09,0x00,0x00,0x00,0x0c,
  0x00,0x00,0x00,0x00,0x00,0x00,0x00,0x00,0x00,0x00,0x00,0x3a,0x00,0x00,0x00,0x09,0x00,0x00,0x00,0x04,0x00,0x00,0x00,0x04,
  0x00,0x00,0x00,0x09,0x00,0x00,0x00,0x00,0x00,0x00,0x00,0x00,0x00,0x00,0x00,0x3b,0x00,0x00,0x00,0x0c,0x00,0x00,0x00,0x04,
  0x00,0x00,0x00,0x04,0x00,0x00,0x00,0x09,0x00,0x00,0x00,0x00,0x00,0x00,0x00,0x00,0x00,0x00,0x00,0x3c,0x00,0x00,0x00,0x09,
  0x00,0x00,0x00,0x09,0x00,0x00,0x00,0x09,0x00,0x00,0x00,0x09,0x00,0x00,0x00,0x00,0x00,0x00,0x00,0x00,0x00,0x00,0x00,0x3d,
  0x00,0x00,0x00,0x08,0x00,0x00,0x00,0x09,0x00,0x00,0x00,0x09,0x00,0x00,0x00,0x08,0x00,0x00,0x00,0x00,0x00,0x00,0x00,0x00,
  0x00,0x00,0x00,0x3e,0x00,0x00,0x00,0x09,0x00,0x00,0x00,0x09,0x00,0x00,0x00,0x09,0x00,0x00,0x00,0x09,0x00,0x00,0x00,0x00,
  0x00,0x00,0x00,0x00,0x00,0x00,0x00,0x3f,0x00,0x00,0x00,0x0c,0x00,0x00,0x00,0x09,0x00,0x00,0x00,0x09,0x00,0x00,0x00,0x0c,
  0x00,0x00,0x00,0x00,0x00,0x00,0x00,0x00,0x00,0x00,0x00,0x40,0x00,0x00,0x00,0x0f,0x00,0x00,0x00,0x10,0x00,0x00,0x00,0x10,
  0x00,0x00,0x00,0x0c,0x00,0x00,0x00,0x00,0x00,0x00,0x00,0x00,0x00,0x00,0x00,0x41,0x00,0x00,0x00,0x0c,0x00,0x00,0x00,0x0c,
  0x00,0x00,0x00,0x0b,0x00,0x00,0x00,0x0c,0xff,0xff,0xff,0xff,0x00,0x00,0x00,0x00,0x00,0x00,0x00,0x42,0x00,0x00,0x00,0x0c,
  0x00,0x00,0x00,0x0b,0x00,0x00,0x00,0x0b,0x00,0x00,0x00,0x0c,0x00,0x00,0x00,0x00,0x00,0x00,0x00,0x00,0x00,0x00,0x00,0x43,
  0x00,0x00,0x00,0x0c,0x00,0x00,0x00,0x0c,0x00,0x00,0x00,0x0c,0x00,0x00,0x00,0x0c,0x00,0x00,0x00,0x00,0x00,0x00,0x00,0x00,
  0x00,0x00,0x00,0x44,0x00,0x00,0x00,0x0c,0x00,0x00,0x00,0x0c,0x00,0x00,0x00,0x0c,0x00,0x00,0x00,0x0c,0x00,0x00,0x00,0x00,
  0x00,0x00,0x00,0x00,0x00,0x00,0x00,0x45,0x00,0x00,0x00,0x0c,0x00,0x00,0x00,0x0b,0x00,0x00,0x00,0x0b,0x00,0x00,0x00,0x0c,
  0x00,0x00,0x00,0x00,0x00,0x00,0x00,0x00,0x00,0x00,0x00,0x46,0x00,0x00,0x00,0x0c,0x00,0x00,0x00,0x0a,0x00,0x00,0x00,0x0a,
  0x00,0x00,0x00,0x0c,0x00,0x00,0x00,0x00,0x00,0x00,0x00,0x00,0x00,0x00,0x00,0x47,0x00,0x00,0x00,0x0c,0x00,0x00,0x00,0x0c,
  0x00,0x00,0x00,0x0c,0x00,0x00,0x00,0x0c,0x00,0x00,0x00,0x00,0x00,0x00,0x00,0x00,0x00,0x00,0x00,0x48,0x00,0x00,0x00,0x0c,
  0x00,0x00,0x00,0x0c,0x00,0x00,0x00,0x0c,0x00,0x00,0x00,0x0c,0x00,0x00,0x00,0x00,0x00,0x00,0x00,0x00,0x00,0x00,0x00,0x49,
  0x00,0x00,0x00,0x0c,0x00,0x00,0x00,0x04,0x00,0x00,0x00,0x04,0x00,0x00,0x00,0x0c,0x00,0x00,0x00,0x00,0x00,0x00,0x00,0x00,
  0x00,0x00,0x00,0x4a,0x00,0x00,0x00,0x0c,0x00,0x00,0x00,0x08,0x00,0x00,0x00,0x08,0x00,0x00,0x00,0x0c,0x00,0x00,0x00,0x00,
  0x00,0x00,0x00,0x00,0x00,0x00,0x00,0x4b,0x00,0x00,0x00,0x0c,0x00,0x00,0x00,0x0b,0x00,0x00,0x00,0x0b,0x00,0x00,0x00,0x0c,
  0x00,0x00,0x00,0x00,0x00,0x00,0x00,0x00,0x00,0x00,0x00,0x4c,0x00,0x00,0x00,0x0c,0x00,0x00,0x00,0x09,0x00,0x00,0x00,0x09,
  0x00,0x00,0x00,0x0c,0x00,0x00,0x00,0x00,0x00,0x00,0x00,0x00,0x00,0x00,0x00,0x4d,0x00,0x00,0x00,0x0c,0x00,0x00,0x00,0x0d,
  0x00,0x00,0x00,0x0d,0x00,0x00,0x00,0x0c,0x00,0x00,0x00,0x00,0x00,0x00,0x00,0x00,0x00,0x00,0x00,0x4e,0x00,0x00,0x00,0x0c,
  0x00,0x00,0x00,0x0c,0x00,0x00,0x00,0x0c,0x00,0x00,0x00,0x0c,0x00,0x00,0x00,0x00,0x00,0x00,0x00,0x00,0x00,0x00,0x00,0x4f,
  0x00,0x00,0x00,0x0c,0x00,0x00,0x00,0x0c,0x00,0x00,0x00,0x0c,0x00,0x00,0x00,0x0c,0x00,0x00,0x00,0x00,0x00,0x00,0x00,0x00,
  0x00,0x00,0x00,0x50,0x00,0x00,0x00,0x0c,0x00,0x00,0x00,0x0b,0x00,0x00,0x00,0x0b,0x00,0x00,0x00,0x0c,0x00,0x00,0x00,0x00,
  0x00,0x00,0x00,0x00,0x00,0x00,0x00,0x51,0x00,0x00,0x00,0x0d,0x00,0x00,0x00,0x0c,0x00,0x00,0x00,0x0c,0x00,0x00,0x00,0x0c,
  0x00,0x00,0x00,0x00,0x00,0x00,0x00,0x00,0x00,0x00,0x00,0x52,0x00,0x00,0x00,0x0c,0x00,0x00,0x00,0x0c,0x00,0x00,0x00,0x0c,
  0x00,0x00,0x00,0x0c,0x00,0x00,0x00,0x00,0x00,0x00,0x00,0x00,0x00,0x00,0x00,0x53,0x00,0x00,0x00,0x0c,0x00,0x00,0x00,0x0b,
  0x00,0x00,0x00,0x0b,0x00,0x00,0x00,0x0c,0x00,0x00,0x00,0x00,0x00,0x00,0x00,0x00,0x00,0x00,0x00,0x54,0x00,0x00,0x00,0x0c,
  0x00,0x00,0x00,0x0a,0x00,0x00,0x00,0x0a,0x00,0x00,0x00,0x0c,0x00,0x00,0x00,0x00,0x00,0x00,0x00,0x00,0x00,0x00,0x00,0x55,
  0x00,0x00,0x00,0x0c,0x00,0x00,0x00,0x0c,0x00,0x00,0x00,0x0c,0x00,0x00,0x00,0x0c,0x00,0x00,0x00,0x00,0x00,0x00,0x00,0x00,
  0x00,0x00,0x00,0x56,0x00,0x00,0x00,0x0c,0x00,0x00,0x00,0x0b,0x00,0x00,0x00,0x0b,0x00,0x00,0x00,0x0c,0x00,0x00,0x00,0x00,
  0x00,0x00,0x00,0x00,0x00,0x00,0x00,0x57,0x00,0x00,0x00,0x0c,0x00,0x00,0x00,0x0f,0x00,0x00,0x00,0x0f,0x00,0x00,0x00,0x0c,
  0x00,0x00,0x00,0x00,0x00,0x00,0x00,0x00,0x00,0x00,0x00,0x58,0x00,0x00,0x00,0x0c,0x00,0x00,0x00,0x0b,0x00,0x00,0x00,0x0b,
  0x00,0x00,0x00,0x0c,0x00,0x00,0x00,0x00,0x00,0x00,0x00,0x00,0x00,0x00,0x00,0x59,0x00,0x00,0x00,0x0c,0x00,0x00,0x00,0x0b,
  0x00,0x00,0x00,0x0b,0x00,0x00,0x00,0x0c,0x00,0x00,0x00,0x00,0x00,0x00,0x00,0x00,0x00,0x00,0x00,0x5a,0x00,0x00,0x00,0x0c,
  0x00,0x00,0x00,0x0a,0x00,0x00,0x00,0x0a,0x00,0x00,0x00,0x0c,0x00,0x00,0x00,0x00,0x00,0x00,0x00,0x00,0x00,0x00,0x00,0x5b,
  0x00,0x00,0x00,0x0f,0x00,0x00,0x00,0x05,0x00,0x00,0x00,0x04,0x00,0x00,0x00,0x0c,0x00,0x00,0x00,0x00,0x00,0x00,0x00,0x00,
  0x00,0x00,0x00,0x5c,0x00,0x00,0x00,0x0c,0x00,0x00,0x00,0x05,0x00,0x00,0x00,0x04,0x00,0x00,0x00,0x0c,0x00,0x00,0x00,0x00,
  0x00,0x00,0x00,0x00,0x00,0x00,0x00,0x5d,0x00,0x00,0x00,0x0f,0x00,0x00,0x00,0x04,0x00,0x00,0x00,0x04,0x00,0x00,0x00,0x0c,
  0x00,0x00,0x00,0x00,0x00,0x00,0x00,0x00,0x00,0x00,0x00,0x5e,0x00,0x00,0x00,0x0c,0x00,0x00,0x00,0x08,0x00,0x00,0x00,0x08,
  0x00,0x00,0x00,0x0c,0x00,0x00,0x00,0x00,0x00,0x00,0x00,0x00,0x00,0x00,0x00,0x5f,0x00,0x00,0x00,0x03,0x00,0x00,0x00,0x0b,
  0x00,0x00,0x00,0x09,0x00,0x00,0x00,0x00,0xff,0xff,0xff,0xff,0x00,0x00,0x00,0x00,0x00,0x00,0x00,0x60,0x00,0x00,0x00,0x0c,
  0x00,0x00,0x00,0x05,0x00,0x00,0x00,0x05,0x00,0x00,0x00,0x0c,0x00,0x00,0x00,0x00,0x00,0x00,0x00,0x00,0x00,0x00,0x00,0x61,
  0x00,0x00,0x00,0x09,0x00,0x00,0x00,0x09,0x00,0x00,0x00,0x09,0x00,0x00,0x00,0x09,0x00,0x00,0x00,0x00,0x00,0x00,0x00,0x00,
  0x00,0x00,0x00,0x62,0x00,0x00,0x00,0x0c,0x00,0x00,0x00,0x09,0x00,0x00,0x00,0x09,0x00,0x00,0x00,0x0c,0x00,0x00,0x00,0x00,
  0x00,0x00,0x00,0x00,0x00,0x00,0x00,0x63,0x00,0x00,0x00,0x09,0x00,0x00,0x00,0x08,0x00,0x00,0x00,0x08,0x00,0x00,0x00,0x09,
  0x00,0x00,0x00,0x00,0x00,0x00,0x00,0x00,0x00,0x00,0x00,0x64,0x00,0x00,0x00,0x0c,0x00,0x00,0x00,0x09,0x00,0x00,0x00,0x09,
  0x00,0x00,0x00,0x0c,0x00,0x00,0x00,0x00,0x00,0x00,0x00,0x00,0x00,0x00,0x00,0x65,0x00,0x00,0x00,0x09,0x00,0x00,0x00,0x09,
  0x00,0x00,0x00,0x09,0x00,0x00,0x00,0x09,0x00,0x00,0x00,0x00,0x00,0x00,0x00,0x00,0x00,0x00,0x00,0x66,0x00,0x00,0x00,0x0c,
  0x00,0x00,0x00,0x05,0x00,0x00,0x00,0x04,0x00,0x00,0x00,0x0c,0x00,0x00,0x00,0x00,0x00,0x00,0x00,0x00,0x00,0x00,0x00,0x67,
  0x00,0x00,0x00,0x0c,0x00,0x00,0x00,0x09,0x00,0x00,0x00,0x09,0x00,0x00,0x00,0x09,0x00,0x00,0x00,0x00,0x00,0x00,0x00,0x00,
  0x00,0x00,0x00,0x68,0x00,0x00,0x00,0x0c,0x00,0x00,0x00,0x09,0x00,0x00,0x00,0x09,0x00,0x00,0x00,0x0c,0x00,0x00,0x00,0x00,
  0x00,0x00,0x00,0x00,0x00,0x00,0x00,0x69,0x00,0x00,0x00,0x0c,0x00,0x00,0x00,0x04,0x00,0x00,0x00,0x04,0x00,0x00,0x00,0x0c,
  0x00,0x00,0x00,0x00,0x00,0x00,0x00,0x00,0x00,0x00,0x00,0x6a,0x00,0x00,0x00,0x0f,0x00,0x00,0x00,0x05,0x00,0x00,0x00,0x04,
  0x00,0x00,0x00,0x0c,0xff,0xff,0xff,0xff,0x00,0x00,0x00,0x00,0x00,0x00,0x00,0x6b,0x00,0x00,0x00,0x0c,0x00,0x00,0x00,0x08,
  0x00,0x00,0x00,0x08,0x00,0x00,0x00,0x0c,0x00,0x00,0x00,0x00,0x00,0x00,0x00,0x00,0x00,0x00,0x00,0x6c,0x00,0x00,0x00,0x0c,
  0x00,0x00,0x00,0x04,0x00,0x00,0x00,0x04,0x00,0x00,0x00,0x0c,0x00,0x00,0x00,0x00,0x00,0x00,0x00,0x00,0x00,0x00,0x00,0x6d,
  0x00,0x00,0x00,0x09,0x00,0x00,0x00,0x0d,0x00,0x00,0x00,0x0d,0x00,0x00,0x00,0x09,0x00,0x00,0x00,0x00,0x00,0x00,0x00,0x00,
  0x00,0x00,0x00,0x6e,0x00,0x00,0x00,0x09,0x00,0x00,0x00,0x09,0x00,0x00,0x00,0x09,0x00,0x00,0x00,0x09,0x00,0x00,0x00,0x00,
  0x00,0x00,0x00,0x00,0x00,0x00,0x00,0x6f,0x00,0x00,0x00,0x09,0x00,0x00,0x00,0x09,0x00,0x00,0x00,0x09,0x00,0x00,0x00,0x09,
  0x00,0x00,0x00,0x00,0x00,0x00,0x00,0x00,0x00,0x00,0x00,0x70,0x00,0x00,0x00,0x0c,0x00,0x00,0x00,0x09,0x00,0x00,0x00,0x09,
  0x00,0x00,0x00,0x09,0x00,0x00,0x00,0x00,0x00,0x00,0x00,0x00,0x00,0x00,0x00,0x71,0x00,0x00,0x00,0x0c,0x00,0x00,0x00,0x09,
  0x00,0x00,0x00,0x09,0x00,0x00,0x00,0x09,0x00,0x00,0x00,0x00,0x00,0x00,0x00,0x00,0x00,0x00,0x00,0x72,0x00,0x00,0x00,0x09,
  0x00,0x00,0x00,0x06,0x00,0x00,0x00,0x05,0x00,0x00,0x00,0x09,0x00,0x00,0x00,0x00,0x00,0x00,0x00,0x00,0x00,0x00,0x00,0x73,
  0x00,0x00,0x00,0x09,0x00,0x00,0x00,0x08,0x00,0x00,0x00,0x08,0x00,0x00,0x00,0x09,0x00,0x00,0x00,0x00,0x00,0x00,0x00,0x00,
  0x00,0x00,0x00,0x74,0x00,0x00,0x00,0x0c,0x00,0x00,0x00,0x05,0x00,0x00,0x00,0x04,0x00,0x00,0x00,0x0c,0x00,0x00,0x00,0x00,
  0x00,0x00,0x00,0x00,0x00,0x00,0x00,0x75,0x00,0x00,0x00,0x09,0x00,0x00,0x00,0x09,0x00,0x00,0x00,0x09,0x00,0x00,0x00,0x09,
  0x00,0x00,0x00,0x00,0x00,0x00,0x00,0x00,0x00,0x00,0x00,0x76,0x00,0x00,0x00,0x09,0x00,0x00,0x00,0x08,0x00,0x00,0x00,0x08,
  0x00,0x00,0x00,0x09,0x00,0x00,0x00,0x00,0x00,0x00,0x00,0x00,0x00,0x00,0x00,0x77,0x00,0x00,0x00,0x09,0x00,0x00,0x00,0x0c,
  0x00,0x00,0x00,0x0c,0x00,0x00,0x00,0x09,0x00,0x00,0x00,0x00,0x00,0x00,0x00,0x00,0x00,0x00,0x00,0x78,0x00,0x00,0x00,0x09,
  0x00,0x00,0x00,0x08,0x00,0x00,0x00,0x08,0x00,0x00,0x00,0x09,0x00,0x00,0x00,0x00,0x00,0x00,0x00,0x00,0x00,0x00,0x00,0x79,
  0x00,0x00,0x00,0x0c,0x00,0x00,0x00,0x08,0x00,0x00,0x00,0x08,0x00,0x00,0x00,0x09,0x00,0x00,0x00,0x00,0x00,0x00,0x00,0x00,
  0x00,0x00,0x00,0x7a,0x00,0x00,0x00,0x09,0x00,0x00,0x00,0x08,0x00,0x00,0x00,0x08,0x00,0x00,0x00,0x09,0x00,0x00,0x00,0x00,
  0x00,0x00,0x00,0x00,0x00,0x00,0x00,0x7b,0x00,0x00,0x00,0x0f,0x00,0x00,0x00,0x05,0x00,0x00,0x00,0x05,0x00,0x00,0x00,0x0c,
  0x00,0x00,0x00,0x00,0x00,0x00,0x00,0x00,0x00,0x00,0x00,0x7c,0x00,0x00,0x00,0x0f,0x00,0x00,0x00,0x04,0x00,0x00,0x00,0x04,
  0x00,0x00,0x00,0x0c,0x00,0x00,0x00,0x00,0x00,0x00,0x00,0x00,0x00,0x00,0x00,0x7d,0x00,0x00,0x00,0x0f,0x00,0x00,0x00,0x05,
  0x00,0x00,0x00,0x05,0x00,0x00,0x00,0x0c,0x00,0x00,0x00,0x00,0x00,0x00,0x00,0x00,0x00,0x00,0x00,0x7e,0x00,0x00,0x00,0x07,
  0x00,0x00,0x00,0x09,0x00,0x00,0x00,0x09,0x00,0x00,0x00,0x07,0x00,0x00,0x00,0x00,0x00,0x00,0x00,0x00,0x00,0x00,0x00,0xab,
  0x00,0x00,0x00,0x08,0x00,0x00,0x00,0x09,0x00,0x00,0x00,0x09,0x00,0x00,0x00,0x08,0x00,0x00,0x00,0x00,0x00,0x00,0x00,0x00,
  0x00,0x00,0x00,0xb7,0x00,0x00,0x00,0x06,0x00,0x00,0x00,0x05,0x00,0x00,0x00,0x05,0x00,0x00,0x00,0x06,0x00,0x00,0x00,0x00,
  0x00,0x00,0x00,0x00,0x00,0x00,0x00,0xbb,0x00,0x00,0x00,0x08,0x00,0x00,0x00,0x09,0x00,0x00,0x00,0x09,0x00,0x00,0x00,0x08,
  0x00,0x00,0x00,0x00,0x00,0x00,0x00,0x00,0x00,0x00,0x00,0xc0,0x00,0x00,0x00,0x0f,0x00,0x00,0x00,0x0c,0x00,0x00,0x00,0x0b,
  0x00,0x00,0x00,0x0f,0xff,0xff,0xff,0xff,0x00,0x00,0x00,0x00,0x00,0x00,0x00,0xc1,0x00,0x00,0x00,0x0f,0x00,0x00,0x00,0x0c,
  0x00,0x00,0x00,0x0b,0x00,0x00,0x00,0x0f,0xff,0xff,0xff,0xff,0x00,0x00,0x00,0x00,0x00,0x00,0x00,0xc2,0x00,0x00,0x00,0x0f,
  0x00,0x00,0x00,0x0c,0x00,0x00,0x00,0x0b,0x00,0x00,0x00,0x0f,0xff,0xff,0xff,0xff,0x00,0x00,0x00,0x00,0x00,0x00,0x00,0xc3,
  0x00,0x00,0x00,0x0f,0x00,0x00,0x00,0x0c,0x00,0x00,0x00,0x0b,0x00,0x00,0x00,0x0f,0xff,0xff,0xff,0xff,0x00,0x00,0x00,0x00,
  0x00,0x00,0x00,0xc4,0x00,0x00,0x00,0x0e,0x00,0x00,0x00,0x0c,0x00,0x00,0x00,0x0b,0x00,0x00,0x00,0x0e,0xff,0xff,0xff,0xff,
  0x00,0x00,0x00,0x00,0x00,0x00,0x00,0xc5,0x00,0x00,0x00,0x0e,0x00,0x00,0x00,0x0c,0x00,0x00,0x00,0x0b,0x00,0x00,0x00,0x0e,
  0xff,0xff,0xff,0xff,0x00,0x00,0x00,0x00,0x00,0x00,0x00,0xc6,0x00,0x00,0x00,0x0c,0x00,0x00,0x00,0x10,0x00,0x00,0x00,0x10,
  0x00,0x00,0x00,0x0c,0x00,0x00,0x00,0x00,0x00,0x00,0x00,0x00,0x00,0x00,0x00,0xc7,0x00,0x00,0x00,0x0f,0x00,0x00,0x00,0x0c,
  0x00,0x00,0x00,0x0c,0x00,0x00,0x00,0x0c,0x00,0x00,0x00,0x00,0x00,0x00,0x00,0x00,0x00,0x00,0x00,0xc8,0x00,0x00,0x00,0x0f,
  0x00,0x00,0x00,0x0b,0x00,0x00,0x00,0x0b,0x00,0x00,0x00,0x0f,0x00,0x00,0x00,0x00,0x00,0x00,0x00,0x00,0x00,0x00,0x00,0xc9,
  0x00,0x00,0x00,0x0f,0x00,0x00,0x00,0x0b,0x00,0x00,0x00,0x0b,0x00,0x00,0x00,0x0f,0x00,0x00,0x00,0x00,0x00,0x00,0x00,0x00,
  0x00,0x00,0x00,0xca,0x00,0x00,0x00,0x0f,0x00,0x00,0x00,0x0b,0x00,0x00,0x00,0x0b,0x00,0x00,0x00,0x0f,0x00,0x00,0x00,0x00,
  0x00,0x00,0x00,0x00,0x00,0x00,0x00,0xcb,0x00,0x00,0x00,0x0e,0x00,0x00,0x00,0x0b,0x00,0x00,0x00,0x0b,0x00,0x00,0x00,0x0e,
  0x00,0x00,0x00,0x00,0x00,0x00,0x00,0x00,0x00,0x00,0x00,0xcc,0x00,0x00,0x00,0x0f,0x00,0x00,0x00,0x04,0x00,0x00,0x00,0x04,
  0x00,0x00,0x00,0x0f,0x00,0x00,0x00,0x00,0x00,0x00,0x00,0x00,0x00,0x00,0x00,0xcd,0x00,0x00,0x00,0x0f,0x00,0x00,0x00,0x04,
  0x00,0x00,0x00,0x04,0x00,0x00,0x00,0x0f,0x00,0x00,0x00,0x00,0x00,0x00,0x00,0x00,0x00,0x00,0x00,0xce,0x00,0x00,0x00,0x0f,
  0x00,0x00,0x00,0x06,0x00,0x00,0x00,0x04,0x00,0x00,0x00,0x0f,0xff,0xff,0xff,0xff,0x00,0x00,0x00,0x00,0x00,0x00,0x00,0xcf,
  0x00,0x00,0x00,0x0e,0x00,0x00,0x00,0x05,0x00,0x00,0x00,0x04,0x00,0x00,0x00,0x0e,0x00,0x00,0x00,0x00,0x00,0x00,0x00,0x00,
  0x00,0x00,0x00,0xd0,0x00,0x00,0x00,0x0c,0x00,0x00,0x00,0x0d,0x00,0x00,0x00,0x0c,0x00,0x00,0x00,0x0c,0xff,0xff,0xff,0xff,
  0x00,0x00,0x00,0x00,0x00,0x00,0x00,0xd1,0x00,0x00,0x00,0x0f,0x00,0x00,0x00,0x0c,0x00,0x00,0x00,0x0c,0x00,0x00,0x00,0x0f,
  0x00,0x00,0x00,0x00,0x00,0x00,0x00,0x00,0x00,0x00,0x00,0xd2,0x00,0x00,0x00,0x0f,0x00,0x00,0x00,0x0c,0x00,0x00,0x00,0x0c,
  0x00,0x00,0x00,0x0f,0x00,0x00,0x00,0x00,0x00,0x00,0x00,0x00,0x00,0x00,0x00,0xd3,0x00,0x00,0x00,0x0f,0x00,0x00,0x00,0x0c,
  0x00,0x00,0x00,0x0c,0x00,0x00,0x00,0x0f,0x00,0x00,0x00,0x00,0x00,0x00,0x00,0x00,0x00,0x00,0x00,0xd4,0x00,0x00,0x00,0x0f,
  0x00,0x00,0x00,0x0c,0x00,0x00,0x00,0x0c,0x00,0x00,0x00,0x0f,0x00,0x00,0x00,0x00,0x00,0x00,0x00,0x00,0x00,0x00,0x00,0xd5,
  0x00,0x00,0x00,0x0f,0x00,0x00,0x00,0x0c,0x00,0x00,0x00,0x0c,0x00,0x00,0x00,0x0f,0x00,0x00,0x00,0x00,0x00,0x00,0x00,0x00,
  0x00,0x00,0x00,0xd6,0x00,0x00,0x00,0x0e,0x00,0x00,0x00,0x0c,0x00,0x00,0x00,0x0c,0x00,0x00,0x00,0x0e,0x00,0x00,0x00,0x00,
  0x00,0x00,0x00,0x00,0x00,0x00,0x00,0xd7,0x00,0x00,0x00,0x09,0x00,0x00,0x00,0x09,0x00,0x00,0x00,0x09,0x00,0x00,0x00,0x09,
  0x00,0x00,0x00,0x00,0x00,0x00,0x00,0x00,0x00,0x00,0x00,0xd8,0x00,0x00,0x00,0x0d,0x00,0x00,0x00,0x0c,0x00,0x00,0x00,0x0c,
  0x00,0x00,0x00,0x0c,0x00,0x00,0x00,0x00,0x00,0x00,0x00,0x00,0x00,0x00,0x00,0xd9,0x00,0x00,0x00,0x0f,0x00,0x00,0x00,0x0c,
  0x00,0x00,0x00,0x0c,0x00,0x00,0x00,0x0f,0x00,0x00,0x00,0x00,0x00,0x00,0x00,0x00,0x00,0x00,0x00,0xda,0x00,0x00,0x00,0x0f,
  0x00,0x00,0x00,0x0c,0x00,0x00,0x00,0x0c,0x00,0x00,0x00,0x0f,0x00,0x00,0x00,0x00,0x00,0x00,0x00,0x00,0x00,0x00,0x00,0xdb,
  0x00,0x00,0x00,0x0f,0x00,0x00,0x00,0x0c,0x00,0x00,0x00,0x0c,0x00,0x00,0x00,0x0f,0x00,0x00,0x00,0x00,0x00,0x00,0x00,0x00,
  0x00,0x00,0x00,0xdc,0x00,0x00,0x00,0x0e,0x00,0x00,0x00,0x0c,0x00,0x00,0x00,0x0c,0x00,0x00,0x00,0x0e,0x00,0x00,0x00,0x00,
  0x00,0x00,0x00,0x00,0x00,0x00,0x00,0xdd,0x00,0x00,0x00,0x0f,0x00,0x00,0x00,0x0b,0x00,0x00,0x00,0x0b,0x00,0x00,0x00,0x0f,
  0x00,0x00,0x00,0x00,0x00,0x00,0x00,0x00,0x00,0x00,0x00,0xde,0x00,0x00,0x00,0x0c,0x00,0x00,0x00,0x0b,0x00,0x00,0x00,0x0b,
  0x00,0x00,0x00,0x0c,0x00,0x00,0x00,0x00,0x00,0x00,0x00,0x00,0x00,0x00,0x00,0xdf,0x00,0x00,0x00,0x0c,0x00,0x00,0x00,0x0a,
  0x00,0x00,0x00,0x0a,0x00,0x00,0x00,0x0c,0x00,0x00,0x00,0x00,0x00,0x00,0x00,0x00,0x00,0x00,0x00,0xe0,0x00,0x00,0x00,0x0c,
  0x00,0x00,0x00,0x09,0x00,0x00,0x00,0x09,0x00,0x00,0x00,0x0c,0x00,0x00,0x00,0x00,0x00,0x00,0x00,0x00,0x00,0x00,0x00,0xe1,
  0x00,0x00,0x00,0x0c,0x00,0x00,0x00,0x09,0x00,0x00,0x00,0x09,0x00,0x00,0x00,0x0c,0x00,0x00,0x00,0x00,0x00,0x00,0x00,0x00,
  0x00,0x00,0x00,0xe2,0x00,0x00,0x00,0x0c,0x00,0x00,0x00,0x09,0x00,0x00,0x00,0x09,0x00,0x00,0x00,0x0c,0x00,0x00,0x00,0x00,
  0x00,0x00,0x00,0x00,0x00,0x00,0x00,0xe3,0x00,0x00,0x00,0x0c,0x00,0x00,0x00,0x09,0x00,0x00,0x00,0x09,0x00,0x00,0x00,0x0c,
  0x00,0x00,0x00,0x00,0x00,0x00,0x00,0x00,0x00,0x00,0x00,0xe4,0x00,0x00,0x00,0x0b,0x00,0x00,0x00,0x09,0x00,0x00,0x00,0x09,
  0x00,0x00,0x00,0x0b,0x00,0x00,0x00,0x00,0x00,0x00,0x00,0x00,0x00,0x00,0x00,0xe5,0x00,0x00,0x00,0x0d,0x00,0x00,0x00,0x09,
  0x00,0x00,0x00,0x09,0x00,0x00,0x00,0x0d,0x00,0x00,0x00,0x00,0x00,0x00,0x00,0x00,0x00,0x00,0x00,0xe6,0x00,0x00,0x00,0x09,
  0x00,0x00,0x00,0x0e,0x00,0x00,0x00,0x0e,0x00,0x00,0x00,0x09,0x00,0x00,0x00,0x00,0x00,0x00,0x00,0x00,0x00,0x00,0x00,0xe7,
  0x00,0x00,0x00,0x0c,0x00,0x00,0x00,0x08,0x00,0x00,0x00,0x08,0x00,0x00,0x00,0x09,0x00,0x00,0x00,0x00,0x00,0x00,0x00,0x00,
  0x00,0x00,0x00,0xe8,0x00,0x00,0x00,0x0c,0x00,0x00,0x00,0x09,0x00,0x00,0x00,0x09,0x00,0x00,0x00,0x0c,0x00,0x00,0x00,0x00,
  0x00,0x00,0x00,0x00,0x00,0x00,0x00,0xe9,0x00,0x00,0x00,0x0c,0x00,0x00,0x00,0x09,0x00,0x00,0x00,0x09,0x00,0x00,0x00,0x0c,
  0x00,0x00,0x00,0x00,0x00,0x00,0x00,0x00,0x00,0x00,0x00,0xea,0x00,0x00,0x00,0x0c,0x00,0x00,0x00,0x09,0x00,0x00,0x00,0x09,
  0x00,0x00,0x00,0x0c,0x00,0x00,0x00,0x00,0x00,0x00,0x00,0x00,0x00,0x00,0x00,0xeb,0x00,0x00,0x00,0x0b,0x00,0x00,0x00,0x09,
  0x00,0x00,0x00,0x09,0x00,0x00,0x00,0x0b,0x00,0x00,0x00,0x00,0x00,0x00,0x00,0x00,0x00,0x00,0x00,0xec,0x00,0x00,0x00,0x0c,
  0x00,0x00,0x00,0x04,0x00,0x00,0x00,0x04,0x00,0x00,0x00,0x0c,0x00,0x00,0x00,0x00,0x00,0x00,0x00,0x00,0x00,0x00,0x00,0xed,
  0x00,0x00,0x00,0x0c,0x00,0x00,0x00,0x05,0x00,0x00,0x00,0x04,0x00,0x00,0x00,0x0c,0x00,0x00,0x00,0x00,0x00,0x00,0x00,0x00,
  0x00,0x00,0x00,0xee,0x00,0x00,0x00,0x0c,0x00,0x00,0x00,0x06,0x00,0x00,0x00,0x04,0x00,0x00,0x00,0x0c,0xff,0xff,0xff,0xff,
  0x00,0x00,0x00,0x00,0x00,0x00,0x00,0xef,0x00,0x00,0x00,0x0b,0x00,0x00,0x00,0x05,0x00,0x00,0x00,0x04,0x00,0x00,0x00,0x0b,
  0x00,0x00,0x00,0x00,0x00,0x00,0x00,0x00,0x00,0x00,0x00,0xf0,0x00,0x00,0x00,0x0c,0x00,0x00,0x00,0x09,0x00,0x00,0x00,0x09,
  0x00,0x00,0x00,0x0c,0x00,0x00,0x00,0x00,0x00,0x00,0x00,0x00,0x00,0x00,0x00,0xf1,0x00,0x00,0x00,0x0c,0x00,0x00,0x00,0x09,
  0x00,0x00,0x00,0x09,0x00,0x00,0x00,0x0c,0x00,0x00,0x00,0x00,0x00,0x00,0x00,0x00,0x00,0x00,0x00,0xf2,0x00,0x00,0x00,0x0c,
  0x00,0x00,0x00,0x09,0x00,0x00,0x00,0x09,0x00,0x00,0x00,0x0c,0x00,0x00,0x00,0x00,0x00,0x00,0x00,0x00,0x00,0x00,0x00,0xf3,
  0x00,0x00,0x00,0x0c,0x00,0x00,0x00,0x09,0x00,0x00,0x00,0x09,0x00,0x00,0x00,0x0c,0x00,0x00,0x00,0x00,0x00,0x00,0x00,0x00,
  0x00,0x00,0x00,0xf4,0x00,0x00,0x00,0x0c,0x00,0x00,0x00,0x09,0x00,0x00,0x00,0x09,0x00,0x00,0x00,0x0c,0x00,0x00,0x00,0x00,
  0x00,0x00,0x00,0x00,0x00,0x00,0x00,0xf5,0x00,0x00,0x00,0x0c,0x00,0x00,0x00,0x09,0x00,0x00,0x00,0x09,0x00,0x00,0x00,0x0c,
  0x00,0x00,0x00,0x00,0x00,0x00,0x00,0x00,0x00,0x00,0x00,0xf6,0x00,0x00,0x00,0x0b,0x00,0x00,0x00,0x09,0x00,0x00,0x00,0x09,
  0x00,0x00,0x00,0x0b,0x00,0x00,0x00,0x00,0x00,0x00,0x00,0x00,0x00,0x00,0x00,0xf7,0x00,0x00,0x00,0x08,0x00,0x00,0x00,0x09,
  0x00,0x00,0x00,0x09,0x00,0x00,0x00,0x08,0x00,0x00,0x00,0x00,0x00,0x00,0x00,0x00,0x00,0x00,0x00,0xf8,0x00,0x00,0x00,0x09,
  0x00,0x00,0x00,0x0a,0x00,0x00,0x00,0x0a,0x00,0x00,0x00,0x09,0x00,0x00,0x00,0x00,0x00,0x00,0x00,0x00,0x00,0x00,0x00,0xf9,
  0x00,0x00,0x00,0x0c,0x00,0x00,0x00,0x09,0x00,0x00,0x00,0x09,0x00,0x00,0x00,0x0c,0x00,0x00,0x00,0x00,0x00,0x00,0x00,0x00,
  0x00,0x00,0x00,0xfa,0x00,0x00,0x00,0x0c,0x00,0x00,0x00,0x09,0x00,0x00,0x00,0x09,0x00,0x00,0x00,0x0c,0x00,0x00,0x00,0x00,
  0x00,0x00,0x00,0x00,0x00,0x00,0x00,0xfb,0x00,0x00,0x00,0x0c,0x00,0x00,0x00,0x09,0x00,0x00,0x00,0x09,0x00,0x00,0x00,0x0c,
  0x00,0x00,0x00,0x00,0x00,0x00,0x00,0x00,0x00,0x00,0x00,0xfc,0x00,0x00,0x00,0x0b,0x00,0x00,0x00,0x09,0x00,0x00,0x00,0x09,
  0x00,0x00,0x00,0x0b,0x00,0x00,0x00,0x00,0x00,0x00,0x00,0x00,0x00,0x00,0x00,0xfd,0x00,0x00,0x00,0x0f,0x00,0x00,0x00,0x08,
  0x00,0x00,0x00,0x08,0x00,0x00,0x00,0x0c,0x00,0x00,0x00,0x00,0x00,0x00,0x00,0x00,0x00,0x00,0x00,0xfe,0x00,0x00,0x00,0x0f,
  0x00,0x00,0x00,0x09,0x00,0x00,0x00,0x09,0x00,0x00,0x00,0x0c,0x00,0x00,0x00,0x00,0x00,0x00,0x00,0x00,0x00,0x00,0x00,0xff,
  0x00,0x00,0x00,0x0e,0x00,0x00,0x00,0x08,0x00,0x00,0x00,0x08,0x00,0x00,0x00,0x0b,0x00,0x00,0x00,0x00,0x00,0x00,0x00,0x00,
  0x00,0x00,0x04,0x01,0x00,0x00,0x00,0x0e,0x00,0x00,0x00,0x0b,0x00,0x00,0x00,0x0b,0x00,0x00,0x00,0x0e,0x00,0x00,0x00,0x00,
  0x00,0x00,0x00,0x00,0x00,0x00,0x04,0x10,0x00,0x00,0x00,0x0c,0x00,0x00,0x00,0x0c,0x00,0x00,0x00,0x0b,0x00,0x00,0x00,0x0c,
  0xff,0xff,0xff,0xff,0x00,0x00,0x00,0x00,0x00,0x00,0x04,0x11,0x00,0x00,0x00,0x0c,0x00,0x00,0x00,0x0b,0x00,0x00,0x00,0x0a,
  0x00,0x00,0x00,0x0c,0x00,0x00,0x00,0x00,0x00,0x00,0x00,0x00,0x00,0x00,0x04,0x12,0x00,0x00,0x00,0x0c,0x00,0x00,0x00,0x0b,
  0x00,0x00,0x00,0x0b,0x00,0x00,0x00,0x0c,0x00,0x00,0x00,0x00,0x00,0x00,0x00,0x00,0x00,0x00,0x04,0x13,0x00,0x00,0x00,0x0c,
  0x00,0x00,0x00,0x09,0x00,0x00,0x00,0x09,0x00,0x00,0x00,0x0c,0x00,0x00,0x00,0x00,0x00,0x00,0x00,0x00,0x00,0x00,0x04,0x14,
  0x00,0x00,0x00,0x0f,0x00,0x00,0x00,0x0b,0x00,0x00,0x00,0x0b,0x00,0x00,0x00,0x0c,0x00,0x00,0x00,0x00,0x00,0x00,0x00,0x00,
  0x00,0x00,0x04,0x15,0x00,0x00,0x00,0x0c,0x00,0x00,0x00,0x0b,0x00,0x00,0x00,0x0b,0x00,0x00,0x00,0x0c,0x00,0x00,0x00,0x00,
  0x00,0x00,0x00,0x00,0x00,0x00,0x04,0x16,0x00,0x00,0x00,0x0c,0x00,0x00,0x00,0x0f,0x00,0x00,0x00,0x0f,0x00,0x00,0x00,0x0c,
  0x00,0x00,0x00,0x00,0x00,0x00,0x00,0x00,0x00,0x00,0x04,0x17,0x00,0x00,0x00,0x0c,0x00,0x00,0x00,0x0a,0x00,0x00,0x00,0x0a,
  0x00,0x00,0x00,0x0c,0x00,0x00,0x00,0x00,0x00,0x00,0x00,0x00,0x00,0x00,0x04,0x18,0x00,0x00,0x00,0x0c,0x00,0x00,0x00,0x0c,
  0x00,0x00,0x00,0x0c,0x00,0x00,0x00,0x0c,0x00,0x00,0x00,0x00,0x00,0x00,0x00,0x00,0x00,0x00,0x04,0x19,0x00,0x00,0x00,0x0f,
  0x00,0x00,0x00,0x0c,0x00,0x00,0x00,0x0c,0x00,0x00,0x00,0x0f,0x00,0x00,0x00,0x00,0x00,0x00,0x00,0x00,0x00,0x00,0x04,0x1a,
  0x00,0x00,0x00,0x0c,0x00,0x00,0x00,0x0a,0x00,0x00,0x00,0x09,0x00,0x00,0x00,0x0c,0x00,0x00,0x00,0x00,0x00,0x00,0x00,0x00,
  0x00,0x00,0x04,0x1b,0x00,0x00,0x00,0x0c,0x00,0x00,0x00,0x0b,0x00,0x00,0x00,0x0a,0x00,0x00,0x00,0x0c,0x00,0x00,0x00,0x00,
  0x00,0x00,0x00,0x00,0x00,0x00,0x04,0x1c,0x00,0x00,0x00,0x0c,0x00,0x00,0x00,0x0d,0x00,0x00,0x00,0x0d,0x00,0x00,0x00,0x0c,
  0x00,0x00,0x00,0x00,0x00,0x00,0x00,0x00,0x00,0x00,0x04,0x1d,0x00,0x00,0x00,0x0c,0x00,0x00,0x00,0x0c,0x00,0x00,0x00,0x0c,
  0x00,0x00,0x00,0x0c,0x00,0x00,0x00,0x00,0x00,0x00,0x00,0x00,0x00,0x00,0x04,0x1e,0x00,0x00,0x00,0x0c,0x00,0x00,0x00,0x0c,
  0x00,0x00,0x00,0x0c,0x00,0x00,0x00,0x0c,0x00,0x00,0x00,0x00,0x00,0x00,0x00,0x00,0x00,0x00,0x04,0x1f,0x00,0x00,0x00,0x0c,
  0x00,0x00,0x00,0x0c,0x00,0x00,0x00,0x0c,0x00,0x00,0x00,0x0c,0x00,0x00,0x00,0x00,0x00,0x00,0x00,0x00,0x00,0x00,0x04,0x20,
  0x00,0x00,0x00,0x0c,0x00,0x00,0x00,0x0b,0x00,0x00,0x00,0x0b,0x00,0x00,0x00,0x0c,0x00,0x00,0x00,0x00,0x00,0x00,0x00,0x00,
  0x00,0x00,0x04,0x21,0x00,0x00,0x00,0x0c,0x00,0x00,0x00,0x0c,0x00,0x00,0x00,0x0c,0x00,0x00,0x00,0x0c,0x00,0x00,0x00,0x00,
  0x00,0x00,0x00,0x00,0x00,0x00,0x04,0x22,0x00,0x00,0x00,0x0c,0x00,0x00,0x00,0x0a,0x00,0x00,0x00,0x0a,0x00,0x00,0x00,0x0c,
  0x00,0x00,0x00,0x00,0x00,0x00,0x00,0x00,0x00,0x00,0x04,0x23,0x00,0x00,0x00,0x0c,0x00,0x00,0x00,0x0b,0x00,0x00,0x00,0x0a,
  0x00,0x00,0x00,0x0c,0x00,0x00,0x00,0x00,0x00,0x00,0x00,0x00,0x00,0x00,0x04,0x24,0x00,0x00,0x00,0x0c,0x00,0x00,0x00,0x0c,
  0x00,0x00,0x00,0x0c,0x00,0x00,0x00,0x0c,0x00,0x00,0x00,0x00,0x00,0x00,0x00,0x00,0x00,0x00,0x04,0x25,0x00,0x00,0x00,0x0c,
  0x00,0x00,0x00,0x0b,0x00,0x00,0x00,0x0b,0x00,0x00,0x00,0x0c,0x00,0x00,0x00,0x00,0x00,0x00,0x00,0x00,0x00,0x00,0x04,0x26,
  0x00,0x00,0x00,0x0f,0x00,0x00,0x00,0x0c,0x00,0x00,0x00,0x0c,0x00,0x00,0x00,0x0c,0x00,0x00,0x00,0x00,0x00,0x00,0x00,0x00,
  0x00,0x00,0x04,0x27,0x00,0x00,0x00,0x0c,0x00,0x00,0x00,0x0b,0x00,0x00,0x00,0x0b,0x00,0x00,0x00,0x0c,0x00,0x00,0x00,0x00,
  0x00,0x00,0x00,0x00,0x00,0x00,0x04,0x28,0x00,0x00,0x00,0x0c,0x00,0x00,0x00,0x0f,0x00,0x00,0x00,0x0f,0x00,0x00,0x00,0x0c,
  0x00,0x00,0x00,0x00,0x00,0x00,0x00,0x00,0x00,0x00,0x04,0x29,0x00,0x00,0x00,0x0f,0x00,0x00,0x00,0x0f,0x00,0x00,0x00,0x0f,
  0x00,0x00,0x00,0x0c,0x00,0x00,0x00,0x00,0x00,0x00,0x00,0x00,0x00,0x00,0x04,0x2a,0x00,0x00,0x00,0x0c,0x00,0x00,0x00,0x0d,
  0x00,0x00,0x00,0x0d,0x00,0x00,0x00,0x0c,0x00,0x00,0x00,0x00,0x00,0x00,0x00,0x00,0x00,0x00,0x04,0x2b,0x00,0x00,0x00,0x0c,
  0x00,0x00,0x00,0x0e,0x00,0x00,0x00,0x0e,0x00,0x00,0x00,0x0c,0x00,0x00,0x00,0x00,0x00,0x00,0x00,0x00,0x00,0x00,0x04,0x2c,
  0x00,0x00,0x00,0x0c,0x00,0x00,0x00,0x0b,0x00,0x00,0x00,0x0a,0x00,0x00,0x00,0x0c,0x00,0x00,0x00,0x00,0x00,0x00,0x00,0x00,
  0x00,0x00,0x04,0x2d,0x00,0x00,0x00,0x0c,0x00,0x00,0x00,0x0c,0x00,0x00,0x00,0x0c,0x00,0x00,0x00,0x0c,0x00,0x00,0x00,0x00,
  0x00,0x00,0x00,0x00,0x00,0x00,0x04,0x2e,0x00,0x00,0x00,0x0c,0x00,0x00,0x00,0x10,0x00,0x00,0x00,0x10,0x00,0x00,0x00,0x0c,
  0x00,0x00,0x00,0x00,0x00,0x00,0x00,0x00,0x00,0x00,0x04,0x2f,0x00,0x00,0x00,0x0c,0x00,0x00,0x00,0x0c,0x00,0x00,0x00,0x0c,
  0x00,0x00,0x00,0x0c,0x00,0x00,0x00,0x00,0x00,0x00,0x00,0x00,0x00,0x00,0x04,0x30,0x00,0x00,0x00,0x09,0x00,0x00,0x00,0x09,
  0x00,0x00,0x00,0x09,0x00,0x00,0x00,0x09,0x00,0x00,0x00,0x00,0x00,0x00,0x00,0x00,0x00,0x00,0x04,0x31,0x00,0x00,0x00,0x0c,
  0x00,0x00,0x00,0x09,0x00,0x00,0x00,0x09,0x00,0x00,0x00,0x0c,0x00,0x00,0x00,0x00,0x00,0x00,0x00,0x00,0x00,0x00,0x04,0x32,
  0x00,0x00,0x00,0x09,0x00,0x00,0x00,0x09,0x00,0x00,0x00,0x08,0x00,0x00,0x00,0x09,0x00,0x00,0x00,0x00,0x00,0x00,0x00,0x00,
  0x00,0x00,0x04,0x33,0x00,0x00,0x00,0x09,0x00,0x00,0x00,0x06,0x00,0x00,0x00,0x06,0x00,0x00,0x00,0x09,0x00,0x00,0x00,0x00,
  0x00,0x00,0x00,0x00,0x00,0x00,0x04,0x34,0x00,0x00,0x00,0x0b,0x00,0x00,0x00,0x09,0x00,0x00,0x00,0x09,0x00,0x00,0x00,0x09,
  0x00,0x00,0x00,0x00,0x00,0x00,0x00,0x00,0x00,0x00,0x04,0x35,0x00,0x00,0x00,0x09,0x00,0x00,0x00,0x09,0x00,0x00,0x00,0x09,
  0x00,0x00,0x00,0x09,0x00,0x00,0x00,0x00,0x00,0x00,0x00,0x00,0x00,0x00,0x04,0x36,0x00,0x00,0x00,0x09,0x00,0x00,0x00,0x0c,
  0x00,0x00,0x00,0x0b,0x00,0x00,0x00,0x09,0xff,0xff,0xff,0xff,0x00,0x00,0x00,0x00,0x00,0x00,0x04,0x37,0x00,0x00,0x00,0x09,
  0x00,0x00,0x00,0x07,0x00,0x00,0x00,0x07,0x00,0x00,0x00,0x09,0x00,0x00,0x00,0x00,0x00,0x00,0x00,0x00,0x00,0x00,0x04,0x38,
  0x00,0x00,0x00,0x09,0x00,0x00,0x00,0x09,0x00,0x00,0x00,0x09,0x00,0x00,0x00,0x09,0x00,0x00,0x00,0x00,0x00,0x00,0x00,0x00,
  0x00,0x00,0x04,0x39,0x00,0x00,0x00,0x0c,0x00,0x00,0x00,0x09,0x00,0x00,0x00,0x09,0x00,0x00,0x00,0x0c,0x00,0x00,0x00,0x00,
  0x00,0x00,0x00,0x00,0x00,0x00,0x04,0x3a,0x00,0x00,0x00,0x09,0x00,0x00,0x00,0x08,0x00,0x00,0x00,0x07,0x00,0x00,0x00,0x09,
  0x00,0x00,0x00,0x00,0x00,0x00,0x00,0x00,0x00,0x00,0x04,0x3b,0x00,0x00,0x00,0x09,0x00,0x00,0x00,0x09,0x00,0x00,0x00,0x09,
  0x00,0x00,0x00,0x09,0x00,0x00,0x00,0x00,0x00,0x00,0x00,0x00,0x00,0x00,0x04,0x3c,0x00,0x00,0x00,0x09,0x00,0x00,0x00,0x0b,
  0x00,0x00,0x00,0x0b,0x00,0x00,0x00,0x09,0x00,0x00,0x00,0x00,0x00,0x00,0x00,0x00,0x00,0x00,0x04,0x3d,0x00,0x00,0x00,0x09,
  0x00,0x00,0x00,0x09,0x00,0x00,0x00,0x09,0x00,0x00,0x00,0x09,0x00,0x00,0x00,0x00,0x00,0x00,0x00,0x00,0x00,0x00,0x04,0x3e,
  0x00,0x00,0x00,0x09,0x00,0x00,0x00,0x09,0x00,0x00,0x00,0x09,0x00,0x00,0x00,0x09,0x00,0x00,0x00,0x00,0x00,0x00,0x00,0x00,
  0x00,0x00,0x04,0x3f,0x00,0x00,0x00,0x09,0x00,0x00,0x00,0x09,0x00,0x00,0x00,0x09,0x00,0x00,0x00,0x09,0x00,0x00,0x00,0x00,
  0x00,0x00,0x00,0x00,0x00,0x00,0x04,0x40,0x00,0x00,0x00,0x0c,0x00,0x00,0x00,0x09,0x00,0x00,0x00,0x09,0x00,0x00,0x00,0x09,
  0x00,0x00,0x00,0x00,0x00,0x00,0x00,0x00,0x00,0x00,0x04,0x41,0x00,0x00,0x00,0x09,0x00,0x00,0x00,0x08,0x00,0x00,0x00,0x08,
  0x00,0x00,0x00,0x09,0x00,0x00,0x00,0x00,0x00,0x00,0x00,0x00,0x00,0x00,0x04,0x42,0x00,0x00,0x00,0x09,0x00,0x00,0x00,0x08,
  0x00,0x00,0x00,0x07,0x00,0x00,0x00,0x09,0x00,0x00,0x00,0x00,0x00,0x00,0x00,0x00,0x00,0x00,0x04,0x43,0x00,0x00,0x00,0x0c,
  0x00,0x00,0x00,0x08,0x00,0x00,0x00,0x08,0x00,0x00,0x00,0x09,0x00,0x00,0x00,0x00,0x00,0x00,0x00,0x00,0x00,0x00,0x04,0x44,
  0x00,0x00,0x00,0x0f,0x00,0x00,0x00,0x0d,0x00,0x00,0x00,0x0d,0x00,0x00,0x00,0x0c,0x00,0x00,0x00,0x00,0x00,0x00,0x00,0x00,
  0x00,0x00,0x04,0x45,0x00,0x00,0x00,0x09,0x00,0x00,0x00,0x08,0x00,0x00,0x00,0x08,0x00,0x00,0x00,0x09,0x00,0x00,0x00,0x00,
  0x00,0x00,0x00,0x00,0x00,0x00,0x04,0x46,0x00,0x00,0x00,0x0c,0x00,0x00,0x00,0x09,0x00,0x00,0x00,0x09,0x00,0x00,0x00,0x09,
  0x00,0x00,0x00,0x00,0x00,0x00,0x00,0x00,0x00,0x00,0x04,0x47,0x00,0x00,0x00,0x09,0x00,0x00,0x00,0x08,0x00,0x00,0x00,0x08,
  0x00,0x00,0x00,0x09,0x00,0x00,0x00,0x00,0x00,0x00,0x00,0x00,0x00,0x00,0x04,0x48,0x00,0x00,0x00,0x09,0x00,0x00,0x00,0x0d,
  0x00,0x00,0x00,0x0d,0x00,0x00,0x00,0x09,0x00,0x00,0x00,0x00,0x00,0x00,0x00,0x00,0x00,0x00,0x04,0x49,0x00,0x00,0x00,0x0c,
  0x00,0x00,0x00,0x0d,0x00,0x00,0x00,0x0d,0x00,0x00,0x00,0x09,0x00,0x00,0x00,0x00,0x00,0x00,0x00,0x00,0x00,0x00,0x04,0x4a,
  0x00,0x00,0x00,0x09,0x00,0x00,0x00,0x0a,0x00,0x00,0x00,0x0a,0x00,0x00,0x00,0x09,0x00,0x00,0x00,0x00,0x00,0x00,0x00,0x00,
  0x00,0x00,0x04,0x4b,0x00,0x00,0x00,0x09,0x00,0x00,0x00,0x0c,0x00,0x00,0x00,0x0c,0x00,0x00,0x00,0x09,0x00,0x00,0x00,0x00,
  0x00,0x00,0x00,0x00,0x00,0x00,0x04,0x4c,0x00,0x00,0x00,0x09,0x00,0x00,0x00,0x08,0x00,0x00,0x00,0x08,0x00,0x00,0x00,0x09,
  0x00,0x00,0x00,0x00,0x00,0x00,0x00,0x00,0x00,0x00,0x04,0x4d,0x00,0x00,0x00,0x0a,0x00,0x00,0x00,0x08,0x00,0x00,0x00,0x08,
  0x00,0x00,0x00,0x09,0x00,0x00,0x00,0x00,0x00,0x00,0x00,0x00,0x00,0x00,0x04,0x4e,0x00,0x00,0x00,0x09,0x00,0x00,0x00,0x0c,
  0x00,0x00,0x00,0x0c,0x00,0x00,0x00,0x09,0x00,0x00,0x00,0x00,0x00,0x00,0x00,0x00,0x00,0x00,0x04,0x4f,0x00,0x00,0x00,0x09,
  0x00,0x00,0x00,0x09,0x00,0x00,0x00,0x09,0x00,0x00,0x00,0x09,0x00,0x00,0x00,0x00,0x00,0x00,0x00,0x00,0x00,0x00,0x04,0x51,
  0x00,0x00,0x00,0x0b,0x00,0x00,0x00,0x09,0x00,0x00,0x00,0x09,0x00,0x00,0x00,0x0b,0x00,0x00,0x00,0x00,0x00,0x00,0x00,0x00,
  0x00,0x00,0x20,0x13,0x00,0x00,0x00,0x05,0x00,0x00,0x00,0x0a,0x00,0x00,0x00,0x09,0x00,0x00,0x00,0x05,0xff,0xff,0xff,0xff,
  0x00,0x00,0x00,0x00,0x00,0x00,0x20,0x14,0x00,0x00,0x00,0x05,0x00,0x00,0x00,0x10,0x00,0x00,0x00,0x10,0x00,0x00,0x00,0x05,
  0x00,0x00,0x00,0x00,0x00,0x00,0x00,0x00,0x00,0x00,0x20,0x26,0x00,0x00,0x00,0x01,0x00,0x00,0x00,0x10,0x00,0x00,0x00,0x10,
  0x00,0x00,0x00,0x01,0x00,0x00,0x00,0x00,0x00,0x00,0x00,0x00,0x00,0x00,0x20,0x39,0x00,0x00,0x00,0x08,0x00,0x00,0x00,0x05,
  0x00,0x00,0x00,0x05,0x00,0x00,0x00,0x08,0x00,0x00,0x00,0x00,0x00,0x00,0x00,0x00,0x00,0x00,0x20,0x3a,0x00,0x00,0x00,0x08,
  0x00,0x00,0x00,0x05,0x00,0x00,0x00,0x05,0x00,0x00,0x00,0x08,0x00,0x00,0x00,0x00,0x00,0x00,0x00,0x00,0x00,0x00,0x21,0x90,
  0x00,0x00,0x00,0x07,0x00,0x00,0x00,0x10,0x00,0x00,0x00,0x10,0x00,0x00,0x00,0x07,0x00,0x00,0x00,0x00,0x00,0x00,0x00,0x00,
  0x00,0x00,0x21,0x92,0x00,0x00,0x00,0x07,0x00,0x00,0x00,0x10,0x00,0x00,0x00,0x10,0x00,0x00,0x00,0x07,0x00,0x00,0x00,0x00,
  0x00,0x00,0x00,0x00,0x00,0xa0,0xff,0x20,0x00,0xa0,0xff,0x20,0x00,0xa0,0xff,0x1f,0x00,0x98,0xff,0x17,0x00,0x88,0xff,0x08,
  0x00,0x78,0xfa,0x00,0x00,0x68,0xeb,0x00,0x00,0x58,0xdc,0x00,0x00,0x48,0xcd,0x00,0x00,0x38,0xbf,0x00,0x00,0x00,0x00,0x00,
  0x00,0x90,0xff,0x10,0x44,0xff,0x58,0xac,0xf0,0x00,0x43,0xff,0x57,0xab,0xef,0x00,0x26,0xff,0x3b,0x8e,0xd2,0x00,0x02,0xf4,
  0x11,0x5f,0xa6,0x00,0x00,0x00,0x00,0x00,0x00,0x00,0x00,0x00,0x00,0x00,0x00,0x00,0x00,0x00,0x00,0x00,0x00,0x00,0x00,0x00,
  0x00,0x00,0x00,0x00,0x00,0x00,0x00,0x00,0x00,0x00,0x00,0x00,0x00,0x00,0x00,0x00,0x00,0x00,0x00,0x00,0x00,0x00,0x00,0x00,
  0x00,0x00,0x00,0x00,0x00,0x00,0x00,0xe2,0x49,0x00,0x42,0xed,0x00,0x00,0x00,0x15,0xff,0x17,0x00,0x75,0xb9,0x00,0x00,0x00,
  0x48,0xe3,0x00,0x00,0xa8,0x85,0x00,0x00,0x00,0x7b,0xb1,0x00,0x00,0xdb,0x51,0x00,0xd4,0xff,0xff,0xff,0xff,0xff,0xff,0xff,
  0xb4,0x00,0x00,0xe3,0x49,0x00,0x43,0xea,0x00,0x00,0x00,0x16,0xff,0x15,0x00,0x77,0xb7,0x00,0x00,0x00,0x4a,0xe1,0x00,0x00,
  0xaa,0x85,0x00,0x00,0xd4,0xff,0xff,0xff,0xff,0xff,0xff,0xff,0xb4,0x00,0xaf,0x7d,0x00,0x0f,0xfe,0x1d,0x00,0x00,0x00,0xe3,
  0x49,0x00,0x43,0xe9,0x00,0x00,0x00,0x16,0xff,0x15,0x00,0x76,0xb5,0x00,0x00,0x00,0x00,0x00,0x00,0x04,0xd0,0x00,0x00,0x00,
  0x00,0x00,0x0f,0x94,0xe5,0xfe,0xd6,0x60,0x00,0x00,0x00,0xb3,0xe0,0x35,0xd1,0x59,0xfd,0x4f,0x00,0x18,0xff,0x5e,0x04,0xd0,
  0x00,0xb5,0xba,0x00,0x27,0xff,0x42,0x04,0xd0,0x00,0x00,0x00,0x00,0x04,0xe5,0x90,0x04,0xd0,0x00,0x00,0x00,0x00,0x00,0x3b,
  0xe4,0xc7,0xe9,0x72,0x23,0x00,0x00,0x00,0x00,0x06,0x4d,0xe8,0xaa,0xf4,0x4f,0x00,0x00,0x00,0x00,0x04,0xd0,0x00,0x86,0xe8,
  0x01,0x00,0x00,0x00,0x04,0xd0,0x00,0x54,0xff,0x1b,0x52,0xff,0x23,0x04,0xd0,0x00,0x7f,0xf8,0x04,0x09,0xdf,0xc0,0x26,0xd1,
  0x48,0xf0,0x88,0x00,0x00,0x20,0xa8,0xeb,0xff,0xdb,0x79,0x03,0x00,0x00,0x00,0x00,0x04,0xd0,0x00,0x00,0x00,0x00,0x00,0x27,
  0xcb,0xf1,0xa7,0x0c,0x00,0x00,0x00,0x9b,0x88,0x00,0x00,0x00,0x00,0xc2,0x8d,0x11,0xc3,0x84,0x00,0x00,0x25,0xec,0x12,0x00,
  0x00,0x00,0x04,0xfc,0x34,0x00,0x6f,0xc2,0x00,0x00,0xa7,0x7e,0x00,0x00,0x00,0x00,0x02,0xfa,0x32,0x00,0x71,0xc1,0x00,0x2d,
  0xe9,0x0d,0x00,0x00,0x00,0x00,0x00,0xc1,0x8c,0x10,0xc3,0x80,0x00,0xb2,0x73,0x00,0x00,0x00,0x00,0x00,0x00,0x27,0xc8,0xf2,
  0xa4,0x0a,0x37,0xe4,0x09,0x00,0x00,0x00,0x00,0x00,0x00,0x00,0x00,0x00,0x00,0x00,0xbd,0x68,0x03,0x93,0xee,0xd7,0x40,0x00,
  0x00,0x00,0x00,0x00,0x00,0x42,0xde,0x05,0x5a,0xe0,0x1a,0x66,0xe8,0x08,0x00,0x00,0x00,0x00,0x00,0xc8,0x5e,0x00,0x99,0x9c,
  0x00,0x07,0xff,0x2e,0x00,0x00,0x00,0x00,0x4e,0xd6,0x02,0x00,0x95,0x9a,0x00,0x08,0xff,0x2d,0x00,0x00,0x00,0x01,0xd1,0x53,
  0x00,0x00,0x58,0xdf,0x1a,0x64,0xe5,0x07,0x00,0x00,0x00,0x59,0xcd,0x01,0x00,0x00,0x02,0x91,0xef,0xd5,0x3b,0x00,0x00,0x00,
  0x06,0x8e,0xe9,0xe6,0x78,0x00,0x00,0x00,0x00,0x00,0x00,0x83,0xe7,0x24,0x44,0xfe,0x52,0x00,0x00,0x00,0x00,0x00,0xd0,0x9e,
  0x00,0x00,0xd6,0x96,0x00,0x00,0x00,0x00,0x00,0xb4,0xcd,0x00,0x03,0xeb,0x78,0x00,0x00,0x00,0x00,0x00,0x41,0xfe,0x56,0x91,
  0xdb,0x10,0x00,0x00,0x00,0x00,0x00,0x19,0xd6,0xfc,0xc9,0x17,0x00,0x00,0x00,0x00,0x00,0x40,0xf1,0xc3,0xbb,0xee,0x22,0x00,
  0x22,0x00,0x00,0x0d,0xeb,0xb7,0x04,0x10,0xda,0xd0,0x36,0xff,0x5f,0x00,0x42,0xff,0x43,0x00,0x00,0x2a,0xf2,0xed,0xf0,0x11,
  0x00,0x2a,0xff,0x62,0x00,0x00,0x00,0x7b,0xff,0xbc,0x01,0x00,0x00,0xae,0xe4,0x3a,0x0b,0x5c,0xf0,0xbd,0xfe,0xa6,0x0a,0x00,
  0x0a,0x91,0xe8,0xf9,0xcf,0x5f,0x00,0x59,0xbc,0x0c,0x4c,0xff,0x50,0x4b,0xff,0x4f,0x32,0xff,0x34,0x08,0xfa,0x09,0x00,0x00,
  0x00,0x00,0x00,0x00,0x00,0x00,0x00,0x00,0x00,0x00,0x00,0x00,0x00,0x00,0x00,0x00,0x00,0x00,0x00,0x00,0x00,0x00,0x00,0x00,
  0x00,0x94,0x77,0x00,0x00,0x3b,0xe0,0x08,0x00,0x00,0xc6,0x71,0x00,0x00,0x39,0xfe,0x1c,0x00,0x00,0x92,0xc9,0x00,0x00,0x00,
  0xd2,0x97,0x00,0x00,0x00,0xf3,0x7a,0x00,0x00,0x02,0xff,0x70,0x00,0x00,0x00,0xef,0x7f,0x00,0x00,0x00,0xd1,0x9b,0x00,0x00,
  0x00,0x8d,0xd4,0x00,0x00,0x00,0x3c,0xfe,0x1c,0x00,0x00,0x00,0xc6,0x7c,0x00,0x00,0x00,0x41,0xe4,0x09,0x00,0x00,0x00,0x97,
  0x7a,0x00,0xbf,0x4e,0x00,0x00,0x00,0x33,0xe4,0x10,0x00,0x00,0x00,0xba,0x81,0x00,0x00,0x00,0x64,0xeb,0x09,0x00,0x00,0x14,
  0xfe,0x4c,0x00,0x00,0x00,0xdf,0x8b,0x00,0x00,0x00,0xbf,0xaa,0x00,0x00,0x00,0xb4,0xb9,0x00,0x00,0x00,0xc5,0xa6,0x00,0x00,
  0x00,0xe0,0x88,0x00,0x00,0x19,0xff,0x42,0x00,0x00,0x60,0xeb,0x04,0x00,0x00,0xc4,0x7c,0x00,0x00,0x37,0xe8,0x0f,0x00,0x00,
  0xc2,0x51,0x00,0x00,0x00,0x00,0x74,0x9a,0x00,0x00,0x4e,0xc2,0xa8,0xb6,0xad,0x75,0x08,0x45,0xde,0xf1,0x52,0x0f,0x00,0x59,
  0xd6,0xb6,0x85,0x00,0x00,0x81,0x54,0x2d,0xaa,0x01,0x00,0x00,0x00,0x00,0x00,0x00,0x00,0x00,0x00,0x00,0x00,0x00,0x00,0x00,
  0x00,0x00,0x00,0x00,0x00,0x00,0x00,0x00,0x00,0x00,0x00,0x00,0x00,0x00,0x00,0x00,0x00,0x00,0x00,0x00,0x00,0x00,0x00,0x00,
  0x00,0x00,0x00,0x00,0x00,0x00,0x00,0x00,0xfc,0x58,0x00,0x00,0x00,0x00,0x00,0x00,0x00,0xfc,0x58,0x00,0x00,0x00,0x00,0x00,
  0x00,0x00,0xfc,0x58,0x00,0x00,0x00,0x1c,0xff,0xff,0xff,0xff,0xff,0xff,0xff,0x74,0x00,0x00,0x00,0x00,0xfc,0x58,0x00,0x00,
  0x00,0x00,0x00,0x00,0x00,0xfc,0x58,0x00,0x00,0x00,0x00,0x00,0x00,0x00,0xfc,0x58,0x00,0x00,0x00,0x00,0x00,0x00,0x00,0x00,
  0x00,0x00,0x00,0x00,0x00,0x00,0x00,0x00,0x00,0x00,0x00,0x00,0x00,0x00,0x94,0xff,0x08,0x00,0x00,0xd2,0x01,0x00,0x3c,0xd0,
  0x00,0x00,0x72,0x4a,0x00,0x7c,0xff,0xff,0xff,0xd4,0x00,0x00,0x00,0x00,0x00,0x00,0x00,0x00,0x00,0x00,0x00,0x00,0x00,0x00,
  0x00,0x00,0x8c,0xff,0x10,0x00,0x00,0x00,0xd0,0x50,0x00,0x00,0x18,0xfa,0x0e,0x00,0x00,0x5e,0xc2,0x00,0x00,0x00,0xa5,0x7c,
  0x00,0x00,0x01,0xea,0x35,0x00,0x00,0x33,0xec,0x02,0x00,0x00,0x7a,0xa8,0x00,0x00,0x00,0xc1,0x61,0x00,0x00,0x0d,0xfa,0x1b,
  0x00,0x00,0x4f,0xd4,0x00,0x00,0x00,0x96,0x8d,0x00,0x00,0x00,0xdd,0x47,0x00,0x00,0x00,0x00,0x00,0x60,0xd9,0xf7,0xcc,0x42,
  0x00,0x00,0x00,0x52,0xf6,0x52,0x12,0x7e,0xf7,0x2c,0x00,0x00,0xd2,0x90,0x00,0x00,0x00,0xc1,0xa2,0x00,0x17,0xff,0x4d,0x00,
  0x00,0x00,0x7e,0xea,0x00,0x3e,0xff,0x2c,0x00,0x00,0x00,0x60,0xff,0x10,0x4d,0xff,0x1f,0x00,0x00,0x00,0x54,0xff,0x1e,0x4f,
  0xff,0x1f,0x00,0x00,0x00,0x55,0xff,0x1c,0x3f,0xff,0x2a,0x00,0x00,0x00,0x60,0xff,0x0d,0x19,0xff,0x48,0x00,0x00,0x00,0x7e,
  0xe6,0x00,0x00,0xd4,0x8b,0x00,0x00,0x00,0xc1,0xa1,0x00,0x00,0x58,0xf7,0x57,0x12,0x7d,0xf6,0x2b,0x00,0x00,0x00,0x67,0xde,
  0xf7,0xcc,0x42,0x00,0x00,0x00,0x00,0x00,0x00,0x41,0xf7,0x00,0x00,0x00,0x00,0x00,0x00,0x30,0xec,0xf8,0x00,0x00,0x00,0x00,
  0x04,0x6e,0xf5,0xee,0xf8,0x00,0x00,0x00,0x00,0x40,0xf4,0x7c,0x73,0xf8,0x00,0x00,0x00,0x00,0x17,0x16,0x00,0x70,0xf8,0x00,
  0x00,0x00,0x00,0x00,0x00,0x00,0x70,0xf8,0x00,0x00,0x00,0x00,0x00,0x00,0x00,0x70,0xf8,0x00,0x00,0x00,0x00,0x00,0x00,0x00,
  0x70,0xf8,0x00,0x00,0x00,0x00,0x00,0x00,0x00,0x70,0xf8,0x00,0x00,0x00,0x00,0x00,0x00,0x00,0x70,0xf8,0x00,0x00,0x00,0x00,
  0x00,0x00,0x00,0x70,0xf8,0x00,0x00,0x00,0x00,0x00,0x00,0x00,0x70,0xf8,0x00,0x00,0x00,0x00,0x0e,0x8c,0xdf,0xf6,0xd3,0x64,
  0x00,0x00,0x00,0xb3,0xd2,0x31,0x0b,0x55,0xf7,0x6b,0x00,0x1c,0xff,0x4d,0x00,0x00,0x00,0x93,0xe1,0x00,0x00,0x00,0x00,0x00,
  0x00,0x00,0x75,0xff,0x04,0x00,0x00,0x00,0x00,0x00,0x00,0xb4,0xdc,0x00,0x00,0x00,0x00,0x00,0x00,0x40,0xff,0x67,0x00,0x00,
  0x00,0x00,0x00,0x21,0xe9,0xaa,0x01,0x00,0x00,0x00,0x00,0x19,0xdb,0xb4,0x06,0x00,0x00,0x00,0x00,0x19,0xd7,0xad,0x06,0x00,
  0x00,0x00,0x00,0x1b,0xd9,0xa7,0x04,0x00,0x00,0x00,0x00,0x0b,0xd6,0xc6,0x04,0x00,0x00,0x00,0x00,0x00,0x66,0xff,0xff,0xff,
  0xff,0xff,0xff,0xff,0x10,0x00,0x05,0x80,0xe0,0xf6,0xc5,0x3e,0x00,0x00,0x00,0x8f,0xde,0x32,0x0d,0x83,0xf7,0x29,0x00,0x0d,
  0xf7,0x5d,0x00,0x00,0x01,0xe8,0x87,0x00,0x00,0x00,0x00,0x00,0x00,0x02,0xef,0x87,0x00,0x00,0x00,0x00,0x00,0x18,0x9a,0xef,
  0x23,0x00,0x00,0x00,0x00,0x72,0xe3,0xfe,0x8e,0x05,0x00,0x00,0x00,0x00,0x00,0x00,0x2d,0xea,0xa1,0x00,0x00,0x00,0x00,0x00,
  0x00,0x00,0x78,0xfe,0x10,0x00,0x00,0x00,0x00,0x00,0x00,0x5c,0xff,0x24,0x2f,0xff,0x42,0x00,0x00,0x00,0x97,0xee,0x05,0x00,
  0xb8,0xd5,0x2e,0x0e,0x67,0xfb,0x69,0x00,0x00,0x0d,0x8d,0xe1,0xf9,0xd2,0x5a,0x00,0x00,0x00,0x00,0x00,0x00,0x09,0xda,0x94,
  0x00,0x00,0x00,0x00,0x00,0x00,0x8c,0xff,0x94,0x00,0x00,0x00,0x00,0x00,0x36,0xf8,0xf0,0x94,0x00,0x00,0x00,0x00,0x06,0xd4,
  0x87,0xd4,0x94,0x00,0x00,0x00,0x00,0x82,0xd8,0x08,0xd4,0x94,0x00,0x00,0x00,0x2f,0xf8,0x3b,0x00,0xd4,0x94,0x00,0x00,0x03,
  0xcc,0x92,0x00,0x00,0xd4,0x94,0x00,0x00,0x78,0xdf,0x0b,0x00,0x00,0xd4,0x94,0x00,0x00,0xcc,0xff,0xff,0xff,0xff,0xff,0xff,
  0xff,0x20,0x00,0x00,0x00,0x00,0x00,0xd4,0x94,0x00,0x00,0x00,0x00,0x00,0x00,0x00,0xd4,0x94,0x00,0x00,0x00,0x00,0x00,0x00,
  0x00,0xd4,0x94,0x00,0x00,0x00,0x10,0xff,0xff,0xff,0xff,0xff,0xb8,0x00,0x00,0x3f,0xff,0x11,0x00,0x00,0x00,0x00,0x00,0x00,
  0x6f,0xe4,0x00,0x00,0x00,0x00,0x00,0x00,0x00,0x9e,0xb7,0x00,0x00,0x00,0x00,0x00,0x00,0x00,0xcd,0xcd,0xcb,0xf6,0xe3,0x7b,
  0x02,0x00,0x04,0xf8,0xc1,0x26,0x0d,0x5c,0xf6,0x8c,0x00,0x00,0x00,0x00,0x00,0x00,0x00,0x87,0xfa,0x12,0x00,0x00,0x00,0x00,
  0x00,0x00,0x4a,0xff,0x3c,0x00,0x00,0x00,0x00,0x00,0x00,0x52,0xff,0x28,0x30,0xff,0x4d,0x00,0x00,0x00,0x98,0xe5,0x05,0x00,
  0xbd,0xda,0x33,0x0e,0x69,0xfb,0x5d,0x00,0x00,0x10,0x90,0xe1,0xf8,0xd3,0x5b,0x00,0x00,0x00,0x00,0x45,0xca,0xf7,0xdf,0x77,
  0x01,0x00,0x00,0x3f,0xf8,0x6a,0x0b,0x4b,0xf5,0x6e,0x00,0x00,0xc8,0x95,0x00,0x00,0x00,0x96,0xd4,0x00,0x19,0xff,0x3a,0x00,
  0x00,0x00,0x00,0x00,0x00,0x46,0xff,0x34,0xb5,0xf6,0xe4,0x74,0x00,0x00,0x5b,0xff,0xd8,0x54,0x0e,0x56,0xf6,0x6a,0x00,0x60,
  0xff,0x80,0x00,0x00,0x00,0x8d,0xeb,0x00,0x54,0xff,0x44,0x00,0x00,0x00,0x53,0xff,0x1b,0x2f,0xff,0x4a,0x00,0x00,0x00,0x57,
  0xff,0x1b,0x02,0xe6,0x96,0x00,0x00,0x00,0x95,0xdf,0x00,0x00,0x5f,0xfa,0x5f,0x0c,0x59,0xf9,0x60,0x00,0x00,0x00,0x5a,0xd4,
  0xf9,0xda,0x63,0x00,0x00,0x3c,0xff,0xff,0xff,0xff,0xff,0xff,0xff,0x28,0x00,0x00,0x00,0x00,0x00,0x13,0xe6,0xa5,0x00,0x00,
  0x00,0x00,0x00,0x00,0xa7,0xe4,0x0c,0x00,0x00,0x00,0x00,0x00,0x37,0xff,0x5d,0x00,0x00,0x00,0x00,0x00,0x00,0xba,0xd6,0x01,
  0x00,0x00,0x00,0x00,0x00,0x27,0xff,0x67,0x00,0x00,0x00,0x00,0x00,0x00,0x89,0xf4,0x0a,0x00,0x00,0x00,0x00,0x00,0x00,0xd8,
  0xab,0x00,0x00,0x00,0x00,0x00,0x00,0x1f,0xff,0x5c,0x00,0x00,0x00,0x00,0x00,0x00,0x54,0xff,0x23,0x00,0x00,0x00,0x00,0x00,
  0x00,0x80,0xf7,0x00,0x00,0x00,0x00,0x00,0x00,0x00,0x99,0xdd,0x00,0x00,0x00,0x00,0x00,0x00,0x01,0x6d,0xd9,0xf4,0xcd,0x4a,
  0x00,0x00,0x00,0x69,0xf8,0x4d,0x0d,0x71,0xfd,0x3b,0x00,0x00,0xca,0xa3,0x00,0x00,0x00,0xd2,0x9e,0x00,0x00,0xd3,0xa4,0x00,
  0x00,0x00,0xce,0xac,0x00,0x00,0x6c,0xf7,0x49,0x0b,0x67,0xfd,0x48,0x00,0x00,0x06,0xab,0xff,0xff,0xff,0x89,0x00,0x00,0x00,
  0xb2,0xe1,0x3d,0x0d,0x55,0xf3,0x84,0x00,0x32,0xff,0x51,0x00,0x00,0x00,0x7a,0xf9,0x0f,0x51,0xff,0x20,0x00,0x00,0x00,0x47,
  0xff,0x2c,0x2c,0xff,0x4e,0x00,0x00,0x00,0x73,0xfa,0x0f,0x00,0xaf,0xe0,0x3b,0x0a,0x4c,0xee,0x89,0x00,0x00,0x08,0x8a,0xe4,
  0xfb,0xdc,0x74,0x01,0x00,0x00,0x02,0x7f,0xe4,0xf4,0xbf,0x37,0x00,0x00,0x00,0x90,0xf4,0x56,0x10,0x6d,0xf5,0x35,0x00,0x17,
  0xfb,0x7c,0x00,0x00,0x00,0xae,0xbe,0x00,0x48,0xff,0x32,0x00,0x00,0x00,0x6e,0xfc,0x09,0x43,0xff,0x28,0x00,0x00,0x00,0x6b,
  0xff,0x26,0x18,0xfd,0x64,0x00,0x00,0x00,0xa6,0xff,0x31,0x00,0x97,0xe9,0x45,0x0e,0x64,0xe3,0xff,0x27,0x00,0x07,0x92,0xee,
  0xf1,0xa1,0x5b,0xff,0x15,0x00,0x00,0x00,0x00,0x00,0x00,0x6d,0xe5,0x00,0x07,0xf6,0x5f,0x00,0x00,0x00,0xbf,0x98,0x00,0x00,
  0x9a,0xd8,0x27,0x0e,0x8d,0xea,0x1e,0x00,0x00,0x0b,0x94,0xe8,0xf0,0xb3,0x29,0x00,0x00,0x00,0x8c,0xff,0x0c,0x00,0x00,0x00,
  0x00,0x00,0x00,0x00,0x00,0x00,0x00,0x00,0x00,0x00,0x00,0x00,0x00,0x00,0x00,0x00,0x00,0x00,0x00,0x00,0x00,0x00,0x00,0x00,
  0x00,0x00,0x8c,0xff,0x0c,0x00,0x94,0xff,0x08,0x00,0x00,0x00,0x00,0x00,0x00,0x00,0x00,0x00,0x00,0x00,0x00,0x00,0x00,0x00,
  0x00,0x00,0x00,0x00,0x00,0x00,0x00,0x00,0x00,0x00,0x00,0x00,0x00,0x00,0x94,0xff,0x08,0x00,0x00,0xd2,0x01,0x00,0x3c,0xd0,
  0x00,0x00,0x72,0x4a,0x00,0x00,0x00,0x00,0x00,0x00,0x00,0x38,0x9d,0x6c,0x00,0x00,0x00,0x11,0x6e,0xd3,0xd1,0x67,0x0b,0x00,
  0x3e,0xa3,0xf1,0xa7,0x3c,0x00,0x00,0x00,0x20,0xff,0xe0,0x2d,0x00,0x00,0x00,0x00,0x00,0x00,0x3f,0xa4,0xf1,0xa6,0x3b,0x00,
  0x00,0x00,0x00,0x00,0x00,0x12,0x6f,0xd4,0xd0,0x66,0x0b,0x00,0x00,0x00,0x00,0x00,0x00,0x39,0x9e,0x6c,0x00,0x00,0x00,0x00,
  0x00,0x00,0x00,0x00,0x00,0x00,0x00,0x00,0x00,0x00,0x00,0x00,0x00,0x00,0x1c,0xff,0xff,0xff,0xff,0xff,0xff,0xff,0x74,0x00,
  0x00,0x00,0x00,0x00,0x00,0x00,0x00,0x00,0x00,0x00,0x00,0x00,0x00,0x00,0x00,0x00,0x00,0x00,0x00,0x00,0x00,0x00,0x00,0x00,
  0x00,0x00,0x1c,0xff,0xff,0xff,0xff,0xff,0xff,0xff,0x74,0x00,0x00,0x00,0x00,0x00,0x00,0x00,0x00,0x00,0x00,0x00,0x00,0x00,
  0x00,0x00,0x00,0x00,0x00,0x00,0x00,0x00,0x00,0x00,0x00,0x00,0x00,0x00,0x1f,0xc0,0x5b,0x08,0x00,0x00,0x00,0x00,0x00,0x00,
  0x43,0xad,0xe9,0x90,0x2b,0x00,0x00,0x00,0x00,0x00,0x00,0x1b,0x82,0xe6,0xc6,0x61,0x0b,0x00,0x00,0x00,0x00,0x00,0x0a,0xab,
  0xff,0x78,0x00,0x00,0x00,0x1b,0x81,0xe6,0xc7,0x62,0x0b,0x00,0x42,0xac,0xe9,0x91,0x2c,0x00,0x00,0x00,0x1f,0xc1,0x5c,0x08,
  0x00,0x00,0x00,0x00,0x00,0x00,0x00,0x00,0x00,0x00,0x00,0x00,0x00,0x00,0x00,0x00,0x00,0x00,0x00,0x00,0x00,0x00,0x00,0x00,
  0x01,0x75,0xe0,0xfa,0xd9,0x67,0x00,0x00,0x00,0x6d,0xf6,0x53,0x0e,0x62,0xfb,0x63,0x00,0x02,0xed,0x8c,0x00,0x00,0x00,0x99,
  0xe3,0x00,0x2f,0xff,0x43,0x00,0x00,0x00,0x64,0xff,0x0d,0x00,0x00,0x00,0x00,0x00,0x00,0x93,0xef,0x02,0x00,0x00,0x00,0x00,
  0x00,0x44,0xfa,0x7f,0x00,0x00,0x00,0x00,0x00,0x39,0xf5,0xb2,0x03,0x00,0x00,0x00,0x00,0x03,0xd7,0xc4,0x08,0x00,0x00,0x00,
  0x00,0x00,0x34,0xff,0x3b,0x00,0x00,0x00,0x00,0x00,0x00,0x4d,0xff,0x11,0x00,0x00,0x00,0x00,0x00,0x00,0x00,0x00,0x00,0x00,
  0x00,0x00,0x00,0x00,0x00,0x64,0xff,0x34,0x00,0x00,0x00,0x00,0x00,0x00,0x00,0x0b,0x6f,0xbf,0xec,0xfa,0xe6,0xc0,0x67,0x0a,
  0x00,0x00,0x00,0x00,0x00,0x00,0x2c,0xe2,0xc2,0x59,0x22,0x08,0x1d,0x5a,0xc9,0xd8,0x2d,0x00,0x00,0x00,0x00,0x30,0xec,0x6f,
  0x00,0x00,0x00,0x00,0x00,0x00,0x02,0x89,0xe5,0x15,0x00,0x00,0x03,0xcc,0x79,0x00,0x09,0x8f,0xec,0xe2,0x5b,0x8f,0xd3,0x00,
  0xb5,0x9f,0x00,0x00,0x5f,0xd4,0x03,0x02,0xbd,0xc6,0x1f,0x25,0xd6,0xe2,0xa4,0x00,0x3a,0xf6,0x0b,0x00,0xb9,0x73,0x00,0x67,
  0xf6,0x1a,0x00,0x00,0x5b,0xff,0x74,0x00,0x01,0xf8,0x30,0x00,0xf7,0x30,0x00,0xd3,0xa4,0x00,0x00,0x00,0x36,0xff,0x44,0x00,
  0x00,0xe8,0x40,0x13,0xff,0x13,0x0f,0xff,0x6f,0x00,0x00,0x00,0x49,0xff,0x14,0x00,0x0a,0xfc,0x21,0x13,0xff,0x19,0x20,0xff,
  0x54,0x00,0x00,0x00,0x8a,0xe4,0x00,0x00,0x59,0xd5,0x00,0x00,0xf4,0x3a,0x06,0xf4,0x75,0x00,0x00,0x13,0xec,0xb5,0x00,0x0b,
  0xdb,0x51,0x00,0x00,0xaf,0x8f,0x00,0x96,0xe3,0x2a,0x24,0xb9,0xf6,0xa9,0x23,0xc5,0x89,0x00,0x00,0x00,0x44,0xf0,0x23,0x0a,
  0xa2,0xf5,0xce,0x2f,0x8c,0xf4,0xd7,0x62,0x00,0x00,0x00,0x00,0x00,0x93,0xd7,0x2a,0x00,0x00,0x00,0x00,0x00,0x00,0x00,0x00,
  0x5b,0xf4,0x4b,0x00,0x00,0x01,0x7f,0xf5,0x9c,0x4b,0x1d,0x06,0x0e,0x25,0x63,0xc1,0xe2,0x46,0x00,0x00,0x00,0x00,0x00,0x20,
  0x83,0xc3,0xea,0xfa,0xf5,0xe1,0xb0,0x61,0x09,0x00,0x00,0x00,0x00,0x00,0x00,0x00,0xd0,0xff,0x35,0x00,0x00,0x00,0x00,0x00,
  0x00,0x00,0x00,0x2d,0xff,0xcf,0x99,0x00,0x00,0x00,0x00,0x00,0x00,0x00,0x00,0x8c,0xe5,0x82,0xf2,0x0b,0x00,0x00,0x00,0x00,
  0x00,0x00,0x03,0xe6,0xa3,0x35,0xff,0x61,0x00,0x00,0x00,0x00,0x00,0x00,0x48,0xff,0x48,0x00,0xd8,0xc5,0x00,0x00,0x00,0x00,
  0x00,0x00,0xa6,0xdf,0x02,0x00,0x71,0xff,0x29,0x00,0x00,0x00,0x00,0x0d,0xf5,0x7b,0x00,0x00,0x11,0xf6,0x8d,0x00,0x00,0x00,
  0x00,0x62,0xff,0xff,0xff,0xff,0xff,0xff,0xeb,0x06,0x00,0x00,0x00,0xc0,0xaf,0x00,0x00,0x00,0x00,0x32,0xff,0x55,0x00,0x00,
  0x1e,0xfe,0x5f,0x00,0x00,0x00,0x00,0x00,0xdc,0xb9,0x00,0x00,0x7c,0xfc,0x13,0x00,0x00,0x00,0x00,0x00,0x88,0xfd,0x1f,0x00,
  0xd8,0xbf,0x00,0x00,0x00,0x00,0x00,0x00,0x33,0xff,0x81,0x00,0xd4,0xff,0xff,0xff,0xfd,0xea,0xa9,0x20,0x00,0x00,0x00,0xd4,
  0xb0,0x00,0x00,0x06,0x28,0xc8,0xda,0x05,0x00,0x00,0xd4,0xb0,0x00,0x00,0x00,0x00,0x4d,0xff,0x37,0x00,0x00,0xd4,0xb0,0x00,
  0x00,0x00,0x00,0x4a,0xfb,0x1b,0x00,0x00,0xd4,0xb0,0x00,0x00,0x03,0x28,0xbf,0x66,0x00,0x00,0x00,0xd4,0xff,0xff,0xff,0xff,
  0xff,0xf8,0x88,0x01,0x00,0x00,0xd4,0xb0,0x00,0x00,0x03,0x1f,0x9e,0xff,0x66,0x00,0x00,0xd4,0xb0,0x00,0x00,0x00,0x00,0x04,
  0xea,0xbc,0x00,0x00,0xd4,0xb0,0x00,0x00,0x00,0x00,0x00,0xc9,0xca,0x00,0x00,0xd4,0xb0,0x00,0x00,0x00,0x00,0x06,0xf0,0x9b,
  0x00,0x00,0xd4,0xb0,0x00,0x00,0x00,0x16,0x9f,0xf7,0x2b,0x00,0x00,0xd4,0xff,0xff,0xff,0xfe,0xef,0xb3,0x34,0x00,0x00,0x00,
  0x00,0x00,0x4b,0xb7,0xe9,0xf4,0xd1,0x71,0x07,0x00,0x00,0x00,0x00,0x8b,0xf1,0x69,0x19,0x0d,0x51,0xe8,0xb6,0x05,0x00,0x00,
  0x54,0xff,0x43,0x00,0x00,0x00,0x00,0x40,0xff,0x65,0x00,0x00,0xc8,0xc2,0x00,0x00,0x00,0x00,0x00,0x00,0x70,0x35,0x00,0x0e,
  0xff,0x80,0x00,0x00,0x00,0x00,0x00,0x00,0x00,0x00,0x00,0x29,0xff,0x63,0x00,0x00,0x00,0x00,0x00,0x00,0x00,0x00,0x00,0x26,
  0xff,0x66,0x00,0x00,0x00,0x00,0x00,0x00,0x00,0x00,0x00,0x0b,0xfc,0x81,0x00,0x00,0x00,0x00,0x00,0x00,0x0c,0x00,0x00,0x00,
  0xc2,0xc2,0x00,0x00,0x00,0x00,0x00,0x00,0xd0,0xae,0x00,0x00,0x51,0xff,0x42,0x00,0x00,0x00,0x00,0x46,0xff,0x68,0x00,0x00,
  0x00,0x9b,0xf2,0x66,0x14,0x12,0x60,0xee,0xae,0x03,0x00,0x00,0x00,0x00,0x5e,0xc4,0xec,0xf3,0xce,0x6a,0x05,0x00,0x00,0x00,
  0xc4,0xff,0xff,0xff,0xfc,0xed,0xb8,0x3f,0x00,0x00,0x00,0x00,0xc4,0xc0,0x00,0x00,0x05,0x1f,0x8a,0xfd,0x51,0x00,0x00,0x00,
  0xc4,0xc0,0x00,0x00,0x00,0x00,0x00,0xa3,0xeb,0x0b,0x00,0x00,0xc4,0xc0,0x00,0x00,0x00,0x00,0x00,0x34,0xff,0x5a,0x00,0x00,
  0xc4,0xc0,0x00,0x00,0x00,0x00,0x00,0x00,0xf9,0x94,0x00,0x00,0xc4,0xc0,0x00,0x00,0x00,0x00,0x00,0x00,0xe4,0xab,0x00,0x00,
  0xc4,0xc0,0x00,0x00,0x00,0x00,0x00,0x00,0xe5,0xab,0x00,0x00,0xc4,0xc0,0x00,0x00,0x00,0x00,0x00,0x03,0xf7,0x90,0x00,0x00,
  0xc4,0xc0,0x00,0x00,0x00,0x00,0x00,0x33,0xff,0x54,0x00,0x00,0xc4,0xc0,0x00,0x00,0x00,0x00,0x00,0xa0,0xe6,0x09,0x00,0x00,
  0xc4,0xc0,0x00,0x00,0x04,0x21,0x8a,0xfb,0x4c,0x00,0x00,0x00,0xc4,0xff,0xff,0xff,0xfa,0xe0,0xa9,0x36,0x00,0x00,0x00,0x00,
  0xbc,0xff,0xff,0xff,0xff,0xff,0xff,0xff,0x8c,0x00,0x00,0xbc,0xc8,0x00,0x00,0x00,0x00,0x00,0x00,0x00,0x00,0x00,0xbc,0xc8,
  0x00,0x00,0x00,0x00,0x00,0x00,0x00,0x00,0x00,0xbc,0xc8,0x00,0x00,0x00,0x00,0x00,0x00,0x00,0x00,0x00,0xbc,0xc8,0x00,0x00,
  0x00,0x00,0x00,0x00,0x00,0x00,0x00,0xbc,0xff,0xff,0xff,0xff,0xff,0xff,0xff,0x20,0x00,0x00,0xbc,0xc8,0x00,0x00,0x00,0x00,
  0x00,0x00,0x00,0x00,0x00,0xbc,0xc8,0x00,0x00,0x00,0x00,0x00,0x00,0x00,0x00,0x00,0xbc,0xc8,0x00,0x00,0x00,0x00,0x00,0x00,
  0x00,0x00,0x00,0xbc,0xc8,0x00,0x00,0x00,0x00,0x00,0x00,0x00,0x00,0x00,0xbc,0xc8,0x00,0x00,0x00,0x00,0x00,0x00,0x00,0x00,
  0x00,0xbc,0xff,0xff,0xff,0xff,0xff,0xff,0xff,0xd0,0x00,0x00,0xb0,0xff,0xff,0xff,0xff,0xff,0xff,0xff,0x0c,0x00,0xb0,0xd4,
  0x00,0x00,0x00,0x00,0x00,0x00,0x00,0x00,0xb0,0xd4,0x00,0x00,0x00,0x00,0x00,0x00,0x00,0x00,0xb0,0xd4,0x00,0x00,0x00,0x00,
  0x00,0x00,0x00,0x00,0xb0,0xd4,0x00,0x00,0x00,0x00,0x00,0x00,0x00,0x00,0xb0,0xd4,0x00,0x00,0x00,0x00,0x00,0x00,0x00,0x00,
  0xb0,0xff,0xff,0xff,0xff,0xff,0xff,0x34,0x00,0x00,0xb0,0xd4,0x00,0x00,0x00,0x00,0x00,0x00,0x00,0x00,0xb0,0xd4,0x00,0x00,
  0x00,0x00,0x00,0x00,0x00,0x00,0xb0,0xd4,0x00,0x00,0x00,0x00,0x00,0x00,0x00,0x00,0xb0,0xd4,0x00,0x00,0x00,0x00,0x00,0x00,
  0x00,0x00,0xb0,0xd4,0x00,0x00,0x00,0x00,0x00,0x00,0x00,0x00,0x00,0x00,0x34,0xa2,0xe0,0xf8,0xeb,0xb3,0x40,0x00,0x00,0x00,
  0x00,0x67,0xf8,0x86,0x24,0x06,0x22,0x8e,0xfd,0x5b,0x00,0x00,0x31,0xfb,0x72,0x00,0x00,0x00,0x00,0x00,0x99,0xee,0x09,0x00,
  0xa6,0xdf,0x04,0x00,0x00,0x00,0x00,0x00,0x26,0x8b,0x15,0x00,0xf3,0x97,0x00,0x00,0x00,0x00,0x00,0x00,0x00,0x00,0x00,0x15,
  0xff,0x76,0x00,0x00,0x00,0x00,0x00,0x00,0x00,0x00,0x00,0x18,0xff,0x76,0x00,0x00,0x00,0x68,0xff,0xff,0xff,0xff,0x74,0x01,
  0xf7,0x93,0x00,0x00,0x00,0x00,0x00,0x00,0x08,0xff,0x74,0x00,0xad,0xdd,0x01,0x00,0x00,0x00,0x00,0x00,0x08,0xff,0x74,0x00,
  0x35,0xfb,0x72,0x00,0x00,0x00,0x00,0x00,0x25,0xff,0x74,0x00,0x00,0x61,0xf7,0x96,0x2d,0x08,0x1e,0x75,0xee,0xd7,0x2b,0x00,
  0x00,0x00,0x2a,0x97,0xdc,0xf7,0xee,0xbe,0x64,0x06,0x00,0x00,0xb8,0xcc,0x00,0x00,0x00,0x00,0x00,0x40,0xff,0x44,0x00,0x00,
  0xb8,0xcc,0x00,0x00,0x00,0x00,0x00,0x40,0xff,0x44,0x00,0x00,0xb8,0xcc,0x00,0x00,0x00,0x00,0x00,0x40,0xff,0x44,0x00,0x00,
  0xb8,0xcc,0x00,0x00,0x00,0x00,0x00,0x40,0xff,0x44,0x00,0x00,0xb8,0xcc,0x00,0x00,0x00,0x00,0x00,0x40,0xff,0x44,0x00,0x00,
  0xb8,0xff,0xff,0xff,0xff,0xff,0xff,0xff,0xff,0x44,0x00,0x00,0xb8,0xcc,0x00,0x00,0x00,0x00,0x00,0x40,0xff,0x44,0x00,0x00,
  0xb8,0xcc,0x00,0x00,0x00,0x00,0x00,0x40,0xff,0x44,0x00,0x00,0xb8,0xcc,0x00,0x00,0x00,0x00,0x00,0x40,0xff,0x44,0x00,0x00,
  0xb8,0xcc,0x00,0x00,0x00,0x00,0x00,0x40,0xff,0x44,0x00,0x00,0xb8,0xcc,0x00,0x00,0x00,0x00,0x00,0x40,0xff,0x44,0x00,0x00,
  0xb8,0xcc,0x00,0x00,0x00,0x00,0x00,0x40,0xff,0x44,0x00,0x00,0x80,0xff,0x04,0x00,0x80,0xff,0x04,0x00,0x80,0xff,0x04,0x00,
  0x80,0xff,0x04,0x00,0x80,0xff,0x04,0x00,0x80,0xff,0x04,0x00,0x80,0xff,0x04,0x00,0x80,0xff,0x04,0x00,0x80,0xff,0x04,0x00,
  0x80,0xff,0x04,0x00,0x80,0xff,0x04,0x00,0x80,0xff,0x04,0x00,0x00,0x00,0x00,0x00,0xc0,0xc4,0x00,0x00,0x00,0x00,0x00,0x00,
  0xc0,0xc4,0x00,0x00,0x00,0x00,0x00,0x00,0xc0,0xc4,0x00,0x00,0x00,0x00,0x00,0x00,0xc0,0xc4,0x00,0x00,0x00,0x00,0x00,0x00,
  0xc0,0xc4,0x00,0x00,0x00,0x00,0x00,0x00,0xc0,0xc4,0x00,0x00,0x00,0x00,0x00,0x00,0xc0,0xc4,0x00,0x00,0x00,0x00,0x00,0x00,
  0xc0,0xc4,0x00,0x69,0xcf,0x00,0x00,0x00,0xc2,0xbb,0x00,0x64,0xfa,0x08,0x00,0x00,0xd3,0xa0,0x00,0x15,0xf4,0x86,0x0b,0x55,
  0xfe,0x4b,0x00,0x00,0x40,0xcc,0xf6,0xdc,0x68,0x00,0x00,0x00,0xd4,0xb0,0x00,0x00,0x00,0x00,0x2e,0xed,0xdc,0x19,0x00,0xd4,
  0xb0,0x00,0x00,0x00,0x2a,0xea,0xe3,0x1f,0x00,0x00,0xd4,0xb0,0x00,0x00,0x26,0xe7,0xe8,0x26,0x00,0x00,0x00,0xd4,0xb0,0x00,
  0x21,0xe3,0xee,0x2d,0x00,0x00,0x00,0x00,0xd4,0xb0,0x1e,0xe0,0xf2,0x36,0x00,0x00,0x00,0x00,0x00,0xd4,0xc8,0xdc,0xff,0xe1,
  0x10,0x00,0x00,0x00,0x00,0x00,0xd4,0xff,0xf5,0x76,0xfc,0xa9,0x00,0x00,0x00,0x00,0x00,0xd4,0xf3,0x3f,0x00,0x82,0xff,0x62,
  0x00,0x00,0x00,0x00,0xd4,0xb0,0x00,0x00,0x04,0xca,0xf4,0x27,0x00,0x00,0x00,0xd4,0xb0,0x00,0x00,0x00,0x26,0xf5,0xce,0x06,
  0x00,0x00,0xd4,0xb0,0x00,0x00,0x00,0x00,0x69,0xff,0x8d,0x00,0x00,0xd4,0xb0,0x00,0x00,0x00,0x00,0x00,0xb5,0xfe,0x48,0x00,
  0xd4,0xb0,0x00,0x00,0x00,0x00,0x00,0x00,0x00,0xd4,0xb0,0x00,0x00,0x00,0x00,0x00,0x00,0x00,0xd4,0xb0,0x00,0x00,0x00,0x00,
  0x00,0x00,0x00,0xd4,0xb0,0x00,0x00,0x00,0x00,0x00,0x00,0x00,0xd4,0xb0,0x00,0x00,0x00,0x00,0x00,0x00,0x00,0xd4,0xb0,0x00,
  0x00,0x00,0x00,0x00,0x00,0x00,0xd4,0xb0,0x00,0x00,0x00,0x00,0x00,0x00,0x00,0xd4,0xb0,0x00,0x00,0x00,0x00,0x00,0x00,0x00,
  0xd4,0xb0,0x00,0x00,0x00,0x00,0x00,0x00,0x00,0xd4,0xb0,0x00,0x00,0x00,0x00,0x00,0x00,0x00,0xd4,0xb0,0x00,0x00,0x00,0x00,
  0x00,0x00,0x00,0xd4,0xff,0xff,0xff,0xff,0xff,0xff,0x54,0x00,0xd0,0xff,0xa2,0x00,0x00,0x00,0x00,0x00,0x1a,0xfd,0xff,0x20,
  0x00,0xd0,0xda,0xf1,0x07,0x00,0x00,0x00,0x00,0x70,0xd8,0xff,0x20,0x00,0xd0,0xa8,0xe3,0x4e,0x00,0x00,0x00,0x00,0xc8,0x8b,
  0xff,0x20,0x00,0xd0,0xa8,0x97,0xa4,0x00,0x00,0x00,0x20,0xe4,0x59,0xff,0x20,0x00,0xd0,0xa8,0x4a,0xf2,0x07,0x00,0x00,0x78,
  0x98,0x58,0xff,0x20,0x00,0xd0,0xa8,0x08,0xf5,0x4f,0x00,0x00,0xd0,0x4b,0x58,0xff,0x20,0x00,0xd0,0xa8,0x00,0xb0,0xa5,0x00,
  0x27,0xf5,0x08,0x58,0xff,0x20,0x00,0xd0,0xa8,0x00,0x63,0xf2,0x08,0x7e,0xb0,0x00,0x58,0xff,0x20,0x00,0xd0,0xa8,0x00,0x17,
  0xfe,0x50,0xd6,0x62,0x00,0x58,0xff,0x20,0x00,0xd0,0xa8,0x00,0x00,0xc9,0xcc,0xfe,0x17,0x00,0x58,0xff,0x20,0x00,0xd0,0xa8,
  0x00,0x00,0x7c,0xff,0xc7,0x00,0x00,0x58,0xff,0x20,0x00,0xd0,0xa8,0x00,0x00,0x2f,0xff,0x7a,0x00,0x00,0x58,0xff,0x20,0x00,
  0xc8,0xf4,0x1a,0x00,0x00,0x00,0x00,0x34,0xff,0x40,0x00,0x00,0xc8,0xe2,0xa0,0x00,0x00,0x00,0x00,0x34,0xff,0x40,0x00,0x00,
  0xc8,0xac,0xad,0x33,0x00,0x00,0x00,0x34,0xff,0x40,0x00,0x00,0xc8,0xac,0x24,0xbb,0x00,0x00,0x00,0x34,0xff,0x40,0x00,0x00,
  0xc8,0xac,0x00,0x8e,0x52,0x00,0x00,0x34,0xff,0x40,0x00,0x00,0xc8,0xac,0x00,0x10,0xc9,0x06,0x00,0x34,0xff,0x40,0x00,0x00,
  0xc8,0xac,0x00,0x00,0x6c,0x74,0x00,0x34,0xff,0x40,0x00,0x00,0xc8,0xac,0x00,0x00,0x04,0xc7,0x14,0x34,0xff,0x40,0x00,0x00,
  0xc8,0xac,0x00,0x00,0x00,0x4b,0x95,0x34,0xff,0x40,0x00,0x00,0xc8,0xac,0x00,0x00,0x00,0x00,0xb6,0x5e,0xff,0x40,0x00,0x00,
  0xc8,0xac,0x00,0x00,0x00,0x00,0x2c,0xde,0xff,0x40,0x00,0x00,0xc8,0xac,0x00,0x00,0x00,0x00,0x00,0x98,0xff,0x40,0x00,0x00,
  0x00,0x00,0x46,0xb6,0xed,0xf6,0xd5,0x7f,0x10,0x00,0x00,0x00,0x00,0x80,0xf8,0x77,0x1b,0x0a,0x3f,0xc8,0xdb,0x23,0x00,0x00,
  0x4d,0xfe,0x4c,0x00,0x00,0x00,0x00,0x09,0xcd,0xc7,0x02,0x00,0xc7,0xc0,0x00,0x00,0x00,0x00,0x00,0x00,0x48,0xff,0x44,0x0f,
  0xfd,0x7d,0x00,0x00,0x00,0x00,0x00,0x00,0x06,0xf7,0x8f,0x2d,0xff,0x61,0x00,0x00,0x00,0x00,0x00,0x00,0x00,0xdf,0xae,0x2e,
  0xff,0x5d,0x00,0x00,0x00,0x00,0x00,0x00,0x00,0xdb,0xae,0x10,0xfe,0x78,0x00,0x00,0x00,0x00,0x00,0x00,0x03,0xf5,0x90,0x00,
  0xc2,0xc0,0x00,0x00,0x00,0x00,0x00,0x00,0x41,0xff,0x44,0x00,0x46,0xfe,0x51,0x00,0x00,0x00,0x00,0x07,0xc9,0xc9,0x02,0x00,
  0x00,0x7a,0xf7,0x75,0x18,0x07,0x39,0xc3,0xdb,0x23,0x00,0x00,0x00,0x00,0x41,0xb2,0xe7,0xf6,0xd5,0x7f,0x0f,0x00,0x00,0x00,
  0xc4,0xff,0xff,0xff,0xff,0xf7,0xd3,0x6f,0x00,0x00,0x00,0xc4,0xc0,0x00,0x00,0x00,0x0b,0x68,0xff,0x6e,0x00,0x00,0xc4,0xc0,
  0x00,0x00,0x00,0x00,0x00,0xbf,0xd8,0x00,0x00,0xc4,0xc0,0x00,0x00,0x00,0x00,0x00,0x9c,0xf1,0x00,0x00,0xc4,0xc0,0x00,0x00,
  0x00,0x00,0x00,0xc6,0xca,0x00,0x00,0xc4,0xc0,0x00,0x00,0x01,0x1a,0x80,0xff,0x54,0x00,0x00,0xc4,0xff,0xff,0xff,0xff,0xf3,
  0xc9,0x5e,0x00,0x00,0x00,0xc4,0xc0,0x00,0x00,0x00,0x00,0x00,0x00,0x00,0x00,0x00,0xc4,0xc0,0x00,0x00,0x00,0x00,0x00,0x00,
  0x00,0x00,0x00,0xc4,0xc0,0x00,0x00,0x00,0x00,0x00,0x00,0x00,0x00,0x00,0xc4,0xc0,0x00,0x00,0x00,0x00,0x00,0x00,0x00,0x00,
  0x00,0xc4,0xc0,0x00,0x00,0x00,0x00,0x00,0x00,0x00,0x00,0x00,0x00,0x00,0x50,0xba,0xea,0xf3,0xcf,0x72,0x09,0x00,0x00,0x00,
  0x00,0x95,0xf1,0x69,0x15,0x0d,0x49,0xd4,0xc9,0x13,0x00,0x00,0x5f,0xfb,0x3a,0x00,0x00,0x00,0x00,0x10,0xdd,0xa7,0x00,0x00,
  0xd7,0xa8,0x00,0x00,0x00,0x00,0x00,0x00,0x5e,0xff,0x24,0x24,0xff,0x63,0x00,0x00,0x00,0x00,0x00,0x00,0x14,0xff,0x72,0x43,
  0xff,0x47,0x00,0x00,0x00,0x00,0x00,0x00,0x00,0xf6,0x92,0x43,0xff,0x46,0x00,0x00,0x00,0x00,0x00,0x00,0x00,0xf5,0x9c,0x24,
  0xff,0x64,0x00,0x00,0x00,0x00,0x00,0x00,0x13,0xff,0x84,0x00,0xd7,0xac,0x00,0x00,0x00,0x07,0x00,0x00,0x5a,0xff,0x47,0x00,
  0x5b,0xfc,0x3c,0x00,0x00,0xa0,0xc8,0x45,0xd9,0xdb,0x03,0x00,0x00,0x8f,0xf1,0x69,0x14,0x1f,0xc3,0xff,0xfe,0x3d,0x00,0x00,
  0x00,0x00,0x4d,0xba,0xeb,0xfa,0xe7,0xb8,0xe1,0xdd,0x6a,0x00,0x00,0x00,0x00,0x00,0x00,0x00,0x00,0x00,0x06,0x5b,0x5a,0x00,
  0xbc,0xff,0xff,0xff,0xff,0xfc,0xea,0xad,0x21,0x00,0x00,0x00,0xbc,0xc8,0x00,0x00,0x00,0x07,0x3b,0xdd,0xd7,0x03,0x00,0x00,
  0xbc,0xc8,0x00,0x00,0x00,0x00,0x00,0x55,0xff,0x45,0x00,0x00,0xbc,0xc8,0x00,0x00,0x00,0x00,0x00,0x2c,0xff,0x62,0x00,0x00,
  0xbc,0xc8,0x00,0x00,0x00,0x00,0x00,0x59,0xff,0x40,0x00,0x00,0xbc,0xc8,0x00,0x00,0x00,0x09,0x41,0xe2,0xc8,0x01,0x00,0x00,
  0xbc,0xff,0xff,0xff,0xff,0xff,0xe7,0x95,0x0e,0x00,0x00,0x00,0xbc,0xc8,0x00,0x00,0x27,0xc8,0xc1,0x0f,0x00,0x00,0x00,0x00,
  0xbc,0xc8,0x00,0x00,0x00,0x12,0xdf,0xc2,0x0d,0x00,0x00,0x00,0xbc,0xc8,0x00,0x00,0x00,0x00,0x3a,0xfd,0xae,0x00,0x00,0x00,
  0xbc,0xc8,0x00,0x00,0x00,0x00,0x00,0x8c,0xff,0x5a,0x00,0x00,0xbc,0xc8,0x00,0x00,0x00,0x00,0x00,0x08,0xd8,0xed,0x18,0x00,
  0x00,0x40,0xb8,0xef,0xf9,0xdd,0x95,0x19,0x00,0x00,0x00,0x45,0xfb,0x72,0x16,0x09,0x33,0xc3,0xe0,0x0e,0x00,0x00,0xb9,0xb7,
  0x00,0x00,0x00,0x00,0x1c,0xff,0x66,0x00,0x00,0xcc,0xcb,0x01,0x00,0x00,0x00,0x00,0x00,0x00,0x00,0x00,0x7b,0xff,0xbf,0x59,
  0x13,0x00,0x00,0x00,0x00,0x00,0x00,0x03,0x88,0xf6,0xff,0xfe,0xce,0x7c,0x0f,0x00,0x00,0x00,0x00,0x00,0x10,0x5a,0xa2,0xe9,
  0xff,0xe4,0x20,0x00,0x00,0x00,0x00,0x00,0x00,0x00,0x03,0x6b,0xfe,0xa2,0x00,0x00,0x00,0x00,0x00,0x00,0x00,0x00,0x00,0xbf,
  0xce,0x00,0x2d,0xff,0x52,0x00,0x00,0x00,0x00,0x00,0xad,0xa4,0x00,0x00,0xaa,0xe9,0x62,0x25,0x08,0x1e,0x63,0xe7,0x27,0x00,
  0x00,0x03,0x6b,0xc4,0xee,0xfb,0xe8,0xa4,0x24,0x00,0x00,0xa0,0xff,0xff,0xff,0xff,0xff,0xff,0xff,0xff,0x74,0x00,0x00,0x00,
  0x00,0xd8,0xac,0x00,0x00,0x00,0x00,0x00,0x00,0x00,0x00,0xd8,0xac,0x00,0x00,0x00,0x00,0x00,0x00,0x00,0x00,0xd8,0xac,0x00,
  0x00,0x00,0x00,0x00,0x00,0x00,0x00,0xd8,0xac,0x00,0x00,0x00,0x00,0x00,0x00,0x00,0x00,0xd8,0xac,0x00,0x00,0x00,0x00,0x00,
  0x00,0x00,0x00,0xd8,0xac,0x00,0x00,0x00,0x00,0x00,0x00,0x00,0x00,0xd8,0xac,0x00,0x00,0x00,0x00,0x00,0x00,0x00,0x00,0xd8,
  0xac,0x00,0x00,0x00,0x00,0x00,0x00,0x00,0x00,0xd8,0xac,0x00,0x00,0x00,0x00,0x00,0x00,0x00,0x00,0xd8,0xac,0x00,0x00,0x00,
  0x00,0x00,0x00,0x00,0x00,0xd8,0xac,0x00,0x00,0x00,0x00,0x00,0xbc,0xc8,0x00,0x00,0x00,0x00,0x00,0x40,0xff,0x44,0x00,0x00,
  0xbc,0xc8,0x00,0x00,0x00,0x00,0x00,0x40,0xff,0x44,0x00,0x00,0xbc,0xc8,0x00,0x00,0x00,0x00,0x00,0x40,0xff,0x44,0x00,0x00,
  0xbc,0xc8,0x00,0x00,0x00,0x00,0x00,0x40,0xff,0x44,0x00,0x00,0xbc,0xc8,0x00,0x00,0x00,0x00,0x00,0x40,0xff,0x44,0x00,0x00,
  0xbc,0xc8,0x00,0x00,0x00,0x00,0x00,0x40,0xff,0x44,0x00,0x00,0xbb,0xc8,0x00,0x00,0x00,0x00,0x00,0x40,0xff,0x43,0x00,0x00,
  0xb1,0xcd,0x00,0x00,0x00,0x00,0x00,0x45,0xff,0x39,0x00,0x00,0x99,0xdf,0x00,0x00,0x00,0x00,0x00,0x5a,0xff,0x21,0x00,0x00,
  0x5c,0xfe,0x1f,0x00,0x00,0x00,0x00,0x9b,0xe2,0x00,0x00,0x00,0x05,0xd0,0xcb,0x36,0x07,0x1e,0x78,0xf9,0x57,0x00,0x00,0x00,
  0x00,0x0f,0x8e,0xdc,0xf7,0xed,0xbc,0x46,0x00,0x00,0x00,0xbd,0xe2,0x01,0x00,0x00,0x00,0x00,0x00,0x2e,0xff,0x5b,0x5e,0xff,
  0x3d,0x00,0x00,0x00,0x00,0x00,0x8b,0xf2,0x0a,0x0b,0xf4,0x96,0x00,0x00,0x00,0x00,0x02,0xe4,0x9c,0x00,0x00,0xa1,0xeb,0x04,
  0x00,0x00,0x00,0x44,0xff,0x3c,0x00,0x00,0x42,0xff,0x49,0x00,0x00,0x00,0xa0,0xdc,0x00,0x00,0x00,0x01,0xe1,0xa2,0x00,0x00,
  0x09,0xf2,0x7d,0x00,0x00,0x00,0x00,0x85,0xf2,0x09,0x00,0x59,0xfe,0x1f,0x00,0x00,0x00,0x00,0x26,0xff,0x54,0x00,0xb6,0xbe,
  0x00,0x00,0x00,0x00,0x00,0x00,0xc8,0xad,0x15,0xfb,0x5e,0x00,0x00,0x00,0x00,0x00,0x00,0x69,0xf4,0x6c,0xf3,0x0b,0x00,0x00,
  0x00,0x00,0x00,0x00,0x11,0xf8,0xec,0x9f,0x00,0x00,0x00,0x00,0x00,0x00,0x00,0x00,0xab,0xff,0x3f,0x00,0x00,0x00,0x00,0xac,
  0xdb,0x00,0x00,0x00,0x00,0x76,0xff,0xa0,0x00,0x00,0x00,0x00,0xb6,0xc9,0x6b,0xff,0x13,0x00,0x00,0x00,0xb9,0xf3,0xe2,0x00,
  0x00,0x00,0x01,0xee,0x86,0x2b,0xff,0x4b,0x00,0x00,0x06,0xf5,0xa3,0xff,0x25,0x00,0x00,0x2a,0xff,0x43,0x00,0xe9,0x82,0x00,
  0x00,0x3f,0xff,0x2f,0xf9,0x67,0x00,0x00,0x64,0xf8,0x08,0x00,0xa9,0xba,0x00,0x00,0x82,0xdd,0x00,0xbf,0xa9,0x00,0x00,0x9e,
  0xbd,0x00,0x00,0x69,0xf0,0x01,0x00,0xc5,0x96,0x00,0x78,0xe9,0x01,0x00,0xd8,0x7a,0x00,0x00,0x28,0xff,0x29,0x0d,0xfb,0x4f,
  0x00,0x31,0xff,0x2d,0x13,0xff,0x37,0x00,0x00,0x00,0xe6,0x61,0x4c,0xfa,0x0d,0x00,0x01,0xe9,0x6e,0x4c,0xf1,0x03,0x00,0x00,
  0x00,0xa7,0x98,0x8e,0xc0,0x00,0x00,0x00,0xa4,0xad,0x8a,0xb1,0x00,0x00,0x00,0x00,0x66,0xce,0xcf,0x79,0x00,0x00,0x00,0x5d,
  0xdf,0xc7,0x6e,0x00,0x00,0x00,0x00,0x25,0xfb,0xfd,0x32,0x00,0x00,0x00,0x17,0xfe,0xfa,0x2b,0x00,0x00,0x00,0x00,0x00,0xe4,
  0xea,0x01,0x00,0x00,0x00,0x00,0xcf,0xe8,0x00,0x00,0x00,0x1f,0xf2,0xb6,0x00,0x00,0x00,0x00,0x00,0xb8,0xdd,0x0c,0x00,0x65,
  0xff,0x55,0x00,0x00,0x00,0x64,0xfc,0x3a,0x00,0x00,0x00,0xb7,0xe5,0x0e,0x00,0x1c,0xf1,0x84,0x00,0x00,0x00,0x00,0x1b,0xef,
  0x98,0x02,0xba,0xcc,0x05,0x00,0x00,0x00,0x00,0x00,0x5e,0xff,0xc3,0xf6,0x28,0x00,0x00,0x00,0x00,0x00,0x00,0x00,0xb9,0xff,
  0x7b,0x00,0x00,0x00,0x00,0x00,0x00,0x00,0x18,0xea,0xff,0xcd,0x05,0x00,0x00,0x00,0x00,0x00,0x01,0xb7,0xf1,0x79,0xff,0x81,
  0x00,0x00,0x00,0x00,0x00,0x6f,0xff,0x60,0x01,0xba,0xfb,0x34,0x00,0x00,0x00,0x2c,0xf7,0xaa,0x00,0x00,0x1b,0xee,0xd6,0x08,
  0x00,0x07,0xd2,0xe3,0x11,0x00,0x00,0x00,0x57,0xff,0x8d,0x00,0x91,0xfd,0x40,0x00,0x00,0x00,0x00,0x00,0xa5,0xfd,0x3e,0xa3,
  0xfd,0x31,0x00,0x00,0x00,0x00,0x00,0x84,0xfd,0x39,0x13,0xea,0xc3,0x00,0x00,0x00,0x00,0x22,0xf7,0x8e,0x00,0x00,0x5b,0xff,
  0x5a,0x00,0x00,0x00,0xb1,0xdb,0x0a,0x00,0x00,0x00,0xb7,0xe4,0x0b,0x00,0x48,0xfe,0x3e,0x00,0x00,0x00,0x00,0x1f,0xf4,0x98,
  0x11,0xe2,0x94,0x00,0x00,0x00,0x00,0x00,0x00,0x71,0xff,0xde,0xdf,0x0c,0x00,0x00,0x00,0x00,0x00,0x00,0x02,0xca,0xff,0x43,
  0x00,0x00,0x00,0x00,0x00,0x00,0x00,0x00,0x88,0xfc,0x00,0x00,0x00,0x00,0x00,0x00,0x00,0x00,0x00,0x88,0xfc,0x00,0x00,0x00,
  0x00,0x00,0x00,0x00,0x00,0x00,0x88,0xfc,0x00,0x00,0x00,0x00,0x00,0x00,0x00,0x00,0x00,0x88,0xfc,0x00,0x00,0x00,0x00,0x00,
  0x00,0x00,0x00,0x00,0x88,0xfc,0x00,0x00,0x00,0x00,0x00,0x04,0xff,0xff,0xff,0xff,0xff,0xff,0xff,0xff,0x30,0x00,0x00,0x00,
  0x00,0x00,0x00,0x04,0xdc,0xcd,0x06,0x00,0x00,0x00,0x00,0x00,0x00,0x71,0xf4,0x26,0x00,0x00,0x00,0x00,0x00,0x00,0x2c,0xf6,
  0x61,0x00,0x00,0x00,0x00,0x00,0x00,0x0b,0xd6,0xa8,0x00,0x00,0x00,0x00,0x00,0x00,0x00,0xa1,0xe0,0x0f,0x00,0x00,0x00,0x00,
  0x00,0x00,0x5f,0xfc,0x3a,0x00,0x00,0x00,0x00,0x00,0x00,0x28,0xf4,0x7d,0x00,0x00,0x00,0x00,0x00,0x00,0x09,0xd2,0xc1,0x03,
  0x00,0x00,0x00,0x00,0x00,0x00,0x9a,0xee,0x1d,0x00,0x00,0x00,0x00,0x00,0x00,0x58,0xff,0x61,0x00,0x00,0x00,0x00,0x00,0x00,
  0x00,0xac,0xff,0xff,0xff,0xff,0xff,0xff,0xff,0xff,0x60,0x00,0xe8,0xff,0xff,0x30,0x00,0xe8,0x80,0x00,0x00,0x00,0xe8,0x80,
  0x00,0x00,0x00,0xe8,0x80,0x00,0x00,0x00,0xe8,0x80,0x00,0x00,0x00,0xe8,0x80,0x00,0x00,0x00,0xe8,0x80,0x00,0x00,0x00,0xe8,
  0x80,0x00,0x00,0x00,0xe8,0x80,0x00,0x00,0x00,0xe8,0x80,0x00,0x00,0x00,0xe8,0x80,0x00,0x00,0x00,0xe8,0x80,0x00,0x00,0x00,
  0xe8,0x80,0x00,0x00,0x00,0xe8,0x80,0x00,0x00,0x00,0xe8,0xff,0xff,0x30,0xdd,0x46,0x00,0x00,0x00,0x96,0x8d,0x00,0x00,0x00,
  0x4f,0xd4,0x00,0x00,0x00,0x0d,0xfa,0x1b,0x00,0x00,0x00,0xc1,0x61,0x00,0x00,0x00,0x7a,0xa8,0x00,0x00,0x00,0x33,0xec,0x02,
  0x00,0x00,0x01,0xea,0x35,0x00,0x00,0x00,0xa5,0x7c,0x00,0x00,0x00,0x5e,0xc2,0x00,0x00,0x00,0x18,0xfa,0x0e,0x00,0x00,0x00,
  0xd0,0x50,0xb0,0xff,0xff,0x68,0x00,0x00,0xff,0x68,0x00,0x00,0xff,0x68,0x00,0x00,0xff,0x68,0x00,0x00,0xff,0x68,0x00,0x00,
  0xff,0x68,0x00,0x00,0xff,0x68,0x00,0x00,0xff,0x68,0x00,0x00,0xff,0x68,0x00,0x00,0xff,0x68,0x00,0x00,0xff,0x68,0x00,0x00,
  0xff,0x68,0x00,0x00,0xff,0x68,0x00,0x00,0xff,0x68,0xb0,0xff,0xff,0x68,0x00,0x00,0x14,0xf6,0x8a,0x00,0x00,0x00,0x00,0x00,
  0x82,0xa4,0xec,0x0f,0x00,0x00,0x00,0x0a,0xec,0x2f,0xad,0x78,0x00,0x00,0x00,0x6e,0xcf,0x00,0x4a,0xe7,0x07,0x00,0x03,0xdf,
  0x6f,0x00,0x03,0xe4,0x65,0x00,0x59,0xfa,0x15,0x00,0x00,0x85,0xd9,0x02,0x00,0x00,0x00,0x00,0x00,0x00,0x00,0x00,0x00,0x00,
  0x00,0x00,0x00,0x00,0x00,0x00,0x00,0x00,0x00,0x00,0x00,0x00,0x00,0x00,0x00,0x00,0x00,0x00,0x00,0x00,0x00,0x00,0x00,0x00,
  0x00,0x00,0x00,0x00,0x00,0x00,0x00,0x00,0x00,0x00,0x00,0x00,0x00,0x00,0x00,0x00,0x00,0x00,0x00,0x00,0x00,0x00,0x00,0x00,
  0x00,0x00,0x00,0x00,0x00,0x00,0x00,0x00,0x00,0x00,0x00,0x00,0x40,0xff,0xff,0xff,0xff,0xff,0xff,0xff,0xff,0xff,0x14,0x0c,
  0xcc,0xd4,0x02,0x00,0x00,0x16,0xdc,0x5f,0x00,0x00,0x00,0x00,0x00,0x00,0x00,0x00,0x00,0x00,0x00,0x00,0x00,0x00,0x00,0x00,
  0x00,0x00,0x00,0x00,0x00,0x00,0x00,0x00,0x00,0x00,0x00,0x00,0x00,0x00,0x00,0x00,0x00,0x00,0x00,0x00,0x00,0x00,0x00,0x00,
  0x00,0x00,0x00,0x00,0x00,0x00,0x00,0x00,0x00,0x00,0x00,0x00,0x08,0x88,0xdf,0xfa,0xe9,0x97,0x09,0x00,0x00,0x9f,0xd4,0x29,
  0x08,0x3e,0xed,0x7b,0x00,0x0e,0xfb,0x59,0x00,0x00,0x00,0xab,0xbf,0x00,0x00,0x00,0x2b,0x6a,0x93,0xc3,0xfb,0xc7,0x00,0x00,
  0x8e,0xfd,0xc9,0x8f,0x4f,0xab,0xc8,0x00,0x3f,0xff,0x66,0x00,0x00,0x00,0xb2,0xc8,0x00,0x61,0xff,0x1f,0x00,0x00,0x06,0xe7,
  0xc9,0x00,0x29,0xfc,0x8e,0x0c,0x1e,0xa4,0xff,0xd3,0x00,0x00,0x5a,0xd9,0xf6,0xd9,0x8c,0x75,0xfa,0x12,0x00,0xf4,0x74,0x00,
  0x00,0x00,0x00,0x00,0x00,0x00,0xf4,0x74,0x00,0x00,0x00,0x00,0x00,0x00,0x00,0xf4,0x74,0x00,0x00,0x00,0x00,0x00,0x00,0x00,
  0xf4,0x93,0xb4,0xf1,0xe1,0x75,0x00,0x00,0x00,0xf4,0xff,0x78,0x11,0x52,0xf5,0x6c,0x00,0x00,0xf4,0xba,0x00,0x00,0x00,0x8b,
  0xe6,0x02,0x00,0xf4,0x72,0x00,0x00,0x00,0x4a,0xff,0x1f,0x00,0xf4,0x5d,0x00,0x00,0x00,0x37,0xff,0x39,0x00,0xf4,0x6c,0x00,
  0x00,0x00,0x4d,0xff,0x26,0x00,0xf4,0xa9,0x00,0x00,0x00,0x93,0xe5,0x01,0x00,0xf4,0xfd,0x61,0x0b,0x5a,0xf8,0x62,0x00,0x00,
  0xf4,0x85,0xc2,0xf9,0xde,0x63,0x00,0x00,0x00,0x02,0x76,0xdc,0xf8,0xdc,0x7b,0x02,0x00,0x8f,0xec,0x4a,0x0e,0x3e,0xe5,0x7a,
  0x11,0xfc,0x6e,0x00,0x00,0x00,0x00,0x00,0x48,0xff,0x2d,0x00,0x00,0x00,0x00,0x00,0x5b,0xff,0x1a,0x00,0x00,0x00,0x00,0x00,
  0x4c,0xff,0x2d,0x00,0x00,0x00,0x00,0x00,0x16,0xfb,0x6c,0x00,0x00,0x00,0x00,0x00,0x00,0x93,0xe9,0x42,0x07,0x2c,0xd4,0x9a,
  0x00,0x03,0x7f,0xe2,0xf9,0xde,0x85,0x06,0x00,0x00,0x00,0x00,0x00,0x00,0xa8,0xc0,0x00,0x00,0x00,0x00,0x00,0x00,0x00,0xa8,
  0xc0,0x00,0x00,0x00,0x00,0x00,0x00,0x00,0xa8,0xc0,0x00,0x00,0x08,0x91,0xea,0xf2,0x9b,0xb4,0xc0,0x00,0x00,0xa7,0xdf,0x35,
  0x15,0x99,0xff,0xc0,0x00,0x22,0xff,0x57,0x00,0x00,0x03,0xde,0xc0,0x00,0x5d,0xff,0x19,0x00,0x00,0x00,0x9e,0xc0,0x00,0x6e,
  0xff,0x06,0x00,0x00,0x00,0x8c,0xc0,0x00,0x5b,0xff,0x1b,0x00,0x00,0x00,0xa0,0xc0,0x00,0x1c,0xfe,0x60,0x00,0x00,0x02,0xdb,
  0xc0,0x00,0x00,0x95,0xe6,0x3d,0x12,0x8e,0xff,0xc0,0x00,0x00,0x03,0x84,0xe7,0xf6,0xae,0xa3,0xc0,0x00,0x00,0x01,0x73,0xdc,
  0xf9,0xd6,0x5c,0x00,0x00,0x00,0x87,0xf3,0x53,0x0b,0x56,0xf9,0x5e,0x00,0x15,0xfa,0x7c,0x00,0x00,0x00,0x94,0xe3,0x01,0x50,
  0xff,0x35,0x00,0x00,0x00,0x54,0xff,0x23,0x63,0xff,0xff,0xff,0xff,0xff,0xff,0xff,0x39,0x54,0xff,0x22,0x00,0x00,0x00,0x00,
  0x00,0x00,0x1b,0xfc,0x69,0x00,0x00,0x00,0x79,0xf2,0x0b,0x00,0x95,0xed,0x4d,0x0b,0x45,0xf2,0x7c,0x00,0x00,0x03,0x7b,0xde,
  0xf9,0xda,0x71,0x01,0x00,0x00,0x1c,0xc4,0xf9,0xd8,0x00,0x89,0xed,0x19,0x08,0x00,0x9b,0xcc,0x00,0x00,0xd8,0xff,0xff,0xff,
  0x68,0x00,0x9c,0xcc,0x00,0x00,0x00,0x9c,0xcc,0x00,0x00,0x00,0x9c,0xcc,0x00,0x00,0x00,0x9c,0xcc,0x00,0x00,0x00,0x9c,0xcc,
  0x00,0x00,0x00,0x9c,0xcc,0x00,0x00,0x00,0x9c,0xcc,0x00,0x00,0x00,0x9c,0xcc,0x00,0x00,0x00,0x07,0x90,0xe9,0xec,0xa9,0x90,
  0xd4,0x00,0x00,0xa2,0xe2,0x39,0x15,0x96,0xff,0xd4,0x00,0x22,0xfe,0x56,0x00,0x00,0x03,0xdc,0xd4,0x00,0x61,0xff,0x12,0x00,
  0x00,0x00,0x98,0xd4,0x00,0x75,0xfd,0x01,0x00,0x00,0x00,0x83,0xd4,0x00,0x5b,0xff,0x12,0x00,0x00,0x00,0x97,0xd4,0x00,0x21,
  0xfc,0x52,0x00,0x00,0x01,0xd7,0xd4,0x00,0x00,0x9e,0xdd,0x35,0x13,0x8c,0xff,0xd2,0x00,0x00,0x0a,0x96,0xed,0xeb,0x9f,0xaa,
  0xc7,0x00,0x00,0x00,0x00,0x00,0x00,0x00,0xb2,0xa4,0x00,0x17,0xfd,0x86,0x0f,0x0b,0x5d,0xf8,0x3c,0x00,0x00,0x51,0xc8,0xf3,
  0xf4,0xc5,0x46,0x00,0x00,0x00,0xf0,0x78,0x00,0x00,0x00,0x00,0x00,0x00,0x00,0xf0,0x78,0x00,0x00,0x00,0x00,0x00,0x00,0x00,
  0xf0,0x78,0x00,0x00,0x00,0x00,0x00,0x00,0x00,0xf0,0x97,0xac,0xec,0xee,0x96,0x08,0x00,0x00,0xf0,0xfd,0x67,0x0b,0x3f,0xf7,
  0x7d,0x00,0x00,0xf0,0xad,0x00,0x00,0x00,0xaf,0xbe,0x00,0x00,0xf0,0x7f,0x00,0x00,0x00,0x98,0xce,0x00,0x00,0xf0,0x78,0x00,
  0x00,0x00,0x98,0xd0,0x00,0x00,0xf0,0x78,0x00,0x00,0x00,0x98,0xd0,0x00,0x00,0xf0,0x78,0x00,0x00,0x00,0x98,0xd0,0x00,0x00,
  0xf0,0x78,0x00,0x00,0x00,0x98,0xd0,0x00,0x00,0xf0,0x78,0x00,0x00,0x00,0x98,0xd0,0x00,0x00,0xf0,0x78,0x00,0x00,0x00,0x00,
  0x00,0x00,0x00,0x00,0x00,0x00,0xf0,0x78,0x00,0x00,0xf0,0x78,0x00,0x00,0xf0,0x78,0x00,0x00,0xf0,0x78,0x00,0x00,0xf0,0x78,
  0x00,0x00,0xf0,0x78,0x00,0x00,0xf0,0x78,0x00,0x00,0xf0,0x78,0x00,0x00,0xf0,0x78,0x00,0x00,0x00,0xf4,0x74,0x00,0x00,0x00,
  0x00,0x00,0x00,0x00,0x00,0x00,0x00,0x00,0x00,0x00,0xf4,0x74,0x00,0x00,0x00,0xf4,0x74,0x00,0x00,0x00,0xf4,0x74,0x00,0x00,
  0x00,0xf4,0x74,0x00,0x00,0x00,0xf4,0x74,0x00,0x00,0x00,0xf4,0x74,0x00,0x00,0x00,0xf4,0x74,0x00,0x00,0x00,0xf4,0x74,0x00,
  0x00,0x00,0xf4,0x74,0x00,0x00,0x00,0xf8,0x6a,0x00,0x08,0x29,0xff,0x48,0x00,0x92,0xf4,0xa6,0x05,0x00,0x00,0xf0,0x78,0x00,
  0x00,0x00,0x00,0x00,0x00,0xf0,0x78,0x00,0x00,0x00,0x00,0x00,0x00,0xf0,0x78,0x00,0x00,0x00,0x00,0x00,0x00,0xf0,0x78,0x00,
  0x03,0xaa,0xf1,0x34,0x00,0xf0,0x78,0x01,0x9e,0xf6,0x3d,0x00,0x00,0xf0,0x78,0x91,0xf9,0x47,0x00,0x00,0x00,0xf0,0xe0,0xff,
  0xa4,0x00,0x00,0x00,0x00,0xf0,0xfe,0xbb,0xfb,0x2e,0x00,0x00,0x00,0xf0,0x8f,0x06,0xda,0xc6,0x01,0x00,0x00,0xf0,0x78,0x00,
  0x49,0xff,0x65,0x00,0x00,0xf0,0x78,0x00,0x00,0xb1,0xed,0x15,0x00,0xf0,0x78,0x00,0x00,0x21,0xf7,0xa1,0x00,0xf8,0x70,0x00,
  0x00,0xf8,0x70,0x00,0x00,0xf8,0x70,0x00,0x00,0xf8,0x70,0x00,0x00,0xf8,0x70,0x00,0x00,0xf8,0x70,0x00,0x00,0xf8,0x70,0x00,
  0x00,0xf8,0x70,0x00,0x00,0xf8,0x70,0x00,0x00,0xf8,0x70,0x00,0x00,0xf8,0x70,0x00,0x00,0xf8,0x70,0x00,0x00,0xf0,0x6b,0xb6,
  0xf6,0xea,0x7f,0x27,0xbc,0xf6,0xdc,0x51,0x00,0x00,0xf0,0xf8,0x59,0x0a,0x7a,0xff,0xe6,0x4a,0x11,0x94,0xf3,0x11,0x00,0xf0,
  0xad,0x00,0x00,0x12,0xff,0x93,0x00,0x00,0x24,0xff,0x3c,0x00,0xf0,0x82,0x00,0x00,0x04,0xff,0x6a,0x00,0x00,0x18,0xff,0x4c,
  0x00,0xf0,0x78,0x00,0x00,0x04,0xff,0x64,0x00,0x00,0x18,0xff,0x4c,0x00,0xf0,0x78,0x00,0x00,0x04,0xff,0x64,0x00,0x00,0x18,
  0xff,0x4c,0x00,0xf0,0x78,0x00,0x00,0x04,0xff,0x64,0x00,0x00,0x18,0xff,0x4c,0x00,0xf0,0x78,0x00,0x00,0x04,0xff,0x64,0x00,
  0x00,0x18,0xff,0x4c,0x00,0xf0,0x78,0x00,0x00,0x04,0xff,0x64,0x00,0x00,0x18,0xff,0x4c,0x00,0xf0,0x73,0xb1,0xf4,0xee,0x97,
  0x07,0x00,0x00,0xf0,0xf7,0x61,0x0c,0x40,0xf6,0x75,0x00,0x00,0xf0,0xa9,0x00,0x00,0x00,0xb0,0xbf,0x00,0x00,0xf0,0x7e,0x00,
  0x00,0x00,0x9d,0xca,0x00,0x00,0xf0,0x78,0x00,0x00,0x00,0x9c,0xcc,0x00,0x00,0xf0,0x78,0x00,0x00,0x00,0x9c,0xcc,0x00,0x00,
  0xf0,0x78,0x00,0x00,0x00,0x9c,0xcc,0x00,0x00,0xf0,0x78,0x00,0x00,0x00,0x9c,0xcc,0x00,0x00,0xf0,0x78,0x00,0x00,0x00,0x9c,
  0xcc,0x00,0x00,0x05,0x75,0xd7,0xf7,0xd7,0x65,0x00,0x00,0x00,0xa1,0xe9,0x46,0x0f,0x5d,0xf7,0x73,0x00,0x26,0xff,0x5f,0x00,
  0x00,0x00,0x8a,0xf2,0x0a,0x63,0xff,0x18,0x00,0x00,0x00,0x41,0xff,0x3c,0x74,0xff,0x03,0x00,0x00,0x00,0x2b,0xff,0x4a,0x63,
  0xff,0x18,0x00,0x00,0x00,0x43,0xff,0x38,0x27,0xff,0x60,0x00,0x00,0x00,0x8c,0xf4,0x08,0x00,0xa2,0xe9,0x45,0x0e,0x5d,0xf7,
  0x78,0x00,0x00,0x05,0x83,0xe2,0xf8,0xd3,0x64,0x00,0x00,0x00,0xf0,0x78,0xbb,0xf7,0xe1,0x73,0x00,0x00,0x00,0xf0,0xfc,0x7e,
  0x12,0x52,0xf5,0x73,0x00,0x00,0xf0,0xbf,0x00,0x00,0x00,0x89,0xec,0x03,0x00,0xf0,0x72,0x00,0x00,0x00,0x47,0xff,0x2c,0x00,
  0xf0,0x5a,0x00,0x00,0x00,0x33,0xff,0x3d,0x00,0xf0,0x6c,0x00,0x00,0x00,0x49,0xff,0x28,0x00,0xf0,0xab,0x00,0x00,0x00,0x8d,
  0xe5,0x01,0x00,0xf0,0xfc,0x66,0x0f,0x57,0xf6,0x62,0x00,0x00,0xf0,0x9e,0xbb,0xf2,0xd8,0x5f,0x00,0x00,0x00,0xf0,0x78,0x00,
  0x00,0x00,0x00,0x00,0x00,0x00,0xf0,0x78,0x00,0x00,0x00,0x00,0x00,0x00,0x00,0xf0,0x78,0x00,0x00,0x00,0x00,0x00,0x00,0x00,
  0x08,0x91,0xea,0xf2,0xa0,0x90,0xc0,0x00,0x00,0xa4,0xe3,0x38,0x17,0xa3,0xfb,0xc0,0x00,0x1f,0xff,0x5c,0x00,0x00,0x07,0xe9,
  0xc0,0x00,0x5a,0xff,0x1d,0x00,0x00,0x00,0xa3,0xc0,0x00,0x6b,0xff,0x0a,0x00,0x00,0x00,0x8b,0xc0,0x00,0x57,0xff,0x20,0x00,
  0x00,0x00,0x9d,0xc0,0x00,0x1a,0xfc,0x66,0x00,0x00,0x02,0xda,0xc0,0x00,0x00,0x8f,0xe9,0x41,0x12,0x8d,0xff,0xc0,0x00,0x00,
  0x02,0x7f,0xe7,0xf5,0xab,0xbc,0xc0,0x00,0x00,0x00,0x00,0x00,0x00,0x00,0xa8,0xc0,0x00,0x00,0x00,0x00,0x00,0x00,0x00,0xa8,
  0xc0,0x00,0x00,0x00,0x00,0x00,0x00,0x00,0xa8,0xc0,0x00,0x00,0xf4,0x8f,0xda,0xf0,0x56,0x00,0xf4,0xf7,0x31,0x2b,0x14,0x00,
  0xf4,0xa7,0x00,0x00,0x00,0x00,0xf4,0x85,0x00,0x00,0x00,0x00,0xf4,0x74,0x00,0x00,0x00,0x00,0xf4,0x74,0x00,0x00,0x00,0x00,
  0xf4,0x74,0x00,0x00,0x00,0x00,0xf4,0x74,0x00,0x00,0x00,0x00,0xf4,0x74,0x00,0x00,0x00,0x00,0x38,0xc2,0xf3,0xe5,0xb6,0x33,
  0x00,0x0e,0xf0,0x7d,0x0b,0x13,0xa2,0xe4,0x02,0x39,0xff,0x33,0x00,0x00,0x00,0x00,0x00,0x0c,0xe6,0xe8,0x81,0x31,0x00,0x00,
  0x00,0x00,0x1f,0x95,0xe5,0xff,0xe0,0x66,0x00,0x00,0x00,0x00,0x00,0x32,0xa9,0xff,0x36,0x00,0x00,0x00,0x00,0x00,0x1d,0xff,
  0x59,0x46,0xfc,0x54,0x0a,0x10,0x93,0xf2,0x18,0x00,0x61,0xcf,0xf4,0xf5,0xbe,0x36,0x00,0x00,0x2f,0x7e,0x00,0x00,0x00,0xb0,
  0xb8,0x00,0x00,0x00,0xb0,0xb8,0x00,0x00,0xb8,0xff,0xff,0xff,0x20,0x00,0xb0,0xb8,0x00,0x00,0x00,0xb0,0xb8,0x00,0x00,0x00,
  0xb0,0xb8,0x00,0x00,0x00,0xb0,0xb8,0x00,0x00,0x00,0xb0,0xb8,0x00,0x00,0x00,0xad,0xb8,0x00,0x00,0x00,0x9c,0xd3,0x13,0x0b,
  0x00,0x2d,0xdf,0xf9,0x3c,0x00,0xf8,0x70,0x00,0x00,0x00,0xa8,0xc0,0x00,0x00,0xf8,0x70,0x00,0x00,0x00,0xa8,0xc0,0x00,0x00,
  0xf8,0x70,0x00,0x00,0x00,0xa8,0xc0,0x00,0x00,0xf8,0x70,0x00,0x00,0x00,0xa8,0xc0,0x00,0x00,0xf8,0x70,0x00,0x00,0x00,0xa8,
  0xc0,0x00,0x00,0xf7,0x72,0x00,0x00,0x00,0xb1,0xc0,0x00,0x00,0xe9,0x85,0x00,0x00,0x01,0xdd,0xc0,0x00,0x00,0xa0,0xe1,0x28,
  0x10,0x8b,0xf9,0xc0,0x00,0x00,0x16,0xab,0xf4,0xed,0x97,0x8a,0xc0,0x00,0xa0,0xd9,0x00,0x00,0x00,0x00,0xcc,0xa2,0x46,0xff,
  0x2e,0x00,0x00,0x21,0xff,0x49,0x03,0xe8,0x83,0x00,0x00,0x78,0xeb,0x04,0x00,0x92,0xd7,0x00,0x00,0xce,0x96,0x00,0x00,0x38,
  0xff,0x2c,0x23,0xff,0x3d,0x00,0x00,0x00,0xdd,0x7f,0x79,0xe2,0x01,0x00,0x00,0x00,0x85,0xca,0xcb,0x8a,0x00,0x00,0x00,0x00,
  0x2a,0xfe,0xfe,0x31,0x00,0x00,0x00,0x00,0x00,0xd1,0xd8,0x00,0x00,0x00,0xd0,0x9e,0x00,0x00,0x10,0xfe,0xa0,0x00,0x00,0x13,
  0xfe,0x4a,0x88,0xdd,0x00,0x00,0x4b,0xff,0xd9,0x00,0x00,0x54,0xf7,0x09,0x3f,0xff,0x1b,0x00,0x87,0xd2,0xff,0x14,0x00,0x96,
  0xb7,0x00,0x05,0xf1,0x59,0x00,0xc4,0x6c,0xfd,0x4c,0x00,0xd9,0x6d,0x00,0x00,0xae,0x97,0x07,0xf8,0x26,0xcf,0x86,0x1a,0xff,
  0x23,0x00,0x00,0x66,0xd7,0x3d,0xe7,0x00,0x8b,0xc2,0x5f,0xda,0x00,0x00,0x00,0x1d,0xff,0xa4,0xaa,0x00,0x48,0xfb,0xbf,0x90,
  0x00,0x00,0x00,0x00,0xd5,0xfe,0x6c,0x00,0x0b,0xfa,0xff,0x46,0x00,0x00,0x00,0x00,0x8c,0xff,0x2e,0x00,0x00,0xc2,0xf5,0x07,
  0x00,0x00,0x56,0xff,0x5d,0x00,0x00,0x4c,0xff,0x58,0x00,0xaf,0xdd,0x04,0x03,0xd5,0xb2,0x00,0x00,0x19,0xef,0x6f,0x79,0xf1,
  0x1b,0x00,0x00,0x00,0x64,0xfd,0xff,0x66,0x00,0x00,0x00,0x00,0x0f,0xf6,0xf9,0x15,0x00,0x00,0x00,0x00,0x99,0xf7,0xf7,0xa3,
  0x00,0x00,0x00,0x40,0xfe,0x75,0x7b,0xff,0x48,0x00,0x09,0xdc,0xcb,0x03,0x04,0xcf,0xe0,0x0c,0x8d,0xfa,0x2d,0x00,0x00,0x31,
  0xfb,0x91,0x8f,0xee,0x06,0x00,0x00,0x00,0xb6,0xaf,0x34,0xff,0x4d,0x00,0x00,0x0e,0xf9,0x57,0x00,0xd9,0xa6,0x00,0x00,0x5a,
  0xf4,0x0a,0x00,0x7f,0xf4,0x0a,0x00,0xac,0xa7,0x00,0x00,0x24,0xff,0x58,0x09,0xf4,0x4e,0x00,0x00,0x00,0xca,0xab,0x52,0xef,
  0x06,0x00,0x00,0x00,0x6f,0xf1,0xb8,0x9e,0x00,0x00,0x00,0x00,0x18,0xfc,0xff,0x46,0x00,0x00,0x00,0x00,0x00,0xbb,0xe9,0x03,
  0x00,0x00,0x00,0x00,0x00,0xce,0x8c,0x00,0x00,0x00,0x04,0x0b,0x58,0xf7,0x1d,0x00,0x00,0x00,0x0f,0xf1,0xe7,0x55,0x00,0x00,
  0x00,0x00,0x60,0xff,0xff,0xff,0xff,0xff,0xff,0x65,0x00,0x00,0x00,0x00,0x04,0xc3,0xdc,0x0e,0x00,0x00,0x00,0x00,0x87,0xf9,
  0x33,0x00,0x00,0x00,0x00,0x48,0xfe,0x6e,0x00,0x00,0x00,0x00,0x1b,0xeb,0xaf,0x00,0x00,0x00,0x00,0x03,0xc1,0xe0,0x11,0x00,
  0x00,0x00,0x00,0x85,0xfa,0x38,0x00,0x00,0x00,0x00,0x46,0xfe,0x6f,0x00,0x00,0x00,0x00,0x00,0xaf,0xff,0xff,0xff,0xff,0xff,
  0xff,0xa8,0x00,0x00,0x33,0xda,0xf6,0x00,0x00,0xbf,0xa3,0x08,0x00,0x00,0xe7,0x67,0x00,0x00,0x00,0xee,0x61,0x00,0x00,0x00,
  0xf4,0x5b,0x00,0x00,0x09,0xfe,0x3e,0x00,0x06,0x85,0xda,0x05,0x00,0x8c,0xf6,0x2f,0x00,0x00,0x06,0x88,0xd7,0x04,0x00,0x00,
  0x0a,0xfe,0x3b,0x00,0x00,0x00,0xf5,0x58,0x00,0x00,0x00,0xee,0x63,0x00,0x00,0x00,0xe4,0x66,0x00,0x00,0x00,0xb7,0x9f,0x06,
  0x00,0x00,0x30,0xd8,0xf6,0x00,0x88,0xb4,0x00,0x00,0x88,0xb4,0x00,0x00,0x88,0xb4,0x00,0x00,0x88,0xb4,0x00,0x00,0x88,0xb4,
  0x00,0x00,0x88,0xb4,0x00,0x00,0x88,0xb4,0x00,0x00,0x88,0xb4,0x00,0x00,0x88,0xb4,0x00,0x00,0x88,0xb4,0x00,0x00,0x88,0xb4,
  0x00,0x00,0x88,0xb4,0x00,0x00,0x88,0xb4,0x00,0x00,0x88,0xb4,0x00,0x00,0x88,0xb4,0x00,0x9f,0xf1,0x6d,0x00,0x00,0x01,0x4a,
  0xfa,0x14,0x00,0x00,0x0f,0xff,0x3a,0x00,0x00,0x0c,0xff,0x42,0x00,0x00,0x03,0xff,0x49,0x00,0x00,0x00,0xe7,0x60,0x00,0x00,
  0x00,0x87,0xce,0x16,0x00,0x00,0x05,0xc7,0xe4,0x00,0x00,0x85,0xcf,0x17,0x00,0x00,0xe7,0x60,0x00,0x00,0x04,0xff,0x49,0x00,
  0x00,0x0a,0xff,0x43,0x00,0x00,0x10,0xff,0x3e,0x00,0x01,0x4f,0xfe,0x19,0x00,0x9f,0xf0,0x72,0x00,0x00,0x09,0x99,0xeb,0xe7,
  0xa5,0x46,0x08,0x37,0x81,0x45,0x64,0x0f,0x26,0x80,0xda,0xf6,0xc6,0x33,0x00,0x00,0x00,0x00,0x00,0x00,0x00,0x00,0x00,0x00,
  0x00,0x00,0x00,0x00,0x00,0x00,0x00,0x00,0x00,0x00,0x00,0x00,0x00,0x00,0x00,0x00,0x00,0x00,0x00,0x00,0x00,0x00,0x00,0x00,
  0x00,0x00,0x00,0x00,0x00,0x00,0x00,0x00,0x00,0x00,0x00,0x00,0x00,0x04,0xca,0x68,0x03,0xc6,0x74,0x00,0x00,0x00,0x86,0xd0,
  0x03,0x7d,0xd8,0x05,0x00,0x00,0x3f,0xfc,0x3e,0x35,0xfb,0x47,0x00,0x00,0x00,0xc6,0xcd,0x00,0xb7,0xd5,0x00,0x00,0x00,0x00,
  0x3f,0xfc,0x3c,0x35,0xfb,0x46,0x00,0x00,0x00,0x00,0x86,0xce,0x02,0x7d,0xd7,0x05,0x00,0x00,0x00,0x05,0xca,0x65,0x03,0xc6,
  0x74,0x00,0x00,0x00,0x00,0x00,0x00,0x00,0x00,0x00,0x00,0x00,0x24,0xff,0x78,0x00,0x00,0x00,0x00,0x00,0x00,0x00,0x00,0x00,
  0x00,0x00,0x00,0x00,0x00,0x00,0x00,0x00,0x00,0x00,0x00,0x00,0x00,0x00,0x00,0x00,0x00,0x00,0x9d,0xa1,0x00,0x92,0xa6,0x00,
  0x00,0x00,0x00,0x16,0xf0,0x54,0x10,0xeb,0x5d,0x00,0x00,0x00,0x00,0x6f,0xed,0x1a,0x66,0xf2,0x22,0x00,0x00,0x00,0x08,0xf5,
  0x8f,0x04,0xf0,0x9e,0x00,0x00,0x00,0x6f,0xed,0x1a,0x65,0xf2,0x22,0x00,0x00,0x15,0xef,0x54,0x0f,0xe9,0x5d,0x00,0x00,0x00,
  0x9d,0xa1,0x00,0x8e,0xa7,0x00,0x00,0x00,0x00,0x00,0x00,0x00,0x00,0x00,0x00,0x00,0x00,0x00,0x00,0x00,0x00,0x21,0xe8,0xa7,
  0x00,0x00,0x00,0x00,0x00,0x00,0x00,0x00,0x00,0x00,0x31,0xf0,0x31,0x00,0x00,0x00,0x00,0x00,0x00,0x00,0x00,0x00,0x00,0x00,
  0x00,0x00,0x00,0x00,0x00,0x00,0x00,0x00,0x00,0x00,0xd0,0xff,0x35,0x00,0x00,0x00,0x00,0x00,0x00,0x00,0x00,0x2d,0xff,0xcf,
  0x99,0x00,0x00,0x00,0x00,0x00,0x00,0x00,0x00,0x8c,0xe5,0x82,0xf2,0x0b,0x00,0x00,0x00,0x00,0x00,0x00,0x03,0xe6,0xa3,0x35,
  0xff,0x61,0x00,0x00,0x00,0x00,0x00,0x00,0x48,0xff,0x48,0x00,0xd8,0xc5,0x00,0x00,0x00,0x00,0x00,0x00,0xa6,0xdf,0x02,0x00,
  0x71,0xff,0x29,0x00,0x00,0x00,0x00,0x0d,0xf5,0x7b,0x00,0x00,0x11,0xf6,0x8d,0x00,0x00,0x00,0x00,0x62,0xff,0xff,0xff,0xff,
  0xff,0xff,0xeb,0x06,0x00,0x00,0x00,0xc0,0xaf,0x00,0x00,0x00,0x00,0x32,0xff,0x55,0x00,0x00,0x1e,0xfe,0x5f,0x00,0x00,0x00,
  0x00,0x00,0xdc,0xb9,0x00,0x00,0x7c,0xfc,0x13,0x00,0x00,0x00,0x00,0x00,0x88,0xfd,0x1f,0x00,0xd8,0xbf,0x00,0x00,0x00,0x00,
  0x00,0x00,0x33,0xff,0x81,0x00,0x00,0x00,0x00,0x00,0x0e,0xec,0xaf,0x02,0x00,0x00,0x00,0x00,0x00,0x00,0x00,0x00,0x81,0xcb,
  0x0a,0x00,0x00,0x00,0x00,0x00,0x00,0x00,0x00,0x00,0x00,0x00,0x00,0x00,0x00,0x00,0x00,0x00,0x00,0x00,0x00,0x00,0xd0,0xff,
  0x35,0x00,0x00,0x00,0x00,0x00,0x00,0x00,0x00,0x2d,0xff,0xcf,0x99,0x00,0x00,0x00,0x00,0x00,0x00,0x00,0x00,0x8c,0xe5,0x82,
  0xf2,0x0b,0x00,0x00,0x00,0x00,0x00,0x00,0x03,0xe6,0xa3,0x35,0xff,0x61,0x00,0x00,0x00,0x00,0x00,0x00,0x48,0xff,0x48,0x00,
  0xd8,0xc5,0x00,0x00,0x00,0x00,0x00,0x00,0xa6,0xdf,0x02,0x00,0x71,0xff,0x29,0x00,0x00,0x00,0x00,0x0d,0xf5,0x7b,0x00,0x00,
  0x11,0xf6,0x8d,0x00,0x00,0x00,0x00,0x62,0xff,0xff,0xff,0xff,0xff,0xff,0xeb,0x06,0x00,0x00,0x00,0xc0,0xaf,0x00,0x00,0x00,
  0x00,0x32,0xff,0x55,0x00,0x00,0x1e,0xfe,0x5f,0x00,0x00,0x00,0x00,0x00,0xdc,0xb9,0x00,0x00,0x7c,0xfc,0x13,0x00,0x00,0x00,
  0x00,0x00,0x88,0xfd,0x1f,0x00,0xd8,0xbf,0x00,0x00,0x00,0x00,0x00,0x00,0x33,0xff,0x81,0x00,0x00,0x00,0x00,0x1f,0xe8,0xfe,
  0x54,0x00,0x00,0x00,0x00,0x00,0x00,0x00,0x0d,0xd2,0xba,0x68,0xf7,0x3b,0x00,0x00,0x00,0x00,0x00,0x00,0x00,0x00,0x00,0x00,
  0x00,0x00,0x00,0x00,0x00,0x00,0x00,0x00,0x00,0x00,0xd0,0xff,0x35,0x00,0x00,0x00,0x00,0x00,0x00,0x00,0x00,0x2d,0xff,0xcf,
  0x99,0x00,0x00,0x00,0x00,0x00,0x00,0x00,0x00,0x8c,0xe5,0x82,0xf2,0x0b,0x00,0x00,0x00,0x00,0x00,0x00,0x03,0xe6,0xa3,0x35,
  0xff,0x61,0x00,0x00,0x00,0x00,0x00,0x00,0x48,0xff,0x48,0x00,0xd8,0xc5,0x00,0x00,0x00,0x00,0x00,0x00,0xa6,0xdf,0x02,0x00,
  0x71,0xff,0x29,0x00,0x00,0x00,0x00,0x0d,0xf5,0x7b,0x00,0x00,0x11,0xf6,0x8d,0x00,0x00,0x00,0x00,0x62,0xff,0xff,0xff,0xff,
  0xff,0xff,0xeb,0x06,0x00,0x00,0x00,0xc0,0xaf,0x00,0x00,0x00,0x00,0x32,0xff,0x55,0x00,0x00,0x1e,0xfe,0x5f,0x00,0x00,0x00,
  0x00,0x00,0xdc,0xb9,0x00,0x00,0x7c,0xfc,0x13,0x00,0x00,0x00,0x00,0x00,0x88,0xfd,0x1f,0x00,0xd8,0xbf,0x00,0x00,0x00,0x00,
  0x00,0x00,0x33,0xff,0x81,0x00,0x00,0x00,0x01,0xab,0xeb,0x72,0x37,0xe1,0x00,0x00,0x00,0x00,0x00,0x00,0x32,0xe3,0x1e,0x9f,
  0xf1,0x69,0x00,0x00,0x00,0x00,0x00,0x00,0x00,0x00,0x00,0x00,0x00,0x00,0x00,0x00,0x00,0x00,0x00,0x00,0x00,0x00,0xd0,0xff,
  0x35,0x00,0x00,0x00,0x00,0x00,0x00,0x00,0x00,0x2d,0xff,0xcf,0x99,0x00,0x00,0x00,0x00,0x00,0x00,0x00,0x00,0x8c,0xe5,0x82,
  0xf2,0x0b,0x00,0x00,0x00,0x00,0x00,0x00,0x03,0xe6,0xa3,0x35,0xff,0x61,0x00,0x00,0x00,0x00,0x00,0x00,0x48,0xff,0x48,0x00,
  0xd8,0xc5,0x00,0x00,0x00,0x00,0x00,0x00,0xa6,0xdf,0x02,0x00,0x71,0xff,0x29,0x00,0x00,0x00,0x00,0x0d,0xf5,0x7b,0x00,0x00,
  0x11,0xf6,0x8d,0x00,0x00,0x00,0x00,0x62,0xff,0xff,0xff,0xff,0xff,0xff,0xeb,0x06,0x00,0x00,0x00,0xc0,0xaf,0x00,0x00,0x00,
  0x00,0x32,0xff,0x55,0x00,0x00,0x1e,0xfe,0x5f,0x00,0x00,0x00,0x00,0x00,0xdc,0xb9,0x00,0x00,0x7c,0xfc,0x13,0x00,0x00,0x00,
  0x00,0x00,0x88,0xfd,0x1f,0x00,0xd8,0xbf,0x00,0x00,0x00,0x00,0x00,0x00,0x33,0xff,0x81,0x00,0x00,0x00,0x08,0xff,0x70,0x20,
  0xff,0x58,0x00,0x00,0x00,0x00,0x00,0x00,0x00,0x00,0x00,0x00,0x00,0x00,0x00,0x00,0x00,0x00,0x00,0x00,0x00,0x00,0xd0,0xff,
  0x35,0x00,0x00,0x00,0x00,0x00,0x00,0x00,0x00,0x2d,0xff,0xcf,0x99,0x00,0x00,0x00,0x00,0x00,0x00,0x00,0x00,0x8c,0xe5,0x82,
  0xf2,0x0b,0x00,0x00,0x00,0x00,0x00,0x00,0x03,0xe6,0xa3,0x35,0xff,0x61,0x00,0x00,0x00,0x00,0x00,0x00,0x48,0xff,0x48,0x00,
  0xd8,0xc5,0x00,0x00,0x00,0x00,0x00,0x00,0xa6,0xdf,0x02,0x00,0x71,0xff,0x29,0x00,0x00,0x00,0x00,0x0d,0xf5,0x7b,0x00,0x00,
  0x11,0xf6,0x8d,0x00,0x00,0x00,0x00,0x62,0xff,0xff,0xff,0xff,0xff,0xff,0xeb,0x06,0x00,0x00,0x00,0xc0,0xaf,0x00,0x00,0x00,
  0x00,0x32,0xff,0x55,0x00,0x00,0x1e,0xfe,0x5f,0x00,0x00,0x00,0x00,0x00,0xdc,0xb9,0x00,0x00,0x7c,0xfc,0x13,0x00,0x00,0x00,
  0x00,0x00,0x88,0xfd,0x1f,0x00,0xd8,0xbf,0x00,0x00,0x00,0x00,0x00,0x00,0x33,0xff,0x81,0x00,0x00,0x00,0x00,0x05,0xbb,0xe7,
  0x32,0x00,0x00,0x00,0x00,0x00,0x00,0x00,0x00,0x30,0x97,0x3d,0x87,0x00,0x00,0x00,0x00,0x00,0x00,0x00,0x00,0x06,0xff,0xff,
  0x67,0x00,0x00,0x00,0x00,0x00,0x00,0x00,0x00,0x2d,0xff,0xcf,0x99,0x00,0x00,0x00,0x00,0x00,0x00,0x00,0x00,0x8c,0xe5,0x82,
  0xf2,0x0b,0x00,0x00,0x00,0x00,0x00,0x00,0x03,0xe6,0xa3,0x35,0xff,0x61,0x00,0x00,0x00,0x00,0x00,0x00,0x48,0xff,0x48,0x00,
  0xd8,0xc5,0x00,0x00,0x00,0x00,0x00,0x00,0xa6,0xdf,0x02,0x00,0x71,0xff,0x29,0x00,0x00,0x00,0x00,0x0d,0xf5,0x7b,0x00,0x00,
  0x11,0xf6,0x8d,0x00,0x00,0x00,0x00,0x62,0xff,0xff,0xff,0xff,0xff,0xff,0xeb,0x06,0x00,0x00,0x00,0xc0,0xaf,0x00,0x00,0x00,
  0x00,0x32,0xff,0x55,0x00,0x00,0x1e,0xfe,0x5f,0x00,0x00,0x00,0x00,0x00,0xdc,0xb9,0x00,0x00,0x7c,0xfc,0x13,0x00,0x00,0x00,
  0x00,0x00,0x88,0xfd,0x1f,0x00,0xd8,0xbf,0x00,0x00,0x00,0x00,0x00,0x00,0x33,0xff,0x81,0x00,0x00,0x00,0x00,0x00,0xb7,0xff,
  0xff,0xff,0xff,0xff,0xff,0xff,0xff,0xec,0x00,0x00,0x00,0x00,0x00,0x2c,0xff,0x47,0x5c,0xff,0x28,0x00,0x00,0x00,0x00,0x00,
  0x00,0x00,0x00,0x00,0x00,0xa2,0xd5,0x01,0x5c,0xff,0x28,0x00,0x00,0x00,0x00,0x00,0x00,0x00,0x00,0x00,0x1c,0xfa,0x65,0x00,
  0x5c,0xff,0x28,0x00,0x00,0x00,0x00,0x00,0x00,0x00,0x00,0x00,0x8c,0xec,0x09,0x00,0x5c,0xff,0x28,0x00,0x00,0x00,0x00,0x00,
  0x00,0x00,0x00,0x0f,0xf1,0x84,0x00,0x00,0x5c,0xff,0xff,0xff,0xff,0xff,0xff,0x84,0x00,0x00,0x00,0x77,0xfa,0x19,0x00,0x00,
  0x5c,0xff,0x28,0x00,0x00,0x00,0x00,0x00,0x00,0x00,0x06,0xe5,0xff,0xff,0xff,0xff,0xff,0xff,0x28,0x00,0x00,0x00,0x00,0x00,
  0x00,0x00,0x62,0xf6,0x0f,0x00,0x00,0x00,0x5c,0xff,0x28,0x00,0x00,0x00,0x00,0x00,0x00,0x01,0xd5,0xa1,0x00,0x00,0x00,0x00,
  0x5c,0xff,0x28,0x00,0x00,0x00,0x00,0x00,0x00,0x4c,0xff,0x3d,0x00,0x00,0x00,0x00,0x5c,0xff,0x28,0x00,0x00,0x00,0x00,0x00,
  0x00,0xc1,0xd9,0x00,0x00,0x00,0x00,0x00,0x5c,0xff,0xff,0xff,0xff,0xff,0xff,0xff,0x20,0x00,0x00,0x00,0x4b,0xb7,0xe9,0xf4,
  0xd1,0x71,0x07,0x00,0x00,0x00,0x00,0x8b,0xf1,0x69,0x19,0x0d,0x51,0xe8,0xb6,0x05,0x00,0x00,0x54,0xff,0x43,0x00,0x00,0x00,
  0x00,0x40,0xff,0x65,0x00,0x00,0xc8,0xc2,0x00,0x00,0x00,0x00,0x00,0x00,0x70,0x35,0x00,0x0e,0xff,0x80,0x00,0x00,0x00,0x00,
  0x00,0x00,0x00,0x00,0x00,0x29,0xff,0x63,0x00,0x00,0x00,0x00,0x00,0x00,0x00,0x00,0x00,0x26,0xff,0x66,0x00,0x00,0x00,0x00,
  0x00,0x00,0x00,0x00,0x00,0x0b,0xfc,0x81,0x00,0x00,0x00,0x00,0x00,0x00,0x0c,0x00,0x00,0x00,0xc2,0xc2,0x00,0x00,0x00,0x00,
  0x00,0x00,0xd0,0xae,0x00,0x00,0x51,0xff,0x42,0x00,0x00,0x00,0x00,0x46,0xff,0x68,0x00,0x00,0x00,0x9b,0xf2,0x66,0x14,0x12,
  0x60,0xee,0xae,0x03,0x00,0x00,0x00,0x00,0x5e,0xc4,0xec,0xf3,0xce,0x6a,0x05,0x00,0x00,0x00,0x00,0x00,0x00,0x07,0xec,0x47,
  0x00,0x00,0x00,0x00,0x00,0x00,0x00,0x00,0x00,0x00,0x30,0xfc,0x41,0x00,0x00,0x00,0x00,0x00,0x00,0x00,0x00,0xf6,0xf6,0xba,
  0x13,0x00,0x00,0x00,0x00,0x00,0x00,0x00,0x0b,0xca,0xd7,0x03,0x00,0x00,0x00,0x00,0x00,0x00,0x00,0x00,0x15,0xda,0x63,0x00,
  0x00,0x00,0x00,0x00,0x00,0x00,0x00,0x00,0x00,0x00,0x00,0x00,0x00,0x00,0x00,0xbc,0xff,0xff,0xff,0xff,0xff,0xff,0xff,0x8c,
  0x00,0x00,0xbc,0xc8,0x00,0x00,0x00,0x00,0x00,0x00,0x00,0x00,0x00,0xbc,0xc8,0x00,0x00,0x00,0x00,0x00,0x00,0x00,0x00,0x00,
  0xbc,0xc8,0x00,0x00,0x00,0x00,0x00,0x00,0x00,0x00,0x00,0xbc,0xc8,0x00,0x00,0x00,0x00,0x00,0x00,0x00,0x00,0x00,0xbc,0xff,
  0xff,0xff,0xff,0xff,0xff,0xff,0x20,0x00,0x00,0xbc,0xc8,0x00,0x00,0x00,0x00,0x00,0x00,0x00,0x00,0x00,0xbc,0xc8,0x00,0x00,
  0x00,0x00,0x00,0x00,0x00,0x00,0x00,0xbc,0xc8,0x00,0x00,0x00,0x00,0x00,0x00,0x00,0x00,0x00,0xbc,0xc8,0x00,0x00,0x00,0x00,
  0x00,0x00,0x00,0x00,0x00,0xbc,0xc8,0x00,0x00,0x00,0x00,0x00,0x00,0x00,0x00,0x00,0xbc,0xff,0xff,0xff,0xff,0xff,0xff,0xff,
  0xd0,0x00,0x00,0x00,0x00,0x00,0x01,0xd1,0xcd,0x0b,0x00,0x00,0x00,0x00,0x00,0x00,0x00,0x59,0xe3,0x1a,0x00,0x00,0x00,0x00,
  0x00,0x00,0x00,0x00,0x00,0x00,0x00,0x00,0x00,0x00,0x00,0x00,0xbc,0xff,0xff,0xff,0xff,0xff,0xff,0xff,0x8c,0x00,0x00,0xbc,
  0xc8,0x00,0x00,0x00,0x00,0x00,0x00,0x00,0x00,0x00,0xbc,0xc8,0x00,0x00,0x00,0x00,0x00,0x00,0x00,0x00,0x00,0xbc,0xc8,0x00,
  0x00,0x00,0x00,0x00,0x00,0x00,0x00,0x00,0xbc,0xc8,0x00,0x00,0x00,0x00,0x00,0x00,0x00,0x00,0x00,0xbc,0xff,0xff,0xff,0xff,
  0xff,0xff,0xff,0x20,0x00,0x00,0xbc,0xc8,0x00,0x00,0x00,0x00,0x00,0x00,0x00,0x00,0x00,0xbc,0xc8,0x00,0x00,0x00,0x00,0x00,
  0x00,0x00,0x00,0x00,0xbc,0xc8,0x00,0x00,0x00,0x00,0x00,0x00,0x00,0x00,0x00,0xbc,0xc8,0x00,0x00,0x00,0x00,0x00,0x00,0x00,
  0x00,0x00,0xbc,0xc8,0x00,0x00,0x00,0x00,0x00,0x00,0x00,0x00,0x00,0xbc,0xff,0xff,0xff,0xff,0xff,0xff,0xff,0xd0,0x00,0x00,
  0x00,0x00,0x01,0xae,0xff,0xa9,0x01,0x00,0x00,0x00,0x00,0x00,0x00,0x88,0xee,0x4a,0xe9,0x8b,0x00,0x00,0x00,0x00,0x00,0x00,
  0x00,0x00,0x00,0x00,0x00,0x00,0x00,0x00,0x00,0xbc,0xff,0xff,0xff,0xff,0xff,0xff,0xff,0x8c,0x00,0x00,0xbc,0xc8,0x00,0x00,
  0x00,0x00,0x00,0x00,0x00,0x00,0x00,0xbc,0xc8,0x00,0x00,0x00,0x00,0x00,0x00,0x00,0x00,0x00,0xbc,0xc8,0x00,0x00,0x00,0x00,
  0x00,0x00,0x00,0x00,0x00,0xbc,0xc8,0x00,0x00,0x00,0x00,0x00,0x00,0x00,0x00,0x00,0xbc,0xff,0xff,0xff,0xff,0xff,0xff,0xff,
  0x20,0x00,0x00,0xbc,0xc8,0x00,0x00,0x00,0x00,0x00,0x00,0x00,0x00,0x00,0xbc,0xc8,0x00,0x00,0x00,0x00,0x00,0x00,0x00,0x00,
  0x00,0xbc,0xc8,0x00,0x00,0x00,0x00,0x00,0x00,0x00,0x00,0x00,0xbc,0xc8,0x00,0x00,0x00,0x00,0x00,0x00,0x00,0x00,0x00,0xbc,
  0xc8,0x00,0x00,0x00,0x00,0x00,0x00,0x00,0x00,0x00,0xbc,0xff,0xff,0xff,0xff,0xff,0xff,0xff,0xd0,0x00,0x00,0x00,0x00,0xac,
  0xcc,0x00,0xc4,0xb4,0x00,0x00,0x00,0x00,0x00,0x00,0x00,0x00,0x00,0x00,0x00,0x00,0x00,0x00,0x00,0xbc,0xff,0xff,0xff,0xff,
  0xff,0xff,0xff,0x8c,0x00,0x00,0xbc,0xc8,0x00,0x00,0x00,0x00,0x00,0x00,0x00,0x00,0x00,0xbc,0xc8,0x00,0x00,0x00,0x00,0x00,
  0x00,0x00,0x00,0x00,0xbc,0xc8,0x00,0x00,0x00,0x00,0x00,0x00,0x00,0x00,0x00,0xbc,0xc8,0x00,0x00,0x00,0x00,0x00,0x00,0x00,
  0x00,0x00,0xbc,0xff,0xff,0xff,0xff,0xff,0xff,0xff,0x20,0x00,0x00,0xbc,0xc8,0x00,0x00,0x00,0x00,0x00,0x00,0x00,0x00,0x00,
  0xbc,0xc8,0x00,0x00,0x00,0x00,0x00,0x00,0x00,0x00,0x00,0xbc,0xc8,0x00,0x00,0x00,0x00,0x00,0x00,0x00,0x00,0x00,0xbc,0xc8,
  0x00,0x00,0x00,0x00,0x00,0x00,0x00,0x00,0x00,0xbc,0xc8,0x00,0x00,0x00,0x00,0x00,0x00,0x00,0x00,0x00,0xbc,0xff,0xff,0xff,
  0xff,0xff,0xff,0xff,0xd0,0x00,0x30,0xf1,0x8f,0x00,0x00,0x42,0xf1,0x1f,0x00,0x00,0x00,0x00,0x00,0x80,0xff,0x04,0x00,0x80,
  0xff,0x04,0x00,0x80,0xff,0x04,0x00,0x80,0xff,0x04,0x00,0x80,0xff,0x04,0x00,0x80,0xff,0x04,0x00,0x80,0xff,0x04,0x00,0x80,
  0xff,0x04,0x00,0x80,0xff,0x04,0x00,0x80,0xff,0x04,0x00,0x80,0xff,0x04,0x00,0x80,0xff,0x04,0x00,0x24,0xfb,0x8d,0x00,0xa5,
  0xaf,0x02,0x00,0x00,0x00,0x00,0x00,0x80,0xff,0x04,0x00,0x80,0xff,0x04,0x00,0x80,0xff,0x04,0x00,0x80,0xff,0x04,0x00,0x80,
  0xff,0x04,0x00,0x80,0xff,0x04,0x00,0x80,0xff,0x04,0x00,0x80,0xff,0x04,0x00,0x80,0xff,0x04,0x00,0x80,0xff,0x04,0x00,0x80,
  0xff,0x04,0x00,0x80,0xff,0x04,0x00,0x19,0xe3,0xff,0x5f,0x00,0x09,0xca,0xc4,0x60,0xf9,0x45,0x00,0x00,0x00,0x00,0x00,0x00,
  0x00,0x00,0x80,0xff,0x04,0x00,0x00,0x00,0x80,0xff,0x04,0x00,0x00,0x00,0x80,0xff,0x04,0x00,0x00,0x00,0x80,0xff,0x04,0x00,
  0x00,0x00,0x80,0xff,0x04,0x00,0x00,0x00,0x80,0xff,0x04,0x00,0x00,0x00,0x80,0xff,0x04,0x00,0x00,0x00,0x80,0xff,0x04,0x00,
  0x00,0x00,0x80,0xff,0x04,0x00,0x00,0x00,0x80,0xff,0x04,0x00,0x00,0x00,0x80,0xff,0x04,0x00,0x00,0x00,0x80,0xff,0x04,0x00,
  0xf8,0x80,0x10,0xff,0x68,0x00,0x00,0x00,0x00,0x00,0x00,0x80,0xff,0x04,0x00,0x00,0x80,0xff,0x04,0x00,0x00,0x80,0xff,0x04,
  0x00,0x00,0x80,0xff,0x04,0x00,0x00,0x80,0xff,0x04,0x00,0x00,0x80,0xff,0x04,0x00,0x00,0x80,0xff,0x04,0x00,0x00,0x80,0xff,
  0x04,0x00,0x00,0x80,0xff,0x04,0x00,0x00,0x80,0xff,0x04,0x00,0x00,0x80,0xff,0x04,0x00,0x00,0x80,0xff,0x04,0x00,0x00,0x00,
  0xc4,0xff,0xff,0xff,0xfc,0xed,0xb8,0x3f,0x00,0x00,0x00,0x00,0x00,0xc4,0xc0,0x00,0x00,0x04,0x1e,0x87,0xfd,0x51,0x00,0x00,
  0x00,0x00,0xc4,0xc0,0x00,0x00,0x00,0x00,0x00,0x9b,0xeb,0x0b,0x00,0x00,0x00,0xc4,0xc0,0x00,0x00,0x00,0x00,0x00,0x2b,0xff,
  0x5a,0x00,0x00,0x00,0xc4,0xc0,0x00,0x00,0x00,0x00,0x00,0x01,0xf3,0x94,0x00,0x00,0x00,0xc4,0xc0,0x00,0x00,0x00,0x00,0x00,
  0x00,0xe1,0xab,0x00,0x08,0xff,0xff,0xff,0xff,0xff,0xe8,0x00,0x00,0x00,0xe5,0xa7,0x00,0x00,0x00,0xc4,0xc0,0x00,0x00,0x00,
  0x00,0x00,0x04,0xf8,0x8f,0x00,0x00,0x00,0xc4,0xc0,0x00,0x00,0x00,0x00,0x00,0x36,0xff,0x4f,0x00,0x00,0x00,0xc4,0xc0,0x00,
  0x00,0x00,0x00,0x00,0xa2,0xe3,0x08,0x00,0x00,0x00,0xc4,0xc0,0x00,0x00,0x04,0x20,0x87,0xfb,0x4b,0x00,0x00,0x00,0x00,0xc4,
  0xff,0xff,0xff,0xfe,0xef,0xb2,0x37,0x00,0x00,0x00,0x00,0x00,0x00,0x27,0xde,0xce,0x3b,0x8e,0x85,0x00,0x00,0x00,0x00,0x00,
  0x00,0x8e,0x90,0x3b,0xce,0xe0,0x24,0x00,0x00,0x00,0x00,0x00,0x00,0x00,0x00,0x00,0x00,0x00,0x00,0x00,0x00,0x00,0x00,0xc8,
  0xf4,0x1a,0x00,0x00,0x00,0x00,0x34,0xff,0x40,0x00,0x00,0xc8,0xe2,0xa0,0x00,0x00,0x00,0x00,0x34,0xff,0x40,0x00,0x00,0xc8,
  0xac,0xad,0x33,0x00,0x00,0x00,0x34,0xff,0x40,0x00,0x00,0xc8,0xac,0x24,0xbb,0x00,0x00,0x00,0x34,0xff,0x40,0x00,0x00,0xc8,
  0xac,0x00,0x8e,0x52,0x00,0x00,0x34,0xff,0x40,0x00,0x00,0xc8,0xac,0x00,0x10,0xc9,0x06,0x00,0x34,0xff,0x40,0x00,0x00,0xc8,
  0xac,0x00,0x00,0x6c,0x74,0x00,0x34,0xff,0x40,0x00,0x00,0xc8,0xac,0x00,0x00,0x04,0xc7,0x14,0x34,0xff,0x40,0x00,0x00,0xc8,
  0xac,0x00,0x00,0x00,0x4b,0x95,0x34,0xff,0x40,0x00,0x00,0xc8,0xac,0x00,0x00,0x00,0x00,0xb6,0x5e,0xff,0x40,0x00,0x00,0xc8,
  0xac,0x00,0x00,0x00,0x00,0x2c,0xde,0xff,0x40,0x00,0x00,0xc8,0xac,0x00,0x00,0x00,0x00,0x00,0x98,0xff,0x40,0x00,0x00,0x00,
  0x00,0x00,0x54,0xfd,0x5f,0x00,0x00,0x00,0x00,0x00,0x00,0x00,0x00,0x00,0x00,0x6c,0xe0,0x07,0x00,0x00,0x00,0x00,0x00,0x00,
  0x00,0x00,0x00,0x00,0x00,0x00,0x00,0x00,0x00,0x00,0x00,0x00,0x00,0x46,0xb6,0xed,0xf6,0xd5,0x7f,0x10,0x00,0x00,0x00,0x00,
  0x80,0xf8,0x77,0x1b,0x0a,0x3f,0xc8,0xdb,0x23,0x00,0x00,0x4d,0xfe,0x4c,0x00,0x00,0x00,0x00,0x09,0xcd,0xc7,0x02,0x00,0xc7,
  0xc0,0x00,0x00,0x00,0x00,0x00,0x00,0x48,0xff,0x44,0x0f,0xfd,0x7d,0x00,0x00,0x00,0x00,0x00,0x00,0x06,0xf7,0x8f,0x2d,0xff,
  0x61,0x00,0x00,0x00,0x00,0x00,0x00,0x00,0xdf,0xae,0x2e,0xff,0x5d,0x00,0x00,0x00,0x00,0x00,0x00,0x00,0xdb,0xae,0x10,0xfe,
  0x78,0x00,0x00,0x00,0x00,0x00,0x00,0x03,0xf5,0x90,0x00,0xc2,0xc0,0x00,0x00,0x00,0x00,0x00,0x00,0x41,0xff,0x44,0x00,0x46,
  0xfe,0x51,0x00,0x00,0x00,0x00,0x07,0xc9,0xc9,0x02,0x00,0x00,0x7a,0xf7,0x75,0x18,0x07,0x39,0xc3,0xdb,0x23,0x00,0x00,0x00,
  0x00,0x41,0xb2,0xe7,0xf6,0xd5,0x7f,0x0f,0x00,0x00,0x00,0x00,0x00,0x00,0x00,0x07,0xe3,0xbc,0x05,0x00,0x00,0x00,0x00,0x00,
  0x00,0x00,0x00,0x71,0xd6,0x0f,0x00,0x00,0x00,0x00,0x00,0x00,0x00,0x00,0x00,0x00,0x00,0x00,0x00,0x00,0x00,0x00,0x00,0x00,
  0x00,0x46,0xb6,0xed,0xf6,0xd5,0x7f,0x10,0x00,0x00,0x00,0x00,0x80,0xf8,0x77,0x1b,0x0a,0x3f,0xc8,0xdb,0x23,0x00,0x00,0x4d,
  0xfe,0x4c,0x00,0x00,0x00,0x00,0x09,0xcd,0xc7,0x02,0x00,0xc7,0xc0,0x00,0x00,0x00,0x00,0x00,0x00,0x48,0xff,0x44,0x0f,0xfd,
  0x7d,0x00,0x00,0x00,0x00,0x00,0x00,0x06,0xf7,0x8f,0x2d,0xff,0x61,0x00,0x00,0x00,0x00,0x00,0x00,0x00,0xdf,0xae,0x2e,0xff,
  0x5d,0x00,0x00,0x00,0x00,0x00,0x00,0x00,0xdb,0xae,0x10,0xfe,0x78,0x00,0x00,0x00,0x00,0x00,0x00,0x03,0xf5,0x90,0x00,0xc2,
  0xc0,0x00,0x00,0x00,0x00,0x00,0x00,0x41,0xff,0x44,0x00,0x46,0xfe,0x51,0x00,0x00,0x00,0x00,0x07,0xc9,0xc9,0x02,0x00,0x00,
  0x7a,0xf7,0x75,0x18,0x07,0x39,0xc3,0xdb,0x23,0x00,0x00,0x00,0x00,0x41,0xb2,0xe7,0xf6,0xd5,0x7f,0x0f,0x00,0x00,0x00,0x00,
  0x00,0x00,0x19,0xe3,0xff,0x5f,0x00,0x00,0x00,0x00,0x00,0x00,0x00,0x09,0xca,0xc4,0x60,0xf9,0x45,0x00,0x00,0x00,0x00,0x00,
  0x00,0x00,0x00,0x00,0x00,0x00,0x00,0x00,0x00,0x00,0x00,0x00,0x00,0x46,0xb6,0xed,0xf6,0xd5,0x7f,0x10,0x00,0x00,0x00,0x00,
  0x80,0xf8,0x77,0x1b,0x0a,0x3f,0xc8,0xdb,0x23,0x00,0x00,0x4d,0xfe,0x4c,0x00,0x00,0x00,0x00,0x09,0xcd,0xc7,0x02,0x00,0xc7,
  0xc0,0x00,0x00,0x00,0x00,0x00,0x00,0x48,0xff,0x44,0x0f,0xfd,0x7d,0x00,0x00,0x00,0x00,0x00,0x00,0x06,0xf7,0x8f,0x2d,0xff,
  0x61,0x00,0x00,0x00,0x00,0x00,0x00,0x00,0xdf,0xae,0x2e,0xff,0x5d,0x00,0x00,0x00,0x00,0x00,0x00,0x00,0xdb,0xae,0x10,0xfe,
  0x78,0x00,0x00,0x00,0x00,0x00,0x00,0x03,0xf5,0x90,0x00,0xc2,0xc0,0x00,0x00,0x00,0x00,0x00,0x00,0x41,0xff,0x44,0x00,0x46,
  0xfe,0x51,0x00,0x00,0x00,0x00,0x07,0xc9,0xc9,0x02,0x00,0x00,0x7a,0xf7,0x75,0x18,0x07,0x39,0xc3,0xdb,0x23,0x00,0x00,0x00,
  0x00,0x41,0xb2,0xe7,0xf6,0xd5,0x7f,0x0f,0x00,0x00,0x00,0x00,0x00,0x05,0xba,0xe7,0x65,0x49,0xcd,0x00,0x00,0x00,0x00,0x00,
  0x00,0x46,0xd3,0x21,0xaa,0xf0,0x58,0x00,0x00,0x00,0x00,0x00,0x00,0x00,0x00,0x00,0x00,0x00,0x00,0x00,0x00,0x00,0x00,0x00,
  0x00,0x46,0xb6,0xed,0xf6,0xd5,0x7f,0x10,0x00,0x00,0x00,0x00,0x80,0xf8,0x77,0x1b,0x0a,0x3f,0xc8,0xdb,0x23,0x00,0x00,0x4d,
  0xfe,0x4c,0x00,0x00,0x00,0x00,0x09,0xcd,0xc7,0x02,0x00,0xc7,0xc0,0x00,0x00,0x00,0x00,0x00,0x00,0x48,0xff,0x44,0x0f,0xfd,
  0x7d,0x00,0x00,0x00,0x00,0x00,0x00,0x06,0xf7,0x8f,0x2d,0xff,0x61,0x00,0x00,0x00,0x00,0x00,0x00,0x00,0xdf,0xae,0x2e,0xff,
  0x5d,0x00,0x00,0x00,0x00,0x00,0x00,0x00,0xdb,0xae,0x10,0xfe,0x78,0x00,0x00,0x00,0x00,0x00,0x00,0x03,0xf5,0x90,0x00,0xc2,
  0xc0,0x00,0x00,0x00,0x00,0x00,0x00,0x41,0xff,0x44,0x00,0x46,0xfe,0x51,0x00,0x00,0x00,0x00,0x07,0xc9,0xc9,0x02,0x00,0x00,
  0x7a,0xf7,0x75,0x18,0x07,0x39,0xc3,0xdb,0x23,0x00,0x00,0x00,0x00,0x41,0xb2,0xe7,0xf6,0xd5,0x7f,0x0f,0x00,0x00,0x00,0x00,
  0x00,0x00,0xf4,0x84,0x0c,0xff,0x6c,0x00,0x00,0x00,0x00,0x00,0x00,0x00,0x00,0x00,0x00,0x00,0x00,0x00,0x00,0x00,0x00,0x00,
  0x00,0x46,0xb6,0xed,0xf6,0xd5,0x7f,0x10,0x00,0x00,0x00,0x00,0x80,0xf8,0x77,0x1b,0x0a,0x3f,0xc8,0xdb,0x23,0x00,0x00,0x4d,
  0xfe,0x4c,0x00,0x00,0x00,0x00,0x09,0xcd,0xc7,0x02,0x00,0xc7,0xc0,0x00,0x00,0x00,0x00,0x00,0x00,0x48,0xff,0x44,0x0f,0xfd,
  0x7d,0x00,0x00,0x00,0x00,0x00,0x00,0x06,0xf7,0x8f,0x2d,0xff,0x61,0x00,0x00,0x00,0x00,0x00,0x00,0x00,0xdf,0xae,0x2e,0xff,
  0x5d,0x00,0x00,0x00,0x00,0x00,0x00,0x00,0xdb,0xae,0x10,0xfe,0x78,0x00,0x00,0x00,0x00,0x00,0x00,0x03,0xf5,0x90,0x00,0xc2,
  0xc0,0x00,0x00,0x00,0x00,0x00,0x00,0x41,0xff,0x44,0x00,0x46,0xfe,0x51,0x00,0x00,0x00,0x00,0x07,0xc9,0xc9,0x02,0x00,0x00,
  0x7a,0xf7,0x75,0x18,0x07,0x39,0xc3,0xdb,0x23,0x00,0x00,0x00,0x00,0x41,0xb2,0xe7,0xf6,0xd5,0x7f,0x0f,0x00,0x00,0x00,0x48,
  0xa8,0x04,0x00,0x00,0x5e,0xb8,0x00,0x00,0x47,0xf8,0xaa,0x03,0x59,0xf4,0x32,0x00,0x00,0x00,0x4c,0xf9,0xc1,0xfc,0x63,0x00,
  0x00,0x00,0x00,0x00,0x8a,0xff,0xd1,0x00,0x00,0x00,0x00,0x00,0x4b,0xf9,0xc0,0xfc,0x69,0x00,0x00,0x00,0x46,0xf8,0xa7,0x03,
  0x5b,0xf6,0x35,0x00,0x00,0x4a,0xa7,0x04,0x00,0x00,0x60,0xbc,0x01,0x00,0x00,0x00,0x00,0x00,0x00,0x00,0x00,0x00,0x00,0x00,
  0x00,0x00,0x00,0x00,0x00,0x00,0x00,0x00,0x00,0x00,0x43,0xb2,0xe8,0xf8,0xd1,0x62,0x00,0x50,0x85,0x00,0x00,0x7d,0xf5,0x71,
  0x18,0x0e,0x46,0xde,0xaf,0xea,0x34,0x00,0x46,0xfd,0x47,0x00,0x00,0x00,0x00,0x6a,0xff,0xac,0x00,0x00,0xc1,0xb8,0x00,0x00,
  0x00,0x00,0x35,0xea,0x92,0xfe,0x2d,0x11,0xfd,0x73,0x00,0x00,0x00,0x1e,0xe5,0x4d,0x0d,0xfe,0x80,0x2f,0xff,0x57,0x00,0x00,
  0x0e,0xd2,0x6e,0x00,0x00,0xeb,0xa7,0x3a,0xff,0x5c,0x00,0x03,0xb7,0x93,0x00,0x00,0x00,0xe3,0xa9,0x23,0xff,0x77,0x00,0x95,
  0xb4,0x03,0x00,0x00,0x07,0xf9,0x8d,0x01,0xdf,0xbb,0x71,0xd0,0x0c,0x00,0x00,0x00,0x49,0xff,0x44,0x00,0x68,0xfe,0xe5,0x1c,
  0x00,0x00,0x00,0x09,0xcf,0xcb,0x02,0x00,0x3b,0xfc,0xfb,0x78,0x17,0x07,0x3d,0xc8,0xdd,0x23,0x00,0x1a,0xdf,0x38,0x59,0xc0,
  0xf1,0xf7,0xd5,0x80,0x0f,0x00,0x00,0x00,0x19,0x00,0x00,0x00,0x00,0x00,0x00,0x00,0x00,0x00,0x00,0x00,0x00,0x00,0x09,0xc4,
  0xdd,0x05,0x00,0x00,0x00,0x00,0x00,0x00,0x00,0x00,0x00,0x11,0xd5,0x6b,0x00,0x00,0x00,0x00,0x00,0x00,0x00,0x00,0x00,0x00,
  0x00,0x00,0x00,0x00,0x00,0x00,0x00,0x00,0xbc,0xc8,0x00,0x00,0x00,0x00,0x00,0x40,0xff,0x44,0x00,0x00,0xbc,0xc8,0x00,0x00,
  0x00,0x00,0x00,0x40,0xff,0x44,0x00,0x00,0xbc,0xc8,0x00,0x00,0x00,0x00,0x00,0x40,0xff,0x44,0x00,0x00,0xbc,0xc8,0x00,0x00,
  0x00,0x00,0x00,0x40,0xff,0x44,0x00,0x00,0xbc,0xc8,0x00,0x00,0x00,0x00,0x00,0x40,0xff,0x44,0x00,0x00,0xbc,0xc8,0x00,0x00,
  0x00,0x00,0x00,0x40,0xff,0x44,0x00,0x00,0xbb,0xc8,0x00,0x00,0x00,0x00,0x00,0x40,0xff,0x43,0x00,0x00,0xb1,0xcd,0x00,0x00,
  0x00,0x00,0x00,0x45,0xff,0x39,0x00,0x00,0x99,0xdf,0x00,0x00,0x00,0x00,0x00,0x5a,0xff,0x21,0x00,0x00,0x5c,0xfe,0x1f,0x00,
  0x00,0x00,0x00,0x9b,0xe2,0x00,0x00,0x00,0x05,0xd0,0xcb,0x36,0x07,0x1e,0x78,0xf9,0x57,0x00,0x00,0x00,0x00,0x0f,0x8e,0xdc,
  0xf7,0xed,0xbc,0x46,0x00,0x00,0x00,0x00,0x00,0x00,0x00,0x00,0x6c,0xfb,0x46,0x00,0x00,0x00,0x00,0x00,0x00,0x00,0x00,0x0a,
  0xe7,0x65,0x00,0x00,0x00,0x00,0x00,0x00,0x00,0x00,0x00,0x00,0x00,0x00,0x00,0x00,0x00,0x00,0x00,0x00,0xbc,0xc8,0x00,0x00,
  0x00,0x00,0x00,0x40,0xff,0x44,0x00,0x00,0xbc,0xc8,0x00,0x00,0x00,0x00,0x00,0x40,0xff,0x44,0x00,0x00,0xbc,0xc8,0x00,0x00,
  0x00,0x00,0x00,0x40,0xff,0x44,0x00,0x00,0xbc,0xc8,0x00,0x00,0x00,0x00,0x00,0x40,0xff,0x44,0x00,0x00,0xbc,0xc8,0x00,0x00,
  0x00,0x00,0x00,0x40,0xff,0x44,0x00,0x00,0xbc,0xc8,0x00,0x00,0x00,0x00,0x00,0x40,0xff,0x44,0x00,0x00,0xbb,0xc8,0x00,0x00,
  0x00,0x00,0x00,0x40,0xff,0x43,0x00,0x00,0xb1,0xcd,0x00,0x00,0x00,0x00,0x00,0x45,0xff,0x39,0x00,0x00,0x99,0xdf,0x00,0x00,
  0x00,0x00,0x00,0x5a,0xff,0x21,0x00,0x00,0x5c,0xfe,0x1f,0x00,0x00,0x00,0x00,0x9b,0xe2,0x00,0x00,0x00,0x05,0xd0,0xcb,0x36,
  0x07,0x1e,0x78,0xf9,0x57,0x00,0x00,0x00,0x00,0x0f,0x8e,0xdc,0xf7,0xed,0xbc,0x46,0x00,0x00,0x00,0x00,0x00,0x00,0x00,0x79,
  0xff,0xd3,0x0f,0x00,0x00,0x00,0x00,0x00,0x00,0x00,0x51,0xfb,0x5b,0xc8,0xbd,0x05,0x00,0x00,0x00,0x00,0x00,0x00,0x00,0x00,
  0x00,0x00,0x00,0x00,0x00,0x00,0x00,0x00,0xbc,0xc8,0x00,0x00,0x00,0x00,0x00,0x40,0xff,0x44,0x00,0x00,0xbc,0xc8,0x00,0x00,
  0x00,0x00,0x00,0x40,0xff,0x44,0x00,0x00,0xbc,0xc8,0x00,0x00,0x00,0x00,0x00,0x40,0xff,0x44,0x00,0x00,0xbc,0xc8,0x00,0x00,
  0x00,0x00,0x00,0x40,0xff,0x44,0x00,0x00,0xbc,0xc8,0x00,0x00,0x00,0x00,0x00,0x40,0xff,0x44,0x00,0x00,0xbc,0xc8,0x00,0x00,
  0x00,0x00,0x00,0x40,0xff,0x44,0x00,0x00,0xbb,0xc8,0x00,0x00,0x00,0x00,0x00,0x40,0xff,0x43,0x00,0x00,0xb1,0xcd,0x00,0x00,
  0x00,0x00,0x00,0x45,0xff,0x39,0x00,0x00,0x99,0xdf,0x00,0x00,0x00,0x00,0x00,0x5a,0xff,0x21,0x00,0x00,0x5c,0xfe,0x1f,0x00,
  0x00,0x00,0x00,0x9b,0xe2,0x00,0x00,0x00,0x05,0xd0,0xcb,0x36,0x07,0x1e,0x78,0xf9,0x57,0x00,0x00,0x00,0x00,0x0f,0x8e,0xdc,
  0xf7,0xed,0xbc,0x46,0x00,0x00,0x00,0x00,0x00,0x00,0x70,0xff,0x08,0x88,0xf0,0x00,0x00,0x00,0x00,0x00,0x00,0x00,0x00,0x00,
  0x00,0x00,0x00,0x00,0x00,0x00,0x00,0x00,0xbc,0xc8,0x00,0x00,0x00,0x00,0x00,0x40,0xff,0x44,0x00,0x00,0xbc,0xc8,0x00,0x00,
  0x00,0x00,0x00,0x40,0xff,0x44,0x00,0x00,0xbc,0xc8,0x00,0x00,0x00,0x00,0x00,0x40,0xff,0x44,0x00,0x00,0xbc,0xc8,0x00,0x00,
  0x00,0x00,0x00,0x40,0xff,0x44,0x00,0x00,0xbc,0xc8,0x00,0x00,0x00,0x00,0x00,0x40,0xff,0x44,0x00,0x00,0xbc,0xc8,0x00,0x00,
  0x00,0x00,0x00,0x40,0xff,0x44,0x00,0x00,0xbb,0xc8,0x00,0x00,0x00,0x00,0x00,0x40,0xff,0x43,0x00,0x00,0xb1,0xcd,0x00,0x00,
  0x00,0x00,0x00,0x45,0xff,0x39,0x00,0x00,0x99,0xdf,0x00,0x00,0x00,0x00,0x00,0x5a,0xff,0x21,0x00,0x00,0x5c,0xfe,0x1f,0x00,
  0x00,0x00,0x00,0x9b,0xe2,0x00,0x00,0x00,0x05,0xd0,0xcb,0x36,0x07,0x1e,0x78,0xf9,0x57,0x00,0x00,0x00,0x00,0x0f,0x8e,0xdc,
  0xf7,0xed,0xbc,0x46,0x00,0x00,0x00,0x00,0x00,0x00,0x00,0x04,0xda,0xc5,0x08,0x00,0x00,0x00,0x00,0x00,0x00,0x00,0x65,0xdd,
  0x14,0x00,0x00,0x00,0x00,0x00,0x00,0x00,0x00,0x00,0x00,0x00,0x00,0x00,0x00,0x00,0xa3,0xfd,0x31,0x00,0x00,0x00,0x00,0x00,
  0x84,0xfd,0x39,0x13,0xea,0xc3,0x00,0x00,0x00,0x00,0x22,0xf7,0x8e,0x00,0x00,0x5b,0xff,0x5a,0x00,0x00,0x00,0xb1,0xdb,0x0a,
  0x00,0x00,0x00,0xb7,0xe4,0x0b,0x00,0x48,0xfe,0x3e,0x00,0x00,0x00,0x00,0x1f,0xf4,0x98,0x11,0xe2,0x94,0x00,0x00,0x00,0x00,
  0x00,0x00,0x71,0xff,0xde,0xdf,0x0c,0x00,0x00,0x00,0x00,0x00,0x00,0x02,0xca,0xff,0x43,0x00,0x00,0x00,0x00,0x00,0x00,0x00,
  0x00,0x88,0xfc,0x00,0x00,0x00,0x00,0x00,0x00,0x00,0x00,0x00,0x88,0xfc,0x00,0x00,0x00,0x00,0x00,0x00,0x00,0x00,0x00,0x88,
  0xfc,0x00,0x00,0x00,0x00,0x00,0x00,0x00,0x00,0x00,0x88,0xfc,0x00,0x00,0x00,0x00,0x00,0x00,0x00,0x00,0x00,0x88,0xfc,0x00,
  0x00,0x00,0x00,0x00,0x00,0xc4,0xc0,0x00,0x00,0x00,0x00,0x00,0x00,0x00,0x00,0x00,0xc4,0xc0,0x00,0x00,0x00,0x00,0x00,0x00,
  0x00,0x00,0x00,0xc4,0xff,0xff,0xff,0xff,0xf6,0xcd,0x5a,0x00,0x00,0x00,0xc4,0xc0,0x00,0x00,0x00,0x0d,0x7b,0xff,0x4f,0x00,
  0x00,0xc4,0xc0,0x00,0x00,0x00,0x00,0x00,0xd3,0xc3,0x00,0x00,0xc4,0xc0,0x00,0x00,0x00,0x00,0x00,0x9f,0xf2,0x00,0x00,0xc4,
  0xc0,0x00,0x00,0x00,0x00,0x00,0xa5,0xe5,0x00,0x00,0xc4,0xc0,0x00,0x00,0x00,0x00,0x02,0xdc,0xb2,0x00,0x00,0xc4,0xc0,0x00,
  0x00,0x01,0x1f,0x99,0xfd,0x36,0x00,0x00,0xc4,0xff,0xff,0xff,0xff,0xf1,0xc1,0x47,0x00,0x00,0x00,0xc4,0xc0,0x00,0x00,0x00,
  0x00,0x00,0x00,0x00,0x00,0x00,0xc4,0xc0,0x00,0x00,0x00,0x00,0x00,0x00,0x00,0x00,0x00,0x00,0x5f,0xd5,0xf7,0xd9,0x60,0x00,
  0x00,0x00,0x00,0x4d,0xfb,0x54,0x0b,0x5c,0xff,0x3a,0x00,0x00,0x00,0xa8,0xbd,0x00,0x00,0x04,0xfb,0x60,0x00,0x00,0x00,0xc4,
  0x9f,0x00,0x00,0x54,0xfa,0x1d,0x00,0x00,0x00,0xcc,0x9c,0x00,0x02,0xd6,0x98,0x00,0x00,0x00,0x00,0xcc,0x9c,0x00,0x23,0xff,
  0x52,0x00,0x00,0x00,0x00,0xcc,0x9c,0x00,0x00,0x8e,0xd7,0x28,0x00,0x00,0x00,0xcc,0x9c,0x00,0x00,0x00,0x7e,0xee,0x54,0x00,
  0x00,0xcc,0x9c,0x00,0x00,0x00,0x00,0x5f,0xf8,0x18,0x00,0xcc,0x9c,0x00,0x2b,0x00,0x00,0x36,0xff,0x3a,0x00,0xcc,0x9c,0x2b,
  0xfe,0x6f,0x0e,0xaa,0xe7,0x0c,0x00,0xcc,0x9c,0x00,0x55,0xd7,0xf6,0xc6,0x32,0x00,0x00,0x00,0x11,0xd4,0xca,0x00,0x00,0x00,
  0x00,0x00,0x00,0x00,0x1c,0xe2,0x53,0x00,0x00,0x00,0x00,0x00,0x00,0x00,0x00,0x00,0x00,0x00,0x00,0x00,0x08,0x88,0xdf,0xfa,
  0xe9,0x97,0x09,0x00,0x00,0x9f,0xd4,0x29,0x08,0x3e,0xed,0x7b,0x00,0x0e,0xfb,0x59,0x00,0x00,0x00,0xab,0xbf,0x00,0x00,0x00,
  0x2b,0x6a,0x93,0xc3,0xfb,0xc7,0x00,0x00,0x8e,0xfd,0xc9,0x8f,0x4f,0xab,0xc8,0x00,0x3f,0xff,0x66,0x00,0x00,0x00,0xb2,0xc8,
  0x00,0x61,0xff,0x1f,0x00,0x00,0x06,0xe7,0xc9,0x00,0x29,0xfc,0x8e,0x0c,0x1e,0xa4,0xff,0xd3,0x00,0x00,0x5a,0xd9,0xf6,0xd9,
  0x8c,0x75,0xfa,0x12,0x00,0x00,0x00,0x00,0x98,0xee,0x27,0x00,0x00,0x00,0x00,0x00,0x22,0xf4,0x3f,0x00,0x00,0x00,0x00,0x00,
  0x00,0x00,0x00,0x00,0x00,0x00,0x00,0x00,0x08,0x88,0xdf,0xfa,0xe9,0x97,0x09,0x00,0x00,0x9f,0xd4,0x29,0x08,0x3e,0xed,0x7b,
  0x00,0x0e,0xfb,0x59,0x00,0x00,0x00,0xab,0xbf,0x00,0x00,0x00,0x2b,0x6a,0x93,0xc3,0xfb,0xc7,0x00,0x00,0x8e,0xfd,0xc9,0x8f,
  0x4f,0xab,0xc8,0x00,0x3f,0xff,0x66,0x00,0x00,0x00,0xb2,0xc8,0x00,0x61,0xff,0x1f,0x00,0x00,0x06,0xe7,0xc9,0x00,0x29,0xfc,
  0x8e,0x0c,0x1e,0xa4,0xff,0xd3,0x00,0x00,0x5a,0xd9,0xf6,0xd9,0x8c,0x75,0xfa,0x12,0x00,0x00,0x07,0xc4,0xff,0x8f,0x00,0x00,
  0x00,0x00,0x00,0xa3,0xe2,0x4c,0xf4,0x70,0x00,0x00,0x00,0x00,0x00,0x00,0x00,0x00,0x00,0x00,0x00,0x00,0x08,0x88,0xdf,0xfa,
  0xe9,0x97,0x09,0x00,0x00,0x9f,0xd4,0x29,0x08,0x3e,0xed,0x7b,0x00,0x0e,0xfb,0x59,0x00,0x00,0x00,0xab,0xbf,0x00,0x00,0x00,
  0x2b,0x6a,0x93,0xc3,0xfb,0xc7,0x00,0x00,0x8e,0xfd,0xc9,0x8f,0x4f,0xab,0xc8,0x00,0x3f,0xff,0x66,0x00,0x00,0x00,0xb2,0xc8,
  0x00,0x61,0xff,0x1f,0x00,0x00,0x06,0xe7,0xc9,0x00,0x29,0xfc,0x8e,0x0c,0x1e,0xa4,0xff,0xd3,0x00,0x00,0x5a,0xd9,0xf6,0xd9,
  0x8c,0x75,0xfa,0x12,0x00,0x00,0x9d,0xed,0x7c,0x29,0xf1,0x00,0x00,0x00,0x22,0xef,0x1d,0x95,0xf1,0x77,0x00,0x00,0x00,0x00,
  0x00,0x00,0x00,0x00,0x00,0x00,0x00,0x00,0x08,0x88,0xdf,0xfa,0xe9,0x97,0x09,0x00,0x00,0x9f,0xd4,0x29,0x08,0x3e,0xed,0x7b,
  0x00,0x0e,0xfb,0x59,0x00,0x00,0x00,0xab,0xbf,0x00,0x00,0x00,0x2b,0x6a,0x93,0xc3,0xfb,0xc7,0x00,0x00,0x8e,0xfd,0xc9,0x8f,
  0x4f,0xab,0xc8,0x00,0x3f,0xff,0x66,0x00,0x00,0x00,0xb2,0xc8,0x00,0x61,0xff,0x1f,0x00,0x00,0x06,0xe7,0xc9,0x00,0x29,0xfc,
  0x8e,0x0c,0x1e,0xa4,0xff,0xd3,0x00,0x00,0x5a,0xd9,0xf6,0xd9,0x8c,0x75,0xfa,0x12,0x00,0x00,0xc8,0xb0,0x00,0xe0,0x98,0x00,
  0x00,0x00,0x00,0x00,0x00,0x00,0x00,0x00,0x00,0x00,0x00,0x08,0x88,0xdf,0xfa,0xe9,0x97,0x09,0x00,0x00,0x9f,0xd4,0x29,0x08,
  0x3e,0xed,0x7b,0x00,0x0e,0xfb,0x59,0x00,0x00,0x00,0xab,0xbf,0x00,0x00,0x00,0x2b,0x6a,0x93,0xc3,0xfb,0xc7,0x00,0x00,0x8e,
  0xfd,0xc9,0x8f,0x4f,0xab,0xc8,0x00,0x3f,0xff,0x66,0x00,0x00,0x00,0xb2,0xc8,0x00,0x61,0xff,0x1f,0x00,0x00,0x06,0xe7,0xc9,
  0x00,0x29,0xfc,0x8e,0x0c,0x1e,0xa4,0xff,0xd3,0x00,0x00,0x5a,0xd9,0xf6,0xd9,0x8c,0x75,0xfa,0x12,0x00,0x00,0x00,0x88,0xf1,
  0x60,0x00,0x00,0x00,0x00,0x00,0x00,0xbf,0x21,0xad,0x00,0x00,0x00,0x00,0x00,0x00,0x8f,0xf2,0x60,0x00,0x00,0x00,0x00,0x00,
  0x00,0x00,0x00,0x00,0x00,0x00,0x00,0x00,0x08,0x88,0xdf,0xfa,0xe9,0x97,0x09,0x00,0x00,0x9f,0xd4,0x29,0x08,0x3e,0xed,0x7b,
  0x00,0x0e,0xfb,0x59,0x00,0x00,0x00,0xab,0xbf,0x00,0x00,0x00,0x2b,0x6a,0x93,0xc3,0xfb,0xc7,0x00,0x00,0x8e,0xfd,0xc9,0x8f,
  0x4f,0xab,0xc8,0x00,0x3f,0xff,0x66,0x00,0x00,0x00,0xb2,0xc8,0x00,0x61,0xff,0x1f,0x00,0x00,0x06,0xe7,0xc9,0x00,0x29,0xfc,
  0x8e,0x0c,0x1e,0xa4,0xff,0xd3,0x00,0x00,0x5a,0xd9,0xf6,0xd9,0x8c,0x75,0xfa,0x12,0x00,0x0d,0x92,0xe6,0xf9,0xe0,0x89,0x31,
  0xbd,0xf7,0xe9,0x98,0x0c,0x00,0x00,0xac,0xd1,0x2f,0x09,0x47,0xfc,0xfd,0xa0,0x16,0x25,0xc8,0xb3,0x00,0x19,0xfe,0x49,0x00,
  0x00,0x00,0xd8,0xe6,0x07,0x00,0x00,0x2f,0xff,0x33,0x00,0x16,0x35,0x71,0xa1,0xd4,0xfe,0xa9,0x00,0x00,0x00,0x00,0xf1,0x77,
  0x01,0xa3,0xfd,0xc3,0x87,0x43,0xd0,0xff,0xff,0xff,0xff,0xff,0xff,0x90,0x4a,0xff,0x54,0x00,0x00,0x00,0xd8,0x9c,0x00,0x00,
  0x00,0x00,0x1f,0x04,0x6c,0xff,0x12,0x00,0x00,0x1c,0xfb,0xca,0x00,0x00,0x00,0x28,0xff,0x56,0x2e,0xfd,0x82,0x0b,0x30,0xcb,
  0xbd,0xf2,0x89,0x13,0x21,0xc6,0xca,0x05,0x00,0x5a,0xda,0xf8,0xd4,0x6c,0x02,0x31,0xbd,0xf5,0xe8,0x9d,0x14,0x00,0x00,0x02,
  0x76,0xdc,0xf8,0xdc,0x7b,0x02,0x00,0x8f,0xec,0x4a,0x0e,0x3e,0xe5,0x7a,0x11,0xfc,0x6e,0x00,0x00,0x00,0x00,0x00,0x48,0xff,
  0x2d,0x00,0x00,0x00,0x00,0x00,0x5b,0xff,0x1a,0x00,0x00,0x00,0x00,0x00,0x4c,0xff,0x2d,0x00,0x00,0x00,0x00,0x00,0x16,0xfb,
  0x6c,0x00,0x00,0x00,0x00,0x00,0x00,0x93,0xe9,0x42,0x07,0x2c,0xd4,0x9a,0x00,0x03,0x7f,0xe2,0xf9,0xde,0x85,0x06,0x00,0x00,
  0x00,0x94,0xa2,0x05,0x00,0x00,0x00,0x00,0x00,0x0c,0xc1,0xa0,0x00,0x00,0x00,0x00,0x96,0xfd,0xdc,0x4b,0x00,0x00,0x00,0x00,
  0x2d,0xf0,0x93,0x00,0x00,0x00,0x00,0x00,0x00,0x00,0x3f,0xf2,0x21,0x00,0x00,0x00,0x00,0x00,0x00,0x00,0x00,0x00,0x00,0x00,
  0x00,0x00,0x01,0x73,0xdc,0xf9,0xd6,0x5c,0x00,0x00,0x00,0x87,0xf3,0x53,0x0b,0x56,0xf9,0x5e,0x00,0x15,0xfa,0x7c,0x00,0x00,
  0x00,0x94,0xe3,0x01,0x50,0xff,0x35,0x00,0x00,0x00,0x54,0xff,0x23,0x63,0xff,0xff,0xff,0xff,0xff,0xff,0xff,0x39,0x54,0xff,
  0x22,0x00,0x00,0x00,0x00,0x00,0x00,0x1b,0xfc,0x69,0x00,0x00,0x00,0x79,0xf2,0x0b,0x00,0x95,0xed,0x4d,0x0b,0x45,0xf2,0x7c,
  0x00,0x00,0x03,0x7b,0xde,0xf9,0xda,0x71,0x01,0x00,0x00,0x00,0x00,0x00,0x94,0xef,0x29,0x00,0x00,0x00,0x00,0x00,0x1f,0xf4,
  0x43,0x00,0x00,0x00,0x00,0x00,0x00,0x00,0x00,0x00,0x00,0x00,0x00,0x00,0x01,0x73,0xdc,0xf9,0xd6,0x5c,0x00,0x00,0x00,0x87,
  0xf3,0x53,0x0b,0x56,0xf9,0x5e,0x00,0x15,0xfa,0x7c,0x00,0x00,0x00,0x94,0xe3,0x01,0x50,0xff,0x35,0x00,0x00,0x00,0x54,0xff,
  0x23,0x63,0xff,0xff,0xff,0xff,0xff,0xff,0xff,0x39,0x54,0xff,0x22,0x00,0x00,0x00,0x00,0x00,0x00,0x1b,0xfc,0x69,0x00,0x00,
  0x00,0x79,0xf2,0x0b,0x00,0x95,0xed,0x4d,0x0b,0x45,0xf2,0x7c,0x00,0x00,0x03,0x7b,0xde,0xf9,0xda,0x71,0x01,0x00,0x00,0x00,
  0x06,0xc1,0xff,0x93,0x00,0x00,0x00,0x00,0x00,0xa0,0xe4,0x4b,0xf2,0x73,0x00,0x00,0x00,0x00,0x00,0x00,0x00,0x00,0x00,0x00,
  0x00,0x00,0x01,0x73,0xdc,0xf9,0xd6,0x5c,0x00,0x00,0x00,0x87,0xf3,0x53,0x0b,0x56,0xf9,0x5e,0x00,0x15,0xfa,0x7c,0x00,0x00,
  0x00,0x94,0xe3,0x01,0x50,0xff,0x35,0x00,0x00,0x00,0x54,0xff,0x23,0x63,0xff,0xff,0xff,0xff,0xff,0xff,0xff,0x39,0x54,0xff,
  0x22,0x00,0x00,0x00,0x00,0x00,0x00,0x1b,0xfc,0x69,0x00,0x00,0x00,0x79,0xf2,0x0b,0x00,0x95,0xed,0x4d,0x0b,0x45,0xf2,0x7c,
  0x00,0x00,0x03,0x7b,0xde,0xf9,0xda,0x71,0x01,0x00,0x00,0x00,0xc4,0xb4,0x00,0xdc,0x9c,0x00,0x00,0x00,0x00,0x00,0x00,0x00,
  0x00,0x00,0x00,0x00,0x00,0x01,0x73,0xdc,0xf9,0xd6,0x5c,0x00,0x00,0x00,0x87,0xf3,0x53,0x0b,0x56,0xf9,0x5e,0x00,0x15,0xfa,
  0x7c,0x00,0x00,0x00,0x94,0xe3,0x01,0x50,0xff,0x35,0x00,0x00,0x00,0x54,0xff,0x23,0x63,0xff,0xff,0xff,0xff,0xff,0xff,0xff,
  0x39,0x54,0xff,0x22,0x00,0x00,0x00,0x00,0x00,0x00,0x1b,0xfc,0x69,0x00,0x00,0x00,0x79,0xf2,0x0b,0x00,0x95,0xed,0x4d,0x0b,
  0x45,0xf2,0x7c,0x00,0x00,0x03,0x7b,0xde,0xf9,0xda,0x71,0x01,0x00,0x4a,0xfb,0x6b,0x00,0x00,0x60,0xe7,0x0b,0x00,0x00,0x00,
  0x00,0x00,0x74,0xf4,0x00,0x00,0x74,0xf4,0x00,0x00,0x74,0xf4,0x00,0x00,0x74,0xf4,0x00,0x00,0x74,0xf4,0x00,0x00,0x74,0xf4,
  0x00,0x00,0x74,0xf4,0x00,0x00,0x74,0xf4,0x00,0x00,0x74,0xf4,0x00,0x00,0x00,0xbf,0xda,0x13,0x00,0x45,0xec,0x24,0x00,0x00,
  0x00,0x00,0x00,0x00,0x00,0x74,0xf4,0x00,0x00,0x00,0x74,0xf4,0x00,0x00,0x00,0x74,0xf4,0x00,0x00,0x00,0x74,0xf4,0x00,0x00,
  0x00,0x74,0xf4,0x00,0x00,0x00,0x74,0xf4,0x00,0x00,0x00,0x74,0xf4,0x00,0x00,0x00,0x74,0xf4,0x00,0x00,0x00,0x74,0xf4,0x00,
  0x00,0x00,0x0c,0xd0,0xff,0x7f,0x00,0x02,0xb1,0xd9,0x50,0xf8,0x60,0x00,0x00,0x00,0x00,0x00,0x00,0x00,0x00,0x74,0xf4,0x00,
  0x00,0x00,0x00,0x74,0xf4,0x00,0x00,0x00,0x00,0x74,0xf4,0x00,0x00,0x00,0x00,0x74,0xf4,0x00,0x00,0x00,0x00,0x74,0xf4,0x00,
  0x00,0x00,0x00,0x74,0xf4,0x00,0x00,0x00,0x00,0x74,0xf4,0x00,0x00,0x00,0x00,0x74,0xf4,0x00,0x00,0x00,0x00,0x74,0xf4,0x00,
  0x00,0xec,0x8c,0x04,0xff,0x74,0x00,0x00,0x00,0x00,0x00,0x00,0x74,0xf4,0x00,0x00,0x00,0x74,0xf4,0x00,0x00,0x00,0x74,0xf4,
  0x00,0x00,0x00,0x74,0xf4,0x00,0x00,0x00,0x74,0xf4,0x00,0x00,0x00,0x74,0xf4,0x00,0x00,0x00,0x74,0xf4,0x00,0x00,0x00,0x74,
  0xf4,0x00,0x00,0x00,0x74,0xf4,0x00,0x00,0x00,0x00,0x29,0xdf,0xab,0x68,0xc6,0x04,0x00,0x00,0x00,0x0c,0x81,0xff,0xf2,0x24,
  0x00,0x00,0x00,0x00,0x9b,0x88,0x28,0xda,0x87,0x00,0x00,0x00,0x07,0x8f,0xeb,0xf3,0xd9,0xfc,0x26,0x00,0x00,0x96,0xe9,0x44,
  0x10,0x6a,0xfb,0x9f,0x00,0x1b,0xfb,0x66,0x00,0x00,0x00,0x9c,0xee,0x04,0x4a,0xff,0x20,0x00,0x00,0x00,0x51,0xff,0x27,0x64,
  0xff,0x0a,0x00,0x00,0x00,0x3b,0xff,0x3d,0x50,0xff,0x1d,0x00,0x00,0x00,0x53,0xff,0x2e,0x19,0xfa,0x61,0x00,0x00,0x00,0xa0,
  0xeb,0x04,0x00,0x8f,0xe7,0x43,0x0f,0x69,0xfc,0x67,0x00,0x00,0x03,0x7a,0xe0,0xf9,0xd6,0x5e,0x00,0x00,0x00,0x00,0x61,0xef,
  0xa6,0x1e,0xd8,0x35,0x00,0x00,0x00,0xde,0x44,0x6a,0xe9,0xb4,0x02,0x00,0x00,0x00,0x00,0x00,0x00,0x00,0x00,0x00,0x00,0x00,
  0xf0,0x73,0xb1,0xf4,0xee,0x97,0x07,0x00,0x00,0xf0,0xf7,0x61,0x0c,0x40,0xf6,0x75,0x00,0x00,0xf0,0xa9,0x00,0x00,0x00,0xb0,
  0xbf,0x00,0x00,0xf0,0x7e,0x00,0x00,0x00,0x9d,0xca,0x00,0x00,0xf0,0x78,0x00,0x00,0x00,0x9c,0xcc,0x00,0x00,0xf0,0x78,0x00,
  0x00,0x00,0x9c,0xcc,0x00,0x00,0xf0,0x78,0x00,0x00,0x00,0x9c,0xcc,0x00,0x00,0xf0,0x78,0x00,0x00,0x00,0x9c,0xcc,0x00,0x00,
  0xf0,0x78,0x00,0x00,0x00,0x9c,0xcc,0x00,0x00,0x00,0x2d,0xf0,0x93,0x00,0x00,0x00,0x00,0x00,0x00,0x00,0x3f,0xf2,0x21,0x00,
  0x00,0x00,0x00,0x00,0x00,0x00,0x00,0x00,0x00,0x00,0x00,0x00,0x05,0x75,0xd7,0xf7,0xd7,0x65,0x00,0x00,0x00,0xa1,0xe9,0x46,
  0x0f,0x5d,0xf7,0x73,0x00,0x26,0xff,0x5f,0x00,0x00,0x00,0x8a,0xf2,0x0a,0x63,0xff,0x18,0x00,0x00,0x00,0x41,0xff,0x3c,0x74,
  0xff,0x03,0x00,0x00,0x00,0x2b,0xff,0x4a,0x63,0xff,0x18,0x00,0x00,0x00,0x43,0xff,0x38,0x27,0xff,0x60,0x00,0x00,0x00,0x8c,
  0xf4,0x08,0x00,0xa2,0xe9,0x45,0x0e,0x5d,0xf7,0x78,0x00,0x00,0x05,0x83,0xe2,0xf8,0xd3,0x64,0x00,0x00,0x00,0x00,0x00,0x00,
  0x94,0xef,0x29,0x00,0x00,0x00,0x00,0x00,0x1f,0xf4,0x43,0x00,0x00,0x00,0x00,0x00,0x00,0x00,0x00,0x00,0x00,0x00,0x00,0x00,
  0x05,0x75,0xd7,0xf7,0xd7,0x65,0x00,0x00,0x00,0xa1,0xe9,0x46,0x0f,0x5d,0xf7,0x73,0x00,0x26,0xff,0x5f,0x00,0x00,0x00,0x8a,
  0xf2,0x0a,0x63,0xff,0x18,0x00,0x00,0x00,0x41,0xff,0x3c,0x74,0xff,0x03,0x00,0x00,0x00,0x2b,0xff,0x4a,0x63,0xff,0x18,0x00,
  0x00,0x00,0x43,0xff,0x38,0x27,0xff,0x60,0x00,0x00,0x00,0x8c,0xf4,0x08,0x00,0xa2,0xe9,0x45,0x0e,0x5d,0xf7,0x78,0x00,0x00,
  0x05,0x83,0xe2,0xf8,0xd3,0x64,0x00,0x00,0x00,0x00,0x06,0xc1,0xff,0x93,0x00,0x00,0x00,0x00,0x00,0xa0,0xe4,0x4b,0xf2,0x73,
  0x00,0x00,0x00,0x00,0x00,0x00,0x00,0x00,0x00,0x00,0x00,0x00,0x05,0x75,0xd7,0xf7,0xd7,0x65,0x00,0x00,0x00,0xa1,0xe9,0x46,
  0x0f,0x5d,0xf7,0x73,0x00,0x26,0xff,0x5f,0x00,0x00,0x00,0x8a,0xf2,0x0a,0x63,0xff,0x18,0x00,0x00,0x00,0x41,0xff,0x3c,0x74,
  0xff,0x03,0x00,0x00,0x00,0x2b,0xff,0x4a,0x63,0xff,0x18,0x00,0x00,0x00,0x43,0xff,0x38,0x27,0xff,0x60,0x00,0x00,0x00,0x8c,
  0xf4,0x08,0x00,0xa2,0xe9,0x45,0x0e,0x5d,0xf7,0x78,0x00,0x00,0x05,0x83,0xe2,0xf8,0xd3,0x64,0x00,0x00,0x00,0x00,0x9a,0xee,
  0x7f,0x26,0xf4,0x00,0x00,0x00,0x1e,0xf2,0x1d,0x93,0xf1,0x7b,0x00,0x00,0x00,0x00,0x00,0x00,0x00,0x00,0x00,0x00,0x00,0x00,
  0x05,0x75,0xd7,0xf7,0xd7,0x65,0x00,0x00,0x00,0xa1,0xe9,0x46,0x0f,0x5d,0xf7,0x73,0x00,0x26,0xff,0x5f,0x00,0x00,0x00,0x8a,
  0xf2,0x0a,0x63,0xff,0x18,0x00,0x00,0x00,0x41,0xff,0x3c,0x74,0xff,0x03,0x00,0x00,0x00,0x2b,0xff,0x4a,0x63,0xff,0x18,0x00,
  0x00,0x00,0x43,0xff,0x38,0x27,0xff,0x60,0x00,0x00,0x00,0x8c,0xf4,0x08,0x00,0xa2,0xe9,0x45,0x0e,0x5d,0xf7,0x78,0x00,0x00,
  0x05,0x83,0xe2,0xf8,0xd3,0x64,0x00,0x00,0x00,0x00,0xc4,0xb4,0x00,0xdc,0x9c,0x00,0x00,0x00,0x00,0x00,0x00,0x00,0x00,0x00,
  0x00,0x00,0x00,0x05,0x75,0xd7,0xf7,0xd7,0x65,0x00,0x00,0x00,0xa1,0xe9,0x46,0x0f,0x5d,0xf7,0x73,0x00,0x26,0xff,0x5f,0x00,
  0x00,0x00,0x8a,0xf2,0x0a,0x63,0xff,0x18,0x00,0x00,0x00,0x41,0xff,0x3c,0x74,0xff,0x03,0x00,0x00,0x00,0x2b,0xff,0x4a,0x63,
  0xff,0x18,0x00,0x00,0x00,0x43,0xff,0x38,0x27,0xff,0x60,0x00,0x00,0x00,0x8c,0xf4,0x08,0x00,0xa2,0xe9,0x45,0x0e,0x5d,0xf7,
  0x78,0x00,0x00,0x05,0x83,0xe2,0xf8,0xd3,0x64,0x00,0x00,0x00,0x00,0x00,0x68,0xff,0x30,0x00,0x00,0x00,0x00,0x00,0x00,0x00,
  0x00,0x00,0x00,0x00,0x00,0x64,0xff,0xff,0xff,0xff,0xff,0xff,0xff,0x2c,0x00,0x00,0x00,0x00,0x00,0x00,0x00,0x00,0x00,0x00,
  0x00,0x00,0x68,0xff,0x30,0x00,0x00,0x00,0x00,0x00,0x00,0x00,0x00,0x00,0x00,0x00,0x00,0x00,0x00,0x00,0x00,0x00,0x00,0x00,
  0x00,0x00,0x00,0x00,0x00,0x00,0x00,0x00,0x00,0x00,0x00,0x00,0x00,0x31,0xba,0xf6,0xe5,0x95,0x8d,0x66,0x00,0x00,0x2d,0xf5,
  0x9a,0x18,0x3b,0xf1,0xfa,0x1b,0x00,0x00,0xa8,0xd9,0x02,0x00,0x0c,0xd8,0xff,0x57,0x00,0x00,0xe4,0x91,0x00,0x00,0xaa,0x7a,
  0xd2,0x9e,0x00,0x00,0xf7,0x7a,0x00,0x73,0xb0,0x01,0xaf,0xbe,0x00,0x00,0xea,0x8c,0x3e,0xd5,0x0e,0x00,0xc0,0xb7,0x00,0x00,
  0xb2,0xd8,0xdb,0x2a,0x00,0x11,0xf1,0x80,0x00,0x00,0x39,0xff,0xc2,0x16,0x24,0xb6,0xe7,0x16,0x00,0x00,0x85,0x84,0xb1,0xf0,
  0xe8,0xa5,0x20,0x00,0x00,0x00,0x00,0x07,0xc1,0xe0,0x06,0x00,0x00,0x00,0x00,0x00,0x00,0x10,0xd3,0x6f,0x00,0x00,0x00,0x00,
  0x00,0x00,0x00,0x00,0x00,0x00,0x00,0x00,0x00,0xf8,0x70,0x00,0x00,0x00,0xa8,0xc0,0x00,0x00,0xf8,0x70,0x00,0x00,0x00,0xa8,
  0xc0,0x00,0x00,0xf8,0x70,0x00,0x00,0x00,0xa8,0xc0,0x00,0x00,0xf8,0x70,0x00,0x00,0x00,0xa8,0xc0,0x00,0x00,0xf8,0x70,0x00,
  0x00,0x00,0xa8,0xc0,0x00,0x00,0xf7,0x72,0x00,0x00,0x00,0xb1,0xc0,0x00,0x00,0xe9,0x85,0x00,0x00,0x01,0xdd,0xc0,0x00,0x00,
  0xa0,0xe1,0x28,0x10,0x8b,0xf9,0xc0,0x00,0x00,0x16,0xab,0xf4,0xed,0x97,0x8a,0xc0,0x00,0x00,0x00,0x00,0x00,0xac,0xe5,0x1c,
  0x00,0x00,0x00,0x00,0x00,0x32,0xf3,0x31,0x00,0x00,0x00,0x00,0x00,0x00,0x00,0x00,0x00,0x00,0x00,0x00,0x00,0xf8,0x70,0x00,
  0x00,0x00,0xa8,0xc0,0x00,0x00,0xf8,0x70,0x00,0x00,0x00,0xa8,0xc0,0x00,0x00,0xf8,0x70,0x00,0x00,0x00,0xa8,0xc0,0x00,0x00,
  0xf8,0x70,0x00,0x00,0x00,0xa8,0xc0,0x00,0x00,0xf8,0x70,0x00,0x00,0x00,0xa8,0xc0,0x00,0x00,0xf7,0x72,0x00,0x00,0x00,0xb1,
  0xc0,0x00,0x00,0xe9,0x85,0x00,0x00,0x01,0xdd,0xc0,0x00,0x00,0xa0,0xe1,0x28,0x10,0x8b,0xf9,0xc0,0x00,0x00,0x16,0xab,0xf4,
  0xed,0x97,0x8a,0xc0,0x00,0x00,0x00,0x08,0xc7,0xff,0x8b,0x00,0x00,0x00,0x00,0x00,0xa7,0xdf,0x4c,0xf5,0x6b,0x00,0x00,0x00,
  0x00,0x00,0x00,0x00,0x00,0x00,0x00,0x00,0x00,0xf8,0x70,0x00,0x00,0x00,0xa8,0xc0,0x00,0x00,0xf8,0x70,0x00,0x00,0x00,0xa8,
  0xc0,0x00,0x00,0xf8,0x70,0x00,0x00,0x00,0xa8,0xc0,0x00,0x00,0xf8,0x70,0x00,0x00,0x00,0xa8,0xc0,0x00,0x00,0xf8,0x70,0x00,
  0x00,0x00,0xa8,0xc0,0x00,0x00,0xf7,0x72,0x00,0x00,0x00,0xb1,0xc0,0x00,0x00,0xe9,0x85,0x00,0x00,0x01,0xdd,0xc0,0x00,0x00,
  0xa0,0xe1,0x28,0x10,0x8b,0xf9,0xc0,0x00,0x00,0x16,0xab,0xf4,0xed,0x97,0x8a,0xc0,0x00,0x00,0x00,0xcc,0xac,0x00,0xe4,0x94,
  0x00,0x00,0x00,0x00,0x00,0x00,0x00,0x00,0x00,0x00,0x00,0x00,0xf8,0x70,0x00,0x00,0x00,0xa8,0xc0,0x00,0x00,0xf8,0x70,0x00,
  0x00,0x00,0xa8,0xc0,0x00,0x00,0xf8,0x70,0x00,0x00,0x00,0xa8,0xc0,0x00,0x00,0xf8,0x70,0x00,0x00,0x00,0xa8,0xc0,0x00,0x00,
  0xf8,0x70,0x00,0x00,0x00,0xa8,0xc0,0x00,0x00,0xf7,0x72,0x00,0x00,0x00,0xb1,0xc0,0x00,0x00,0xe9,0x85,0x00,0x00,0x01,0xdd,
  0xc0,0x00,0x00,0xa0,0xe1,0x28,0x10,0x8b,0xf9,0xc0,0x00,0x00,0x16,0xab,0xf4,0xed,0x97,0x8a,0xc0,0x00,0x00,0x00,0x00,0x09,
  0xe5,0xb9,0x04,0x00,0x00,0x00,0x00,0x75,0xd3,0x0e,0x00,0x00,0x00,0x00,0x00,0x00,0x00,0x00,0x00,0x00,0x8f,0xee,0x06,0x00,
  0x00,0x00,0xb6,0xaf,0x34,0xff,0x4d,0x00,0x00,0x0e,0xf9,0x57,0x00,0xd9,0xa6,0x00,0x00,0x5a,0xf4,0x0a,0x00,0x7f,0xf4,0x0a,
  0x00,0xac,0xa7,0x00,0x00,0x24,0xff,0x58,0x09,0xf4,0x4e,0x00,0x00,0x00,0xca,0xab,0x52,0xef,0x06,0x00,0x00,0x00,0x6f,0xf1,
  0xb8,0x9e,0x00,0x00,0x00,0x00,0x18,0xfc,0xff,0x46,0x00,0x00,0x00,0x00,0x00,0xbb,0xe9,0x03,0x00,0x00,0x00,0x00,0x00,0xce,
  0x8c,0x00,0x00,0x00,0x04,0x0b,0x58,0xf7,0x1d,0x00,0x00,0x00,0x0f,0xf1,0xe7,0x55,0x00,0x00,0x00,0x00,0x00,0xf0,0x78,0x00,
  0x00,0x00,0x00,0x00,0x00,0x00,0xf0,0x78,0x00,0x00,0x00,0x00,0x00,0x00,0x00,0xf0,0x78,0x00,0x00,0x00,0x00,0x00,0x00,0x00,
  0xf0,0x9a,0xb9,0xf1,0xe1,0x73,0x00,0x00,0x00,0xf0,0xff,0x7e,0x12,0x52,0xf5,0x73,0x00,0x00,0xf0,0xbf,0x00,0x00,0x00,0x89,
  0xec,0x03,0x00,0xf0,0x72,0x00,0x00,0x00,0x47,0xff,0x2c,0x00,0xf0,0x5a,0x00,0x00,0x00,0x33,0xff,0x3e,0x00,0xf0,0x6c,0x00,
  0x00,0x00,0x49,0xff,0x28,0x00,0xf0,0xab,0x00,0x00,0x00,0x8d,0xe6,0x01,0x00,0xf0,0xfc,0x66,0x0f,0x57,0xf6,0x64,0x00,0x00,
  0xf0,0xa1,0xbf,0xf3,0xd8,0x60,0x00,0x00,0x00,0xf0,0x78,0x00,0x00,0x00,0x00,0x00,0x00,0x00,0xf0,0x78,0x00,0x00,0x00,0x00,
  0x00,0x00,0x00,0xf0,0x78,0x00,0x00,0x00,0x00,0x00,0x00,0x00,0x18,0xff,0x60,0x30,0xff,0x48,0x00,0x00,0x00,0x00,0x00,0x00,
  0x00,0x00,0x00,0x8f,0xee,0x06,0x00,0x00,0x00,0xb6,0xaf,0x34,0xff,0x4d,0x00,0x00,0x0e,0xf9,0x57,0x00,0xd9,0xa6,0x00,0x00,
  0x5a,0xf4,0x0a,0x00,0x7f,0xf4,0x0a,0x00,0xac,0xa7,0x00,0x00,0x24,0xff,0x58,0x09,0xf4,0x4e,0x00,0x00,0x00,0xca,0xab,0x52,
  0xef,0x06,0x00,0x00,0x00,0x6f,0xf1,0xb8,0x9e,0x00,0x00,0x00,0x00,0x18,0xfc,0xff,0x46,0x00,0x00,0x00,0x00,0x00,0xbb,0xe9,
  0x03,0x00,0x00,0x00,0x00,0x00,0xce,0x8c,0x00,0x00,0x00,0x04,0x0b,0x58,0xf7,0x1d,0x00,0x00,0x00,0x0f,0xf1,0xe7,0x55,0x00,
  0x00,0x00,0x00,0x00,0x00,0x00,0xc8,0xb0,0x00,0xe0,0x98,0x00,0x00,0x00,0x00,0x00,0x00,0x00,0x00,0x00,0x00,0x00,0x00,0x00,
  0x00,0x00,0xbc,0xff,0xff,0xff,0xff,0xff,0xff,0xff,0x8c,0x00,0x00,0xbc,0xc8,0x00,0x00,0x00,0x00,0x00,0x00,0x00,0x00,0x00,
  0xbc,0xc8,0x00,0x00,0x00,0x00,0x00,0x00,0x00,0x00,0x00,0xbc,0xc8,0x00,0x00,0x00,0x00,0x00,0x00,0x00,0x00,0x00,0xbc,0xc8,
  0x00,0x00,0x00,0x00,0x00,0x00,0x00,0x00,0x00,0xbc,0xff,0xff,0xff,0xff,0xff,0xff,0xff,0x20,0x00,0x00,0xbc,0xc8,0x00,0x00,
  0x00,0x00,0x00,0x00,0x00,0x00,0x00,0xbc,0xc8,0x00,0x00,0x00,0x00,0x00,0x00,0x00,0x00,0x00,0xbc,0xc8,0x00,0x00,0x00,0x00,
  0x00,0x00,0x00,0x00,0x00,0xbc,0xc8,0x00,0x00,0x00,0x00,0x00,0x00,0x00,0x00,0x00,0xbc,0xc8,0x00,0x00,0x00,0x00,0x00,0x00,
  0x00,0x00,0x00,0xbc,0xff,0xff,0xff,0xff,0xff,0xff,0xff,0xd0,0x00,0x00,0x00,0x00,0x00,0x00,0xd0,0xff,0x35,0x00,0x00,0x00,
  0x00,0x00,0x00,0x00,0x00,0x2d,0xff,0xcf,0x99,0x00,0x00,0x00,0x00,0x00,0x00,0x00,0x00,0x8c,0xe5,0x82,0xf2,0x0b,0x00,0x00,
  0x00,0x00,0x00,0x00,0x03,0xe6,0xa3,0x35,0xff,0x61,0x00,0x00,0x00,0x00,0x00,0x00,0x48,0xff,0x48,0x00,0xd8,0xc5,0x00,0x00,
  0x00,0x00,0x00,0x00,0xa6,0xdf,0x02,0x00,0x71,0xff,0x29,0x00,0x00,0x00,0x00,0x0d,0xf5,0x7b,0x00,0x00,0x11,0xf6,0x8d,0x00,
  0x00,0x00,0x00,0x62,0xff,0xff,0xff,0xff,0xff,0xff,0xeb,0x06,0x00,0x00,0x00,0xc0,0xaf,0x00,0x00,0x00,0x00,0x32,0xff,0x55,
  0x00,0x00,0x1e,0xfe,0x5f,0x00,0x00,0x00,0x00,0x00,0xdc,0xb9,0x00,0x00,0x7c,0xfc,0x13,0x00,0x00,0x00,0x00,0x00,0x88,0xfd,
  0x1f,0x00,0xd8,0xbf,0x00,0x00,0x00,0x00,0x00,0x00,0x33,0xff,0x81,0x00,0xb0,0xff,0xff,0xff,0xff,0xff,0xff,0xbc,0x00,0x00,
  0x00,0xb0,0xd4,0x00,0x00,0x00,0x00,0x00,0x00,0x00,0x00,0x00,0xb0,0xd4,0x00,0x00,0x00,0x00,0x00,0x00,0x00,0x00,0x00,0xb0,
  0xd4,0x00,0x00,0x00,0x00,0x00,0x00,0x00,0x00,0x00,0xb0,0xd4,0x00,0x00,0x00,0x00,0x00,0x00,0x00,0x00,0x00,0xb0,0xff,0xff,
  0xff,0xfe,0xf1,0xca,0x61,0x00,0x00,0x00,0xb0,0xd4,0x00,0x00,0x07,0x1e,0x8c,0xff,0x5b,0x00,0x00,0xb0,0xd4,0x00,0x00,0x00,
  0x00,0x00,0xdb,0xca,0x00,0x00,0xb0,0xd4,0x00,0x00,0x00,0x00,0x00,0xb8,0xe8,0x00,0x00,0xb0,0xd4,0x00,0x00,0x00,0x00,0x01,
  0xdc,0xc5,0x00,0x00,0xb0,0xd4,0x00,0x00,0x00,0x17,0x8b,0xff,0x56,0x00,0x00,0xb0,0xff,0xff,0xff,0xff,0xf8,0xd4,0x62,0x00,
  0x00,0x00,0xd4,0xff,0xff,0xff,0xfd,0xea,0xa9,0x20,0x00,0x00,0x00,0xd4,0xb0,0x00,0x00,0x06,0x28,0xc8,0xda,0x05,0x00,0x00,
  0xd4,0xb0,0x00,0x00,0x00,0x00,0x4d,0xff,0x37,0x00,0x00,0xd4,0xb0,0x00,0x00,0x00,0x00,0x4a,0xfb,0x1b,0x00,0x00,0xd4,0xb0,
  0x00,0x00,0x03,0x28,0xbf,0x66,0x00,0x00,0x00,0xd4,0xff,0xff,0xff,0xff,0xff,0xf8,0x88,0x01,0x00,0x00,0xd4,0xb0,0x00,0x00,
  0x03,0x1f,0x9e,0xff,0x66,0x00,0x00,0xd4,0xb0,0x00,0x00,0x00,0x00,0x04,0xea,0xbc,0x00,0x00,0xd4,0xb0,0x00,0x00,0x00,0x00,
  0x00,0xc9,0xca,0x00,0x00,0xd4,0xb0,0x00,0x00,0x00,0x00,0x06,0xf0,0x9b,0x00,0x00,0xd4,0xb0,0x00,0x00,0x00,0x16,0x9f,0xf7,
  0x2b,0x00,0x00,0xd4,0xff,0xff,0xff,0xfe,0xef,0xb3,0x34,0x00,0x00,0x00,0xbc,0xff,0xff,0xff,0xff,0xff,0xff,0xac,0x00,0xbc,
  0xc8,0x00,0x00,0x00,0x00,0x00,0x00,0x00,0xbc,0xc8,0x00,0x00,0x00,0x00,0x00,0x00,0x00,0xbc,0xc8,0x00,0x00,0x00,0x00,0x00,
  0x00,0x00,0xbc,0xc8,0x00,0x00,0x00,0x00,0x00,0x00,0x00,0xbc,0xc8,0x00,0x00,0x00,0x00,0x00,0x00,0x00,0xbc,0xc8,0x00,0x00,
  0x00,0x00,0x00,0x00,0x00,0xbc,0xc8,0x00,0x00,0x00,0x00,0x00,0x00,0x00,0xbc,0xc8,0x00,0x00,0x00,0x00,0x00,0x00,0x00,0xbc,
  0xc8,0x00,0x00,0x00,0x00,0x00,0x00,0x00,0xbc,0xc8,0x00,0x00,0x00,0x00,0x00,0x00,0x00,0xbc,0xc8,0x00,0x00,0x00,0x00,0x00,
  0x00,0x00,0x00,0xb8,0xff,0xff,0xff,0xff,0xff,0xff,0x40,0x00,0x00,0x00,0xb8,0xbb,0x00,0x00,0x00,0x44,0xff,0x40,0x00,0x00,
  0x00,0xbb,0xb6,0x00,0x00,0x00,0x44,0xff,0x40,0x00,0x00,0x00,0xbf,0xac,0x00,0x00,0x00,0x44,0xff,0x40,0x00,0x00,0x00,0xc9,
  0x9b,0x00,0x00,0x00,0x44,0xff,0x40,0x00,0x00,0x00,0xda,0x87,0x00,0x00,0x00,0x44,0xff,0x40,0x00,0x00,0x00,0xf0,0x70,0x00,
  0x00,0x00,0x44,0xff,0x40,0x00,0x00,0x10,0xff,0x51,0x00,0x00,0x00,0x44,0xff,0x40,0x00,0x00,0x3e,0xff,0x27,0x00,0x00,0x00,
  0x44,0xff,0x40,0x00,0x00,0x7e,0xec,0x01,0x00,0x00,0x00,0x44,0xff,0x40,0x00,0x02,0xda,0xa0,0x00,0x00,0x00,0x00,0x44,0xff,
  0x40,0x00,0xff,0xff,0xff,0xff,0xff,0xff,0xff,0xff,0xff,0xff,0x48,0xff,0x5c,0x00,0x00,0x00,0x00,0x00,0x00,0x14,0xff,0x48,
  0xff,0x5c,0x00,0x00,0x00,0x00,0x00,0x00,0x14,0xff,0x48,0xff,0x5c,0x00,0x00,0x00,0x00,0x00,0x00,0x14,0xff,0x48,0x00,0xbc,
  0xff,0xff,0xff,0xff,0xff,0xff,0xff,0x8c,0x00,0x00,0xbc,0xc8,0x00,0x00,0x00,0x00,0x00,0x00,0x00,0x00,0x00,0xbc,0xc8,0x00,
  0x00,0x00,0x00,0x00,0x00,0x00,0x00,0x00,0xbc,0xc8,0x00,0x00,0x00,0x00,0x00,0x00,0x00,0x00,0x00,0xbc,0xc8,0x00,0x00,0x00,
  0x00,0x00,0x00,0x00,0x00,0x00,0xbc,0xff,0xff,0xff,0xff,0xff,0xff,0xff,0x20,0x00,0x00,0xbc,0xc8,0x00,0x00,0x00,0x00,0x00,
  0x00,0x00,0x00,0x00,0xbc,0xc8,0x00,0x00,0x00,0x00,0x00,0x00,0x00,0x00,0x00,0xbc,0xc8,0x00,0x00,0x00,0x00,0x00,0x00,0x00,
  0x00,0x00,0xbc,0xc8,0x00,0x00,0x00,0x00,0x00,0x00,0x00,0x00,0x00,0xbc,0xc8,0x00,0x00,0x00,0x00,0x00,0x00,0x00,0x00,0x00,
  0xbc,0xff,0xff,0xff,0xff,0xff,0xff,0xff,0xd0,0x00,0xd2,0xf0,0x85,0x01,0x00,0x00,0x64,0xff,0x2c,0x00,0x00,0x0c,0xa9,0xf8,
  0x9a,0x02,0x30,0xf1,0x70,0x00,0x00,0x64,0xff,0x2c,0x00,0x00,0xa7,0xd0,0x17,0x00,0x00,0x00,0x86,0xe4,0x04,0x00,0x64,0xff,
  0x2c,0x00,0x1f,0xfd,0x4d,0x00,0x00,0x00,0x00,0x1d,0xfc,0x58,0x00,0x64,0xff,0x2c,0x00,0x8e,0xde,0x02,0x00,0x00,0x00,0x00,
  0x00,0x98,0xdc,0x2b,0x68,0xff,0x33,0x43,0xf7,0x5e,0x00,0x00,0x00,0x00,0x00,0x00,0x06,0xc8,0xff,0xff,0xff,0xff,0xff,0x9e,
  0x00,0x00,0x00,0x00,0x00,0x00,0x02,0xaf,0xf7,0x57,0x6b,0xff,0x3b,0x88,0xff,0x79,0x00,0x00,0x00,0x00,0x00,0x6c,0xff,0x70,
  0x00,0x64,0xff,0x2c,0x00,0xb3,0xfd,0x37,0x00,0x00,0x00,0x12,0xee,0xd9,0x04,0x00,0x64,0xff,0x2c,0x00,0x20,0xf7,0xc7,0x00,
  0x00,0x00,0x8e,0xff,0x50,0x00,0x00,0x64,0xff,0x2c,0x00,0x00,0x89,0xff,0x55,0x00,0x22,0xf9,0xc3,0x00,0x00,0x00,0x64,0xff,
  0x2c,0x00,0x00,0x0f,0xec,0xdc,0x06,0xa9,0xff,0x37,0x00,0x00,0x00,0x64,0xff,0x2c,0x00,0x00,0x00,0x6f,0xff,0x71,0x00,0x02,
  0x72,0xd3,0xf4,0xe4,0xa2,0x19,0x00,0x00,0x00,0x8e,0xe7,0x49,0x09,0x22,0xbc,0xd8,0x0a,0x00,0x0f,0xf8,0x63,0x00,0x00,0x00,
  0x24,0xff,0x57,0x00,0x00,0x00,0x00,0x00,0x00,0x00,0x24,0xff,0x70,0x00,0x00,0x00,0x00,0x00,0x04,0x25,0xbc,0xfa,0x28,0x00,
  0x00,0x00,0x00,0x08,0xff,0xff,0xff,0x62,0x00,0x00,0x00,0x00,0x00,0x00,0x01,0x20,0x99,0xf1,0x39,0x00,0x00,0x00,0x00,0x00,
  0x00,0x00,0x01,0xcd,0xcd,0x00,0x00,0x00,0x00,0x00,0x00,0x00,0x00,0x9f,0xfa,0x00,0x29,0xfd,0x4d,0x00,0x00,0x00,0x02,0xd3,
  0xd8,0x00,0x00,0x8c,0xed,0x55,0x0d,0x1d,0x9c,0xfd,0x50,0x00,0x00,0x00,0x67,0xcf,0xf4,0xe8,0xb7,0x37,0x00,0x00,0x00,0xbc,
  0xa4,0x00,0x00,0x00,0x00,0x00,0x97,0xff,0x40,0x00,0x00,0xbc,0xa4,0x00,0x00,0x00,0x00,0x3c,0xfe,0xff,0x40,0x00,0x00,0xbc,
  0xa4,0x00,0x00,0x00,0x07,0xd7,0xec,0xff,0x40,0x00,0x00,0xbc,0xa4,0x00,0x00,0x00,0x83,0xfe,0x5f,0xff,0x40,0x00,0x00,0xbc,
  0xa4,0x00,0x00,0x2c,0xfa,0x99,0x20,0xff,0x40,0x00,0x00,0xbc,0xa4,0x00,0x02,0xc8,0xe5,0x0f,0x20,0xff,0x40,0x00,0x00,0xbc,
  0xa4,0x00,0x70,0xff,0x50,0x00,0x20,0xff,0x40,0x00,0x00,0xbc,0xa4,0x1f,0xf4,0xab,0x00,0x00,0x20,0xff,0x40,0x00,0x00,0xbc,
  0xa4,0xb7,0xef,0x18,0x00,0x00,0x20,0xff,0x40,0x00,0x00,0xbc,0xeb,0xff,0x62,0x00,0x00,0x00,0x20,0xff,0x40,0x00,0x00,0xbc,
  0xff,0xbd,0x00,0x00,0x00,0x00,0x20,0xff,0x40,0x00,0x00,0xbc,0xf6,0x23,0x00,0x00,0x00,0x00,0x20,0xff,0x40,0x00,0x00,0x00,
  0x00,0x8e,0x97,0x0d,0x58,0xc5,0x00,0x00,0x00,0x00,0x00,0x00,0x00,0x14,0xbc,0xf6,0xd2,0x32,0x00,0x00,0x00,0x00,0x00,0x00,
  0x00,0x00,0x00,0x00,0x00,0x00,0x00,0x00,0x00,0x00,0x00,0xbc,0xa4,0x00,0x00,0x00,0x00,0x00,0x97,0xff,0x40,0x00,0x00,0xbc,
  0xa4,0x00,0x00,0x00,0x00,0x3c,0xfe,0xff,0x40,0x00,0x00,0xbc,0xa4,0x00,0x00,0x00,0x07,0xd7,0xec,0xff,0x40,0x00,0x00,0xbc,
  0xa4,0x00,0x00,0x00,0x83,0xfe,0x5f,0xff,0x40,0x00,0x00,0xbc,0xa4,0x00,0x00,0x2c,0xfa,0x99,0x20,0xff,0x40,0x00,0x00,0xbc,
  0xa4,0x00,0x02,0xc8,0xe5,0x0f,0x20,0xff,0x40,0x00,0x00,0xbc,0xa4,0x00,0x70,0xff,0x50,0x00,0x20,0xff,0x40,0x00,0x00,0xbc,
  0xa4,0x1f,0xf4,0xab,0x00,0x00,0x20,0xff,0x40,0x00,0x00,0xbc,0xa4,0xb7,0xef,0x18,0x00,0x00,0x20,0xff,0x40,0x00,0x00,0xbc,
  0xeb,0xff,0x62,0x00,0x00,0x00,0x20,0xff,0x40,0x00,0x00,0xbc,0xff,0xbd,0x00,0x00,0x00,0x00,0x20,0xff,0x40,0x00,0x00,0xbc,
  0xf6,0x23,0x00,0x00,0x00,0x00,0x20,0xff,0x40,0x00,0x00,0xbc,0xc8,0x00,0x00,0x00,0x4a,0xde,0xfe,0x27,0x00,0xbc,0xc8,0x00,
  0x00,0x25,0xfb,0x73,0x06,0x00,0x00,0xbc,0xc8,0x00,0x00,0x96,0xd7,0x01,0x00,0x00,0x00,0xbc,0xc8,0x00,0x12,0xf4,0x6c,0x00,
  0x00,0x00,0x00,0xbc,0xc8,0x14,0xa3,0xdf,0x0b,0x00,0x00,0x00,0x00,0xbc,0xff,0xff,0xf4,0x30,0x00,0x00,0x00,0x00,0x00,0xbc,
  0xc9,0x2e,0xd7,0xe9,0x20,0x00,0x00,0x00,0x00,0xbc,0xc8,0x00,0x2a,0xfa,0xc0,0x00,0x00,0x00,0x00,0xbc,0xc8,0x00,0x00,0x8b,
  0xff,0x54,0x00,0x00,0x00,0xbc,0xc8,0x00,0x00,0x10,0xed,0xdb,0x05,0x00,0x00,0xbc,0xc8,0x00,0x00,0x00,0x70,0xff,0x6f,0x00,
  0x00,0xbc,0xc8,0x00,0x00,0x00,0x06,0xdc,0xec,0x10,0x00,0x00,0xec,0xff,0xff,0xff,0xff,0xff,0xff,0x40,0x00,0x00,0x00,0xec,
  0x98,0x00,0x00,0x00,0x44,0xff,0x40,0x00,0x00,0x00,0xec,0x98,0x00,0x00,0x00,0x44,0xff,0x40,0x00,0x00,0x00,0xec,0x98,0x00,
  0x00,0x00,0x44,0xff,0x40,0x00,0x00,0x00,0xec,0x98,0x00,0x00,0x00,0x44,0xff,0x40,0x00,0x00,0x00,0xec,0x98,0x00,0x00,0x00,
  0x44,0xff,0x40,0x00,0x00,0x00,0xec,0x98,0x00,0x00,0x00,0x44,0xff,0x40,0x00,0x00,0x00,0xec,0x96,0x00,0x00,0x00,0x44,0xff,
  0x40,0x00,0x00,0x00,0xec,0x91,0x00,0x00,0x00,0x44,0xff,0x40,0x00,0x00,0x00,0xf5,0x7f,0x00,0x00,0x00,0x44,0xff,0x40,0x00,
  0x62,0x3b,0xff,0x49,0x00,0x00,0x00,0x44,0xff,0x40,0x00,0x69,0xf0,0x97,0x01,0x00,0x00,0x00,0x44,0xff,0x40,0x00,0x00,0xd0,
  0xff,0xa2,0x00,0x00,0x00,0x00,0x00,0x1a,0xfd,0xff,0x20,0x00,0xd0,0xda,0xf1,0x07,0x00,0x00,0x00,0x00,0x70,0xd8,0xff,0x20,
  0x00,0xd0,0xa8,0xe3,0x4e,0x00,0x00,0x00,0x00,0xc8,0x8b,0xff,0x20,0x00,0xd0,0xa8,0x97,0xa4,0x00,0x00,0x00,0x20,0xe4,0x59,
  0xff,0x20,0x00,0xd0,0xa8,0x4a,0xf2,0x07,0x00,0x00,0x78,0x98,0x58,0xff,0x20,0x00,0xd0,0xa8,0x08,0xf5,0x4f,0x00,0x00,0xd0,
  0x4b,0x58,0xff,0x20,0x00,0xd0,0xa8,0x00,0xb0,0xa5,0x00,0x27,0xf5,0x08,0x58,0xff,0x20,0x00,0xd0,0xa8,0x00,0x63,0xf2,0x08,
  0x7e,0xb0,0x00,0x58,0xff,0x20,0x00,0xd0,0xa8,0x00,0x17,0xfe,0x50,0xd6,0x62,0x00,0x58,0xff,0x20,0x00,0xd0,0xa8,0x00,0x00,
  0xc9,0xcc,0xfe,0x17,0x00,0x58,0xff,0x20,0x00,0xd0,0xa8,0x00,0x00,0x7c,0xff,0xc7,0x00,0x00,0x58,0xff,0x20,0x00,0xd0,0xa8,
  0x00,0x00,0x2f,0xff,0x7a,0x00,0x00,0x58,0xff,0x20,0x00,0xb8,0xcc,0x00,0x00,0x00,0x00,0x00,0x40,0xff,0x44,0x00,0x00,0xb8,
  0xcc,0x00,0x00,0x00,0x00,0x00,0x40,0xff,0x44,0x00,0x00,0xb8,0xcc,0x00,0x00,0x00,0x00,0x00,0x40,0xff,0x44,0x00,0x00,0xb8,
  0xcc,0x00,0x00,0x00,0x00,0x00,0x40,0xff,0x44,0x00,0x00,0xb8,0xcc,0x00,0x00,0x00,0x00,0x00,0x40,0xff,0x44,0x00,0x00,0xb8,
  0xff,0xff,0xff,0xff,0xff,0xff,0xff,0xff,0x44,0x00,0x00,0xb8,0xcc,0x00,0x00,0x00,0x00,0x00,0x40,0xff,0x44,0x00,0x00,0xb8,
  0xcc,0x00,0x00,0x00,0x00,0x00,0x40,0xff,0x44,0x00,0x00,0xb8,0xcc,0x00,0x00,0x00,0x00,0x00,0x40,0xff,0x44,0x00,0x00,0xb8,
  0xcc,0x00,0x00,0x00,0x00,0x00,0x40,0xff,0x44,0x00,0x00,0xb8,0xcc,0x00,0x00,0x00,0x00,0x00,0x40,0xff,0x44,0x00,0x00,0xb8,
  0xcc,0x00,0x00,0x00,0x00,0x00,0x40,0xff,0x44,0x00,0x00,0x00,0x00,0x46,0xb6,0xed,0xf6,0xd5,0x7f,0x10,0x00,0x00,0x00,0x00,
  0x80,0xf8,0x77,0x1b,0x0a,0x3f,0xc8,0xdb,0x23,0x00,0x00,0x4d,0xfe,0x4c,0x00,0x00,0x00,0x00,0x09,0xcd,0xc7,0x02,0x00,0xc7,
  0xc0,0x00,0x00,0x00,0x00,0x00,0x00,0x48,0xff,0x44,0x0f,0xfd,0x7d,0x00,0x00,0x00,0x00,0x00,0x00,0x06,0xf7,0x8f,0x2d,0xff,
  0x61,0x00,0x00,0x00,0x00,0x00,0x00,0x00,0xdf,0xae,0x2e,0xff,0x5d,0x00,0x00,0x00,0x00,0x00,0x00,0x00,0xdb,0xae,0x10,0xfe,
  0x78,0x00,0x00,0x00,0x00,0x00,0x00,0x03,0xf5,0x90,0x00,0xc2,0xc0,0x00,0x00,0x00,0x00,0x00,0x00,0x41,0xff,0x44,0x00,0x46,
  0xfe,0x51,0x00,0x00,0x00,0x00,0x07,0xc9,0xc9,0x02,0x00,0x00,0x7a,0xf7,0x75,0x18,0x07,0x39,0xc3,0xdb,0x23,0x00,0x00,0x00,
  0x00,0x41,0xb2,0xe7,0xf6,0xd5,0x7f,0x0f,0x00,0x00,0x00,0xc0,0xff,0xff,0xff,0xff,0xff,0xff,0xff,0xff,0x44,0x00,0x00,0xc0,
  0xc4,0x00,0x00,0x00,0x00,0x00,0x44,0xff,0x44,0x00,0x00,0xc0,0xc4,0x00,0x00,0x00,0x00,0x00,0x44,0xff,0x44,0x00,0x00,0xc0,
  0xc4,0x00,0x00,0x00,0x00,0x00,0x44,0xff,0x44,0x00,0x00,0xc0,0xc4,0x00,0x00,0x00,0x00,0x00,0x44,0xff,0x44,0x00,0x00,0xc0,
  0xc4,0x00,0x00,0x00,0x00,0x00,0x44,0xff,0x44,0x00,0x00,0xc0,0xc4,0x00,0x00,0x00,0x00,0x00,0x44,0xff,0x44,0x00,0x00,0xc0,
  0xc4,0x00,0x00,0x00,0x00,0x00,0x44,0xff,0x44,0x00,0x00,0xc0,0xc4,0x00,0x00,0x00,0x00,0x00,0x44,0xff,0x44,0x00,0x00,0xc0,
  0xc4,0x00,0x00,0x00,0x00,0x00,0x44,0xff,0x44,0x00,0x00,0xc0,0xc4,0x00,0x00,0x00,0x00,0x00,0x44,0xff,0x44,0x00,0x00,0xc0,
  0xc4,0x00,0x00,0x00,0x00,0x00,0x44,0xff,0x44,0x00,0x00,0xc4,0xff,0xff,0xff,0xff,0xf7,0xd3,0x6f,0x00,0x00,0x00,0xc4,0xc0,
  0x00,0x00,0x00,0x0b,0x68,0xff,0x6e,0x00,0x00,0xc4,0xc0,0x00,0x00,0x00,0x00,0x00,0xbf,0xd8,0x00,0x00,0xc4,0xc0,0x00,0x00,
  0x00,0x00,0x00,0x9c,0xf1,0x00,0x00,0xc4,0xc0,0x00,0x00,0x00,0x00,0x00,0xc6,0xca,0x00,0x00,0xc4,0xc0,0x00,0x00,0x01,0x1a,
  0x80,0xff,0x54,0x00,0x00,0xc4,0xff,0xff,0xff,0xff,0xf3,0xc9,0x5e,0x00,0x00,0x00,0xc4,0xc0,0x00,0x00,0x00,0x00,0x00,0x00,
  0x00,0x00,0x00,0xc4,0xc0,0x00,0x00,0x00,0x00,0x00,0x00,0x00,0x00,0x00,0xc4,0xc0,0x00,0x00,0x00,0x00,0x00,0x00,0x00,0x00,
  0x00,0xc4,0xc0,0x00,0x00,0x00,0x00,0x00,0x00,0x00,0x00,0x00,0xc4,0xc0,0x00,0x00,0x00,0x00,0x00,0x00,0x00,0x00,0x00,0x00,
  0x00,0x4b,0xb7,0xe9,0xf4,0xd1,0x71,0x07,0x00,0x00,0x00,0x00,0x8b,0xf1,0x69,0x19,0x0d,0x51,0xe8,0xb6,0x05,0x00,0x00,0x54,
  0xff,0x43,0x00,0x00,0x00,0x00,0x40,0xff,0x65,0x00,0x00,0xc8,0xc2,0x00,0x00,0x00,0x00,0x00,0x00,0x70,0x35,0x00,0x0e,0xff,
  0x80,0x00,0x00,0x00,0x00,0x00,0x00,0x00,0x00,0x00,0x29,0xff,0x63,0x00,0x00,0x00,0x00,0x00,0x00,0x00,0x00,0x00,0x26,0xff,
  0x66,0x00,0x00,0x00,0x00,0x00,0x00,0x00,0x00,0x00,0x0b,0xfc,0x81,0x00,0x00,0x00,0x00,0x00,0x00,0x0c,0x00,0x00,0x00,0xc2,
  0xc2,0x00,0x00,0x00,0x00,0x00,0x00,0xd0,0xae,0x00,0x00,0x51,0xff,0x42,0x00,0x00,0x00,0x00,0x46,0xff,0x68,0x00,0x00,0x00,
  0x9b,0xf2,0x66,0x14,0x12,0x60,0xee,0xae,0x03,0x00,0x00,0x00,0x00,0x5e,0xc4,0xec,0xf3,0xce,0x6a,0x05,0x00,0x00,0xa0,0xff,
  0xff,0xff,0xff,0xff,0xff,0xff,0xff,0x74,0x00,0x00,0x00,0x00,0xd8,0xac,0x00,0x00,0x00,0x00,0x00,0x00,0x00,0x00,0xd8,0xac,
  0x00,0x00,0x00,0x00,0x00,0x00,0x00,0x00,0xd8,0xac,0x00,0x00,0x00,0x00,0x00,0x00,0x00,0x00,0xd8,0xac,0x00,0x00,0x00,0x00,
  0x00,0x00,0x00,0x00,0xd8,0xac,0x00,0x00,0x00,0x00,0x00,0x00,0x00,0x00,0xd8,0xac,0x00,0x00,0x00,0x00,0x00,0x00,0x00,0x00,
  0xd8,0xac,0x00,0x00,0x00,0x00,0x00,0x00,0x00,0x00,0xd8,0xac,0x00,0x00,0x00,0x00,0x00,0x00,0x00,0x00,0xd8,0xac,0x00,0x00,
  0x00,0x00,0x00,0x00,0x00,0x00,0xd8,0xac,0x00,0x00,0x00,0x00,0x00,0x00,0x00,0x00,0xd8,0xac,0x00,0x00,0x00,0x00,0xa8,0xd7,
  0x02,0x00,0x00,0x00,0x00,0x00,0x9c,0xdf,0x04,0x24,0xfb,0x58,0x00,0x00,0x00,0x00,0x12,0xf6,0x6c,0x00,0x00,0x97,0xd4,0x01,
  0x00,0x00,0x00,0x78,0xeb,0x09,0x00,0x00,0x19,0xf5,0x54,0x00,0x00,0x03,0xe1,0x7d,0x00,0x00,0x00,0x00,0x86,0xd0,0x01,0x00,
  0x54,0xf3,0x12,0x00,0x00,0x00,0x00,0x0f,0xed,0x50,0x00,0xc2,0x8e,0x00,0x00,0x00,0x00,0x00,0x00,0x75,0xcd,0x30,0xfa,0x1c,
  0x00,0x00,0x00,0x00,0x00,0x00,0x08,0xe3,0xd6,0x9f,0x00,0x00,0x00,0x00,0x00,0x00,0x00,0x00,0x6d,0xfe,0x29,0x00,0x00,0x00,
  0x00,0x00,0x00,0x00,0x00,0x93,0xaf,0x00,0x00,0x00,0x00,0x00,0x00,0x00,0x00,0x39,0xf2,0x2e,0x00,0x00,0x00,0x00,0x00,0x00,
  0x68,0xff,0xec,0x69,0x00,0x00,0x00,0x00,0x00,0x00,0x00,0x00,0x00,0x00,0x00,0xa0,0xcc,0x00,0x00,0x00,0x00,0x00,0x00,0x00,
  0x00,0x00,0x00,0xa0,0xcc,0x00,0x00,0x00,0x00,0x00,0x00,0x00,0x24,0x9e,0xd8,0xfc,0xff,0xe9,0xb2,0x44,0x00,0x00,0x00,0x5c,
  0xfa,0x9b,0x2b,0xa3,0xcd,0x23,0x7e,0xf8,0x7b,0x00,0x13,0xf5,0xa3,0x00,0x00,0xa0,0xcc,0x00,0x00,0x77,0xfe,0x2d,0x4e,0xff,
  0x4e,0x00,0x00,0xa0,0xcc,0x00,0x00,0x22,0xff,0x75,0x4f,0xff,0x4d,0x00,0x00,0xa0,0xcc,0x00,0x00,0x23,0xff,0x75,0x13,0xf5,
  0xa2,0x00,0x00,0xa0,0xcc,0x00,0x00,0x77,0xfe,0x2d,0x00,0x5c,0xfa,0x97,0x29,0xa3,0xcd,0x22,0x7e,0xf9,0x7d,0x00,0x00,0x00,
  0x24,0x9f,0xd9,0xfd,0xff,0xec,0xb5,0x49,0x00,0x00,0x00,0x00,0x00,0x00,0x00,0xa0,0xcc,0x00,0x00,0x00,0x00,0x00,0x00,0x00,
  0x00,0x00,0x00,0xa0,0xcc,0x00,0x00,0x00,0x00,0x00,0x1f,0xf2,0xb6,0x00,0x00,0x00,0x00,0x00,0xb8,0xdd,0x0c,0x00,0x65,0xff,
  0x55,0x00,0x00,0x00,0x64,0xfc,0x3a,0x00,0x00,0x00,0xb7,0xe5,0x0e,0x00,0x1c,0xf1,0x84,0x00,0x00,0x00,0x00,0x1b,0xef,0x98,
  0x02,0xba,0xcc,0x05,0x00,0x00,0x00,0x00,0x00,0x5e,0xff,0xc3,0xf6,0x28,0x00,0x00,0x00,0x00,0x00,0x00,0x00,0xb9,0xff,0x7b,
  0x00,0x00,0x00,0x00,0x00,0x00,0x00,0x18,0xea,0xff,0xcd,0x05,0x00,0x00,0x00,0x00,0x00,0x01,0xb7,0xf1,0x79,0xff,0x81,0x00,
  0x00,0x00,0x00,0x00,0x6f,0xff,0x60,0x01,0xba,0xfb,0x34,0x00,0x00,0x00,0x2c,0xf7,0xaa,0x00,0x00,0x1b,0xee,0xd6,0x08,0x00,
  0x07,0xd2,0xe3,0x11,0x00,0x00,0x00,0x57,0xff,0x8d,0x00,0x91,0xfd,0x40,0x00,0x00,0x00,0x00,0x00,0xa5,0xfd,0x3e,0x00,0xc0,
  0xc4,0x00,0x00,0x00,0x00,0x00,0x44,0xff,0x40,0x00,0x00,0xc0,0xc4,0x00,0x00,0x00,0x00,0x00,0x44,0xff,0x40,0x00,0x00,0xc0,
  0xc4,0x00,0x00,0x00,0x00,0x00,0x44,0xff,0x40,0x00,0x00,0xc0,0xc4,0x00,0x00,0x00,0x00,0x00,0x44,0xff,0x40,0x00,0x00,0xc0,
  0xc4,0x00,0x00,0x00,0x00,0x00,0x44,0xff,0x40,0x00,0x00,0xc0,0xc4,0x00,0x00,0x00,0x00,0x00,0x44,0xff,0x40,0x00,0x00,0xc0,
  0xc4,0x00,0x00,0x00,0x00,0x00,0x44,0xff,0x40,0x00,0x00,0xc0,0xc4,0x00,0x00,0x00,0x00,0x00,0x44,0xff,0x40,0x00,0x00,0xc0,
  0xc4,0x00,0x00,0x00,0x00,0x00,0x44,0xff,0x40,0x00,0x00,0xc0,0xc4,0x00,0x00,0x00,0x00,0x00,0x44,0xff,0x40,0x00,0x00,0xc0,
  0xc4,0x00,0x00,0x00,0x00,0x00,0x44,0xff,0x40,0x00,0x00,0xc0,0xff,0xff,0xff,0xff,0xff,0xff,0xff,0xff,0xff,0x4c,0x00,0x00,
  0x00,0x00,0x00,0x00,0x00,0x00,0x00,0x0c,0xff,0x4c,0x00,0x00,0x00,0x00,0x00,0x00,0x00,0x00,0x00,0x0c,0xff,0x4c,0x00,0x00,
  0x00,0x00,0x00,0x00,0x00,0x00,0x00,0x0c,0xff,0x4c,0x50,0xff,0x34,0x00,0x00,0x00,0x00,0x1c,0xff,0x68,0x00,0x50,0xff,0x34,
  0x00,0x00,0x00,0x00,0x1c,0xff,0x68,0x00,0x50,0xff,0x34,0x00,0x00,0x00,0x00,0x1c,0xff,0x68,0x00,0x4e,0xff,0x34,0x00,0x00,
  0x00,0x00,0x1c,0xff,0x68,0x00,0x42,0xff,0x40,0x00,0x00,0x00,0x00,0x1c,0xff,0x68,0x00,0x1b,0xff,0x70,0x00,0x00,0x00,0x00,
  0x1c,0xff,0x68,0x00,0x00,0xad,0xe8,0x47,0x09,0x1d,0x50,0xae,0xff,0x68,0x00,0x00,0x08,0x8b,0xe3,0xf9,0xe5,0xbd,0x93,0xff,
  0x68,0x00,0x00,0x00,0x00,0x00,0x00,0x00,0x00,0x1c,0xff,0x68,0x00,0x00,0x00,0x00,0x00,0x00,0x00,0x00,0x1c,0xff,0x68,0x00,
  0x00,0x00,0x00,0x00,0x00,0x00,0x00,0x1c,0xff,0x68,0x00,0x00,0x00,0x00,0x00,0x00,0x00,0x00,0x1c,0xff,0x68,0x00,0x00,0xbc,
  0xc8,0x00,0x00,0x00,0x6c,0xff,0x18,0x00,0x00,0x18,0xff,0x6c,0x00,0x00,0xbc,0xc8,0x00,0x00,0x00,0x6c,0xff,0x18,0x00,0x00,
  0x18,0xff,0x6c,0x00,0x00,0xbc,0xc8,0x00,0x00,0x00,0x6c,0xff,0x18,0x00,0x00,0x18,0xff,0x6c,0x00,0x00,0xbc,0xc8,0x00,0x00,
  0x00,0x6c,0xff,0x18,0x00,0x00,0x18,0xff,0x6c,0x00,0x00,0xbc,0xc8,0x00,0x00,0x00,0x6c,0xff,0x18,0x00,0x00,0x18,0xff,0x6c,
  0x00,0x00,0xbc,0xc8,0x00,0x00,0x00,0x6c,0xff,0x18,0x00,0x00,0x18,0xff,0x6c,0x00,0x00,0xbc,0xc8,0x00,0x00,0x00,0x6c,0xff,
  0x18,0x00,0x00,0x18,0xff,0x6c,0x00,0x00,0xbc,0xc8,0x00,0x00,0x00,0x6c,0xff,0x18,0x00,0x00,0x18,0xff,0x6c,0x00,0x00,0xbc,
  0xc8,0x00,0x00,0x00,0x6c,0xff,0x18,0x00,0x00,0x18,0xff,0x6c,0x00,0x00,0xbc,0xc8,0x00,0x00,0x00,0x6c,0xff,0x18,0x00,0x00,
  0x18,0xff,0x6c,0x00,0x00,0xbc,0xc8,0x00,0x00,0x00,0x6c,0xff,0x18,0x00,0x00,0x18,0xff,0x6c,0x00,0x00,0xbc,0xff,0xff,0xff,
  0xff,0xff,0xff,0xff,0xff,0xff,0xff,0xff,0x6c,0x00,0x00,0xbc,0xc8,0x00,0x00,0x00,0x6c,0xff,0x18,0x00,0x00,0x18,0xff,0x6c,
  0x00,0x00,0xbc,0xc8,0x00,0x00,0x00,0x6c,0xff,0x18,0x00,0x00,0x18,0xff,0x6c,0x00,0x00,0xbc,0xc8,0x00,0x00,0x00,0x6c,0xff,
  0x18,0x00,0x00,0x18,0xff,0x6c,0x00,0x00,0xbc,0xc8,0x00,0x00,0x00,0x6c,0xff,0x18,0x00,0x00,0x18,0xff,0x6c,0x00,0x00,0xbc,
  0xc8,0x00,0x00,0x00,0x6c,0xff,0x18,0x00,0x00,0x18,0xff,0x6c,0x00,0x00,0xbc,0xc8,0x00,0x00,0x00,0x6c,0xff,0x18,0x00,0x00,
  0x18,0xff,0x6c,0x00,0x00,0xbc,0xc8,0x00,0x00,0x00,0x6c,0xff,0x18,0x00,0x00,0x18,0xff,0x6c,0x00,0x00,0xbc,0xc8,0x00,0x00,
  0x00,0x6c,0xff,0x18,0x00,0x00,0x18,0xff,0x6c,0x00,0x00,0xbc,0xc8,0x00,0x00,0x00,0x6c,0xff,0x18,0x00,0x00,0x18,0xff,0x6c,
  0x00,0x00,0xbc,0xc8,0x00,0x00,0x00,0x6c,0xff,0x18,0x00,0x00,0x18,0xff,0x6c,0x00,0x00,0xbc,0xc8,0x00,0x00,0x00,0x6c,0xff,
  0x18,0x00,0x00,0x18,0xff,0x6c,0x00,0x00,0xbc,0xff,0xff,0xff,0xff,0xff,0xff,0xff,0xff,0xff,0xff,0xff,0xff,0x74,0x00,0x00,
  0x00,0x00,0x00,0x00,0x00,0x00,0x00,0x00,0x00,0x00,0x00,0xe4,0x74,0x00,0x00,0x00,0x00,0x00,0x00,0x00,0x00,0x00,0x00,0x00,
  0x00,0x00,0xe4,0x74,0x00,0x00,0x00,0x00,0x00,0x00,0x00,0x00,0x00,0x00,0x00,0x00,0x00,0xe4,0x74,0xff,0xff,0xff,0xff,0xff,
  0x00,0x00,0x00,0x00,0x00,0x00,0x00,0x00,0x00,0x00,0x00,0x84,0xff,0x00,0x00,0x00,0x00,0x00,0x00,0x00,0x00,0x00,0x00,0x00,
  0x84,0xff,0x00,0x00,0x00,0x00,0x00,0x00,0x00,0x00,0x00,0x00,0x00,0x84,0xff,0x00,0x00,0x00,0x00,0x00,0x00,0x00,0x00,0x00,
  0x00,0x00,0x84,0xff,0x00,0x00,0x00,0x00,0x00,0x00,0x00,0x00,0x00,0x00,0x00,0x84,0xff,0xff,0xff,0xff,0xf4,0xd2,0x7b,0x03,
  0x00,0x00,0x00,0x00,0x84,0xff,0x00,0x00,0x04,0x15,0x68,0xfd,0x83,0x00,0x00,0x00,0x00,0x84,0xff,0x00,0x00,0x00,0x00,0x00,
  0xb0,0xf2,0x01,0x00,0x00,0x00,0x84,0xff,0x00,0x00,0x00,0x00,0x00,0x8c,0xff,0x14,0x00,0x00,0x00,0x84,0xff,0x00,0x00,0x00,
  0x00,0x00,0xb1,0xef,0x00,0x00,0x00,0x00,0x84,0xff,0x00,0x00,0x00,0x15,0x6c,0xfe,0x77,0x00,0x00,0x00,0x00,0x84,0xff,0xff,
  0xff,0xff,0xf6,0xd0,0x6f,0x01,0x00,0x00,0xb0,0xd4,0x00,0x00,0x00,0x00,0x00,0x00,0x00,0x00,0xac,0xd8,0x00,0x00,0xb0,0xd4,
  0x00,0x00,0x00,0x00,0x00,0x00,0x00,0x00,0xac,0xd8,0x00,0x00,0xb0,0xd4,0x00,0x00,0x00,0x00,0x00,0x00,0x00,0x00,0xac,0xd8,
  0x00,0x00,0xb0,0xd4,0x00,0x00,0x00,0x00,0x00,0x00,0x00,0x00,0xac,0xd8,0x00,0x00,0xb0,0xd4,0x00,0x00,0x00,0x00,0x00,0x00,
  0x00,0x00,0xac,0xd8,0x00,0x00,0xb0,0xff,0xff,0xff,0xfe,0xf1,0xc9,0x61,0x00,0x00,0xac,0xd8,0x00,0x00,0xb0,0xd4,0x00,0x00,
  0x06,0x1b,0x89,0xff,0x57,0x00,0xac,0xd8,0x00,0x00,0xb0,0xd4,0x00,0x00,0x00,0x00,0x00,0xd8,0xc8,0x00,0xac,0xd8,0x00,0x00,
  0xb0,0xd4,0x00,0x00,0x00,0x00,0x00,0xb4,0xe8,0x00,0xac,0xd8,0x00,0x00,0xb0,0xd4,0x00,0x00,0x00,0x00,0x01,0xd9,0xc3,0x00,
  0xac,0xd8,0x00,0x00,0xb0,0xd4,0x00,0x00,0x02,0x1c,0x8e,0xff,0x4d,0x00,0xac,0xd8,0x00,0x00,0xb0,0xff,0xff,0xff,0xff,0xf3,
  0xc7,0x59,0x00,0x00,0xac,0xd8,0x00,0x00,0xb4,0xd0,0x00,0x00,0x00,0x00,0x00,0x00,0x00,0x00,0x00,0xb4,0xd0,0x00,0x00,0x00,
  0x00,0x00,0x00,0x00,0x00,0x00,0xb4,0xd0,0x00,0x00,0x00,0x00,0x00,0x00,0x00,0x00,0x00,0xb4,0xd0,0x00,0x00,0x00,0x00,0x00,
  0x00,0x00,0x00,0x00,0xb4,0xd0,0x00,0x00,0x00,0x00,0x00,0x00,0x00,0x00,0x00,0xb4,0xff,0xff,0xff,0xfe,0xf3,0xcc,0x5b,0x00,
  0x00,0x00,0xb4,0xd0,0x00,0x00,0x06,0x1d,0x8e,0xff,0x5a,0x00,0x00,0xb4,0xd0,0x00,0x00,0x00,0x00,0x01,0xde,0xc6,0x00,0x00,
  0xb4,0xd0,0x00,0x00,0x00,0x00,0x00,0xbc,0xe2,0x00,0x00,0xb4,0xd0,0x00,0x00,0x00,0x00,0x02,0xe3,0xbb,0x00,0x00,0xb4,0xd0,
  0x00,0x00,0x01,0x16,0x88,0xff,0x45,0x00,0x00,0xb4,0xff,0xff,0xff,0xff,0xf2,0xc5,0x54,0x00,0x00,0x00,0x00,0x36,0xab,0xe3,
  0xf7,0xda,0x89,0x15,0x00,0x00,0x00,0x00,0x51,0xf8,0x81,0x1e,0x06,0x28,0xa2,0xe1,0x27,0x00,0x00,0x09,0xe8,0x8d,0x00,0x00,
  0x00,0x00,0x00,0xb5,0xcd,0x03,0x00,0x00,0x00,0x00,0x00,0x00,0x00,0x00,0x00,0x35,0xff,0x49,0x00,0x00,0x00,0x00,0x00,0x00,
  0x00,0x00,0x00,0x05,0xf9,0x91,0x00,0x00,0x00,0x00,0x00,0x1b,0xff,0xff,0xff,0xff,0xff,0xae,0x00,0x00,0x00,0x00,0x00,0x00,
  0x00,0x00,0x00,0x00,0xeb,0xb1,0x00,0x00,0x00,0x00,0x00,0x00,0x00,0x00,0x00,0x12,0xff,0x99,0x00,0x00,0x00,0x00,0x00,0x00,
  0x00,0x00,0x00,0x5c,0xff,0x5b,0x00,0x1b,0xf7,0x66,0x00,0x00,0x00,0x00,0x06,0xd6,0xe3,0x09,0x00,0x00,0x6e,0xf8,0x76,0x1e,
  0x06,0x2b,0xb9,0xf7,0x40,0x00,0x00,0x00,0x00,0x47,0xb5,0xe5,0xf9,0xe6,0xa6,0x2a,0x00,0x00,0x00,0x00,0xb8,0xcc,0x00,0x00,
  0x00,0x00,0x2b,0xac,0xed,0xf6,0xcf,0x6d,0x03,0x00,0x00,0x00,0xb8,0xcc,0x00,0x00,0x00,0x42,0xf0,0x76,0x17,0x09,0x4a,0xdf,
  0xb4,0x04,0x00,0x00,0xb8,0xcc,0x00,0x00,0x11,0xea,0x6d,0x00,0x00,0x00,0x00,0x26,0xfb,0x7f,0x00,0x00,0xb8,0xcc,0x00,0x00,
  0x78,0xe9,0x04,0x00,0x00,0x00,0x00,0x00,0xa4,0xf0,0x06,0x00,0xb8,0xcc,0x00,0x00,0xc5,0xab,0x00,0x00,0x00,0x00,0x00,0x00,
  0x61,0xff,0x38,0x00,0xb8,0xcc,0x00,0x00,0xf0,0x8f,0x00,0x00,0x00,0x00,0x00,0x00,0x42,0xff,0x53,0x00,0xb8,0xff,0xff,0xff,
  0xff,0x8e,0x00,0x00,0x00,0x00,0x00,0x00,0x3c,0xff,0x51,0x00,0xb8,0xcc,0x00,0x00,0xe2,0xa8,0x00,0x00,0x00,0x00,0x00,0x00,
  0x56,0xff,0x35,0x00,0xb8,0xcc,0x00,0x00,0xa3,0xe6,0x03,0x00,0x00,0x00,0x00,0x00,0x97,0xef,0x05,0x00,0xb8,0xcc,0x00,0x00,
  0x36,0xfe,0x6b,0x00,0x00,0x00,0x00,0x22,0xf5,0x80,0x00,0x00,0xb8,0xcc,0x00,0x00,0x00,0x78,0xfa,0x76,0x15,0x09,0x4a,0xdf,
  0xb7,0x05,0x00,0x00,0xb8,0xcc,0x00,0x00,0x00,0x00,0x49,0xbd,0xf2,0xf7,0xcf,0x6e,0x04,0x00,0x00,0x00,0x00,0x62,0xd0,0xf3,
  0xff,0xff,0xff,0xff,0xff,0x4b,0x00,0x00,0x4e,0xff,0x93,0x1a,0x00,0x00,0x00,0x37,0xff,0x4b,0x00,0x00,0xb6,0xe0,0x02,0x00,
  0x00,0x00,0x00,0x37,0xff,0x4b,0x00,0x00,0xd3,0xbb,0x00,0x00,0x00,0x00,0x00,0x37,0xff,0x4b,0x00,0x00,0xb1,0xe3,0x03,0x00,
  0x00,0x00,0x00,0x37,0xff,0x4b,0x00,0x00,0x40,0xfd,0x9a,0x1d,0x02,0x00,0x00,0x37,0xff,0x4b,0x00,0x00,0x00,0x42,0xbe,0xfa,
  0xff,0xff,0xff,0xff,0xff,0x4b,0x00,0x00,0x00,0x00,0x4e,0xf1,0x76,0x09,0x00,0x37,0xff,0x4b,0x00,0x00,0x00,0x47,0xf8,0x7f,
  0x00,0x00,0x00,0x37,0xff,0x4b,0x00,0x00,0x27,0xf7,0xc4,0x02,0x00,0x00,0x00,0x37,0xff,0x4b,0x00,0x03,0xc7,0xf6,0x24,0x00,
  0x00,0x00,0x00,0x37,0xff,0x4b,0x00,0x76,0xff,0x70,0x00,0x00,0x00,0x00,0x00,0x37,0xff,0x4b,0x00,0x00,0x08,0x88,0xdf,0xfa,
  0xe9,0x97,0x09,0x00,0x00,0x9f,0xd4,0x29,0x08,0x3e,0xed,0x7b,0x00,0x0e,0xfb,0x59,0x00,0x00,0x00,0xab,0xbf,0x00,0x00,0x00,
  0x2b,0x6a,0x93,0xc3,0xfb,0xc7,0x00,0x00,0x8e,0xfd,0xc9,0x8f,0x4f,0xab,0xc8,0x00,0x3f,0xff,0x66,0x00,0x00,0x00,0xb2,0xc8,
  0x00,0x61,0xff,0x1f,0x00,0x00,0x06,0xe7,0xc9,0x00,0x29,0xfc,0x8e,0x0c,0x1e,0xa4,0xff,0xd3,0x00,0x00,0x5a,0xd9,0xf6,0xd9,
  0x8c,0x75,0xfa,0x12,0x00,0x00,0x52,0xc1,0xf1,0xff,0xfc,0xdd,0x2a,0x00,0x62,0xd6,0x3c,0x0c,0x01,0x00,0x00,0x00,0x00,0xdd,
  0x3f,0x00,0x00,0x00,0x00,0x00,0x00,0x1b,0xfd,0x34,0xbf,0xf6,0xe8,0x8b,0x07,0x00,0x3a,0xf9,0xee,0x78,0x12,0x36,0xdf,0xab,
  0x00,0x44,0xff,0xb7,0x00,0x00,0x00,0x4f,0xff,0x33,0x43,0xff,0x6a,0x00,0x00,0x00,0x09,0xff,0x72,0x37,0xff,0x53,0x00,0x00,
  0x00,0x00,0xf7,0x81,0x18,0xff,0x66,0x00,0x00,0x00,0x11,0xff,0x6b,0x00,0xd3,0xac,0x00,0x00,0x00,0x62,0xff,0x25,0x00,0x49,
  0xfc,0x73,0x11,0x3f,0xea,0x9a,0x00,0x00,0x00,0x52,0xd0,0xf6,0xe7,0x8c,0x05,0x00,0x00,0xf0,0xff,0xff,0xfc,0xe6,0x80,0x00,
  0x00,0x00,0xf0,0x78,0x00,0x0b,0x5f,0xff,0x49,0x00,0x00,0xf0,0x78,0x00,0x00,0x00,0xf5,0x73,0x00,0x00,0xf0,0x78,0x00,0x05,
  0x61,0xff,0x3c,0x00,0x00,0xf0,0xff,0xff,0xff,0xff,0xd5,0x0c,0x00,0x00,0xf0,0x78,0x00,0x03,0x28,0xe3,0x9c,0x00,0x00,0xf0,
  0x78,0x00,0x00,0x00,0x9b,0xd4,0x00,0x00,0xf0,0x78,0x00,0x04,0x2a,0xdf,0x9e,0x00,0x00,0xf0,0xff,0xff,0xff,0xec,0xa8,0x13,
  0x00,0x00,0xf0,0xff,0xff,0xff,0xd8,0x00,0xf0,0x78,0x00,0x00,0x00,0x00,0xf0,0x78,0x00,0x00,0x00,0x00,0xf0,0x78,0x00,0x00,
  0x00,0x00,0xf0,0x78,0x00,0x00,0x00,0x00,0xf0,0x78,0x00,0x00,0x00,0x00,0xf0,0x78,0x00,0x00,0x00,0x00,0xf0,0x78,0x00,0x00,
  0x00,0x00,0xf0,0x78,0x00,0x00,0x00,0x00,0x00,0xd8,0xff,0xff,0xff,0xff,0xf4,0x00,0x00,0x00,0xde,0x4f,0x00,0x00,0x74,0xf4,
  0x00,0x00,0x00,0xe5,0x40,0x00,0x00,0x74,0xf4,0x00,0x00,0x03,0xfb,0x2a,0x00,0x00,0x74,0xf4,0x00,0x00,0x1c,0xff,0x0a,0x00,
  0x00,0x74,0xf4,0x00,0x00,0x50,0xdc,0x00,0x00,0x00,0x74,0xf4,0x00,0x00,0x94,0xa0,0x00,0x00,0x00,0x74,0xf4,0x00,0x10,0xf2,
  0x48,0x00,0x00,0x00,0x74,0xf4,0x00,0xff,0xff,0xff,0xff,0xff,0xff,0xff,0xff,0xd8,0xff,0x28,0x00,0x00,0x00,0x00,0x00,0x50,
  0xd8,0xff,0x28,0x00,0x00,0x00,0x00,0x00,0x50,0xd8,0x00,0x01,0x73,0xdc,0xf9,0xd6,0x5c,0x00,0x00,0x00,0x87,0xf3,0x53,0x0b,
  0x56,0xf9,0x5e,0x00,0x15,0xfa,0x7c,0x00,0x00,0x00,0x94,0xe3,0x01,0x50,0xff,0x35,0x00,0x00,0x00,0x54,0xff,0x23,0x63,0xff,
  0xff,0xff,0xff,0xff,0xff,0xff,0x39,0x54,0xff,0x22,0x00,0x00,0x00,0x00,0x00,0x00,0x1b,0xfc,0x69,0x00,0x00,0x00,0x79,0xf2,
  0x0b,0x00,0x95,0xed,0x4d,0x0b,0x45,0xf2,0x7c,0x00,0x00,0x03,0x7b,0xde,0xf9,0xda,0x71,0x01,0x00,0x00,0xb6,0xe2,0x29,0x00,
  0x5c,0xff,0x14,0x00,0x57,0xef,0x70,0x00,0x02,0x7e,0xaa,0x00,0x5c,0xff,0x14,0x05,0xe7,0x3c,0x00,0x00,0x00,0x18,0xf7,0x17,
  0x5c,0xff,0x14,0x57,0xcf,0x00,0x00,0x00,0x00,0x00,0xae,0x94,0x62,0xff,0x27,0xd0,0x67,0x00,0x00,0x00,0x00,0x00,0x28,0xf2,
  0xff,0xff,0xff,0xce,0x05,0x00,0x00,0x00,0x00,0x11,0xde,0x9e,0x6c,0xff,0x2f,0xd3,0xa5,0x00,0x00,0x00,0x00,0x9b,0xe2,0x0a,
  0x5c,0xff,0x14,0x35,0xfe,0x4e,0x00,0x00,0x31,0xfd,0x5b,0x00,0x5c,0xff,0x14,0x00,0xa4,0xdb,0x06,0x00,0xc1,0xca,0x01,0x00,
  0x5c,0xff,0x14,0x00,0x1d,0xf6,0x76,0x00,0x48,0xcf,0xf6,0xdb,0x5c,0x00,0x1f,0xf9,0x78,0x10,0x67,0xfd,0x32,0x00,0x00,0x00,
  0x00,0x06,0xff,0x71,0x00,0x00,0x00,0x05,0x64,0xfe,0x3f,0x00,0x00,0x1b,0xfe,0xff,0xcd,0x08,0x00,0x00,0x00,0x00,0x2d,0xec,
  0x88,0x00,0x00,0x00,0x00,0x00,0xaf,0xb9,0x64,0xef,0x49,0x0e,0x38,0xf0,0x7e,0x01,0x78,0xdc,0xf8,0xe4,0x8d,0x06,0x00,0xf0,
  0x78,0x00,0x00,0x09,0xe3,0xe0,0x00,0x00,0xf0,0x78,0x00,0x00,0x7e,0xff,0xe0,0x00,0x00,0xf0,0x78,0x00,0x1a,0xf4,0xce,0xe0,
  0x00,0x00,0xf0,0x78,0x00,0xa0,0xb6,0x88,0xe0,0x00,0x00,0xf0,0x78,0x33,0xf9,0x28,0x88,0xe0,0x00,0x00,0xf0,0x78,0xc2,0x92,
  0x00,0x88,0xe0,0x00,0x00,0xf0,0xca,0xee,0x12,0x00,0x88,0xe0,0x00,0x00,0xf0,0xff,0x6e,0x00,0x00,0x88,0xe0,0x00,0x00,0xf0,
  0xd8,0x04,0x00,0x00,0x88,0xe0,0x00,0x00,0x00,0x92,0x94,0x0d,0x5c,0xc1,0x00,0x00,0x00,0x00,0x16,0xbe,0xf6,0xd1,0x30,0x00,
  0x00,0x00,0x00,0x00,0x00,0x00,0x00,0x00,0x00,0x00,0x00,0xf0,0x78,0x00,0x00,0x09,0xe3,0xe0,0x00,0x00,0xf0,0x78,0x00,0x00,
  0x7e,0xff,0xe0,0x00,0x00,0xf0,0x78,0x00,0x1a,0xf4,0xce,0xe0,0x00,0x00,0xf0,0x78,0x00,0xa0,0xb6,0x88,0xe0,0x00,0x00,0xf0,
  0x78,0x33,0xf9,0x28,0x88,0xe0,0x00,0x00,0xf0,0x78,0xc2,0x92,0x00,0x88,0xe0,0x00,0x00,0xf0,0xca,0xee,0x12,0x00,0x88,0xe0,
  0x00,0x00,0xf0,0xff,0x6e,0x00,0x00,0x88,0xe0,0x00,0x00,0xf0,0xd8,0x04,0x00,0x00,0x88,0xe0,0x00,0x00,0xf4,0x74,0x00,0x1c,
  0xd3,0xce,0x00,0x00,0xf4,0x74,0x00,0x94,0x99,0x02,0x00,0x00,0xf4,0x74,0x0b,0xf1,0x31,0x00,0x00,0x00,0xf4,0x78,0x83,0xc6,
  0x00,0x00,0x00,0x00,0xf4,0xff,0xfa,0x3a,0x00,0x00,0x00,0x00,0xf4,0x7a,0x89,0xea,0x1d,0x00,0x00,0x00,0xf4,0x74,0x03,0xd1,
  0xb2,0x00,0x00,0x00,0xf4,0x74,0x00,0x44,0xff,0x45,0x00,0x00,0xf4,0x74,0x00,0x00,0xb4,0xd3,0x03,0x00,0x40,0xff,0xff,0xff,
  0xff,0xff,0xff,0x48,0x00,0x40,0xff,0x28,0x00,0x00,0x20,0xff,0x48,0x00,0x40,0xff,0x28,0x00,0x00,0x20,0xff,0x48,0x00,0x40,
  0xff,0x28,0x00,0x00,0x20,0xff,0x48,0x00,0x40,0xff,0x28,0x00,0x00,0x20,0xff,0x48,0x00,0x40,0xff,0x27,0x00,0x00,0x20,0xff,
  0x48,0x00,0x41,0xff,0x24,0x00,0x00,0x20,0xff,0x48,0x00,0x63,0xff,0x13,0x00,0x00,0x20,0xff,0x48,0xc9,0xf8,0x92,0x00,0x00,
  0x00,0x1f,0xfc,0x46,0x00,0xe8,0xff,0x6e,0x00,0x00,0x00,0x48,0xff,0xe8,0x00,0x00,0xe8,0xf2,0xbc,0x00,0x00,0x00,0x9e,0xfd,
  0xe8,0x00,0x00,0xe8,0xaa,0xfa,0x0f,0x00,0x05,0xee,0xbe,0xe8,0x00,0x00,0xe8,0x78,0xe3,0x57,0x00,0x4a,0xe6,0x82,0xe8,0x00,
  0x00,0xe8,0x78,0x95,0xa5,0x00,0xa0,0x91,0x80,0xe8,0x00,0x00,0xe8,0x78,0x47,0xee,0x0a,0xef,0x3a,0x80,0xe8,0x00,0x00,0xe8,
  0x78,0x06,0xf1,0x8d,0xe3,0x01,0x80,0xe8,0x00,0x00,0xe8,0x78,0x00,0xaa,0xfc,0x8d,0x00,0x80,0xe8,0x00,0x00,0xe8,0x78,0x00,
  0x5b,0xff,0x37,0x00,0x80,0xe8,0x00,0x00,0xf0,0x78,0x00,0x00,0x00,0xa0,0xc8,0x00,0x00,0xf0,0x78,0x00,0x00,0x00,0xa0,0xc8,
  0x00,0x00,0xf0,0x78,0x00,0x00,0x00,0xa0,0xc8,0x00,0x00,0xf0,0x78,0x00,0x00,0x00,0xa0,0xc8,0x00,0x00,0xf0,0xff,0xff,0xff,
  0xff,0xff,0xc8,0x00,0x00,0xf0,0x78,0x00,0x00,0x00,0xa0,0xc8,0x00,0x00,0xf0,0x78,0x00,0x00,0x00,0xa0,0xc8,0x00,0x00,0xf0,
  0x78,0x00,0x00,0x00,0xa0,0xc8,0x00,0x00,0xf0,0x78,0x00,0x00,0x00,0xa0,0xc8,0x00,0x00,0x05,0x75,0xd7,0xf7,0xd7,0x65,0x00,
  0x00,0x00,0xa1,0xe9,0x46,0x0f,0x5d,0xf7,0x73,0x00,0x26,0xff,0x5f,0x00,0x00,0x00,0x8a,0xf2,0x0a,0x63,0xff,0x18,0x00,0x00,
  0x00,0x41,0xff,0x3c,0x74,0xff,0x03,0x00,0x00,0x00,0x2b,0xff,0x4a,0x63,0xff,0x18,0x00,0x00,0x00,0x43,0xff,0x38,0x27,0xff,
  0x60,0x00,0x00,0x00,0x8c,0xf4,0x08,0x00,0xa2,0xe9,0x45,0x0e,0x5d,0xf7,0x78,0x00,0x00,0x05,0x83,0xe2,0xf8,0xd3,0x64,0x00,
  0x00,0x00,0xf0,0xff,0xff,0xff,0xff,0xff,0x9c,0x00,0x00,0xf0,0x78,0x00,0x00,0x00,0xcc,0x9c,0x00,0x00,0xf0,0x78,0x00,0x00,
  0x00,0xcc,0x9c,0x00,0x00,0xf0,0x78,0x00,0x00,0x00,0xcc,0x9c,0x00,0x00,0xf0,0x78,0x00,0x00,0x00,0xcc,0x9c,0x00,0x00,0xf0,
  0x78,0x00,0x00,0x00,0xcc,0x9c,0x00,0x00,0xf0,0x78,0x00,0x00,0x00,0xcc,0x9c,0x00,0x00,0xf0,0x78,0x00,0x00,0x00,0xcc,0x9c,
  0x00,0x00,0xf0,0x78,0x00,0x00,0x00,0xcc,0x9c,0x00,0x00,0xf0,0x78,0xbb,0xf7,0xe1,0x73,0x00,0x00,0x00,0xf0,0xfc,0x7e,0x12,
  0x52,0xf5,0x73,0x00,0x00,0xf0,0xbf,0x00,0x00,0x00,0x89,0xec,0x03,0x00,0xf0,0x72,0x00,0x00,0x00,0x47,0xff,0x2c,0x00,0xf0,
  0x5a,0x00,0x00,0x00,0x33,0xff,0x3d,0x00,0xf0,0x6c,0x00,0x00,0x00,0x49,0xff,0x28,0x00,0xf0,0xab,0x00,0x00,0x00,0x8d,0xe5,
  0x01,0x00,0xf0,0xfc,0x66,0x0f,0x57,0xf6,0x62,0x00,0x00,0xf0,0x9e,0xbb,0xf2,0xd8,0x5f,0x00,0x00,0x00,0xf0,0x78,0x00,0x00,
  0x00,0x00,0x00,0x00,0x00,0xf0,0x78,0x00,0x00,0x00,0x00,0x00,0x00,0x00,0xf0,0x78,0x00,0x00,0x00,0x00,0x00,0x00,0x00,0x02,
  0x76,0xdc,0xf8,0xdc,0x7b,0x02,0x00,0x8f,0xec,0x4a,0x0e,0x3e,0xe5,0x7a,0x11,0xfc,0x6e,0x00,0x00,0x00,0x00,0x00,0x48,0xff,
  0x2d,0x00,0x00,0x00,0x00,0x00,0x5b,0xff,0x1a,0x00,0x00,0x00,0x00,0x00,0x4c,0xff,0x2d,0x00,0x00,0x00,0x00,0x00,0x16,0xfb,
  0x6c,0x00,0x00,0x00,0x00,0x00,0x00,0x93,0xe9,0x42,0x07,0x2c,0xd4,0x9a,0x00,0x03,0x7f,0xe2,0xf9,0xde,0x85,0x06,0xb4,0xff,
  0xff,0xff,0xff,0xff,0xff,0x0c,0x00,0x00,0x08,0xff,0x60,0x00,0x00,0x00,0x00,0x00,0x08,0xff,0x60,0x00,0x00,0x00,0x00,0x00,
  0x08,0xff,0x60,0x00,0x00,0x00,0x00,0x00,0x08,0xff,0x60,0x00,0x00,0x00,0x00,0x00,0x08,0xff,0x60,0x00,0x00,0x00,0x00,0x00,
  0x08,0xff,0x60,0x00,0x00,0x00,0x00,0x00,0x08,0xff,0x60,0x00,0x00,0x00,0x00,0x00,0x08,0xff,0x60,0x00,0x00,0x00,0x8f,0xee,
  0x06,0x00,0x00,0x00,0xb6,0xaf,0x34,0xff,0x4d,0x00,0x00,0x0e,0xf9,0x57,0x00,0xd9,0xa6,0x00,0x00,0x5a,0xf4,0x0a,0x00,0x7f,
  0xf4,0x0a,0x00,0xac,0xa7,0x00,0x00,0x24,0xff,0x58,0x09,0xf4,0x4e,0x00,0x00,0x00,0xca,0xab,0x52,0xef,0x06,0x00,0x00,0x00,
  0x6f,0xf1,0xb8,0x9e,0x00,0x00,0x00,0x00,0x18,0xfc,0xff,0x46,0x00,0x00,0x00,0x00,0x00,0xbb,0xe9,0x03,0x00,0x00,0x00,0x00,
  0x00,0xce,0x8c,0x00,0x00,0x00,0x04,0x0b,0x58,0xf7,0x1d,0x00,0x00,0x00,0x0f,0xf1,0xe7,0x55,0x00,0x00,0x00,0x00,0x00,0x00,
  0x00,0x00,0x00,0x1c,0xff,0x4c,0x00,0x00,0x00,0x00,0x00,0x00,0x00,0x00,0x00,0x00,0x1c,0xff,0x4c,0x00,0x00,0x00,0x00,0x00,
  0x00,0x00,0x00,0x00,0x00,0x1c,0xff,0x4c,0x00,0x00,0x00,0x00,0x00,0x00,0x0d,0xa2,0xf3,0xdb,0x7c,0xff,0x88,0xca,0xf5,0xbd,
  0x1f,0x00,0x00,0xa0,0xd9,0x26,0x28,0xdd,0xff,0xef,0x3b,0x19,0xbb,0xcc,0x00,0x1a,0xfb,0x53,0x00,0x00,0x67,0xff,0x8e,0x00,
  0x00,0x27,0xff,0x40,0x4b,0xff,0x18,0x00,0x00,0x32,0xff,0x5b,0x00,0x00,0x00,0xef,0x74,0x62,0xff,0x07,0x00,0x00,0x21,0xff,
  0x4b,0x00,0x00,0x00,0xde,0x8b,0x52,0xff,0x16,0x00,0x00,0x2e,0xff,0x52,0x00,0x00,0x00,0xf3,0x72,0x1c,0xfe,0x50,0x00,0x00,
  0x5a,0xff,0x7b,0x00,0x00,0x31,0xff,0x3c,0x00,0xa1,0xdb,0x2d,0x1e,0xd2,0xff,0xe5,0x31,0x1d,0xc5,0xc2,0x00,0x00,0x08,0x98,
  0xf2,0xdf,0x7c,0xff,0x90,0xd7,0xf7,0xb5,0x18,0x00,0x00,0x00,0x00,0x00,0x00,0x1c,0xff,0x4c,0x00,0x00,0x00,0x00,0x00,0x00,
  0x00,0x00,0x00,0x00,0x1c,0xff,0x4c,0x00,0x00,0x00,0x00,0x00,0x00,0x00,0x00,0x00,0x00,0x1c,0xff,0x4c,0x00,0x00,0x00,0x00,
  0x00,0x56,0xff,0x5d,0x00,0x00,0x4c,0xff,0x58,0x00,0xaf,0xdd,0x04,0x03,0xd5,0xb2,0x00,0x00,0x19,0xef,0x6f,0x79,0xf1,0x1b,
  0x00,0x00,0x00,0x64,0xfd,0xff,0x66,0x00,0x00,0x00,0x00,0x0f,0xf6,0xf9,0x15,0x00,0x00,0x00,0x00,0x99,0xf7,0xf7,0xa3,0x00,
  0x00,0x00,0x40,0xfe,0x75,0x7b,0xff,0x48,0x00,0x09,0xdc,0xcb,0x03,0x04,0xcf,0xe0,0x0c,0x8d,0xfa,0x2d,0x00,0x00,0x31,0xfb,
  0x91,0x00,0xec,0x7c,0x00,0x00,0x00,0xa0,0xc8,0x00,0x00,0xec,0x7c,0x00,0x00,0x00,0xa0,0xc8,0x00,0x00,0xec,0x7c,0x00,0x00,
  0x00,0xa0,0xc8,0x00,0x00,0xec,0x7c,0x00,0x00,0x00,0xa0,0xc8,0x00,0x00,0xec,0x7c,0x00,0x00,0x00,0xa0,0xc8,0x00,0x00,0xec,
  0x7c,0x00,0x00,0x00,0xa0,0xc8,0x00,0x00,0xec,0x7c,0x00,0x00,0x00,0xa0,0xc8,0x00,0x00,0xec,0x7c,0x00,0x00,0x00,0xa0,0xc8,
  0x00,0x00,0xec,0xff,0xff,0xff,0xff,0xff,0xff,0xb0,0x00,0x00,0x00,0x00,0x00,0x00,0x00,0x78,0xb0,0x00,0x00,0x00,0x00,0x00,
  0x00,0x00,0x78,0xb0,0x00,0x00,0x00,0x00,0x00,0x00,0x00,0x78,0xb0,0x74,0xf4,0x00,0x00,0x00,0x20,0xff,0x48,0x74,0xf4,0x00,
  0x00,0x00,0x20,0xff,0x48,0x6e,0xf8,0x00,0x00,0x00,0x20,0xff,0x48,0x4d,0xff,0x13,0x00,0x00,0x20,0xff,0x48,0x12,0xf0,0x9e,
  0x0f,0x19,0x6f,0xff,0x48,0x00,0x39,0xcd,0xf9,0xea,0xc7,0xff,0x48,0x00,0x00,0x00,0x00,0x00,0x20,0xff,0x48,0x00,0x00,0x00,
  0x00,0x00,0x20,0xff,0x48,0x00,0x00,0x00,0x00,0x00,0x20,0xff,0x48,0x00,0xe4,0x84,0x00,0x00,0x48,0xff,0x20,0x00,0x00,0xac,
  0xbc,0x00,0x00,0xe4,0x84,0x00,0x00,0x48,0xff,0x20,0x00,0x00,0xac,0xbc,0x00,0x00,0xe4,0x84,0x00,0x00,0x48,0xff,0x20,0x00,
  0x00,0xac,0xbc,0x00,0x00,0xe4,0x84,0x00,0x00,0x48,0xff,0x20,0x00,0x00,0xac,0xbc,0x00,0x00,0xe4,0x84,0x00,0x00,0x48,0xff,
  0x20,0x00,0x00,0xac,0xbc,0x00,0x00,0xe4,0x84,0x00,0x00,0x48,0xff,0x20,0x00,0x00,0xac,0xbc,0x00,0x00,0xe4,0x84,0x00,0x00,
  0x48,0xff,0x20,0x00,0x00,0xac,0xbc,0x00,0x00,0xe4,0x84,0x00,0x00,0x48,0xff,0x20,0x00,0x00,0xac,0xbc,0x00,0x00,0xe4,0xff,
  0xff,0xff,0xff,0xff,0xff,0xff,0xff,0xff,0xbc,0x00,0x00,0xe4,0x84,0x00,0x00,0x48,0xff,0x20,0x00,0x00,0xac,0xbc,0x00,0x00,
  0xe4,0x84,0x00,0x00,0x48,0xff,0x20,0x00,0x00,0xac,0xbc,0x00,0x00,0xe4,0x84,0x00,0x00,0x48,0xff,0x20,0x00,0x00,0xac,0xbc,
  0x00,0x00,0xe4,0x84,0x00,0x00,0x48,0xff,0x20,0x00,0x00,0xac,0xbc,0x00,0x00,0xe4,0x84,0x00,0x00,0x48,0xff,0x20,0x00,0x00,
  0xac,0xbc,0x00,0x00,0xe4,0x84,0x00,0x00,0x48,0xff,0x20,0x00,0x00,0xac,0xbc,0x00,0x00,0xe4,0x84,0x00,0x00,0x48,0xff,0x20,
  0x00,0x00,0xac,0xbc,0x00,0x00,0xe4,0x84,0x00,0x00,0x48,0xff,0x20,0x00,0x00,0xac,0xbc,0x00,0x00,0xe4,0xff,0xff,0xff,0xff,
  0xff,0xff,0xff,0xff,0xff,0xff,0xa8,0x00,0x00,0x00,0x00,0x00,0x00,0x00,0x00,0x00,0x00,0x00,0x80,0xa8,0x00,0x00,0x00,0x00,
  0x00,0x00,0x00,0x00,0x00,0x00,0x00,0x80,0xa8,0x00,0x00,0x00,0x00,0x00,0x00,0x00,0x00,0x00,0x00,0x00,0x80,0xa8,0xb0,0xff,
  0xff,0xff,0x08,0x00,0x00,0x00,0x00,0x00,0x00,0x00,0x60,0xff,0x08,0x00,0x00,0x00,0x00,0x00,0x00,0x00,0x60,0xff,0x08,0x00,
  0x00,0x00,0x00,0x00,0x00,0x00,0x60,0xff,0x08,0x00,0x00,0x00,0x00,0x00,0x00,0x00,0x60,0xff,0xff,0xff,0xf5,0xc7,0x49,0x00,
  0x00,0x00,0x60,0xff,0x08,0x01,0x14,0x84,0xf8,0x27,0x00,0x00,0x60,0xff,0x08,0x00,0x00,0x15,0xff,0x61,0x00,0x00,0x60,0xff,
  0x08,0x02,0x17,0x86,0xfc,0x2d,0x00,0x00,0x60,0xff,0xff,0xff,0xf5,0xce,0x52,0x00,0x00,0xe8,0x80,0x00,0x00,0x00,0x00,0x00,
  0x0c,0xff,0x5c,0x00,0x00,0xe8,0x80,0x00,0x00,0x00,0x00,0x00,0x0c,0xff,0x5c,0x00,0x00,0xe8,0x80,0x00,0x00,0x00,0x00,0x00,
  0x0c,0xff,0x5c,0x00,0x00,0xe8,0x80,0x00,0x00,0x00,0x00,0x00,0x0c,0xff,0x5c,0x00,0x00,0xe8,0xff,0xff,0xf8,0xdc,0x88,0x09,
  0x0c,0xff,0x5c,0x00,0x00,0xe8,0x80,0x00,0x04,0x32,0xe4,0x9b,0x0c,0xff,0x5c,0x00,0x00,0xe8,0x80,0x00,0x00,0x00,0x98,0xd9,
  0x0c,0xff,0x5c,0x00,0x00,0xe8,0x80,0x00,0x0a,0x3b,0xe3,0xa1,0x0c,0xff,0x5c,0x00,0x00,0xe8,0xff,0xff,0xfd,0xe5,0x9c,0x11,
  0x0c,0xff,0x5c,0x00,0x00,0xf8,0x70,0x00,0x00,0x00,0x00,0x00,0x00,0xf8,0x70,0x00,0x00,0x00,0x00,0x00,0x00,0xf8,0x70,0x00,
  0x00,0x00,0x00,0x00,0x00,0xf8,0x70,0x00,0x00,0x00,0x00,0x00,0x00,0xf8,0xff,0xff,0xf7,0xd9,0x80,0x05,0x00,0xf8,0x70,0x00,
  0x05,0x38,0xec,0x8b,0x00,0xf8,0x70,0x00,0x00,0x00,0xa8,0xc9,0x00,0xf8,0x70,0x00,0x0b,0x42,0xeb,0x91,0x00,0xf8,0xff,0xff,
  0xfd,0xe3,0x94,0x0c,0x00,0x21,0xb3,0xf0,0xeb,0x9a,0x0e,0x00,0x09,0xd9,0xa1,0x12,0x2e,0xda,0xbe,0x01,0x52,0xfa,0x0e,0x00,
  0x00,0x45,0xff,0x41,0x00,0x00,0x00,0x00,0x00,0x03,0xf4,0x7d,0x00,0x00,0x00,0xcb,0xff,0xff,0xff,0x90,0x00,0x00,0x00,0x00,
  0x00,0x01,0xf2,0x83,0x73,0xe6,0x01,0x00,0x00,0x36,0xff,0x4e,0x15,0xe7,0x8a,0x0f,0x26,0xcb,0xd6,0x05,0x00,0x29,0xb5,0xef,
  0xf8,0xb8,0x20,0x00,0x00,0x00,0x00,0x00,0x00,0x00,0x00,0x00,0x00,0xec,0x7c,0x00,0x00,0x31,0xc3,0xf8,0xe6,0x88,0x04,0x00,
  0x00,0xec,0x7c,0x00,0x10,0xea,0x93,0x14,0x34,0xe2,0x92,0x00,0x00,0xec,0x7c,0x00,0x79,0xe6,0x04,0x00,0x00,0x68,0xfb,0x12,
  0x00,0xec,0x7c,0x00,0xb4,0xad,0x00,0x00,0x00,0x30,0xff,0x46,0x00,0xec,0xff,0xff,0xff,0x9d,0x00,0x00,0x00,0x1e,0xff,0x57,
  0x00,0xec,0x7c,0x00,0xb7,0xb1,0x00,0x00,0x00,0x30,0xff,0x47,0x00,0xec,0x7c,0x00,0x7f,0xe9,0x05,0x00,0x00,0x69,0xfb,0x15,
  0x00,0xec,0x7c,0x00,0x13,0xed,0x91,0x12,0x3b,0xe5,0x9a,0x00,0x00,0xec,0x7c,0x00,0x00,0x34,0xc4,0xf9,0xe8,0x8c,0x06,0x00,
  0x00,0x47,0xcd,0xf7,0xff,0xff,0xff,0x98,0x00,0x11,0xf6,0x9c,0x14,0x00,0x00,0xd0,0x98,0x00,0x28,0xff,0x3f,0x00,0x00,0x00,
  0xd0,0x98,0x00,0x01,0xba,0xab,0x20,0x04,0x00,0xd0,0x98,0x00,0x00,0x04,0x78,0xfe,0xff,0xff,0xff,0x98,0x00,0x00,0x0a,0xe0,
  0xe5,0x2a,0x01,0xd0,0x98,0x00,0x00,0x79,0xff,0x57,0x00,0x00,0xd0,0x98,0x00,0x0e,0xed,0xca,0x01,0x00,0x00,0xd0,0x98,0x00,
  0x7f,0xff,0x41,0x00,0x00,0x00,0xd0,0x98,0x00,0x00,0x00,0xc4,0xb4,0x00,0xdc,0x9c,0x00,0x00,0x00,0x00,0x00,0x00,0x00,0x00,
  0x00,0x00,0x00,0x00,0x01,0x73,0xdc,0xf9,0xd6,0x5c,0x00,0x00,0x00,0x87,0xf3,0x53,0x0b,0x56,0xf9,0x5e,0x00,0x15,0xfa,0x7c,
  0x00,0x00,0x00,0x94,0xe3,0x01,0x50,0xff,0x35,0x00,0x00,0x00,0x54,0xff,0x23,0x63,0xff,0xff,0xff,0xff,0xff,0xff,0xff,0x39,
  0x54,0xff,0x22,0x00,0x00,0x00,0x00,0x00,0x00,0x1b,0xfc,0x69,0x00,0x00,0x00,0x79,0xf2,0x0b,0x00,0x95,0xed,0x4d,0x0b,0x45,
  0xf2,0x7c,0x00,0x00,0x03,0x7b,0xde,0xf9,0xda,0x71,0x01,0x00,0x08,0xff,0xff,0xff,0xff,0xff,0xff,0xff,0xff,0xe0,0x00,0x00,
  0x00,0x00,0x00,0x00,0x00,0x00,0x00,0x00,0x00,0x00,0x00,0x00,0x00,0x00,0x00,0x00,0x00,0x00,0x00,0x00,0x00,0x00,0x00,0x00,
  0x00,0x00,0x00,0x00,0x00,0x00,0x00,0x00,0x00,0x00,0x00,0x00,0x00,0x00,0xff,0xff,0xff,0xff,0xff,0xff,0xff,0xff,0xff,0xff,
  0xff,0xff,0xff,0xff,0xff,0xff,0x00,0x00,0x00,0x00,0x00,0x00,0x00,0x00,0x00,0x00,0x00,0x00,0x00,0x00,0x00,0x00,0x00,0x00,
  0x00,0x00,0x00,0x00,0x00,0x00,0x00,0x00,0x00,0x00,0x00,0x00,0x00,0x00,0x00,0x00,0x00,0x00,0x00,0x00,0x00,0x00,0x00,0x00,
  0x00,0x00,0x00,0x00,0x00,0x00,0x00,0x00,0x00,0x00,0x00,0x00,0x00,0x00,0x00,0x00,0x00,0x00,0x00,0x00,0x00,0x00,0x00,0x20,
  0xff,0x78,0x00,0x00,0x00,0xcc,0xd0,0x00,0x00,0x00,0x78,0xff,0x24,0x00,0x00,0x00,0x30,0xec,0x19,0x00,0x09,0xd5,0x75,0x00,
  0x00,0x94,0xd8,0x05,0x00,0x1c,0xfe,0x6d,0x00,0x00,0x00,0x94,0xd8,0x05,0x00,0x00,0x09,0xd6,0x75,0x00,0x00,0x00,0x30,0xec,
  0x19,0x00,0x00,0x00,0x00,0x00,0x11,0xe8,0x3e,0x00,0x00,0x00,0x63,0xdf,0x0d,0x00,0x00,0x01,0xc8,0x9d,0x00,0x00,0x00,0x5a,
  0xfd,0x1a,0x00,0x02,0xcb,0x8e,0x00,0x00,0x65,0xda,0x09,0x00,0x11,0xe8,0x3b,0x00,0x00,0x00,0x00,0x00,0x00,0x00,0x00,0x00,
  0x00,0x7a,0x30,0x00,0x00,0x00,0x00,0x00,0x00,0x00,0x00,0x00,0x00,0x00,0x00,0x01,0x85,0xb3,0x00,0x00,0x00,0x00,0x00,0x00,
  0x00,0x00,0x00,0x00,0x00,0x00,0x21,0xbe,0xff,0x85,0x70,0x70,0x70,0x70,0x70,0x70,0x70,0x70,0x70,0x70,0x70,0x2a,0x16,0xac,
  0xfe,0x78,0x5c,0x5c,0x5c,0x5c,0x5c,0x5c,0x5c,0x5c,0x5c,0x5c,0x5c,0x22,0x00,0x00,0x69,0xc0,0x00,0x00,0x00,0x00,0x00,0x00,
  0x00,0x00,0x00,0x00,0x00,0x00,0x00,0x00,0x00,0x63,0x32,0x00,0x00,0x00,0x00,0x00,0x00,0x00,0x00,0x00,0x00,0x00,0x00,0x00,
  0x00,0x00,0x00,0x00,0x00,0x00,0x00,0x00,0x00,0x00,0x00,0x00,0x00,0x00,0x00,0x00,0x00,0x00,0x00,0x00,0x00,0x00,0x00,0x00,
  0x00,0x30,0x79,0x00,0x00,0x00,0x00,0x00,0x00,0x00,0x00,0x00,0x00,0x00,0x00,0x00,0x00,0x00,0xb3,0x83,0x01,0x00,0x2a,0x70,
  0x70,0x70,0x70,0x70,0x70,0x70,0x70,0x70,0x70,0x70,0x85,0xff,0xbc,0x21,0x22,0x5c,0x5c,0x5c,0x5c,0x5c,0x5c,0x5c,0x5c,0x5c,
  0x5c,0x5c,0x78,0xfe,0xab,0x16,0x00,0x00,0x00,0x00,0x00,0x00,0x00,0x00,0x00,0x00,0x00,0x00,0xbd,0x67,0x00,0x00,0x00,0x00,
  0x00,0x00,0x00,0x00,0x00,0x00,0x00,0x00,0x00,0x30,0x62,0x00,0x00,0x00,0x00,0x00,0x00,0x00,0x00,0x00,0x00,0x00,0x00,0x00,
  0x00,0x00,0x00,0x00,0x00,0x00,
};
