// Сгенерировано tools/make_vlw.py из Arial Bold.ttf 40px
#pragma once
#include <Arduino.h>

const uint8_t font_b40[] PROGMEM = {
  0x00,0x00,0x00,0xeb,0x00,0x00,0x00,0x0b,0x00,0x00,0x00,0x28,0x00,0x00,0x00,0x00,0x00,0x00,0x00,0x1d,0x00,0x00,0x00,0x08,
  0x00,0x00,0x00,0x20,0x00,0x00,0x00,0x00,0x00,0x00,0x00,0x00,0x00,0x00,0x00,0x0b,0x00,0x00,0x00,0x00,0x00,0x00,0x00,0x00,
  0x00,0x00,0x00,0x00,0x00,0x00,0x00,0x21,0x00,0x00,0x00,0x1d,0x00,0x00,0x00,0x0d,0x00,0x00,0x00,0x0d,0x00,0x00,0x00,0x1d,
  0x00,0x00,0x00,0x00,0x00,0x00,0x00,0x00,0x00,0x00,0x00,0x22,0x00,0x00,0x00,0x1d,0x00,0x00,0x00,0x13,0x00,0x00,0x00,0x13,
  0x00,0x00,0x00,0x1d,0x00,0x00,0x00,0x00,0x00,0x00,0x00,0x00,0x00,0x00,0x00,0x23,0x00,0x00,0x00,0x1d,0x00,0x00,0x00,0x16,
  0x00,0x00,0x00,0x16,0x00,0x00,0x00,0x1d,0x00,0x00,0x00,0x00,0x00,0x00,0x00,0x00,0x00,0x00,0x00,0x24,0x00,0x00,0x00,0x23,
  0x00,0x00,0x00,0x16,0x00,0x00,0x00,0x16,0x00,0x00,0x00,0x1f,0x00,0x00,0x00,0x00,0x00,0x00,0x00,0x00,0x00,0x00,0x00,0x25,
  0x00,0x00,0x00,0x1e,0x00,0x00,0x00,0x24,0x00,0x00,0x00,0x24,0x00,0x00,0x00,0x1d,0x00,0x00,0x00,0x00,0x00,0x00,0x00,0x00,
  0x00,0x00,0x00,0x26,0x00,0x00,0x00,0x1d,0x00,0x00,0x00,0x1d,0x00,0x00,0x00,0x1d,0x00,0x00,0x00,0x1d,0x00,0x00,0x00,0x00,
  0x00,0x00,0x00,0x00,0x00,0x00,0x00,0x27,0x00,0x00,0x00,0x1d,0x00,0x00,0x00,0x0a,0x00,0x00,0x00,0x0a,0x00,0x00,0x00,0x1d,
  0x00,0x00,0x00,0x00,0x00,0x00,0x00,0x00,0x00,0x00,0x00,0x28,0x00,0x00,0x00,0x25,0x00,0x00,0x00,0x0d,0x00,0x00,0x00,0x0d,
  0x00,0x00,0x00,0x1d,0x00,0x00,0x00,0x00,0x00,0x00,0x00,0x00,0x00,0x00,0x00,0x29,0x00,0x00,0x00,0x25,0x00,0x00,0x00,0x0d,
  0x00,0x00,0x00,0x0d,0x00,0x00,0x00,0x1d,0x00,0x00,0x00,0x00,0x00,0x00,0x00,0x00,0x00,0x00,0x00,0x2a,0x00,0x00,0x00,0x1d,
  0x00,0x00,0x00,0x10,0x00,0x00,0x00,0x10,0x00,0x00,0x00,0x1d,0x00,0x00,0x00,0x00,0x00,0x00,0x00,0x00,0x00,0x00,0x00,0x2b,
  0x00,0x00,0x00,0x17,0x00,0x00,0x00,0x17,0x00,0x00,0x00,0x17,0x00,0x00,0x00,0x17,0x00,0x00,0x00,0x00,0x00,0x00,0x00,0x00,
  0x00,0x00,0x00,0x2c,0x00,0x00,0x00,0x0d,0x00,0x00,0x00,0x0b,0x00,0x00,0x00,0x0b,0x00,0x00,0x00,0x06,0x00,0x00,0x00,0x00,
  0x00,0x00,0x00,0x00,0x00,0x00,0x00,0x2d,0x00,0x00,0x00,0x0d,0x00,0x00,0x00,0x0e,0x00,0x00,0x00,0x0d,0x00,0x00,0x00,0x0d,
  0x00,0x00,0x00,0x00,0x00,0x00,0x00,0x00,0x00,0x00,0x00,0x2e,0x00,0x00,0x00,0x06,0x00,0x00,0x00,0x0b,0x00,0x00,0x00,0x0b,
  0x00,0x00,0x00,0x06,0x00,0x00,0x00,0x00,0x00,0x00,0x00,0x00,0x00,0x00,0x00,0x2f,0x00,0x00,0x00,0x1d,0x00,0x00,0x00,0x0d,
  0x00,0x00,0x00,0x0b,0x00,0x00,0x00,0x1d,0xff,0xff,0xff,0xff,0x00,0x00,0x00,0x00,0x00,0x00,0x00,0x30,0x00,0x00,0x00,0x1d,
  0x00,0x00,0x00,0x16,0x00,0x00,0x00,0x16,0x00,0x00,0x00,0x1d,0x00,0x00,0x00,0x00,0x00,0x00,0x00,0x00,0x00,0x00,0x00,0x31,
  0x00,0x00,0x00,0x1d,0x00,0x00,0x00,0x16,0x00,0x00,0x00,0x16,0x00,0x00,0x00,0x1d,0x00,0x00,0x00,0x00,0x00,0x00,0x00,0x00,
  0x00,0x00,0x00,0x32,0x00,0x00,0x00,0x1d,0x00,0x00,0x00,0x16,0x00,0x00,0x00,0x16,0x00,0x00,0x00,0x1d,0x00,0x00,0x00,0x00,
  0x00,0x00,0x00,0x00,0x00,0x00,0x00,0x33,0x00,0x00,0x00,0x1d,0x00,0x00,0x00,0x16,0x00,0x00,0x00,0x16,0x00,0x00,0x00,0x1d,
  0x00,0x00,0x00,0x00,0x00,0x00,0x00,0x00,0x00,0x00,0x00,0x34,0x00,0x00,0x00,0x1d,0x00,0x00,0x00,0x16,0x00,0x00,0x00,0x16,
  0x00,0x00,0x00,0x1d,0x00,0x00,0x00,0x00,0x00,0x00,0x00,0x00,0x00,0x00,0x00,0x35,0x00,0x00,0x00,0x1d,0x00,0x00,0x00,0x16,
  0x00,0x00,0x00,0x16,0x00,0x00,0x00,0x1d,0x00,0x00,0x00,0x00,0x00,0x00,0x00,0x00,0x00,0x00,0x00,0x36,0x00,0x00,0x00,0x1d,
  0x00,0x00,0x00,0x16,0x00,0x00,0x00,0x16,0x00,0x00,0x00,0x1d,0x00,0x00,0x00,0x00,0x00,0x00,0x00,0x00,0x00,0x00,0x00,0x37,
  0x00,0x00,0x00,0x1d,0x00,0x00,0x00,0x16,0x00,0x00,0x00,0x16,0x00,0x00,0x00,0x1d,0x00,0x00,0x00,0x00,0x00,0x00,0x00,0x00,
  0x00,0x00,0x00,0x38,0x00,0x00,0x00,0x1d,0x00,0x00,0x00,0x16,0x00,0x00,0x00,0x16,0x00,0x00,0x00,0x1d,0x00,0x00,0x00,0x00,
  0x00,0x00,0x00,0x00,0x00,0x00,0x00,0x39,0x00,0x00,0x00,0x1d,0x00,0x00,0x00,0x16,0x00,0x00,0x00,0x16,0x00,0x00,0x00,0x1d,
  0x00,0x00,0x00,0x00,0x00,0x00,0x00,0x00,0x00,0x00,0x00,0x3a,0x00,0x00,0x00,0x15,0x00,0x00,0x00,0x0d,0x00,0x00,0x00,0x0d,
  0x00,0x00,0x00,0x15,0x00,0x00,0x00,0x00,0x00,0x00,0x00,0x00,0x00,0x00,0x00,0x3b,0x00,0x00,0x00,0x1c,0x00,0x00,0x00,0x0d,
  0x00,0x00,0x00,0x0d,0x00,0x00,0x00,0x15,0x00,0x00,0x00,0x00,0x00,0x00,0x00,0x00,0x00,0x00,0x00,0x3c,0x00,0x00,0x00,0x19,
  0x00,0x00,0x00,0x17,0x00,0x00,0x00,0x17,0x00,0x00,0x00,0x19,0x00,0x00,0x00,0x00,0x00,0x00,0x00,0x00,0x00,0x00,0x00,0x3d,
  0x00,0x00,0x00,0x15,0x00,0x00,0x00,0x17,0x00,0x00,0x00,0x17,0x00,0x00,0x00,0x15,0x00,0x00,0x00,0x00,0x00,0x00,0x00,0x00,
  0x00,0x00,0x00,0x3e,0x00,0x00,0x00,0x19,0x00,0x00,0x00,0x17,0x00,0x00,0x00,0x17,0x00,0x00,0x00,0x19,0x00,0x00,0x00,0x00,
  0x00,0x00,0x00,0x00,0x00,0x00,0x00,0x3f,0x00,0x00,0x00,0x1d,0x00,0x00,0x00,0x18,0x00,0x00,0x00,0x18,0x00,0x00,0x00,0x1d,
  0x00,0x00,0x00,0x00,0x00,0x00,0x00,0x00,0x00,0x00,0x00,0x40,0x00,0x00,0x00,0x26,0x00,0x00,0x00,0x27,0x00,0x00,0x00,0x27,
  0x00,0x00,0x00,0x1d,0x00,0x00,0x00,0x00,0x00,0x00,0x00,0x00,0x00,0x00,0x00,0x41,0x00,0x00,0x00,0x1d,0x00,0x00,0x00,0x1d,
  0x00,0x00,0x00,0x1d,0x00,0x00,0x00,0x1d,0x00,0x00,0x00,0x00,0x00,0x00,0x00,0x00,0x00,0x00,0x00,0x42,0x00,0x00,0x00,0x1d,
  0x00,0x00,0x00,0x1d,0x00,0x00,0x00,0x1d,0x00,0x00,0x00,0x1d,0x00,0x00,0x00,0x00,0x00,0x00,0x00,0x00,0x00,0x00,0x00,0x43,
  0x00,0x00,0x00,0x1d,0x00,0x00,0x00,0x1d,0x00,0x00,0x00,0x1d,0x00,0x00,0x00,0x1d,0x00,0x00,0x00,0x00,0x00,0x00,0x00,0x00,
  0x00,0x00,0x00,0x44,0x00,0x00,0x00,0x1d,0x00,0x00,0x00,0x1d,0x00,0x00,0x00,0x1d,0x00,0x00,0x00,0x1d,0x00,0x00,0x00,0x00,
  0x00,0x00,0x00,0x00,0x00,0x00,0x00,0x45,0x00,0x00,0x00,0x1d,0x00,0x00,0x00,0x1b,0x00,0x00,0x00,0x1b,0x00,0x00,0x00,0x1d,
  0x00,0x00,0x00,0x00,0x00,0x00,0x00,0x00,0x00,0x00,0x00,0x46,0x00,0x00,0x00,0x1d,0x00,0x00,0x00,0x18,0x00,0x00,0x00,0x18,
  0x00,0x00,0x00,0x1d,0x00,0x00,0x00,0x00,0x00,0x00,0x00,0x00,0x00,0x00,0x00,0x47,0x00,0x00,0x00,0x1d,0x00,0x00,0x00,0x1f,
  0x00,0x00,0x00,0x1f,0x00,0x00,0x00,0x1d,0x00,0x00,0x00,0x00,0x00,0x00,0x00,0x00,0x00,0x00,0x00,0x48,0x00,0x00,0x00,0x1d,
  0x00,0x00,0x00,0x1d,0x00,0x00,0x00,0x1d,0x00,0x00,0x00,0x1d,0x00,0x00,0x00,0x00,0x00,0x00,0x00,0x00,0x00,0x00,0x00,0x49,
  0x00,0x00,0x00,0x1d,0x00,0x00,0x00,0x0b,0x00,0x00,0x00,0x0b,0x00,0x00,0x00,0x1d,0x00,0x00,0x00,0x00,0x00,0x00,0x00,0x00,
  0x00,0x00,0x00,0x4a,0x00,0x00,0x00,0x1d,0x00,0x00,0x00,0x16,0x00,0x00,0x00,0x16,0x00,0x00,0x00,0x1d,0x00,0x00,0x00,0x00,
  0x00,0x00,0x00,0x00,0x00,0x00,0x00,0x4b,0x00,0x00,0x00,0x1d,0x00,0x00,0x00,0x1d,0x00,0x00,0x00,0x1d,0x00,0x00,0x00,0x1d,
  0x00,0x00,0x00,0x00,0x00,0x00,0x00,0x00,0x00,0x00,0x00,0x4c,0x00,0x00,0x00,0x1d,0x00,0x00,0x00,0x18,0x00,0x00,0x00,0x18,
  0x00,0x00,0x00,0x1d,0x00,0x00,0x00,0x00,0x00,0x00,0x00,0x00,0x00,0x00,0x00,0x4d,0x00,0x00,0x00,0x1d,0x00,0x00,0x00,0x21,
  0x00,0x00,0x00,0x21,0x00,0x00,0x00,0x1d,0x00,0x00,0x00,0x00,0x00,0x00,0x00,0x00,0x00,0x00,0x00,0x4e,0x00,0x00,0x00,0x1d,
  0x00,0x00,0x00,0x1d,0x00,0x00,0x00,0x1d,0x00,0x00,0x00,0x1d,0x00,0x00,0x00,0x00,0x00,0x00,0x00,0x00,0x00,0x00,0x00,0x4f,
  0x00,0x00,0x00,0x1d,0x00,0x00,0x00,0x1f,0x00,0x00,0x00,0x1f,0x00,0x00,0x00,0x1d,0x00,0x00,0x00,0x00,0x00,0x00,0x00,0x00,
  0x00,0x00,0x00,0x50,0x00,0x00,0x00,0x1d,0x00,0x00,0x00,0x1b,0x00,0x00,0x00,0x1b,0x00,0x00,0x00,0x1d,0x00,0x00,0x00,0x00,
  0x00,0x00,0x00,0x00,0x00,0x00,0x00,0x51,0x00,0x00,0x00,0x1f,0x00,0x00,0x00,0x1f,0x00,0x00,0x00,0x1f,0x00,0x00,0x00,0x1d,
  0x00,0x00,0x00,0x00,0x00,0x00,0x00,0x00,0x00,0x00,0x00,0x52,0x00,0x00,0x00,0x1d,0x00,0x00,0x00,0x1d,0x00,0x00,0x00,0x1d,
  0x00,0x00,0x00,0x1d,0x00,0x00,0x00,0x00,0x00,0x00,0x00,0x00,0x00,0x00,0x00,0x53,0x00,0x00,0x00,0x1d,0x00,0x00,0x00,0x1b,
  0x00,0x00,0x00,0x1b,0x00,0x00,0x00,0x1d,0x00,0x00,0x00,0x00,0x00,0x00,0x00,0x00,0x00,0x00,0x00,0x54,0x00,0x00,0x00,0x1d,
  0x00,0x00,0x00,0x18,0x00,0x00,0x00,0x18,0x00,0x00,0x00,0x1d,0x00,0x00,0x00,0x00,0x00,0x00,0x00,0x00,0x00,0x00,0x00,0x55,
  0x00,0x00,0x00,0x1d,0x00,0x00,0x00,0x1d,0x00,0x00,0x00,0x1d,0x00,0x00,0x00,0x1d,0x00,0x00,0x00,0x00,0x00,0x00,0x00,0x00,
  0x00,0x00,0x00,0x56,0x00,0x00,0x00,0x1d,0x00,0x00,0x00,0x1c,0x00,0x00,0x00,0x1b,0x00,0x00,0x00,0x1d,0xff,0xff,0xff,0xff,
  0x00,0x00,0x00,0x00,0x00,0x00,0x00,0x57,0x00,0x00,0x00,0x1d,0x00,0x00,0x00,0x26,0x00,0x00,0x00,0x26,0x00,0x00,0x00,0x1d,
  0x00,0x00,0x00,0x00,0x00,0x00,0x00,0x00,0x00,0x00,0x00,0x58,0x00,0x00,0x00,0x1d,0x00,0x00,0x00,0x1b,0x00,0x00,0x00,0x1b,
  0x00,0x00,0x00,0x1d,0x00,0x00,0x00,0x00,0x00,0x00,0x00,0x00,0x00,0x00,0x00,0x59,0x00,0x00,0x00,0x1d,0x00,0x00,0x00,0x1c,
  0x00,0x00,0x00,0x1b,0x00,0x00,0x00,0x1d,0xff,0xff,0xff,0xff,0x00,0x00,0x00,0x00,0x00,0x00,0x00,0x5a,0x00,0x00,0x00,0x1d,
  0x00,0x00,0x00,0x18,0x00,0x00,0x00,0x18,0x00,0x00,0x00,0x1d,0x00,0x00,0x00,0x00,0x00,0x00,0x00,0x00,0x00,0x00,0x00,0x5b,
  0x00,0x00,0x00,0x25,0x00,0x00,0x00,0x0d,0x00,0x00,0x00,0x0d,0x00,0x00,0x00,0x1d,0x00,0x00,0x00,0x00,0x00,0x00,0x00,0x00,
  0x00,0x00,0x00,0x5c,0x00,0x00,0x00,0x1d,0x00,0x00,0x00,0x0d,0x00,0x00,0x00,0x0b,0x00,0x00,0x00,0x1d,0xff,0xff,0xff,0xff,
  0x00,0x00,0x00,0x00,0x00,0x00,0x00,0x5d,0x00,0x00,0x00,0x25,0x00,0x00,0x00,0x0d,0x00,0x00,0x00,0x0d,0x00,0x00,0x00,0x1d,
  0x00,0x00,0x00,0x00,0x00,0x00,0x00,0x00,0x00,0x00,0x00,0x5e,0x00,0x00,0x00,0x1d,0x00,0x00,0x00,0x17,0x00,0x00,0x00,0x17,
  0x00,0x00,0x00,0x1d,0x00,0x00,0x00,0x00,0x00,0x00,0x00,0x00,0x00,0x00,0x00,0x5f,0x00,0x00,0x00,0x08,0x00,0x00,0x00,0x18,
  0x00,0x00,0x00,0x16,0x00,0x00,0x00,0x00,0xff,0xff,0xff,0xff,0x00,0x00,0x00,0x00,0x00,0x00,0x00,0x60,0x00,0x00,0x00,0x1d,
  0x00,0x00,0x00,0x0d,0x00,0x00,0x00,0x0d,0x00,0x00,0x00,0x1d,0x00,0x00,0x00,0x00,0x00,0x00,0x00,0x00,0x00,0x00,0x00,0x61,
  0x00,0x00,0x00,0x15,0x00,0x00,0x00,0x16,0x00,0x00,0x00,0x16,0x00,0x00,0x00,0x15,0x00,0x00,0x00,0x00,0x00,0x00,0x00,0x00,
  0x00,0x00,0x00,0x62,0x00,0x00,0x00,0x1d,0x00,0x00,0x00,0x18,0x00,0x00,0x00,0x18,0x00,0x00,0x00,0x1d,0x00,0x00,0x00,0x00,
  0x00,0x00,0x00,0x00,0x00,0x00,0x00,0x63,0x00,0x00,0x00,0x15,0x00,0x00,0x00,0x16,0x00,0x00,0x00,0x16,0x00,0x00,0x00,0x15,
  0x00,0x00,0x00,0x00,0x00,0x00,0x00,0x00,0x00,0x00,0x00,0x64,0x00,0x00,0x00,0x1d,0x00,0x00,0x00,0x18,0x00,0x00,0x00,0x18,
  0x00,0x00,0x00,0x1d,0x00,0x00,0x00,0x00,0x00,0x00,0x00,0x00,0x00,0x00,0x00,0x65,0x00,0x00,0x00,0x15,0x00,0x00,0x00,0x16,
  0x00,0x00,0x00,0x16,0x00,0x00,0x00,0x15,0x00,0x00,0x00,0x00,0x00,0x00,0x00,0x00,0x00,0x00,0x00,0x66,0x00,0x00,0x00,0x1d,
  0x00,0x00,0x00,0x0f,0x00,0x00,0x00,0x0d,0x00,0x00,0x00,0x1d,0x00,0x00,0x00,0x00,0x00,0x00,0x00,0x00,0x00,0x00,0x00,0x67,
  0x00,0x00,0x00,0x1d,0x00,0x00,0x00,0x18,0x00,0x00,0x00,0x18,0x00,0x00,0x00,0x15,0x00,0x00,0x00,0x00,0x00,0x00,0x00,0x00,
  0x00,0x00,0x00,0x68,0x00,0x00,0x00,0x1d,0x00,0x00,0x00,0x18,0x00,0x00,0x00,0x18,0x00,0x00,0x00,0x1d,0x00,0x00,0x00,0x00,
  0x00,0x00,0x00,0x00,0x00,0x00,0x00,0x69,0x00,0x00,0x00,0x1d,0x00,0x00,0x00,0x0b,0x00,0x00,0x00,0x0b,0x00,0x00,0x00,0x1d,
  0x00,0x00,0x00,0x00,0x00,0x00,0x00,0x00,0x00,0x00,0x00,0x6a,0x00,0x00,0x00,0x25,0x00,0x00,0x00,0x0d,0x00,0x00,0x00,0x0b,
  0x00,0x00,0x00,0x1d,0xff,0xff,0xff,0xfe,0x00,0x00,0x00,0x00,0x00,0x00,0x00,0x6b,0x00,0x00,0x00,0x1d,0x00,0x00,0x00,0x16,
  0x00,0x00,0x00,0x16,0x00,0x00,0x00,0x1d,0x00,0x00,0x00,0x00,0x00,0x00,0x00,0x00,0x00,0x00,0x00,0x6c,0x00,0x00,0x00,0x1d,
  0x00,0x00,0x00,0x0b,0x00,0x00,0x00,0x0b,0x00,0x00,0x00,0x1d,0x00,0x00,0x00,0x00,0x00,0x00,0x00,0x00,0x00,0x00,0x00,0x6d,
  0x00,0x00,0x00,0x15,0x00,0x00,0x00,0x24,0x00,0x00,0x00,0x24,0x00,0x00,0x00,0x15,0x00,0x00,0x00,0x00,0x00,0x00,0x00,0x00,
  0x00,0x00,0x00,0x6e,0x00,0x00,0x00,0x15,0x00,0x00,0x00,0x18,0x00,0x00,0x00,0x18,0x00,0x00,0x00,0x15,0x00,0x00,0x00,0x00,
  0x00,0x00,0x00,0x00,0x00,0x00,0x00,0x6f,0x00,0x00,0x00,0x15,0x00,0x00,0x00,0x18,0x00,0x00,0x00,0x18,0x00,0x00,0x00,0x15,
  0x00,0x00,0x00,0x00,0x00,0x00,0x00,0x00,0x00,0x00,0x00,0x70,0x00,0x00,0x00,0x1d,0x00,0x00,0x00,0x18,0x00,0x00,0x00,0x18,
  0x00,0x00,0x00,0x15,0x00,0x00,0x00,0x00,0x00,0x00,0x00,0x00,0x00,0x00,0x00,0x71,0x00,0x00,0x00,0x1d,0x00,0x00,0x00,0x18,
  0x00,0x00,0x00,0x18,0x00,0x00,0x00,0x15,0x00,0x00,0x00,0x00,0x00,0x00,0x00,0x00,0x00,0x00,0x00,0x72,0x00,0x00,0x00,0x15,
  0x00,0x00,0x00,0x11,0x00,0x00,0x00,0x10,0x00,0x00,0x00,0x15,0x00,0x00,0x00,0x00,0x00,0x00,0x00,0x00,0x00,0x00,0x00,0x73,
  0x00,0x00,0x00,0x15,0x00,0x00,0x00,0x16,0x00,0x00,0x00,0x16,0x00,0x00,0x00,0x15,0x00,0x00,0x00,0x00,0x00,0x00,0x00,0x00,
  0x00,0x00,0x00,0x74,0x00,0x00,0x00,0x1c,0x00,0x00,0x00,0x0d,0x00,0x00,0x00,0x0d,0x00,0x00,0x00,0x1c,0x00,0x00,0x00,0x00,
  0x00,0x00,0x00,0x00,0x00,0x00,0x00,0x75,0x00,0x00,0x00,0x15,0x00,0x00,0x00,0x18,0x00,0x00,0x00,0x18,0x00,0x00,0x00,0x15,
  0x00,0x00,0x00,0x00,0x00,0x00,0x00,0x00,0x00,0x00,0x00,0x76,0x00,0x00,0x00,0x15,0x00,0x00,0x00,0x16,0x00,0x00,0x00,0x16,
  0x00,0x00,0x00,0x15,0x00,0x00,0x00,0x00,0x00,0x00,0x00,0x00,0x00,0x00,0x00,0x77,0x00,0x00,0x00,0x15,0x00,0x00,0x00,0x20,
  0x00,0x00,0x00,0x1f,0x00,0x00,0x00,0x15,0x00,0x00,0x00,0x00,0x00,0x00,0x00,0x00,0x00,0x00,0x00,0x78,0x00,0x00,0x00,0x15,
  0x00,0x00,0x00,0x16,0x00,0x00,0x00,0x16,0x00,0x00,0x00,0x15,0x00,0x00,0x00,0x00,0x00,0x00,0x00,0x00,0x00,0x00,0x00,0x79,
  0x00,0x00,0x00,0x1d,0x00,0x00,0x00,0x16,0x00,0x00,0x00,0x16,0x00,0x00,0x00,0x15,0x00,0x00,0x00,0x00,0x00,0x00,0x00,0x00,
  0x00,0x00,0x00,0x7a,0x00,0x00,0x00,0x15,0x00,0x00,0x00,0x14,0x00,0x00,0x00,0x14,0x00,0x00,0x00,0x15,0x00,0x00,0x00,0x00,
  0x00,0x00,0x00,0x00,0x00,0x00,0x00,0x7b,0x00,0x00,0x00,0x25,0x00,0x00,0x00,0x10,0x00,0x00,0x00,0x10,0x00,0x00,0x00,0x1d,
  0x00,0x00,0x00,0x00,0x00,0x00,0x00,0x00,0x00,0x00,0x00,0x7c,0x00,0x00,0x00,0x26,0x00,0x00,0x00,0x0b,0x00,0x00,0x00,0x0b,
  0x00,0x00,0x00,0x1d,0x00,0x00,0x00,0x00,0x00,0x00,0x00,0x00,0x00,0x00,0x00,0x7d,0x00,0x00,0x00,0x25,0x00,0x00,0x00,0x10,
  0x00,0x00,0x00,0x10,0x00,0x00,0x00,0x1d,0x00,0x00,0x00,0x00,0x00,0x00,0x00,0x00,0x00,0x00,0x00,0x7e,0x00,0x00,0x00,0x12,
  0x00,0x00,0x00,0x17,0x00,0x00,0x00,0x17,0x00,0x00,0x00,0x12,0x00,0x00,0x00,0x00,0x00,0x00,0x00,0x00,0x00,0x00,0x00,0xab,
  0x00,0x00,0x00,0x13,0x00,0x00,0x00,0x16,0x00,0x00,0x00,0x16,0x00,0x00,0x00,0x13,0x00,0x00,0x00,0x00,0x00,0x00,0x00,0x00,
  0x00,0x00,0x00,0xb7,0x00,0x00,0x00,0x11,0x00,0x00,0x00,0x0d,0x00,0x00,0x00,0x0d,0x00,0x00,0x00,0x11,0x00,0x00,0x00,0x00,
  0x00,0x00,0x00,0x00,0x00,0x00,0x00,0xbb,0x00,0x00,0x00,0x13,0x00,0x00,0x00,0x16,0x00,0x00,0x00,0x16,0x00,0x00,0x00,0x13,
  0x00,0x00,0x00,0x00,0x00,0x00,0x00,0x00,0x00,0x00,0x00,0xc0,0x00,0x00,0x00,0x25,0x00,0x00,0x00,0x1d,0x00,0x00,0x00,0x1d,
  0x00,0x00,0x00,0x25,0x00,0x00,0x00,0x00,0x00,0x00,0x00,0x00,0x00,0x00,0x00,0xc1,0x00,0x00,0x00,0x25,0x00,0x00,0x00,0x1d,
  0x00,0x00,0x00,0x1d,0x00,0x00,0x00,0x25,0x00,0x00,0x00,0x00,0x00,0x00,0x00,0x00,0x00,0x00,0x00,0xc2,0x00,0x00,0x00,0x25,
  0x00,0x00,0x00,0x1d,0x00,0x00,0x00,0x1d,0x00,0x00,0x00,0x25,0x00,0x00,0x00,0x00,0x00,0x00,0x00,0x00,0x00,0x00,0x00,0xc3,
  0x00,0x00,0x00,0x24,0x00,0x00,0x00,0x1d,0x00,0x00,0x00,0x1d,0x00,0x00,0x00,0x24,0x00,0x00,0x00,0x00,0x00,0x00,0x00,0x00,
  0x00,0x00,0x00,0xc4,0x00,0x00,0x00,0x23,0x00,0x00,0x00,0x1d,0x00,0x00,0x00,0x1d,0x00,0x00,0x00,0x23,0x00,0x00,0x00,0x00,
  0x00,0x00,0x00,0x00,0x00,0x00,0x00,0xc5,0x00,0x00,0x00,0x23,0x00,0x00,0x00,0x1d,0x00,0x00,0x00,0x1d,0x00,0x00,0x00,0x23,
  0x00,0x00,0x00,0x00,0x00,0x00,0x00,0x00,0x00,0x00,0x00,0xc6,0x00,0x00,0x00,0x1d,0x00,0x00,0x00,0x2a,0x00,0x00,0x00,0x28,
  0x00,0x00,0x00,0x1d,0xff,0xff,0xff,0xfe,0x00,0x00,0x00,0x00,0x00,0x00,0x00,0xc7,0x00,0x00,0x00,0x24,0x00,0x00,0x00,0x1d,
  0x00,0x00,0x00,0x1d,0x00,0x00,0x00,0x1d,0x00,0x00,0x00,0x00,0x00,0x00,0x00,0x00,0x00,0x00,0x00,0xc8,0x00,0x00,0x00,0x25,
  0x00,0x00,0x00,0x1b,0x00,0x00,0x00,0x1b,0x00,0x00,0x00,0x25,0x00,0x00,0x00,0x00,0x00,0x00,0x00,0x00,0x00,0x00,0x00,0xc9,
  0x00,0x00,0x00,0x25,0x00,0x00,0x00,0x1b,0x00,0x00,0x00,0x1b,0x00,0x00,0x00,0x25,0x00,0x00,0x00,0x00,0x00,0x00,0x00,0x00,
  0x00,0x00,0x00,0xca,0x00,0x00,0x00,0x25,0x00,0x00,0x00,0x1b,0x00,0x00,0x00,0x1b,0x00,0x00,0x00,0x25,0x00,0x00,0x00,0x00,
  0x00,0x00,0x00,0x00,0x00,0x00,0x00,0xcb,0x00,0x00,0x00,0x23,0x00,0x00,0x00,0x1b,0x00,0x00,0x00,0x1b,0x00,0x00,0x00,0x23,
  0x00,0x00,0x00,0x00,0x00,0x00,0x00,0x00,0x00,0x00,0x00,0xcc,0x00,0x00,0x00,0x25,0x00,0x00,0x00,0x0c,0x00,0x00,0x00,0x0b,
  0x00,0x00,0x00,0x25,0xff,0xff,0xff,0xff,0x00,0x00,0x00,0x00,0x00,0x00,0x00,0xcd,0x00,0x00,0x00,0x25,0x00,0x00,0x00,0x0b,
  0x00,0x00,0x00,0x0b,0x00,0x00,0x00,0x25,0x00,0x00,0x00,0x00,0x00,0x00,0x00,0x00,0x00,0x00,0x00,0xce,0x00,0x00,0x00,0x25,
  0x00,0x00,0x00,0x0e,0x00,0x00,0x00,0x0b,0x00,0x00,0x00,0x25,0xff,0xff,0xff,0xff,0x00,0x00,0x00,0x00,0x00,0x00,0x00,0xcf,
  0x00,0x00,0x00,0x23,0x00,0x00,0x00,0x0e,0x00,0x00,0x00,0x0b,0x00,0x00,0x00,0x23,0xff,0xff,0xff,0xff,0x00,0x00,0x00,0x00,
  0x00,0x00,0x00,0xd0,0x00,0x00,0x00,0x1d,0x00,0x00,0x00,0x1e,0x00,0x00,0x00,0x1d,0x00,0x00,0x00,0x1d,0xff,0xff,0xff,0xff,
  0x00,0x00,0x00,0x00,0x00,0x00,0x00,0xd1,0x00,0x00,0x00,0x24,0x00,0x00,0x00,0x1d,0x00,0x00,0x00,0x1d,0x00,0x00,0x00,0x24,
  0x00,0x00,0x00,0x00,0x00,0x00,0x00,0x00,0x00,0x00,0x00,0xd2,0x00,0x00,0x00,0x25,0x00,0x00,0x00,0x1f,0x00,0x00,0x00,0x1f,
  0x00,0x00,0x00,0x25,0x00,0x00,0x00,0x00,0x00,0x00,0x00,0x00,0x00,0x00,0x00,0xd3,0x00,0x00,0x00,0x25,0x00,0x00,0x00,0x1f,
  0x00,0x00,0x00,0x1f,0x00,0x00,0x00,0x25,0x00,0x00,0x00,0x00,0x00,0x00,0x00,0x00,0x00,0x00,0x00,0xd4,0x00,0x00,0x00,0x25,
  0x00,0x00,0x00,0x1f,0x00,0x00,0x00,0x1f,0x00,0x00,0x00,0x25,0x00,0x00,0x00,0x00,0x00,0x00,0x00,0x00,0x00,0x00,0x00,0xd5,
  0x00,0x00,0x00,0x24,0x00,0x00,0x00,0x1f,0x00,0x00,0x00,0x1f,0x00,0x00,0x00,0x24,0x00,0x00,0x00,0x00,0x00,0x00,0x00,0x00,
  0x00,0x00,0x00,0xd6,0x00,0x00,0x00,0x23,0x00,0x00,0x00,0x1f,0x00,0x00,0x00,0x1f,0x00,0x00,0x00,0x23,0x00,0x00,0x00,0x00,
  0x00,0x00,0x00,0x00,0x00,0x00,0x00,0xd7,0x00,0x00,0x00,0x18,0x00,0x00,0x00,0x17,0x00,0x00,0x00,0x17,0x00,0x00,0x00,0x18,
  0x00,0x00,0x00,0x00,0x00,0x00,0x00,0x00,0x00,0x00,0x00,0xd8,0x00,0x00,0x00,0x21,0x00,0x00,0x00,0x1f,0x00,0x00,0x00,0x1f,
  0x00,0x00,0x00,0x1f,0x00,0x00,0x00,0x00,0x00,0x00,0x00,0x00,0x00,0x00,0x00,0xd9,0x00,0x00,0x00,0x25,0x00,0x00,0x00,0x1d,
  0x00,0x00,0x00,0x1d,0x00,0x00,0x00,0x25,0x00,0x00,0x00,0x00,0x00,0x00,0x00,0x00,0x00,0x00,0x00,0xda,0x00,0x00,0x00,0x25,
  0x00,0x00,0x00,0x1d,0x00,0x00,0x00,0x1d,0x00,0x00,0x00,0x25,0x00,0x00,0x00,0x00,0x00,0x00,0x00,0x00,0x00,0x00,0x00,0xdb,
  0x00,0x00,0x00,0x25,0x00,0x00,0x00,0x1d,0x00,0x00,0x00,0x1d,0x00,0x00,0x00,0x25,0x00,0x00,0x00,0x00,0x00,0x00,0x00,0x00,
  0x00,0x00,0x00,0xdc,0x00,0x00,0x00,0x23,0x00,0x00,0x00,0x1d,0x00,0x00,0x00,0x1d,0x00,0x00,0x00,0x23,0x00,0x00,0x00,0x00,
  0x00,0x00,0x00,0x00,0x00,0x00,0x00,0xdd,0x00,0x00,0x00,0x25,0x00,0x00,0x00,0x1c,0x00,0x00,0x00,0x1b,0x00,0x00,0x00,0x25,
  0xff,0xff,0xff,0xff,0x00,0x00,0x00,0x00,0x00,0x00,0x00,0xde,0x00,0x00,0x00,0x1d,0x00,0x00,0x00,0x1b,0x00,0x00,0x00,0x1b,
  0x00,0x00,0x00,0x1d,0x00,0x00,0x00,0x00,0x00,0x00,0x00,0x00,0x00,0x00,0x00,0xdf,0x00,0x00,0x00,0x1d,0x00,0x00,0x00,0x18,
  0x00,0x00,0x00,0x18,0x00,0x00,0x00,0x1d,0x00,0x00,0x00,0x00,0x00,0x00,0x00,0x00,0x00,0x00,0x00,0xe0,0x00,0x00,0x00,0x1d,
  0x00,0x00,0x00,0x16,0x00,0x00,0x00,0x16,0x00,0x00,0x00,0x1d,0x00,0x00,0x00,0x00,0x00,0x00,0x00,0x00,0x00,0x00,0x00,0xe1,
  0x00,0x00,0x00,0x1d,0x00,0x00,0x00,0x16,0x00,0x00,0x00,0x16,0x00,0x00,0x00,0x1d,0x00,0x00,0x00,0x00,0x00,0x00,0x00,0x00,
  0x00,0x00,0x00,0xe2,0x00,0x00,0x00,0x1d,0x00,0x00,0x00,0x16,0x00,0x00,0x00,0x16,0x00,0x00,0x00,0x1d,0x00,0x00,0x00,0x00,
  0x00,0x00,0x00,0x00,0x00,0x00,0x00,0xe3,0x00,0x00,0x00,0x1c,0x00,0x00,0x00,0x16,0x00,0x00,0x00,0x16,0x00,0x00,0x00,0x1c,
  0x00,0x00,0x00,0x00,0x00,0x00,0x00,0x00,0x00,0x00,0x00,0xe4,0x00,0x00,0x00,0x1b,0x00,0x00,0x00,0x16,0x00,0x00,0x00,0x16,
  0x00,0x00,0x00,0x1b,0x00,0x00,0x00,0x00,0x00,0x00,0x00,0x00,0x00,0x00,0x00,0xe5,0x00,0x00,0x00,0x1f,0x00,0x00,0x00,0x16,
  0x00,0x00,0x00,0x16,0x00,0x00,0x00,0x1f,0x00,0x00,0x00,0x00,0x00,0x00,0x00,0x00,0x00,0x00,0x00,0xe6,0x00,0x00,0x00,0x15,
  0x00,0x00,0x00,0x24,0x00,0x00,0x00,0x24,0x00,0x00,0x00,0x15,0x00,0x00,0x00,0x00,0x00,0x00,0x00,0x00,0x00,0x00,0x00,0xe7,
  0x00,0x00,0x00,0x1c,0x00,0x00,0x00,0x16,0x00,0x00,0x00,0x16,0x00,0x00,0x00,0x15,0x00,0x00,0x00,0x00,0x00,0x00,0x00,0x00,
  0x00,0x00,0x00,0xe8,0x00,0x00,0x00,0x1d,0x00,0x00,0x00,0x16,0x00,0x00,0x00,0x16,0x00,0x00,0x00,0x1d,0x00,0x00,0x00,0x00,
  0x00,0x00,0x00,0x00,0x00,0x00,0x00,0xe9,0x00,0x00,0x00,0x1d,0x00,0x00,0x00,0x16,0x00,0x00,0x00,0x16,0x00,0x00,0x00,0x1d,
  0x00,0x00,0x00,0x00,0x00,0x00,0x00,0x00,0x00,0x00,0x00,0xea,0x00,0x00,0x00,0x1d,0x00,0x00,0x00,0x16,0x00,0x00,0x00,0x16,
  0x00,0x00,0x00,0x1d,0x00,0x00,0x00,0x00,0x00,0x00,0x00,0x00,0x00,0x00,0x00,0xeb,0x00,0x00,0x00,0x1b,0x00,0x00,0x00,0x16,
  0x00,0x00,0x00,0x16,0x00,0x00,0x00,0x1b,0x00,0x00,0x00,0x00,0x00,0x00,0x00,0x00,0x00,0x00,0x00,0xec,0x00,0x00,0x00,0x1d,
  0x00,0x00,0x00,0x0c,0x00,0x00,0x00,0x0b,0x00,0x00,0x00,0x1d,0xff,0xff,0xff,0xff,0x00,0x00,0x00,0x00,0x00,0x00,0x00,0xed,
  0x00,0x00,0x00,0x1d,0x00,0x00,0x00,0x0c,0x00,0x00,0x00,0x0b,0x00,0x00,0x00,0x1d,0x00,0x00,0x00,0x00,0x00,0x00,0x00,0x00,
  0x00,0x00,0x00,0xee,0x00,0x00,0x00,0x1d,0x00,0x00,0x00,0x0e,0x00,0x00,0x00,0x0b,0x00,0x00,0x00,0x1d,0xff,0xff,0xff,0xff,
  0x00,0x00,0x00,0x00,0x00,0x00,0x00,0xef,0x00,0x00,0x00,0x1b,0x00,0x00,0x00,0x0e,0x00,0x00,0x00,0x0b,0x00,0x00,0x00,0x1b,
  0xff,0xff,0xff,0xff,0x00,0x00,0x00,0x00,0x00,0x00,0x00,0xf0,0x00,0x00,0x00,0x1d,0x00,0x00,0x00,0x18,0x00,0x00,0x00,0x18,
  0x00,0x00,0x00,0x1d,0x00,0x00,0x00,0x00,0x00,0x00,0x00,0x00,0x00,0x00,0x00,0xf1,0x00,0x00,0x00,0x1c,0x00,0x00,0x00,0x18,
  0x00,0x00,0x00,0x18,0x00,0x00,0x00,0x1c,0x00,0x00,0x00,0x00,0x00,0x00,0x00,0x00,0x00,0x00,0x00,0xf2,0x00,0x00,0x00,0x1d,
  0x00,0x00,0x00,0x18,0x00,0x00,0x00,0x18,0x00,0x00,0x00,0x1d,0x00,0x00,0x00,0x00,0x00,0x00,0x00,0x00,0x00,0x00,0x00,0xf3,
  0x00,0x00,0x00,0x1d,0x00,0x00,0x00,0x18,0x00,0x00,0x00,0x18,0x00,0x00,0x00,0x1d,0x00,0x00,0x00,0x00,0x00,0x00,0x00,0x00,
  0x00,0x00,0x00,0xf4,0x00,0x00,0x00,0x1d,0x00,0x00,0x00,0x18,0x00,0x00,0x00,0x18,0x00,0x00,0x00,0x1d,0x00,0x00,0x00,0x00,
  0x00,0x00,0x00,0x00,0x00,0x00,0x00,0xf5,0x00,0x00,0x00,0x1c,0x00,0x00,0x00,0x18,0x00,0x00,0x00,0x18,0x00,0x00,0x00,0x1c,
  0x00,0x00,0x00,0x00,0x00,0x00,0x00,0x00,0x00,0x00,0x00,0xf6,0x00,0x00,0x00,0x1b,0x00,0x00,0x00,0x18,0x00,0x00,0x00,0x18,
  0x00,0x00,0x00,0x1b,0x00,0x00,0x00,0x00,0x00,0x00,0x00,0x00,0x00,0x00,0x00,0xf7,0x00,0x00,0x00,0x17,0x00,0x00,0x00,0x16,
  0x00,0x00,0x00,0x16,0x00,0x00,0x00,0x17,0x00,0x00,0x00,0x00,0x00,0x00,0x00,0x00,0x00,0x00,0x00,0xf8,0x00,0x00,0x00,0x17,
  0x00,0x00,0x00,0x18,0x00,0x00,0x00,0x18,0x00,0x00,0x00,0x16,0x00,0x00,0x00,0x00,0x00,0x00,0x00,0x00,0x00,0x00,0x00,0xf9,
  0x00,0x00,0x00,0x1d,0x00,0x00,0x00,0x18,0x00,0x00,0x00,0x18,0x00,0x00,0x00,0x1d,0x00,0x00,0x00,0x00,0x00,0x00,0x00,0x00,
  0x00,0x00,0x00,0xfa,0x00,0x00,0x00,0x1d,0x00,0x00,0x00,0x18,0x00,0x00,0x00,0x18,0x00,0x00,0x00,0x1d,0x00,0x00,0x00,0x00,
  0x00,0x00,0x00,0x00,0x00,0x00,0x00,0xfb,0x00,0x00,0x00,0x1d,0x00,0x00,0x00,0x18,0x00,0x00,0x00,0x18,0x00,0x00,0x00,0x1d,
  0x00,0x00,0x00,0x00,0x00,0x00,0x00,0x00,0x00,0x00,0x00,0xfc,0x00,0x00,0x00,0x1b,0x00,0x00,0x00,0x18,0x00,0x00,0x00,0x18,
  0x00,0x00,0x00,0x1b,0x00,0x00,0x00,0x00,0x00,0x00,0x00,0x00,0x00,0x00,0x00,0xfd,0x00,0x00,0x00,0x25,0x00,0x00,0x00,0x16,
  0x00,0x00,0x00,0x16,0x00,0x00,0x00,0x1d,0x00,0x00,0x00,0x00,0x00,0x00,0x00,0x00,0x00,0x00,0x00,0xfe,0x00,0x00,0x00,0x25,
  0x00,0x00,0x00,0x18,0x00,0x00,0x00,0x18,0x00,0x00,0x00,0x1d,0x00,0x00,0x00,0x00,0x00,0x00,0x00,0x00,0x00,0x00,0x00,0xff,
  0x00,0x00,0x00,0x23,0x00,0x00,0x00,0x16,0x00,0x00,0x00,0x16,0x00,0x00,0x00,0x1b,0x00,0x00,0x00,0x00,0x00,0x00,0x00,0x00,
  0x00,0x00,0x04,0x01,0x00,0x00,0x00,0x23,0x00,0x00,0x00,0x1b,0x00,0x00,0x00,0x1b,0x00,0x00,0x00,0x23,0x00,0x00,0x00,0x00,
  0x00,0x00,0x00,0x00,0x00,0x00,0x04,0x10,0x00,0x00,0x00,0x1d,0x00,0x00,0x00,0x1d,0x00,0x00,0x00,0x1d,0x00,0x00,0x00,0x1d,
  0x00,0x00,0x00,0x00,0x00,0x00,0x00,0x00,0x00,0x00,0x04,0x11,0x00,0x00,0x00,0x1d,0x00,0x00,0x00,0x1d,0x00,0x00,0x00,0x1d,
  0x00,0x00,0x00,0x1d,0x00,0x00,0x00,0x00,0x00,0x00,0x00,0x00,0x00,0x00,0x04,0x12,0x00,0x00,0x00,0x1d,0x00,0x00,0x00,0x1d,
  0x00,0x00,0x00,0x1d,0x00,0x00,0x00,0x1d,0x00,0x00,0x00,0x00,0x00,0x00,0x00,0x00,0x00,0x00,0x04,0x13,0x00,0x00,0x00,0x1d,
  0x00,0x00,0x00,0x17,0x00,0x00,0x00,0x17,0x00,0x00,0x00,0x1d,0x00,0x00,0x00,0x00,0x00,0x00,0x00,0x00,0x00,0x00,0x04,0x14,
  0x00,0x00,0x00,0x23,0x00,0x00,0x00,0x1e,0x00,0x00,0x00,0x1c,0x00,0x00,0x00,0x1d,0xff,0xff,0xff,0xff,0x00,0x00,0x00,0x00,
  0x00,0x00,0x04,0x15,0x00,0x00,0x00,0x1d,0x00,0x00,0x00,0x1b,0x00,0x00,0x00,0x1b,0x00,0x00,0x00,0x1d,0x00,0x00,0x00,0x00,
  0x00,0x00,0x00,0x00,0x00,0x00,0x04,0x16,0x00,0x00,0x00,0x1d,0x00,0x00,0x00,0x24,0x00,0x00,0x00,0x24,0x00,0x00,0x00,0x1d,
  0x00,0x00,0x00,0x00,0x00,0x00,0x00,0x00,0x00,0x00,0x04,0x17,0x00,0x00,0x00,0x1d,0x00,0x00,0x00,0x19,0x00,0x00,0x00,0x19,
  0x00,0x00,0x00,0x1d,0x00,0x00,0x00,0x00,0x00,0x00,0x00,0x00,0x00,0x00,0x04,0x18,0x00,0x00,0x00,0x1d,0x00,0x00,0x00,0x1d,
  0x00,0x00,0x00,0x1d,0x00,0x00,0x00,0x1d,0x00,0x00,0x00,0x00,0x00,0x00,0x00,0x00,0x00,0x00,0x04,0x19,0x00,0x00,0x00,0x25,
  0x00,0x00,0x00,0x1d,0x00,0x00,0x00,0x1d,0x00,0x00,0x00,0x25,0x00,0x00,0x00,0x00,0x00,0x00,0x00,0x00,0x00,0x00,0x04,0x1a,
  0x00,0x00,0x00,0x1d,0x00,0x00,0x00,0x19,0x00,0x00,0x00,0x18,0x00,0x00,0x00,0x1d,0x00,0x00,0x00,0x00,0x00,0x00,0x00,0x00,
  0x00,0x00,0x04,0x1b,0x00,0x00,0x00,0x1d,0x00,0x00,0x00,0x1c,0x00,0x00,0x00,0x1c,0x00,0x00,0x00,0x1d,0x00,0x00,0x00,0x00,
  0x00,0x00,0x00,0x00,0x00,0x00,0x04,0x1c,0x00,0x00,0x00,0x1d,0x00,0x00,0x00,0x21,0x00,0x00,0x00,0x21,0x00,0x00,0x00,0x1d,
  0x00,0x00,0x00,0x00,0x00,0x00,0x00,0x00,0x00,0x00,0x04,0x1d,0x00,0x00,0x00,0x1d,0x00,0x00,0x00,0x1d,0x00,0x00,0x00,0x1d,
  0x00,0x00,0x00,0x1d,0x00,0x00,0x00,0x00,0x00,0x00,0x00,0x00,0x00,0x00,0x04,0x1e,0x00,0x00,0x00,0x1d,0x00,0x00,0x00,0x1f,
  0x00,0x00,0x00,0x1f,0x00,0x00,0x00,0x1d,0x00,0x00,0x00,0x00,0x00,0x00,0x00,0x00,0x00,0x00,0x04,0x1f,0x00,0x00,0x00,0x1d,
  0x00,0x00,0x00,0x1d,0x00,0x00,0x00,0x1d,0x00,0x00,0x00,0x1d,0x00,0x00,0x00,0x00,0x00,0x00,0x00,0x00,0x00,0x00,0x04,0x20,
  0x00,0x00,0x00,0x1d,0x00,0x00,0x00,0x1b,0x00,0x00,0x00,0x1b,0x00,0x00,0x00,0x1d,0x00,0x00,0x00,0x00,0x00,0x00,0x00,0x00,
  0x00,0x00,0x04,0x21,0x00,0x00,0x00,0x1d,0x00,0x00,0x00,0x1d,0x00,0x00,0x00,0x1d,0x00,0x00,0x00,0x1d,0x00,0x00,0x00,0x00,
  0x00,0x00,0x00,0x00,0x00,0x00,0x04,0x22,0x00,0x00,0x00,0x1d,0x00,0x00,0x00,0x18,0x00,0x00,0x00,0x18,0x00,0x00,0x00,0x1d,
  0x00,0x00,0x00,0x00,0x00,0x00,0x00,0x00,0x00,0x00,0x04,0x23,0x00,0x00,0x00,0x1d,0x00,0x00,0x00,0x19,0x00,0x00,0x00,0x19,
  0x00,0x00,0x00,0x1d,0x00,0x00,0x00,0x00,0x00,0x00,0x00,0x00,0x00,0x00,0x04,0x24,0x00,0x00,0x00,0x1d,0x00,0x00,0x00,0x22,
  0x00,0x00,0x00,0x22,0x00,0x00,0x00,0x1d,0x00,0x00,0x00,0x00,0x00,0x00,0x00,0x00,0x00,0x00,0x04,0x25,0x00,0x00,0x00,0x1d,
  0x00,0x00,0x00,0x1b,0x00,0x00,0x00,0x1b,0x00,0x00,0x00,0x1d,0x00,0x00,0x00,0x00,0x00,0x00,0x00,0x00,0x00,0x00,0x04,0x26,
  0x00,0x00,0x00,0x23,0x00,0x00,0x00,0x1d,0x00,0x00,0x00,0x1d,0x00,0x00,0x00,0x1d,0x00,0x00,0x00,0x00,0x00,0x00,0x00,0x00,
  0x00,0x00,0x04,0x27,0x00,0x00,0x00,0x1d,0x00,0x00,0x00,0x1c,0x00,0x00,0x00,0x1c,0x00,0x00,0x00,0x1d,0x00,0x00,0x00,0x00,
  0x00,0x00,0x00,0x00,0x00,0x00,0x04,0x28,0x00,0x00,0x00,0x1e,0x00,0x00,0x00,0x28,0x00,0x00,0x00,0x28,0x00,0x00,0x00,0x1d,
  0x00,0x00,0x00,0x00,0x00,0x00,0x00,0x00,0x00,0x00,0x04,0x29,0x00,0x00,0x00,0x23,0x00,0x00,0x00,0x29,0x00,0x00,0x00,0x29,
  0x00,0x00,0x00,0x1d,0x00,0x00,0x00,0x00,0x00,0x00,0x00,0x00,0x00,0x00,0x04,0x2a,0x00,0x00,0x00,0x1d,0x00,0x00,0x00,0x23,
  0x00,0x00,0x00,0x23,0x00,0x00,0x00,0x1d,0x00,0x00,0x00,0x00,0x00,0x00,0x00,0x00,0x00,0x00,0x04,0x2b,0x00,0x00,0x00,0x1d,
  0x00,0x00,0x00,0x27,0x00,0x00,0x00,0x27,0x00,0x00,0x00,0x1d,0x00,0x00,0x00,0x00,0x00,0x00,0x00,0x00,0x00,0x00,0x04,0x2c,
  0x00,0x00,0x00,0x1d,0x00,0x00,0x00,0x1d,0x00,0x00,0x00,0x1d,0x00,0x00,0x00,0x1d,0x00,0x00,0x00,0x00,0x00,0x00,0x00,0x00,
  0x00,0x00,0x04,0x2d,0x00,0x00,0x00,0x1d,0x00,0x00,0x00,0x1c,0x00,0x00,0x00,0x1c,0x00,0x00,0x00,0x1d,0x00,0x00,0x00,0x00,
  0x00,0x00,0x00,0x00,0x00,0x00,0x04,0x2e,0x00,0x00,0x00,0x1d,0x00,0x00,0x00,0x29,0x00,0x00,0x00,0x29,0x00,0x00,0x00,0x1d,
  0x00,0x00,0x00,0x00,0x00,0x00,0x00,0x00,0x00,0x00,0x04,0x2f,0x00,0x00,0x00,0x1d,0x00,0x00,0x00,0x1d,0x00,0x00,0x00,0x1d,
  0x00,0x00,0x00,0x1d,0x00,0x00,0x00,0x00,0x00,0x00,0x00,0x00,0x00,0x00,0x04,0x30,0x00,0x00,0x00,0x15,0x00,0x00,0x00,0x16,
  0x00,0x00,0x00,0x16,0x00,0x00,0x00,0x15,0x00,0x00,0x00,0x00,0x00,0x00,0x00,0x00,0x00,0x00,0x04,0x31,0x00,0x00,0x00,0x1e,
  0x00,0x00,0x00,0x19,0x00,0x00,0x00,0x19,0x00,0x00,0x00,0x1e,0x00,0x00,0x00,0x00,0x00,0x00,0x00,0x00,0x00,0x00,0x04,0x32,
  0x00,0x00,0x00,0x15,0x00,0x00,0x00,0x19,0x00,0x00,0x00,0x19,0x00,0x00,0x00,0x15,0x00,0x00,0x00,0x00,0x00,0x00,0x00,0x00,
  0x00,0x00,0x04,0x33,0x00,0x00,0x00,0x15,0x00,0x00,0x00,0x11,0x00,0x00,0x00,0x11,0x00,0x00,0x00,0x15,0x00,0x00,0x00,0x00,
  0x00,0x00,0x00,0x00,0x00,0x00,0x04,0x34,0x00,0x00,0x00,0x1a,0x00,0x00,0x00,0x1a,0x00,0x00,0x00,0x19,0x00,0x00,0x00,0x15,
  0xff,0xff,0xff,0xff,0x00,0x00,0x00,0x00,0x00,0x00,0x04,0x35,0x00,0x00,0x00,0x15,0x00,0x00,0x00,0x16,0x00,0x00,0x00,0x16,
  0x00,0x00,0x00,0x15,0x00,0x00,0x00,0x00,0x00,0x00,0x00,0x00,0x00,0x00,0x04,0x36,0x00,0x00,0x00,0x15,0x00,0x00,0x00,0x1e,
  0x00,0x00,0x00,0x1c,0x00,0x00,0x00,0x15,0xff,0xff,0xff,0xff,0x00,0x00,0x00,0x00,0x00,0x00,0x04,0x37,0x00,0x00,0x00,0x15,
  0x00,0x00,0x00,0x14,0x00,0x00,0x00,0x14,0x00,0x00,0x00,0x15,0x00,0x00,0x00,0x00,0x00,0x00,0x00,0x00,0x00,0x00,0x04,0x38,
  0x00,0x00,0x00,0x15,0x00,0x00,0x00,0x19,0x00,0x00,0x00,0x19,0x00,0x00,0x00,0x15,0x00,0x00,0x00,0x00,0x00,0x00,0x00,0x00,
  0x00,0x00,0x04,0x39,0x00,0x00,0x00,0x1d,0x00,0x00,0x00,0x19,0x00,0x00,0x00,0x19,0x00,0x00,0x00,0x1d,0x00,0x00,0x00,0x00,
  0x00,0x00,0x00,0x00,0x00,0x00,0x04,0x3a,0x00,0x00,0x00,0x15,0x00,0x00,0x00,0x15,0x00,0x00,0x00,0x14,0x00,0x00,0x00,0x15,
  0x00,0x00,0x00,0x00,0x00,0x00,0x00,0x00,0x00,0x00,0x04,0x3b,0x00,0x00,0x00,0x15,0x00,0x00,0x00,0x19,0x00,0x00,0x00,0x19,
  0x00,0x00,0x00,0x15,0x00,0x00,0x00,0x00,0x00,0x00,0x00,0x00,0x00,0x00,0x04,0x3c,0x00,0x00,0x00,0x15,0x00,0x00,0x00,0x1e,
  0x00,0x00,0x00,0x1e,0x00,0x00,0x00,0x15,0x00,0x00,0x00,0x00,0x00,0x00,0x00,0x00,0x00,0x00,0x04,0x3d,0x00,0x00,0x00,0x15,
  0x00,0x00,0x00,0x18,0x00,0x00,0x00,0x18,0x00,0x00,0x00,0x15,0x00,0x00,0x00,0x00,0x00,0x00,0x00,0x00,0x00,0x00,0x04,0x3e,
  0x00,0x00,0x00,0x15,0x00,0x00,0x00,0x18,0x00,0x00,0x00,0x18,0x00,0x00,0x00,0x15,0x00,0x00,0x00,0x00,0x00,0x00,0x00,0x00,
  0x00,0x00,0x04,0x3f,0x00,0x00,0x00,0x15,0x00,0x00,0x00,0x18,0x00,0x00,0x00,0x18,0x00,0x00,0x00,0x15,0x00,0x00,0x00,0x00,
  0x00,0x00,0x00,0x00,0x00,0x00,0x04,0x40,0x00,0x00,0x00,0x1d,0x00,0x00,0x00,0x18,0x00,0x00,0x00,0x18,0x00,0x00,0x00,0x15,
  0x00,0x00,0x00,0x00,0x00,0x00,0x00,0x00,0x00,0x00,0x04,0x41,0x00,0x00,0x00,0x15,0x00,0x00,0x00,0x16,0x00,0x00,0x00,0x16,
  0x00,0x00,0x00,0x15,0x00,0x00,0x00,0x00,0x00,0x00,0x00,0x00,0x00,0x00,0x04,0x42,0x00,0x00,0x00,0x15,0x00,0x00,0x00,0x14,
  0x00,0x00,0x00,0x14,0x00,0x00,0x00,0x15,0x00,0x00,0x00,0x00,0x00,0x00,0x00,0x00,0x00,0x00,0x04,0x43,0x00,0x00,0x00,0x1d,
  0x00,0x00,0x00,0x16,0x00,0x00,0x00,0x16,0x00,0x00,0x00,0x15,0x00,0x00,0x00,0x00,0x00,0x00,0x00,0x00,0x00,0x00,0x04,0x44,
  0x00,0x00,0x00,0x25,0x00,0x00,0x00,0x23,0x00,0x00,0x00,0x23,0x00,0x00,0x00,0x1d,0x00,0x00,0x00,0x00,0x00,0x00,0x00,0x00,
  0x00,0x00,0x04,0x45,0x00,0x00,0x00,0x15,0x00,0x00,0x00,0x16,0x00,0x00,0x00,0x16,0x00,0x00,0x00,0x15,0x00,0x00,0x00,0x00,
  0x00,0x00,0x00,0x00,0x00,0x00,0x04,0x46,0x00,0x00,0x00,0x1a,0x00,0x00,0x00,0x19,0x00,0x00,0x00,0x19,0x00,0x00,0x00,0x15,
  0x00,0x00,0x00,0x00,0x00,0x00,0x00,0x00,0x00,0x00,0x04,0x47,0x00,0x00,0x00,0x15,0x00,0x00,0x00,0x17,0x00,0x00,0x00,0x17,
  0x00,0x00,0x00,0x15,0x00,0x00,0x00,0x00,0x00,0x00,0x00,0x00,0x00,0x00,0x04,0x48,0x00,0x00,0x00,0x15,0x00,0x00,0x00,0x21,
  0x00,0x00,0x00,0x21,0x00,0x00,0x00,0x15,0x00,0x00,0x00,0x00,0x00,0x00,0x00,0x00,0x00,0x00,0x04,0x49,0x00,0x00,0x00,0x1a,
  0x00,0x00,0x00,0x22,0x00,0x00,0x00,0x22,0x00,0x00,0x00,0x15,0x00,0x00,0x00,0x00,0x00,0x00,0x00,0x00,0x00,0x00,0x04,0x4a,
  0x00,0x00,0x00,0x15,0x00,0x00,0x00,0x1d,0x00,0x00,0x00,0x1d,0x00,0x00,0x00,0x15,0x00,0x00,0x00,0x00,0x00,0x00,0x00,0x00,
  0x00,0x00,0x04,0x4b,0x00,0x00,0x00,0x15,0x00,0x00,0x00,0x22,0x00,0x00,0x00,0x22,0x00,0x00,0x00,0x15,0x00,0x00,0x00,0x00,
  0x00,0x00,0x00,0x00,0x00,0x00,0x04,0x4c,0x00,0x00,0x00,0x15,0x00,0x00,0x00,0x19,0x00,0x00,0x00,0x19,0x00,0x00,0x00,0x15,
  0x00,0x00,0x00,0x00,0x00,0x00,0x00,0x00,0x00,0x00,0x04,0x4d,0x00,0x00,0x00,0x15,0x00,0x00,0x00,0x16,0x00,0x00,0x00,0x16,
  0x00,0x00,0x00,0x15,0x00,0x00,0x00,0x00,0x00,0x00,0x00,0x00,0x00,0x00,0x04,0x4e,0x00,0x00,0x00,0x15,0x00,0x00,0x00,0x22,
  0x00,0x00,0x00,0x22,0x00,0x00,0x00,0x15,0x00,0x00,0x00,0x00,0x00,0x00,0x00,0x00,0x00,0x00,0x04,0x4f,0x00,0x00,0x00,0x15,
  0x00,0x00,0x00,0x18,0x00,0x00,0x00,0x17,0x00,0x00,0x00,0x15,0xff,0xff,0xff,0xff,0x00,0x00,0x00,0x00,0x00,0x00,0x04,0x51,
  0x00,0x00,0x00,0x1b,0x00,0x00,0x00,0x16,0x00,0x00,0x00,0x16,0x00,0x00,0x00,0x1b,0x00,0x00,0x00,0x00,0x00,0x00,0x00,0x00,
  0x00,0x00,0x20,0x13,0x00,0x00,0x00,0x0d,0x00,0x00,0x00,0x18,0x00,0x00,0x00,0x16,0x00,0x00,0x00,0x0d,0xff,0xff,0xff,0xff,
  0x00,0x00,0x00,0x00,0x00,0x00,0x20,0x14,0x00,0x00,0x00,0x0d,0x00,0x00,0x00,0x28,0x00,0x00,0x00,0x28,0x00,0x00,0x00,0x0d,
  0x00,0x00,0x00,0x00,0x00,0x00,0x00,0x00,0x00,0x00,0x20,0x26,0x00,0x00,0x00,0x06,0x00,0x00,0x00,0x28,0x00,0x00,0x00,0x28,
  0x00,0x00,0x00,0x06,0x00,0x00,0x00,0x00,0x00,0x00,0x00,0x00,0x00,0x00,0x20,0x39,0x00,0x00,0x00,0x13,0x00,0x00,0x00,0x0d,
  0x00,0x00,0x00,0x0d,0x00,0x00,0x00,0x13,0x00,0x00,0x00,0x00,0x00,0x00,0x00,0x00,0x00,0x00,0x20,0x3a,0x00,0x00,0x00,0x13,
  0x00,0x00,0x00,0x0d,0x00,0x00,0x00,0x0d,0x00,0x00,0x00,0x13,0x00,0x00,0x00,0x00,0x00,0x00,0x00,0x00,0x00,0x00,0x21,0x90,
  0x00,0x00,0x00,0x12,0x00,0x00,0x00,0x28,0x00,0x00,0x00,0x28,0x00,0x00,0x00,0x12,0x00,0x00,0x00,0x00,0x00,0x00,0x00,0x00,
  0x00,0x00,0x21,0x92,0x00,0x00,0x00,0x12,0x00,0x00,0x00,0x28,0x00,0x00,0x00,0x28,0x00,0x00,0x00,0x12,0x00,0x00,0x00,0x00,
  0x00,0x00,0x00,0x00,0x00,0x00,0x00,0x68,0xff,0xff,0xff,0xff,0xff,0x88,0x00,0x00,0x00,0x00,0x00,0x00,0x68,0xff,0xff,0xff,
  0xff,0xff,0x88,0x00,0x00,0x00,0x00,0x00,0x00,0x68,0xff,0xff,0xff,0xff,0xff,0x88,0x00,0x00,0x00,0x00,0x00,0x00,0x68,0xff,
  0xff,0xff,0xff,0xff,0x88,0x00,0x00,0x00,0x00,0x00,0x00,0x68,0xff,0xff,0xff,0xff,0xff,0x88,0x00,0x00,0x00,0x00,0x00,0x00,
  0x68,0xff,0xff,0xff,0xff,0xff,0x88,0x00,0x00,0x00,0x00,0x00,0x00,0x66,0xff,0xff,0xff,0xff,0xff,0x86,0x00,0x00,0x00,0x00,
  0x00,0x00,0x52,0xff,0xff,0xff,0xff,0xff,0x71,0x00,0x00,0x00,0x00,0x00,0x00,0x39,0xff,0xff,0xff,0xff,0xff,0x58,0x00,0x00,
  0x00,0x00,0x00,0x00,0x20,0xff,0xff,0xff,0xff,0xff,0x3f,0x00,0x00,0x00,0x00,0x00,0x00,0x07,0xff,0xff,0xff,0xff,0xff,0x26,
  0x00,0x00,0x00,0x00,0x00,0x00,0x00,0xed,0xff,0xff,0xff,0xff,0x0d,0x00,0x00,0x00,0x00,0x00,0x00,0x00,0xd4,0xff,0xff,0xff,
  0xf4,0x00,0x00,0x00,0x00,0x00,0x00,0x00,0x00,0xba,0xff,0xff,0xff,0xdb,0x00,0x00,0x00,0x00,0x00,0x00,0x00,0x00,0xa1,0xff,
  0xff,0xff,0xc2,0x00,0x00,0x00,0x00,0x00,0x00,0x00,0x00,0x88,0xff,0xff,0xff,0xa9,0x00,0x00,0x00,0x00,0x00,0x00,0x00,0x00,
  0x6e,0xff,0xff,0xff,0x90,0x00,0x00,0x00,0x00,0x00,0x00,0x00,0x00,0x55,0xff,0xff,0xff,0x77,0x00,0x00,0x00,0x00,0x00,0x00,
  0x00,0x00,0x3c,0xff,0xff,0xff,0x5e,0x00,0x00,0x00,0x00,0x00,0x00,0x00,0x00,0x22,0xff,0xff,0xff,0x45,0x00,0x00,0x00,0x00,
  0x00,0x00,0x00,0x00,0x09,0xff,0xff,0xff,0x2c,0x00,0x00,0x00,0x00,0x00,0x00,0x00,0x00,0x00,0x00,0x00,0x00,0x00,0x00,0x00,
  0x00,0x00,0x00,0x00,0x00,0x00,0x00,0x00,0x00,0x00,0x00,0x00,0x00,0x00,0x00,0x00,0x00,0x00,0x2c,0xff,0xff,0xff,0xff,0xff,
  0x50,0x00,0x00,0x00,0x00,0x00,0x00,0x2c,0xff,0xff,0xff,0xff,0xff,0x50,0x00,0x00,0x00,0x00,0x00,0x00,0x2c,0xff,0xff,0xff,
  0xff,0xff,0x50,0x00,0x00,0x00,0x00,0x00,0x00,0x2c,0xff,0xff,0xff,0xff,0xff,0x50,0x00,0x00,0x00,0x00,0x00,0x00,0x2c,0xff,
  0xff,0xff,0xff,0xff,0x50,0x00,0x00,0x00,0x00,0x00,0x00,0x2c,0xff,0xff,0xff,0xff,0xff,0x50,0x00,0x00,0x00,0x00,0x00,0xd0,
  0xff,0xff,0xff,0xff,0xff,0x2c,0x00,0x00,0xff,0xff,0xff,0xff,0xff,0xf8,0x00,0x00,0x00,0x00,0xd0,0xff,0xff,0xff,0xff,0xff,
  0x2c,0x00,0x00,0xff,0xff,0xff,0xff,0xff,0xf8,0x00,0x00,0x00,0x00,0xd0,0xff,0xff,0xff,0xff,0xff,0x2c,0x00,0x00,0xff,0xff,
  0xff,0xff,0xff,0xf8,0x00,0x00,0x00,0x00,0xd0,0xff,0xff,0xff,0xff,0xff,0x2c,0x00,0x00,0xff,0xff,0xff,0xff,0xff,0xf8,0x00,
  0x00,0x00,0x00,0xce,0xff,0xff,0xff,0xff,0xff,0x2a,0x00,0x00,0xfe,0xff,0xff,0xff,0xff,0xf6,0x00,0x00,0x00,0x00,0xab,0xff,
  0xff,0xff,0xff,0xfe,0x0c,0x00,0x00,0xdb,0xff,0xff,0xff,0xff,0xd7,0x00,0x00,0x00,0x00,0x79,0xff,0xff,0xff,0xff,0xde,0x00,
  0x00,0x00,0xa9,0xff,0xff,0xff,0xff,0xac,0x00,0x00,0x00,0x00,0x46,0xff,0xff,0xff,0xff,0xb2,0x00,0x00,0x00,0x76,0xff,0xff,
  0xff,0xff,0x80,0x00,0x00,0x00,0x00,0x14,0xff,0xff,0xff,0xff,0x86,0x00,0x00,0x00,0x44,0xff,0xff,0xff,0xff,0x55,0x00,0x00,
  0x00,0x00,0x00,0xe1,0xff,0xff,0xff,0x5a,0x00,0x00,0x00,0x12,0xff,0xff,0xff,0xff,0x29,0x00,0x00,0x00,0x00,0x00,0x00,0x00,
  0x00,0x00,0x00,0x00,0x00,0x00,0x00,0x00,0x00,0x00,0x00,0x00,0x00,0x00,0x00,0x00,0x00,0x00,0x00,0x00,0x00,0x00,0x00,0x00,
  0x00,0x00,0x00,0x00,0x00,0x00,0x00,0x00,0x00,0x00,0x00,0x00,0x00,0x00,0x00,0x00,0x00,0x00,0x00,0x00,0x00,0x00,0x00,0x00,
  0x00,0x00,0x00,0x00,0x00,0x00,0x00,0x00,0x00,0x00,0x00,0x00,0x00,0x00,0x00,0x00,0x00,0x00,0x00,0x00,0x00,0x00,0x00,0x00,
  0x00,0x00,0x00,0x00,0x00,0x00,0x00,0x00,0x00,0x00,0x00,0x00,0x00,0x00,0x00,0x00,0x00,0x00,0x00,0x00,0x00,0x00,0x00,0x00,
  0x00,0x00,0x00,0x00,0x00,0x00,0x00,0x00,0x00,0x00,0x00,0x00,0x00,0x00,0x00,0x00,0x00,0x00,0x00,0x00,0x00,0x00,0x00,0x00,
  0x00,0x00,0x00,0x00,0x00,0x00,0x00,0x00,0x00,0x00,0x00,0x00,0x00,0x00,0x00,0x00,0x00,0x00,0x00,0x00,0x00,0x00,0x00,0x00,
  0x00,0x00,0x00,0x00,0x00,0x00,0x00,0x00,0x00,0x00,0x00,0x00,0x00,0x00,0x00,0x00,0x00,0x00,0x00,0x00,0x00,0x00,0x00,0x00,
  0x00,0x00,0x00,0x00,0x00,0x00,0x00,0x00,0x00,0x00,0x00,0x00,0x00,0x00,0x00,0x00,0x00,0x00,0x00,0x00,0x00,0x00,0x00,0x00,
  0x00,0x00,0x00,0x00,0x00,0x00,0x00,0x00,0x00,0x00,0x00,0x00,0x00,0x00,0x00,0x00,0x00,0x00,0x00,0x00,0x00,0x00,0x00,0x00,
  0x00,0x00,0x00,0x00,0x00,0x00,0x00,0x00,0x00,0x00,0x00,0x00,0x00,0x00,0x00,0x00,0x00,0x00,0x00,0x00,0x00,0x00,0x00,0x00,
  0x00,0x00,0x00,0x00,0x00,0x00,0x00,0x00,0x00,0x00,0x00,0x00,0x00,0x00,0x00,0x00,0x00,0x00,0x00,0x00,0x00,0x00,0x00,0x00,
  0x00,0x00,0x00,0x00,0x00,0x00,0x00,0x00,0x00,0x00,0x00,0x00,0x00,0x00,0x00,0x00,0x00,0x00,0x00,0x00,0x00,0x00,0x00,0x00,
  0x00,0x00,0x00,0x00,0x00,0x00,0x00,0x00,0x00,0x00,0x00,0x00,0x00,0x00,0x00,0x00,0x00,0x00,0x00,0x00,0x00,0x00,0x00,0x00,
  0x00,0x00,0x00,0x00,0x00,0x00,0x00,0x00,0x00,0x00,0x00,0x00,0x00,0x00,0x00,0x00,0x00,0x00,0x00,0x00,0x00,0x00,0x00,0x00,
  0x00,0x00,0x00,0x00,0x00,0x00,0x00,0x00,0x00,0x00,0x00,0x00,0x00,0x00,0x00,0x00,0x00,0x00,0x00,0x00,0x00,0x00,0x00,0x00,
  0x00,0x00,0x00,0xa3,0xff,0xff,0xff,0xbd,0x00,0x00,0x00,0x05,0xf8,0xff,0xff,0xff,0x88,0x00,0x00,0x00,0x00,0x00,0x00,0x00,
  0x00,0xd8,0xff,0xff,0xff,0x88,0x00,0x00,0x00,0x33,0xff,0xff,0xff,0xff,0x53,0x00,0x00,0x00,0x00,0x00,0x00,0x00,0x0e,0xfe,
  0xff,0xff,0xff,0x54,0x00,0x00,0x00,0x67,0xff,0xff,0xff,0xff,0x1e,0x00,0x00,0x00,0x00,0x00,0x00,0x00,0x42,0xff,0xff,0xff,
  0xff,0x1f,0x00,0x00,0x00,0x9b,0xff,0xff,0xff,0xe9,0x00,0x00,0x00,0x00,0x00,0x00,0x00,0x00,0x77,0xff,0xff,0xff,0xeb,0x00,
  0x00,0x00,0x00,0xcf,0xff,0xff,0xff,0xb4,0x00,0x00,0x00,0x00,0x00,0x00,0x00,0x00,0xac,0xff,0xff,0xff,0xb6,0x00,0x00,0x00,
  0x07,0xfa,0xff,0xff,0xff,0x7f,0x00,0x00,0x00,0x00,0x00,0x00,0x00,0x00,0xe1,0xff,0xff,0xff,0x82,0x00,0x00,0x00,0x36,0xff,
  0xff,0xff,0xff,0x4a,0x00,0x00,0xa4,0xff,0xff,0xff,0xff,0xff,0xff,0xff,0xff,0xff,0xff,0xff,0xff,0xff,0xff,0xff,0xff,0xff,
  0xff,0xff,0xff,0xc8,0xa4,0xff,0xff,0xff,0xff,0xff,0xff,0xff,0xff,0xff,0xff,0xff,0xff,0xff,0xff,0xff,0xff,0xff,0xff,0xff,
  0xff,0xc8,0xa4,0xff,0xff,0xff,0xff,0xff,0xff,0xff,0xff,0xff,0xff,0xff,0xff,0xff,0xff,0xff,0xff,0xff,0xff,0xff,0xff,0xc8,
  0xa4,0xff,0xff,0xff,0xff,0xff,0xff,0xff,0xff,0xff,0xff,0xff,0xff,0xff,0xff,0xff,0xff,0xff,0xff,0xff,0xff,0xc8,0x00,0x00,
  0x00,0x00,0x00,0xea,0xff,0xff,0xff,0x79,0x00,0x00,0x00,0x37,0xff,0xff,0xff,0xff,0x40,0x00,0x00,0x00,0x00,0x00,0x00,0x00,
  0x1f,0xff,0xff,0xff,0xff,0x44,0x00,0x00,0x00,0x6b,0xff,0xff,0xff,0xfd,0x0d,0x00,0x00,0x00,0x00,0x00,0x00,0x00,0x54,0xff,
  0xff,0xff,0xfe,0x11,0x00,0x00,0x00,0x9f,0xff,0xff,0xff,0xd6,0x00,0x00,0x00,0x00,0x00,0x00,0x00,0x00,0x89,0xff,0xff,0xff,
  0xdb,0x00,0x00,0x00,0x00,0xd3,0xff,0xff,0xff,0xa0,0x00,0x00,0x00,0x00,0x00,0x00,0x00,0x00,0xbd,0xff,0xff,0xff,0xa6,0x00,
  0x00,0x00,0x0a,0xfc,0xff,0xff,0xff,0x6b,0x00,0x00,0x00,0x00,0x00,0x00,0x00,0x01,0xf0,0xff,0xff,0xff,0x72,0x00,0x00,0x00,
  0x3a,0xff,0xff,0xff,0xff,0x36,0x00,0x00,0x00,0x00,0xa4,0xff,0xff,0xff,0xff,0xff,0xff,0xff,0xff,0xff,0xff,0xff,0xff,0xff,
  0xff,0xff,0xff,0xff,0xff,0xff,0xff,0xc8,0xa4,0xff,0xff,0xff,0xff,0xff,0xff,0xff,0xff,0xff,0xff,0xff,0xff,0xff,0xff,0xff,
  0xff,0xff,0xff,0xff,0xff,0xc8,0xa4,0xff,0xff,0xff,0xff,0xff,0xff,0xff,0xff,0xff,0xff,0xff,0xff,0xff,0xff,0xff,0xff,0xff,
  0xff,0xff,0xff,0xc8,0xa4,0xff,0xff,0xff,0xff,0xff,0xff,0xff,0xff,0xff,0xff,0xff,0xff,0xff,0xff,0xff,0xff,0xff,0xff,0xff,
  0xff,0xc8,0x00,0x00,0x04,0xf6,0xff,0xff,0xff,0x69,0x00,0x00,0x00,0x3e,0xff,0xff,0xff,0xff,0x28,0x00,0x00,0x00,0x00,0x00,
  0x00,0x00,0x30,0xff,0xff,0xff,0xff,0x34,0x00,0x00,0x00,0x72,0xff,0xff,0xff,0xf2,0x01,0x00,0x00,0x00,0x00,0x00,0x00,0x00,
  0x65,0xff,0xff,0xff,0xf9,0x06,0x00,0x00,0x00,0xa5,0xff,0xff,0xff,0xbe,0x00,0x00,0x00,0x00,0x00,0x00,0x00,0x00,0x9a,0xff,
  0xff,0xff,0xcb,0x00,0x00,0x00,0x00,0xd9,0xff,0xff,0xff,0x89,0x00,0x00,0x00,0x00,0x00,0x00,0x00,0x00,0xcf,0xff,0xff,0xff,
  0x97,0x00,0x00,0x00,0x0d,0xfe,0xff,0xff,0xff,0x54,0x00,0x00,0x00,0x00,0x00,0x00,0x00,0x08,0xfb,0xff,0xff,0xff,0x62,0x00,
  0x00,0x00,0x40,0xff,0xff,0xff,0xff,0x1f,0x00,0x00,0x00,0x00,0x00,0x00,0x00,0x39,0xff,0xff,0xff,0xff,0x2e,0x00,0x00,0x00,
  0x73,0xff,0xff,0xff,0xea,0x00,0x00,0x00,0x00,0x00,0x00,0x00,0x00,0x6e,0xff,0xff,0xff,0xf6,0x03,0x00,0x00,0x00,0xa6,0xff,
  0xff,0xff,0xb6,0x00,0x00,0x00,0x00,0x00,0x00,0x00,0x00,0x00,0x00,0x00,0x00,0x00,0x00,0x00,0x00,0x74,0xff,0xff,0x64,0x00,
  0x00,0x00,0x00,0x00,0x00,0x00,0x00,0x00,0x00,0x00,0x00,0x00,0x00,0x00,0x00,0x00,0x00,0x74,0xff,0xff,0x64,0x00,0x00,0x00,
  0x00,0x00,0x00,0x00,0x00,0x00,0x00,0x00,0x00,0x00,0x00,0x00,0x25,0x86,0xcb,0xf8,0xff,0xff,0xf5,0xc4,0x76,0x16,0x00,0x00,
  0x00,0x00,0x00,0x00,0x00,0x00,0x00,0x00,0x04,0x8c,0xfb,0xff,0xff,0xff,0xff,0xff,0xff,0xff,0xff,0xf2,0x6a,0x00,0x00,0x00,
  0x00,0x00,0x00,0x00,0x00,0x05,0xb7,0xff,0xff,0xff,0xff,0xff,0xff,0xff,0xff,0xff,0xff,0xff,0xff,0x88,0x00,0x00,0x00,0x00,
  0x00,0x00,0x00,0x8d,0xff,0xff,0xff,0xff,0xff,0xff,0xff,0xff,0xff,0xff,0xff,0xff,0xff,0xff,0x52,0x00,0x00,0x00,0x00,0x00,
  0x21,0xfb,0xff,0xff,0xff,0xff,0xff,0xff,0xff,0xff,0xff,0xff,0xff,0xff,0xff,0xff,0xdf,0x02,0x00,0x00,0x00,0x00,0x7e,0xff,
  0xff,0xff,0xff,0xff,0x86,0x84,0xff,0xff,0x7e,0xb7,0xff,0xff,0xff,0xff,0xff,0x47,0x00,0x00,0x00,0x00,0xb8,0xff,0xff,0xff,
  0xff,0x8c,0x00,0x74,0xff,0xff,0x64,0x06,0xd8,0xff,0xff,0xff,0xff,0x8c,0x00,0x00,0x00,0x00,0xd0,0xff,0xff,0xff,0xff,0x22,
  0x00,0x74,0xff,0xff,0x64,0x00,0x6a,0xd9,0xa5,0x71,0x3d,0x0b,0x00,0x00,0x00,0x00,0xcc,0xff,0xff,0xff,0xff,0x19,0x00,0x74,
  0xff,0xff,0x64,0x00,0x00,0x00,0x00,0x00,0x00,0x00,0x00,0x00,0x00,0x00,0xb0,0xff,0xff,0xff,0xff,0x72,0x00,0x74,0xff,0xff,
  0x64,0x00,0x00,0x00,0x00,0x00,0x00,0x00,0x00,0x00,0x00,0x00,0x74,0xff,0xff,0xff,0xff,0xf9,0x5f,0x75,0xff,0xff,0x64,0x00,
  0x00,0x00,0x00,0x00,0x00,0x00,0x00,0x00,0x00,0x00,0x19,0xfa,0xff,0xff,0xff,0xff,0xff,0xf4,0xff,0xff,0x64,0x00,0x00,0x00,
  0x00,0x00,0x00,0x00,0x00,0x00,0x00,0x00,0x00,0x87,0xff,0xff,0xff,0xff,0xff,0xff,0xff,0xff,0xe3,0x92,0x43,0x01,0x00,0x00,
  0x00,0x00,0x00,0x00,0x00,0x00,0x00,0x06,0xb9,0xff,0xff,0xff,0xff,0xff,0xff,0xff,0xff,0xff,0xff,0xdc,0x69,0x03,0x00,0x00,
  0x00,0x00,0x00,0x00,0x00,0x00,0x08,0x96,0xfe,0xff,0xff,0xff,0xff,0xff,0xff,0xff,0xff,0xff,0xff,0xce,0x1c,0x00,0x00,0x00,
  0x00,0x00,0x00,0x00,0x00,0x00,0x35,0xaf,0xfb,0xff,0xff,0xff,0xff,0xff,0xff,0xff,0xff,0xff,0xe0,0x11,0x00,0x00,0x00,0x00,
  0x00,0x00,0x00,0x00,0x00,0x00,0x12,0x9e,0xff,0xff,0xff,0xff,0xff,0xff,0xff,0xff,0xff,0x99,0x00,0x00,0x00,0x00,0x00,0x00,
  0x00,0x00,0x00,0x00,0x00,0x74,0xff,0xff,0x91,0x9b,0xfb,0xff,0xff,0xff,0xff,0xf8,0x10,0x00,0x00,0x00,0x00,0x00,0x00,0x00,
  0x00,0x00,0x00,0x74,0xff,0xff,0x64,0x00,0x40,0xf9,0xff,0xff,0xff,0xff,0x4a,0x00,0x00,0x00,0x00,0x00,0x00,0x00,0x00,0x00,
  0x00,0x74,0xff,0xff,0x64,0x00,0x00,0x90,0xff,0xff,0xff,0xff,0x6a,0x00,0x00,0x09,0x38,0x6a,0x9c,0xcf,0x9c,0x00,0x00,0x74,
  0xff,0xff,0x64,0x00,0x00,0x5c,0xff,0xff,0xff,0xff,0x70,0x00,0x00,0x84,0xff,0xff,0xff,0xff,0xf2,0x16,0x00,0x74,0xff,0xff,
  0x64,0x00,0x00,0x79,0xff,0xff,0xff,0xff,0x5b,0x00,0x00,0x47,0xff,0xff,0xff,0xff,0xff,0xaf,0x03,0x74,0xff,0xff,0x64,0x00,
  0x0b,0xe0,0xff,0xff,0xff,0xff,0x28,0x00,0x00,0x05,0xe9,0xff,0xff,0xff,0xff,0xff,0xaf,0x8b,0xff,0xff,0x6c,0x3b,0xca,0xff,
  0xff,0xff,0xff,0xd6,0x00,0x00,0x00,0x00,0x79,0xff,0xff,0xff,0xff,0xff,0xff,0xff,0xff,0xff,0xff,0xff,0xff,0xff,0xff,0xff,
  0xff,0x59,0x00,0x00,0x00,0x00,0x07,0xd1,0xff,0xff,0xff,0xff,0xff,0xff,0xff,0xff,0xff,0xff,0xff,0xff,0xff,0xff,0xa8,0x00,
  0x00,0x00,0x00,0x00,0x00,0x1b,0xd9,0xff,0xff,0xff,0xff,0xff,0xff,0xff,0xff,0xff,0xff,0xff,0xff,0xad,0x07,0x00,0x00,0x00,
  0x00,0x00,0x00,0x00,0x0e,0x9d,0xfd,0xff,0xff,0xff,0xff,0xff,0xff,0xff,0xff,0xee,0x6a,0x02,0x00,0x00,0x00,0x00,0x00,0x00,
  0x00,0x00,0x00,0x00,0x26,0x84,0xca,0xf8,0xff,0xff,0xf3,0xb7,0x66,0x0b,0x00,0x00,0x00,0x00,0x00,0x00,0x00,0x00,0x00,0x00,
  0x00,0x00,0x00,0x00,0x00,0x74,0xff,0xff,0x64,0x00,0x00,0x00,0x00,0x00,0x00,0x00,0x00,0x00,0x00,0x00,0x00,0x00,0x00,0x00,
  0x00,0x00,0x00,0x74,0xff,0xff,0x64,0x00,0x00,0x00,0x00,0x00,0x00,0x00,0x00,0x00,0x00,0x00,0x00,0x00,0x00,0x00,0x00,0x00,
  0x00,0x74,0xff,0xff,0x64,0x00,0x00,0x00,0x00,0x00,0x00,0x00,0x00,0x00,0x00,0x00,0x00,0x00,0x00,0x00,0x00,0x00,0x00,0x74,
  0xff,0xff,0x64,0x00,0x00,0x00,0x00,0x00,0x00,0x00,0x00,0x00,0x00,0x00,0x00,0x00,0x17,0x8a,0xd5,0xf4,0xf5,0xd7,0x93,0x20,
  0x00,0x00,0x00,0x00,0x00,0x00,0x00,0x00,0x00,0x00,0x04,0xdc,0xff,0xff,0xf8,0x1b,0x00,0x00,0x00,0x00,0x00,0x00,0x00,0x00,
  0x00,0x00,0x00,0x3e,0xef,0xff,0xff,0xff,0xff,0xff,0xff,0xf7,0x54,0x00,0x00,0x00,0x00,0x00,0x00,0x00,0x00,0x00,0x64,0xff,
  0xff,0xff,0x91,0x00,0x00,0x00,0x00,0x00,0x00,0x00,0x00,0x00,0x00,0x00,0x1b,0xee,0xff,0xff,0xff,0xff,0xff,0xff,0xff,0xff,
  0xf9,0x2f,0x00,0x00,0x00,0x00,0x00,0x00,0x00,0x05,0xdf,0xff,0xff,0xf7,0x19,0x00,0x00,0x00,0x00,0x00,0x00,0x00,0x00,0x00,
  0x00,0x00,0x91,0xff,0xff,0xff,0xd3,0x23,0x21,0xd1,0xff,0xff,0xff,0xae,0x00,0x00,0x00,0x00,0x00,0x00,0x00,0x68,0xff,0xff,
  0xff,0x8f,0x00,0x00,0x00,0x00,0x00,0x00,0x00,0x00,0x00,0x00,0x00,0x00,0xe7,0xff,0xff,0xff,0x56,0x00,0x00,0x52,0xff,0xff,
  0xff,0xfb,0x09,0x00,0x00,0x00,0x00,0x00,0x06,0xe2,0xff,0xff,0xf6,0x18,0x00,0x00,0x00,0x00,0x00,0x00,0x00,0x00,0x00,0x00,
  0x00,0x1c,0xff,0xff,0xff,0xff,0x22,0x00,0x00,0x1e,0xff,0xff,0xff,0xff,0x38,0x00,0x00,0x00,0x00,0x00,0x6c,0xff,0xff,0xff,
  0x8c,0x00,0x00,0x00,0x00,0x00,0x00,0x00,0x00,0x00,0x00,0x00,0x00,0x35,0xff,0xff,0xff,0xff,0x0b,0x00,0x00,0x08,0xff,0xff,
  0xff,0xff,0x50,0x00,0x00,0x00,0x00,0x08,0xe5,0xff,0xff,0xf5,0x16,0x00,0x00,0x00,0x00,0x00,0x00,0x00,0x00,0x00,0x00,0x00,
  0x00,0x40,0xff,0xff,0xff,0xff,0x05,0x00,0x00,0x02,0xff,0xff,0xff,0xff,0x5c,0x00,0x00,0x00,0x00,0x70,0xff,0xff,0xff,0x8a,
  0x00,0x00,0x00,0x00,0x00,0x00,0x00,0x00,0x00,0x00,0x00,0x00,0x00,0x35,0xff,0xff,0xff,0xff,0x0b,0x00,0x00,0x08,0xff,0xff,
  0xff,0xff,0x50,0x00,0x00,0x00,0x0a,0xe8,0xff,0xff,0xf4,0x15,0x00,0x00,0x00,0x00,0x00,0x00,0x00,0x00,0x00,0x00,0x00,0x00,
  0x00,0x1d,0xff,0xff,0xff,0xff,0x22,0x00,0x00,0x1e,0xff,0xff,0xff,0xff,0x37,0x00,0x00,0x00,0x75,0xff,0xff,0xff,0x88,0x00,
  0x00,0x00,0x00,0x00,0x00,0x00,0x00,0x00,0x00,0x00,0x00,0x00,0x00,0x00,0xe9,0xff,0xff,0xff,0x56,0x00,0x00,0x51,0xff,0xff,
  0xff,0xfa,0x09,0x00,0x00,0x0b,0xea,0xff,0xff,0xf3,0x13,0x00,0x00,0x00,0x00,0x00,0x00,0x00,0x00,0x00,0x00,0x00,0x00,0x00,
  0x00,0x00,0x93,0xff,0xff,0xff,0xd2,0x22,0x1f,0xce,0xff,0xff,0xff,0xac,0x00,0x00,0x00,0x79,0xff,0xff,0xff,0x85,0x00,0x00,
  0x00,0x00,0x00,0x00,0x00,0x00,0x00,0x00,0x00,0x00,0x00,0x00,0x00,0x00,0x1d,0xf0,0xff,0xff,0xff,0xff,0xff,0xff,0xff,0xff,
  0xf8,0x2d,0x00,0x00,0x0d,0xec,0xff,0xff,0xf2,0x12,0x00,0x00,0x00,0x00,0x00,0x00,0x00,0x00,0x00,0x00,0x00,0x00,0x00,0x00,
  0x00,0x00,0x00,0x41,0xf0,0xff,0xff,0xff,0xff,0xff,0xff,0xf7,0x52,0x00,0x00,0x00,0x7d,0xff,0xff,0xff,0x83,0x00,0x00,0x00,
  0x00,0x00,0x00,0x00,0x00,0x00,0x00,0x00,0x00,0x00,0x00,0x00,0x00,0x00,0x00,0x00,0x18,0x89,0xd3,0xf4,0xf7,0xdb,0x95,0x21,
  0x00,0x00,0x00,0x0f,0xef,0xff,0xff,0xf0,0x11,0x00,0x00,0x00,0x00,0x00,0x00,0x00,0x00,0x00,0x00,0x00,0x00,0x00,0x00,0x00,
  0x00,0x00,0x00,0x00,0x00,0x00,0x00,0x00,0x00,0x00,0x00,0x00,0x00,0x00,0x00,0x82,0xff,0xff,0xff,0x80,0x00,0x00,0x00,0x04,
  0x65,0xbf,0xed,0xfa,0xe5,0xac,0x44,0x00,0x00,0x00,0x00,0x00,0x00,0x00,0x00,0x00,0x00,0x00,0x00,0x00,0x00,0x00,0x00,0x00,
  0x00,0x00,0x12,0xf1,0xff,0xff,0xef,0x10,0x00,0x00,0x13,0xc6,0xff,0xff,0xff,0xff,0xff,0xff,0xff,0x96,0x02,0x00,0x00,0x00,
  0x00,0x00,0x00,0x00,0x00,0x00,0x00,0x00,0x00,0x00,0x00,0x00,0x00,0x00,0x86,0xff,0xff,0xff,0x7e,0x00,0x00,0x00,0xb6,0xff,
  0xff,0xff,0xff,0xff,0xff,0xff,0xff,0xff,0x76,0x00,0x00,0x00,0x00,0x00,0x00,0x00,0x00,0x00,0x00,0x00,0x00,0x00,0x00,0x00,
  0x00,0x14,0xf3,0xff,0xff,0xee,0x0f,0x00,0x00,0x3e,0xff,0xff,0xff,0xf8,0x49,0x10,0x90,0xff,0xff,0xff,0xf1,0x0b,0x00,0x00,
  0x00,0x00,0x00,0x00,0x00,0x00,0x00,0x00,0x00,0x00,0x00,0x00,0x00,0x8a,0xff,0xff,0xff,0x7c,0x00,0x00,0x00,0x94,0xff,0xff,
  0xff,0xa6,0x00,0x00,0x09,0xf7,0xff,0xff,0xff,0x54,0x00,0x00,0x00,0x00,0x00,0x00,0x00,0x00,0x00,0x00,0x00,0x00,0x00,0x00,
  0x16,0xf5,0xff,0xff,0xed,0x0d,0x00,0x00,0x00,0xc8,0xff,0xff,0xff,0x72,0x00,0x00,0x00,0xce,0xff,0xff,0xff,0x88,0x00,0x00,
  0x00,0x00,0x00,0x00,0x00,0x00,0x00,0x00,0x00,0x00,0x00,0x00,0x8e,0xff,0xff,0xff,0x79,0x00,0x00,0x00,0x00,0xe1,0xff,0xff,
  0xff,0x5b,0x00,0x00,0x00,0xb8,0xff,0xff,0xff,0xa0,0x00,0x00,0x00,0x00,0x00,0x00,0x00,0x00,0x00,0x00,0x00,0x00,0x00,0x19,
  0xf6,0xff,0xff,0xec,0x0c,0x00,0x00,0x00,0x00,0xec,0xff,0xff,0xff,0x55,0x00,0x00,0x00,0xb2,0xff,0xff,0xff,0xac,0x00,0x00,
  0x00,0x00,0x00,0x00,0x00,0x00,0x00,0x00,0x00,0x00,0x00,0x93,0xff,0xff,0xff,0x77,0x00,0x00,0x00,0x00,0x00,0xe1,0xff,0xff,
  0xff,0x5b,0x00,0x00,0x00,0xb9,0xff,0xff,0xff,0xa0,0x00,0x00,0x00,0x00,0x00,0x00,0x00,0x00,0x00,0x00,0x00,0x00,0x1c,0xf8,
  0xff,0xff,0xea,0x0b,0x00,0x00,0x00,0x00,0x00,0xc8,0xff,0xff,0xff,0x72,0x00,0x00,0x00,0xcf,0xff,0xff,0xff,0x87,0x00,0x00,
  0x00,0x00,0x00,0x00,0x00,0x00,0x00,0x00,0x00,0x00,0x97,0xff,0xff,0xff,0x74,0x00,0x00,0x00,0x00,0x00,0x00,0x94,0xff,0xff,
  0xff,0xa7,0x00,0x00,0x0a,0xf8,0xff,0xff,0xff,0x54,0x00,0x00,0x00,0x00,0x00,0x00,0x00,0x00,0x00,0x00,0x00,0x1e,0xf9,0xff,
  0xff,0xe9,0x0a,0x00,0x00,0x00,0x00,0x00,0x00,0x3f,0xff,0xff,0xff,0xf9,0x4e,0x10,0x93,0xff,0xff,0xff,0xf2,0x0c,0x00,0x00,
  0x00,0x00,0x00,0x00,0x00,0x00,0x00,0x00,0x00,0x9b,0xff,0xff,0xff,0x72,0x00,0x00,0x00,0x00,0x00,0x00,0x00,0x00,0xb8,0xff,
  0xff,0xff,0xff,0xff,0xff,0xff,0xff,0xff,0x78,0x00,0x00,0x00,0x00,0x00,0x00,0x00,0x00,0x00,0x00,0x00,0x21,0xfa,0xff,0xff,
  0xe7,0x09,0x00,0x00,0x00,0x00,0x00,0x00,0x00,0x00,0x14,0xc9,0xff,0xff,0xff,0xff,0xff,0xff,0xff,0x9b,0x02,0x00,0x00,0x00,
  0x00,0x00,0x00,0x00,0x00,0x00,0x00,0x00,0x9f,0xff,0xff,0xff,0x70,0x00,0x00,0x00,0x00,0x00,0x00,0x00,0x00,0x00,0x00,0x05,
  0x66,0xbf,0xed,0xfa,0xe8,0xb0,0x48,0x00,0x00,0x00,0x00,0x00,0x00,0x00,0x00,0x00,0x00,0x00,0x00,0x00,0x06,0x5b,0xa9,0xdc,
  0xf2,0xfb,0xeb,0xca,0x8d,0x29,0x00,0x00,0x00,0x00,0x00,0x00,0x00,0x00,0x00,0x00,0x00,0x00,0x00,0x00,0x00,0x00,0x00,0x00,
  0x3b,0xde,0xff,0xff,0xff,0xff,0xff,0xff,0xff,0xff,0xfe,0x94,0x07,0x00,0x00,0x00,0x00,0x00,0x00,0x00,0x00,0x00,0x00,0x00,
  0x00,0x00,0x00,0x00,0x3e,0xf6,0xff,0xff,0xff,0xff,0xff,0xff,0xff,0xff,0xff,0xff,0xff,0xb2,0x03,0x00,0x00,0x00,0x00,0x00,
  0x00,0x00,0x00,0x00,0x00,0x00,0x00,0x00,0x09,0xe1,0xff,0xff,0xff,0xff,0xff,0xff,0xff,0xff,0xff,0xff,0xff,0xff,0xff,0x6e,
  0x00,0x00,0x00,0x00,0x00,0x00,0x00,0x00,0x00,0x00,0x00,0x00,0x00,0x59,0xff,0xff,0xff,0xff,0xff,0xac,0x29,0x09,0x2c,0xb1,
  0xff,0xff,0xff,0xff,0xe2,0x01,0x00,0x00,0x00,0x00,0x00,0x00,0x00,0x00,0x00,0x00,0x00,0x00,0x91,0xff,0xff,0xff,0xff,0xde,
  0x04,0x00,0x00,0x00,0x05,0xd8,0xff,0xff,0xff,0xff,0x24,0x00,0x00,0x00,0x00,0x00,0x00,0x00,0x00,0x00,0x00,0x00,0x00,0x9a,
  0xff,0xff,0xff,0xff,0xc5,0x00,0x00,0x00,0x00,0x00,0xa0,0xff,0xff,0xff,0xff,0x39,0x00,0x00,0x00,0x00,0x00,0x00,0x00,0x00,
  0x00,0x00,0x00,0x00,0x78,0xff,0xff,0xff,0xff,0xfd,0x2e,0x00,0x00,0x00,0x05,0xda,0xff,0xff,0xff,0xff,0x24,0x00,0x00,0x00,
  0x00,0x00,0x00,0x00,0x00,0x00,0x00,0x00,0x00,0x2a,0xff,0xff,0xff,0xff,0xff,0xd6,0x0e,0x00,0x05,0xa5,0xff,0xff,0xff,0xff,
  0xdd,0x00,0x00,0x00,0x00,0x00,0x00,0x00,0x00,0x00,0x00,0x00,0x00,0x00,0x00,0xbd,0xff,0xff,0xff,0xff,0xff,0xbb,0x21,0xc4,
  0xff,0xff,0xff,0xff,0xff,0x63,0x00,0x00,0x00,0x00,0x00,0x00,0x00,0x00,0x00,0x00,0x00,0x00,0x00,0x00,0x2f,0xfc,0xff,0xff,
  0xff,0xff,0xff,0xfb,0xff,0xff,0xff,0xff,0xff,0xa4,0x00,0x00,0x00,0x00,0x00,0x00,0x00,0x00,0x00,0x00,0x00,0x00,0x00,0x00,
  0x00,0x00,0x7d,0xff,0xff,0xff,0xff,0xff,0xff,0xff,0xff,0xff,0xff,0x98,0x03,0x00,0x00,0x00,0x00,0x00,0x00,0x00,0x00,0x00,
  0x00,0x00,0x00,0x00,0x00,0x00,0x00,0x17,0xea,0xff,0xff,0xff,0xff,0xff,0xff,0xff,0xf0,0x5d,0x00,0x00,0x00,0x00,0x00,0x00,
  0x00,0x00,0x00,0x00,0x00,0x00,0x00,0x00,0x00,0x00,0x02,0x73,0xf2,0xff,0xff,0xff,0xff,0xff,0xff,0xff,0xff,0x48,0x00,0x00,
  0x00,0x00,0x00,0x00,0x00,0x00,0x00,0x00,0x00,0x00,0x00,0x00,0x00,0x00,0x14,0xc2,0xff,0xff,0xff,0xff,0xff,0xff,0xff,0xff,
  0xff,0xff,0xd8,0x0d,0x00,0x00,0x00,0x00,0x00,0x00,0x00,0x00,0x00,0x00,0x00,0x00,0x00,0x00,0x16,0xda,0xff,0xff,0xff,0xff,
  0xff,0xff,0xff,0xff,0xff,0xff,0xff,0xff,0xa8,0x00,0x00,0x00,0x75,0x54,0x1b,0x00,0x00,0x00,0x00,0x00,0x00,0x00,0x02,0xc3,
  0xff,0xff,0xff,0xff,0xff,0xf3,0x6f,0x75,0xff,0xff,0xff,0xff,0xff,0xff,0x6b,0x00,0x1e,0xff,0xff,0xff,0xe3,0xaa,0x0f,0x00,
  0x00,0x00,0x00,0x63,0xff,0xff,0xff,0xff,0xff,0xeb,0x2b,0x00,0x00,0xa1,0xff,0xff,0xff,0xff,0xff,0xf9,0x35,0x7b,0xff,0xff,
  0xff,0xff,0xe3,0x00,0x00,0x00,0x00,0x00,0xd0,0xff,0xff,0xff,0xff,0xff,0x3e,0x00,0x00,0x00,0x07,0xc8,0xff,0xff,0xff,0xff,
  0xff,0xdf,0xe8,0xff,0xff,0xff,0xff,0x93,0x00,0x00,0x00,0x00,0x14,0xff,0xff,0xff,0xff,0xff,0xb8,0x00,0x00,0x00,0x00,0x00,
  0x1a,0xe5,0xff,0xff,0xff,0xff,0xff,0xff,0xff,0xff,0xff,0xff,0x39,0x00,0x00,0x00,0x00,0x32,0xff,0xff,0xff,0xff,0xff,0x7a,
  0x00,0x00,0x00,0x00,0x00,0x00,0x36,0xf7,0xff,0xff,0xff,0xff,0xff,0xff,0xff,0xff,0xcb,0x00,0x00,0x00,0x00,0x00,0x30,0xff,
  0xff,0xff,0xff,0xff,0x6e,0x00,0x00,0x00,0x00,0x00,0x00,0x00,0x5d,0xff,0xff,0xff,0xff,0xff,0xff,0xff,0xff,0x43,0x00,0x00,
  0x00,0x00,0x00,0x10,0xfd,0xff,0xff,0xff,0xff,0xa9,0x00,0x00,0x00,0x00,0x00,0x00,0x00,0x00,0x92,0xff,0xff,0xff,0xff,0xff,
  0xff,0xeb,0x21,0x00,0x00,0x00,0x00,0x00,0x00,0xc3,0xff,0xff,0xff,0xff,0xfc,0x3e,0x00,0x00,0x00,0x00,0x00,0x00,0x43,0xe6,
  0xff,0xff,0xff,0xff,0xff,0xff,0xff,0xeb,0x4a,0x00,0x00,0x00,0x00,0x00,0x4b,0xff,0xff,0xff,0xff,0xff,0xf6,0x79,0x21,0x05,
  0x15,0x4c,0xb1,0xff,0xff,0xff,0xff,0xff,0xff,0xff,0xff,0xff,0xff,0xfe,0x96,0x0d,0x00,0x00,0x00,0x00,0xa0,0xff,0xff,0xff,
  0xff,0xff,0xff,0xff,0xff,0xff,0xff,0xff,0xff,0xff,0xff,0xff,0xff,0xff,0xff,0xff,0xff,0xff,0xff,0xff,0xde,0x0c,0x00,0x00,
  0x00,0x07,0xa5,0xff,0xff,0xff,0xff,0xff,0xff,0xff,0xff,0xff,0xff,0xff,0xff,0xff,0xff,0xca,0x86,0xfa,0xff,0xff,0xff,0xff,
  0xfa,0x4c,0x00,0x00,0x00,0x00,0x00,0x00,0x6a,0xe6,0xff,0xff,0xff,0xff,0xff,0xff,0xff,0xff,0xff,0xff,0xe6,0x73,0x03,0x00,
  0x2e,0xcc,0xff,0xff,0xfd,0x58,0x00,0x00,0x00,0x00,0x00,0x00,0x00,0x00,0x08,0x58,0x9a,0xd1,0xe7,0xf8,0xf6,0xe5,0xcd,0x96,
  0x55,0x05,0x00,0x00,0x00,0x00,0x01,0x50,0xca,0x65,0x00,0x00,0x00,0x00,0x34,0xff,0xff,0xff,0xff,0xff,0xc8,0x00,0x00,0x00,
  0x34,0xff,0xff,0xff,0xff,0xff,0xc8,0x00,0x00,0x00,0x34,0xff,0xff,0xff,0xff,0xff,0xc8,0x00,0x00,0x00,0x34,0xff,0xff,0xff,
  0xff,0xff,0xc8,0x00,0x00,0x00,0x32,0xff,0xff,0xff,0xff,0xff,0xc6,0x00,0x00,0x00,0x10,0xfe,0xff,0xff,0xff,0xff,0xa7,0x00,
  0x00,0x00,0x00,0xdd,0xff,0xff,0xff,0xff,0x7a,0x00,0x00,0x00,0x00,0xaa,0xff,0xff,0xff,0xff,0x4e,0x00,0x00,0x00,0x00,0x78,
  0xff,0xff,0xff,0xff,0x22,0x00,0x00,0x00,0x00,0x45,0xff,0xff,0xff,0xf4,0x01,0x00,0x00,0x00,0x00,0x00,0x00,0x00,0x00,0x00,
  0x00,0x00,0x00,0x00,0x00,0x00,0x00,0x00,0x00,0x00,0x00,0x00,0x00,0x00,0x00,0x00,0x00,0x00,0x00,0x00,0x00,0x00,0x00,0x00,
  0x00,0x00,0x00,0x00,0x00,0x00,0x00,0x00,0x00,0x00,0x00,0x00,0x00,0x00,0x00,0x00,0x00,0x00,0x00,0x00,0x00,0x00,0x00,0x00,
  0x00,0x00,0x00,0x00,0x00,0x00,0x00,0x00,0x00,0x00,0x00,0x00,0x00,0x00,0x00,0x00,0x00,0x00,0x00,0x00,0x00,0x00,0x00,0x00,
  0x00,0x00,0x00,0x00,0x00,0x00,0x00,0x00,0x00,0x00,0x00,0x00,0x00,0x00,0x00,0x00,0x00,0x00,0x00,0x00,0x00,0x00,0x00,0x00,
  0x00,0x00,0x00,0x00,0x00,0x00,0x00,0x00,0x00,0x00,0x00,0x00,0x00,0x00,0x00,0x00,0x00,0x00,0x00,0x00,0x00,0x00,0x00,0x00,
  0x00,0x00,0x00,0x00,0x00,0x00,0x00,0x00,0x00,0x00,0x00,0x00,0x00,0x00,0x00,0x00,0x00,0x00,0x00,0x00,0x00,0x00,0x00,0x00,
  0x00,0x00,0x00,0x00,0x00,0x00,0x00,0x00,0x00,0x00,0x00,0x00,0x00,0x00,0x00,0x00,0x00,0x00,0x00,0x00,0x00,0x00,0x00,0x00,
  0x00,0x00,0x00,0x00,0x00,0x00,0x00,0x00,0x00,0x00,0x00,0x00,0x00,0x00,0x00,0x00,0x00,0x00,0x00,0x00,0x00,0x00,0x17,0xef,
  0xff,0xff,0xcf,0x00,0x00,0x00,0x00,0x00,0x00,0x00,0x00,0xa6,0xff,0xff,0xff,0x5e,0x00,0x00,0x00,0x00,0x00,0x00,0x00,0x43,
  0xff,0xff,0xff,0xe8,0x06,0x00,0x00,0x00,0x00,0x00,0x00,0x06,0xda,0xff,0xff,0xff,0x85,0x00,0x00,0x00,0x00,0x00,0x00,0x00,
  0x63,0xff,0xff,0xff,0xfe,0x22,0x00,0x00,0x00,0x00,0x00,0x00,0x01,0xd6,0xff,0xff,0xff,0xbd,0x00,0x00,0x00,0x00,0x00,0x00,
  0x00,0x4e,0xff,0xff,0xff,0xff,0x64,0x00,0x00,0x00,0x00,0x00,0x00,0x00,0xc3,0xff,0xff,0xff,0xfa,0x11,0x00,0x00,0x00,0x00,
  0x00,0x00,0x27,0xff,0xff,0xff,0xff,0xbe,0x00,0x00,0x00,0x00,0x00,0x00,0x00,0x7e,0xff,0xff,0xff,0xff,0x76,0x00,0x00,0x00,
  0x00,0x00,0x00,0x00,0xcf,0xff,0xff,0xff,0xff,0x3d,0x00,0x00,0x00,0x00,0x00,0x00,0x10,0xfe,0xff,0xff,0xff,0xff,0x10,0x00,
  0x00,0x00,0x00,0x00,0x00,0x4a,0xff,0xff,0xff,0xff,0xe2,0x00,0x00,0x00,0x00,0x00,0x00,0x00,0x7b,0xff,0xff,0xff,0xff,0xb4,
  0x00,0x00,0x00,0x00,0x00,0x00,0x00,0x9e,0xff,0xff,0xff,0xff,0x92,0x00,0x00,0x00,0x00,0x00,0x00,0x00,0xc0,0xff,0xff,0xff,
  0xff,0x84,0x00,0x00,0x00,0x00,0x00,0x00,0x00,0xd2,0xff,0xff,0xff,0xff,0x75,0x00,0x00,0x00,0x00,0x00,0x00,0x00,0xdd,0xff,
  0xff,0xff,0xff,0x67,0x00,0x00,0x00,0x00,0x00,0x00,0x00,0xe5,0xff,0xff,0xff,0xff,0x5b,0x00,0x00,0x00,0x00,0x00,0x00,0x00,
  0xdd,0xff,0xff,0xff,0xff,0x62,0x00,0x00,0x00,0x00,0x00,0x00,0x00,0xd1,0xff,0xff,0xff,0xff,0x6e,0x00,0x00,0x00,0x00,0x00,
  0x00,0x00,0xb7,0xff,0xff,0xff,0xff,0x7a,0x00,0x00,0x00,0x00,0x00,0x00,0x00,0x96,0xff,0xff,0xff,0xff,0x96,0x00,0x00,0x00,
  0x00,0x00,0x00,0x00,0x6c,0xff,0xff,0xff,0xff,0xb9,0x00,0x00,0x00,0x00,0x00,0x00,0x00,0x37,0xff,0xff,0xff,0xff,0xdb,0x00,
  0x00,0x00,0x00,0x00,0x00,0x00,0x07,0xf6,0xff,0xff,0xff,0xfc,0x0b,0x00,0x00,0x00,0x00,0x00,0x00,0x00,0xb5,0xff,0xff,0xff,
  0xff,0x3f,0x00,0x00,0x00,0x00,0x00,0x00,0x00,0x6b,0xff,0xff,0xff,0xff,0x77,0x00,0x00,0x00,0x00,0x00,0x00,0x00,0x17,0xfc,
  0xff,0xff,0xff,0xb4,0x00,0x00,0x00,0x00,0x00,0x00,0x00,0x00,0xb6,0xff,0xff,0xff,0xf6,0x09,0x00,0x00,0x00,0x00,0x00,0x00,
  0x00,0x50,0xff,0xff,0xff,0xff,0x4d,0x00,0x00,0x00,0x00,0x00,0x00,0x00,0x02,0xda,0xff,0xff,0xff,0x9e,0x00,0x00,0x00,0x00,
  0x00,0x00,0x00,0x00,0x66,0xff,0xff,0xff,0xf2,0x0b,0x00,0x00,0x00,0x00,0x00,0x00,0x00,0x04,0xdb,0xff,0xff,0xff,0x67,0x00,
  0x00,0x00,0x00,0x00,0x00,0x00,0x00,0x56,0xff,0xff,0xff,0xd4,0x00,0x00,0x00,0x00,0x00,0x00,0x00,0x00,0x00,0xbc,0xff,0xff,
  0xff,0x46,0x00,0x00,0x00,0x00,0x00,0x00,0x00,0x00,0x24,0xf7,0xff,0xff,0xbc,0x00,0x00,0x78,0xff,0xff,0xff,0x60,0x00,0x00,
  0x00,0x00,0x00,0x00,0x00,0x00,0x12,0xf5,0xff,0xff,0xef,0x1a,0x00,0x00,0x00,0x00,0x00,0x00,0x00,0x00,0x97,0xff,0xff,0xff,
  0xa9,0x00,0x00,0x00,0x00,0x00,0x00,0x00,0x00,0x2f,0xff,0xff,0xff,0xff,0x3b,0x00,0x00,0x00,0x00,0x00,0x00,0x00,0x00,0xca,
  0xff,0xff,0xff,0xc6,0x00,0x00,0x00,0x00,0x00,0x00,0x00,0x00,0x66,0xff,0xff,0xff,0xff,0x41,0x00,0x00,0x00,0x00,0x00,0x00,
  0x00,0x13,0xfb,0xff,0xff,0xff,0xb8,0x00,0x00,0x00,0x00,0x00,0x00,0x00,0x00,0xb7,0xff,0xff,0xff,0xfe,0x20,0x00,0x00,0x00,
  0x00,0x00,0x00,0x00,0x6b,0xff,0xff,0xff,0xff,0x83,0x00,0x00,0x00,0x00,0x00,0x00,0x00,0x22,0xff,0xff,0xff,0xff,0xd8,0x00,
  0x00,0x00,0x00,0x00,0x00,0x00,0x00,0xe9,0xff,0xff,0xff,0xff,0x26,0x00,0x00,0x00,0x00,0x00,0x00,0x00,0xbc,0xff,0xff,0xff,
  0xff,0x6b,0x00,0x00,0x00,0x00,0x00,0x00,0x00,0x8f,0xff,0xff,0xff,0xff,0xa2,0x00,0x00,0x00,0x00,0x00,0x00,0x00,0x61,0xff,
  0xff,0xff,0xff,0xd7,0x00,0x00,0x00,0x00,0x00,0x00,0x00,0x3f,0xff,0xff,0xff,0xff,0xf8,0x01,0x00,0x00,0x00,0x00,0x00,0x00,
  0x31,0xff,0xff,0xff,0xff,0xff,0x1b,0x00,0x00,0x00,0x00,0x00,0x00,0x22,0xff,0xff,0xff,0xff,0xff,0x2d,0x00,0x00,0x00,0x00,
  0x00,0x00,0x14,0xff,0xff,0xff,0xff,0xff,0x37,0x00,0x00,0x00,0x00,0x00,0x00,0x07,0xff,0xff,0xff,0xff,0xff,0x3c,0x00,0x00,
  0x00,0x00,0x00,0x00,0x0c,0xff,0xff,0xff,0xff,0xff,0x32,0x00,0x00,0x00,0x00,0x00,0x00,0x13,0xff,0xff,0xff,0xff,0xff,0x22,
  0x00,0x00,0x00,0x00,0x00,0x00,0x27,0xff,0xff,0xff,0xff,0xfe,0x07,0x00,0x00,0x00,0x00,0x00,0x00,0x40,0xff,0xff,0xff,0xff,
  0xe5,0x00,0x00,0x00,0x00,0x00,0x00,0x00,0x60,0xff,0xff,0xff,0xff,0xb7,0x00,0x00,0x00,0x00,0x00,0x00,0x00,0x88,0xff,0xff,
  0xff,0xff,0x87,0x00,0x00,0x00,0x00,0x00,0x00,0x00,0xb4,0xff,0xff,0xff,0xff,0x4a,0x00,0x00,0x00,0x00,0x00,0x00,0x00,0xea,
  0xff,0xff,0xff,0xfc,0x0e,0x00,0x00,0x00,0x00,0x00,0x00,0x23,0xff,0xff,0xff,0xff,0xbd,0x00,0x00,0x00,0x00,0x00,0x00,0x00,
  0x65,0xff,0xff,0xff,0xff,0x67,0x00,0x00,0x00,0x00,0x00,0x00,0x00,0xa8,0xff,0xff,0xff,0xf9,0x15,0x00,0x00,0x00,0x00,0x00,
  0x00,0x06,0xf0,0xff,0xff,0xff,0xa3,0x00,0x00,0x00,0x00,0x00,0x00,0x00,0x4b,0xff,0xff,0xff,0xff,0x36,0x00,0x00,0x00,0x00,
  0x00,0x00,0x00,0xaa,0xff,0xff,0xff,0xbb,0x00,0x00,0x00,0x00,0x00,0x00,0x00,0x18,0xfa,0xff,0xff,0xff,0x36,0x00,0x00,0x00,
  0x00,0x00,0x00,0x00,0x82,0xff,0xff,0xff,0xac,0x00,0x00,0x00,0x00,0x00,0x00,0x00,0x09,0xeb,0xff,0xff,0xf3,0x1d,0x00,0x00,
  0x00,0x00,0x00,0x00,0x00,0x6c,0xff,0xff,0xff,0x73,0x00,0x00,0x00,0x00,0x00,0x00,0x00,0x00,0x00,0x00,0x00,0x00,0x31,0xff,
  0xff,0xff,0x42,0x00,0x00,0x00,0x00,0x00,0x00,0x00,0x00,0x00,0x00,0x00,0x23,0xff,0xff,0xff,0x30,0x00,0x00,0x00,0x00,0x00,
  0x00,0x00,0x00,0x00,0x00,0x00,0x0b,0xff,0xff,0xff,0x15,0x00,0x00,0x00,0x00,0x00,0x00,0x00,0x79,0xb6,0x59,0x09,0x00,0xed,
  0xff,0xf6,0x00,0x00,0x1e,0x87,0xc0,0x00,0x00,0x01,0xde,0xff,0xff,0xea,0x80,0xd8,0xff,0xd5,0x35,0xaa,0xfc,0xff,0xff,0x2f,
  0x00,0x43,0xff,0xff,0xff,0xff,0xff,0xff,0xff,0xfb,0xff,0xff,0xff,0xff,0xff,0x87,0x00,0x07,0x39,0x6c,0x9c,0xc9,0xf4,0xff,
  0xff,0xff,0xfa,0xcf,0xa2,0x73,0x3f,0x0c,0x00,0x00,0x00,0x00,0x00,0x2a,0xe5,0xff,0xff,0xff,0xf6,0x42,0x00,0x00,0x00,0x00,
  0x00,0x00,0x00,0x00,0x2f,0xea,0xff,0xff,0xdc,0xff,0xff,0xf5,0x40,0x00,0x00,0x00,0x00,0x00,0x00,0x33,0xed,0xff,0xff,0xe4,
  0x14,0xdf,0xff,0xff,0xf4,0x3d,0x00,0x00,0x00,0x00,0x05,0xdc,0xff,0xff,0xff,0x58,0x00,0x51,0xff,0xff,0xff,0xdb,0x04,0x00,
  0x00,0x00,0x00,0x23,0xd8,0xff,0xb9,0x00,0x00,0x00,0xba,0xff,0xd2,0x1f,0x00,0x00,0x00,0x00,0x00,0x00,0x10,0xb3,0x22,0x00,
  0x00,0x00,0x28,0xae,0x0d,0x00,0x00,0x00,0x00,0x00,0x00,0x00,0x00,0x00,0x00,0x00,0x00,0x00,0x00,0x00,0x00,0x00,0x00,0x00,
  0x00,0x00,0x00,0x00,0x00,0x00,0x00,0x00,0x00,0x00,0x00,0x00,0x00,0x00,0x00,0x00,0x00,0x00,0x00,0x00,0x00,0x00,0x00,0x00,
  0x00,0x00,0x00,0x00,0x00,0x00,0x00,0x00,0x00,0x00,0x00,0x00,0x00,0x00,0x00,0x00,0x00,0x00,0x00,0x00,0x00,0x00,0x00,0x00,
  0x00,0x00,0x00,0x00,0x00,0x00,0x00,0x00,0x00,0x00,0x00,0x00,0x00,0x00,0x00,0x00,0x00,0x00,0x00,0x00,0x00,0x00,0x00,0x00,
  0x00,0x00,0x00,0x00,0x00,0x00,0x00,0x00,0x00,0x00,0x00,0x00,0x00,0x00,0x00,0x00,0x00,0x00,0x00,0x00,0x00,0x00,0x00,0x00,
  0x00,0x00,0x00,0x00,0x00,0x00,0x00,0x00,0x00,0x00,0x00,0x00,0x00,0x00,0x00,0x00,0x00,0x00,0x00,0x00,0x00,0x00,0x00,0x00,
  0x00,0x00,0x00,0x00,0x00,0x00,0x00,0x00,0x00,0x00,0x00,0x00,0x00,0x00,0x00,0x00,0x00,0x00,0x00,0x00,0x00,0x00,0x00,0x00,
  0x00,0x00,0x00,0x00,0x00,0x00,0x00,0x00,0x00,0x00,0x00,0x00,0x00,0x00,0x00,0x00,0x00,0x00,0x00,0x00,0x00,0x00,0x00,0x00,
  0x00,0x00,0x00,0x00,0x00,0x00,0x00,0x00,0x00,0x00,0x00,0x00,0x00,0x00,0x00,0x00,0x00,0x00,0x00,0x00,0x00,0x00,0x00,0x00,
  0x00,0x00,0x00,0x00,0x00,0x00,0x00,0x00,0x00,0x00,0x00,0x00,0x00,0x00,0x00,0x00,0x00,0x00,0x00,0x00,0x00,0x00,0x00,0x00,
  0x00,0x00,0x00,0x00,0x00,0x00,0x00,0x00,0x00,0x00,0x00,0x00,0x00,0x00,0x00,0x00,0x00,0x00,0x00,0x00,0x00,0x00,0x00,0x00,
  0x00,0x00,0x00,0x00,0x00,0x00,0x00,0x00,0x00,0x00,0xd8,0xff,0xff,0xff,0xff,0x28,0x00,0x00,0x00,0x00,0x00,0x00,0x00,0x00,
  0x00,0x00,0x00,0x00,0x00,0x00,0x00,0x00,0x00,0xd8,0xff,0xff,0xff,0xff,0x28,0x00,0x00,0x00,0x00,0x00,0x00,0x00,0x00,0x00,
  0x00,0x00,0x00,0x00,0x00,0x00,0x00,0x00,0xd8,0xff,0xff,0xff,0xff,0x28,0x00,0x00,0x00,0x00,0x00,0x00,0x00,0x00,0x00,0x00,
  0x00,0x00,0x00,0x00,0x00,0x00,0x00,0xd8,0xff,0xff,0xff,0xff,0x28,0x00,0x00,0x00,0x00,0x00,0x00,0x00,0x00,0x00,0x00,0x00,
  0x00,0x00,0x00,0x00,0x00,0x00,0xd8,0xff,0xff,0xff,0xff,0x28,0x00,0x00,0x00,0x00,0x00,0x00,0x00,0x00,0x00,0x00,0x00,0x00,
  0x00,0x00,0x00,0x00,0x00,0xd8,0xff,0xff,0xff,0xff,0x28,0x00,0x00,0x00,0x00,0x00,0x00,0x00,0x00,0x00,0x00,0x00,0x00,0x00,
  0x00,0x00,0x00,0x00,0xd8,0xff,0xff,0xff,0xff,0x28,0x00,0x00,0x00,0x00,0x00,0x00,0x00,0x00,0x00,0x58,0xff,0xff,0xff,0xff,
  0xff,0xff,0xff,0xff,0xff,0xff,0xff,0xff,0xff,0xff,0xff,0xff,0xff,0xff,0xff,0xb0,0x00,0x00,0x58,0xff,0xff,0xff,0xff,0xff,
  0xff,0xff,0xff,0xff,0xff,0xff,0xff,0xff,0xff,0xff,0xff,0xff,0xff,0xff,0xb0,0x00,0x00,0x58,0xff,0xff,0xff,0xff,0xff,0xff,
  0xff,0xff,0xff,0xff,0xff,0xff,0xff,0xff,0xff,0xff,0xff,0xff,0xff,0xb0,0x00,0x00,0x58,0xff,0xff,0xff,0xff,0xff,0xff,0xff,
  0xff,0xff,0xff,0xff,0xff,0xff,0xff,0xff,0xff,0xff,0xff,0xff,0xb0,0x00,0x00,0x58,0xff,0xff,0xff,0xff,0xff,0xff,0xff,0xff,
  0xff,0xff,0xff,0xff,0xff,0xff,0xff,0xff,0xff,0xff,0xff,0xb0,0x00,0x00,0x00,0x00,0x00,0x00,0x00,0x00,0x00,0x00,0xd8,0xff,
  0xff,0xff,0xff,0x28,0x00,0x00,0x00,0x00,0x00,0x00,0x00,0x00,0x00,0x00,0x00,0x00,0x00,0x00,0x00,0x00,0x00,0xd8,0xff,0xff,
  0xff,0xff,0x28,0x00,0x00,0x00,0x00,0x00,0x00,0x00,0x00,0x00,0x00,0x00,0x00,0x00,0x00,0x00,0x00,0x00,0xd8,0xff,0xff,0xff,
  0xff,0x28,0x00,0x00,0x00,0x00,0x00,0x00,0x00,0x00,0x00,0x00,0x00,0x00,0x00,0x00,0x00,0x00,0x00,0xd8,0xff,0xff,0xff,0xff,
  0x28,0x00,0x00,0x00,0x00,0x00,0x00,0x00,0x00,0x00,0x00,0x00,0x00,0x00,0x00,0x00,0x00,0x00,0xd8,0xff,0xff,0xff,0xff,0x28,
  0x00,0x00,0x00,0x00,0x00,0x00,0x00,0x00,0x00,0x00,0x00,0x00,0x00,0x00,0x00,0x00,0x00,0xd8,0xff,0xff,0xff,0xff,0x28,0x00,
  0x00,0x00,0x00,0x00,0x00,0x00,0x00,0x00,0x00,0x00,0x00,0x00,0x00,0x00,0x00,0x00,0xd8,0xff,0xff,0xff,0xff,0x28,0x00,0x00,
  0x00,0x00,0x00,0x00,0x00,0x00,0x00,0x00,0x00,0x00,0x00,0x00,0x00,0x00,0x00,0x00,0x00,0x00,0x00,0x00,0x00,0x00,0x00,0x00,
  0x00,0x00,0x00,0x00,0x00,0x00,0x00,0x00,0x00,0x00,0x00,0x00,0x00,0x00,0x00,0x00,0x00,0x00,0x00,0x00,0x00,0x00,0x00,0x00,
  0x00,0x00,0x00,0x00,0x00,0x00,0x00,0x00,0x00,0x00,0x00,0x00,0x00,0x00,0x00,0x00,0x00,0x00,0x00,0x00,0x00,0x00,0x00,0x00,
  0x00,0x00,0x00,0x00,0x00,0x00,0x00,0x00,0x00,0x00,0x00,0x00,0x00,0x00,0x00,0x00,0x00,0x00,0x00,0x00,0x00,0x00,0x00,0x00,
  0x00,0x00,0x00,0x00,0x44,0xff,0xff,0xff,0xff,0xff,0x38,0x00,0x00,0x00,0x00,0x44,0xff,0xff,0xff,0xff,0xff,0x38,0x00,0x00,
  0x00,0x00,0x44,0xff,0xff,0xff,0xff,0xff,0x38,0x00,0x00,0x00,0x00,0x44,0xff,0xff,0xff,0xff,0xff,0x38,0x00,0x00,0x00,0x00,
  0x44,0xff,0xff,0xff,0xff,0xff,0x36,0x00,0x00,0x00,0x00,0x44,0xff,0xff,0xff,0xff,0xff,0x2f,0x00,0x00,0x00,0x00,0x00,0x00,
  0x00,0xab,0xff,0xff,0x1e,0x00,0x00,0x00,0x00,0x00,0x00,0x00,0xca,0xff,0xfa,0x04,0x00,0x00,0x00,0x00,0x00,0x00,0x1b,0xfc,
  0xff,0xc2,0x00,0x00,0x00,0x00,0x00,0x00,0x01,0xa5,0xff,0xff,0x5b,0x00,0x00,0x00,0x00,0x00,0x24,0xb0,0xff,0xff,0xb7,0x01,
  0x00,0x00,0x00,0x00,0x00,0x74,0xff,0xff,0xba,0x10,0x00,0x00,0x00,0x00,0x00,0x00,0x07,0xc6,0x6b,0x03,0x00,0x00,0x00,0x00,
  0x00,0x00,0x00,0xc0,0xff,0xff,0xff,0xff,0xff,0xff,0xff,0xff,0xff,0xff,0x08,0x00,0x00,0xc0,0xff,0xff,0xff,0xff,0xff,0xff,
  0xff,0xff,0xff,0xff,0x08,0x00,0x00,0xc0,0xff,0xff,0xff,0xff,0xff,0xff,0xff,0xff,0xff,0xff,0x08,0x00,0x00,0xc0,0xff,0xff,
  0xff,0xff,0xff,0xff,0xff,0xff,0xff,0xff,0x08,0x00,0x00,0xc0,0xff,0xff,0xff,0xff,0xff,0xff,0xff,0xff,0xff,0xff,0x08,0x00,
  0x00,0x00,0x00,0x00,0x00,0x00,0x00,0x00,0x00,0x00,0x00,0x00,0x00,0x00,0x00,0x00,0x00,0x00,0x00,0x00,0x00,0x00,0x00,0x00,
  0x00,0x00,0x00,0x00,0x00,0x00,0x00,0x00,0x00,0x00,0x00,0x00,0x00,0x00,0x00,0x00,0x00,0x00,0x00,0x00,0x00,0x00,0x00,0x00,
  0x00,0x00,0x00,0x00,0x00,0x00,0x00,0x00,0x00,0x00,0x00,0x00,0x00,0x00,0x00,0x00,0x00,0x00,0x00,0x00,0x00,0x00,0x00,0x00,
  0x00,0x00,0x00,0x00,0x00,0x00,0x00,0x00,0x00,0x00,0x00,0x00,0x00,0x00,0x00,0x00,0x00,0x00,0x00,0x00,0x00,0x00,0x00,0x00,
  0x00,0x00,0x00,0x00,0x00,0x00,0x00,0x00,0x00,0x00,0x00,0x00,0x00,0x00,0x00,0x00,0x00,0x20,0xff,0xff,0xff,0xff,0xff,0x5c,
  0x00,0x00,0x00,0x00,0x20,0xff,0xff,0xff,0xff,0xff,0x5c,0x00,0x00,0x00,0x00,0x20,0xff,0xff,0xff,0xff,0xff,0x5c,0x00,0x00,
  0x00,0x00,0x20,0xff,0xff,0xff,0xff,0xff,0x5c,0x00,0x00,0x00,0x00,0x20,0xff,0xff,0xff,0xff,0xff,0x5c,0x00,0x00,0x00,0x00,
  0x20,0xff,0xff,0xff,0xff,0xff,0x5c,0x00,0x00,0x00,0x00,0x00,0x00,0x00,0x00,0x00,0x17,0xff,0xff,0xff,0xfb,0x0c,0x00,0x00,
  0x00,0x00,0x00,0x00,0x00,0x56,0xff,0xff,0xff,0xc8,0x00,0x00,0x00,0x00,0x00,0x00,0x00,0x00,0x95,0xff,0xff,0xff,0x89,0x00,
  0x00,0x00,0x00,0x00,0x00,0x00,0x00,0xd3,0xff,0xff,0xff,0x4a,0x00,0x00,0x00,0x00,0x00,0x00,0x00,0x13,0xfe,0xff,0xff,0xfc,
  0x0e,0x00,0x00,0x00,0x00,0x00,0x00,0x00,0x51,0xff,0xff,0xff,0xcb,0x00,0x00,0x00,0x00,0x00,0x00,0x00,0x00,0x8f,0xff,0xff,
  0xff,0x8c,0x00,0x00,0x00,0x00,0x00,0x00,0x00,0x00,0xce,0xff,0xff,0xff,0x4c,0x00,0x00,0x00,0x00,0x00,0x00,0x00,0x0f,0xfd,
  0xff,0xff,0xfd,0x10,0x00,0x00,0x00,0x00,0x00,0x00,0x00,0x4b,0xff,0xff,0xff,0xce,0x00,0x00,0x00,0x00,0x00,0x00,0x00,0x00,
  0x8a,0xff,0xff,0xff,0x8e,0x00,0x00,0x00,0x00,0x00,0x00,0x00,0x00,0xc8,0xff,0xff,0xff,0x4f,0x00,0x00,0x00,0x00,0x00,0x00,
  0x00,0x0b,0xfb,0xff,0xff,0xfe,0x12,0x00,0x00,0x00,0x00,0x00,0x00,0x00,0x46,0xff,0xff,0xff,0xd0,0x00,0x00,0x00,0x00,0x00,
  0x00,0x00,0x00,0x84,0xff,0xff,0xff,0x91,0x00,0x00,0x00,0x00,0x00,0x00,0x00,0x00,0xc3,0xff,0xff,0xff,0x52,0x00,0x00,0x00,
  0x00,0x00,0x00,0x00,0x08,0xf8,0xff,0xff,0xfe,0x14,0x00,0x00,0x00,0x00,0x00,0x00,0x00,0x40,0xff,0xff,0xff,0xd3,0x00,0x00,
  0x00,0x00,0x00,0x00,0x00,0x00,0x7f,0xff,0xff,0xff,0x94,0x00,0x00,0x00,0x00,0x00,0x00,0x00,0x00,0xbd,0xff,0xff,0xff,0x55,
  0x00,0x00,0x00,0x00,0x00,0x00,0x00,0x06,0xf6,0xff,0xff,0xff,0x16,0x00,0x00,0x00,0x00,0x00,0x00,0x00,0x3b,0xff,0xff,0xff,
  0xd6,0x00,0x00,0x00,0x00,0x00,0x00,0x00,0x00,0x79,0xff,0xff,0xff,0x97,0x00,0x00,0x00,0x00,0x00,0x00,0x00,0x00,0xb8,0xff,
  0xff,0xff,0x57,0x00,0x00,0x00,0x00,0x00,0x00,0x00,0x03,0xf2,0xff,0xff,0xff,0x19,0x00,0x00,0x00,0x00,0x00,0x00,0x00,0x35,
  0xff,0xff,0xff,0xd9,0x00,0x00,0x00,0x00,0x00,0x00,0x00,0x00,0x74,0xff,0xff,0xff,0x99,0x00,0x00,0x00,0x00,0x00,0x00,0x00,
  0x00,0xb2,0xff,0xff,0xff,0x5a,0x00,0x00,0x00,0x00,0x00,0x00,0x00,0x02,0xee,0xff,0xff,0xff,0x1b,0x00,0x00,0x00,0x00,0x00,
  0x00,0x00,0x00,0x00,0x00,0x00,0x00,0x00,0x02,0x53,0xa7,0xdc,0xf4,0xf3,0xdb,0xa3,0x4f,0x01,0x00,0x00,0x00,0x00,0x00,0x00,
  0x00,0x00,0x00,0x00,0x00,0x29,0xca,0xff,0xff,0xff,0xff,0xff,0xff,0xff,0xff,0xc3,0x24,0x00,0x00,0x00,0x00,0x00,0x00,0x00,
  0x00,0x00,0x2c,0xea,0xff,0xff,0xff,0xff,0xff,0xff,0xff,0xff,0xff,0xff,0xe5,0x25,0x00,0x00,0x00,0x00,0x00,0x00,0x00,0x0b,
  0xdd,0xff,0xff,0xff,0xff,0xff,0xff,0xff,0xff,0xff,0xff,0xff,0xff,0xd5,0x08,0x00,0x00,0x00,0x00,0x00,0x00,0x7e,0xff,0xff,
  0xff,0xff,0xff,0xff,0xff,0xff,0xff,0xff,0xff,0xff,0xff,0xff,0x75,0x00,0x00,0x00,0x00,0x00,0x06,0xeb,0xff,0xff,0xff,0xff,
  0xfd,0x76,0x14,0x16,0x7e,0xfe,0xff,0xff,0xff,0xff,0xe5,0x03,0x00,0x00,0x00,0x00,0x4d,0xff,0xff,0xff,0xff,0xff,0x86,0x00,
  0x00,0x00,0x00,0x94,0xff,0xff,0xff,0xff,0xff,0x44,0x00,0x00,0x00,0x00,0x95,0xff,0xff,0xff,0xff,0xfd,0x19,0x00,0x00,0x00,
  0x00,0x25,0xff,0xff,0xff,0xff,0xff,0x8c,0x00,0x00,0x00,0x00,0xce,0xff,0xff,0xff,0xff,0xd3,0x00,0x00,0x00,0x00,0x00,0x00,
  0xe1,0xff,0xff,0xff,0xff,0xc3,0x00,0x00,0x00,0x01,0xf7,0xff,0xff,0xff,0xff,0xab,0x00,0x00,0x00,0x00,0x00,0x00,0xb6,0xff,
  0xff,0xff,0xff,0xf0,0x00,0x00,0x00,0x1b,0xff,0xff,0xff,0xff,0xff,0x90,0x00,0x00,0x00,0x00,0x00,0x00,0x9b,0xff,0xff,0xff,
  0xff,0xff,0x11,0x00,0x00,0x32,0xff,0xff,0xff,0xff,0xff,0x80,0x00,0x00,0x00,0x00,0x00,0x00,0x8c,0xff,0xff,0xff,0xff,0xff,
  0x28,0x00,0x00,0x43,0xff,0xff,0xff,0xff,0xff,0x74,0x00,0x00,0x00,0x00,0x00,0x00,0x81,0xff,0xff,0xff,0xff,0xff,0x39,0x00,
  0x00,0x4b,0xff,0xff,0xff,0xff,0xff,0x70,0x00,0x00,0x00,0x00,0x00,0x00,0x7d,0xff,0xff,0xff,0xff,0xff,0x41,0x00,0x00,0x4f,
  0xff,0xff,0xff,0xff,0xff,0x6c,0x00,0x00,0x00,0x00,0x00,0x00,0x79,0xff,0xff,0xff,0xff,0xff,0x46,0x00,0x00,0x4b,0xff,0xff,
  0xff,0xff,0xff,0x6f,0x00,0x00,0x00,0x00,0x00,0x00,0x7c,0xff,0xff,0xff,0xff,0xff,0x41,0x00,0x00,0x44,0xff,0xff,0xff,0xff,
  0xff,0x73,0x00,0x00,0x00,0x00,0x00,0x00,0x80,0xff,0xff,0xff,0xff,0xff,0x39,0x00,0x00,0x34,0xff,0xff,0xff,0xff,0xff,0x7e,
  0x00,0x00,0x00,0x00,0x00,0x00,0x8d,0xff,0xff,0xff,0xff,0xff,0x28,0x00,0x00,0x1e,0xff,0xff,0xff,0xff,0xff,0x8d,0x00,0x00,
  0x00,0x00,0x00,0x00,0x9c,0xff,0xff,0xff,0xff,0xff,0x11,0x00,0x00,0x03,0xfb,0xff,0xff,0xff,0xff,0xa6,0x00,0x00,0x00,0x00,
  0x00,0x00,0xb8,0xff,0xff,0xff,0xff,0xf0,0x00,0x00,0x00,0x00,0xd7,0xff,0xff,0xff,0xff,0xcf,0x00,0x00,0x00,0x00,0x00,0x00,
  0xdf,0xff,0xff,0xff,0xff,0xc3,0x00,0x00,0x00,0x00,0xa2,0xff,0xff,0xff,0xff,0xfc,0x16,0x00,0x00,0x00,0x00,0x23,0xff,0xff,
  0xff,0xff,0xff,0x8c,0x00,0x00,0x00,0x00,0x5e,0xff,0xff,0xff,0xff,0xff,0x81,0x00,0x00,0x00,0x00,0x92,0xff,0xff,0xff,0xff,
  0xff,0x44,0x00,0x00,0x00,0x00,0x0f,0xf6,0xff,0xff,0xff,0xff,0xfa,0x6f,0x13,0x15,0x7b,0xfe,0xff,0xff,0xff,0xff,0xe5,0x03,
  0x00,0x00,0x00,0x00,0x00,0x93,0xff,0xff,0xff,0xff,0xff,0xff,0xff,0xff,0xff,0xff,0xff,0xff,0xff,0xff,0x75,0x00,0x00,0x00,
  0x00,0x00,0x00,0x12,0xe4,0xff,0xff,0xff,0xff,0xff,0xff,0xff,0xff,0xff,0xff,0xff,0xff,0xd7,0x08,0x00,0x00,0x00,0x00,0x00,
  0x00,0x00,0x29,0xe9,0xff,0xff,0xff,0xff,0xff,0xff,0xff,0xff,0xff,0xff,0xe7,0x28,0x00,0x00,0x00,0x00,0x00,0x00,0x00,0x00,
  0x00,0x24,0xc0,0xff,0xff,0xff,0xff,0xff,0xff,0xff,0xff,0xc6,0x25,0x00,0x00,0x00,0x00,0x00,0x00,0x00,0x00,0x00,0x00,0x00,
  0x00,0x4b,0xa2,0xda,0xf3,0xf4,0xdc,0xa6,0x51,0x01,0x00,0x00,0x00,0x00,0x00,0x00,0x00,0x00,0x00,0x00,0x00,0x00,0x00,0x00,
  0x00,0x00,0x07,0xe7,0xff,0xff,0xff,0xc0,0x00,0x00,0x00,0x00,0x00,0x00,0x00,0x00,0x00,0x00,0x00,0x00,0x00,0x00,0x00,0x00,
  0x76,0xff,0xff,0xff,0xff,0xc0,0x00,0x00,0x00,0x00,0x00,0x00,0x00,0x00,0x00,0x00,0x00,0x00,0x00,0x00,0x00,0x33,0xf7,0xff,
  0xff,0xff,0xff,0xc0,0x00,0x00,0x00,0x00,0x00,0x00,0x00,0x00,0x00,0x00,0x00,0x00,0x00,0x00,0x2d,0xe9,0xff,0xff,0xff,0xff,
  0xff,0xc0,0x00,0x00,0x00,0x00,0x00,0x00,0x00,0x00,0x00,0x00,0x00,0x00,0x00,0x52,0xf2,0xff,0xff,0xff,0xff,0xff,0xff,0xc0,
  0x00,0x00,0x00,0x00,0x00,0x00,0x00,0x00,0x00,0x00,0x00,0x16,0xa2,0xff,0xff,0xff,0xff,0xff,0xff,0xff,0xff,0xc0,0x00,0x00,
  0x00,0x00,0x00,0x00,0x00,0x00,0x00,0x20,0x87,0xf2,0xff,0xff,0xff,0xff,0xff,0xff,0xff,0xff,0xff,0xc0,0x00,0x00,0x00,0x00,
  0x00,0x00,0x00,0x00,0x00,0xd4,0xff,0xff,0xff,0xff,0xff,0xff,0xfb,0xff,0xff,0xff,0xff,0xc0,0x00,0x00,0x00,0x00,0x00,0x00,
  0x00,0x00,0x00,0xd4,0xff,0xff,0xff,0xff,0xfd,0x76,0xc0,0xff,0xff,0xff,0xff,0xc0,0x00,0x00,0x00,0x00,0x00,0x00,0x00,0x00,
  0x00,0xd4,0xff,0xff,0xff,0xe2,0x45,0x00,0xc0,0xff,0xff,0xff,0xff,0xc0,0x00,0x00,0x00,0x00,0x00,0x00,0x00,0x00,0x00,0xd4,
  0xff,0xf5,0x89,0x0e,0x00,0x00,0xc0,0xff,0xff,0xff,0xff,0xc0,0x00,0x00,0x00,0x00,0x00,0x00,0x00,0x00,0x00,0xb2,0x7c,0x17,
  0x00,0x00,0x00,0x00,0xc0,0xff,0xff,0xff,0xff,0xc0,0x00,0x00,0x00,0x00,0x00,0x00,0x00,0x00,0x00,0x00,0x00,0x00,0x00,0x00,
  0x00,0x00,0xc0,0xff,0xff,0xff,0xff,0xc0,0x00,0x00,0x00,0x00,0x00,0x00,0x00,0x00,0x00,0x00,0x00,0x00,0x00,0x00,0x00,0x00,
  0xc0,0xff,0xff,0xff,0xff,0xc0,0x00,0x00,0x00,0x00,0x00,0x00,0x00,0x00,0x00,0x00,0x00,0x00,0x00,0x00,0x00,0x00,0xc0,0xff,
  0xff,0xff,0xff,0xc0,0x00,0x00,0x00,0x00,0x00,0x00,0x00,0x00,0x00,0x00,0x00,0x00,0x00,0x00,0x00,0x00,0xc0,0xff,0xff,0xff,
  0xff,0xc0,0x00,0x00,0x00,0x00,0x00,0x00,0x00,0x00,0x00,0x00,0x00,0x00,0x00,0x00,0x00,0x00,0xc0,0xff,0xff,0xff,0xff,0xc0,
  0x00,0x00,0x00,0x00,0x00,0x00,0x00,0x00,0x00,0x00,0x00,0x00,0x00,0x00,0x00,0x00,0xc0,0xff,0xff,0xff,0xff,0xc0,0x00,0x00,
  0x00,0x00,0x00,0x00,0x00,0x00,0x00,0x00,0x00,0x00,0x00,0x00,0x00,0x00,0xc0,0xff,0xff,0xff,0xff,0xc0,0x00,0x00,0x00,0x00,
  0x00,0x00,0x00,0x00,0x00,0x00,0x00,0x00,0x00,0x00,0x00,0x00,0xc0,0xff,0xff,0xff,0xff,0xc0,0x00,0x00,0x00,0x00,0x00,0x00,
  0x00,0x00,0x00,0x00,0x00,0x00,0x00,0x00,0x00,0x00,0xc0,0xff,0xff,0xff,0xff,0xc0,0x00,0x00,0x00,0x00,0x00,0x00,0x00,0x00,
  0x00,0x00,0x00,0x00,0x00,0x00,0x00,0x00,0xc0,0xff,0xff,0xff,0xff,0xc0,0x00,0x00,0x00,0x00,0x00,0x00,0x00,0x00,0x00,0x00,
  0x00,0x00,0x00,0x00,0x00,0x00,0xc0,0xff,0xff,0xff,0xff,0xc0,0x00,0x00,0x00,0x00,0x00,0x00,0x00,0x00,0x00,0x00,0x00,0x00,
  0x00,0x00,0x00,0x00,0xc0,0xff,0xff,0xff,0xff,0xc0,0x00,0x00,0x00,0x00,0x00,0x00,0x00,0x00,0x00,0x00,0x00,0x00,0x00,0x00,
  0x00,0x00,0xc0,0xff,0xff,0xff,0xff,0xc0,0x00,0x00,0x00,0x00,0x00,0x00,0x00,0x00,0x00,0x00,0x00,0x00,0x00,0x00,0x00,0x00,
  0xc0,0xff,0xff,0xff,0xff,0xc0,0x00,0x00,0x00,0x00,0x00,0x00,0x00,0x00,0x00,0x00,0x00,0x00,0x00,0x00,0x00,0x00,0xc0,0xff,
  0xff,0xff,0xff,0xc0,0x00,0x00,0x00,0x00,0x00,0x00,0x00,0x00,0x00,0x00,0x00,0x00,0x00,0x00,0x00,0x00,0xc0,0xff,0xff,0xff,
  0xff,0xc0,0x00,0x00,0x00,0x00,0x00,0x00,0x00,0x00,0x00,0x00,0x00,0x00,0x00,0x00,0x00,0x00,0xc0,0xff,0xff,0xff,0xff,0xc0,
  0x00,0x00,0x00,0x00,0x00,0x00,0x00,0x00,0x00,0x00,0x00,0x00,0x15,0x72,0xb3,0xe1,0xf4,0xf8,0xe7,0xc6,0x8b,0x31,0x00,0x00,
  0x00,0x00,0x00,0x00,0x00,0x00,0x00,0x00,0x08,0x85,0xf9,0xff,0xff,0xff,0xff,0xff,0xff,0xff,0xff,0xff,0xb5,0x18,0x00,0x00,
  0x00,0x00,0x00,0x00,0x00,0x0c,0xc4,0xff,0xff,0xff,0xff,0xff,0xff,0xff,0xff,0xff,0xff,0xff,0xff,0xe8,0x25,0x00,0x00,0x00,
  0x00,0x00,0x00,0xac,0xff,0xff,0xff,0xff,0xff,0xff,0xff,0xff,0xff,0xff,0xff,0xff,0xff,0xff,0xdc,0x0a,0x00,0x00,0x00,0x00,
  0x44,0xff,0xff,0xff,0xff,0xff,0xff,0xff,0xff,0xff,0xff,0xff,0xff,0xff,0xff,0xff,0xff,0x7e,0x00,0x00,0x00,0x00,0xab,0xff,
  0xff,0xff,0xff,0xff,0xca,0x46,0x14,0x13,0x47,0xcf,0xff,0xff,0xff,0xff,0xff,0xdf,0x00,0x00,0x00,0x06,0xf7,0xff,0xff,0xff,
  0xff,0xd0,0x06,0x00,0x00,0x00,0x00,0x0b,0xe1,0xff,0xff,0xff,0xff,0xff,0x1c,0x00,0x00,0x2e,0xff,0xff,0xff,0xff,0xff,0x62,
  0x00,0x00,0x00,0x00,0x00,0x00,0x77,0xff,0xff,0xff,0xff,0xff,0x34,0x00,0x00,0x2b,0x98,0xae,0xc5,0xdc,0xf2,0x2b,0x00,0x00,
  0x00,0x00,0x00,0x00,0x50,0xff,0xff,0xff,0xff,0xff,0x29,0x00,0x00,0x00,0x00,0x00,0x00,0x00,0x00,0x00,0x00,0x00,0x00,0x00,
  0x00,0x00,0x58,0xff,0xff,0xff,0xff,0xfd,0x0e,0x00,0x00,0x00,0x00,0x00,0x00,0x00,0x00,0x00,0x00,0x00,0x00,0x00,0x00,0x00,
  0x98,0xff,0xff,0xff,0xff,0xc7,0x00,0x00,0x00,0x00,0x00,0x00,0x00,0x00,0x00,0x00,0x00,0x00,0x00,0x00,0x00,0x19,0xf4,0xff,
  0xff,0xff,0xff,0x6e,0x00,0x00,0x00,0x00,0x00,0x00,0x00,0x00,0x00,0x00,0x00,0x00,0x00,0x00,0x02,0xb5,0xff,0xff,0xff,0xff,
  0xe5,0x08,0x00,0x00,0x00,0x00,0x00,0x00,0x00,0x00,0x00,0x00,0x00,0x00,0x00,0x00,0x99,0xff,0xff,0xff,0xff,0xff,0x55,0x00,
  0x00,0x00,0x00,0x00,0x00,0x00,0x00,0x00,0x00,0x00,0x00,0x00,0x01,0x95,0xff,0xff,0xff,0xff,0xff,0x9e,0x00,0x00,0x00,0x00,
  0x00,0x00,0x00,0x00,0x00,0x00,0x00,0x00,0x00,0x02,0x9b,0xff,0xff,0xff,0xff,0xff,0xc4,0x08,0x00,0x00,0x00,0x00,0x00,0x00,
  0x00,0x00,0x00,0x00,0x00,0x00,0x05,0xaa,0xff,0xff,0xff,0xff,0xff,0xc6,0x0e,0x00,0x00,0x00,0x00,0x00,0x00,0x00,0x00,0x00,
  0x00,0x00,0x00,0x08,0xb4,0xff,0xff,0xff,0xff,0xff,0xbd,0x0c,0x00,0x00,0x00,0x00,0x00,0x00,0x00,0x00,0x00,0x00,0x00,0x00,
  0x0b,0xbd,0xff,0xff,0xff,0xff,0xff,0xab,0x07,0x00,0x00,0x00,0x00,0x00,0x00,0x00,0x00,0x00,0x00,0x00,0x00,0x07,0xbc,0xff,
  0xff,0xff,0xff,0xff,0x94,0x02,0x00,0x00,0x00,0x00,0x00,0x00,0x00,0x00,0x00,0x00,0x00,0x00,0x03,0xb2,0xff,0xff,0xff,0xff,
  0xff,0x81,0x00,0x00,0x00,0x00,0x00,0x00,0x00,0x00,0x00,0x00,0x00,0x00,0x00,0x00,0x94,0xff,0xff,0xff,0xff,0xff,0x7f,0x00,
  0x00,0x00,0x00,0x00,0x00,0x00,0x00,0x00,0x00,0x00,0x00,0x00,0x00,0x5f,0xff,0xff,0xff,0xff,0xff,0xaf,0x00,0x00,0x00,0x00,
  0x00,0x00,0x00,0x00,0x00,0x00,0x00,0x00,0x00,0x00,0x1c,0xf1,0xff,0xff,0xff,0xff,0xff,0xff,0xff,0xff,0xff,0xff,0xff,0xff,
  0xff,0xff,0xff,0xff,0x3c,0x00,0x00,0x00,0x9f,0xff,0xff,0xff,0xff,0xff,0xff,0xff,0xff,0xff,0xff,0xff,0xff,0xff,0xff,0xff,
  0xff,0xff,0x3c,0x00,0x00,0x19,0xfb,0xff,0xff,0xff,0xff,0xff,0xff,0xff,0xff,0xff,0xff,0xff,0xff,0xff,0xff,0xff,0xff,0xff,
  0x3c,0x00,0x00,0x74,0xff,0xff,0xff,0xff,0xff,0xff,0xff,0xff,0xff,0xff,0xff,0xff,0xff,0xff,0xff,0xff,0xff,0xff,0x3c,0x00,
  0x00,0xbb,0xff,0xff,0xff,0xff,0xff,0xff,0xff,0xff,0xff,0xff,0xff,0xff,0xff,0xff,0xff,0xff,0xff,0xff,0x3c,0x00,0x00,0xeb,
  0xff,0xff,0xff,0xff,0xff,0xff,0xff,0xff,0xff,0xff,0xff,0xff,0xff,0xff,0xff,0xff,0xff,0xff,0x3c,0x00,0x00,0x00,0x00,0x00,
  0x00,0x00,0x11,0x66,0xb9,0xdd,0xf7,0xee,0xd4,0x94,0x3d,0x00,0x00,0x00,0x00,0x00,0x00,0x00,0x00,0x00,0x00,0x00,0x00,0x60,
  0xf0,0xff,0xff,0xff,0xff,0xff,0xff,0xff,0xff,0xb2,0x15,0x00,0x00,0x00,0x00,0x00,0x00,0x00,0x00,0x00,0x8b,0xff,0xff,0xff,
  0xff,0xff,0xff,0xff,0xff,0xff,0xff,0xff,0xda,0x1e,0x00,0x00,0x00,0x00,0x00,0x00,0x00,0x5e,0xff,0xff,0xff,0xff,0xff,0xff,
  0xff,0xff,0xff,0xff,0xff,0xff,0xff,0xcd,0x07,0x00,0x00,0x00,0x00,0x00,0x0a,0xea,0xff,0xff,0xff,0xff,0xff,0xff,0xff,0xff,
  0xff,0xff,0xff,0xff,0xff,0xff,0x71,0x00,0x00,0x00,0x00,0x00,0x5f,0xff,0xff,0xff,0xff,0xff,0xbe,0x33,0x08,0x28,0xa2,0xff,
  0xff,0xff,0xff,0xff,0xdc,0x00,0x00,0x00,0x00,0x00,0xb2,0xff,0xff,0xff,0xff,0xd8,0x07,0x00,0x00,0x00,0x00,0xbc,0xff,0xff,
  0xff,0xff,0xff,0x1c,0x00,0x00,0x00,0x01,0xef,0xff,0xff,0xff,0xff,0x57,0x00,0x00,0x00,0x00,0x00,0x62,0xff,0xff,0xff,0xff,
  0xff,0x35,0x00,0x00,0x00,0x02,0x36,0x63,0x91,0xbe,0xea,0x17,0x00,0x00,0x00,0x00,0x00,0x4c,0xff,0xff,0xff,0xff,0xff,0x2a,
  0x00,0x00,0x00,0x00,0x00,0x00,0x00,0x00,0x00,0x00,0x00,0x00,0x00,0x00,0x00,0x7a,0xff,0xff,0xff,0xff,0xf3,0x05,0x00,0x00,
  0x00,0x00,0x00,0x00,0x00,0x00,0x00,0x00,0x00,0x00,0x00,0x00,0x19,0xe8,0xff,0xff,0xff,0xff,0x97,0x00,0x00,0x00,0x00,0x00,
  0x00,0x00,0x00,0x00,0x00,0x00,0x00,0x02,0x18,0x5d,0xe1,0xff,0xff,0xff,0xff,0xe7,0x16,0x00,0x00,0x00,0x00,0x00,0x00,0x00,
  0x00,0x00,0x00,0x00,0x00,0xea,0xff,0xff,0xff,0xff,0xff,0xff,0xea,0x31,0x00,0x00,0x00,0x00,0x00,0x00,0x00,0x00,0x00,0x00,
  0x00,0x00,0x0c,0xff,0xff,0xff,0xff,0xff,0xff,0xbb,0x1d,0x00,0x00,0x00,0x00,0x00,0x00,0x00,0x00,0x00,0x00,0x00,0x00,0x00,
  0x2e,0xff,0xff,0xff,0xff,0xff,0xff,0xea,0x99,0x22,0x00,0x00,0x00,0x00,0x00,0x00,0x00,0x00,0x00,0x00,0x00,0x00,0x51,0xff,
  0xff,0xff,0xff,0xff,0xff,0xff,0xff,0xf5,0x57,0x00,0x00,0x00,0x00,0x00,0x00,0x00,0x00,0x00,0x00,0x00,0x26,0x34,0x0e,0x0a,
  0x44,0xcb,0xff,0xff,0xff,0xff,0xfc,0x43,0x00,0x00,0x00,0x00,0x00,0x00,0x00,0x00,0x00,0x00,0x00,0x00,0x00,0x00,0x00,0x09,
  0xce,0xff,0xff,0xff,0xff,0xdb,0x02,0x00,0x00,0x00,0x00,0x00,0x00,0x00,0x00,0x00,0x00,0x00,0x00,0x00,0x00,0x00,0x52,0xff,
  0xff,0xff,0xff,0xff,0x40,0x00,0x00,0x00,0x00,0x00,0x00,0x00,0x00,0x00,0x00,0x00,0x00,0x00,0x00,0x00,0x20,0xff,0xff,0xff,
  0xff,0xff,0x74,0x00,0x00,0x31,0x81,0x9e,0xbb,0xd9,0xe5,0x03,0x00,0x00,0x00,0x00,0x00,0x00,0x26,0xff,0xff,0xff,0xff,0xff,
  0x81,0x00,0x00,0x56,0xff,0xff,0xff,0xff,0xff,0x3c,0x00,0x00,0x00,0x00,0x00,0x00,0x63,0xff,0xff,0xff,0xff,0xff,0x6b,0x00,
  0x00,0x1d,0xfe,0xff,0xff,0xff,0xff,0xcf,0x06,0x00,0x00,0x00,0x00,0x14,0xdf,0xff,0xff,0xff,0xff,0xff,0x3a,0x00,0x00,0x00,
  0xbf,0xff,0xff,0xff,0xff,0xff,0xc4,0x40,0x08,0x0f,0x54,0xdc,0xff,0xff,0xff,0xff,0xff,0xe3,0x01,0x00,0x00,0x00,0x41,0xff,
  0xff,0xff,0xff,0xff,0xff,0xff,0xff,0xff,0xff,0xff,0xff,0xff,0xff,0xff,0xff,0x5d,0x00,0x00,0x00,0x00,0x00,0x97,0xff,0xff,
  0xff,0xff,0xff,0xff,0xff,0xff,0xff,0xff,0xff,0xff,0xff,0xff,0xa8,0x01,0x00,0x00,0x00,0x00,0x00,0x03,0xab,0xff,0xff,0xff,
  0xff,0xff,0xff,0xff,0xff,0xff,0xff,0xff,0xff,0xac,0x06,0x00,0x00,0x00,0x00,0x00,0x00,0x00,0x01,0x73,0xf2,0xff,0xff,0xff,
  0xff,0xff,0xff,0xff,0xff,0xed,0x6d,0x00,0x00,0x00,0x00,0x00,0x00,0x00,0x00,0x00,0x00,0x00,0x11,0x71,0xb7,0xe3,0xf7,0xf5,
  0xdf,0xaf,0x68,0x0c,0x00,0x00,0x00,0x00,0x00,0x00,0x00,0x00,0x00,0x00,0x00,0x00,0x00,0x00,0x00,0x00,0x00,0x00,0x31,0xfa,
  0xff,0xff,0xff,0xc8,0x00,0x00,0x00,0x00,0x00,0x00,0x00,0x00,0x00,0x00,0x00,0x00,0x00,0x00,0x00,0x08,0xd4,0xff,0xff,0xff,
  0xff,0xc8,0x00,0x00,0x00,0x00,0x00,0x00,0x00,0x00,0x00,0x00,0x00,0x00,0x00,0x00,0x00,0x8e,0xff,0xff,0xff,0xff,0xff,0xc8,
  0x00,0x00,0x00,0x00,0x00,0x00,0x00,0x00,0x00,0x00,0x00,0x00,0x00,0x00,0x3f,0xfe,0xff,0xff,0xff,0xff,0xff,0xc8,0x00,0x00,
  0x00,0x00,0x00,0x00,0x00,0x00,0x00,0x00,0x00,0x00,0x00,0x0e,0xe0,0xff,0xff,0xff,0xff,0xff,0xff,0xc8,0x00,0x00,0x00,0x00,
  0x00,0x00,0x00,0x00,0x00,0x00,0x00,0x00,0x00,0x9f,0xff,0xff,0xff,0xff,0xff,0xff,0xff,0xc8,0x00,0x00,0x00,0x00,0x00,0x00,
  0x00,0x00,0x00,0x00,0x00,0x00,0x4f,0xff,0xff,0xff,0xff,0xff,0xff,0xff,0xff,0xc8,0x00,0x00,0x00,0x00,0x00,0x00,0x00,0x00,
  0x00,0x00,0x00,0x16,0xe9,0xff,0xff,0xff,0xff,0xff,0xff,0xff,0xff,0xc8,0x00,0x00,0x00,0x00,0x00,0x00,0x00,0x00,0x00,0x00,
  0x00,0xb0,0xff,0xff,0xff,0xff,0xe3,0xff,0xff,0xff,0xff,0xc8,0x00,0x00,0x00,0x00,0x00,0x00,0x00,0x00,0x00,0x00,0x61,0xff,
  0xff,0xff,0xff,0xbb,0x89,0xff,0xff,0xff,0xff,0xc8,0x00,0x00,0x00,0x00,0x00,0x00,0x00,0x00,0x00,0x1f,0xf1,0xff,0xff,0xff,
  0xef,0x1c,0x88,0xff,0xff,0xff,0xff,0xc8,0x00,0x00,0x00,0x00,0x00,0x00,0x00,0x00,0x01,0xbf,0xff,0xff,0xff,0xff,0x5b,0x00,
  0x88,0xff,0xff,0xff,0xff,0xc8,0x00,0x00,0x00,0x00,0x00,0x00,0x00,0x00,0x73,0xff,0xff,0xff,0xff,0xaa,0x00,0x00,0x88,0xff,
  0xff,0xff,0xff,0xc8,0x00,0x00,0x00,0x00,0x00,0x00,0x00,0x2b,0xf7,0xff,0xff,0xff,0xe7,0x13,0x00,0x00,0x88,0xff,0xff,0xff,
  0xff,0xc8,0x00,0x00,0x00,0x00,0x00,0x00,0x05,0xce,0xff,0xff,0xff,0xff,0x4a,0x00,0x00,0x00,0x88,0xff,0xff,0xff,0xff,0xc8,
  0x00,0x00,0x00,0x00,0x00,0x00,0x84,0xff,0xff,0xff,0xff,0x99,0x00,0x00,0x00,0x00,0x88,0xff,0xff,0xff,0xff,0xc8,0x00,0x00,
  0x00,0x00,0x00,0x38,0xfc,0xff,0xff,0xff,0xdc,0x0c,0x00,0x00,0x00,0x00,0x88,0xff,0xff,0xff,0xff,0xc8,0x00,0x00,0x00,0x00,
  0x0a,0xda,0xff,0xff,0xff,0xfd,0x3b,0x00,0x00,0x00,0x00,0x00,0x88,0xff,0xff,0xff,0xff,0xc8,0x00,0x00,0x00,0x00,0x3f,0xff,
  0xff,0xff,0xff,0xff,0xff,0xff,0xff,0xff,0xff,0xff,0xff,0xff,0xff,0xff,0xff,0xff,0xff,0xff,0xff,0x54,0x40,0xff,0xff,0xff,
  0xff,0xff,0xff,0xff,0xff,0xff,0xff,0xff,0xff,0xff,0xff,0xff,0xff,0xff,0xff,0xff,0xff,0x54,0x40,0xff,0xff,0xff,0xff,0xff,
  0xff,0xff,0xff,0xff,0xff,0xff,0xff,0xff,0xff,0xff,0xff,0xff,0xff,0xff,0xff,0x54,0x40,0xff,0xff,0xff,0xff,0xff,0xff,0xff,
  0xff,0xff,0xff,0xff,0xff,0xff,0xff,0xff,0xff,0xff,0xff,0xff,0xff,0x54,0x40,0xff,0xff,0xff,0xff,0xff,0xff,0xff,0xff,0xff,
  0xff,0xff,0xff,0xff,0xff,0xff,0xff,0xff,0xff,0xff,0xff,0x54,0x00,0x00,0x00,0x00,0x00,0x00,0x00,0x00,0x00,0x00,0x00,0x00,
  0x88,0xff,0xff,0xff,0xff,0xc8,0x00,0x00,0x00,0x00,0x00,0x00,0x00,0x00,0x00,0x00,0x00,0x00,0x00,0x00,0x00,0x00,0x88,0xff,
  0xff,0xff,0xff,0xc8,0x00,0x00,0x00,0x00,0x00,0x00,0x00,0x00,0x00,0x00,0x00,0x00,0x00,0x00,0x00,0x00,0x88,0xff,0xff,0xff,
  0xff,0xc8,0x00,0x00,0x00,0x00,0x00,0x00,0x00,0x00,0x00,0x00,0x00,0x00,0x00,0x00,0x00,0x00,0x88,0xff,0xff,0xff,0xff,0xc8,
  0x00,0x00,0x00,0x00,0x00,0x00,0x00,0x00,0x00,0x00,0x00,0x00,0x00,0x00,0x00,0x00,0x88,0xff,0xff,0xff,0xff,0xc8,0x00,0x00,
  0x00,0x00,0x00,0x00,0x00,0x00,0x00,0x00,0x00,0x00,0x00,0x00,0x00,0x00,0x88,0xff,0xff,0xff,0xff,0xc8,0x00,0x00,0x00,0x00,
  0x00,0x00,0x00,0x00,0x00,0xd6,0xff,0xff,0xff,0xff,0xff,0xff,0xff,0xff,0xff,0xff,0xff,0xff,0xff,0xc4,0x00,0x00,0x00,0x00,
  0x00,0x00,0x06,0xfb,0xff,0xff,0xff,0xff,0xff,0xff,0xff,0xff,0xff,0xff,0xff,0xff,0xff,0xc4,0x00,0x00,0x00,0x00,0x00,0x00,
  0x2e,0xff,0xff,0xff,0xff,0xff,0xff,0xff,0xff,0xff,0xff,0xff,0xff,0xff,0xff,0xc4,0x00,0x00,0x00,0x00,0x00,0x00,0x5a,0xff,
  0xff,0xff,0xff,0xff,0xff,0xff,0xff,0xff,0xff,0xff,0xff,0xff,0xff,0xc4,0x00,0x00,0x00,0x00,0x00,0x00,0x86,0xff,0xff,0xff,
  0xff,0xff,0xff,0xff,0xff,0xff,0xff,0xff,0xff,0xff,0xff,0xc4,0x00,0x00,0x00,0x00,0x00,0x00,0xb2,0xff,0xff,0xff,0xff,0xff,
  0xff,0xff,0xff,0xff,0xff,0xff,0xff,0xff,0xff,0xc4,0x00,0x00,0x00,0x00,0x00,0x00,0xde,0xff,0xff,0xff,0xff,0x55,0x00,0x00,
  0x00,0x00,0x00,0x00,0x00,0x00,0x00,0x00,0x00,0x00,0x00,0x00,0x00,0x0b,0xfe,0xff,0xff,0xff,0xff,0x2a,0x00,0x00,0x00,0x00,
  0x00,0x00,0x00,0x00,0x00,0x00,0x00,0x00,0x00,0x00,0x00,0x36,0xff,0xff,0xff,0xff,0xf9,0x04,0x00,0x00,0x00,0x00,0x00,0x00,
  0x00,0x00,0x00,0x00,0x00,0x00,0x00,0x00,0x00,0x62,0xff,0xff,0xff,0xff,0xd2,0x00,0x00,0x00,0x00,0x00,0x00,0x00,0x00,0x00,
  0x00,0x00,0x00,0x00,0x00,0x00,0x00,0x8e,0xff,0xff,0xff,0xff,0xaf,0x68,0xbf,0xef,0xf9,0xe3,0xb4,0x64,0x07,0x00,0x00,0x00,
  0x00,0x00,0x00,0x00,0x00,0xba,0xff,0xff,0xff,0xff,0xff,0xff,0xff,0xff,0xff,0xff,0xff,0xff,0xdf,0x43,0x00,0x00,0x00,0x00,
  0x00,0x00,0x00,0xe6,0xff,0xff,0xff,0xff,0xff,0xff,0xff,0xff,0xff,0xff,0xff,0xff,0xff,0xfb,0x5f,0x00,0x00,0x00,0x00,0x00,
  0x11,0xff,0xff,0xff,0xff,0xff,0xff,0xff,0xff,0xff,0xff,0xff,0xff,0xff,0xff,0xff,0xfb,0x3f,0x00,0x00,0x00,0x00,0x3d,0xff,
  0xff,0xff,0xff,0xff,0xff,0xff,0xff,0xff,0xff,0xff,0xff,0xff,0xff,0xff,0xff,0xdb,0x04,0x00,0x00,0x00,0x69,0xff,0xff,0xff,
  0xff,0xff,0xbb,0x49,0x12,0x08,0x30,0x9c,0xff,0xff,0xff,0xff,0xff,0xff,0x5a,0x00,0x00,0x00,0x3a,0x89,0xac,0xcf,0xf0,0x73,
  0x00,0x00,0x00,0x00,0x00,0x00,0x78,0xff,0xff,0xff,0xff,0xff,0xa8,0x00,0x00,0x00,0x00,0x00,0x00,0x00,0x00,0x00,0x00,0x00,
  0x00,0x00,0x00,0x00,0x04,0xe7,0xff,0xff,0xff,0xff,0xe1,0x00,0x00,0x00,0x00,0x00,0x00,0x00,0x00,0x00,0x00,0x00,0x00,0x00,
  0x00,0x00,0x00,0xaf,0xff,0xff,0xff,0xff,0xf8,0x00,0x00,0x00,0x00,0x00,0x00,0x00,0x00,0x00,0x00,0x00,0x00,0x00,0x00,0x00,
  0x00,0xa1,0xff,0xff,0xff,0xff,0xfe,0x02,0x00,0x14,0x82,0x9d,0xb7,0xd1,0xec,0x62,0x00,0x00,0x00,0x00,0x00,0x00,0x00,0xb6,
  0xff,0xff,0xff,0xff,0xee,0x00,0x00,0x0b,0xfd,0xff,0xff,0xff,0xff,0xb1,0x00,0x00,0x00,0x00,0x00,0x00,0x09,0xef,0xff,0xff,
  0xff,0xff,0xc1,0x00,0x00,0x00,0xcc,0xff,0xff,0xff,0xff,0xff,0x52,0x00,0x00,0x00,0x00,0x00,0x88,0xff,0xff,0xff,0xff,0xff,
  0x7c,0x00,0x00,0x00,0x6f,0xff,0xff,0xff,0xff,0xff,0xf8,0x78,0x1a,0x06,0x2e,0xa2,0xff,0xff,0xff,0xff,0xff,0xfa,0x19,0x00,
  0x00,0x00,0x0d,0xe5,0xff,0xff,0xff,0xff,0xff,0xff,0xff,0xff,0xff,0xff,0xff,0xff,0xff,0xff,0xff,0x86,0x00,0x00,0x00,0x00,
  0x00,0x4f,0xfe,0xff,0xff,0xff,0xff,0xff,0xff,0xff,0xff,0xff,0xff,0xff,0xff,0xff,0xc8,0x08,0x00,0x00,0x00,0x00,0x00,0x00,
  0x6c,0xfe,0xff,0xff,0xff,0xff,0xff,0xff,0xff,0xff,0xff,0xff,0xff,0xcf,0x10,0x00,0x00,0x00,0x00,0x00,0x00,0x00,0x00,0x46,
  0xe1,0xff,0xff,0xff,0xff,0xff,0xff,0xff,0xff,0xfc,0x8c,0x0a,0x00,0x00,0x00,0x00,0x00,0x00,0x00,0x00,0x00,0x00,0x05,0x5a,
  0xa6,0xdc,0xf2,0xf8,0xe1,0xc2,0x78,0x21,0x00,0x00,0x00,0x00,0x00,0x00,0x00,0x00,0x00,0x00,0x00,0x00,0x00,0x05,0x4f,0xa1,
  0xd5,0xee,0xf8,0xe3,0xaf,0x5c,0x04,0x00,0x00,0x00,0x00,0x00,0x00,0x00,0x00,0x00,0x00,0x00,0x40,0xd5,0xff,0xff,0xff,0xff,
  0xff,0xff,0xff,0xff,0xd5,0x2d,0x00,0x00,0x00,0x00,0x00,0x00,0x00,0x00,0x00,0x68,0xfe,0xff,0xff,0xff,0xff,0xff,0xff,0xff,
  0xff,0xff,0xff,0xf0,0x2e,0x00,0x00,0x00,0x00,0x00,0x00,0x00,0x65,0xff,0xff,0xff,0xff,0xff,0xff,0xff,0xff,0xff,0xff,0xff,
  0xff,0xff,0xd8,0x06,0x00,0x00,0x00,0x00,0x00,0x27,0xf8,0xff,0xff,0xff,0xff,0xff,0xff,0xff,0xff,0xff,0xff,0xff,0xff,0xff,
  0xff,0x6b,0x00,0x00,0x00,0x00,0x00,0xac,0xff,0xff,0xff,0xff,0xff,0xe4,0x52,0x0c,0x1a,0x75,0xfb,0xff,0xff,0xff,0xff,0xcf,
  0x00,0x00,0x00,0x00,0x1b,0xfc,0xff,0xff,0xff,0xff,0xef,0x23,0x00,0x00,0x00,0x00,0x82,0xff,0xff,0xff,0xff,0xff,0x15,0x00,
  0x00,0x00,0x6c,0xff,0xff,0xff,0xff,0xff,0x7a,0x00,0x00,0x00,0x00,0x00,0x25,0xf3,0xd8,0xbe,0xa4,0x89,0x1d,0x00,0x00,0x00,
  0xaf,0xff,0xff,0xff,0xff,0xff,0x20,0x00,0x00,0x00,0x00,0x00,0x00,0x00,0x00,0x00,0x00,0x00,0x00,0x00,0x00,0x00,0xe3,0xff,
  0xff,0xff,0xff,0xdf,0x00,0x00,0x00,0x00,0x00,0x00,0x00,0x00,0x00,0x00,0x00,0x00,0x00,0x00,0x00,0x0a,0xff,0xff,0xff,0xff,
  0xff,0xb3,0x00,0x00,0x00,0x00,0x00,0x00,0x00,0x00,0x00,0x00,0x00,0x00,0x00,0x00,0x00,0x26,0xff,0xff,0xff,0xff,0xff,0x90,
  0x00,0x43,0xab,0xe5,0xf9,0xe7,0xbb,0x6b,0x09,0x00,0x00,0x00,0x00,0x00,0x00,0x3a,0xff,0xff,0xff,0xff,0xff,0x7c,0x9c,0xff,
  0xff,0xff,0xff,0xff,0xff,0xff,0xe4,0x46,0x00,0x00,0x00,0x00,0x00,0x45,0xff,0xff,0xff,0xff,0xff,0xea,0xff,0xff,0xff,0xff,
  0xff,0xff,0xff,0xff,0xff,0xfc,0x5e,0x00,0x00,0x00,0x00,0x4a,0xff,0xff,0xff,0xff,0xff,0xff,0xff,0xff,0xff,0xff,0xff,0xff,
  0xff,0xff,0xff,0xff,0xf9,0x39,0x00,0x00,0x00,0x48,0xff,0xff,0xff,0xff,0xff,0xff,0xff,0xff,0xff,0xff,0xff,0xff,0xff,0xff,
  0xff,0xff,0xff,0xcd,0x00,0x00,0x00,0x40,0xff,0xff,0xff,0xff,0xff,0xff,0xff,0xa2,0x31,0x0b,0x25,0x7a,0xf5,0xff,0xff,0xff,
  0xff,0xff,0x42,0x00,0x00,0x2f,0xff,0xff,0xff,0xff,0xff,0xff,0x81,0x00,0x00,0x00,0x00,0x00,0x41,0xff,0xff,0xff,0xff,0xff,
  0x8a,0x00,0x00,0x16,0xff,0xff,0xff,0xff,0xff,0xfa,0x0d,0x00,0x00,0x00,0x00,0x00,0x00,0xc6,0xff,0xff,0xff,0xff,0xb6,0x00,
  0x00,0x00,0xf2,0xff,0xff,0xff,0xff,0xe1,0x00,0x00,0x00,0x00,0x00,0x00,0x00,0x97,0xff,0xff,0xff,0xff,0xcb,0x00,0x00,0x00,
  0xc2,0xff,0xff,0xff,0xff,0xed,0x00,0x00,0x00,0x00,0x00,0x00,0x00,0x93,0xff,0xff,0xff,0xff,0xc5,0x00,0x00,0x00,0x85,0xff,
  0xff,0xff,0xff,0xff,0x2c,0x00,0x00,0x00,0x00,0x00,0x00,0xb6,0xff,0xff,0xff,0xff,0xaf,0x00,0x00,0x00,0x36,0xff,0xff,0xff,
  0xff,0xff,0xbb,0x05,0x00,0x00,0x00,0x00,0x25,0xf9,0xff,0xff,0xff,0xff,0x79,0x00,0x00,0x00,0x00,0xcf,0xff,0xff,0xff,0xff,
  0xff,0xc7,0x43,0x09,0x18,0x5d,0xe5,0xff,0xff,0xff,0xff,0xff,0x2f,0x00,0x00,0x00,0x00,0x4a,0xff,0xff,0xff,0xff,0xff,0xff,
  0xff,0xff,0xff,0xff,0xff,0xff,0xff,0xff,0xff,0xb4,0x00,0x00,0x00,0x00,0x00,0x00,0x99,0xff,0xff,0xff,0xff,0xff,0xff,0xff,
  0xff,0xff,0xff,0xff,0xff,0xff,0xee,0x24,0x00,0x00,0x00,0x00,0x00,0x00,0x02,0xa1,0xff,0xff,0xff,0xff,0xff,0xff,0xff,0xff,
  0xff,0xff,0xff,0xf1,0x40,0x00,0x00,0x00,0x00,0x00,0x00,0x00,0x00,0x02,0x70,0xf2,0xff,0xff,0xff,0xff,0xff,0xff,0xff,0xff,
  0xc6,0x26,0x00,0x00,0x00,0x00,0x00,0x00,0x00,0x00,0x00,0x00,0x00,0x17,0x71,0xc0,0xe4,0xfa,0xee,0xd4,0x97,0x44,0x00,0x00,
  0x00,0x00,0x00,0x00,0x00,0x4c,0xff,0xff,0xff,0xff,0xff,0xff,0xff,0xff,0xff,0xff,0xff,0xff,0xff,0xff,0xff,0xff,0xff,0xff,
  0x78,0x00,0x00,0x4c,0xff,0xff,0xff,0xff,0xff,0xff,0xff,0xff,0xff,0xff,0xff,0xff,0xff,0xff,0xff,0xff,0xff,0xff,0x78,0x00,
  0x00,0x4c,0xff,0xff,0xff,0xff,0xff,0xff,0xff,0xff,0xff,0xff,0xff,0xff,0xff,0xff,0xff,0xff,0xff,0xff,0x78,0x00,0x00,0x4c,
  0xff,0xff,0xff,0xff,0xff,0xff,0xff,0xff,0xff,0xff,0xff,0xff,0xff,0xff,0xff,0xff,0xff,0xff,0x78,0x00,0x00,0x4c,0xff,0xff,
  0xff,0xff,0xff,0xff,0xff,0xff,0xff,0xff,0xff,0xff,0xff,0xff,0xff,0xff,0xff,0xe6,0x1f,0x00,0x00,0x4c,0xff,0xff,0xff,0xff,
  0xff,0xff,0xff,0xff,0xff,0xff,0xff,0xff,0xff,0xff,0xff,0xff,0xf7,0x31,0x00,0x00,0x00,0x00,0x00,0x00,0x00,0x00,0x00,0x00,
  0x00,0x00,0x00,0x00,0x00,0x34,0xf9,0xff,0xff,0xff,0x66,0x00,0x00,0x00,0x00,0x00,0x00,0x00,0x00,0x00,0x00,0x00,0x00,0x00,
  0x00,0x00,0x0e,0xdc,0xff,0xff,0xff,0xb5,0x00,0x00,0x00,0x00,0x00,0x00,0x00,0x00,0x00,0x00,0x00,0x00,0x00,0x00,0x00,0x00,
  0xa4,0xff,0xff,0xff,0xf2,0x1c,0x00,0x00,0x00,0x00,0x00,0x00,0x00,0x00,0x00,0x00,0x00,0x00,0x00,0x00,0x00,0x46,0xff,0xff,
  0xff,0xff,0x76,0x00,0x00,0x00,0x00,0x00,0x00,0x00,0x00,0x00,0x00,0x00,0x00,0x00,0x00,0x00,0x08,0xdb,0xff,0xff,0xff,0xdc,
  0x06,0x00,0x00,0x00,0x00,0x00,0x00,0x00,0x00,0x00,0x00,0x00,0x00,0x00,0x00,0x00,0x78,0xff,0xff,0xff,0xff,0x5d,0x00,0x00,
  0x00,0x00,0x00,0x00,0x00,0x00,0x00,0x00,0x00,0x00,0x00,0x00,0x00,0x0e,0xed,0xff,0xff,0xff,0xd9,0x03,0x00,0x00,0x00,0x00,
  0x00,0x00,0x00,0x00,0x00,0x00,0x00,0x00,0x00,0x00,0x00,0x80,0xff,0xff,0xff,0xff,0x65,0x00,0x00,0x00,0x00,0x00,0x00,0x00,
  0x00,0x00,0x00,0x00,0x00,0x00,0x00,0x00,0x09,0xed,0xff,0xff,0xff,0xee,0x0a,0x00,0x00,0x00,0x00,0x00,0x00,0x00,0x00,0x00,
  0x00,0x00,0x00,0x00,0x00,0x00,0x62,0xff,0xff,0xff,0xff,0x8f,0x00,0x00,0x00,0x00,0x00,0x00,0x00,0x00,0x00,0x00,0x00,0x00,
  0x00,0x00,0x00,0x00,0xcd,0xff,0xff,0xff,0xff,0x33,0x00,0x00,0x00,0x00,0x00,0x00,0x00,0x00,0x00,0x00,0x00,0x00,0x00,0x00,
  0x00,0x2e,0xff,0xff,0xff,0xff,0xd9,0x00,0x00,0x00,0x00,0x00,0x00,0x00,0x00,0x00,0x00,0x00,0x00,0x00,0x00,0x00,0x00,0x84,
  0xff,0xff,0xff,0xff,0x8c,0x00,0x00,0x00,0x00,0x00,0x00,0x00,0x00,0x00,0x00,0x00,0x00,0x00,0x00,0x00,0x00,0xd9,0xff,0xff,
  0xff,0xff,0x42,0x00,0x00,0x00,0x00,0x00,0x00,0x00,0x00,0x00,0x00,0x00,0x00,0x00,0x00,0x00,0x24,0xff,0xff,0xff,0xff,0xf8,
  0x06,0x00,0x00,0x00,0x00,0x00,0x00,0x00,0x00,0x00,0x00,0x00,0x00,0x00,0x00,0x00,0x64,0xff,0xff,0xff,0xff,0xc5,0x00,0x00,
  0x00,0x00,0x00,0x00,0x00,0x00,0x00,0x00,0x00,0x00,0x00,0x00,0x00,0x00,0xa3,0xff,0xff,0xff,0xff,0x8c,0x00,0x00,0x00,0x00,
  0x00,0x00,0x00,0x00,0x00,0x00,0x00,0x00,0x00,0x00,0x00,0x00,0xd8,0xff,0xff,0xff,0xff,0x5e,0x00,0x00,0x00,0x00,0x00,0x00,
  0x00,0x00,0x00,0x00,0x00,0x00,0x00,0x00,0x00,0x05,0xfb,0xff,0xff,0xff,0xff,0x33,0x00,0x00,0x00,0x00,0x00,0x00,0x00,0x00,
  0x00,0x00,0x00,0x00,0x00,0x00,0x00,0x2a,0xff,0xff,0xff,0xff,0xff,0x12,0x00,0x00,0x00,0x00,0x00,0x00,0x00,0x00,0x00,0x00,
  0x00,0x00,0x00,0x00,0x00,0x48,0xff,0xff,0xff,0xff,0xf6,0x00,0x00,0x00,0x00,0x00,0x00,0x00,0x00,0x00,0x00,0x00,0x00,0x00,
  0x00,0x00,0x00,0x5a,0xff,0xff,0xff,0xff,0xe4,0x00,0x00,0x00,0x00,0x00,0x00,0x00,0x00,0x00,0x00,0x00,0x00,0x00,0x00,0x00,
  0x00,0x6b,0xff,0xff,0xff,0xff,0xdc,0x00,0x00,0x00,0x00,0x00,0x00,0x00,0x00,0x00,0x00,0x00,0x00,0x00,0x00,0x00,0x00,0x00,
  0x28,0x87,0xc2,0xe7,0xf8,0xf5,0xe4,0xb9,0x7b,0x1a,0x00,0x00,0x00,0x00,0x00,0x00,0x00,0x00,0x00,0x00,0x0d,0x9f,0xfe,0xff,
  0xff,0xff,0xff,0xff,0xff,0xff,0xff,0xfa,0x83,0x04,0x00,0x00,0x00,0x00,0x00,0x00,0x00,0x0c,0xcc,0xff,0xff,0xff,0xff,0xff,
  0xff,0xff,0xff,0xff,0xff,0xff,0xff,0xae,0x03,0x00,0x00,0x00,0x00,0x00,0x00,0xa0,0xff,0xff,0xff,0xff,0xff,0xff,0xff,0xff,
  0xff,0xff,0xff,0xff,0xff,0xff,0x7b,0x00,0x00,0x00,0x00,0x00,0x25,0xfe,0xff,0xff,0xff,0xff,0xe3,0x55,0x15,0x16,0x5c,0xea,
  0xff,0xff,0xff,0xff,0xf5,0x0c,0x00,0x00,0x00,0x00,0x74,0xff,0xff,0xff,0xff,0xf9,0x29,0x00,0x00,0x00,0x00,0x38,0xfd,0xff,
  0xff,0xff,0xff,0x52,0x00,0x00,0x00,0x00,0x99,0xff,0xff,0xff,0xff,0xb4,0x00,0x00,0x00,0x00,0x00,0x00,0xc9,0xff,0xff,0xff,
  0xff,0x77,0x00,0x00,0x00,0x00,0x9a,0xff,0xff,0xff,0xff,0x96,0x00,0x00,0x00,0x00,0x00,0x00,0xaa,0xff,0xff,0xff,0xff,0x80,
  0x00,0x00,0x00,0x00,0x77,0xff,0xff,0xff,0xff,0xb4,0x00,0x00,0x00,0x00,0x00,0x00,0xcb,0xff,0xff,0xff,0xff,0x5f,0x00,0x00,
  0x00,0x00,0x24,0xfd,0xff,0xff,0xff,0xf7,0x24,0x00,0x00,0x00,0x00,0x38,0xfd,0xff,0xff,0xff,0xf9,0x15,0x00,0x00,0x00,0x00,
  0x00,0xa1,0xff,0xff,0xff,0xff,0xdd,0x4f,0x12,0x17,0x5c,0xe8,0xff,0xff,0xff,0xff,0x80,0x00,0x00,0x00,0x00,0x00,0x00,0x0b,
  0xba,0xff,0xff,0xff,0xff,0xff,0xff,0xff,0xff,0xff,0xff,0xff,0xff,0x9c,0x01,0x00,0x00,0x00,0x00,0x00,0x00,0x00,0x02,0x68,
  0xec,0xff,0xff,0xff,0xff,0xff,0xff,0xff,0xff,0xea,0x55,0x00,0x00,0x00,0x00,0x00,0x00,0x00,0x00,0x00,0x19,0xac,0xfe,0xff,
  0xff,0xff,0xff,0xff,0xff,0xff,0xff,0xff,0xb0,0x1f,0x00,0x00,0x00,0x00,0x00,0x00,0x00,0x2e,0xea,0xff,0xff,0xff,0xff,0xff,
  0xff,0xff,0xff,0xff,0xff,0xff,0xff,0xef,0x3a,0x00,0x00,0x00,0x00,0x00,0x11,0xe3,0xff,0xff,0xff,0xff,0xdd,0x4e,0x0e,0x0d,
  0x53,0xe0,0xff,0xff,0xff,0xff,0xec,0x1d,0x00,0x00,0x00,0x00,0x89,0xff,0xff,0xff,0xff,0xf3,0x1e,0x00,0x00,0x00,0x00,0x1b,
  0xeb,0xff,0xff,0xff,0xff,0xa6,0x00,0x00,0x00,0x04,0xeb,0xff,0xff,0xff,0xff,0x8c,0x00,0x00,0x00,0x00,0x00,0x00,0x6e,0xff,
  0xff,0xff,0xff,0xfb,0x14,0x00,0x00,0x33,0xff,0xff,0xff,0xff,0xff,0x37,0x00,0x00,0x00,0x00,0x00,0x00,0x21,0xff,0xff,0xff,
  0xff,0xff,0x4e,0x00,0x00,0x55,0xff,0xff,0xff,0xff,0xff,0x13,0x00,0x00,0x00,0x00,0x00,0x00,0x03,0xff,0xff,0xff,0xff,0xff,
  0x6b,0x00,0x00,0x58,0xff,0xff,0xff,0xff,0xff,0x13,0x00,0x00,0x00,0x00,0x00,0x00,0x06,0xff,0xff,0xff,0xff,0xff,0x68,0x00,
  0x00,0x41,0xff,0xff,0xff,0xff,0xff,0x38,0x00,0x00,0x00,0x00,0x00,0x00,0x26,0xff,0xff,0xff,0xff,0xff,0x52,0x00,0x00,0x18,
  0xfe,0xff,0xff,0xff,0xff,0x89,0x00,0x00,0x00,0x00,0x00,0x00,0x70,0xff,0xff,0xff,0xff,0xff,0x1f,0x00,0x00,0x00,0xc7,0xff,
  0xff,0xff,0xff,0xf5,0x2b,0x00,0x00,0x00,0x00,0x17,0xe8,0xff,0xff,0xff,0xff,0xd4,0x00,0x00,0x00,0x00,0x50,0xff,0xff,0xff,
  0xff,0xff,0xeb,0x60,0x11,0x0a,0x4c,0xdb,0xff,0xff,0xff,0xff,0xff,0x5c,0x00,0x00,0x00,0x00,0x00,0xab,0xff,0xff,0xff,0xff,
  0xff,0xff,0xff,0xff,0xff,0xff,0xff,0xff,0xff,0xff,0xb9,0x02,0x00,0x00,0x00,0x00,0x00,0x07,0xb4,0xff,0xff,0xff,0xff,0xff,
  0xff,0xff,0xff,0xff,0xff,0xff,0xff,0xcc,0x11,0x00,0x00,0x00,0x00,0x00,0x00,0x00,0x03,0x75,0xf4,0xff,0xff,0xff,0xff,0xff,
  0xff,0xff,0xff,0xfb,0x96,0x08,0x00,0x00,0x00,0x00,0x00,0x00,0x00,0x00,0x00,0x00,0x0f,0x6a,0xaf,0xdf,0xf4,0xf9,0xe6,0xc2,
  0x80,0x22,0x00,0x00,0x00,0x00,0x00,0x00,0x00,0x00,0x00,0x00,0x00,0x00,0x38,0x8f,0xcf,0xeb,0xf9,0xe4,0xc3,0x76,0x1d,0x00,
  0x00,0x00,0x00,0x00,0x00,0x00,0x00,0x00,0x00,0x00,0x19,0xb5,0xff,0xff,0xff,0xff,0xff,0xff,0xff,0xff,0xf7,0x7c,0x05,0x00,
  0x00,0x00,0x00,0x00,0x00,0x00,0x00,0x2e,0xe7,0xff,0xff,0xff,0xff,0xff,0xff,0xff,0xff,0xff,0xff,0xff,0xb3,0x07,0x00,0x00,
  0x00,0x00,0x00,0x00,0x16,0xe1,0xff,0xff,0xff,0xff,0xff,0xff,0xff,0xff,0xff,0xff,0xff,0xff,0xff,0xaf,0x00,0x00,0x00,0x00,
  0x00,0x00,0x9c,0xff,0xff,0xff,0xff,0xff,0xff,0xff,0xff,0xff,0xff,0xff,0xff,0xff,0xff,0xff,0x61,0x00,0x00,0x00,0x00,0x1a,
  0xfb,0xff,0xff,0xff,0xff,0xef,0x6b,0x1d,0x08,0x3c,0xbc,0xff,0xff,0xff,0xff,0xff,0xe2,0x03,0x00,0x00,0x00,0x63,0xff,0xff,
  0xff,0xff,0xff,0x3b,0x00,0x00,0x00,0x00,0x02,0xaa,0xff,0xff,0xff,0xff,0xff,0x4c,0x00,0x00,0x00,0x99,0xff,0xff,0xff,0xff,
  0xd2,0x00,0x00,0x00,0x00,0x00,0x00,0x19,0xfd,0xff,0xff,0xff,0xff,0x9c,0x00,0x00,0x00,0xaf,0xff,0xff,0xff,0xff,0xae,0x00,
  0x00,0x00,0x00,0x00,0x00,0x00,0xd6,0xff,0xff,0xff,0xff,0xd9,0x00,0x00,0x00,0xb4,0xff,0xff,0xff,0xff,0xb2,0x00,0x00,0x00,
  0x00,0x00,0x00,0x00,0xca,0xff,0xff,0xff,0xff,0xfe,0x0a,0x00,0x00,0xa0,0xff,0xff,0xff,0xff,0xe0,0x00,0x00,0x00,0x00,0x00,
  0x00,0x03,0xee,0xff,0xff,0xff,0xff,0xff,0x2c,0x00,0x00,0x73,0xff,0xff,0xff,0xff,0xff,0x59,0x00,0x00,0x00,0x00,0x00,0x6b,
  0xff,0xff,0xff,0xff,0xff,0xff,0x44,0x00,0x00,0x2b,0xff,0xff,0xff,0xff,0xff,0xfa,0x88,0x29,0x0a,0x2a,0x92,0xfc,0xff,0xff,
  0xff,0xff,0xff,0xff,0x56,0x00,0x00,0x00,0xb9,0xff,0xff,0xff,0xff,0xff,0xff,0xff,0xff,0xff,0xff,0xff,0xff,0xff,0xff,0xff,
  0xff,0xff,0x5e,0x00,0x00,0x00,0x2b,0xf4,0xff,0xff,0xff,0xff,0xff,0xff,0xff,0xff,0xff,0xff,0xff,0xff,0xff,0xff,0xff,0xff,
  0x61,0x00,0x00,0x00,0x00,0x4f,0xf8,0xff,0xff,0xff,0xff,0xff,0xff,0xff,0xff,0xff,0xeb,0xff,0xff,0xff,0xff,0xff,0x5c,0x00,
  0x00,0x00,0x00,0x00,0x3b,0xde,0xff,0xff,0xff,0xff,0xff,0xff,0xff,0xb3,0x65,0xff,0xff,0xff,0xff,0xff,0x51,0x00,0x00,0x00,
  0x00,0x00,0x00,0x06,0x65,0xb8,0xe7,0xf9,0xe8,0xb2,0x50,0x00,0x72,0xff,0xff,0xff,0xff,0xff,0x3d,0x00,0x00,0x00,0x00,0x00,
  0x00,0x00,0x00,0x00,0x00,0x00,0x00,0x00,0x00,0x00,0x96,0xff,0xff,0xff,0xff,0xff,0x20,0x00,0x00,0x00,0x00,0x00,0x00,0x00,
  0x00,0x00,0x00,0x00,0x00,0x00,0x00,0x00,0xc2,0xff,0xff,0xff,0xff,0xf7,0x02,0x00,0x00,0x00,0x00,0x00,0x00,0x00,0x00,0x00,
  0x00,0x00,0x00,0x00,0x00,0x0b,0xf8,0xff,0xff,0xff,0xff,0xc5,0x00,0x00,0x00,0x10,0x85,0xa0,0xba,0xd4,0xef,0x41,0x00,0x00,
  0x00,0x00,0x00,0x5e,0xff,0xff,0xff,0xff,0xff,0x83,0x00,0x00,0x00,0x04,0xf5,0xff,0xff,0xff,0xff,0x9f,0x00,0x00,0x00,0x00,
  0x13,0xe0,0xff,0xff,0xff,0xff,0xff,0x2f,0x00,0x00,0x00,0x00,0xb7,0xff,0xff,0xff,0xff,0xff,0x88,0x1f,0x09,0x42,0xd5,0xff,
  0xff,0xff,0xff,0xff,0xc2,0x00,0x00,0x00,0x00,0x00,0x56,0xff,0xff,0xff,0xff,0xff,0xff,0xff,0xff,0xff,0xff,0xff,0xff,0xff,
  0xff,0xfd,0x39,0x00,0x00,0x00,0x00,0x00,0x02,0xcf,0xff,0xff,0xff,0xff,0xff,0xff,0xff,0xff,0xff,0xff,0xff,0xff,0xff,0x7b,
  0x00,0x00,0x00,0x00,0x00,0x00,0x00,0x2b,0xef,0xff,0xff,0xff,0xff,0xff,0xff,0xff,0xff,0xff,0xff,0xff,0x7f,0x00,0x00,0x00,
  0x00,0x00,0x00,0x00,0x00,0x00,0x30,0xd9,0xff,0xff,0xff,0xff,0xff,0xff,0xff,0xff,0xe0,0x4f,0x00,0x00,0x00,0x00,0x00,0x00,
  0x00,0x00,0x00,0x00,0x00,0x05,0x5e,0xb1,0xe4,0xf8,0xf1,0xd9,0xa9,0x58,0x09,0x00,0x00,0x00,0x00,0x00,0x00,0x00,0x00,0x00,
  0x00,0x14,0xff,0xff,0xff,0xff,0xff,0x6c,0x00,0x00,0x00,0x00,0x00,0x00,0x14,0xff,0xff,0xff,0xff,0xff,0x6c,0x00,0x00,0x00,
  0x00,0x00,0x00,0x14,0xff,0xff,0xff,0xff,0xff,0x6c,0x00,0x00,0x00,0x00,0x00,0x00,0x14,0xff,0xff,0xff,0xff,0xff,0x6c,0x00,
  0x00,0x00,0x00,0x00,0x00,0x14,0xff,0xff,0xff,0xff,0xff,0x6c,0x00,0x00,0x00,0x00,0x00,0x00,0x14,0xff,0xff,0xff,0xff,0xff,
  0x6c,0x00,0x00,0x00,0x00,0x00,0x00,0x00,0x00,0x00,0x00,0x00,0x00,0x00,0x00,0x00,0x00,0x00,0x00,0x00,0x00,0x00,0x00,0x00,
  0x00,0x00,0x00,0x00,0x00,0x00,0x00,0x00,0x00,0x00,0x00,0x00,0x00,0x00,0x00,0x00,0x00,0x00,0x00,0x00,0x00,0x00,0x00,0x00,
  0x00,0x00,0x00,0x00,0x00,0x00,0x00,0x00,0x00,0x00,0x00,0x00,0x00,0x00,0x00,0x00,0x00,0x00,0x00,0x00,0x00,0x00,0x00,0x00,
  0x00,0x00,0x00,0x00,0x00,0x00,0x00,0x00,0x00,0x00,0x00,0x00,0x00,0x00,0x00,0x00,0x00,0x00,0x00,0x00,0x00,0x00,0x00,0x00,
  0x00,0x00,0x00,0x00,0x00,0x00,0x00,0x00,0x00,0x00,0x00,0x00,0x00,0x00,0x00,0x00,0x00,0x00,0x00,0x00,0x00,0x00,0x00,0x00,
  0x00,0x00,0x00,0x00,0x14,0xff,0xff,0xff,0xff,0xff,0x6c,0x00,0x00,0x00,0x00,0x00,0x00,0x14,0xff,0xff,0xff,0xff,0xff,0x6c,
  0x00,0x00,0x00,0x00,0x00,0x00,0x14,0xff,0xff,0xff,0xff,0xff,0x6c,0x00,0x00,0x00,0x00,0x00,0x00,0x14,0xff,0xff,0xff,0xff,
  0xff,0x6c,0x00,0x00,0x00,0x00,0x00,0x00,0x14,0xff,0xff,0xff,0xff,0xff,0x6c,0x00,0x00,0x00,0x00,0x00,0x00,0x14,0xff,0xff,
  0xff,0xff,0xff,0x6c,0x00,0x00,0x00,0x00,0x00,0x00,0x3c,0xff,0xff,0xff,0xff,0xff,0x44,0x00,0x00,0x00,0x00,0x00,0x00,0x3c,
  0xff,0xff,0xff,0xff,0xff,0x44,0x00,0x00,0x00,0x00,0x00,0x00,0x3c,0xff,0xff,0xff,0xff,0xff,0x44,0x00,0x00,0x00,0x00,0x00,
  0x00,0x3c,0xff,0xff,0xff,0xff,0xff,0x44,0x00,0x00,0x00,0x00,0x00,0x00,0x3c,0xff,0xff,0xff,0xff,0xff,0x44,0x00,0x00,0x00,
  0x00,0x00,0x00,0x3c,0xff,0xff,0xff,0xff,0xff,0x44,0x00,0x00,0x00,0x00,0x00,0x00,0x00,0x00,0x00,0x00,0x00,0x00,0x00,0x00,
  0x00,0x00,0x00,0x00,0x00,0x00,0x00,0x00,0x00,0x00,0x00,0x00,0x00,0x00,0x00,0x00,0x00,0x00,0x00,0x00,0x00,0x00,0x00,0x00,
  0x00,0x00,0x00,0x00,0x00,0x00,0x00,0x00,0x00,0x00,0x00,0x00,0x00,0x00,0x00,0x00,0x00,0x00,0x00,0x00,0x00,0x00,0x00,0x00,
  0x00,0x00,0x00,0x00,0x00,0x00,0x00,0x00,0x00,0x00,0x00,0x00,0x00,0x00,0x00,0x00,0x00,0x00,0x00,0x00,0x00,0x00,0x00,0x00,
  0x00,0x00,0x00,0x00,0x00,0x00,0x00,0x00,0x00,0x00,0x00,0x00,0x00,0x00,0x00,0x00,0x00,0x00,0x00,0x00,0x00,0x00,0x00,0x00,
  0x00,0x00,0x00,0x00,0x00,0x00,0x00,0x00,0x00,0x00,0x00,0x00,0x00,0x3c,0xff,0xff,0xff,0xff,0xff,0x44,0x00,0x00,0x00,0x00,
  0x00,0x00,0x3c,0xff,0xff,0xff,0xff,0xff,0x44,0x00,0x00,0x00,0x00,0x00,0x00,0x3c,0xff,0xff,0xff,0xff,0xff,0x44,0x00,0x00,
  0x00,0x00,0x00,0x00,0x3c,0xff,0xff,0xff,0xff,0xff,0x44,0x00,0x00,0x00,0x00,0x00,0x00,0x3c,0xff,0xff,0xff,0xff,0xff,0x42,
  0x00,0x00,0x00,0x00,0x00,0x00,0x3c,0xff,0xff,0xff,0xff,0xff,0x3b,0x00,0x00,0x00,0x00,0x00,0x00,0x00,0x00,0x00,0xa3,0xff,
  0xff,0x2a,0x00,0x00,0x00,0x00,0x00,0x00,0x00,0x00,0x00,0xc1,0xff,0xfd,0x0a,0x00,0x00,0x00,0x00,0x00,0x00,0x00,0x00,0x15,
  0xfa,0xff,0xcb,0x00,0x00,0x00,0x00,0x00,0x00,0x00,0x00,0x00,0x9f,0xff,0xff,0x64,0x00,0x00,0x00,0x00,0x00,0x00,0x00,0x1f,
  0xaa,0xff,0xff,0xc0,0x03,0x00,0x00,0x00,0x00,0x00,0x00,0x00,0x69,0xff,0xff,0xc1,0x14,0x00,0x00,0x00,0x00,0x00,0x00,0x00,
  0x00,0x04,0xc3,0x71,0x05,0x00,0x00,0x00,0x00,0x00,0x00,0x00,0x00,0x00,0x00,0x00,0x00,0x00,0x00,0x00,0x00,0x00,0x00,0x00,
  0x00,0x00,0x00,0x00,0x00,0x00,0x23,0x91,0x6e,0x00,0x00,0x00,0x00,0x00,0x00,0x00,0x00,0x00,0x00,0x00,0x00,0x00,0x00,0x00,
  0x00,0x00,0x00,0x41,0xb1,0xfd,0xff,0x7c,0x00,0x00,0x00,0x00,0x00,0x00,0x00,0x00,0x00,0x00,0x00,0x00,0x00,0x00,0x00,0x07,
  0x61,0xd0,0xff,0xff,0xff,0xff,0x7c,0x00,0x00,0x00,0x00,0x00,0x00,0x00,0x00,0x00,0x00,0x00,0x00,0x00,0x17,0x80,0xe9,0xff,
  0xff,0xff,0xff,0xff,0xff,0x7c,0x00,0x00,0x00,0x00,0x00,0x00,0x00,0x00,0x00,0x00,0x00,0x30,0xa0,0xf9,0xff,0xff,0xff,0xff,
  0xff,0xff,0xff,0xff,0x7c,0x00,0x00,0x00,0x00,0x00,0x00,0x00,0x00,0x02,0x50,0xc0,0xff,0xff,0xff,0xff,0xff,0xff,0xff,0xff,
  0xff,0xd9,0x6d,0x0c,0x00,0x00,0x00,0x00,0x00,0x00,0x0e,0x70,0xdd,0xff,0xff,0xff,0xff,0xff,0xff,0xff,0xff,0xfe,0xb7,0x49,
  0x01,0x00,0x00,0x00,0x00,0x00,0x00,0x22,0x8f,0xf2,0xff,0xff,0xff,0xff,0xff,0xff,0xff,0xff,0xf3,0x94,0x26,0x00,0x00,0x00,
  0x00,0x00,0x00,0x00,0x0f,0xaf,0xfd,0xff,0xff,0xff,0xff,0xff,0xff,0xff,0xff,0xdb,0x70,0x0e,0x00,0x00,0x00,0x00,0x00,0x00,
  0x00,0x00,0x00,0x24,0xff,0xff,0xff,0xff,0xff,0xff,0xff,0xff,0xbb,0x4c,0x01,0x00,0x00,0x00,0x00,0x00,0x00,0x00,0x00,0x00,
  0x00,0x00,0x24,0xff,0xff,0xff,0xff,0xff,0xfb,0x97,0x29,0x00,0x00,0x00,0x00,0x00,0x00,0x00,0x00,0x00,0x00,0x00,0x00,0x00,
  0x00,0x24,0xff,0xff,0xff,0xff,0xff,0xff,0xcb,0x59,0x04,0x00,0x00,0x00,0x00,0x00,0x00,0x00,0x00,0x00,0x00,0x00,0x00,0x00,
  0x24,0xff,0xff,0xff,0xff,0xff,0xff,0xff,0xff,0xe2,0x74,0x0f,0x00,0x00,0x00,0x00,0x00,0x00,0x00,0x00,0x00,0x00,0x00,0x0e,
  0xa8,0xfb,0xff,0xff,0xff,0xff,0xff,0xff,0xff,0xff,0xf2,0x90,0x21,0x00,0x00,0x00,0x00,0x00,0x00,0x00,0x00,0x00,0x00,0x00,
  0x1d,0x89,0xee,0xff,0xff,0xff,0xff,0xff,0xff,0xff,0xff,0xfc,0xab,0x39,0x00,0x00,0x00,0x00,0x00,0x00,0x00,0x00,0x00,0x00,
  0x00,0x0b,0x6a,0xd9,0xff,0xff,0xff,0xff,0xff,0xff,0xff,0xff,0xff,0xc7,0x54,0x03,0x00,0x00,0x00,0x00,0x00,0x00,0x00,0x00,
  0x00,0x00,0x01,0x4b,0xbc,0xff,0xff,0xff,0xff,0xff,0xff,0xff,0xff,0xff,0xdf,0x70,0x0d,0x00,0x00,0x00,0x00,0x00,0x00,0x00,
  0x00,0x00,0x00,0x00,0x2d,0x9d,0xf7,0xff,0xff,0xff,0xff,0xff,0xff,0xff,0xff,0x7c,0x00,0x00,0x00,0x00,0x00,0x00,0x00,0x00,
  0x00,0x00,0x00,0x00,0x00,0x15,0x7e,0xe7,0xff,0xff,0xff,0xff,0xff,0xff,0x7c,0x00,0x00,0x00,0x00,0x00,0x00,0x00,0x00,0x00,
  0x00,0x00,0x00,0x00,0x00,0x00,0x06,0x5f,0xce,0xff,0xff,0xff,0xff,0x7c,0x00,0x00,0x00,0x00,0x00,0x00,0x00,0x00,0x00,0x00,
  0x00,0x00,0x00,0x00,0x00,0x00,0x00,0x00,0x40,0xb0,0xfd,0xff,0x7c,0x00,0x00,0x00,0x00,0x00,0x00,0x00,0x00,0x00,0x00,0x00,
  0x00,0x00,0x00,0x00,0x00,0x00,0x00,0x00,0x00,0x23,0x91,0x6e,0x00,0x00,0x00,0x00,0x00,0x00,0x00,0x00,0x00,0x00,0x00,0x00,
  0x00,0x00,0x00,0x00,0x00,0x00,0x00,0x00,0x00,0x00,0x00,0x00,0x00,0x00,0x00,0x00,0x00,0x00,0x00,0x00,0x00,0x00,0x00,0x00,
  0x00,0x00,0x00,0x00,0x00,0x00,0x00,0x00,0x00,0x00,0x00,0x00,0x00,0x00,0x00,0x00,0x00,0x00,0x00,0x00,0x00,0x00,0x00,0x00,
  0x00,0x00,0x00,0x00,0x00,0x00,0x00,0x00,0x00,0x00,0x00,0x58,0xff,0xff,0xff,0xff,0xff,0xff,0xff,0xff,0xff,0xff,0xff,0xff,
  0xff,0xff,0xff,0xff,0xff,0xff,0xff,0xb0,0x00,0x00,0x58,0xff,0xff,0xff,0xff,0xff,0xff,0xff,0xff,0xff,0xff,0xff,0xff,0xff,
  0xff,0xff,0xff,0xff,0xff,0xff,0xb0,0x00,0x00,0x58,0xff,0xff,0xff,0xff,0xff,0xff,0xff,0xff,0xff,0xff,0xff,0xff,0xff,0xff,
  0xff,0xff,0xff,0xff,0xff,0xb0,0x00,0x00,0x58,0xff,0xff,0xff,0xff,0xff,0xff,0xff,0xff,0xff,0xff,0xff,0xff,0xff,0xff,0xff,
  0xff,0xff,0xff,0xff,0xb0,0x00,0x00,0x58,0xff,0xff,0xff,0xff,0xff,0xff,0xff,0xff,0xff,0xff,0xff,0xff,0xff,0xff,0xff,0xff,
  0xff,0xff,0xff,0xb0,0x00,0x00,0x00,0x00,0x00,0x00,0x00,0x00,0x00,0x00,0x00,0x00,0x00,0x00,0x00,0x00,0x00,0x00,0x00,0x00,
  0x00,0x00,0x00,0x00,0x00,0x00,0x00,0x00,0x00,0x00,0x00,0x00,0x00,0x00,0x00,0x00,0x00,0x00,0x00,0x00,0x00,0x00,0x00,0x00,
  0x00,0x00,0x00,0x00,0x00,0x00,0x00,0x00,0x00,0x00,0x00,0x00,0x00,0x00,0x00,0x00,0x00,0x00,0x00,0x00,0x00,0x00,0x00,0x00,
  0x00,0x00,0x00,0x00,0x00,0x00,0x00,0x00,0x00,0x00,0x00,0x00,0x00,0x00,0x00,0x00,0x00,0x00,0x00,0x00,0x00,0x00,0x00,0x00,
  0x00,0x00,0x58,0xff,0xff,0xff,0xff,0xff,0xff,0xff,0xff,0xff,0xff,0xff,0xff,0xff,0xff,0xff,0xff,0xff,0xff,0xff,0xb0,0x00,
  0x00,0x58,0xff,0xff,0xff,0xff,0xff,0xff,0xff,0xff,0xff,0xff,0xff,0xff,0xff,0xff,0xff,0xff,0xff,0xff,0xff,0xb0,0x00,0x00,
  0x58,0xff,0xff,0xff,0xff,0xff,0xff,0xff,0xff,0xff,0xff,0xff,0xff,0xff,0xff,0xff,0xff,0xff,0xff,0xff,0xb0,0x00,0x00,0x58,
  0xff,0xff,0xff,0xff,0xff,0xff,0xff,0xff,0xff,0xff,0xff,0xff,0xff,0xff,0xff,0xff,0xff,0xff,0xff,0xb0,0x00,0x00,0x58,0xff,
  0xff,0xff,0xff,0xff,0xff,0xff,0xff,0xff,0xff,0xff,0xff,0xff,0xff,0xff,0xff,0xff,0xff,0xff,0xb0,0x00,0x00,0x00,0x00,0x00,
  0x00,0x00,0x00,0x00,0x00,0x00,0x00,0x00,0x00,0x00,0x00,0x00,0x00,0x00,0x00,0x00,0x00,0x00,0x00,0x00,0x00,0x00,0x00,0x00,
  0x00,0x00,0x00,0x00,0x00,0x00,0x00,0x00,0x00,0x00,0x00,0x00,0x00,0x00,0x00,0x00,0x00,0x00,0x00,0x00,0x00,0x00,0x00,0x00,
  0x00,0x00,0x00,0x00,0x00,0x00,0x00,0x00,0x00,0x00,0x00,0x00,0x00,0x00,0x00,0x00,0x00,0x00,0x00,0x00,0x00,0x00,0x00,0x00,
  0x00,0x00,0x00,0x00,0x00,0x00,0x00,0x00,0x00,0x00,0x00,0x00,0x00,0x00,0x00,0x00,0x00,0x00,0x00,0x00,0x00,0x00,0x00,0x00,
  0x00,0x00,0x00,0x00,0x00,0x00,0x00,0x00,0x00,0x00,0x00,0x00,0x00,0x00,0x00,0x00,0x00,0x00,0x00,0x00,0x00,0x00,0x00,0x00,
  0x00,0x00,0x00,0x00,0x00,0x00,0x00,0x00,0x00,0x00,0x00,0x00,0x00,0x00,0x00,0x00,0x00,0x00,0x00,0x00,0x00,0x00,0x00,0x00,
  0x00,0x00,0x00,0x00,0x00,0x00,0x00,0x00,0x00,0x00,0x00,0x00,0x00,0x00,0x22,0xb8,0x48,0x01,0x00,0x00,0x00,0x00,0x00,0x00,
  0x00,0x00,0x00,0x00,0x00,0x00,0x00,0x00,0x00,0x00,0x00,0x00,0x00,0x24,0xff,0xff,0xd6,0x68,0x0a,0x00,0x00,0x00,0x00,0x00,
  0x00,0x00,0x00,0x00,0x00,0x00,0x00,0x00,0x00,0x00,0x00,0x00,0x24,0xff,0xff,0xff,0xff,0xed,0x88,0x1c,0x00,0x00,0x00,0x00,
  0x00,0x00,0x00,0x00,0x00,0x00,0x00,0x00,0x00,0x00,0x00,0x24,0xff,0xff,0xff,0xff,0xff,0xff,0xfb,0xa8,0x38,0x00,0x00,0x00,
  0x00,0x00,0x00,0x00,0x00,0x00,0x00,0x00,0x00,0x00,0x24,0xff,0xff,0xff,0xff,0xff,0xff,0xff,0xff,0xff,0xc8,0x58,0x04,0x00,
  0x00,0x00,0x00,0x00,0x00,0x00,0x00,0x00,0x00,0x01,0x48,0xb7,0xfe,0xff,0xff,0xff,0xff,0xff,0xff,0xff,0xff,0xe3,0x78,0x12,
  0x00,0x00,0x00,0x00,0x00,0x00,0x00,0x00,0x00,0x00,0x00,0x28,0x96,0xf4,0xff,0xff,0xff,0xff,0xff,0xff,0xff,0xff,0xf5,0x98,
  0x29,0x00,0x00,0x00,0x00,0x00,0x00,0x00,0x00,0x00,0x00,0x00,0x11,0x75,0xe1,0xff,0xff,0xff,0xff,0xff,0xff,0xff,0xff,0xfe,
  0xb8,0x48,0x01,0x00,0x00,0x00,0x00,0x00,0x00,0x00,0x00,0x00,0x00,0x03,0x54,0xc4,0xff,0xff,0xff,0xff,0xff,0xff,0xff,0xff,
  0xff,0xd6,0x42,0x00,0x00,0x00,0x00,0x00,0x00,0x00,0x00,0x00,0x00,0x00,0x00,0x33,0xa3,0xf9,0xff,0xff,0xff,0xff,0xff,0xff,
  0xff,0x80,0x00,0x00,0x00,0x00,0x00,0x00,0x00,0x00,0x00,0x00,0x00,0x00,0x00,0x00,0x18,0x82,0xea,0xff,0xff,0xff,0xff,0xff,
  0x80,0x00,0x00,0x00,0x00,0x00,0x00,0x00,0x00,0x00,0x00,0x00,0x00,0x00,0x00,0x21,0x8f,0xf2,0xff,0xff,0xff,0xff,0xff,0x80,
  0x00,0x00,0x00,0x00,0x00,0x00,0x00,0x00,0x00,0x00,0x00,0x00,0x3d,0xae,0xfd,0xff,0xff,0xff,0xff,0xff,0xff,0xff,0x80,0x00,
  0x00,0x00,0x00,0x00,0x00,0x00,0x00,0x00,0x05,0x5c,0xcd,0xff,0xff,0xff,0xff,0xff,0xff,0xff,0xff,0xff,0xc8,0x3a,0x00,0x00,
  0x00,0x00,0x00,0x00,0x00,0x14,0x7b,0xe6,0xff,0xff,0xff,0xff,0xff,0xff,0xff,0xff,0xfc,0xab,0x3a,0x00,0x00,0x00,0x00,0x00,
  0x00,0x00,0x2a,0x99,0xf6,0xff,0xff,0xff,0xff,0xff,0xff,0xff,0xff,0xf0,0x8c,0x1f,0x00,0x00,0x00,0x00,0x00,0x00,0x01,0x47,
  0xb8,0xff,0xff,0xff,0xff,0xff,0xff,0xff,0xff,0xff,0xdc,0x6e,0x0c,0x00,0x00,0x00,0x00,0x00,0x00,0x00,0x00,0x24,0xff,0xff,
  0xff,0xff,0xff,0xff,0xff,0xff,0xff,0xc0,0x50,0x02,0x00,0x00,0x00,0x00,0x00,0x00,0x00,0x00,0x00,0x00,0x24,0xff,0xff,0xff,
  0xff,0xff,0xff,0xf9,0xa2,0x31,0x00,0x00,0x00,0x00,0x00,0x00,0x00,0x00,0x00,0x00,0x00,0x00,0x00,0x24,0xff,0xff,0xff,0xff,
  0xeb,0x84,0x19,0x00,0x00,0x00,0x00,0x00,0x00,0x00,0x00,0x00,0x00,0x00,0x00,0x00,0x00,0x00,0x24,0xff,0xff,0xd5,0x65,0x08,
  0x00,0x00,0x00,0x00,0x00,0x00,0x00,0x00,0x00,0x00,0x00,0x00,0x00,0x00,0x00,0x00,0x00,0x22,0xb8,0x47,0x00,0x00,0x00,0x00,
  0x00,0x00,0x00,0x00,0x00,0x00,0x00,0x00,0x00,0x00,0x00,0x00,0x00,0x00,0x00,0x00,0x00,0x00,0x00,0x00,0x00,0x00,0x00,0x00,
  0x00,0x00,0x00,0x00,0x00,0x00,0x00,0x00,0x00,0x00,0x00,0x00,0x00,0x00,0x00,0x00,0x00,0x00,0x00,0x00,0x00,0x00,0x00,0x00,
  0x00,0x00,0x00,0x00,0x00,0x00,0x00,0x00,0x00,0x00,0x00,0x00,0x00,0x00,0x00,0x00,0x00,0x00,0x00,0x00,0x00,0x00,0x00,0x00,
  0x00,0x00,0x00,0x00,0x00,0x00,0x00,0x00,0x00,0x00,0x00,0x00,0x00,0x00,0x00,0x00,0x00,0x00,0x00,0x1c,0x76,0xb2,0xde,0xf1,
  0xfa,0xeb,0xd5,0xa2,0x63,0x0c,0x00,0x00,0x00,0x00,0x00,0x00,0x00,0x00,0x00,0x00,0x00,0x12,0xa0,0xfb,0xff,0xff,0xff,0xff,
  0xff,0xff,0xff,0xff,0xff,0xf0,0x7e,0x04,0x00,0x00,0x00,0x00,0x00,0x00,0x00,0x00,0x2f,0xe6,0xff,0xff,0xff,0xff,0xff,0xff,
  0xff,0xff,0xff,0xff,0xff,0xff,0xff,0xc8,0x13,0x00,0x00,0x00,0x00,0x00,0x00,0x26,0xec,0xff,0xff,0xff,0xff,0xff,0xff,0xff,
  0xff,0xff,0xff,0xff,0xff,0xff,0xff,0xff,0xce,0x0c,0x00,0x00,0x00,0x00,0x02,0xc7,0xff,0xff,0xff,0xff,0xff,0xc5,0x54,0x22,
  0x06,0x15,0x52,0xcc,0xff,0xff,0xff,0xff,0xff,0x93,0x00,0x00,0x00,0x00,0x4d,0xff,0xff,0xff,0xff,0xff,0x7c,0x00,0x00,0x00,
  0x00,0x00,0x00,0x05,0xb2,0xff,0xff,0xff,0xff,0xfd,0x19,0x00,0x00,0x00,0xa7,0xff,0xff,0xff,0xff,0xb9,0x00,0x00,0x00,0x00,
  0x00,0x00,0x00,0x00,0x15,0xf9,0xff,0xff,0xff,0xff,0x6a,0x00,0x00,0x00,0xd7,0xff,0xff,0xff,0xff,0x47,0x00,0x00,0x00,0x00,
  0x00,0x00,0x00,0x00,0x00,0xc8,0xff,0xff,0xff,0xff,0x8f,0x00,0x00,0x00,0x00,0x00,0x00,0x00,0x00,0x00,0x00,0x00,0x00,0x00,
  0x00,0x00,0x00,0x00,0x00,0xd5,0xff,0xff,0xff,0xff,0x97,0x00,0x00,0x00,0x00,0x00,0x00,0x00,0x00,0x00,0x00,0x00,0x00,0x00,
  0x00,0x00,0x00,0x00,0x33,0xfe,0xff,0xff,0xff,0xff,0x6d,0x00,0x00,0x00,0x00,0x00,0x00,0x00,0x00,0x00,0x00,0x00,0x00,0x00,
  0x00,0x00,0x00,0x20,0xdc,0xff,0xff,0xff,0xff,0xf8,0x19,0x00,0x00,0x00,0x00,0x00,0x00,0x00,0x00,0x00,0x00,0x00,0x00,0x00,
  0x00,0x00,0x3b,0xe9,0xff,0xff,0xff,0xff,0xff,0x81,0x00,0x00,0x00,0x00,0x00,0x00,0x00,0x00,0x00,0x00,0x00,0x00,0x00,0x00,
  0x00,0x66,0xfa,0xff,0xff,0xff,0xff,0xff,0xb1,0x03,0x00,0x00,0x00,0x00,0x00,0x00,0x00,0x00,0x00,0x00,0x00,0x00,0x00,0x00,
  0x8b,0xff,0xff,0xff,0xff,0xff,0xff,0xb1,0x07,0x00,0x00,0x00,0x00,0x00,0x00,0x00,0x00,0x00,0x00,0x00,0x00,0x00,0x00,0x8a,
  0xff,0xff,0xff,0xff,0xff,0xff,0x9b,0x04,0x00,0x00,0x00,0x00,0x00,0x00,0x00,0x00,0x00,0x00,0x00,0x00,0x00,0x00,0x4c,0xff,
  0xff,0xff,0xff,0xff,0xfd,0x74,0x00,0x00,0x00,0x00,0x00,0x00,0x00,0x00,0x00,0x00,0x00,0x00,0x00,0x00,0x00,0x00,0xc1,0xff,
  0xff,0xff,0xff,0xf8,0x50,0x00,0x00,0x00,0x00,0x00,0x00,0x00,0x00,0x00,0x00,0x00,0x00,0x00,0x00,0x00,0x00,0x15,0xfe,0xff,
  0xff,0xff,0xff,0x5c,0x00,0x00,0x00,0x00,0x00,0x00,0x00,0x00,0x00,0x00,0x00,0x00,0x00,0x00,0x00,0x00,0x00,0x37,0xff,0xff,
  0xff,0xff,0xdf,0x00,0x00,0x00,0x00,0x00,0x00,0x00,0x00,0x00,0x00,0x00,0x00,0x00,0x00,0x00,0x00,0x00,0x00,0x4d,0xff,0xff,
  0xff,0xff,0xb6,0x00,0x00,0x00,0x00,0x00,0x00,0x00,0x00,0x00,0x00,0x00,0x00,0x00,0x00,0x00,0x00,0x00,0x00,0x51,0xff,0xff,
  0xff,0xff,0xac,0x00,0x00,0x00,0x00,0x00,0x00,0x00,0x00,0x00,0x00,0x00,0x00,0x00,0x00,0x00,0x00,0x00,0x00,0x00,0x00,0x00,
  0x00,0x00,0x00,0x00,0x00,0x00,0x00,0x00,0x00,0x00,0x00,0x00,0x00,0x00,0x00,0x00,0x00,0x00,0x00,0x00,0x00,0x00,0x00,0x00,
  0x00,0x00,0x00,0x00,0x00,0x00,0x00,0x00,0x00,0x00,0x00,0x00,0x00,0x00,0x00,0x00,0x00,0x00,0x00,0x00,0x00,0x50,0xff,0xff,
  0xff,0xff,0xff,0x2c,0x00,0x00,0x00,0x00,0x00,0x00,0x00,0x00,0x00,0x00,0x00,0x00,0x00,0x00,0x00,0x00,0x00,0x50,0xff,0xff,
  0xff,0xff,0xff,0x2c,0x00,0x00,0x00,0x00,0x00,0x00,0x00,0x00,0x00,0x00,0x00,0x00,0x00,0x00,0x00,0x00,0x00,0x50,0xff,0xff,
  0xff,0xff,0xff,0x2c,0x00,0x00,0x00,0x00,0x00,0x00,0x00,0x00,0x00,0x00,0x00,0x00,0x00,0x00,0x00,0x00,0x00,0x50,0xff,0xff,
  0xff,0xff,0xff,0x2c,0x00,0x00,0x00,0x00,0x00,0x00,0x00,0x00,0x00,0x00,0x00,0x00,0x00,0x00,0x00,0x00,0x00,0x50,0xff,0xff,
  0xff,0xff,0xff,0x2c,0x00,0x00,0x00,0x00,0x00,0x00,0x00,0x00,0x00,0x00,0x00,0x00,0x00,0x00,0x00,0x00,0x00,0x50,0xff,0xff,
  0xff,0xff,0xff,0x2c,0x00,0x00,0x00,0x00,0x00,0x00,0x00,0x00,0x00,0x00,0x00,0x00,0x00,0x00,0x00,0x00,0x00,0x00,0x00,0x00,
  0x00,0x00,0x0d,0x52,0x87,0xb2,0xd8,0xe8,0xf6,0xfb,0xee,0xdf,0xbc,0x93,0x57,0x11,0x00,0x00,0x00,0x00,0x00,0x00,0x00,0x00,
  0x00,0x00,0x00,0x00,0x00,0x00,0x00,0x00,0x00,0x00,0x00,0x00,0x00,0x00,0x02,0x50,0xb8,0xf9,0xff,0xff,0xff,0xff,0xff,0xff,
  0xff,0xff,0xff,0xff,0xff,0xff,0xfc,0xb3,0x48,0x00,0x00,0x00,0x00,0x00,0x00,0x00,0x00,0x00,0x00,0x00,0x00,0x00,0x00,0x00,
  0x00,0x00,0x00,0x00,0x58,0xdb,0xff,0xff,0xff,0xff,0xff,0xff,0xff,0xff,0xff,0xff,0xff,0xff,0xff,0xff,0xff,0xff,0xff,0xff,
  0xc4,0x32,0x00,0x00,0x00,0x00,0x00,0x00,0x00,0x00,0x00,0x00,0x00,0x00,0x00,0x00,0x00,0x1c,0xb6,0xff,0xff,0xff,0xff,0xff,
  0xff,0xff,0xff,0xff,0xff,0xff,0xff,0xff,0xff,0xff,0xff,0xff,0xff,0xff,0xff,0xff,0xfb,0x71,0x00,0x00,0x00,0x00,0x00,0x00,
  0x00,0x00,0x00,0x00,0x00,0x00,0x00,0x32,0xe6,0xff,0xff,0xff,0xff,0xff,0xfd,0xc5,0x7e,0x52,0x29,0x17,0x09,0x07,0x18,0x29,
  0x4c,0x87,0xc3,0xfe,0xff,0xff,0xff,0xff,0xff,0x95,0x00,0x00,0x00,0x00,0x00,0x00,0x00,0x00,0x00,0x00,0x00,0x3e,0xf4,0xff,
  0xff,0xff,0xff,0xed,0x7f,0x17,0x00,0x00,0x00,0x00,0x00,0x00,0x00,0x00,0x00,0x00,0x00,0x00,0x29,0x98,0xfb,0xff,0xff,0xff,
  0xff,0x80,0x00,0x00,0x00,0x00,0x00,0x00,0x00,0x00,0x00,0x25,0xed,0xff,0xff,0xff,0xfe,0x96,0x0d,0x00,0x00,0x00,0x00,0x00,
  0x00,0x00,0x00,0x00,0x00,0x00,0x00,0x00,0x00,0x00,0x00,0x37,0xdd,0xff,0xff,0xff,0xfd,0x3e,0x00,0x00,0x00,0x00,0x00,0x00,
  0x00,0x08,0xd8,0xff,0xff,0xff,0xf4,0x4a,0x00,0x00,0x00,0x00,0x00,0x00,0x00,0x00,0x00,0x00,0x00,0x00,0x00,0x00,0x00,0x00,
  0x00,0x00,0x00,0x0f,0xce,0xff,0xff,0xff,0xda,0x04,0x00,0x00,0x00,0x00,0x00,0x00,0x87,0xff,0xff,0xff,0xf1,0x38,0x00,0x00,
  0x00,0x00,0x00,0x3f,0x9c,0xd8,0xf6,0xf1,0xcb,0x6a,0x06,0x00,0x52,0xff,0xff,0xff,0xff,0xcc,0x00,0x16,0xdc,0xff,0xff,0xff,
  0x60,0x00,0x00,0x00,0x00,0x00,0x2a,0xfb,0xff,0xff,0xfe,0x4e,0x00,0x00,0x00,0x00,0x1e,0xba,0xff,0xff,0xff,0xff,0xff,0xff,
  0xff,0xbc,0x0b,0x74,0xff,0xff,0xff,0xff,0x97,0x00,0x00,0x41,0xff,0xff,0xff,0xcf,0x00,0x00,0x00,0x00,0x00,0xa4,0xff,0xff,
  0xff,0x8f,0x00,0x00,0x00,0x00,0x32,0xe9,0xff,0xff,0xff,0xff,0xff,0xff,0xff,0xff,0xff,0x9c,0x97,0xff,0xff,0xff,0xff,0x62,
  0x00,0x00,0x00,0xad,0xff,0xff,0xff,0x27,0x00,0x00,0x00,0x1f,0xfb,0xff,0xff,0xea,0x0f,0x00,0x00,0x00,0x22,0xeb,0xff,0xff,
  0xff,0xff,0xff,0xff,0xff,0xff,0xff,0xff,0xfe,0xe1,0xff,0xff,0xff,0xff,0x2d,0x00,0x00,0x00,0x4c,0xff,0xff,0xff,0x6a,0x00,
  0x00,0x00,0x80,0xff,0xff,0xff,0x75,0x00,0x00,0x00,0x04,0xcd,0xff,0xff,0xff,0xff,0xff,0xff,0xff,0xff,0xff,0xff,0xff,0xff,
  0xff,0xff,0xff,0xff,0xf5,0x03,0x00,0x00,0x00,0x07,0xf5,0xff,0xff,0x9c,0x00,0x00,0x00,0xd2,0xff,0xff,0xf7,0x13,0x00,0x00,
  0x00,0x6f,0xff,0xff,0xff,0xff,0xff,0xec,0x73,0x21,0x07,0x26,0x87,0xfa,0xff,0xff,0xff,0xff,0xff,0xc3,0x00,0x00,0x00,0x00,
  0x00,0xd5,0xff,0xff,0xbb,0x00,0x00,0x20,0xff,0xff,0xff,0xac,0x00,0x00,0x00,0x0f,0xef,0xff,0xff,0xff,0xff,0xdc,0x1d,0x00,
  0x00,0x00,0x00,0x00,0x64,0xff,0xff,0xff,0xff,0xff,0x8e,0x00,0x00,0x00,0x00,0x00,0xbc,0xff,0xff,0xcc,0x00,0x00,0x56,0xff,
  0xff,0xff,0x62,0x00,0x00,0x00,0x6b,0xff,0xff,0xff,0xff,0xf7,0x20,0x00,0x00,0x00,0x00,0x00,0x00,0x03,0xf0,0xff,0xff,0xff,
  0xff,0x59,0x00,0x00,0x00,0x00,0x00,0xb8,0xff,0xff,0xc9,0x00,0x00,0x85,0xff,0xff,0xff,0x24,0x00,0x00,0x00,0xcb,0xff,0xff,
  0xff,0xff,0x88,0x00,0x00,0x00,0x00,0x00,0x00,0x00,0x00,0xd6,0xff,0xff,0xff,0xff,0x24,0x00,0x00,0x00,0x00,0x00,0xd0,0xff,
  0xff,0xb5,0x00,0x00,0xaa,0xff,0xff,0xf5,0x02,0x00,0x00,0x0e,0xfd,0xff,0xff,0xff,0xff,0x21,0x00,0x00,0x00,0x00,0x00,0x00,
  0x00,0x00,0xec,0xff,0xff,0xff,0xee,0x00,0x00,0x00,0x00,0x00,0x08,0xf9,0xff,0xff,0x98,0x00,0x00,0xba,0xff,0xff,0xd7,0x00,
  0x00,0x00,0x43,0xff,0xff,0xff,0xff,0xd5,0x00,0x00,0x00,0x00,0x00,0x00,0x00,0x00,0x1c,0xff,0xff,0xff,0xff,0xba,0x00,0x00,
  0x00,0x00,0x00,0x4c,0xff,0xff,0xff,0x5c,0x00,0x00,0xc9,0xff,0xff,0xc9,0x00,0x00,0x00,0x5f,0xff,0xff,0xff,0xff,0xad,0x00,
  0x00,0x00,0x00,0x00,0x00,0x00,0x00,0x6e,0xff,0xff,0xff,0xff,0x85,0x00,0x00,0x00,0x00,0x00,0xb2,0xff,0xff,0xfe,0x1b,0x00,
  0x00,0xc8,0xff,0xff,0xc5,0x00,0x00,0x00,0x70,0xff,0xff,0xff,0xff,0x9d,0x00,0x00,0x00,0x00,0x00,0x00,0x00,0x04,0xdb,0xff,
  0xff,0xff,0xff,0x50,0x00,0x00,0x00,0x00,0x3d,0xfe,0xff,0xff,0xb6,0x00,0x00,0x00,0xba,0xff,0xff,0xd5,0x00,0x00,0x00,0x6c,
  0xff,0xff,0xff,0xff,0xbe,0x00,0x00,0x00,0x00,0x00,0x00,0x00,0x72,0xff,0xff,0xff,0xff,0xff,0x1b,0x00,0x00,0x00,0x08,0xd9,
  0xff,0xff,0xff,0x45,0x00,0x00,0x00,0xa5,0xff,0xff,0xf1,0x01,0x00,0x00,0x55,0xff,0xff,0xff,0xff,0xfc,0x2b,0x00,0x00,0x00,
  0x00,0x00,0x4f,0xfc,0xff,0xff,0xff,0xff,0xe8,0x00,0x00,0x00,0x04,0xa5,0xff,0xff,0xff,0xb5,0x00,0x00,0x00,0x00,0x7b,0xff,
  0xff,0xff,0x26,0x00,0x00,0x1d,0xff,0xff,0xff,0xff,0xff,0xe8,0x60,0x18,0x0a,0x35,0x98,0xfd,0xff,0xff,0xff,0xff,0xff,0xbe,
  0x00,0x00,0x08,0xb1,0xff,0xff,0xff,0xf2,0x1d,0x00,0x00,0x00,0x00,0x4b,0xff,0xff,0xff,0x6c,0x00,0x00,0x00,0xc8,0xff,0xff,
  0xff,0xff,0xff,0xff,0xff,0xff,0xff,0xff,0xff,0xff,0xff,0xff,0xff,0xff,0xd8,0x11,0x49,0xd4,0xff,0xff,0xff,0xfd,0x4f,0x00,
  0x00,0x00,0x00,0x00,0x0d,0xf9,0xff,0xff,0xc8,0x00,0x00,0x00,0x48,0xff,0xff,0xff,0xff,0xff,0xff,0xff,0xff,0xff,0xff,0xff,
  0xff,0xff,0xff,0xff,0xff,0xff,0xff,0xff,0xff,0xff,0xff,0xfe,0x66,0x00,0x00,0x00,0x00,0x00,0x00,0x00,0xb8,0xff,0xff,0xff,
  0x3f,0x00,0x00,0x00,0x8a,0xff,0xff,0xff,0xff,0xff,0xff,0xff,0xff,0xff,0xe2,0x9d,0xff,0xff,0xff,0xff,0xff,0xff,0xff,0xff,
  0xff,0xf1,0x52,0x00,0x00,0x00,0x00,0x00,0x00,0x00,0x00,0x59,0xff,0xff,0xff,0xc8,0x02,0x00,0x00,0x00,0x7c,0xfb,0xff,0xff,
  0xff,0xff,0xff,0xff,0xd2,0x24,0x22,0xf4,0xff,0xff,0xff,0xff,0xff,0xff,0xfd,0xa7,0x1d,0x00,0x00,0x00,0x00,0x00,0x00,0x00,
  0x00,0x00,0x04,0xe0,0xff,0xff,0xff,0x7d,0x00,0x00,0x00,0x00,0x25,0x90,0xd6,0xf4,0xf2,0xca,0x6e,0x07,0x00,0x00,0x40,0xc6,
  0xf2,0xf8,0xe5,0xbb,0x7a,0x21,0x00,0x00,0x00,0x00,0x00,0x00,0x00,0x00,0x00,0x00,0x00,0x00,0x64,0xff,0xff,0xff,0xfc,0x56,
  0x00,0x00,0x00,0x00,0x00,0x00,0x00,0x00,0x00,0x00,0x00,0x00,0x00,0x00,0x00,0x00,0x00,0x00,0x00,0x00,0x00,0x00,0x00,0x00,
  0x07,0xbd,0xff,0xff,0xff,0x95,0x00,0x00,0x00,0x01,0xc1,0xff,0xff,0xff,0xfc,0x67,0x00,0x00,0x00,0x00,0x00,0x00,0x00,0x00,
  0x00,0x00,0x00,0x00,0x00,0x00,0x00,0x00,0x00,0x00,0x00,0x00,0x00,0x00,0x13,0xbd,0xff,0xff,0xff,0xee,0x13,0x00,0x00,0x00,
  0x00,0x23,0xea,0xff,0xff,0xff,0xff,0xae,0x1f,0x00,0x00,0x00,0x00,0x00,0x00,0x00,0x00,0x00,0x00,0x00,0x00,0x00,0x00,0x00,
  0x00,0x00,0x00,0x00,0x50,0xe2,0xff,0xff,0xff,0xfe,0x4e,0x00,0x00,0x00,0x00,0x00,0x00,0x34,0xf3,0xff,0xff,0xff,0xff,0xfa,
  0x9d,0x3d,0x01,0x00,0x00,0x00,0x00,0x00,0x00,0x00,0x00,0x00,0x00,0x00,0x00,0x00,0x0a,0x58,0xc7,0xff,0xff,0xff,0xff,0xff,
  0x79,0x00,0x00,0x00,0x00,0x00,0x00,0x00,0x00,0x35,0xe2,0xff,0xff,0xff,0xff,0xff,0xff,0xe5,0xa7,0x6e,0x46,0x25,0x11,0x07,
  0x02,0x0a,0x15,0x2f,0x4e,0x7e,0xb4,0xf6,0xff,0xff,0xff,0xff,0xff,0xfe,0x6f,0x00,0x00,0x00,0x00,0x00,0x00,0x00,0x00,0x00,
  0x00,0x15,0xb2,0xff,0xff,0xff,0xff,0xff,0xff,0xff,0xff,0xff,0xff,0xff,0xff,0xff,0xff,0xff,0xff,0xff,0xff,0xff,0xff,0xff,
  0xff,0xff,0xff,0xe2,0x47,0x00,0x00,0x00,0x00,0x00,0x00,0x00,0x00,0x00,0x00,0x00,0x00,0x00,0x43,0xcc,0xff,0xff,0xff,0xff,
  0xff,0xff,0xff,0xff,0xff,0xff,0xff,0xff,0xff,0xff,0xff,0xff,0xff,0xff,0xff,0xff,0xf2,0x89,0x0e,0x00,0x00,0x00,0x00,0x00,
  0x00,0x00,0x00,0x00,0x00,0x00,0x00,0x00,0x00,0x00,0x00,0x36,0x9a,0xe9,0xff,0xff,0xff,0xff,0xff,0xff,0xff,0xff,0xff,0xff,
  0xff,0xff,0xff,0xff,0xff,0xcd,0x78,0x10,0x00,0x00,0x00,0x00,0x00,0x00,0x00,0x00,0x00,0x00,0x00,0x00,0x00,0x00,0x00,0x00,
  0x00,0x00,0x00,0x00,0x01,0x2c,0x6b,0x95,0xba,0xda,0xe9,0xf4,0xfd,0xf4,0xe7,0xd9,0xb7,0x8c,0x60,0x1c,0x00,0x00,0x00,0x00,
  0x00,0x00,0x00,0x00,0x00,0x00,0x00,0x00,0x00,0x00,0x00,0x00,0x00,0x00,0x00,0x00,0x11,0xf8,0xff,0xff,0xff,0xff,0xff,0x76,
  0x00,0x00,0x00,0x00,0x00,0x00,0x00,0x00,0x00,0x00,0x00,0x00,0x00,0x00,0x00,0x00,0x00,0x00,0x00,0x00,0x00,0x6c,0xff,0xff,
  0xff,0xff,0xff,0xff,0xda,0x00,0x00,0x00,0x00,0x00,0x00,0x00,0x00,0x00,0x00,0x00,0x00,0x00,0x00,0x00,0x00,0x00,0x00,0x00,
  0x00,0x00,0xce,0xff,0xff,0xff,0xff,0xff,0xff,0xff,0x40,0x00,0x00,0x00,0x00,0x00,0x00,0x00,0x00,0x00,0x00,0x00,0x00,0x00,
  0x00,0x00,0x00,0x00,0x00,0x00,0x30,0xff,0xff,0xff,0xff,0xff,0xff,0xff,0xff,0xa5,0x00,0x00,0x00,0x00,0x00,0x00,0x00,0x00,
  0x00,0x00,0x00,0x00,0x00,0x00,0x00,0x00,0x00,0x00,0x00,0x93,0xff,0xff,0xff,0xff,0xff,0xff,0xff,0xff,0xf8,0x13,0x00,0x00,
  0x00,0x00,0x00,0x00,0x00,0x00,0x00,0x00,0x00,0x00,0x00,0x00,0x00,0x00,0x00,0x07,0xee,0xff,0xff,0xff,0xf2,0xba,0xff,0xff,
  0xff,0xff,0x70,0x00,0x00,0x00,0x00,0x00,0x00,0x00,0x00,0x00,0x00,0x00,0x00,0x00,0x00,0x00,0x00,0x00,0x58,0xff,0xff,0xff,
  0xff,0xa8,0x5e,0xff,0xff,0xff,0xff,0xd5,0x00,0x00,0x00,0x00,0x00,0x00,0x00,0x00,0x00,0x00,0x00,0x00,0x00,0x00,0x00,0x00,
  0x00,0xbb,0xff,0xff,0xff,0xff,0x55,0x0f,0xf9,0xff,0xff,0xff,0xff,0x3a,0x00,0x00,0x00,0x00,0x00,0x00,0x00,0x00,0x00,0x00,
  0x00,0x00,0x00,0x00,0x00,0x1f,0xfd,0xff,0xff,0xff,0xf7,0x0c,0x00,0xb5,0xff,0xff,0xff,0xff,0xa0,0x00,0x00,0x00,0x00,0x00,
  0x00,0x00,0x00,0x00,0x00,0x00,0x00,0x00,0x00,0x00,0x80,0xff,0xff,0xff,0xff,0xb1,0x00,0x00,0x61,0xff,0xff,0xff,0xff,0xf5,
  0x0f,0x00,0x00,0x00,0x00,0x00,0x00,0x00,0x00,0x00,0x00,0x00,0x00,0x00,0x01,0xe0,0xff,0xff,0xff,0xff,0x5e,0x00,0x00,0x11,
  0xfa,0xff,0xff,0xff,0xff,0x6a,0x00,0x00,0x00,0x00,0x00,0x00,0x00,0x00,0x00,0x00,0x00,0x00,0x00,0x45,0xff,0xff,0xff,0xff,
  0xfb,0x11,0x00,0x00,0x00,0xb8,0xff,0xff,0xff,0xff,0xcf,0x00,0x00,0x00,0x00,0x00,0x00,0x00,0x00,0x00,0x00,0x00,0x00,0x00,
  0xa7,0xff,0xff,0xff,0xff,0xba,0x00,0x00,0x00,0x00,0x64,0xff,0xff,0xff,0xff,0xff,0x35,0x00,0x00,0x00,0x00,0x00,0x00,0x00,
  0x00,0x00,0x00,0x00,0x11,0xf8,0xff,0xff,0xff,0xff,0x67,0x00,0x00,0x00,0x00,0x13,0xfb,0xff,0xff,0xff,0xff,0x9a,0x00,0x00,
  0x00,0x00,0x00,0x00,0x00,0x00,0x00,0x00,0x00,0x6c,0xff,0xff,0xff,0xff,0xfd,0x17,0x00,0x00,0x00,0x00,0x00,0xbb,0xff,0xff,
  0xff,0xff,0xf3,0x0c,0x00,0x00,0x00,0x00,0x00,0x00,0x00,0x00,0x00,0x00,0xcf,0xff,0xff,0xff,0xff,0xc3,0x00,0x00,0x00,0x00,
  0x00,0x00,0x67,0xff,0xff,0xff,0xff,0xff,0x64,0x00,0x00,0x00,0x00,0x00,0x00,0x00,0x00,0x00,0x31,0xff,0xff,0xff,0xff,0xff,
  0x71,0x00,0x00,0x00,0x00,0x00,0x00,0x15,0xfc,0xff,0xff,0xff,0xff,0xca,0x00,0x00,0x00,0x00,0x00,0x00,0x00,0x00,0x00,0x94,
  0xff,0xff,0xff,0xff,0xff,0xff,0xff,0xff,0xff,0xff,0xff,0xff,0xff,0xff,0xff,0xff,0xff,0xff,0xff,0x2f,0x00,0x00,0x00,0x00,
  0x00,0x00,0x00,0x07,0xee,0xff,0xff,0xff,0xff,0xff,0xff,0xff,0xff,0xff,0xff,0xff,0xff,0xff,0xff,0xff,0xff,0xff,0xff,0xff,
  0x94,0x00,0x00,0x00,0x00,0x00,0x00,0x00,0x59,0xff,0xff,0xff,0xff,0xff,0xff,0xff,0xff,0xff,0xff,0xff,0xff,0xff,0xff,0xff,
  0xff,0xff,0xff,0xff,0xff,0xf0,0x09,0x00,0x00,0x00,0x00,0x00,0x00,0xbb,0xff,0xff,0xff,0xff,0xff,0xff,0xff,0xff,0xff,0xff,
  0xff,0xff,0xff,0xff,0xff,0xff,0xff,0xff,0xff,0xff,0xff,0x5f,0x00,0x00,0x00,0x00,0x00,0x1f,0xfe,0xff,0xff,0xff,0xff,0xff,
  0xff,0xff,0xff,0xff,0xff,0xff,0xff,0xff,0xff,0xff,0xff,0xff,0xff,0xff,0xff,0xff,0xc4,0x00,0x00,0x00,0x00,0x00,0x80,0xff,
  0xff,0xff,0xff,0xff,0x54,0x00,0x00,0x00,0x00,0x00,0x00,0x00,0x00,0x00,0x00,0x01,0xe1,0xff,0xff,0xff,0xff,0xff,0x2a,0x00,
  0x00,0x00,0x01,0xe0,0xff,0xff,0xff,0xff,0xf4,0x09,0x00,0x00,0x00,0x00,0x00,0x00,0x00,0x00,0x00,0x00,0x00,0x87,0xff,0xff,
  0xff,0xff,0xff,0x8e,0x00,0x00,0x00,0x45,0xff,0xff,0xff,0xff,0xff,0xa8,0x00,0x00,0x00,0x00,0x00,0x00,0x00,0x00,0x00,0x00,
  0x00,0x00,0x2b,0xff,0xff,0xff,0xff,0xff,0xec,0x07,0x00,0x00,0xa8,0xff,0xff,0xff,0xff,0xff,0x51,0x00,0x00,0x00,0x00,0x00,
  0x00,0x00,0x00,0x00,0x00,0x00,0x00,0x00,0xd0,0xff,0xff,0xff,0xff,0xff,0x59,0x00,0x11,0xf8,0xff,0xff,0xff,0xff,0xf2,0x08,
  0x00,0x00,0x00,0x00,0x00,0x00,0x00,0x00,0x00,0x00,0x00,0x00,0x00,0x75,0xff,0xff,0xff,0xff,0xff,0xbe,0x00,0x6d,0xff,0xff,
  0xff,0xff,0xff,0xa5,0x00,0x00,0x00,0x00,0x00,0x00,0x00,0x00,0x00,0x00,0x00,0x00,0x00,0x00,0x1b,0xfd,0xff,0xff,0xff,0xff,
  0xfe,0x24,0xcf,0xff,0xff,0xff,0xff,0xff,0x4f,0x00,0x00,0x00,0x00,0x00,0x00,0x00,0x00,0x00,0x00,0x00,0x00,0x00,0x00,0x00,
  0xbe,0xff,0xff,0xff,0xff,0xff,0x89,0x00,0x00,0x10,0xff,0xff,0xff,0xff,0xff,0xff,0xff,0xff,0xff,0xff,0xff,0xff,0xfc,0xf5,
  0xe8,0xd3,0xac,0x65,0x0f,0x00,0x00,0x00,0x00,0x00,0x00,0x00,0x00,0x00,0x10,0xff,0xff,0xff,0xff,0xff,0xff,0xff,0xff,0xff,
  0xff,0xff,0xff,0xff,0xff,0xff,0xff,0xff,0xff,0xeb,0x5d,0x00,0x00,0x00,0x00,0x00,0x00,0x00,0x00,0x10,0xff,0xff,0xff,0xff,
  0xff,0xff,0xff,0xff,0xff,0xff,0xff,0xff,0xff,0xff,0xff,0xff,0xff,0xff,0xff,0xff,0x77,0x00,0x00,0x00,0x00,0x00,0x00,0x00,
  0x10,0xff,0xff,0xff,0xff,0xff,0xff,0xff,0xff,0xff,0xff,0xff,0xff,0xff,0xff,0xff,0xff,0xff,0xff,0xff,0xff,0xfe,0x41,0x00,
  0x00,0x00,0x00,0x00,0x00,0x10,0xff,0xff,0xff,0xff,0xff,0xff,0xff,0xff,0xff,0xff,0xff,0xff,0xff,0xff,0xff,0xff,0xff,0xff,
  0xff,0xff,0xff,0xcf,0x00,0x00,0x00,0x00,0x00,0x00,0x10,0xff,0xff,0xff,0xff,0xff,0xb8,0x00,0x00,0x00,0x00,0x02,0x04,0x08,
  0x13,0x42,0xad,0xff,0xff,0xff,0xff,0xff,0xff,0x31,0x00,0x00,0x00,0x00,0x00,0x10,0xff,0xff,0xff,0xff,0xff,0xb8,0x00,0x00,
  0x00,0x00,0x00,0x00,0x00,0x00,0x00,0x00,0xac,0xff,0xff,0xff,0xff,0xff,0x62,0x00,0x00,0x00,0x00,0x00,0x10,0xff,0xff,0xff,
  0xff,0xff,0xb8,0x00,0x00,0x00,0x00,0x00,0x00,0x00,0x00,0x00,0x00,0x41,0xff,0xff,0xff,0xff,0xff,0x7d,0x00,0x00,0x00,0x00,
  0x00,0x10,0xff,0xff,0xff,0xff,0xff,0xb8,0x00,0x00,0x00,0x00,0x00,0x00,0x00,0x00,0x00,0x00,0x26,0xff,0xff,0xff,0xff,0xff,
  0x71,0x00,0x00,0x00,0x00,0x00,0x10,0xff,0xff,0xff,0xff,0xff,0xb8,0x00,0x00,0x00,0x00,0x00,0x00,0x00,0x00,0x00,0x00,0x4a,
  0xff,0xff,0xff,0xff,0xff,0x40,0x00,0x00,0x00,0x00,0x00,0x10,0xff,0xff,0xff,0xff,0xff,0xb8,0x00,0x00,0x00,0x00,0x00,0x00,
  0x00,0x00,0x00,0x04,0xc5,0xff,0xff,0xff,0xff,0xe4,0x03,0x00,0x00,0x00,0x00,0x00,0x10,0xff,0xff,0xff,0xff,0xff,0xb8,0x00,
  0x00,0x00,0x00,0x00,0x02,0x09,0x19,0x53,0xca,0xff,0xff,0xff,0xff,0xff,0x5d,0x00,0x00,0x00,0x00,0x00,0x00,0x10,0xff,0xff,
  0xff,0xff,0xff,0xff,0xff,0xff,0xff,0xff,0xff,0xff,0xff,0xff,0xff,0xff,0xff,0xff,0xff,0xff,0x92,0x00,0x00,0x00,0x00,0x00,
  0x00,0x00,0x10,0xff,0xff,0xff,0xff,0xff,0xff,0xff,0xff,0xff,0xff,0xff,0xff,0xff,0xff,0xff,0xff,0xff,0xff,0xf6,0x73,0x02,
  0x00,0x00,0x00,0x00,0x00,0x00,0x00,0x10,0xff,0xff,0xff,0xff,0xff,0xff,0xff,0xff,0xff,0xff,0xff,0xff,0xff,0xff,0xff,0xff,
  0xff,0xff,0xe6,0x81,0x13,0x00,0x00,0x00,0x00,0x00,0x00,0x00,0x10,0xff,0xff,0xff,0xff,0xff,0xff,0xff,0xff,0xff,0xff,0xff,
  0xff,0xff,0xff,0xff,0xff,0xff,0xff,0xff,0xff,0xf0,0x55,0x00,0x00,0x00,0x00,0x00,0x00,0x10,0xff,0xff,0xff,0xff,0xff,0xff,
  0xff,0xff,0xff,0xff,0xff,0xff,0xff,0xff,0xff,0xff,0xff,0xff,0xff,0xff,0xff,0xfe,0x58,0x00,0x00,0x00,0x00,0x00,0x10,0xff,
  0xff,0xff,0xff,0xff,0xb8,0x00,0x00,0x00,0x00,0x00,0x04,0x0a,0x17,0x30,0x68,0xd8,0xff,0xff,0xff,0xff,0xff,0xf1,0x18,0x00,
  0x00,0x00,0x00,0x10,0xff,0xff,0xff,0xff,0xff,0xb8,0x00,0x00,0x00,0x00,0x00,0x00,0x00,0x00,0x00,0x00,0x0b,0xc7,0xff,0xff,
  0xff,0xff,0xff,0x81,0x00,0x00,0x00,0x00,0x10,0xff,0xff,0xff,0xff,0xff,0xb8,0x00,0x00,0x00,0x00,0x00,0x00,0x00,0x00,0x00,
  0x00,0x00,0x43,0xff,0xff,0xff,0xff,0xff,0xc5,0x00,0x00,0x00,0x00,0x10,0xff,0xff,0xff,0xff,0xff,0xb8,0x00,0x00,0x00,0x00,
  0x00,0x00,0x00,0x00,0x00,0x00,0x00,0x1a,0xff,0xff,0xff,0xff,0xff,0xe3,0x00,0x00,0x00,0x00,0x10,0xff,0xff,0xff,0xff,0xff,
  0xb8,0x00,0x00,0x00,0x00,0x00,0x00,0x00,0x00,0x00,0x00,0x00,0x38,0xff,0xff,0xff,0xff,0xff,0xd8,0x00,0x00,0x00,0x00,0x10,
  0xff,0xff,0xff,0xff,0xff,0xb8,0x00,0x00,0x00,0x00,0x00,0x00,0x00,0x00,0x00,0x00,0x02,0xb2,0xff,0xff,0xff,0xff,0xff,0xb8,
  0x00,0x00,0x00,0x00,0x10,0xff,0xff,0xff,0xff,0xff,0xb8,0x00,0x00,0x00,0x00,0x00,0x00,0x02,0x09,0x18,0x4e,0xbf,0xff,0xff,
  0xff,0xff,0xff,0xff,0x6c,0x00,0x00,0x00,0x00,0x10,0xff,0xff,0xff,0xff,0xff,0xff,0xff,0xff,0xff,0xff,0xff,0xff,0xff,0xff,
  0xff,0xff,0xff,0xff,0xff,0xff,0xff,0xff,0xf4,0x13,0x00,0x00,0x00,0x00,0x10,0xff,0xff,0xff,0xff,0xff,0xff,0xff,0xff,0xff,
  0xff,0xff,0xff,0xff,0xff,0xff,0xff,0xff,0xff,0xff,0xff,0xff,0xff,0x6c,0x00,0x00,0x00,0x00,0x00,0x10,0xff,0xff,0xff,0xff,
  0xff,0xff,0xff,0xff,0xff,0xff,0xff,0xff,0xff,0xff,0xff,0xff,0xff,0xff,0xff,0xff,0xff,0x9d,0x01,0x00,0x00,0x00,0x00,0x00,
  0x10,0xff,0xff,0xff,0xff,0xff,0xff,0xff,0xff,0xff,0xff,0xff,0xff,0xff,0xff,0xff,0xff,0xff,0xff,0xff,0xef,0x74,0x00,0x00,
  0x00,0x00,0x00,0x00,0x00,0x10,0xff,0xff,0xff,0xff,0xff,0xff,0xff,0xff,0xff,0xff,0xff,0xfc,0xf8,0xf4,0xee,0xe4,0xd1,0xa2,
  0x69,0x0f,0x00,0x00,0x00,0x00,0x00,0x00,0x00,0x00,0x00,0x00,0x00,0x00,0x00,0x00,0x00,0x02,0x36,0x7e,0xbe,0xd8,0xee,0xf9,
  0xe5,0xcf,0x98,0x51,0x09,0x00,0x00,0x00,0x00,0x00,0x00,0x00,0x00,0x00,0x00,0x00,0x00,0x00,0x00,0x00,0x00,0x4f,0xd4,0xff,
  0xff,0xff,0xff,0xff,0xff,0xff,0xff,0xff,0xff,0xe6,0x6a,0x04,0x00,0x00,0x00,0x00,0x00,0x00,0x00,0x00,0x00,0x00,0x00,0x00,
  0x10,0xb9,0xff,0xff,0xff,0xff,0xff,0xff,0xff,0xff,0xff,0xff,0xff,0xff,0xff,0xff,0xbe,0x13,0x00,0x00,0x00,0x00,0x00,0x00,
  0x00,0x00,0x00,0x00,0x22,0xd7,0xff,0xff,0xff,0xff,0xff,0xff,0xff,0xff,0xff,0xff,0xff,0xff,0xff,0xff,0xff,0xff,0xdc,0x16,
  0x00,0x00,0x00,0x00,0x00,0x00,0x00,0x00,0x0c,0xd8,0xff,0xff,0xff,0xff,0xff,0xff,0xff,0xff,0xff,0xff,0xff,0xff,0xff,0xff,
  0xff,0xff,0xff,0xff,0xc1,0x01,0x00,0x00,0x00,0x00,0x00,0x00,0x00,0xa6,0xff,0xff,0xff,0xff,0xff,0xff,0xdf,0x70,0x2a,0x0b,
  0x0a,0x2f,0x82,0xf1,0xff,0xff,0xff,0xff,0xff,0xff,0x62,0x00,0x00,0x00,0x00,0x00,0x00,0x42,0xff,0xff,0xff,0xff,0xff,0xff,
  0x9c,0x08,0x00,0x00,0x00,0x00,0x00,0x00,0x1f,0xd7,0xff,0xff,0xff,0xff,0xff,0xdc,0x02,0x00,0x00,0x00,0x00,0x00,0xb7,0xff,
  0xff,0xff,0xff,0xff,0xa5,0x00,0x00,0x00,0x00,0x00,0x00,0x00,0x00,0x00,0x1e,0xef,0xff,0xff,0xff,0xff,0xff,0x48,0x00,0x00,
  0x00,0x00,0x27,0xff,0xff,0xff,0xff,0xff,0xee,0x10,0x00,0x00,0x00,0x00,0x00,0x00,0x00,0x00,0x00,0x00,0x7b,0xff,0xff,0xff,
  0xff,0xff,0x9b,0x00,0x00,0x00,0x00,0x6b,0xff,0xff,0xff,0xff,0xff,0x94,0x00,0x00,0x00,0x00,0x00,0x00,0x00,0x00,0x00,0x00,
  0x00,0x1d,0xea,0xbf,0x92,0x65,0x39,0x0d,0x00,0x00,0x00,0x00,0xa8,0xff,0xff,0xff,0xff,0xff,0x46,0x00,0x00,0x00,0x00,0x00,
  0x00,0x00,0x00,0x00,0x00,0x00,0x00,0x00,0x00,0x00,0x00,0x00,0x00,0x00,0x00,0x00,0x00,0xdd,0xff,0xff,0xff,0xff,0xff,0x15,
  0x00,0x00,0x00,0x00,0x00,0x00,0x00,0x00,0x00,0x00,0x00,0x00,0x00,0x00,0x00,0x00,0x00,0x00,0x00,0x00,0x00,0x00,0xf4,0xff,
  0xff,0xff,0xff,0xf4,0x00,0x00,0x00,0x00,0x00,0x00,0x00,0x00,0x00,0x00,0x00,0x00,0x00,0x00,0x00,0x00,0x00,0x00,0x00,0x00,
  0x00,0x00,0x06,0xff,0xff,0xff,0xff,0xff,0xe6,0x00,0x00,0x00,0x00,0x00,0x00,0x00,0x00,0x00,0x00,0x00,0x00,0x00,0x00,0x00,
  0x00,0x00,0x00,0x00,0x00,0x00,0x00,0x16,0xff,0xff,0xff,0xff,0xff,0xdf,0x00,0x00,0x00,0x00,0x00,0x00,0x00,0x00,0x00,0x00,
  0x00,0x00,0x00,0x00,0x00,0x00,0x00,0x00,0x00,0x00,0x00,0x00,0x0e,0xff,0xff,0xff,0xff,0xff,0xea,0x00,0x00,0x00,0x00,0x00,
  0x00,0x00,0x00,0x00,0x00,0x00,0x00,0x00,0x00,0x00,0x00,0x00,0x00,0x00,0x00,0x00,0x00,0x00,0xfb,0xff,0xff,0xff,0xff,0xf8,
  0x00,0x00,0x00,0x00,0x00,0x00,0x00,0x00,0x00,0x00,0x00,0x00,0x00,0x00,0x00,0x00,0x00,0x00,0x00,0x00,0x00,0x00,0x00,0xe9,
  0xff,0xff,0xff,0xff,0xff,0x1c,0x00,0x00,0x00,0x00,0x00,0x00,0x00,0x00,0x00,0x00,0x00,0x00,0x00,0x00,0x00,0x00,0x00,0x00,
  0x00,0x00,0x00,0x00,0xbb,0xff,0xff,0xff,0xff,0xff,0x4b,0x00,0x00,0x00,0x00,0x00,0x00,0x00,0x00,0x00,0x00,0x00,0x01,0xcd,
  0x8c,0x30,0x00,0x00,0x00,0x00,0x00,0x00,0x00,0x7c,0xff,0xff,0xff,0xff,0xff,0x98,0x00,0x00,0x00,0x00,0x00,0x00,0x00,0x00,
  0x00,0x00,0x00,0x39,0xff,0xff,0xff,0xd5,0x7a,0x20,0x00,0x00,0x00,0x00,0x39,0xff,0xff,0xff,0xff,0xff,0xef,0x11,0x00,0x00,
  0x00,0x00,0x00,0x00,0x00,0x00,0x00,0x00,0xa6,0xff,0xff,0xff,0xff,0xff,0xaa,0x00,0x00,0x00,0x00,0x00,0xcd,0xff,0xff,0xff,
  0xff,0xff,0xa2,0x00,0x00,0x00,0x00,0x00,0x00,0x00,0x00,0x00,0x40,0xfe,0xff,0xff,0xff,0xff,0xff,0x4f,0x00,0x00,0x00,0x00,
  0x00,0x55,0xff,0xff,0xff,0xff,0xff,0xff,0x94,0x05,0x00,0x00,0x00,0x00,0x00,0x00,0x36,0xed,0xff,0xff,0xff,0xff,0xff,0xdf,
  0x05,0x00,0x00,0x00,0x00,0x00,0x02,0xbb,0xff,0xff,0xff,0xff,0xff,0xff,0xda,0x6a,0x24,0x09,0x0c,0x38,0x95,0xfa,0xff,0xff,
  0xff,0xff,0xff,0xff,0x5e,0x00,0x00,0x00,0x00,0x00,0x00,0x00,0x14,0xe3,0xff,0xff,0xff,0xff,0xff,0xff,0xff,0xff,0xff,0xff,
  0xff,0xff,0xff,0xff,0xff,0xff,0xff,0xff,0xb7,0x01,0x00,0x00,0x00,0x00,0x00,0x00,0x00,0x00,0x2d,0xe3,0xff,0xff,0xff,0xff,
  0xff,0xff,0xff,0xff,0xff,0xff,0xff,0xff,0xff,0xff,0xff,0xff,0xd7,0x13,0x00,0x00,0x00,0x00,0x00,0x00,0x00,0x00,0x00,0x00,
  0x19,0xca,0xff,0xff,0xff,0xff,0xff,0xff,0xff,0xff,0xff,0xff,0xff,0xff,0xff,0xff,0xc5,0x13,0x00,0x00,0x00,0x00,0x00,0x00,
  0x00,0x00,0x00,0x00,0x00,0x00,0x03,0x61,0xe2,0xff,0xff,0xff,0xff,0xff,0xff,0xff,0xff,0xff,0xff,0xe8,0x6c,0x02,0x00,0x00,
  0x00,0x00,0x00,0x00,0x00,0x00,0x00,0x00,0x00,0x00,0x00,0x00,0x00,0x06,0x45,0x8f,0xc8,0xe0,0xf6,0xf8,0xe8,0xc9,0x95,0x4f,
  0x04,0x00,0x00,0x00,0x00,0x00,0x00,0x00,0x00,0x00,0x00,0x1c,0xff,0xff,0xff,0xff,0xff,0xff,0xff,0xff,0xff,0xff,0xff,0xfa,
  0xf0,0xdd,0xbd,0x8b,0x3a,0x00,0x00,0x00,0x00,0x00,0x00,0x00,0x00,0x00,0x00,0x00,0x1c,0xff,0xff,0xff,0xff,0xff,0xff,0xff,
  0xff,0xff,0xff,0xff,0xff,0xff,0xff,0xff,0xff,0xff,0xc9,0x38,0x00,0x00,0x00,0x00,0x00,0x00,0x00,0x00,0x00,0x1c,0xff,0xff,
  0xff,0xff,0xff,0xff,0xff,0xff,0xff,0xff,0xff,0xff,0xff,0xff,0xff,0xff,0xff,0xff,0xfb,0x6e,0x00,0x00,0x00,0x00,0x00,0x00,
  0x00,0x00,0x1c,0xff,0xff,0xff,0xff,0xff,0xff,0xff,0xff,0xff,0xff,0xff,0xff,0xff,0xff,0xff,0xff,0xff,0xff,0xff,0xff,0x68,
  0x00,0x00,0x00,0x00,0x00,0x00,0x00,0x1c,0xff,0xff,0xff,0xff,0xff,0xff,0xff,0xff,0xff,0xff,0xff,0xff,0xff,0xff,0xff,0xff,
  0xff,0xff,0xff,0xff,0xf8,0x30,0x00,0x00,0x00,0x00,0x00,0x00,0x1c,0xff,0xff,0xff,0xff,0xff,0xac,0x00,0x00,0x01,0x04,0x0b,
  0x18,0x33,0x72,0xd2,0xff,0xff,0xff,0xff,0xff,0xff,0xd5,0x02,0x00,0x00,0x00,0x00,0x00,0x1c,0xff,0xff,0xff,0xff,0xff,0xac,
  0x00,0x00,0x00,0x00,0x00,0x00,0x00,0x00,0x03,0x85,0xff,0xff,0xff,0xff,0xff,0xff,0x4f,0x00,0x00,0x00,0x00,0x00,0x1c,0xff,
  0xff,0xff,0xff,0xff,0xac,0x00,0x00,0x00,0x00,0x00,0x00,0x00,0x00,0x00,0x00,0xa1,0xff,0xff,0xff,0xff,0xff,0xc2,0x00,0x00,
  0x00,0x00,0x00,0x1c,0xff,0xff,0xff,0xff,0xff,0xac,0x00,0x00,0x00,0x00,0x00,0x00,0x00,0x00,0x00,0x00,0x18,0xf9,0xff,0xff,
  0xff,0xff,0xff,0x1d,0x00,0x00,0x00,0x00,0x1c,0xff,0xff,0xff,0xff,0xff,0xac,0x00,0x00,0x00,0x00,0x00,0x00,0x00,0x00,0x00,
  0x00,0x00,0xa9,0xff,0xff,0xff,0xff,0xff,0x5f,0x00,0x00,0x00,0x00,0x1c,0xff,0xff,0xff,0xff,0xff,0xac,0x00,0x00,0x00,0x00,
  0x00,0x00,0x00,0x00,0x00,0x00,0x00,0x68,0xff,0xff,0xff,0xff,0xff,0x8f,0x00,0x00,0x00,0x00,0x1c,0xff,0xff,0xff,0xff,0xff,
  0xac,0x00,0x00,0x00,0x00,0x00,0x00,0x00,0x00,0x00,0x00,0x00,0x3f,0xff,0xff,0xff,0xff,0xff,0xb3,0x00,0x00,0x00,0x00,0x1c,
  0xff,0xff,0xff,0xff,0xff,0xac,0x00,0x00,0x00,0x00,0x00,0x00,0x00,0x00,0x00,0x00,0x00,0x27,0xff,0xff,0xff,0xff,0xff,0xcc,
  0x00,0x00,0x00,0x00,0x1c,0xff,0xff,0xff,0xff,0xff,0xac,0x00,0x00,0x00,0x00,0x00,0x00,0x00,0x00,0x00,0x00,0x00,0x1b,0xff,
  0xff,0xff,0xff,0xff,0xda,0x00,0x00,0x00,0x00,0x1c,0xff,0xff,0xff,0xff,0xff,0xac,0x00,0x00,0x00,0x00,0x00,0x00,0x00,0x00,
  0x00,0x00,0x00,0x16,0xff,0xff,0xff,0xff,0xff,0xe1,0x00,0x00,0x00,0x00,0x1c,0xff,0xff,0xff,0xff,0xff,0xac,0x00,0x00,0x00,
  0x00,0x00,0x00,0x00,0x00,0x00,0x00,0x00,0x1b,0xff,0xff,0xff,0xff,0xff,0xd7,0x00,0x00,0x00,0x00,0x1c,0xff,0xff,0xff,0xff,
  0xff,0xac,0x00,0x00,0x00,0x00,0x00,0x00,0x00,0x00,0x00,0x00,0x00,0x26,0xff,0xff,0xff,0xff,0xff,0xc6,0x00,0x00,0x00,0x00,
  0x1c,0xff,0xff,0xff,0xff,0xff,0xac,0x00,0x00,0x00,0x00,0x00,0x00,0x00,0x00,0x00,0x00,0x00,0x3c,0xff,0xff,0xff,0xff,0xff,
  0xb5,0x00,0x00,0x00,0x00,0x1c,0xff,0xff,0xff,0xff,0xff,0xac,0x00,0x00,0x00,0x00,0x00,0x00,0x00,0x00,0x00,0x00,0x00,0x62,
  0xff,0xff,0xff,0xff,0xff,0x94,0x00,0x00,0x00,0x00,0x1c,0xff,0xff,0xff,0xff,0xff,0xac,0x00,0x00,0x00,0x00,0x00,0x00,0x00,
  0x00,0x00,0x00,0x00,0x9c,0xff,0xff,0xff,0xff,0xff,0x59,0x00,0x00,0x00,0x00,0x1c,0xff,0xff,0xff,0xff,0xff,0xac,0x00,0x00,
  0x00,0x00,0x00,0x00,0x00,0x00,0x00,0x00,0x05,0xe9,0xff,0xff,0xff,0xff,0xff,0x1e,0x00,0x00,0x00,0x00,0x1c,0xff,0xff,0xff,
  0xff,0xff,0xac,0x00,0x00,0x00,0x00,0x00,0x00,0x00,0x00,0x00,0x00,0x68,0xff,0xff,0xff,0xff,0xff,0xcc,0x00,0x00,0x00,0x00,
  0x00,0x1c,0xff,0xff,0xff,0xff,0xff,0xac,0x00,0x00,0x00,0x00,0x00,0x00,0x00,0x00,0x00,0x44,0xf3,0xff,0xff,0xff,0xff,0xff,
  0x61,0x00,0x00,0x00,0x00,0x00,0x1c,0xff,0xff,0xff,0xff,0xff,0xac,0x00,0x00,0x00,0x00,0x01,0x09,0x1e,0x4e,0xa8,0xfe,0xff,
  0xff,0xff,0xff,0xff,0xda,0x04,0x00,0x00,0x00,0x00,0x00,0x1c,0xff,0xff,0xff,0xff,0xff,0xff,0xff,0xff,0xff,0xff,0xff,0xff,
  0xff,0xff,0xff,0xff,0xff,0xff,0xff,0xff,0xfe,0x3f,0x00,0x00,0x00,0x00,0x00,0x00,0x1c,0xff,0xff,0xff,0xff,0xff,0xff,0xff,
  0xff,0xff,0xff,0xff,0xff,0xff,0xff,0xff,0xff,0xff,0xff,0xff,0xff,0x76,0x00,0x00,0x00,0x00,0x00,0x00,0x00,0x1c,0xff,0xff,
  0xff,0xff,0xff,0xff,0xff,0xff,0xff,0xff,0xff,0xff,0xff,0xff,0xff,0xff,0xff,0xff,0xfc,0x76,0x00,0x00,0x00,0x00,0x00,0x00,
  0x00,0x00,0x1c,0xff,0xff,0xff,0xff,0xff,0xff,0xff,0xff,0xff,0xff,0xff,0xff,0xff,0xff,0xff,0xff,0xff,0xbc,0x33,0x00,0x00,
  0x00,0x00,0x00,0x00,0x00,0x00,0x00,0x1c,0xff,0xff,0xff,0xff,0xff,0xff,0xff,0xff,0xff,0xff,0xff,0xfc,0xf1,0xdb,0xb6,0x7d,
  0x29,0x00,0x00,0x00,0x00,0x00,0x00,0x00,0x00,0x00,0x00,0x00,0x18,0xff,0xff,0xff,0xff,0xff,0xff,0xff,0xff,0xff,0xff,0xff,
  0xff,0xff,0xff,0xff,0xff,0xff,0xff,0xff,0xff,0xff,0x24,0x00,0x00,0x00,0x00,0x18,0xff,0xff,0xff,0xff,0xff,0xff,0xff,0xff,
  0xff,0xff,0xff,0xff,0xff,0xff,0xff,0xff,0xff,0xff,0xff,0xff,0xff,0x24,0x00,0x00,0x00,0x00,0x18,0xff,0xff,0xff,0xff,0xff,
  0xff,0xff,0xff,0xff,0xff,0xff,0xff,0xff,0xff,0xff,0xff,0xff,0xff,0xff,0xff,0xff,0x24,0x00,0x00,0x00,0x00,0x18,0xff,0xff,
  0xff,0xff,0xff,0xff,0xff,0xff,0xff,0xff,0xff,0xff,0xff,0xff,0xff,0xff,0xff,0xff,0xff,0xff,0xff,0x24,0x00,0x00,0x00,0x00,
  0x18,0xff,0xff,0xff,0xff,0xff,0xff,0xff,0xff,0xff,0xff,0xff,0xff,0xff,0xff,0xff,0xff,0xff,0xff,0xff,0xff,0xff,0x24,0x00,
  0x00,0x00,0x00,0x18,0xff,0xff,0xff,0xff,0xff,0xb0,0x00,0x00,0x00,0x00,0x00,0x00,0x00,0x00,0x00,0x00,0x00,0x00,0x00,0x00,
  0x00,0x00,0x00,0x00,0x00,0x00,0x18,0xff,0xff,0xff,0xff,0xff,0xb0,0x00,0x00,0x00,0x00,0x00,0x00,0x00,0x00,0x00,0x00,0x00,
  0x00,0x00,0x00,0x00,0x00,0x00,0x00,0x00,0x00,0x18,0xff,0xff,0xff,0xff,0xff,0xb0,0x00,0x00,0x00,0x00,0x00,0x00,0x00,0x00,
  0x00,0x00,0x00,0x00,0x00,0x00,0x00,0x00,0x00,0x00,0x00,0x00,0x18,0xff,0xff,0xff,0xff,0xff,0xb0,0x00,0x00,0x00,0x00,0x00,
  0x00,0x00,0x00,0x00,0x00,0x00,0x00,0x00,0x00,0x00,0x00,0x00,0x00,0x00,0x00,0x18,0xff,0xff,0xff,0xff,0xff,0xb0,0x00,0x00,
  0x00,0x00,0x00,0x00,0x00,0x00,0x00,0x00,0x00,0x00,0x00,0x00,0x00,0x00,0x00,0x00,0x00,0x00,0x18,0xff,0xff,0xff,0xff,0xff,
  0xb0,0x00,0x00,0x00,0x00,0x00,0x00,0x00,0x00,0x00,0x00,0x00,0x00,0x00,0x00,0x00,0x00,0x00,0x00,0x00,0x00,0x18,0xff,0xff,
  0xff,0xff,0xff,0xff,0xff,0xff,0xff,0xff,0xff,0xff,0xff,0xff,0xff,0xff,0xff,0xff,0xff,0xff,0x10,0x00,0x00,0x00,0x00,0x00,
  0x18,0xff,0xff,0xff,0xff,0xff,0xff,0xff,0xff,0xff,0xff,0xff,0xff,0xff,0xff,0xff,0xff,0xff,0xff,0xff,0xff,0x10,0x00,0x00,
  0x00,0x00,0x00,0x18,0xff,0xff,0xff,0xff,0xff,0xff,0xff,0xff,0xff,0xff,0xff,0xff,0xff,0xff,0xff,0xff,0xff,0xff,0xff,0xff,
  0x10,0x00,0x00,0x00,0x00,0x00,0x18,0xff,0xff,0xff,0xff,0xff,0xff,0xff,0xff,0xff,0xff,0xff,0xff,0xff,0xff,0xff,0xff,0xff,
  0xff,0xff,0xff,0x10,0x00,0x00,0x00,0x00,0x00,0x18,0xff,0xff,0xff,0xff,0xff,0xff,0xff,0xff,0xff,0xff,0xff,0xff,0xff,0xff,
  0xff,0xff,0xff,0xff,0xff,0xff,0x10,0x00,0x00,0x00,0x00,0x00,0x18,0xff,0xff,0xff,0xff,0xff,0xb0,0x00,0x00,0x00,0x00,0x00,
  0x00,0x00,0x00,0x00,0x00,0x00,0x00,0x00,0x00,0x00,0x00,0x00,0x00,0x00,0x00,0x18,0xff,0xff,0xff,0xff,0xff,0xb0,0x00,0x00,
  0x00,0x00,0x00,0x00,0x00,0x00,0x00,0x00,0x00,0x00,0x00,0x00,0x00,0x00,0x00,0x00,0x00,0x00,0x18,0xff,0xff,0xff,0xff,0xff,
  0xb0,0x00,0x00,0x00,0x00,0x00,0x00,0x00,0x00,0x00,0x00,0x00,0x00,0x00,0x00,0x00,0x00,0x00,0x00,0x00,0x00,0x18,0xff,0xff,
  0xff,0xff,0xff,0xb0,0x00,0x00,0x00,0x00,0x00,0x00,0x00,0x00,0x00,0x00,0x00,0x00,0x00,0x00,0x00,0x00,0x00,0x00,0x00,0x00,
  0x18,0xff,0xff,0xff,0xff,0xff,0xb0,0x00,0x00,0x00,0x00,0x00,0x00,0x00,0x00,0x00,0x00,0x00,0x00,0x00,0x00,0x00,0x00,0x00,
  0x00,0x00,0x00,0x18,0xff,0xff,0xff,0xff,0xff,0xb0,0x00,0x00,0x00,0x00,0x00,0x00,0x00,0x00,0x00,0x00,0x00,0x00,0x00,0x00,
  0x00,0x00,0x00,0x00,0x00,0x00,0x18,0xff,0xff,0xff,0xff,0xff,0xb0,0x00,0x00,0x00,0x00,0x00,0x00,0x00,0x00,0x00,0x00,0x00,
  0x00,0x00,0x00,0x00,0x00,0x00,0x00,0x00,0x00,0x18,0xff,0xff,0xff,0xff,0xff,0xb0,0x00,0x00,0x00,0x00,0x00,0x00,0x00,0x00,
  0x00,0x00,0x00,0x00,0x00,0x00,0x00,0x00,0x00,0x00,0x00,0x00,0x18,0xff,0xff,0xff,0xff,0xff,0xff,0xff,0xff,0xff,0xff,0xff,
  0xff,0xff,0xff,0xff,0xff,0xff,0xff,0xff,0xff,0xff,0xb0,0x00,0x00,0x00,0x00,0x18,0xff,0xff,0xff,0xff,0xff,0xff,0xff,0xff,
  0xff,0xff,0xff,0xff,0xff,0xff,0xff,0xff,0xff,0xff,0xff,0xff,0xff,0xb0,0x00,0x00,0x00,0x00,0x18,0xff,0xff,0xff,0xff,0xff,
  0xff,0xff,0xff,0xff,0xff,0xff,0xff,0xff,0xff,0xff,0xff,0xff,0xff,0xff,0xff,0xff,0xb0,0x00,0x00,0x00,0x00,0x18,0xff,0xff,
  0xff,0xff,0xff,0xff,0xff,0xff,0xff,0xff,0xff,0xff,0xff,0xff,0xff,0xff,0xff,0xff,0xff,0xff,0xff,0xb0,0x00,0x00,0x00,0x00,
  0x18,0xff,0xff,0xff,0xff,0xff,0xff,0xff,0xff,0xff,0xff,0xff,0xff,0xff,0xff,0xff,0xff,0xff,0xff,0xff,0xff,0xff,0xb0,0x00,
  0x00,0x00,0x00,0x0c,0xff,0xff,0xff,0xff,0xff,0xff,0xff,0xff,0xff,0xff,0xff,0xff,0xff,0xff,0xff,0xff,0xff,0xff,0xff,0x94,
  0x00,0x00,0x00,0x0c,0xff,0xff,0xff,0xff,0xff,0xff,0xff,0xff,0xff,0xff,0xff,0xff,0xff,0xff,0xff,0xff,0xff,0xff,0xff,0x94,
  0x00,0x00,0x00,0x0c,0xff,0xff,0xff,0xff,0xff,0xff,0xff,0xff,0xff,0xff,0xff,0xff,0xff,0xff,0xff,0xff,0xff,0xff,0xff,0x94,
  0x00,0x00,0x00,0x0c,0xff,0xff,0xff,0xff,0xff,0xff,0xff,0xff,0xff,0xff,0xff,0xff,0xff,0xff,0xff,0xff,0xff,0xff,0xff,0x94,
  0x00,0x00,0x00,0x0c,0xff,0xff,0xff,0xff,0xff,0xff,0xff,0xff,0xff,0xff,0xff,0xff,0xff,0xff,0xff,0xff,0xff,0xff,0xff,0x94,
  0x00,0x00,0x00,0x0c,0xff,0xff,0xff,0xff,0xff,0xbc,0x00,0x00,0x00,0x00,0x00,0x00,0x00,0x00,0x00,0x00,0x00,0x00,0x00,0x00,
  0x00,0x00,0x00,0x0c,0xff,0xff,0xff,0xff,0xff,0xbc,0x00,0x00,0x00,0x00,0x00,0x00,0x00,0x00,0x00,0x00,0x00,0x00,0x00,0x00,
  0x00,0x00,0x00,0x0c,0xff,0xff,0xff,0xff,0xff,0xbc,0x00,0x00,0x00,0x00,0x00,0x00,0x00,0x00,0x00,0x00,0x00,0x00,0x00,0x00,
  0x00,0x00,0x00,0x0c,0xff,0xff,0xff,0xff,0xff,0xbc,0x00,0x00,0x00,0x00,0x00,0x00,0x00,0x00,0x00,0x00,0x00,0x00,0x00,0x00,
  0x00,0x00,0x00,0x0c,0xff,0xff,0xff,0xff,0xff,0xbc,0x00,0x00,0x00,0x00,0x00,0x00,0x00,0x00,0x00,0x00,0x00,0x00,0x00,0x00,
  0x00,0x00,0x00,0x0c,0xff,0xff,0xff,0xff,0xff,0xbc,0x00,0x00,0x00,0x00,0x00,0x00,0x00,0x00,0x00,0x00,0x00,0x00,0x00,0x00,
  0x00,0x00,0x00,0x0c,0xff,0xff,0xff,0xff,0xff,0xbc,0x00,0x00,0x00,0x00,0x00,0x00,0x00,0x00,0x00,0x00,0x00,0x00,0x00,0x00,
  0x00,0x00,0x00,0x0c,0xff,0xff,0xff,0xff,0xff,0xff,0xff,0xff,0xff,0xff,0xff,0xff,0xff,0xff,0xff,0xff,0xff,0xb0,0x00,0x00,
  0x00,0x00,0x00,0x0c,0xff,0xff,0xff,0xff,0xff,0xff,0xff,0xff,0xff,0xff,0xff,0xff,0xff,0xff,0xff,0xff,0xff,0xb0,0x00,0x00,
  0x00,0x00,0x00,0x0c,0xff,0xff,0xff,0xff,0xff,0xff,0xff,0xff,0xff,0xff,0xff,0xff,0xff,0xff,0xff,0xff,0xff,0xb0,0x00,0x00,
  0x00,0x00,0x00,0x0c,0xff,0xff,0xff,0xff,0xff,0xff,0xff,0xff,0xff,0xff,0xff,0xff,0xff,0xff,0xff,0xff,0xff,0xb0,0x00,0x00,
  0x00,0x00,0x00,0x0c,0xff,0xff,0xff,0xff,0xff,0xff,0xff,0xff,0xff,0xff,0xff,0xff,0xff,0xff,0xff,0xff,0xff,0xb0,0x00,0x00,
  0x00,0x00,0x00,0x0c,0xff,0xff,0xff,0xff,0xff,0xbc,0x00,0x00,0x00,0x00,0x00,0x00,0x00,0x00,0x00,0x00,0x00,0x00,0x00,0x00,
  0x00,0x00,0x00,0x0c,0xff,0xff,0xff,0xff,0xff,0xbc,0x00,0x00,0x00,0x00,0x00,0x00,0x00,0x00,0x00,0x00,0x00,0x00,0x00,0x00,
  0x00,0x00,0x00,0x0c,0xff,0xff,0xff,0xff,0xff,0xbc,0x00,0x00,0x00,0x00,0x00,0x00,0x00,0x00,0x00,0x00,0x00,0x00,0x00,0x00,
  0x00,0x00,0x00,0x0c,0xff,0xff,0xff,0xff,0xff,0xbc,0x00,0x00,0x00,0x00,0x00,0x00,0x00,0x00,0x00,0x00,0x00,0x00,0x00,0x00,
  0x00,0x00,0x00,0x0c,0xff,0xff,0xff,0xff,0xff,0xbc,0x00,0x00,0x00,0x00,0x00,0x00,0x00,0x00,0x00,0x00,0x00,0x00,0x00,0x00,
  0x00,0x00,0x00,0x0c,0xff,0xff,0xff,0xff,0xff,0xbc,0x00,0x00,0x00,0x00,0x00,0x00,0x00,0x00,0x00,0x00,0x00,0x00,0x00,0x00,
  0x00,0x00,0x00,0x0c,0xff,0xff,0xff,0xff,0xff,0xbc,0x00,0x00,0x00,0x00,0x00,0x00,0x00,0x00,0x00,0x00,0x00,0x00,0x00,0x00,
  0x00,0x00,0x00,0x0c,0xff,0xff,0xff,0xff,0xff,0xbc,0x00,0x00,0x00,0x00,0x00,0x00,0x00,0x00,0x00,0x00,0x00,0x00,0x00,0x00,
  0x00,0x00,0x00,0x0c,0xff,0xff,0xff,0xff,0xff,0xbc,0x00,0x00,0x00,0x00,0x00,0x00,0x00,0x00,0x00,0x00,0x00,0x00,0x00,0x00,
  0x00,0x00,0x00,0x0c,0xff,0xff,0xff,0xff,0xff,0xbc,0x00,0x00,0x00,0x00,0x00,0x00,0x00,0x00,0x00,0x00,0x00,0x00,0x00,0x00,
  0x00,0x00,0x00,0x0c,0xff,0xff,0xff,0xff,0xff,0xbc,0x00,0x00,0x00,0x00,0x00,0x00,0x00,0x00,0x00,0x00,0x00,0x00,0x00,0x00,
  0x00,0x00,0x00,0x0c,0xff,0xff,0xff,0xff,0xff,0xbc,0x00,0x00,0x00,0x00,0x00,0x00,0x00,0x00,0x00,0x00,0x00,0x00,0x00,0x00,
  0x00,0x00,0x00,0x00,0x00,0x00,0x00,0x00,0x00,0x00,0x00,0x1e,0x6a,0xa8,0xcf,0xec,0xf8,0xf9,0xea,0xd9,0xad,0x7a,0x29,0x00,
  0x00,0x00,0x00,0x00,0x00,0x00,0x00,0x00,0x00,0x00,0x00,0x00,0x00,0x00,0x00,0x00,0x29,0xb1,0xfd,0xff,0xff,0xff,0xff,0xff,
  0xff,0xff,0xff,0xff,0xff,0xff,0xc5,0x3a,0x00,0x00,0x00,0x00,0x00,0x00,0x00,0x00,0x00,0x00,0x00,0x00,0x00,0x02,0x81,0xfa,
  0xff,0xff,0xff,0xff,0xff,0xff,0xff,0xff,0xff,0xff,0xff,0xff,0xff,0xff,0xfe,0x8a,0x01,0x00,0x00,0x00,0x00,0x00,0x00,0x00,
  0x00,0x00,0x00,0x08,0xb2,0xff,0xff,0xff,0xff,0xff,0xff,0xff,0xff,0xff,0xff,0xff,0xff,0xff,0xff,0xff,0xff,0xff,0xff,0x9a,
  0x00,0x00,0x00,0x00,0x00,0x00,0x00,0x00,0x00,0x02,0xad,0xff,0xff,0xff,0xff,0xff,0xff,0xff,0xff,0xff,0xff,0xff,0xff,0xff,
  0xff,0xff,0xff,0xff,0xff,0xff,0xff,0x67,0x00,0x00,0x00,0x00,0x00,0x00,0x00,0x00,0x78,0xff,0xff,0xff,0xff,0xff,0xff,0xff,
  0xb5,0x5f,0x24,0x0d,0x07,0x21,0x62,0xd1,0xff,0xff,0xff,0xff,0xff,0xff,0xf5,0x16,0x00,0x00,0x00,0x00,0x00,0x00,0x23,0xf7,
  0xff,0xff,0xff,0xff,0xff,0xe3,0x3a,0x00,0x00,0x00,0x00,0x00,0x00,0x00,0x04,0x8c,0xff,0xff,0xff,0xff,0xff,0xff,0x86,0x00,
  0x00,0x00,0x00,0x00,0x00,0x9c,0xff,0xff,0xff,0xff,0xff,0xe3,0x19,0x00,0x00,0x00,0x00,0x00,0x00,0x00,0x00,0x00,0x00,0x9e,
  0xff,0xff,0xff,0xff,0xff,0xe5,0x00,0x00,0x00,0x00,0x00,0x12,0xf9,0xff,0xff,0xff,0xff,0xff,0x3c,0x00,0x00,0x00,0x00,0x00,
  0x00,0x00,0x00,0x00,0x00,0x00,0x11,0xf0,0xff,0xff,0xff,0xff,0xff,0x2f,0x00,0x00,0x00,0x00,0x5f,0xff,0xff,0xff,0xff,0xff,
  0xbc,0x00,0x00,0x00,0x00,0x00,0x00,0x00,0x00,0x00,0x00,0x00,0x00,0x00,0x93,0xd7,0xab,0x7e,0x52,0x25,0x02,0x00,0x00,0x00,
  0x00,0xa5,0xff,0xff,0xff,0xff,0xff,0x5d,0x00,0x00,0x00,0x00,0x00,0x00,0x00,0x00,0x00,0x00,0x00,0x00,0x00,0x00,0x00,0x00,
  0x00,0x00,0x00,0x00,0x00,0x00,0x00,0x00,0xd3,0xff,0xff,0xff,0xff,0xff,0x22,0x00,0x00,0x00,0x00,0x00,0x00,0x00,0x00,0x00,
  0x00,0x00,0x00,0x00,0x00,0x00,0x00,0x00,0x00,0x00,0x00,0x00,0x00,0x00,0x00,0xf7,0xff,0xff,0xff,0xff,0xfa,0x00,0x00,0x00,
  0x00,0x00,0x00,0x00,0x00,0x00,0x00,0x00,0x00,0x00,0x00,0x00,0x00,0x00,0x00,0x00,0x00,0x00,0x00,0x00,0x00,0x08,0xff,0xff,
  0xff,0xff,0xff,0xeb,0x00,0x00,0x00,0x00,0x00,0x00,0x00,0x00,0xc4,0xff,0xff,0xff,0xff,0xff,0xff,0xff,0xff,0xff,0xff,0xff,
  0xb0,0x00,0x00,0x00,0x10,0xff,0xff,0xff,0xff,0xff,0xe5,0x00,0x00,0x00,0x00,0x00,0x00,0x00,0x00,0xc4,0xff,0xff,0xff,0xff,
  0xff,0xff,0xff,0xff,0xff,0xff,0xff,0xb0,0x00,0x00,0x00,0x06,0xff,0xff,0xff,0xff,0xff,0xf4,0x00,0x00,0x00,0x00,0x00,0x00,
  0x00,0x00,0xc4,0xff,0xff,0xff,0xff,0xff,0xff,0xff,0xff,0xff,0xff,0xff,0xb0,0x00,0x00,0x00,0x00,0xf3,0xff,0xff,0xff,0xff,
  0xff,0x09,0x00,0x00,0x00,0x00,0x00,0x00,0x00,0xc4,0xff,0xff,0xff,0xff,0xff,0xff,0xff,0xff,0xff,0xff,0xff,0xb0,0x00,0x00,
  0x00,0x00,0xcb,0xff,0xff,0xff,0xff,0xff,0x3a,0x00,0x00,0x00,0x00,0x00,0x00,0x00,0xc4,0xff,0xff,0xff,0xff,0xff,0xff,0xff,
  0xff,0xff,0xff,0xff,0xb0,0x00,0x00,0x00,0x00,0x98,0xff,0xff,0xff,0xff,0xff,0x78,0x00,0x00,0x00,0x00,0x00,0x00,0x00,0x00,
  0x00,0x00,0x00,0x00,0x00,0x24,0xff,0xff,0xff,0xff,0xff,0xb0,0x00,0x00,0x00,0x00,0x51,0xff,0xff,0xff,0xff,0xff,0xdc,0x01,
  0x00,0x00,0x00,0x00,0x00,0x00,0x00,0x00,0x00,0x00,0x00,0x00,0x24,0xff,0xff,0xff,0xff,0xff,0xb0,0x00,0x00,0x00,0x00,0x0a,
  0xf0,0xff,0xff,0xff,0xff,0xff,0x64,0x00,0x00,0x00,0x00,0x00,0x00,0x00,0x00,0x00,0x00,0x00,0x00,0x24,0xff,0xff,0xff,0xff,
  0xff,0xb0,0x00,0x00,0x00,0x00,0x00,0x90,0xff,0xff,0xff,0xff,0xff,0xf4,0x31,0x00,0x00,0x00,0x00,0x00,0x00,0x00,0x00,0x00,
  0x00,0x00,0x44,0xff,0xff,0xff,0xff,0xff,0xb0,0x00,0x00,0x00,0x00,0x00,0x18,0xf2,0xff,0xff,0xff,0xff,0xff,0xf2,0x52,0x00,
  0x00,0x00,0x00,0x00,0x00,0x00,0x00,0x17,0x8c,0xfb,0xff,0xff,0xff,0xff,0xff,0xb0,0x00,0x00,0x00,0x00,0x00,0x00,0x6e,0xff,
  0xff,0xff,0xff,0xff,0xff,0xff,0xc2,0x64,0x25,0x0c,0x0a,0x23,0x59,0xa5,0xf7,0xff,0xff,0xff,0xff,0xff,0xff,0xff,0xb0,0x00,
  0x00,0x00,0x00,0x00,0x00,0x00,0xa4,0xff,0xff,0xff,0xff,0xff,0xff,0xff,0xff,0xff,0xff,0xff,0xff,0xff,0xff,0xff,0xff,0xff,
  0xff,0xff,0xff,0xff,0xff,0x8c,0x00,0x00,0x00,0x00,0x00,0x00,0x00,0x05,0xa3,0xff,0xff,0xff,0xff,0xff,0xff,0xff,0xff,0xff,
  0xff,0xff,0xff,0xff,0xff,0xff,0xff,0xff,0xff,0xff,0xfa,0x7d,0x01,0x00,0x00,0x00,0x00,0x00,0x00,0x00,0x00,0x01,0x6f,0xf4,
  0xff,0xff,0xff,0xff,0xff,0xff,0xff,0xff,0xff,0xff,0xff,0xff,0xff,0xff,0xff,0xff,0xb5,0x2c,0x00,0x00,0x00,0x00,0x00,0x00,
  0x00,0x00,0x00,0x00,0x00,0x00,0x1d,0x92,0xf5,0xff,0xff,0xff,0xff,0xff,0xff,0xff,0xff,0xff,0xff,0xff,0xf1,0x9d,0x30,0x00,
  0x00,0x00,0x00,0x00,0x00,0x00,0x00,0x00,0x00,0x00,0x00,0x00,0x00,0x00,0x00,0x0b,0x51,0x94,0xc2,0xe5,0xf3,0xfd,0xf4,0xdf,
  0xbb,0x89,0x49,0x07,0x00,0x00,0x00,0x00,0x00,0x00,0x00,0x00,0x00,0x00,0x10,0xff,0xff,0xff,0xff,0xff,0xb8,0x00,0x00,0x00,
  0x00,0x00,0x00,0x00,0x00,0x00,0x00,0x00,0xf4,0xff,0xff,0xff,0xff,0xd4,0x00,0x00,0x00,0x00,0x00,0x10,0xff,0xff,0xff,0xff,
  0xff,0xb8,0x00,0x00,0x00,0x00,0x00,0x00,0x00,0x00,0x00,0x00,0x00,0xf4,0xff,0xff,0xff,0xff,0xd4,0x00,0x00,0x00,0x00,0x00,
  0x10,0xff,0xff,0xff,0xff,0xff,0xb8,0x00,0x00,0x00,0x00,0x00,0x00,0x00,0x00,0x00,0x00,0x00,0xf4,0xff,0xff,0xff,0xff,0xd4,
  0x00,0x00,0x00,0x00,0x00,0x10,0xff,0xff,0xff,0xff,0xff,0xb8,0x00,0x00,0x00,0x00,0x00,0x00,0x00,0x00,0x00,0x00,0x00,0xf4,
  0xff,0xff,0xff,0xff,0xd4,0x00,0x00,0x00,0x00,0x00,0x10,0xff,0xff,0xff,0xff,0xff,0xb8,0x00,0x00,0x00,0x00,0x00,0x00,0x00,
  0x00,0x00,0x00,0x00,0xf4,0xff,0xff,0xff,0xff,0xd4,0x00,0x00,0x00,0x00,0x00,0x10,0xff,0xff,0xff,0xff,0xff,0xb8,0x00,0x00,
  0x00,0x00,0x00,0x00,0x00,0x00,0x00,0x00,0x00,0xf4,0xff,0xff,0xff,0xff,0xd4,0x00,0x00,0x00,0x00,0x00,0x10,0xff,0xff,0xff,
  0xff,0xff,0xb8,0x00,0x00,0x00,0x00,0x00,0x00,0x00,0x00,0x00,0x00,0x00,0xf4,0xff,0xff,0xff,0xff,0xd4,0x00,0x00,0x00,0x00,
  0x00,0x10,0xff,0xff,0xff,0xff,0xff,0xb8,0x00,0x00,0x00,0x00,0x00,0x00,0x00,0x00,0x00,0x00,0x00,0xf4,0xff,0xff,0xff,0xff,
  0xd4,0x00,0x00,0x00,0x00,0x00,0x10,0xff,0xff,0xff,0xff,0xff,0xb8,0x00,0x00,0x00,0x00,0x00,0x00,0x00,0x00,0x00,0x00,0x00,
  0xf4,0xff,0xff,0xff,0xff,0xd4,0x00,0x00,0x00,0x00,0x00,0x10,0xff,0xff,0xff,0xff,0xff,0xb8,0x00,0x00,0x00,0x00,0x00,0x00,
  0x00,0x00,0x00,0x00,0x00,0xf4,0xff,0xff,0xff,0xff,0xd4,0x00,0x00,0x00,0x00,0x00,0x10,0xff,0xff,0xff,0xff,0xff,0xb8,0x00,
  0x00,0x00,0x00,0x00,0x00,0x00,0x00,0x00,0x00,0x00,0xf4,0xff,0xff,0xff,0xff,0xd4,0x00,0x00,0x00,0x00,0x00,0x10,0xff,0xff,
  0xff,0xff,0xff,0xff,0xff,0xff,0xff,0xff,0xff,0xff,0xff,0xff,0xff,0xff,0xff,0xff,0xff,0xff,0xff,0xff,0xd4,0x00,0x00,0x00,
  0x00,0x00,0x10,0xff,0xff,0xff,0xff,0xff,0xff,0xff,0xff,0xff,0xff,0xff,0xff,0xff,0xff,0xff,0xff,0xff,0xff,0xff,0xff,0xff,
  0xff,0xd4,0x00,0x00,0x00,0x00,0x00,0x10,0xff,0xff,0xff,0xff,0xff,0xff,0xff,0xff,0xff,0xff,0xff,0xff,0xff,0xff,0xff,0xff,
  0xff,0xff,0xff,0xff,0xff,0xff,0xd4,0x00,0x00,0x00,0x00,0x00,0x10,0xff,0xff,0xff,0xff,0xff,0xff,0xff,0xff,0xff,0xff,0xff,
  0xff,0xff,0xff,0xff,0xff,0xff,0xff,0xff,0xff,0xff,0xff,0xd4,0x00,0x00,0x00,0x00,0x00,0x10,0xff,0xff,0xff,0xff,0xff,0xff,
  0xff,0xff,0xff,0xff,0xff,0xff,0xff,0xff,0xff,0xff,0xff,0xff,0xff,0xff,0xff,0xff,0xd4,0x00,0x00,0x00,0x00,0x00,0x10,0xff,
  0xff,0xff,0xff,0xff,0xb8,0x00,0x00,0x00,0x00,0x00,0x00,0x00,0x00,0x00,0x00,0x00,0xf4,0xff,0xff,0xff,0xff,0xd4,0x00,0x00,
  0x00,0x00,0x00,0x10,0xff,0xff,0xff,0xff,0xff,0xb8,0x00,0x00,0x00,0x00,0x00,0x00,0x00,0x00,0x00,0x00,0x00,0xf4,0xff,0xff,
  0xff,0xff,0xd4,0x00,0x00,0x00,0x00,0x00,0x10,0xff,0xff,0xff,0xff,0xff,0xb8,0x00,0x00,0x00,0x00,0x00,0x00,0x00,0x00,0x00,
  0x00,0x00,0xf4,0xff,0xff,0xff,0xff,0xd4,0x00,0x00,0x00,0x00,0x00,0x10,0xff,0xff,0xff,0xff,0xff,0xb8,0x00,0x00,0x00,0x00,
  0x00,0x00,0x00,0x00,0x00,0x00,0x00,0xf4,0xff,0xff,0xff,0xff,0xd4,0x00,0x00,0x00,0x00,0x00,0x10,0xff,0xff,0xff,0xff,0xff,
  0xb8,0x00,0x00,0x00,0x00,0x00,0x00,0x00,0x00,0x00,0x00,0x00,0xf4,0xff,0xff,0xff,0xff,0xd4,0x00,0x00,0x00,0x00,0x00,0x10,
  0xff,0xff,0xff,0xff,0xff,0xb8,0x00,0x00,0x00,0x00,0x00,0x00,0x00,0x00,0x00,0x00,0x00,0xf4,0xff,0xff,0xff,0xff,0xd4,0x00,
  0x00,0x00,0x00,0x00,0x10,0xff,0xff,0xff,0xff,0xff,0xb8,0x00,0x00,0x00,0x00,0x00,0x00,0x00,0x00,0x00,0x00,0x00,0xf4,0xff,
  0xff,0xff,0xff,0xd4,0x00,0x00,0x00,0x00,0x00,0x10,0xff,0xff,0xff,0xff,0xff,0xb8,0x00,0x00,0x00,0x00,0x00,0x00,0x00,0x00,
  0x00,0x00,0x00,0xf4,0xff,0xff,0xff,0xff,0xd4,0x00,0x00,0x00,0x00,0x00,0x10,0xff,0xff,0xff,0xff,0xff,0xb8,0x00,0x00,0x00,
  0x00,0x00,0x00,0x00,0x00,0x00,0x00,0x00,0xf4,0xff,0xff,0xff,0xff,0xd4,0x00,0x00,0x00,0x00,0x00,0x10,0xff,0xff,0xff,0xff,
  0xff,0xb8,0x00,0x00,0x00,0x00,0x00,0x00,0x00,0x00,0x00,0x00,0x00,0xf4,0xff,0xff,0xff,0xff,0xd4,0x00,0x00,0x00,0x00,0x00,
  0x10,0xff,0xff,0xff,0xff,0xff,0xb8,0x00,0x00,0x00,0x00,0x00,0x00,0x00,0x00,0x00,0x00,0x00,0xf4,0xff,0xff,0xff,0xff,0xd4,
  0x00,0x00,0x00,0x00,0x00,0x10,0xff,0xff,0xff,0xff,0xff,0xb8,0x00,0x00,0x00,0x00,0x00,0x00,0x00,0x00,0x00,0x00,0x00,0xf4,
  0xff,0xff,0xff,0xff,0xd4,0x00,0x00,0x00,0x00,0x00,0x10,0xff,0xff,0xff,0xff,0xff,0xb8,0x00,0x00,0x00,0x00,0x00,0x00,0x00,
  0x00,0x00,0x00,0x00,0xf4,0xff,0xff,0xff,0xff,0xd4,0x00,0x00,0x00,0x00,0x00,0x44,0xff,0xff,0xff,0xff,0xff,0x84,0x00,0x00,
  0x00,0x00,0x44,0xff,0xff,0xff,0xff,0xff,0x84,0x00,0x00,0x00,0x00,0x44,0xff,0xff,0xff,0xff,0xff,0x84,0x00,0x00,0x00,0x00,
  0x44,0xff,0xff,0xff,0xff,0xff,0x84,0x00,0x00,0x00,0x00,0x44,0xff,0xff,0xff,0xff,0xff,0x84,0x00,0x00,0x00,0x00,0x44,0xff,
  0xff,0xff,0xff,0xff,0x84,0x00,0x00,0x00,0x00,0x44,0xff,0xff,0xff,0xff,0xff,0x84,0x00,0x00,0x00,0x00,0x44,0xff,0xff,0xff,
  0xff,0xff,0x84,0x00,0x00,0x00,0x00,0x44,0xff,0xff,0xff,0xff,0xff,0x84,0x00,0x00,0x00,0x00,0x44,0xff,0xff,0xff,0xff,0xff,
  0x84,0x00,0x00,0x00,0x00,0x44,0xff,0xff,0xff,0xff,0xff,0x84,0x00,0x00,0x00,0x00,0x44,0xff,0xff,0xff,0xff,0xff,0x84,0x00,
  0x00,0x00,0x00,0x44,0xff,0xff,0xff,0xff,0xff,0x84,0x00,0x00,0x00,0x00,0x44,0xff,0xff,0xff,0xff,0xff,0x84,0x00,0x00,0x00,
  0x00,0x44,0xff,0xff,0xff,0xff,0xff,0x84,0x00,0x00,0x00,0x00,0x44,0xff,0xff,0xff,0xff,0xff,0x84,0x00,0x00,0x00,0x00,0x44,
  0xff,0xff,0xff,0xff,0xff,0x84,0x00,0x00,0x00,0x00,0x44,0xff,0xff,0xff,0xff,0xff,0x84,0x00,0x00,0x00,0x00,0x44,0xff,0xff,
  0xff,0xff,0xff,0x84,0x00,0x00,0x00,0x00,0x44,0xff,0xff,0xff,0xff,0xff,0x84,0x00,0x00,0x00,0x00,0x44,0xff,0xff,0xff,0xff,
  0xff,0x84,0x00,0x00,0x00,0x00,0x44,0xff,0xff,0xff,0xff,0xff,0x84,0x00,0x00,0x00,0x00,0x44,0xff,0xff,0xff,0xff,0xff,0x84,
  0x00,0x00,0x00,0x00,0x44,0xff,0xff,0xff,0xff,0xff,0x84,0x00,0x00,0x00,0x00,0x44,0xff,0xff,0xff,0xff,0xff,0x84,0x00,0x00,
  0x00,0x00,0x44,0xff,0xff,0xff,0xff,0xff,0x84,0x00,0x00,0x00,0x00,0x44,0xff,0xff,0xff,0xff,0xff,0x84,0x00,0x00,0x00,0x00,
  0x44,0xff,0xff,0xff,0xff,0xff,0x84,0x00,0x00,0x00,0x00,0x44,0xff,0xff,0xff,0xff,0xff,0x84,0x00,0x00,0x00,0x00,0x00,0x00,
  0x00,0x00,0x00,0x00,0x00,0x00,0x00,0x00,0x00,0xc0,0xff,0xff,0xff,0xff,0xff,0x00,0x00,0x00,0x00,0x00,0x00,0x00,0x00,0x00,
  0x00,0x00,0x00,0x00,0x00,0x00,0x00,0xc0,0xff,0xff,0xff,0xff,0xff,0x00,0x00,0x00,0x00,0x00,0x00,0x00,0x00,0x00,0x00,0x00,
  0x00,0x00,0x00,0x00,0x00,0xc0,0xff,0xff,0xff,0xff,0xff,0x00,0x00,0x00,0x00,0x00,0x00,0x00,0x00,0x00,0x00,0x00,0x00,0x00,
  0x00,0x00,0x00,0xc0,0xff,0xff,0xff,0xff,0xff,0x00,0x00,0x00,0x00,0x00,0x00,0x00,0x00,0x00,0x00,0x00,0x00,0x00,0x00,0x00,
  0x00,0xc0,0xff,0xff,0xff,0xff,0xff,0x00,0x00,0x00,0x00,0x00,0x00,0x00,0x00,0x00,0x00,0x00,0x00,0x00,0x00,0x00,0x00,0xc0,
  0xff,0xff,0xff,0xff,0xff,0x00,0x00,0x00,0x00,0x00,0x00,0x00,0x00,0x00,0x00,0x00,0x00,0x00,0x00,0x00,0x00,0xc0,0xff,0xff,
  0xff,0xff,0xff,0x00,0x00,0x00,0x00,0x00,0x00,0x00,0x00,0x00,0x00,0x00,0x00,0x00,0x00,0x00,0x00,0xc0,0xff,0xff,0xff,0xff,
  0xff,0x00,0x00,0x00,0x00,0x00,0x00,0x00,0x00,0x00,0x00,0x00,0x00,0x00,0x00,0x00,0x00,0xc0,0xff,0xff,0xff,0xff,0xff,0x00,
  0x00,0x00,0x00,0x00,0x00,0x00,0x00,0x00,0x00,0x00,0x00,0x00,0x00,0x00,0x00,0xc0,0xff,0xff,0xff,0xff,0xff,0x00,0x00,0x00,
  0x00,0x00,0x00,0x00,0x00,0x00,0x00,0x00,0x00,0x00,0x00,0x00,0x00,0xc0,0xff,0xff,0xff,0xff,0xff,0x00,0x00,0x00,0x00,0x00,
  0x00,0x00,0x00,0x00,0x00,0x00,0x00,0x00,0x00,0x00,0x00,0xc0,0xff,0xff,0xff,0xff,0xff,0x00,0x00,0x00,0x00,0x00,0x00,0x00,
  0x00,0x00,0x00,0x00,0x00,0x00,0x00,0x00,0x00,0xc0,0xff,0xff,0xff,0xff,0xff,0x00,0x00,0x00,0x00,0x00,0x00,0x00,0x00,0x00,
  0x00,0x00,0x00,0x00,0x00,0x00,0x00,0xc0,0xff,0xff,0xff,0xff,0xff,0x00,0x00,0x00,0x00,0x00,0x00,0x00,0x00,0x00,0x00,0x00,
  0x00,0x00,0x00,0x00,0x00,0xc0,0xff,0xff,0xff,0xff,0xff,0x00,0x00,0x00,0x00,0x00,0x00,0x00,0x00,0x00,0x00,0x00,0x00,0x00,
  0x00,0x00,0x00,0xc0,0xff,0xff,0xff,0xff,0xff,0x00,0x00,0x00,0x00,0x00,0x00,0x00,0x00,0x00,0x00,0x00,0x00,0x00,0x00,0x00,
  0x00,0xc0,0xff,0xff,0xff,0xff,0xff,0x00,0x00,0x00,0x00,0x00,0x00,0x00,0x00,0x00,0x00,0x00,0x00,0x00,0x00,0x00,0x00,0xc0,
  0xff,0xff,0xff,0xff,0xff,0x00,0x00,0x00,0x00,0x00,0x00,0x00,0x00,0x00,0x00,0x00,0x00,0x00,0x00,0x00,0x00,0xc1,0xff,0xff,
  0xff,0xff,0xfd,0x00,0x00,0x00,0x02,0x25,0x54,0x83,0xb2,0xe1,0x2b,0x00,0x00,0x00,0x00,0x00,0x00,0xc9,0xff,0xff,0xff,0xff,
  0xf6,0x00,0x00,0x00,0x47,0xff,0xff,0xff,0xff,0xff,0x46,0x00,0x00,0x00,0x00,0x00,0x00,0xde,0xff,0xff,0xff,0xff,0xe5,0x00,
  0x00,0x00,0x35,0xff,0xff,0xff,0xff,0xff,0x7a,0x00,0x00,0x00,0x00,0x00,0x0a,0xfb,0xff,0xff,0xff,0xff,0xca,0x00,0x00,0x00,
  0x11,0xfe,0xff,0xff,0xff,0xff,0xde,0x0c,0x00,0x00,0x00,0x00,0x59,0xff,0xff,0xff,0xff,0xff,0x9f,0x00,0x00,0x00,0x00,0xd2,
  0xff,0xff,0xff,0xff,0xff,0xc4,0x37,0x07,0x12,0x5d,0xef,0xff,0xff,0xff,0xff,0xff,0x5a,0x00,0x00,0x00,0x00,0x73,0xff,0xff,
  0xff,0xff,0xff,0xff,0xff,0xff,0xff,0xff,0xff,0xff,0xff,0xff,0xff,0xe7,0x07,0x00,0x00,0x00,0x00,0x0d,0xe2,0xff,0xff,0xff,
  0xff,0xff,0xff,0xff,0xff,0xff,0xff,0xff,0xff,0xff,0xff,0x56,0x00,0x00,0x00,0x00,0x00,0x00,0x36,0xf4,0xff,0xff,0xff,0xff,
  0xff,0xff,0xff,0xff,0xff,0xff,0xff,0xff,0x7e,0x00,0x00,0x00,0x00,0x00,0x00,0x00,0x00,0x2b,0xd1,0xff,0xff,0xff,0xff,0xff,
  0xff,0xff,0xff,0xff,0xe8,0x59,0x00,0x00,0x00,0x00,0x00,0x00,0x00,0x00,0x00,0x00,0x01,0x4c,0x9c,0xd5,0xee,0xfc,0xf3,0xda,
  0xac,0x61,0x0b,0x00,0x00,0x00,0x00,0x00,0x00,0x00,0x00,0x00,0x04,0xff,0xff,0xff,0xff,0xff,0xc4,0x00,0x00,0x00,0x00,0x00,
  0x00,0x00,0x00,0x00,0x00,0x21,0xe4,0xff,0xff,0xff,0xff,0xff,0xff,0xb8,0x06,0x00,0x00,0x04,0xff,0xff,0xff,0xff,0xff,0xc4,
  0x00,0x00,0x00,0x00,0x00,0x00,0x00,0x00,0x00,0x1c,0xdf,0xff,0xff,0xff,0xff,0xff,0xff,0xc1,0x09,0x00,0x00,0x00,0x04,0xff,
  0xff,0xff,0xff,0xff,0xc4,0x00,0x00,0x00,0x00,0x00,0x00,0x00,0x00,0x17,0xd8,0xff,0xff,0xff,0xff,0xff,0xff,0xca,0x0d,0x00,
  0x00,0x00,0x00,0x04,0xff,0xff,0xff,0xff,0xff,0xc4,0x00,0x00,0x00,0x00,0x00,0x00,0x00,0x12,0xd2,0xff,0xff,0xff,0xff,0xff,
  0xff,0xd3,0x12,0x00,0x00,0x00,0x00,0x00,0x04,0xff,0xff,0xff,0xff,0xff,0xc4,0x00,0x00,0x00,0x00,0x00,0x00,0x0e,0xcb,0xff,
  0xff,0xff,0xff,0xff,0xff,0xda,0x18,0x00,0x00,0x00,0x00,0x00,0x00,0x04,0xff,0xff,0xff,0xff,0xff,0xc4,0x00,0x00,0x00,0x00,
  0x00,0x0a,0xc3,0xff,0xff,0xff,0xff,0xff,0xff,0xe1,0x1e,0x00,0x00,0x00,0x00,0x00,0x00,0x00,0x04,0xff,0xff,0xff,0xff,0xff,
  0xc4,0x00,0x00,0x00,0x00,0x07,0xbb,0xff,0xff,0xff,0xff,0xff,0xff,0xe7,0x25,0x00,0x00,0x00,0x00,0x00,0x00,0x00,0x00,0x04,
  0xff,0xff,0xff,0xff,0xff,0xc4,0x00,0x00,0x00,0x05,0xb3,0xff,0xff,0xff,0xff,0xff,0xff,0xed,0x2c,0x00,0x00,0x00,0x00,0x00,
  0x00,0x00,0x00,0x00,0x04,0xff,0xff,0xff,0xff,0xff,0xc4,0x00,0x00,0x03,0xa9,0xff,0xff,0xff,0xff,0xff,0xff,0xf1,0x34,0x00,
  0x00,0x00,0x00,0x00,0x00,0x00,0x00,0x00,0x00,0x04,0xff,0xff,0xff,0xff,0xff,0xc4,0x00,0x01,0xa0,0xff,0xff,0xff,0xff,0xff,
  0xff,0xf6,0x3d,0x00,0x00,0x00,0x00,0x00,0x00,0x00,0x00,0x00,0x00,0x00,0x04,0xff,0xff,0xff,0xff,0xff,0xc4,0x00,0x96,0xff,
  0xff,0xff,0xff,0xff,0xff,0xf9,0x47,0x00,0x00,0x00,0x00,0x00,0x00,0x00,0x00,0x00,0x00,0x00,0x00,0x04,0xff,0xff,0xff,0xff,
  0xff,0xc4,0x8b,0xff,0xff,0xff,0xff,0xff,0xff,0xff,0xa1,0x00,0x00,0x00,0x00,0x00,0x00,0x00,0x00,0x00,0x00,0x00,0x00,0x00,
  0x04,0xff,0xff,0xff,0xff,0xff,0xfa,0xff,0xff,0xff,0xff,0xff,0xff,0xff,0xff,0xfb,0x30,0x00,0x00,0x00,0x00,0x00,0x00,0x00,
  0x00,0x00,0x00,0x00,0x00,0x04,0xff,0xff,0xff,0xff,0xff,0xff,0xff,0xff,0xff,0xff,0xff,0xff,0xff,0xff,0xff,0xcc,0x03,0x00,
  0x00,0x00,0x00,0x00,0x00,0x00,0x00,0x00,0x00,0x00,0x04,0xff,0xff,0xff,0xff,0xff,0xff,0xff,0xff,0xff,0xff,0xff,0xff,0xff,
  0xff,0xff,0xff,0x75,0x00,0x00,0x00,0x00,0x00,0x00,0x00,0x00,0x00,0x00,0x00,0x04,0xff,0xff,0xff,0xff,0xff,0xff,0xff,0xff,
  0xff,0xff,0xec,0xff,0xff,0xff,0xff,0xff,0xf6,0x24,0x00,0x00,0x00,0x00,0x00,0x00,0x00,0x00,0x00,0x00,0x04,0xff,0xff,0xff,
  0xff,0xff,0xff,0xff,0xff,0xff,0xa0,0x1e,0xf4,0xff,0xff,0xff,0xff,0xff,0xbf,0x01,0x00,0x00,0x00,0x00,0x00,0x00,0x00,0x00,
  0x00,0x04,0xff,0xff,0xff,0xff,0xff,0xff,0xff,0xff,0x9e,0x02,0x00,0x7a,0xff,0xff,0xff,0xff,0xff,0xff,0x65,0x00,0x00,0x00,
  0x00,0x00,0x00,0x00,0x00,0x00,0x04,0xff,0xff,0xff,0xff,0xff,0xff,0xff,0x9d,0x02,0x00,0x00,0x07,0xdb,0xff,0xff,0xff,0xff,
  0xff,0xf0,0x1a,0x00,0x00,0x00,0x00,0x00,0x00,0x00,0x00,0x04,0xff,0xff,0xff,0xff,0xff,0xff,0x9b,0x01,0x00,0x00,0x00,0x00,
  0x4b,0xff,0xff,0xff,0xff,0xff,0xff,0xaf,0x00,0x00,0x00,0x00,0x00,0x00,0x00,0x00,0x04,0xff,0xff,0xff,0xff,0xff,0xd1,0x01,
  0x00,0x00,0x00,0x00,0x00,0x00,0xb3,0xff,0xff,0xff,0xff,0xff,0xff,0x54,0x00,0x00,0x00,0x00,0x00,0x00,0x00,0x04,0xff,0xff,
  0xff,0xff,0xff,0xc4,0x00,0x00,0x00,0x00,0x00,0x00,0x00,0x23,0xf8,0xff,0xff,0xff,0xff,0xff,0xe8,0x11,0x00,0x00,0x00,0x00,
  0x00,0x00,0x04,0xff,0xff,0xff,0xff,0xff,0xc4,0x00,0x00,0x00,0x00,0x00,0x00,0x00,0x00,0x85,0xff,0xff,0xff,0xff,0xff,0xff,
  0x9e,0x00,0x00,0x00,0x00,0x00,0x00,0x04,0xff,0xff,0xff,0xff,0xff,0xc4,0x00,0x00,0x00,0x00,0x00,0x00,0x00,0x00,0x0a,0xe2,
  0xff,0xff,0xff,0xff,0xff,0xff,0x44,0x00,0x00,0x00,0x00,0x00,0x04,0xff,0xff,0xff,0xff,0xff,0xc4,0x00,0x00,0x00,0x00,0x00,
  0x00,0x00,0x00,0x00,0x56,0xff,0xff,0xff,0xff,0xff,0xff,0xde,0x0a,0x00,0x00,0x00,0x00,0x04,0xff,0xff,0xff,0xff,0xff,0xc4,
  0x00,0x00,0x00,0x00,0x00,0x00,0x00,0x00,0x00,0x00,0xbe,0xff,0xff,0xff,0xff,0xff,0xff,0x8d,0x00,0x00,0x00,0x00,0x04,0xff,
  0xff,0xff,0xff,0xff,0xc4,0x00,0x00,0x00,0x00,0x00,0x00,0x00,0x00,0x00,0x00,0x2b,0xfb,0xff,0xff,0xff,0xff,0xff,0xfc,0x35,
  0x00,0x00,0x00,0x04,0xff,0xff,0xff,0xff,0xff,0xc4,0x00,0x00,0x00,0x00,0x00,0x00,0x00,0x00,0x00,0x00,0x00,0x8f,0xff,0xff,
  0xff,0xff,0xff,0xff,0xd2,0x05,0x00,0x00,0x04,0xff,0xff,0xff,0xff,0xff,0xc4,0x00,0x00,0x00,0x00,0x00,0x00,0x00,0x00,0x00,
  0x00,0x00,0x0f,0xe8,0xff,0xff,0xff,0xff,0xff,0xff,0x7d,0x00,0x00,0x00,0xf0,0xff,0xff,0xff,0xff,0xd8,0x00,0x00,0x00,0x00,
  0x00,0x00,0x00,0x00,0x00,0x00,0x00,0x00,0x00,0x00,0x00,0x00,0x00,0x00,0xf0,0xff,0xff,0xff,0xff,0xd8,0x00,0x00,0x00,0x00,
  0x00,0x00,0x00,0x00,0x00,0x00,0x00,0x00,0x00,0x00,0x00,0x00,0x00,0x00,0xf0,0xff,0xff,0xff,0xff,0xd8,0x00,0x00,0x00,0x00,
  0x00,0x00,0x00,0x00,0x00,0x00,0x00,0x00,0x00,0x00,0x00,0x00,0x00,0x00,0xf0,0xff,0xff,0xff,0xff,0xd8,0x00,0x00,0x00,0x00,
  0x00,0x00,0x00,0x00,0x00,0x00,0x00,0x00,0x00,0x00,0x00,0x00,0x00,0x00,0xf0,0xff,0xff,0xff,0xff,0xd8,0x00,0x00,0x00,0x00,
  0x00,0x00,0x00,0x00,0x00,0x00,0x00,0x00,0x00,0x00,0x00,0x00,0x00,0x00,0xf0,0xff,0xff,0xff,0xff,0xd8,0x00,0x00,0x00,0x00,
  0x00,0x00,0x00,0x00,0x00,0x00,0x00,0x00,0x00,0x00,0x00,0x00,0x00,0x00,0xf0,0xff,0xff,0xff,0xff,0xd8,0x00,0x00,0x00,0x00,
  0x00,0x00,0x00,0x00,0x00,0x00,0x00,0x00,0x00,0x00,0x00,0x00,0x00,0x00,0xf0,0xff,0xff,0xff,0xff,0xd8,0x00,0x00,0x00,0x00,
  0x00,0x00,0x00,0x00,0x00,0x00,0x00,0x00,0x00,0x00,0x00,0x00,0x00,0x00,0xf0,0xff,0xff,0xff,0xff,0xd8,0x00,0x00,0x00,0x00,
  0x00,0x00,0x00,0x00,0x00,0x00,0x00,0x00,0x00,0x00,0x00,0x00,0x00,0x00,0xf0,0xff,0xff,0xff,0xff,0xd8,0x00,0x00,0x00,0x00,
  0x00,0x00,0x00,0x00,0x00,0x00,0x00,0x00,0x00,0x00,0x00,0x00,0x00,0x00,0xf0,0xff,0xff,0xff,0xff,0xd8,0x00,0x00,0x00,0x00,
  0x00,0x00,0x00,0x00,0x00,0x00,0x00,0x00,0x00,0x00,0x00,0x00,0x00,0x00,0xf0,0xff,0xff,0xff,0xff,0xd8,0x00,0x00,0x00,0x00,
  0x00,0x00,0x00,0x00,0x00,0x00,0x00,0x00,0x00,0x00,0x00,0x00,0x00,0x00,0xf0,0xff,0xff,0xff,0xff,0xd8,0x00,0x00,0x00,0x00,
  0x00,0x00,0x00,0x00,0x00,0x00,0x00,0x00,0x00,0x00,0x00,0x00,0x00,0x00,0xf0,0xff,0xff,0xff,0xff,0xd8,0x00,0x00,0x00,0x00,
  0x00,0x00,0x00,0x00,0x00,0x00,0x00,0x00,0x00,0x00,0x00,0x00,0x00,0x00,0xf0,0xff,0xff,0xff,0xff,0xd8,0x00,0x00,0x00,0x00,
  0x00,0x00,0x00,0x00,0x00,0x00,0x00,0x00,0x00,0x00,0x00,0x00,0x00,0x00,0xf0,0xff,0xff,0xff,0xff,0xd8,0x00,0x00,0x00,0x00,
  0x00,0x00,0x00,0x00,0x00,0x00,0x00,0x00,0x00,0x00,0x00,0x00,0x00,0x00,0xf0,0xff,0xff,0xff,0xff,0xd8,0x00,0x00,0x00,0x00,
  0x00,0x00,0x00,0x00,0x00,0x00,0x00,0x00,0x00,0x00,0x00,0x00,0x00,0x00,0xf0,0xff,0xff,0xff,0xff,0xd8,0x00,0x00,0x00,0x00,
  0x00,0x00,0x00,0x00,0x00,0x00,0x00,0x00,0x00,0x00,0x00,0x00,0x00,0x00,0xf0,0xff,0xff,0xff,0xff,0xd8,0x00,0x00,0x00,0x00,
  0x00,0x00,0x00,0x00,0x00,0x00,0x00,0x00,0x00,0x00,0x00,0x00,0x00,0x00,0xf0,0xff,0xff,0xff,0xff,0xd8,0x00,0x00,0x00,0x00,
  0x00,0x00,0x00,0x00,0x00,0x00,0x00,0x00,0x00,0x00,0x00,0x00,0x00,0x00,0xf0,0xff,0xff,0xff,0xff,0xd8,0x00,0x00,0x00,0x00,
  0x00,0x00,0x00,0x00,0x00,0x00,0x00,0x00,0x00,0x00,0x00,0x00,0x00,0x00,0xf0,0xff,0xff,0xff,0xff,0xd8,0x00,0x00,0x00,0x00,
  0x00,0x00,0x00,0x00,0x00,0x00,0x00,0x00,0x00,0x00,0x00,0x00,0x00,0x00,0xf0,0xff,0xff,0xff,0xff,0xd8,0x00,0x00,0x00,0x00,
  0x00,0x00,0x00,0x00,0x00,0x00,0x00,0x00,0x00,0x00,0x00,0x00,0x00,0x00,0xf0,0xff,0xff,0xff,0xff,0xd8,0x00,0x00,0x00,0x00,
  0x00,0x00,0x00,0x00,0x00,0x00,0x00,0x00,0x00,0x00,0x00,0x00,0x00,0x00,0xf0,0xff,0xff,0xff,0xff,0xff,0xff,0xff,0xff,0xff,
  0xff,0xff,0xff,0xff,0xff,0xff,0xff,0xff,0xff,0xff,0x38,0x00,0x00,0x00,0xf0,0xff,0xff,0xff,0xff,0xff,0xff,0xff,0xff,0xff,
  0xff,0xff,0xff,0xff,0xff,0xff,0xff,0xff,0xff,0xff,0x38,0x00,0x00,0x00,0xf0,0xff,0xff,0xff,0xff,0xff,0xff,0xff,0xff,0xff,
  0xff,0xff,0xff,0xff,0xff,0xff,0xff,0xff,0xff,0xff,0x38,0x00,0x00,0x00,0xf0,0xff,0xff,0xff,0xff,0xff,0xff,0xff,0xff,0xff,
  0xff,0xff,0xff,0xff,0xff,0xff,0xff,0xff,0xff,0xff,0x38,0x00,0x00,0x00,0xf0,0xff,0xff,0xff,0xff,0xff,0xff,0xff,0xff,0xff,
  0xff,0xff,0xff,0xff,0xff,0xff,0xff,0xff,0xff,0xff,0x38,0x00,0x00,0x2c,0xff,0xff,0xff,0xff,0xff,0xff,0xff,0xff,0x9d,0x00,
  0x00,0x00,0x00,0x00,0x00,0x00,0x00,0x00,0x52,0xff,0xff,0xff,0xff,0xff,0xff,0xff,0xff,0x7c,0x00,0x00,0x00,0x00,0x2c,0xff,
  0xff,0xff,0xff,0xff,0xff,0xff,0xff,0xe0,0x00,0x00,0x00,0x00,0x00,0x00,0x00,0x00,0x00,0x94,0xff,0xff,0xff,0xff,0xff,0xff,
  0xff,0xff,0x7c,0x00,0x00,0x00,0x00,0x2c,0xff,0xff,0xff,0xff,0xff,0xff,0xff,0xff,0xff,0x24,0x00,0x00,0x00,0x00,0x00,0x00,
  0x00,0x00,0xd6,0xff,0xff,0xff,0xff,0xff,0xff,0xff,0xff,0x7c,0x00,0x00,0x00,0x00,0x2c,0xff,0xff,0xff,0xff,0xff,0xff,0xff,
  0xff,0xff,0x67,0x00,0x00,0x00,0x00,0x00,0x00,0x00,0x19,0xff,0xff,0xff,0xff,0xff,0xff,0xff,0xff,0xff,0x7c,0x00,0x00,0x00,
  0x00,0x2c,0xff,0xff,0xff,0xff,0xff,0xff,0xff,0xff,0xff,0xaa,0x00,0x00,0x00,0x00,0x00,0x00,0x00,0x5b,0xff,0xff,0xff,0xff,
  0xff,0xff,0xff,0xff,0xff,0x7c,0x00,0x00,0x00,0x00,0x2c,0xff,0xff,0xff,0xff,0xff,0xff,0xff,0xff,0xff,0xec,0x01,0x00,0x00,
  0x00,0x00,0x00,0x00,0x9d,0xff,0xff,0xff,0xff,0xff,0xff,0xff,0xff,0xff,0x7c,0x00,0x00,0x00,0x00,0x2c,0xff,0xff,0xff,0xff,
  0xff,0xea,0xff,0xff,0xff,0xff,0x31,0x00,0x00,0x00,0x00,0x00,0x00,0xdf,0xff,0xff,0xff,0xfc,0xed,0xff,0xff,0xff,0xff,0x7c,
  0x00,0x00,0x00,0x00,0x2c,0xff,0xff,0xff,0xff,0xff,0xac,0xff,0xff,0xff,0xff,0x74,0x00,0x00,0x00,0x00,0x00,0x22,0xff,0xff,
  0xff,0xff,0xcb,0xe0,0xff,0xff,0xff,0xff,0x7c,0x00,0x00,0x00,0x00,0x2c,0xff,0xff,0xff,0xff,0xff,0x6c,0xff,0xff,0xff,0xff,
  0xb8,0x00,0x00,0x00,0x00,0x00,0x64,0xff,0xff,0xff,0xff,0x8b,0xe0,0xff,0xff,0xff,0xff,0x7c,0x00,0x00,0x00,0x00,0x2c,0xff,
  0xff,0xff,0xff,0xff,0x38,0xf3,0xff,0xff,0xff,0xf5,0x06,0x00,0x00,0x00,0x00,0xa6,0xff,0xff,0xff,0xff,0x4b,0xe0,0xff,0xff,
  0xff,0xff,0x7c,0x00,0x00,0x00,0x00,0x2c,0xff,0xff,0xff,0xff,0xff,0x34,0xb9,0xff,0xff,0xff,0xff,0x3e,0x00,0x00,0x00,0x00,
  0xe7,0xff,0xff,0xff,0xfc,0x0e,0xe0,0xff,0xff,0xff,0xff,0x7c,0x00,0x00,0x00,0x00,0x2c,0xff,0xff,0xff,0xff,0xff,0x34,0x79,
  0xff,0xff,0xff,0xff,0x82,0x00,0x00,0x00,0x2b,0xff,0xff,0xff,0xff,0xcc,0x00,0xe0,0xff,0xff,0xff,0xff,0x7c,0x00,0x00,0x00,
  0x00,0x2c,0xff,0xff,0xff,0xff,0xff,0x34,0x3a,0xff,0xff,0xff,0xff,0xc5,0x00,0x00,0x00,0x6d,0xff,0xff,0xff,0xff,0x8c,0x00,
  0xe0,0xff,0xff,0xff,0xff,0x7c,0x00,0x00,0x00,0x00,0x2c,0xff,0xff,0xff,0xff,0xff,0x34,0x05,0xf5,0xff,0xff,0xff,0xfb,0x0d,
  0x00,0x00,0xb0,0xff,0xff,0xff,0xff,0x4c,0x00,0xe0,0xff,0xff,0xff,0xff,0x7c,0x00,0x00,0x00,0x00,0x2c,0xff,0xff,0xff,0xff,
  0xff,0x34,0x00,0xbb,0xff,0xff,0xff,0xff,0x4c,0x00,0x02,0xef,0xff,0xff,0xff,0xfd,0x0f,0x00,0xe0,0xff,0xff,0xff,0xff,0x7c,
  0x00,0x00,0x00,0x00,0x2c,0xff,0xff,0xff,0xff,0xff,0x34,0x00,0x7b,0xff,0xff,0xff,0xff,0x8f,0x00,0x34,0xff,0xff,0xff,0xff,
  0xcc,0x00,0x00,0xe0,0xff,0xff,0xff,0xff,0x7c,0x00,0x00,0x00,0x00,0x2c,0xff,0xff,0xff,0xff,0xff,0x34,0x00,0x3b,0xff,0xff,
  0xff,0xff,0xd2,0x00,0x77,0xff,0xff,0xff,0xff,0x8d,0x00,0x00,0xe0,0xff,0xff,0xff,0xff,0x7c,0x00,0x00,0x00,0x00,0x2c,0xff,
  0xff,0xff,0xff,0xff,0x34,0x00,0x06,0xf5,0xff,0xff,0xff,0xfe,0x17,0xb9,0xff,0xff,0xff,0xff,0x4d,0x00,0x00,0xe0,0xff,0xff,
  0xff,0xff,0x7c,0x00,0x00,0x00,0x00,0x2c,0xff,0xff,0xff,0xff,0xff,0x34,0x00,0x00,0xbc,0xff,0xff,0xff,0xff,0x5f,0xf5,0xff,
  0xff,0xff,0xfd,0x10,0x00,0x00,0xe0,0xff,0xff,0xff,0xff,0x7c,0x00,0x00,0x00,0x00,0x2c,0xff,0xff,0xff,0xff,0xff,0x34,0x00,
  0x00,0x7d,0xff,0xff,0xff,0xff,0xd7,0xff,0xff,0xff,0xff,0xcd,0x00,0x00,0x00,0xe0,0xff,0xff,0xff,0xff,0x7c,0x00,0x00,0x00,
  0x00,0x2c,0xff,0xff,0xff,0xff,0xff,0x34,0x00,0x00,0x3d,0xff,0xff,0xff,0xff,0xff,0xff,0xff,0xff,0xff,0x8e,0x00,0x00,0x00,
  0xe0,0xff,0xff,0xff,0xff,0x7c,0x00,0x00,0x00,0x00,0x2c,0xff,0xff,0xff,0xff,0xff,0x34,0x00,0x00,0x06,0xf6,0xff,0xff,0xff,
  0xff,0xff,0xff,0xff,0xff,0x4e,0x00,0x00,0x00,0xe0,0xff,0xff,0xff,0xff,0x7c,0x00,0x00,0x00,0x00,0x2c,0xff,0xff,0xff,0xff,
  0xff,0x34,0x00,0x00,0x00,0xbe,0xff,0xff,0xff,0xff,0xff,0xff,0xff,0xfd,0x10,0x00,0x00,0x00,0xe0,0xff,0xff,0xff,0xff,0x7c,
  0x00,0x00,0x00,0x00,0x2c,0xff,0xff,0xff,0xff,0xff,0x34,0x00,0x00,0x00,0x7e,0xff,0xff,0xff,0xff,0xff,0xff,0xff,0xce,0x00,
  0x00,0x00,0x00,0xe0,0xff,0xff,0xff,0xff,0x7c,0x00,0x00,0x00,0x00,0x2c,0xff,0xff,0xff,0xff,0xff,0x34,0x00,0x00,0x00,0x3f,
  0xff,0xff,0xff,0xff,0xff,0xff,0xff,0x8e,0x00,0x00,0x00,0x00,0xe0,0xff,0xff,0xff,0xff,0x7c,0x00,0x00,0x00,0x00,0x2c,0xff,
  0xff,0xff,0xff,0xff,0x34,0x00,0x00,0x00,0x07,0xf7,0xff,0xff,0xff,0xff,0xff,0xff,0x4f,0x00,0x00,0x00,0x00,0xe0,0xff,0xff,
  0xff,0xff,0x7c,0x00,0x00,0x00,0x00,0x2c,0xff,0xff,0xff,0xff,0xff,0x34,0x00,0x00,0x00,0x00,0xbf,0xff,0xff,0xff,0xff,0xff,
  0xfd,0x11,0x00,0x00,0x00,0x00,0xe0,0xff,0xff,0xff,0xff,0x7c,0x00,0x00,0x00,0x00,0x2c,0xff,0xff,0xff,0xff,0xff,0x34,0x00,
  0x00,0x00,0x00,0x80,0xff,0xff,0xff,0xff,0xff,0xcf,0x00,0x00,0x00,0x00,0x00,0xe0,0xff,0xff,0xff,0xff,0x7c,0x00,0x00,0x00,
  0x00,0x2c,0xff,0xff,0xff,0xff,0xff,0x34,0x00,0x00,0x00,0x00,0x40,0xff,0xff,0xff,0xff,0xff,0x8f,0x00,0x00,0x00,0x00,0x00,
  0xe0,0xff,0xff,0xff,0xff,0x7c,0x00,0x00,0x00,0x00,0x08,0xff,0xff,0xff,0xff,0xff,0xda,0x06,0x00,0x00,0x00,0x00,0x00,0x00,
  0x00,0x00,0x00,0x00,0xb0,0xff,0xff,0xff,0xff,0xb0,0x00,0x00,0x00,0x00,0x00,0x08,0xff,0xff,0xff,0xff,0xff,0xff,0x74,0x00,
  0x00,0x00,0x00,0x00,0x00,0x00,0x00,0x00,0x00,0xb0,0xff,0xff,0xff,0xff,0xb0,0x00,0x00,0x00,0x00,0x00,0x08,0xff,0xff,0xff,
  0xff,0xff,0xff,0xf1,0x16,0x00,0x00,0x00,0x00,0x00,0x00,0x00,0x00,0x00,0xb0,0xff,0xff,0xff,0xff,0xb0,0x00,0x00,0x00,0x00,
  0x00,0x08,0xff,0xff,0xff,0xff,0xff,0xff,0xff,0x9a,0x00,0x00,0x00,0x00,0x00,0x00,0x00,0x00,0x00,0xb0,0xff,0xff,0xff,0xff,
  0xb0,0x00,0x00,0x00,0x00,0x00,0x08,0xff,0xff,0xff,0xff,0xff,0xff,0xff,0xfd,0x30,0x00,0x00,0x00,0x00,0x00,0x00,0x00,0x00,
  0xb0,0xff,0xff,0xff,0xff,0xb0,0x00,0x00,0x00,0x00,0x00,0x08,0xff,0xff,0xff,0xff,0xff,0xff,0xff,0xff,0xc0,0x00,0x00,0x00,
  0x00,0x00,0x00,0x00,0x00,0xb0,0xff,0xff,0xff,0xff,0xb0,0x00,0x00,0x00,0x00,0x00,0x08,0xff,0xff,0xff,0xff,0xff,0xff,0xff,
  0xff,0xff,0x53,0x00,0x00,0x00,0x00,0x00,0x00,0x00,0xb0,0xff,0xff,0xff,0xff,0xb0,0x00,0x00,0x00,0x00,0x00,0x08,0xff,0xff,
  0xff,0xff,0xff,0xff,0xff,0xff,0xff,0xde,0x07,0x00,0x00,0x00,0x00,0x00,0x00,0xb0,0xff,0xff,0xff,0xff,0xb0,0x00,0x00,0x00,
  0x00,0x00,0x08,0xff,0xff,0xff,0xff,0xff,0xff,0xff,0xff,0xff,0xff,0x79,0x00,0x00,0x00,0x00,0x00,0x00,0xb0,0xff,0xff,0xff,
  0xff,0xb0,0x00,0x00,0x00,0x00,0x00,0x08,0xff,0xff,0xff,0xff,0xff,0xa9,0xff,0xff,0xff,0xff,0xf3,0x19,0x00,0x00,0x00,0x00,
  0x00,0xb0,0xff,0xff,0xff,0xff,0xb0,0x00,0x00,0x00,0x00,0x00,0x08,0xff,0xff,0xff,0xff,0xff,0x58,0xbd,0xff,0xff,0xff,0xff,
  0x9f,0x00,0x00,0x00,0x00,0x00,0xb0,0xff,0xff,0xff,0xff,0xb0,0x00,0x00,0x00,0x00,0x00,0x08,0xff,0xff,0xff,0xff,0xff,0x58,
  0x2d,0xfc,0xff,0xff,0xff,0xfe,0x34,0x00,0x00,0x00,0x00,0xb0,0xff,0xff,0xff,0xff,0xb0,0x00,0x00,0x00,0x00,0x00,0x08,0xff,
  0xff,0xff,0xff,0xff,0x58,0x00,0x97,0xff,0xff,0xff,0xff,0xc4,0x00,0x00,0x00,0x00,0xb0,0xff,0xff,0xff,0xff,0xb0,0x00,0x00,
  0x00,0x00,0x00,0x08,0xff,0xff,0xff,0xff,0xff,0x58,0x00,0x14,0xef,0xff,0xff,0xff,0xff,0x58,0x00,0x00,0x00,0xb0,0xff,0xff,
  0xff,0xff,0xb0,0x00,0x00,0x00,0x00,0x00,0x08,0xff,0xff,0xff,0xff,0xff,0x58,0x00,0x00,0x71,0xff,0xff,0xff,0xff,0xe1,0x09,
  0x00,0x00,0xb0,0xff,0xff,0xff,0xff,0xb0,0x00,0x00,0x00,0x00,0x00,0x08,0xff,0xff,0xff,0xff,0xff,0x58,0x00,0x00,0x05,0xd8,
  0xff,0xff,0xff,0xff,0x7e,0x00,0x00,0xb0,0xff,0xff,0xff,0xff,0xb0,0x00,0x00,0x00,0x00,0x00,0x08,0xff,0xff,0xff,0xff,0xff,
  0x58,0x00,0x00,0x00,0x4b,0xff,0xff,0xff,0xff,0xf5,0x1c,0x00,0xb0,0xff,0xff,0xff,0xff,0xb0,0x00,0x00,0x00,0x00,0x00,0x08,
  0xff,0xff,0xff,0xff,0xff,0x58,0x00,0x00,0x00,0x00,0xb8,0xff,0xff,0xff,0xff,0xa4,0x00,0xb0,0xff,0xff,0xff,0xff,0xb0,0x00,
  0x00,0x00,0x00,0x00,0x08,0xff,0xff,0xff,0xff,0xff,0x58,0x00,0x00,0x00,0x00,0x29,0xfb,0xff,0xff,0xff,0xfe,0x38,0xb0,0xff,
  0xff,0xff,0xff,0xb0,0x00,0x00,0x00,0x00,0x00,0x08,0xff,0xff,0xff,0xff,0xff,0x58,0x00,0x00,0x00,0x00,0x00,0x92,0xff,0xff,
  0xff,0xff,0xc9,0xb1,0xff,0xff,0xff,0xff,0xb0,0x00,0x00,0x00,0x00,0x00,0x08,0xff,0xff,0xff,0xff,0xff,0x58,0x00,0x00,0x00,
  0x00,0x00,0x11,0xec,0xff,0xff,0xff,0xff,0xf3,0xff,0xff,0xff,0xff,0xb0,0x00,0x00,0x00,0x00,0x00,0x08,0xff,0xff,0xff,0xff,
  0xff,0x58,0x00,0x00,0x00,0x00,0x00,0x00,0x6b,0xff,0xff,0xff,0xff,0xff,0xff,0xff,0xff,0xff,0xb0,0x00,0x00,0x00,0x00,0x00,
  0x08,0xff,0xff,0xff,0xff,0xff,0x58,0x00,0x00,0x00,0x00,0x00,0x00,0x03,0xd4,0xff,0xff,0xff,0xff,0xff,0xff,0xff,0xff,0xb0,
  0x00,0x00,0x00,0x00,0x00,0x08,0xff,0xff,0xff,0xff,0xff,0x58,0x00,0x00,0x00,0x00,0x00,0x00,0x00,0x45,0xff,0xff,0xff,0xff,
  0xff,0xff,0xff,0xff,0xb0,0x00,0x00,0x00,0x00,0x00,0x08,0xff,0xff,0xff,0xff,0xff,0x58,0x00,0x00,0x00,0x00,0x00,0x00,0x00,
  0x00,0xb2,0xff,0xff,0xff,0xff,0xff,0xff,0xff,0xb0,0x00,0x00,0x00,0x00,0x00,0x08,0xff,0xff,0xff,0xff,0xff,0x58,0x00,0x00,
  0x00,0x00,0x00,0x00,0x00,0x00,0x25,0xf9,0xff,0xff,0xff,0xff,0xff,0xff,0xb0,0x00,0x00,0x00,0x00,0x00,0x08,0xff,0xff,0xff,
  0xff,0xff,0x58,0x00,0x00,0x00,0x00,0x00,0x00,0x00,0x00,0x00,0x8c,0xff,0xff,0xff,0xff,0xff,0xff,0xb0,0x00,0x00,0x00,0x00,
  0x00,0x08,0xff,0xff,0xff,0xff,0xff,0x58,0x00,0x00,0x00,0x00,0x00,0x00,0x00,0x00,0x00,0x0f,0xea,0xff,0xff,0xff,0xff,0xff,
  0xb0,0x00,0x00,0x00,0x00,0x00,0x08,0xff,0xff,0xff,0xff,0xff,0x58,0x00,0x00,0x00,0x00,0x00,0x00,0x00,0x00,0x00,0x00,0x66,
  0xff,0xff,0xff,0xff,0xff,0xb0,0x00,0x00,0x00,0x00,0x00,0x00,0x00,0x00,0x00,0x00,0x00,0x00,0x03,0x44,0x89,0xbe,0xe0,0xf4,
  0xfc,0xec,0xd8,0xbf,0x83,0x3f,0x05,0x00,0x00,0x00,0x00,0x00,0x00,0x00,0x00,0x00,0x00,0x00,0x00,0x00,0x00,0x00,0x00,0x03,
  0x65,0xe4,0xff,0xff,0xff,0xff,0xff,0xff,0xff,0xff,0xff,0xff,0xff,0xe5,0x6c,0x07,0x00,0x00,0x00,0x00,0x00,0x00,0x00,0x00,
  0x00,0x00,0x00,0x00,0x00,0x1e,0xce,0xff,0xff,0xff,0xff,0xff,0xff,0xff,0xff,0xff,0xff,0xff,0xff,0xff,0xff,0xff,0xde,0x30,
  0x00,0x00,0x00,0x00,0x00,0x00,0x00,0x00,0x00,0x00,0x00,0x32,0xe8,0xff,0xff,0xff,0xff,0xff,0xff,0xff,0xff,0xff,0xff,0xff,
  0xff,0xff,0xff,0xff,0xff,0xff,0xf5,0x55,0x00,0x00,0x00,0x00,0x00,0x00,0x00,0x00,0x00,0x1c,0xe6,0xff,0xff,0xff,0xff,0xff,
  0xff,0xff,0xff,0xff,0xff,0xff,0xff,0xff,0xff,0xff,0xff,0xff,0xff,0xff,0xfb,0x3f,0x00,0x00,0x00,0x00,0x00,0x00,0x00,0x02,
  0xca,0xff,0xff,0xff,0xff,0xff,0xff,0xf8,0x97,0x47,0x1a,0x06,0x14,0x34,0x7c,0xe5,0xff,0xff,0xff,0xff,0xff,0xff,0xe9,0x1b,
  0x00,0x00,0x00,0x00,0x00,0x00,0x66,0xff,0xff,0xff,0xff,0xff,0xff,0xc9,0x1f,0x00,0x00,0x00,0x00,0x00,0x00,0x00,0x0a,0x95,
  0xff,0xff,0xff,0xff,0xff,0xff,0xa3,0x00,0x00,0x00,0x00,0x00,0x07,0xe8,0xff,0xff,0xff,0xff,0xff,0xc6,0x0a,0x00,0x00,0x00,
  0x00,0x00,0x00,0x00,0x00,0x00,0x00,0x89,0xff,0xff,0xff,0xff,0xff,0xfc,0x21,0x00,0x00,0x00,0x00,0x55,0xff,0xff,0xff,0xff,
  0xff,0xf4,0x21,0x00,0x00,0x00,0x00,0x00,0x00,0x00,0x00,0x00,0x00,0x00,0x04,0xcc,0xff,0xff,0xff,0xff,0xff,0x8f,0x00,0x00,
  0x00,0x00,0xa4,0xff,0xff,0xff,0xff,0xff,0x97,0x00,0x00,0x00,0x00,0x00,0x00,0x00,0x00,0x00,0x00,0x00,0x00,0x00,0x55,0xff,
  0xff,0xff,0xff,0xff,0xd4,0x00,0x00,0x00,0x00,0xe0,0xff,0xff,0xff,0xff,0xff,0x38,0x00,0x00,0x00,0x00,0x00,0x00,0x00,0x00,
  0x00,0x00,0x00,0x00,0x00,0x04,0xf3,0xff,0xff,0xff,0xff,0xfe,0x15,0x00,0x00,0x0a,0xff,0xff,0xff,0xff,0xff,0xf9,0x06,0x00,
  0x00,0x00,0x00,0x00,0x00,0x00,0x00,0x00,0x00,0x00,0x00,0x00,0x00,0xc0,0xff,0xff,0xff,0xff,0xff,0x48,0x00,0x00,0x29,0xff,
  0xff,0xff,0xff,0xff,0xd4,0x00,0x00,0x00,0x00,0x00,0x00,0x00,0x00,0x00,0x00,0x00,0x00,0x00,0x00,0x00,0x97,0xff,0xff,0xff,
  0xff,0xff,0x5d,0x00,0x00,0x38,0xff,0xff,0xff,0xff,0xff,0xc3,0x00,0x00,0x00,0x00,0x00,0x00,0x00,0x00,0x00,0x00,0x00,0x00,
  0x00,0x00,0x00,0x87,0xff,0xff,0xff,0xff,0xff,0x70,0x00,0x00,0x41,0xff,0xff,0xff,0xff,0xff,0xb7,0x00,0x00,0x00,0x00,0x00,
  0x00,0x00,0x00,0x00,0x00,0x00,0x00,0x00,0x00,0x00,0x7c,0xff,0xff,0xff,0xff,0xff,0x7e,0x00,0x00,0x34,0xff,0xff,0xff,0xff,
  0xff,0xc4,0x00,0x00,0x00,0x00,0x00,0x00,0x00,0x00,0x00,0x00,0x00,0x00,0x00,0x00,0x00,0x8a,0xff,0xff,0xff,0xff,0xff,0x71,
  0x00,0x00,0x21,0xff,0xff,0xff,0xff,0xff,0xd5,0x00,0x00,0x00,0x00,0x00,0x00,0x00,0x00,0x00,0x00,0x00,0x00,0x00,0x00,0x00,
  0x9b,0xff,0xff,0xff,0xff,0xff,0x5e,0x00,0x00,0x0e,0xff,0xff,0xff,0xff,0xff,0xfa,0x09,0x00,0x00,0x00,0x00,0x00,0x00,0x00,
  0x00,0x00,0x00,0x00,0x00,0x00,0x00,0xca,0xff,0xff,0xff,0xff,0xff,0x4a,0x00,0x00,0x00,0xde,0xff,0xff,0xff,0xff,0xff,0x40,
  0x00,0x00,0x00,0x00,0x00,0x00,0x00,0x00,0x00,0x00,0x00,0x00,0x00,0x0b,0xf9,0xff,0xff,0xff,0xff,0xff,0x17,0x00,0x00,0x00,
  0x9e,0xff,0xff,0xff,0xff,0xff,0xa3,0x00,0x00,0x00,0x00,0x00,0x00,0x00,0x00,0x00,0x00,0x00,0x00,0x00,0x67,0xff,0xff,0xff,
  0xff,0xff,0xd7,0x00,0x00,0x00,0x00,0x59,0xff,0xff,0xff,0xff,0xff,0xf9,0x2c,0x00,0x00,0x00,0x00,0x00,0x00,0x00,0x00,0x00,
  0x00,0x00,0x0b,0xdb,0xff,0xff,0xff,0xff,0xff,0x92,0x00,0x00,0x00,0x00,0x06,0xe4,0xff,0xff,0xff,0xff,0xff,0xd5,0x11,0x00,
  0x00,0x00,0x00,0x00,0x00,0x00,0x00,0x00,0x01,0xa2,0xff,0xff,0xff,0xff,0xff,0xfd,0x25,0x00,0x00,0x00,0x00,0x00,0x70,0xff,
  0xff,0xff,0xff,0xff,0xff,0xd7,0x2a,0x00,0x00,0x00,0x00,0x00,0x00,0x00,0x11,0xab,0xff,0xff,0xff,0xff,0xff,0xff,0xa8,0x00,
  0x00,0x00,0x00,0x00,0x00,0x08,0xcd,0xff,0xff,0xff,0xff,0xff,0xff,0xfc,0xa0,0x4b,0x19,0x05,0x13,0x38,0x84,0xed,0xff,0xff,
  0xff,0xff,0xff,0xff,0xec,0x1f,0x00,0x00,0x00,0x00,0x00,0x00,0x00,0x1f,0xec,0xff,0xff,0xff,0xff,0xff,0xff,0xff,0xff,0xff,
  0xff,0xff,0xff,0xff,0xff,0xff,0xff,0xff,0xff,0xff,0xfd,0x45,0x00,0x00,0x00,0x00,0x00,0x00,0x00,0x00,0x00,0x35,0xe6,0xff,
  0xff,0xff,0xff,0xff,0xff,0xff,0xff,0xff,0xff,0xff,0xff,0xff,0xff,0xff,0xff,0xff,0xf8,0x5c,0x00,0x00,0x00,0x00,0x00,0x00,
  0x00,0x00,0x00,0x00,0x00,0x1a,0xc6,0xff,0xff,0xff,0xff,0xff,0xff,0xff,0xff,0xff,0xff,0xff,0xff,0xff,0xff,0xff,0xe4,0x37,
  0x00,0x00,0x00,0x00,0x00,0x00,0x00,0x00,0x00,0x00,0x00,0x00,0x00,0x01,0x55,0xd3,0xff,0xff,0xff,0xff,0xff,0xff,0xff,0xff,
  0xff,0xff,0xff,0xea,0x74,0x09,0x00,0x00,0x00,0x00,0x00,0x00,0x00,0x00,0x00,0x00,0x00,0x00,0x00,0x00,0x00,0x00,0x01,0x33,
  0x76,0xb6,0xd5,0xe9,0xfa,0xef,0xdb,0xc3,0x89,0x45,0x08,0x00,0x00,0x00,0x00,0x00,0x00,0x00,0x00,0x00,0x00,0x00,0x18,0xff,
  0xff,0xff,0xff,0xff,0xff,0xff,0xff,0xff,0xfe,0xfb,0xf8,0xee,0xe2,0xcd,0xaa,0x67,0x10,0x00,0x00,0x00,0x00,0x00,0x00,0x00,
  0x00,0x18,0xff,0xff,0xff,0xff,0xff,0xff,0xff,0xff,0xff,0xff,0xff,0xff,0xff,0xff,0xff,0xff,0xff,0xed,0x5e,0x00,0x00,0x00,
  0x00,0x00,0x00,0x00,0x18,0xff,0xff,0xff,0xff,0xff,0xff,0xff,0xff,0xff,0xff,0xff,0xff,0xff,0xff,0xff,0xff,0xff,0xff,0xff,
  0x7b,0x00,0x00,0x00,0x00,0x00,0x00,0x18,0xff,0xff,0xff,0xff,0xff,0xff,0xff,0xff,0xff,0xff,0xff,0xff,0xff,0xff,0xff,0xff,
  0xff,0xff,0xff,0xff,0x4f,0x00,0x00,0x00,0x00,0x00,0x18,0xff,0xff,0xff,0xff,0xff,0xff,0xff,0xff,0xff,0xff,0xff,0xff,0xff,
  0xff,0xff,0xff,0xff,0xff,0xff,0xff,0xe2,0x05,0x00,0x00,0x00,0x00,0x18,0xff,0xff,0xff,0xff,0xff,0xb0,0x00,0x00,0x00,0x02,
  0x08,0x12,0x2f,0x7b,0xef,0xff,0xff,0xff,0xff,0xff,0xff,0x51,0x00,0x00,0x00,0x00,0x18,0xff,0xff,0xff,0xff,0xff,0xb0,0x00,
  0x00,0x00,0x00,0x00,0x00,0x00,0x00,0x23,0xeb,0xff,0xff,0xff,0xff,0xff,0x94,0x00,0x00,0x00,0x00,0x18,0xff,0xff,0xff,0xff,
  0xff,0xb0,0x00,0x00,0x00,0x00,0x00,0x00,0x00,0x00,0x00,0x6d,0xff,0xff,0xff,0xff,0xff,0xbf,0x00,0x00,0x00,0x00,0x18,0xff,
  0xff,0xff,0xff,0xff,0xb0,0x00,0x00,0x00,0x00,0x00,0x00,0x00,0x00,0x00,0x30,0xff,0xff,0xff,0xff,0xff,0xd1,0x00,0x00,0x00,
  0x00,0x18,0xff,0xff,0xff,0xff,0xff,0xb0,0x00,0x00,0x00,0x00,0x00,0x00,0x00,0x00,0x00,0x2f,0xff,0xff,0xff,0xff,0xff,0xc8,
  0x00,0x00,0x00,0x00,0x18,0xff,0xff,0xff,0xff,0xff,0xb0,0x00,0x00,0x00,0x00,0x00,0x00,0x00,0x00,0x00,0x71,0xff,0xff,0xff,
  0xff,0xff,0xae,0x00,0x00,0x00,0x00,0x18,0xff,0xff,0xff,0xff,0xff,0xb0,0x00,0x00,0x00,0x00,0x00,0x00,0x00,0x00,0x29,0xec,
  0xff,0xff,0xff,0xff,0xff,0x87,0x00,0x00,0x00,0x00,0x18,0xff,0xff,0xff,0xff,0xff,0xb0,0x00,0x00,0x00,0x02,0x09,0x19,0x39,
  0x81,0xf2,0xff,0xff,0xff,0xff,0xff,0xff,0x2f,0x00,0x00,0x00,0x00,0x18,0xff,0xff,0xff,0xff,0xff,0xff,0xff,0xff,0xff,0xff,
  0xff,0xff,0xff,0xff,0xff,0xff,0xff,0xff,0xff,0xff,0xc4,0x00,0x00,0x00,0x00,0x00,0x18,0xff,0xff,0xff,0xff,0xff,0xff,0xff,
  0xff,0xff,0xff,0xff,0xff,0xff,0xff,0xff,0xff,0xff,0xff,0xff,0xf7,0x27,0x00,0x00,0x00,0x00,0x00,0x18,0xff,0xff,0xff,0xff,
  0xff,0xff,0xff,0xff,0xff,0xff,0xff,0xff,0xff,0xff,0xff,0xff,0xff,0xff,0xf4,0x47,0x00,0x00,0x00,0x00,0x00,0x00,0x18,0xff,
  0xff,0xff,0xff,0xff,0xff,0xff,0xff,0xff,0xff,0xff,0xff,0xff,0xff,0xff,0xff,0xff,0xc4,0x2f,0x00,0x00,0x00,0x00,0x00,0x00,
  0x00,0x18,0xff,0xff,0xff,0xff,0xff,0xff,0xff,0xff,0xff,0xff,0xfd,0xf7,0xeb,0xd9,0xbd,0x8f,0x3d,0x00,0x00,0x00,0x00,0x00,
  0x00,0x00,0x00,0x00,0x18,0xff,0xff,0xff,0xff,0xff,0xb0,0x00,0x00,0x00,0x00,0x00,0x00,0x00,0x00,0x00,0x00,0x00,0x00,0x00,
  0x00,0x00,0x00,0x00,0x00,0x00,0x00,0x18,0xff,0xff,0xff,0xff,0xff,0xb0,0x00,0x00,0x00,0x00,0x00,0x00,0x00,0x00,0x00,0x00,
  0x00,0x00,0x00,0x00,0x00,0x00,0x00,0x00,0x00,0x00,0x18,0xff,0xff,0xff,0xff,0xff,0xb0,0x00,0x00,0x00,0x00,0x00,0x00,0x00,
  0x00,0x00,0x00,0x00,0x00,0x00,0x00,0x00,0x00,0x00,0x00,0x00,0x00,0x18,0xff,0xff,0xff,0xff,0xff,0xb0,0x00,0x00,0x00,0x00,
  0x00,0x00,0x00,0x00,0x00,0x00,0x00,0x00,0x00,0x00,0x00,0x00,0x00,0x00,0x00,0x00,0x18,0xff,0xff,0xff,0xff,0xff,0xb0,0x00,
  0x00,0x00,0x00,0x00,0x00,0x00,0x00,0x00,0x00,0x00,0x00,0x00,0x00,0x00,0x00,0x00,0x00,0x00,0x00,0x18,0xff,0xff,0xff,0xff,
  0xff,0xb0,0x00,0x00,0x00,0x00,0x00,0x00,0x00,0x00,0x00,0x00,0x00,0x00,0x00,0x00,0x00,0x00,0x00,0x00,0x00,0x00,0x18,0xff,
  0xff,0xff,0xff,0xff,0xb0,0x00,0x00,0x00,0x00,0x00,0x00,0x00,0x00,0x00,0x00,0x00,0x00,0x00,0x00,0x00,0x00,0x00,0x00,0x00,
  0x00,0x18,0xff,0xff,0xff,0xff,0xff,0xb0,0x00,0x00,0x00,0x00,0x00,0x00,0x00,0x00,0x00,0x00,0x00,0x00,0x00,0x00,0x00,0x00,
  0x00,0x00,0x00,0x00,0x18,0xff,0xff,0xff,0xff,0xff,0xb0,0x00,0x00,0x00,0x00,0x00,0x00,0x00,0x00,0x00,0x00,0x00,0x00,0x00,
  0x00,0x00,0x00,0x00,0x00,0x00,0x00,0x18,0xff,0xff,0xff,0xff,0xff,0xb0,0x00,0x00,0x00,0x00,0x00,0x00,0x00,0x00,0x00,0x00,
  0x00,0x00,0x00,0x00,0x00,0x00,0x00,0x00,0x00,0x00,0x18,0xff,0xff,0xff,0xff,0xff,0xb0,0x00,0x00,0x00,0x00,0x00,0x00,0x00,
  0x00,0x00,0x00,0x00,0x00,0x00,0x00,0x00,0x00,0x00,0x00,0x00,0x00,0x00,0x00,0x00,0x00,0x00,0x00,0x00,0x01,0x33,0x77,0xb7,
  0xd4,0xe8,0xfa,0xef,0xda,0xc4,0x8c,0x49,0x0b,0x00,0x00,0x00,0x00,0x00,0x00,0x00,0x00,0x00,0x00,0x00,0x00,0x00,0x00,0x00,
  0x00,0x02,0x57,0xd5,0xff,0xff,0xff,0xff,0xff,0xff,0xff,0xff,0xff,0xff,0xff,0xef,0x7e,0x0f,0x00,0x00,0x00,0x00,0x00,0x00,
  0x00,0x00,0x00,0x00,0x00,0x00,0x00,0x1c,0xc9,0xff,0xff,0xff,0xff,0xff,0xff,0xff,0xff,0xff,0xff,0xff,0xff,0xff,0xff,0xff,
  0xec,0x44,0x00,0x00,0x00,0x00,0x00,0x00,0x00,0x00,0x00,0x00,0x00,0x37,0xe7,0xff,0xff,0xff,0xff,0xff,0xff,0xff,0xff,0xff,
  0xff,0xff,0xff,0xff,0xff,0xff,0xff,0xff,0xfc,0x6f,0x00,0x00,0x00,0x00,0x00,0x00,0x00,0x00,0x00,0x20,0xed,0xff,0xff,0xff,
  0xff,0xff,0xff,0xff,0xff,0xff,0xff,0xff,0xff,0xff,0xff,0xff,0xff,0xff,0xff,0xff,0xff,0x57,0x00,0x00,0x00,0x00,0x00,0x00,
  0x00,0x08,0xcd,0xff,0xff,0xff,0xff,0xff,0xff,0xf8,0x97,0x47,0x1a,0x06,0x14,0x37,0x80,0xe9,0xff,0xff,0xff,0xff,0xff,0xff,
  0xf4,0x2b,0x00,0x00,0x00,0x00,0x00,0x00,0x6f,0xff,0xff,0xff,0xff,0xff,0xff,0xc9,0x1f,0x00,0x00,0x00,0x00,0x00,0x00,0x00,
  0x0d,0xa0,0xff,0xff,0xff,0xff,0xff,0xff,0xb6,0x00,0x00,0x00,0x00,0x00,0x05,0xe2,0xff,0xff,0xff,0xff,0xff,0xc6,0x0a,0x00,
  0x00,0x00,0x00,0x00,0x00,0x00,0x00,0x00,0x00,0x95,0xff,0xff,0xff,0xff,0xff,0xff,0x30,0x00,0x00,0x00,0x00,0x56,0xff,0xff,
  0xff,0xff,0xff,0xf4,0x20,0x00,0x00,0x00,0x00,0x00,0x00,0x00,0x00,0x00,0x00,0x00,0x06,0xd3,0xff,0xff,0xff,0xff,0xff,0x9b,
  0x00,0x00,0x00,0x00,0x9a,0xff,0xff,0xff,0xff,0xff,0x96,0x00,0x00,0x00,0x00,0x00,0x00,0x00,0x00,0x00,0x00,0x00,0x00,0x00,
  0x5c,0xff,0xff,0xff,0xff,0xff,0xdd,0x00,0x00,0x00,0x00,0xd9,0xff,0xff,0xff,0xff,0xff,0x37,0x00,0x00,0x00,0x00,0x00,0x00,
  0x00,0x00,0x00,0x00,0x00,0x00,0x00,0x07,0xf6,0xff,0xff,0xff,0xff,0xff,0x1c,0x00,0x00,0x0b,0xff,0xff,0xff,0xff,0xff,0xf8,
  0x05,0x00,0x00,0x00,0x00,0x00,0x00,0x00,0x00,0x00,0x00,0x00,0x00,0x00,0x00,0xc5,0xff,0xff,0xff,0xff,0xff,0x4a,0x00,0x00,
  0x1f,0xff,0xff,0xff,0xff,0xff,0xd3,0x00,0x00,0x00,0x00,0x00,0x00,0x00,0x00,0x00,0x00,0x00,0x00,0x00,0x00,0x00,0x98,0xff,
  0xff,0xff,0xff,0xff,0x5d,0x00,0x00,0x32,0xff,0xff,0xff,0xff,0xff,0xc2,0x00,0x00,0x00,0x00,0x00,0x00,0x00,0x00,0x00,0x00,
  0x00,0x00,0x00,0x00,0x00,0x88,0xff,0xff,0xff,0xff,0xff,0x70,0x00,0x00,0x3f,0xff,0xff,0xff,0xff,0xff,0xb7,0x00,0x00,0x00,
  0x00,0x00,0x00,0x00,0x00,0x00,0x00,0x00,0x00,0x00,0x00,0x00,0x7c,0xff,0xff,0xff,0xff,0xff,0x7c,0x00,0x00,0x32,0xff,0xff,
  0xff,0xff,0xff,0xc4,0x00,0x00,0x00,0x00,0x00,0x00,0x00,0x00,0x00,0x00,0x00,0x00,0x00,0x00,0x00,0x89,0xff,0xff,0xff,0xff,
  0xff,0x74,0x00,0x00,0x20,0xff,0xff,0xff,0xff,0xff,0xd5,0x00,0x00,0x00,0x00,0x00,0x00,0x00,0x00,0x00,0x00,0x00,0x00,0x00,
  0x00,0x00,0x9b,0xff,0xff,0xff,0xff,0xff,0x61,0x00,0x00,0x0c,0xff,0xff,0xff,0xff,0xff,0xfa,0x07,0x00,0x00,0x00,0x00,0x00,
  0x00,0x00,0x00,0x00,0x00,0x00,0x00,0x00,0x00,0xca,0xff,0xff,0xff,0xff,0xff,0x42,0x00,0x00,0x00,0xda,0xff,0xff,0xff,0xff,
  0xff,0x3b,0x00,0x00,0x00,0x00,0x00,0x00,0x00,0x00,0x00,0x00,0x00,0x00,0x00,0x0b,0xf9,0xff,0xff,0xff,0xff,0xff,0x12,0x00,
  0x00,0x00,0x9b,0xff,0xff,0xff,0xff,0xff,0x9b,0x00,0x00,0x00,0x00,0x00,0x00,0x68,0xbe,0x59,0x07,0x00,0x00,0x00,0x67,0xff,
  0xff,0xff,0xff,0xff,0xd2,0x00,0x00,0x00,0x00,0x58,0xff,0xff,0xff,0xff,0xff,0xf6,0x23,0x00,0x00,0x00,0x00,0x0b,0xe8,0xff,
  0xff,0xe9,0x65,0x02,0x09,0xda,0xff,0xff,0xff,0xff,0xff,0x7e,0x00,0x00,0x00,0x00,0x06,0xe5,0xff,0xff,0xff,0xff,0xff,0xc9,
  0x0b,0x00,0x00,0x00,0x7f,0xff,0xff,0xff,0xff,0xff,0xce,0xac,0xff,0xff,0xff,0xff,0xff,0xf3,0x14,0x00,0x00,0x00,0x00,0x00,
  0x74,0xff,0xff,0xff,0xff,0xff,0xff,0xca,0x1f,0x00,0x00,0x1d,0x7d,0xe6,0xff,0xff,0xff,0xff,0xff,0xff,0xff,0xff,0xff,0xff,
  0x84,0x00,0x00,0x00,0x00,0x00,0x00,0x09,0xd2,0xff,0xff,0xff,0xff,0xff,0xff,0xf7,0x93,0x41,0x16,0x05,0x20,0xbf,0xff,0xff,
  0xff,0xff,0xff,0xff,0xff,0xff,0xcc,0x06,0x00,0x00,0x00,0x00,0x00,0x00,0x00,0x24,0xf0,0xff,0xff,0xff,0xff,0xff,0xff,0xff,
  0xff,0xff,0xff,0xff,0xff,0xff,0xff,0xff,0xff,0xff,0xff,0xff,0xff,0x37,0x00,0x00,0x00,0x00,0x00,0x00,0x00,0x00,0x00,0x3d,
  0xeb,0xff,0xff,0xff,0xff,0xff,0xff,0xff,0xff,0xff,0xff,0xff,0xff,0xff,0xff,0xff,0xff,0xff,0xff,0xff,0xef,0x6d,0x03,0x00,
  0x00,0x00,0x00,0x00,0x00,0x00,0x00,0x1f,0xcd,0xff,0xff,0xff,0xff,0xff,0xff,0xff,0xff,0xff,0xff,0xff,0xff,0xff,0xff,0xff,
  0xff,0xff,0xff,0xff,0xff,0xe0,0x76,0x13,0x00,0x00,0x00,0x00,0x00,0x00,0x00,0x02,0x5a,0xd5,0xff,0xff,0xff,0xff,0xff,0xff,
  0xff,0xff,0xff,0xff,0xff,0xf0,0xf2,0xff,0xff,0xff,0xff,0xff,0xff,0xff,0x52,0x00,0x00,0x00,0x00,0x00,0x00,0x00,0x00,0x00,
  0x01,0x33,0x75,0xb5,0xd4,0xe7,0xf9,0xf8,0xe9,0xc7,0x96,0x53,0x08,0x1a,0xaa,0xff,0xff,0xff,0xff,0xff,0xc9,0x00,0x00,0x00,
  0x00,0x00,0x00,0x00,0x00,0x00,0x00,0x00,0x00,0x00,0x00,0x00,0x00,0x00,0x00,0x00,0x00,0x00,0x00,0x00,0x00,0x00,0x47,0xda,
  0xff,0xff,0xff,0x41,0x00,0x00,0x00,0x00,0x00,0x00,0x00,0x00,0x00,0x00,0x00,0x00,0x00,0x00,0x00,0x00,0x00,0x00,0x00,0x00,
  0x00,0x00,0x00,0x00,0x00,0x00,0x05,0x4f,0xaa,0xae,0x00,0x00,0x00,0x00,0x10,0xff,0xff,0xff,0xff,0xff,0xff,0xff,0xff,0xff,
  0xff,0xff,0xff,0xfd,0xf7,0xec,0xd9,0xbb,0x8e,0x49,0x03,0x00,0x00,0x00,0x00,0x00,0x00,0x00,0x00,0x10,0xff,0xff,0xff,0xff,
  0xff,0xff,0xff,0xff,0xff,0xff,0xff,0xff,0xff,0xff,0xff,0xff,0xff,0xff,0xff,0xd9,0x3b,0x00,0x00,0x00,0x00,0x00,0x00,0x00,
  0x10,0xff,0xff,0xff,0xff,0xff,0xff,0xff,0xff,0xff,0xff,0xff,0xff,0xff,0xff,0xff,0xff,0xff,0xff,0xff,0xff,0xf8,0x46,0x00,
  0x00,0x00,0x00,0x00,0x00,0x10,0xff,0xff,0xff,0xff,0xff,0xff,0xff,0xff,0xff,0xff,0xff,0xff,0xff,0xff,0xff,0xff,0xff,0xff,
  0xff,0xff,0xff,0xec,0x17,0x00,0x00,0x00,0x00,0x00,0x10,0xff,0xff,0xff,0xff,0xff,0xff,0xff,0xff,0xff,0xff,0xff,0xff,0xff,
  0xff,0xff,0xff,0xff,0xff,0xff,0xff,0xff,0xff,0x90,0x00,0x00,0x00,0x00,0x00,0x10,0xff,0xff,0xff,0xff,0xff,0xb8,0x00,0x00,
  0x00,0x00,0x00,0x01,0x04,0x0a,0x22,0x70,0xf2,0xff,0xff,0xff,0xff,0xff,0xed,0x04,0x00,0x00,0x00,0x00,0x10,0xff,0xff,0xff,
  0xff,0xff,0xb8,0x00,0x00,0x00,0x00,0x00,0x00,0x00,0x00,0x00,0x00,0x37,0xfd,0xff,0xff,0xff,0xff,0xff,0x2f,0x00,0x00,0x00,
  0x00,0x10,0xff,0xff,0xff,0xff,0xff,0xb8,0x00,0x00,0x00,0x00,0x00,0x00,0x00,0x00,0x00,0x00,0x00,0xc2,0xff,0xff,0xff,0xff,
  0xff,0x4d,0x00,0x00,0x00,0x00,0x10,0xff,0xff,0xff,0xff,0xff,0xb8,0x00,0x00,0x00,0x00,0x00,0x00,0x00,0x00,0x00,0x00,0x00,
  0xa5,0xff,0xff,0xff,0xff,0xff,0x50,0x00,0x00,0x00,0x00,0x10,0xff,0xff,0xff,0xff,0xff,0xb8,0x00,0x00,0x00,0x00,0x00,0x00,
  0x00,0x00,0x00,0x00,0x00,0xc8,0xff,0xff,0xff,0xff,0xff,0x3b,0x00,0x00,0x00,0x00,0x10,0xff,0xff,0xff,0xff,0xff,0xb8,0x00,
  0x00,0x00,0x00,0x00,0x00,0x00,0x00,0x00,0x00,0x44,0xff,0xff,0xff,0xff,0xff,0xfb,0x0c,0x00,0x00,0x00,0x00,0x10,0xff,0xff,
  0xff,0xff,0xff,0xb8,0x00,0x00,0x00,0x00,0x01,0x03,0x0b,0x18,0x33,0x7d,0xf4,0xff,0xff,0xff,0xff,0xff,0xb3,0x00,0x00,0x00,
  0x00,0x00,0x10,0xff,0xff,0xff,0xff,0xff,0xff,0xff,0xff,0xff,0xff,0xff,0xff,0xff,0xff,0xff,0xff,0xff,0xff,0xff,0xff,0xff,
  0xfc,0x36,0x00,0x00,0x00,0x00,0x00,0x10,0xff,0xff,0xff,0xff,0xff,0xff,0xff,0xff,0xff,0xff,0xff,0xff,0xff,0xff,0xff,0xff,
  0xff,0xff,0xff,0xff,0xff,0x76,0x00,0x00,0x00,0x00,0x00,0x00,0x10,0xff,0xff,0xff,0xff,0xff,0xff,0xff,0xff,0xff,0xff,0xff,
  0xff,0xff,0xff,0xff,0xff,0xff,0xff,0xff,0xf3,0x67,0x00,0x00,0x00,0x00,0x00,0x00,0x00,0x10,0xff,0xff,0xff,0xff,0xff,0xff,
  0xff,0xff,0xff,0xff,0xff,0xff,0xff,0xff,0xff,0xff,0xff,0xde,0x86,0x1a,0x00,0x00,0x00,0x00,0x00,0x00,0x00,0x00,0x10,0xff,
  0xff,0xff,0xff,0xff,0xff,0xff,0xff,0xff,0xff,0xff,0xff,0xff,0xff,0xff,0xfb,0x5f,0x00,0x00,0x00,0x00,0x00,0x00,0x00,0x00,
  0x00,0x00,0x00,0x10,0xff,0xff,0xff,0xff,0xff,0xb8,0x00,0x04,0x14,0x42,0xb2,0xff,0xff,0xff,0xff,0xff,0xff,0x8f,0x02,0x00,
  0x00,0x00,0x00,0x00,0x00,0x00,0x00,0x00,0x10,0xff,0xff,0xff,0xff,0xff,0xb8,0x00,0x00,0x00,0x00,0x00,0x81,0xff,0xff,0xff,
  0xff,0xff,0xff,0xa8,0x03,0x00,0x00,0x00,0x00,0x00,0x00,0x00,0x00,0x10,0xff,0xff,0xff,0xff,0xff,0xb8,0x00,0x00,0x00,0x00,
  0x00,0x00,0xa4,0xff,0xff,0xff,0xff,0xff,0xff,0x8e,0x00,0x00,0x00,0x00,0x00,0x00,0x00,0x00,0x10,0xff,0xff,0xff,0xff,0xff,
  0xb8,0x00,0x00,0x00,0x00,0x00,0x00,0x0c,0xdc,0xff,0xff,0xff,0xff,0xff,0xff,0x4d,0x00,0x00,0x00,0x00,0x00,0x00,0x00,0x10,
  0xff,0xff,0xff,0xff,0xff,0xb8,0x00,0x00,0x00,0x00,0x00,0x00,0x00,0x38,0xfc,0xff,0xff,0xff,0xff,0xff,0xe8,0x13,0x00,0x00,
  0x00,0x00,0x00,0x00,0x10,0xff,0xff,0xff,0xff,0xff,0xb8,0x00,0x00,0x00,0x00,0x00,0x00,0x00,0x00,0x85,0xff,0xff,0xff,0xff,
  0xff,0xff,0xa0,0x00,0x00,0x00,0x00,0x00,0x00,0x10,0xff,0xff,0xff,0xff,0xff,0xb8,0x00,0x00,0x00,0x00,0x00,0x00,0x00,0x00,
  0x06,0xd4,0xff,0xff,0xff,0xff,0xff,0xff,0x42,0x00,0x00,0x00,0x00,0x00,0x10,0xff,0xff,0xff,0xff,0xff,0xb8,0x00,0x00,0x00,
  0x00,0x00,0x00,0x00,0x00,0x00,0x36,0xfc,0xff,0xff,0xff,0xff,0xff,0xd9,0x07,0x00,0x00,0x00,0x00,0x10,0xff,0xff,0xff,0xff,
  0xff,0xb8,0x00,0x00,0x00,0x00,0x00,0x00,0x00,0x00,0x00,0x00,0x8a,0xff,0xff,0xff,0xff,0xff,0xff,0x7f,0x00,0x00,0x00,0x00,
  0x10,0xff,0xff,0xff,0xff,0xff,0xb8,0x00,0x00,0x00,0x00,0x00,0x00,0x00,0x00,0x00,0x00,0x08,0xd9,0xff,0xff,0xff,0xff,0xff,
  0xf8,0x26,0x00,0x00,0x00,0x10,0xff,0xff,0xff,0xff,0xff,0xb8,0x00,0x00,0x00,0x00,0x00,0x00,0x00,0x00,0x00,0x00,0x00,0x3b,
  0xfd,0xff,0xff,0xff,0xff,0xff,0xbc,0x00,0x00,0x00,0x10,0xff,0xff,0xff,0xff,0xff,0xb8,0x00,0x00,0x00,0x00,0x00,0x00,0x00,
  0x00,0x00,0x00,0x00,0x00,0x90,0xff,0xff,0xff,0xff,0xff,0xff,0x5c,0x00,0x00,0x00,0x00,0x00,0x00,0x00,0x14,0x5c,0xa5,0xcd,
  0xe2,0xf6,0xf7,0xe7,0xd1,0xa0,0x68,0x12,0x00,0x00,0x00,0x00,0x00,0x00,0x00,0x00,0x00,0x00,0x00,0x00,0x00,0x13,0x9c,0xfb,
  0xff,0xff,0xff,0xff,0xff,0xff,0xff,0xff,0xff,0xff,0xf7,0x97,0x0e,0x00,0x00,0x00,0x00,0x00,0x00,0x00,0x00,0x00,0x00,0x2d,
  0xe6,0xff,0xff,0xff,0xff,0xff,0xff,0xff,0xff,0xff,0xff,0xff,0xff,0xff,0xff,0xdf,0x28,0x00,0x00,0x00,0x00,0x00,0x00,0x00,
  0x00,0x18,0xe7,0xff,0xff,0xff,0xff,0xff,0xff,0xff,0xff,0xff,0xff,0xff,0xff,0xff,0xff,0xff,0xff,0xe1,0x19,0x00,0x00,0x00,
  0x00,0x00,0x00,0x00,0xa3,0xff,0xff,0xff,0xff,0xff,0xff,0xff,0xff,0xff,0xff,0xff,0xff,0xff,0xff,0xff,0xff,0xff,0xff,0xa6,
  0x00,0x00,0x00,0x00,0x00,0x00,0x18,0xfc,0xff,0xff,0xff,0xff,0xff,0xb1,0x4e,0x1a,0x05,0x08,0x25,0x68,0xe1,0xff,0xff,0xff,
  0xff,0xff,0xff,0x2b,0x00,0x00,0x00,0x00,0x00,0x5c,0xff,0xff,0xff,0xff,0xff,0x7f,0x00,0x00,0x00,0x00,0x00,0x00,0x00,0x14,
  0xdd,0xff,0xff,0xff,0xff,0xff,0x7e,0x00,0x00,0x00,0x00,0x00,0x7c,0xff,0xff,0xff,0xff,0xff,0x15,0x00,0x00,0x00,0x00,0x00,
  0x00,0x00,0x00,0x54,0xff,0xff,0xff,0xff,0xff,0xb9,0x00,0x00,0x00,0x00,0x00,0x75,0xff,0xff,0xff,0xff,0xff,0x3d,0x00,0x00,
  0x00,0x00,0x00,0x00,0x00,0x00,0x07,0xf7,0xff,0xff,0xff,0xff,0xd8,0x00,0x00,0x00,0x00,0x00,0x55,0xff,0xff,0xff,0xff,0xff,
  0xe1,0x3d,0x00,0x00,0x00,0x00,0x00,0x00,0x00,0x00,0x00,0x00,0x00,0x00,0x00,0x00,0x00,0x00,0x00,0x00,0x00,0x0f,0xf9,0xff,
  0xff,0xff,0xff,0xff,0xff,0xcd,0x77,0x2b,0x00,0x00,0x00,0x00,0x00,0x00,0x00,0x00,0x00,0x00,0x00,0x00,0x00,0x00,0x00,0x00,
  0x00,0x92,0xff,0xff,0xff,0xff,0xff,0xff,0xff,0xff,0xff,0xea,0xab,0x6c,0x28,0x00,0x00,0x00,0x00,0x00,0x00,0x00,0x00,0x00,
  0x00,0x00,0x00,0x00,0x0f,0xd8,0xff,0xff,0xff,0xff,0xff,0xff,0xff,0xff,0xff,0xff,0xff,0xff,0xde,0x88,0x29,0x00,0x00,0x00,
  0x00,0x00,0x00,0x00,0x00,0x00,0x00,0x00,0x1d,0xd9,0xff,0xff,0xff,0xff,0xff,0xff,0xff,0xff,0xff,0xff,0xff,0xff,0xff,0xfe,
  0xad,0x18,0x00,0x00,0x00,0x00,0x00,0x00,0x00,0x00,0x00,0x00,0x0b,0x8d,0xf6,0xff,0xff,0xff,0xff,0xff,0xff,0xff,0xff,0xff,
  0xff,0xff,0xff,0xff,0xed,0x42,0x00,0x00,0x00,0x00,0x00,0x00,0x00,0x00,0x00,0x00,0x00,0x17,0x74,0xce,0xff,0xff,0xff,0xff,
  0xff,0xff,0xff,0xff,0xff,0xff,0xff,0xff,0xf0,0x2b,0x00,0x00,0x00,0x00,0x00,0x00,0x00,0x00,0x00,0x00,0x00,0x00,0x00,0x18,
  0x5d,0x9e,0xde,0xff,0xff,0xff,0xff,0xff,0xff,0xff,0xff,0xff,0xd0,0x01,0x00,0x00,0x00,0x00,0x00,0x00,0x00,0x00,0x00,0x00,
  0x00,0x00,0x00,0x00,0x00,0x00,0x1f,0x65,0xb8,0xfe,0xff,0xff,0xff,0xff,0xff,0xff,0x42,0x00,0x00,0x00,0x00,0x00,0x00,0x00,
  0x00,0x00,0x00,0x00,0x00,0x00,0x00,0x00,0x00,0x00,0x00,0x00,0x2d,0xd9,0xff,0xff,0xff,0xff,0xff,0x87,0x00,0x00,0x00,0x06,
  0x2f,0x5c,0x8a,0xb7,0xe5,0x34,0x00,0x00,0x00,0x00,0x00,0x00,0x00,0x00,0x00,0x00,0x3f,0xff,0xff,0xff,0xff,0xff,0xac,0x00,
  0x00,0x00,0x72,0xff,0xff,0xff,0xff,0xff,0x87,0x00,0x00,0x00,0x00,0x00,0x00,0x00,0x00,0x00,0x00,0x15,0xff,0xff,0xff,0xff,
  0xff,0xb7,0x00,0x00,0x00,0x3d,0xff,0xff,0xff,0xff,0xff,0xef,0x18,0x00,0x00,0x00,0x00,0x00,0x00,0x00,0x00,0x00,0x52,0xff,
  0xff,0xff,0xff,0xff,0xa5,0x00,0x00,0x00,0x07,0xec,0xff,0xff,0xff,0xff,0xff,0xc7,0x12,0x00,0x00,0x00,0x00,0x00,0x00,0x00,
  0x24,0xe4,0xff,0xff,0xff,0xff,0xff,0x71,0x00,0x00,0x00,0x00,0x8c,0xff,0xff,0xff,0xff,0xff,0xff,0xe8,0x7a,0x30,0x0c,0x03,
  0x11,0x39,0x87,0xf3,0xff,0xff,0xff,0xff,0xff,0xfc,0x1c,0x00,0x00,0x00,0x00,0x14,0xea,0xff,0xff,0xff,0xff,0xff,0xff,0xff,
  0xff,0xff,0xff,0xff,0xff,0xff,0xff,0xff,0xff,0xff,0xff,0xff,0x96,0x00,0x00,0x00,0x00,0x00,0x00,0x4c,0xfb,0xff,0xff,0xff,
  0xff,0xff,0xff,0xff,0xff,0xff,0xff,0xff,0xff,0xff,0xff,0xff,0xff,0xff,0xd8,0x0d,0x00,0x00,0x00,0x00,0x00,0x00,0x00,0x4f,
  0xf3,0xff,0xff,0xff,0xff,0xff,0xff,0xff,0xff,0xff,0xff,0xff,0xff,0xff,0xff,0xff,0xd2,0x1b,0x00,0x00,0x00,0x00,0x00,0x00,
  0x00,0x00,0x00,0x1d,0xa9,0xfb,0xff,0xff,0xff,0xff,0xff,0xff,0xff,0xff,0xff,0xff,0xff,0xf0,0x80,0x07,0x00,0x00,0x00,0x00,
  0x00,0x00,0x00,0x00,0x00,0x00,0x00,0x00,0x16,0x69,0xa0,0xd0,0xe8,0xf6,0xfd,0xf5,0xe3,0xc4,0x95,0x54,0x0a,0x00,0x00,0x00,
  0x00,0x00,0x00,0x00,0x24,0xff,0xff,0xff,0xff,0xff,0xff,0xff,0xff,0xff,0xff,0xff,0xff,0xff,0xff,0xff,0xff,0xff,0xff,0xff,
  0xff,0xff,0xff,0x9c,0x24,0xff,0xff,0xff,0xff,0xff,0xff,0xff,0xff,0xff,0xff,0xff,0xff,0xff,0xff,0xff,0xff,0xff,0xff,0xff,
  0xff,0xff,0xff,0x9c,0x24,0xff,0xff,0xff,0xff,0xff,0xff,0xff,0xff,0xff,0xff,0xff,0xff,0xff,0xff,0xff,0xff,0xff,0xff,0xff,
  0xff,0xff,0xff,0x9c,0x24,0xff,0xff,0xff,0xff,0xff,0xff,0xff,0xff,0xff,0xff,0xff,0xff,0xff,0xff,0xff,0xff,0xff,0xff,0xff,
  0xff,0xff,0xff,0x9c,0x24,0xff,0xff,0xff,0xff,0xff,0xff,0xff,0xff,0xff,0xff,0xff,0xff,0xff,0xff,0xff,0xff,0xff,0xff,0xff,
  0xff,0xff,0xff,0x9c,0x00,0x00,0x00,0x00,0x00,0x00,0x00,0x00,0x00,0xa4,0xff,0xff,0xff,0xff,0xff,0x24,0x00,0x00,0x00,0x00,
  0x00,0x00,0x00,0x00,0x00,0x00,0x00,0x00,0x00,0x00,0x00,0x00,0x00,0xa4,0xff,0xff,0xff,0xff,0xff,0x24,0x00,0x00,0x00,0x00,
  0x00,0x00,0x00,0x00,0x00,0x00,0x00,0x00,0x00,0x00,0x00,0x00,0x00,0xa4,0xff,0xff,0xff,0xff,0xff,0x24,0x00,0x00,0x00,0x00,
  0x00,0x00,0x00,0x00,0x00,0x00,0x00,0x00,0x00,0x00,0x00,0x00,0x00,0xa4,0xff,0xff,0xff,0xff,0xff,0x24,0x00,0x00,0x00,0x00,
  0x00,0x00,0x00,0x00,0x00,0x00,0x00,0x00,0x00,0x00,0x00,0x00,0x00,0xa4,0xff,0xff,0xff,0xff,0xff,0x24,0x00,0x00,0x00,0x00,
  0x00,0x00,0x00,0x00,0x00,0x00,0x00,0x00,0x00,0x00,0x00,0x00,0x00,0xa4,0xff,0xff,0xff,0xff,0xff,0x24,0x00,0x00,0x00,0x00,
  0x00,0x00,0x00,0x00,0x00,0x00,0x00,0x00,0x00,0x00,0x00,0x00,0x00,0xa4,0xff,0xff,0xff,0xff,0xff,0x24,0x00,0x00,0x00,0x00,
  0x00,0x00,0x00,0x00,0x00,0x00,0x00,0x00,0x00,0x00,0x00,0x00,0x00,0xa4,0xff,0xff,0xff,0xff,0xff,0x24,0x00,0x00,0x00,0x00,
  0x00,0x00,0x00,0x00,0x00,0x00,0x00,0x00,0x00,0x00,0x00,0x00,0x00,0xa4,0xff,0xff,0xff,0xff,0xff,0x24,0x00,0x00,0x00,0x00,
  0x00,0x00,0x00,0x00,0x00,0x00,0x00,0x00,0x00,0x00,0x00,0x00,0x00,0xa4,0xff,0xff,0xff,0xff,0xff,0x24,0x00,0x00,0x00,0x00,
  0x00,0x00,0x00,0x00,0x00,0x00,0x00,0x00,0x00,0x00,0x00,0x00,0x00,0xa4,0xff,0xff,0xff,0xff,0xff,0x24,0x00,0x00,0x00,0x00,
  0x00,0x00,0x00,0x00,0x00,0x00,0x00,0x00,0x00,0x00,0x00,0x00,0x00,0xa4,0xff,0xff,0xff,0xff,0xff,0x24,0x00,0x00,0x00,0x00,
  0x00,0x00,0x00,0x00,0x00,0x00,0x00,0x00,0x00,0x00,0x00,0x00,0x00,0xa4,0xff,0xff,0xff,0xff,0xff,0x24,0x00,0x00,0x00,0x00,
  0x00,0x00,0x00,0x00,0x00,0x00,0x00,0x00,0x00,0x00,0x00,0x00,0x00,0xa4,0xff,0xff,0xff,0xff,0xff,0x24,0x00,0x00,0x00,0x00,
  0x00,0x00,0x00,0x00,0x00,0x00,0x00,0x00,0x00,0x00,0x00,0x00,0x00,0xa4,0xff,0xff,0xff,0xff,0xff,0x24,0x00,0x00,0x00,0x00,
  0x00,0x00,0x00,0x00,0x00,0x00,0x00,0x00,0x00,0x00,0x00,0x00,0x00,0xa4,0xff,0xff,0xff,0xff,0xff,0x24,0x00,0x00,0x00,0x00,
  0x00,0x00,0x00,0x00,0x00,0x00,0x00,0x00,0x00,0x00,0x00,0x00,0x00,0xa4,0xff,0xff,0xff,0xff,0xff,0x24,0x00,0x00,0x00,0x00,
  0x00,0x00,0x00,0x00,0x00,0x00,0x00,0x00,0x00,0x00,0x00,0x00,0x00,0xa4,0xff,0xff,0xff,0xff,0xff,0x24,0x00,0x00,0x00,0x00,
  0x00,0x00,0x00,0x00,0x00,0x00,0x00,0x00,0x00,0x00,0x00,0x00,0x00,0xa4,0xff,0xff,0xff,0xff,0xff,0x24,0x00,0x00,0x00,0x00,
  0x00,0x00,0x00,0x00,0x00,0x00,0x00,0x00,0x00,0x00,0x00,0x00,0x00,0xa4,0xff,0xff,0xff,0xff,0xff,0x24,0x00,0x00,0x00,0x00,
  0x00,0x00,0x00,0x00,0x00,0x00,0x00,0x00,0x00,0x00,0x00,0x00,0x00,0xa4,0xff,0xff,0xff,0xff,0xff,0x24,0x00,0x00,0x00,0x00,
  0x00,0x00,0x00,0x00,0x00,0x00,0x00,0x00,0x00,0x00,0x00,0x00,0x00,0xa4,0xff,0xff,0xff,0xff,0xff,0x24,0x00,0x00,0x00,0x00,
  0x00,0x00,0x00,0x00,0x00,0x00,0x00,0x00,0x00,0x00,0x00,0x00,0x00,0xa4,0xff,0xff,0xff,0xff,0xff,0x24,0x00,0x00,0x00,0x00,
  0x00,0x00,0x00,0x00,0x00,0x00,0x00,0x00,0x00,0x00,0x00,0x00,0x00,0xa4,0xff,0xff,0xff,0xff,0xff,0x24,0x00,0x00,0x00,0x00,
  0x00,0x00,0x00,0x00,0x00,0x00,0x20,0xff,0xff,0xff,0xff,0xff,0xa8,0x00,0x00,0x00,0x00,0x00,0x00,0x00,0x00,0x00,0x00,0x14,
  0xff,0xff,0xff,0xff,0xff,0xb4,0x00,0x00,0x00,0x00,0x00,0x20,0xff,0xff,0xff,0xff,0xff,0xa8,0x00,0x00,0x00,0x00,0x00,0x00,
  0x00,0x00,0x00,0x00,0x14,0xff,0xff,0xff,0xff,0xff,0xb4,0x00,0x00,0x00,0x00,0x00,0x20,0xff,0xff,0xff,0xff,0xff,0xa8,0x00,
  0x00,0x00,0x00,0x00,0x00,0x00,0x00,0x00,0x00,0x14,0xff,0xff,0xff,0xff,0xff,0xb4,0x00,0x00,0x00,0x00,0x00,0x20,0xff,0xff,
  0xff,0xff,0xff,0xa8,0x00,0x00,0x00,0x00,0x00,0x00,0x00,0x00,0x00,0x00,0x14,0xff,0xff,0xff,0xff,0xff,0xb4,0x00,0x00,0x00,
  0x00,0x00,0x20,0xff,0xff,0xff,0xff,0xff,0xa8,0x00,0x00,0x00,0x00,0x00,0x00,0x00,0x00,0x00,0x00,0x14,0xff,0xff,0xff,0xff,
  0xff,0xb4,0x00,0x00,0x00,0x00,0x00,0x20,0xff,0xff,0xff,0xff,0xff,0xa8,0x00,0x00,0x00,0x00,0x00,0x00,0x00,0x00,0x00,0x00,
  0x14,0xff,0xff,0xff,0xff,0xff,0xb4,0x00,0x00,0x00,0x00,0x00,0x20,0xff,0xff,0xff,0xff,0xff,0xa8,0x00,0x00,0x00,0x00,0x00,
  0x00,0x00,0x00,0x00,0x00,0x14,0xff,0xff,0xff,0xff,0xff,0xb4,0x00,0x00,0x00,0x00,0x00,0x20,0xff,0xff,0xff,0xff,0xff,0xa8,
  0x00,0x00,0x00,0x00,0x00,0x00,0x00,0x00,0x00,0x00,0x14,0xff,0xff,0xff,0xff,0xff,0xb4,0x00,0x00,0x00,0x00,0x00,0x20,0xff,
  0xff,0xff,0xff,0xff,0xa8,0x00,0x00,0x00,0x00,0x00,0x00,0x00,0x00,0x00,0x00,0x14,0xff,0xff,0xff,0xff,0xff,0xb4,0x00,0x00,
  0x00,0x00,0x00,0x20,0xff,0xff,0xff,0xff,0xff,0xa8,0x00,0x00,0x00,0x00,0x00,0x00,0x00,0x00,0x00,0x00,0x14,0xff,0xff,0xff,
  0xff,0xff,0xb4,0x00,0x00,0x00,0x00,0x00,0x20,0xff,0xff,0xff,0xff,0xff,0xa8,0x00,0x00,0x00,0x00,0x00,0x00,0x00,0x00,0x00,
  0x00,0x14,0xff,0xff,0xff,0xff,0xff,0xb4,0x00,0x00,0x00,0x00,0x00,0x20,0xff,0xff,0xff,0xff,0xff,0xa8,0x00,0x00,0x00,0x00,
  0x00,0x00,0x00,0x00,0x00,0x00,0x14,0xff,0xff,0xff,0xff,0xff,0xb4,0x00,0x00,0x00,0x00,0x00,0x20,0xff,0xff,0xff,0xff,0xff,
  0xa8,0x00,0x00,0x00,0x00,0x00,0x00,0x00,0x00,0x00,0x00,0x14,0xff,0xff,0xff,0xff,0xff,0xb4,0x00,0x00,0x00,0x00,0x00,0x20,
  0xff,0xff,0xff,0xff,0xff,0xa8,0x00,0x00,0x00,0x00,0x00,0x00,0x00,0x00,0x00,0x00,0x14,0xff,0xff,0xff,0xff,0xff,0xb4,0x00,
  0x00,0x00,0x00,0x00,0x20,0xff,0xff,0xff,0xff,0xff,0xa8,0x00,0x00,0x00,0x00,0x00,0x00,0x00,0x00,0x00,0x00,0x14,0xff,0xff,
  0xff,0xff,0xff,0xb3,0x00,0x00,0x00,0x00,0x00,0x1e,0xff,0xff,0xff,0xff,0xff,0xa8,0x00,0x00,0x00,0x00,0x00,0x00,0x00,0x00,
  0x00,0x00,0x14,0xff,0xff,0xff,0xff,0xff,0xb1,0x00,0x00,0x00,0x00,0x00,0x1b,0xff,0xff,0xff,0xff,0xff,0xa9,0x00,0x00,0x00,
  0x00,0x00,0x00,0x00,0x00,0x00,0x00,0x16,0xff,0xff,0xff,0xff,0xff,0xae,0x00,0x00,0x00,0x00,0x00,0x15,0xff,0xff,0xff,0xff,
  0xff,0xae,0x00,0x00,0x00,0x00,0x00,0x00,0x00,0x00,0x00,0x00,0x1a,0xff,0xff,0xff,0xff,0xff,0xa9,0x00,0x00,0x00,0x00,0x00,
  0x09,0xff,0xff,0xff,0xff,0xff,0xb7,0x00,0x00,0x00,0x00,0x00,0x00,0x00,0x00,0x00,0x00,0x24,0xff,0xff,0xff,0xff,0xff,0x9e,
  0x00,0x00,0x00,0x00,0x00,0x00,0xf8,0xff,0xff,0xff,0xff,0xca,0x00,0x00,0x00,0x00,0x00,0x00,0x00,0x00,0x00,0x00,0x35,0xff,
  0xff,0xff,0xff,0xff,0x91,0x00,0x00,0x00,0x00,0x00,0x00,0xdf,0xff,0xff,0xff,0xff,0xf4,0x06,0x00,0x00,0x00,0x00,0x00,0x00,
  0x00,0x00,0x00,0x59,0xff,0xff,0xff,0xff,0xff,0x7b,0x00,0x00,0x00,0x00,0x00,0x00,0xbb,0xff,0xff,0xff,0xff,0xff,0x64,0x00,
  0x00,0x00,0x00,0x00,0x00,0x00,0x00,0x00,0xb0,0xff,0xff,0xff,0xff,0xff,0x5a,0x00,0x00,0x00,0x00,0x00,0x00,0x86,0xff,0xff,
  0xff,0xff,0xff,0xf1,0x35,0x00,0x00,0x00,0x00,0x00,0x00,0x00,0x61,0xff,0xff,0xff,0xff,0xff,0xff,0x23,0x00,0x00,0x00,0x00,
  0x00,0x00,0x2c,0xff,0xff,0xff,0xff,0xff,0xff,0xf9,0x90,0x39,0x0e,0x03,0x10,0x3d,0x9b,0xfd,0xff,0xff,0xff,0xff,0xff,0xcc,
  0x00,0x00,0x00,0x00,0x00,0x00,0x00,0x00,0xac,0xff,0xff,0xff,0xff,0xff,0xff,0xff,0xff,0xff,0xff,0xff,0xff,0xff,0xff,0xff,
  0xff,0xff,0xff,0xff,0x5a,0x00,0x00,0x00,0x00,0x00,0x00,0x00,0x00,0x16,0xe4,0xff,0xff,0xff,0xff,0xff,0xff,0xff,0xff,0xff,
  0xff,0xff,0xff,0xff,0xff,0xff,0xff,0xff,0xb2,0x00,0x00,0x00,0x00,0x00,0x00,0x00,0x00,0x00,0x00,0x20,0xdc,0xff,0xff,0xff,
  0xff,0xff,0xff,0xff,0xff,0xff,0xff,0xff,0xff,0xff,0xff,0xff,0xb1,0x09,0x00,0x00,0x00,0x00,0x00,0x00,0x00,0x00,0x00,0x00,
  0x00,0x0e,0x8b,0xf9,0xff,0xff,0xff,0xff,0xff,0xff,0xff,0xff,0xff,0xff,0xff,0xe7,0x69,0x03,0x00,0x00,0x00,0x00,0x00,0x00,
  0x00,0x00,0x00,0x00,0x00,0x00,0x00,0x00,0x1a,0x6e,0xa9,0xd1,0xeb,0xf8,0xfe,0xf9,0xeb,0xce,0xa0,0x5b,0x0a,0x00,0x00,0x00,
  0x00,0x00,0x00,0x00,0x00,0x00,0xd7,0xff,0xff,0xff,0xff,0xff,0x69,0x00,0x00,0x00,0x00,0x00,0x00,0x00,0x00,0x00,0x00,0x00,
  0x00,0x00,0xa5,0xff,0xff,0xff,0xff,0xff,0x76,0x00,0x7d,0xff,0xff,0xff,0xff,0xff,0xbe,0x00,0x00,0x00,0x00,0x00,0x00,0x00,
  0x00,0x00,0x00,0x00,0x00,0x06,0xf0,0xff,0xff,0xff,0xff,0xfe,0x1d,0x00,0x23,0xff,0xff,0xff,0xff,0xff,0xfc,0x16,0x00,0x00,
  0x00,0x00,0x00,0x00,0x00,0x00,0x00,0x00,0x00,0x48,0xff,0xff,0xff,0xff,0xff,0xc1,0x00,0x00,0x00,0xc8,0xff,0xff,0xff,0xff,
  0xff,0x67,0x00,0x00,0x00,0x00,0x00,0x00,0x00,0x00,0x00,0x00,0x00,0x9a,0xff,0xff,0xff,0xff,0xff,0x67,0x00,0x00,0x00,0x6e,
  0xff,0xff,0xff,0xff,0xff,0xbb,0x00,0x00,0x00,0x00,0x00,0x00,0x00,0x00,0x00,0x00,0x02,0xe9,0xff,0xff,0xff,0xff,0xfa,0x12,
  0x00,0x00,0x00,0x17,0xfc,0xff,0xff,0xff,0xff,0xfb,0x13,0x00,0x00,0x00,0x00,0x00,0x00,0x00,0x00,0x00,0x3d,0xff,0xff,0xff,
  0xff,0xff,0xb2,0x00,0x00,0x00,0x00,0x00,0xb9,0xff,0xff,0xff,0xff,0xff,0x64,0x00,0x00,0x00,0x00,0x00,0x00,0x00,0x00,0x00,
  0x8f,0xff,0xff,0xff,0xff,0xff,0x57,0x00,0x00,0x00,0x00,0x00,0x5f,0xff,0xff,0xff,0xff,0xff,0xb8,0x00,0x00,0x00,0x00,0x00,
  0x00,0x00,0x00,0x00,0xdf,0xff,0xff,0xff,0xff,0xf3,0x09,0x00,0x00,0x00,0x00,0x00,0x0d,0xf6,0xff,0xff,0xff,0xff,0xfa,0x11,
  0x00,0x00,0x00,0x00,0x00,0x00,0x00,0x32,0xff,0xff,0xff,0xff,0xff,0xa2,0x00,0x00,0x00,0x00,0x00,0x00,0x00,0xaa,0xff,0xff,
  0xff,0xff,0xff,0x61,0x00,0x00,0x00,0x00,0x00,0x00,0x00,0x84,0xff,0xff,0xff,0xff,0xff,0x48,0x00,0x00,0x00,0x00,0x00,0x00,
  0x00,0x50,0xff,0xff,0xff,0xff,0xff,0xb5,0x00,0x00,0x00,0x00,0x00,0x00,0x00,0xd6,0xff,0xff,0xff,0xff,0xe9,0x04,0x00,0x00,
  0x00,0x00,0x00,0x00,0x00,0x06,0xee,0xff,0xff,0xff,0xff,0xf9,0x10,0x00,0x00,0x00,0x00,0x00,0x26,0xff,0xff,0xff,0xff,0xff,
  0x93,0x00,0x00,0x00,0x00,0x00,0x00,0x00,0x00,0x00,0x9b,0xff,0xff,0xff,0xff,0xff,0x5e,0x00,0x00,0x00,0x00,0x00,0x79,0xff,
  0xff,0xff,0xff,0xff,0x38,0x00,0x00,0x00,0x00,0x00,0x00,0x00,0x00,0x00,0x41,0xff,0xff,0xff,0xff,0xff,0xb2,0x00,0x00,0x00,
  0x00,0x00,0xca,0xff,0xff,0xff,0xff,0xdd,0x00,0x00,0x00,0x00,0x00,0x00,0x00,0x00,0x00,0x00,0x02,0xe4,0xff,0xff,0xff,0xff,
  0xf8,0x0e,0x00,0x00,0x00,0x1c,0xfe,0xff,0xff,0xff,0xff,0x83,0x00,0x00,0x00,0x00,0x00,0x00,0x00,0x00,0x00,0x00,0x00,0x8c,
  0xff,0xff,0xff,0xff,0xff,0x5b,0x00,0x00,0x00,0x6e,0xff,0xff,0xff,0xff,0xff,0x29,0x00,0x00,0x00,0x00,0x00,0x00,0x00,0x00,
  0x00,0x00,0x00,0x32,0xff,0xff,0xff,0xff,0xff,0xaf,0x00,0x00,0x00,0xbf,0xff,0xff,0xff,0xff,0xce,0x00,0x00,0x00,0x00,0x00,
  0x00,0x00,0x00,0x00,0x00,0x00,0x00,0x00,0xd7,0xff,0xff,0xff,0xff,0xf7,0x0c,0x00,0x14,0xfc,0xff,0xff,0xff,0xff,0x74,0x00,
  0x00,0x00,0x00,0x00,0x00,0x00,0x00,0x00,0x00,0x00,0x00,0x00,0x7d,0xff,0xff,0xff,0xff,0xff,0x58,0x00,0x63,0xff,0xff,0xff,
  0xff,0xfd,0x1c,0x00,0x00,0x00,0x00,0x00,0x00,0x00,0x00,0x00,0x00,0x00,0x00,0x00,0x23,0xff,0xff,0xff,0xff,0xff,0xac,0x00,
  0xb4,0xff,0xff,0xff,0xff,0xbf,0x00,0x00,0x00,0x00,0x00,0x00,0x00,0x00,0x00,0x00,0x00,0x00,0x00,0x00,0x00,0xc8,0xff,0xff,
  0xff,0xff,0xf6,0x18,0xf8,0xff,0xff,0xff,0xff,0x64,0x00,0x00,0x00,0x00,0x00,0x00,0x00,0x00,0x00,0x00,0x00,0x00,0x00,0x00,
  0x00,0x6e,0xff,0xff,0xff,0xff,0xff,0xad,0xff,0xff,0xff,0xff,0xf9,0x11,0x00,0x00,0x00,0x00,0x00,0x00,0x00,0x00,0x00,0x00,
  0x00,0x00,0x00,0x00,0x00,0x17,0xfc,0xff,0xff,0xff,0xff,0xff,0xff,0xff,0xff,0xff,0xaf,0x00,0x00,0x00,0x00,0x00,0x00,0x00,
  0x00,0x00,0x00,0x00,0x00,0x00,0x00,0x00,0x00,0x00,0xb9,0xff,0xff,0xff,0xff,0xff,0xff,0xff,0xff,0xff,0x55,0x00,0x00,0x00,
  0x00,0x00,0x00,0x00,0x00,0x00,0x00,0x00,0x00,0x00,0x00,0x00,0x00,0x00,0x5f,0xff,0xff,0xff,0xff,0xff,0xff,0xff,0xff,0xf1,
  0x08,0x00,0x00,0x00,0x00,0x00,0x00,0x00,0x00,0x00,0x00,0x00,0x00,0x00,0x00,0x00,0x00,0x00,0x0d,0xf6,0xff,0xff,0xff,0xff,
  0xff,0xff,0xff,0xa0,0x00,0x00,0x00,0x00,0x00,0x00,0x00,0x00,0x00,0x00,0x00,0x00,0x00,0x00,0x00,0x00,0x00,0x00,0x00,0xaa,
  0xff,0xff,0xff,0xff,0xff,0xff,0xff,0x45,0x00,0x00,0x00,0x00,0x00,0x00,0x00,0x00,0x00,0x00,0x00,0x00,0x00,0x00,0x00,0x00,
  0x00,0x00,0x00,0x50,0xff,0xff,0xff,0xff,0xff,0xff,0xe8,0x03,0x00,0x00,0x00,0x00,0x00,0x00,0x00,0x00,0x00,0x00,0x00,0x00,
  0x00,0x00,0x00,0x00,0x00,0x00,0x00,0x06,0xee,0xff,0xff,0xff,0xff,0xff,0x91,0x00,0x00,0x00,0x00,0x00,0x00,0x00,0x00,0x00,
  0x00,0xbe,0xff,0xff,0xff,0xff,0xff,0x2b,0x00,0x00,0x00,0x00,0x00,0x00,0x00,0x00,0x86,0xff,0xff,0xff,0xff,0xff,0xff,0x9b,
  0x00,0x00,0x00,0x00,0x00,0x00,0x00,0x00,0x38,0xff,0xff,0xff,0xff,0xff,0x98,0x82,0xff,0xff,0xff,0xff,0xff,0x62,0x00,0x00,
  0x00,0x00,0x00,0x00,0x00,0x00,0xc9,0xff,0xff,0xff,0xff,0xff,0xff,0xda,0x00,0x00,0x00,0x00,0x00,0x00,0x00,0x00,0x70,0xff,
  0xff,0xff,0xff,0xff,0x5b,0x46,0xff,0xff,0xff,0xff,0xff,0x9a,0x00,0x00,0x00,0x00,0x00,0x00,0x00,0x0f,0xfc,0xff,0xff,0xff,
  0xff,0xff,0xff,0xff,0x1a,0x00,0x00,0x00,0x00,0x00,0x00,0x00,0xa7,0xff,0xff,0xff,0xff,0xff,0x1e,0x0d,0xfc,0xff,0xff,0xff,
  0xff,0xd1,0x00,0x00,0x00,0x00,0x00,0x00,0x00,0x50,0xff,0xff,0xff,0xff,0xff,0xff,0xff,0xff,0x59,0x00,0x00,0x00,0x00,0x00,
  0x00,0x00,0xdf,0xff,0xff,0xff,0xff,0xe0,0x00,0x00,0xcd,0xff,0xff,0xff,0xff,0xfc,0x0c,0x00,0x00,0x00,0x00,0x00,0x00,0x93,
  0xff,0xff,0xff,0xff,0xff,0xff,0xff,0xff,0x99,0x00,0x00,0x00,0x00,0x00,0x00,0x16,0xff,0xff,0xff,0xff,0xff,0xa3,0x00,0x00,
  0x91,0xff,0xff,0xff,0xff,0xff,0x40,0x00,0x00,0x00,0x00,0x00,0x00,0xd6,0xff,0xff,0xff,0xff,0xff,0xff,0xff,0xff,0xd8,0x00,
  0x00,0x00,0x00,0x00,0x00,0x4e,0xff,0xff,0xff,0xff,0xff,0x66,0x00,0x00,0x55,0xff,0xff,0xff,0xff,0xff,0x77,0x00,0x00,0x00,
  0x00,0x00,0x19,0xff,0xff,0xff,0xff,0xff,0xff,0xff,0xff,0xff,0xff,0x18,0x00,0x00,0x00,0x00,0x00,0x85,0xff,0xff,0xff,0xff,
  0xff,0x28,0x00,0x00,0x18,0xff,0xff,0xff,0xff,0xff,0xaf,0x00,0x00,0x00,0x00,0x00,0x5d,0xff,0xff,0xff,0xff,0xe5,0xfa,0xff,
  0xff,0xff,0xff,0x57,0x00,0x00,0x00,0x00,0x00,0xbd,0xff,0xff,0xff,0xff,0xea,0x00,0x00,0x00,0x00,0xdc,0xff,0xff,0xff,0xff,
  0xe6,0x00,0x00,0x00,0x00,0x00,0xa0,0xff,0xff,0xff,0xff,0x9c,0xc4,0xff,0xff,0xff,0xff,0x96,0x00,0x00,0x00,0x00,0x02,0xf1,
  0xff,0xff,0xff,0xff,0xad,0x00,0x00,0x00,0x00,0xa0,0xff,0xff,0xff,0xff,0xff,0x1e,0x00,0x00,0x00,0x00,0xe3,0xff,0xff,0xff,
  0xff,0x59,0x81,0xff,0xff,0xff,0xff,0xd6,0x00,0x00,0x00,0x00,0x2c,0xff,0xff,0xff,0xff,0xff,0x70,0x00,0x00,0x00,0x00,0x63,
  0xff,0xff,0xff,0xff,0xff,0x55,0x00,0x00,0x00,0x26,0xff,0xff,0xff,0xff,0xff,0x17,0x3e,0xff,0xff,0xff,0xff,0xff,0x16,0x00,
  0x00,0x00,0x63,0xff,0xff,0xff,0xff,0xff,0x33,0x00,0x00,0x00,0x00,0x27,0xff,0xff,0xff,0xff,0xff,0x8c,0x00,0x00,0x00,0x6a,
  0xff,0xff,0xff,0xff,0xd3,0x00,0x05,0xf4,0xff,0xff,0xff,0xff,0x54,0x00,0x00,0x00,0x9b,0xff,0xff,0xff,0xff,0xf2,0x03,0x00,
  0x00,0x00,0x00,0x00,0xea,0xff,0xff,0xff,0xff,0xc4,0x00,0x00,0x00,0xad,0xff,0xff,0xff,0xff,0x90,0x00,0x00,0xb7,0xff,0xff,
  0xff,0xff,0x94,0x00,0x00,0x00,0xd2,0xff,0xff,0xff,0xff,0xb8,0x00,0x00,0x00,0x00,0x00,0x00,0xaf,0xff,0xff,0xff,0xff,0xf6,
  0x04,0x00,0x02,0xed,0xff,0xff,0xff,0xff,0x4d,0x00,0x00,0x74,0xff,0xff,0xff,0xff,0xd3,0x00,0x00,0x0c,0xfd,0xff,0xff,0xff,
  0xff,0x7b,0x00,0x00,0x00,0x00,0x00,0x00,0x72,0xff,0xff,0xff,0xff,0xff,0x33,0x00,0x33,0xff,0xff,0xff,0xff,0xfc,0x0e,0x00,
  0x00,0x30,0xff,0xff,0xff,0xff,0xfe,0x14,0x00,0x41,0xff,0xff,0xff,0xff,0xff,0x3d,0x00,0x00,0x00,0x00,0x00,0x00,0x36,0xff,
  0xff,0xff,0xff,0xff,0x6a,0x00,0x77,0xff,0xff,0xff,0xff,0xc7,0x00,0x00,0x00,0x01,0xeb,0xff,0xff,0xff,0xff,0x52,0x00,0x79,
  0xff,0xff,0xff,0xff,0xf8,0x07,0x00,0x00,0x00,0x00,0x00,0x00,0x04,0xf5,0xff,0xff,0xff,0xff,0xa2,0x00,0xba,0xff,0xff,0xff,
  0xff,0x84,0x00,0x00,0x00,0x00,0xaa,0xff,0xff,0xff,0xff,0x91,0x00,0xb0,0xff,0xff,0xff,0xff,0xc2,0x00,0x00,0x00,0x00,0x00,
  0x00,0x00,0x00,0xbe,0xff,0xff,0xff,0xff,0xd9,0x07,0xf6,0xff,0xff,0xff,0xff,0x41,0x00,0x00,0x00,0x00,0x66,0xff,0xff,0xff,
  0xff,0xd1,0x00,0xe7,0xff,0xff,0xff,0xff,0x85,0x00,0x00,0x00,0x00,0x00,0x00,0x00,0x00,0x81,0xff,0xff,0xff,0xff,0xfe,0x52,
  0xff,0xff,0xff,0xff,0xf7,0x07,0x00,0x00,0x00,0x00,0x23,0xff,0xff,0xff,0xff,0xfe,0x31,0xff,0xff,0xff,0xff,0xff,0x48,0x00,
  0x00,0x00,0x00,0x00,0x00,0x00,0x00,0x45,0xff,0xff,0xff,0xff,0xff,0xcb,0xff,0xff,0xff,0xff,0xbb,0x00,0x00,0x00,0x00,0x00,
  0x00,0xdf,0xff,0xff,0xff,0xff,0xa7,0xff,0xff,0xff,0xff,0xfc,0x0e,0x00,0x00,0x00,0x00,0x00,0x00,0x00,0x00,0x0c,0xfc,0xff,
  0xff,0xff,0xff,0xff,0xff,0xff,0xff,0xff,0x78,0x00,0x00,0x00,0x00,0x00,0x00,0x9c,0xff,0xff,0xff,0xff,0xfc,0xff,0xff,0xff,
  0xff,0xcd,0x00,0x00,0x00,0x00,0x00,0x00,0x00,0x00,0x00,0x00,0xcc,0xff,0xff,0xff,0xff,0xff,0xff,0xff,0xff,0xff,0x35,0x00,
  0x00,0x00,0x00,0x00,0x00,0x59,0xff,0xff,0xff,0xff,0xff,0xff,0xff,0xff,0xff,0x90,0x00,0x00,0x00,0x00,0x00,0x00,0x00,0x00,
  0x00,0x00,0x90,0xff,0xff,0xff,0xff,0xff,0xff,0xff,0xff,0xef,0x03,0x00,0x00,0x00,0x00,0x00,0x00,0x17,0xfe,0xff,0xff,0xff,
  0xff,0xff,0xff,0xff,0xff,0x52,0x00,0x00,0x00,0x00,0x00,0x00,0x00,0x00,0x00,0x00,0x54,0xff,0xff,0xff,0xff,0xff,0xff,0xff,
  0xff,0xaf,0x00,0x00,0x00,0x00,0x00,0x00,0x00,0x00,0xd2,0xff,0xff,0xff,0xff,0xff,0xff,0xff,0xff,0x16,0x00,0x00,0x00,0x00,
  0x00,0x00,0x00,0x00,0x00,0x00,0x17,0xff,0xff,0xff,0xff,0xff,0xff,0xff,0xff,0x6c,0x00,0x00,0x00,0x00,0x00,0x00,0x00,0x00,
  0x8f,0xff,0xff,0xff,0xff,0xff,0xff,0xff,0xd7,0x00,0x00,0x00,0x00,0x00,0x00,0x00,0x00,0x00,0x00,0x00,0x00,0xdb,0xff,0xff,
  0xff,0xff,0xff,0xff,0xff,0x29,0x00,0x00,0x00,0x00,0x00,0x00,0x00,0x00,0x4c,0xff,0xff,0xff,0xff,0xff,0xff,0xff,0x9a,0x00,
  0x00,0x00,0x00,0x00,0x00,0x00,0x00,0x00,0x00,0x00,0x00,0x9f,0xff,0xff,0xff,0xff,0xff,0xff,0xe6,0x00,0x00,0x00,0x00,0x00,
  0x00,0x00,0x00,0x00,0x0d,0xfb,0xff,0xff,0xff,0xff,0xff,0xff,0x5d,0x00,0x00,0x00,0x00,0x00,0x00,0x00,0x00,0x00,0x00,0x00,
  0x00,0x63,0xff,0xff,0xff,0xff,0xff,0xff,0xa3,0x00,0x00,0x00,0x00,0x00,0x00,0x00,0x00,0x00,0x00,0xc5,0xff,0xff,0xff,0xff,
  0xff,0xff,0x1f,0x00,0x00,0x00,0x00,0x00,0x00,0x00,0x00,0x00,0x00,0x00,0x00,0x26,0xff,0xff,0xff,0xff,0xff,0xff,0x61,0x00,
  0x00,0x00,0x00,0x00,0x00,0x00,0x00,0x00,0x00,0x82,0xff,0xff,0xff,0xff,0xff,0xe2,0x00,0x00,0x00,0x00,0x00,0x00,0x00,0x01,
  0xc0,0xff,0xff,0xff,0xff,0xff,0xea,0x14,0x00,0x00,0x00,0x00,0x00,0x00,0x00,0x00,0x00,0x48,0xff,0xff,0xff,0xff,0xff,0xff,
  0x6c,0x00,0x00,0x25,0xf7,0xff,0xff,0xff,0xff,0xff,0xa6,0x00,0x00,0x00,0x00,0x00,0x00,0x00,0x00,0x0d,0xe2,0xff,0xff,0xff,
  0xff,0xff,0xc4,0x02,0x00,0x00,0x00,0x77,0xff,0xff,0xff,0xff,0xff,0xff,0x4d,0x00,0x00,0x00,0x00,0x00,0x00,0x00,0x99,0xff,
  0xff,0xff,0xff,0xff,0xf8,0x28,0x00,0x00,0x00,0x00,0x03,0xcd,0xff,0xff,0xff,0xff,0xff,0xe5,0x0f,0x00,0x00,0x00,0x00,0x00,
  0x41,0xfe,0xff,0xff,0xff,0xff,0xff,0x7a,0x00,0x00,0x00,0x00,0x00,0x00,0x30,0xfb,0xff,0xff,0xff,0xff,0xff,0x9b,0x00,0x00,
  0x00,0x00,0x0a,0xdd,0xff,0xff,0xff,0xff,0xff,0xcf,0x04,0x00,0x00,0x00,0x00,0x00,0x00,0x00,0x87,0xff,0xff,0xff,0xff,0xff,
  0xff,0x43,0x00,0x00,0x00,0x91,0xff,0xff,0xff,0xff,0xff,0xfc,0x32,0x00,0x00,0x00,0x00,0x00,0x00,0x00,0x00,0x08,0xd9,0xff,
  0xff,0xff,0xff,0xff,0xde,0x0b,0x00,0x3a,0xfd,0xff,0xff,0xff,0xff,0xff,0x88,0x00,0x00,0x00,0x00,0x00,0x00,0x00,0x00,0x00,
  0x00,0x3d,0xfe,0xff,0xff,0xff,0xff,0xff,0x91,0x08,0xd8,0xff,0xff,0xff,0xff,0xff,0xd9,0x08,0x00,0x00,0x00,0x00,0x00,0x00,
  0x00,0x00,0x00,0x00,0x00,0x96,0xff,0xff,0xff,0xff,0xff,0xfd,0xb3,0xff,0xff,0xff,0xff,0xff,0xfe,0x3e,0x00,0x00,0x00,0x00,
  0x00,0x00,0x00,0x00,0x00,0x00,0x00,0x00,0x0d,0xe3,0xff,0xff,0xff,0xff,0xff,0xff,0xff,0xff,0xff,0xff,0xff,0x96,0x00,0x00,
  0x00,0x00,0x00,0x00,0x00,0x00,0x00,0x00,0x00,0x00,0x00,0x00,0x4c,0xff,0xff,0xff,0xff,0xff,0xff,0xff,0xff,0xff,0xff,0xe2,
  0x0d,0x00,0x00,0x00,0x00,0x00,0x00,0x00,0x00,0x00,0x00,0x00,0x00,0x00,0x00,0x00,0xa6,0xff,0xff,0xff,0xff,0xff,0xff,0xff,
  0xff,0xff,0x4a,0x00,0x00,0x00,0x00,0x00,0x00,0x00,0x00,0x00,0x00,0x00,0x00,0x00,0x00,0x00,0x00,0x15,0xeb,0xff,0xff,0xff,
  0xff,0xff,0xff,0xff,0xa4,0x00,0x00,0x00,0x00,0x00,0x00,0x00,0x00,0x00,0x00,0x00,0x00,0x00,0x00,0x00,0x00,0x00,0x00,0x5c,
  0xff,0xff,0xff,0xff,0xff,0xff,0xed,0x13,0x00,0x00,0x00,0x00,0x00,0x00,0x00,0x00,0x00,0x00,0x00,0x00,0x00,0x00,0x00,0x00,
  0x00,0x00,0x7c,0xff,0xff,0xff,0xff,0xff,0xff,0xfa,0x2d,0x00,0x00,0x00,0x00,0x00,0x00,0x00,0x00,0x00,0x00,0x00,0x00,0x00,
  0x00,0x00,0x00,0x00,0x2a,0xf9,0xff,0xff,0xff,0xff,0xff,0xff,0xff,0xcb,0x03,0x00,0x00,0x00,0x00,0x00,0x00,0x00,0x00,0x00,
  0x00,0x00,0x00,0x00,0x00,0x00,0x03,0xc8,0xff,0xff,0xff,0xff,0xff,0xff,0xff,0xff,0xff,0x76,0x00,0x00,0x00,0x00,0x00,0x00,
  0x00,0x00,0x00,0x00,0x00,0x00,0x00,0x00,0x00,0x74,0xff,0xff,0xff,0xff,0xff,0xff,0xff,0xff,0xff,0xff,0xf7,0x26,0x00,0x00,
  0x00,0x00,0x00,0x00,0x00,0x00,0x00,0x00,0x00,0x00,0x00,0x25,0xf6,0xff,0xff,0xff,0xff,0xff,0xff,0xff,0xff,0xff,0xff,0xff,
  0xc2,0x01,0x00,0x00,0x00,0x00,0x00,0x00,0x00,0x00,0x00,0x00,0x00,0x01,0xc2,0xff,0xff,0xff,0xff,0xff,0xf6,0x98,0xff,0xff,
  0xff,0xff,0xff,0xff,0x6b,0x00,0x00,0x00,0x00,0x00,0x00,0x00,0x00,0x00,0x00,0x00,0x6c,0xff,0xff,0xff,0xff,0xff,0xff,0x73,
  0x04,0xd0,0xff,0xff,0xff,0xff,0xff,0xf3,0x1f,0x00,0x00,0x00,0x00,0x00,0x00,0x00,0x00,0x00,0x20,0xf3,0xff,0xff,0xff,0xff,
  0xff,0xca,0x03,0x00,0x33,0xfc,0xff,0xff,0xff,0xff,0xff,0xb9,0x00,0x00,0x00,0x00,0x00,0x00,0x00,0x00,0x00,0xbb,0xff,0xff,
  0xff,0xff,0xff,0xfa,0x2d,0x00,0x00,0x00,0x8a,0xff,0xff,0xff,0xff,0xff,0xff,0x61,0x00,0x00,0x00,0x00,0x00,0x00,0x00,0x64,
  0xff,0xff,0xff,0xff,0xff,0xff,0x81,0x00,0x00,0x00,0x00,0x09,0xdb,0xff,0xff,0xff,0xff,0xff,0xef,0x19,0x00,0x00,0x00,0x00,
  0x00,0x1b,0xf0,0xff,0xff,0xff,0xff,0xff,0xd4,0x06,0x00,0x00,0x00,0x00,0x00,0x41,0xfe,0xff,0xff,0xff,0xff,0xff,0xaf,0x00,
  0x00,0x00,0x00,0x00,0xb3,0xff,0xff,0xff,0xff,0xff,0xfd,0x38,0x00,0x00,0x00,0x00,0x00,0x00,0x00,0x9a,0xff,0xff,0xff,0xff,
  0xff,0xff,0x56,0x00,0x00,0x00,0x5c,0xff,0xff,0xff,0xff,0xff,0xff,0x8f,0x00,0x00,0x00,0x00,0x00,0x00,0x00,0x00,0x0f,0xe5,
  0xff,0xff,0xff,0xff,0xff,0xe9,0x13,0x00,0x17,0xec,0xff,0xff,0xff,0xff,0xff,0xde,0x0a,0x00,0x00,0x00,0x00,0x00,0x00,0x00,
  0x00,0x00,0x50,0xff,0xff,0xff,0xff,0xff,0xff,0xa4,0x00,0xac,0xff,0xff,0xff,0xff,0xff,0xff,0x43,0x00,0x00,0x00,0x00,0x00,
  0x00,0x00,0x00,0x00,0x00,0x00,0xab,0xff,0xff,0xff,0xff,0xff,0xff,0x4c,0x00,0xbf,0xff,0xff,0xff,0xff,0xff,0xee,0x13,0x00,
  0x00,0x00,0x00,0x00,0x00,0x00,0x00,0x00,0x00,0x00,0x3a,0xff,0xff,0xff,0xff,0xff,0xff,0x67,0x00,0x27,0xf8,0xff,0xff,0xff,
  0xff,0xff,0x96,0x00,0x00,0x00,0x00,0x00,0x00,0x00,0x00,0x00,0x00,0x01,0xca,0xff,0xff,0xff,0xff,0xff,0xc5,0x01,0x00,0x00,
  0x80,0xff,0xff,0xff,0xff,0xff,0xfc,0x2f,0x00,0x00,0x00,0x00,0x00,0x00,0x00,0x00,0x00,0x5e,0xff,0xff,0xff,0xff,0xff,0xfa,
  0x2c,0x00,0x00,0x00,0x07,0xd8,0xff,0xff,0xff,0xff,0xff,0xc0,0x00,0x00,0x00,0x00,0x00,0x00,0x00,0x00,0x0b,0xe4,0xff,0xff,
  0xff,0xff,0xff,0x87,0x00,0x00,0x00,0x00,0x00,0x40,0xff,0xff,0xff,0xff,0xff,0xff,0x55,0x00,0x00,0x00,0x00,0x00,0x00,0x00,
  0x82,0xff,0xff,0xff,0xff,0xff,0xdd,0x09,0x00,0x00,0x00,0x00,0x00,0x00,0xa0,0xff,0xff,0xff,0xff,0xff,0xe1,0x09,0x00,0x00,
  0x00,0x00,0x00,0x1d,0xf6,0xff,0xff,0xff,0xff,0xff,0x46,0x00,0x00,0x00,0x00,0x00,0x00,0x00,0x14,0xec,0xff,0xff,0xff,0xff,
  0xff,0x7f,0x00,0x00,0x00,0x00,0x00,0xa6,0xff,0xff,0xff,0xff,0xff,0xa6,0x00,0x00,0x00,0x00,0x00,0x00,0x00,0x00,0x00,0x60,
  0xff,0xff,0xff,0xff,0xff,0xf6,0x1e,0x00,0x00,0x00,0x39,0xff,0xff,0xff,0xff,0xff,0xef,0x17,0x00,0x00,0x00,0x00,0x00,0x00,
  0x00,0x00,0x00,0x00,0xbf,0xff,0xff,0xff,0xff,0xff,0xa9,0x00,0x00,0x01,0xc9,0xff,0xff,0xff,0xff,0xff,0x66,0x00,0x00,0x00,
  0x00,0x00,0x00,0x00,0x00,0x00,0x00,0x00,0x27,0xf8,0xff,0xff,0xff,0xff,0xff,0x3e,0x00,0x5d,0xff,0xff,0xff,0xff,0xff,0xc4,
  0x01,0x00,0x00,0x00,0x00,0x00,0x00,0x00,0x00,0x00,0x00,0x00,0x00,0x80,0xff,0xff,0xff,0xff,0xff,0xd0,0x0d,0xe4,0xff,0xff,
  0xff,0xff,0xfa,0x2b,0x00,0x00,0x00,0x00,0x00,0x00,0x00,0x00,0x00,0x00,0x00,0x00,0x00,0x07,0xd8,0xff,0xff,0xff,0xff,0xff,
  0xce,0xff,0xff,0xff,0xff,0xff,0x85,0x00,0x00,0x00,0x00,0x00,0x00,0x00,0x00,0x00,0x00,0x00,0x00,0x00,0x00,0x00,0x40,0xff,
  0xff,0xff,0xff,0xff,0xff,0xff,0xff,0xff,0xff,0xdc,0x08,0x00,0x00,0x00,0x00,0x00,0x00,0x00,0x00,0x00,0x00,0x00,0x00,0x00,
  0x00,0x00,0x00,0xa0,0xff,0xff,0xff,0xff,0xff,0xff,0xff,0xff,0xff,0x45,0x00,0x00,0x00,0x00,0x00,0x00,0x00,0x00,0x00,0x00,
  0x00,0x00,0x00,0x00,0x00,0x00,0x00,0x14,0xec,0xff,0xff,0xff,0xff,0xff,0xff,0xff,0xa4,0x00,0x00,0x00,0x00,0x00,0x00,0x00,
  0x00,0x00,0x00,0x00,0x00,0x00,0x00,0x00,0x00,0x00,0x00,0x00,0x60,0xff,0xff,0xff,0xff,0xff,0xff,0xee,0x16,0x00,0x00,0x00,
  0x00,0x00,0x00,0x00,0x00,0x00,0x00,0x00,0x00,0x00,0x00,0x00,0x00,0x00,0x00,0x00,0x00,0xc2,0xff,0xff,0xff,0xff,0xff,0x66,
  0x00,0x00,0x00,0x00,0x00,0x00,0x00,0x00,0x00,0x00,0x00,0x00,0x00,0x00,0x00,0x00,0x00,0x00,0x00,0x00,0x00,0x90,0xff,0xff,
  0xff,0xff,0xff,0x30,0x00,0x00,0x00,0x00,0x00,0x00,0x00,0x00,0x00,0x00,0x00,0x00,0x00,0x00,0x00,0x00,0x00,0x00,0x00,0x00,
  0x00,0x90,0xff,0xff,0xff,0xff,0xff,0x30,0x00,0x00,0x00,0x00,0x00,0x00,0x00,0x00,0x00,0x00,0x00,0x00,0x00,0x00,0x00,0x00,
  0x00,0x00,0x00,0x00,0x00,0x90,0xff,0xff,0xff,0xff,0xff,0x30,0x00,0x00,0x00,0x00,0x00,0x00,0x00,0x00,0x00,0x00,0x00,0x00,
  0x00,0x00,0x00,0x00,0x00,0x00,0x00,0x00,0x00,0x90,0xff,0xff,0xff,0xff,0xff,0x30,0x00,0x00,0x00,0x00,0x00,0x00,0x00,0x00,
  0x00,0x00,0x00,0x00,0x00,0x00,0x00,0x00,0x00,0x00,0x00,0x00,0x00,0x90,0xff,0xff,0xff,0xff,0xff,0x30,0x00,0x00,0x00,0x00,
  0x00,0x00,0x00,0x00,0x00,0x00,0x00,0x00,0x00,0x00,0x00,0x00,0x00,0x00,0x00,0x00,0x00,0x90,0xff,0xff,0xff,0xff,0xff,0x30,
  0x00,0x00,0x00,0x00,0x00,0x00,0x00,0x00,0x00,0x00,0x00,0x00,0x00,0x00,0x00,0x00,0x00,0x00,0x00,0x00,0x00,0x90,0xff,0xff,
  0xff,0xff,0xff,0x30,0x00,0x00,0x00,0x00,0x00,0x00,0x00,0x00,0x00,0x00,0x00,0x00,0x00,0x00,0x00,0x00,0x00,0x00,0x00,0x00,
  0x00,0x90,0xff,0xff,0xff,0xff,0xff,0x30,0x00,0x00,0x00,0x00,0x00,0x00,0x00,0x00,0x00,0x00,0x00,0x00,0x00,0x00,0x00,0x00,
  0x00,0x00,0x00,0x00,0x00,0x90,0xff,0xff,0xff,0xff,0xff,0x30,0x00,0x00,0x00,0x00,0x00,0x00,0x00,0x00,0x00,0x00,0x00,0x00,
  0x00,0x00,0x00,0x00,0x00,0x00,0x00,0x00,0x00,0x90,0xff,0xff,0xff,0xff,0xff,0x30,0x00,0x00,0x00,0x00,0x00,0x00,0x00,0x00,
  0x00,0x00,0x00,0x00,0x00,0x00,0x00,0x00,0x00,0x00,0x00,0x00,0x00,0x90,0xff,0xff,0xff,0xff,0xff,0x30,0x00,0x00,0x00,0x00,
  0x00,0x00,0x00,0x00,0x00,0x00,0x00,0x00,0x00,0x00,0x00,0x00,0x00,0x00,0x00,0x00,0x00,0x90,0xff,0xff,0xff,0xff,0xff,0x30,
  0x00,0x00,0x00,0x00,0x00,0x00,0x00,0x00,0x00,0x00,0x00,0x00,0xe0,0xff,0xff,0xff,0xff,0xff,0xff,0xff,0xff,0xff,0xff,0xff,
  0xff,0xff,0xff,0xff,0xff,0xff,0xff,0xff,0xff,0x18,0x00,0x00,0xe0,0xff,0xff,0xff,0xff,0xff,0xff,0xff,0xff,0xff,0xff,0xff,
  0xff,0xff,0xff,0xff,0xff,0xff,0xff,0xff,0xff,0x18,0x00,0x00,0xe0,0xff,0xff,0xff,0xff,0xff,0xff,0xff,0xff,0xff,0xff,0xff,
  0xff,0xff,0xff,0xff,0xff,0xff,0xff,0xff,0xff,0x18,0x00,0x00,0xe0,0xff,0xff,0xff,0xff,0xff,0xff,0xff,0xff,0xff,0xff,0xff,
  0xff,0xff,0xff,0xff,0xff,0xff,0xff,0xff,0xff,0x18,0x00,0x00,0xe0,0xff,0xff,0xff,0xff,0xff,0xff,0xff,0xff,0xff,0xff,0xff,
  0xff,0xff,0xff,0xff,0xff,0xff,0xff,0xff,0xb2,0x01,0x00,0x00,0x00,0x00,0x00,0x00,0x00,0x00,0x00,0x00,0x00,0x00,0x00,0x00,
  0x10,0xdc,0xff,0xff,0xff,0xff,0xff,0xdb,0x0f,0x00,0x00,0x00,0x00,0x00,0x00,0x00,0x00,0x00,0x00,0x00,0x00,0x00,0x00,0x02,
  0xb5,0xff,0xff,0xff,0xff,0xff,0xf5,0x2d,0x00,0x00,0x00,0x00,0x00,0x00,0x00,0x00,0x00,0x00,0x00,0x00,0x00,0x00,0x00,0x83,
  0xff,0xff,0xff,0xff,0xff,0xff,0x59,0x00,0x00,0x00,0x00,0x00,0x00,0x00,0x00,0x00,0x00,0x00,0x00,0x00,0x00,0x00,0x4e,0xfe,
  0xff,0xff,0xff,0xff,0xff,0x8f,0x00,0x00,0x00,0x00,0x00,0x00,0x00,0x00,0x00,0x00,0x00,0x00,0x00,0x00,0x00,0x26,0xf1,0xff,
  0xff,0xff,0xff,0xff,0xc2,0x04,0x00,0x00,0x00,0x00,0x00,0x00,0x00,0x00,0x00,0x00,0x00,0x00,0x00,0x00,0x0c,0xd5,0xff,0xff,
  0xff,0xff,0xff,0xe6,0x18,0x00,0x00,0x00,0x00,0x00,0x00,0x00,0x00,0x00,0x00,0x00,0x00,0x00,0x00,0x00,0xab,0xff,0xff,0xff,
  0xff,0xff,0xfa,0x3b,0x00,0x00,0x00,0x00,0x00,0x00,0x00,0x00,0x00,0x00,0x00,0x00,0x00,0x00,0x00,0x77,0xff,0xff,0xff,0xff,
  0xff,0xff,0x6c,0x00,0x00,0x00,0x00,0x00,0x00,0x00,0x00,0x00,0x00,0x00,0x00,0x00,0x00,0x00,0x44,0xfc,0xff,0xff,0xff,0xff,
  0xff,0xa4,0x00,0x00,0x00,0x00,0x00,0x00,0x00,0x00,0x00,0x00,0x00,0x00,0x00,0x00,0x00,0x1f,0xec,0xff,0xff,0xff,0xff,0xff,
  0xd1,0x0a,0x00,0x00,0x00,0x00,0x00,0x00,0x00,0x00,0x00,0x00,0x00,0x00,0x00,0x00,0x08,0xcd,0xff,0xff,0xff,0xff,0xff,0xef,
  0x23,0x00,0x00,0x00,0x00,0x00,0x00,0x00,0x00,0x00,0x00,0x00,0x00,0x00,0x00,0x00,0xa0,0xff,0xff,0xff,0xff,0xff,0xfe,0x4b,
  0x00,0x00,0x00,0x00,0x00,0x00,0x00,0x00,0x00,0x00,0x00,0x00,0x00,0x00,0x00,0x6c,0xff,0xff,0xff,0xff,0xff,0xff,0x80,0x00,
  0x00,0x00,0x00,0x00,0x00,0x00,0x00,0x00,0x00,0x00,0x00,0x00,0x00,0x00,0x3b,0xfa,0xff,0xff,0xff,0xff,0xff,0xb6,0x02,0x00,
  0x00,0x00,0x00,0x00,0x00,0x00,0x00,0x00,0x00,0x00,0x00,0x00,0x00,0x19,0xe7,0xff,0xff,0xff,0xff,0xff,0xde,0x11,0x00,0x00,
  0x00,0x00,0x00,0x00,0x00,0x00,0x00,0x00,0x00,0x00,0x00,0x00,0x05,0xc5,0xff,0xff,0xff,0xff,0xff,0xf6,0x30,0x00,0x00,0x00,
  0x00,0x00,0x00,0x00,0x00,0x00,0x00,0x00,0x00,0x00,0x00,0x00,0x96,0xff,0xff,0xff,0xff,0xff,0xff,0x5d,0x00,0x00,0x00,0x00,
  0x00,0x00,0x00,0x00,0x00,0x00,0x00,0x00,0x00,0x00,0x00,0x60,0xff,0xff,0xff,0xff,0xff,0xff,0x94,0x00,0x00,0x00,0x00,0x00,
  0x00,0x00,0x00,0x00,0x00,0x00,0x00,0x00,0x00,0x00,0x33,0xf7,0xff,0xff,0xff,0xff,0xff,0xc6,0x05,0x00,0x00,0x00,0x00,0x00,
  0x00,0x00,0x00,0x00,0x00,0x00,0x00,0x00,0x00,0x00,0x90,0xff,0xff,0xff,0xff,0xff,0xff,0xff,0xff,0xff,0xff,0xff,0xff,0xff,
  0xff,0xff,0xff,0xff,0xff,0xff,0xff,0xff,0xff,0xb0,0x90,0xff,0xff,0xff,0xff,0xff,0xff,0xff,0xff,0xff,0xff,0xff,0xff,0xff,
  0xff,0xff,0xff,0xff,0xff,0xff,0xff,0xff,0xff,0xb0,0x90,0xff,0xff,0xff,0xff,0xff,0xff,0xff,0xff,0xff,0xff,0xff,0xff,0xff,
  0xff,0xff,0xff,0xff,0xff,0xff,0xff,0xff,0xff,0xb0,0x90,0xff,0xff,0xff,0xff,0xff,0xff,0xff,0xff,0xff,0xff,0xff,0xff,0xff,
  0xff,0xff,0xff,0xff,0xff,0xff,0xff,0xff,0xff,0xb0,0x90,0xff,0xff,0xff,0xff,0xff,0xff,0xff,0xff,0xff,0xff,0xff,0xff,0xff,
  0xff,0xff,0xff,0xff,0xff,0xff,0xff,0xff,0xff,0xb0,0x00,0x00,0x24,0xff,0xff,0xff,0xff,0xff,0xff,0xff,0xff,0xff,0x94,0x00,
  0x00,0x24,0xff,0xff,0xff,0xff,0xff,0xff,0xff,0xff,0xff,0x94,0x00,0x00,0x24,0xff,0xff,0xff,0xff,0xff,0xff,0xff,0xff,0xff,
  0x94,0x00,0x00,0x24,0xff,0xff,0xff,0xff,0xff,0xff,0xff,0xff,0xff,0x94,0x00,0x00,0x24,0xff,0xff,0xff,0xff,0xff,0xff,0xff,
  0xff,0xff,0x94,0x00,0x00,0x24,0xff,0xff,0xff,0xff,0xff,0x10,0x00,0x00,0x00,0x00,0x00,0x00,0x24,0xff,0xff,0xff,0xff,0xff,
  0x10,0x00,0x00,0x00,0x00,0x00,0x00,0x24,0xff,0xff,0xff,0xff,0xff,0x10,0x00,0x00,0x00,0x00,0x00,0x00,0x24,0xff,0xff,0xff,
  0xff,0xff,0x10,0x00,0x00,0x00,0x00,0x00,0x00,0x24,0xff,0xff,0xff,0xff,0xff,0x10,0x00,0x00,0x00,0x00,0x00,0x00,0x24,0xff,
  0xff,0xff,0xff,0xff,0x10,0x00,0x00,0x00,0x00,0x00,0x00,0x24,0xff,0xff,0xff,0xff,0xff,0x10,0x00,0x00,0x00,0x00,0x00,0x00,
  0x24,0xff,0xff,0xff,0xff,0xff,0x10,0x00,0x00,0x00,0x00,0x00,0x00,0x24,0xff,0xff,0xff,0xff,0xff,0x10,0x00,0x00,0x00,0x00,
  0x00,0x00,0x24,0xff,0xff,0xff,0xff,0xff,0x10,0x00,0x00,0x00,0x00,0x00,0x00,0x24,0xff,0xff,0xff,0xff,0xff,0x10,0x00,0x00,
  0x00,0x00,0x00,0x00,0x24,0xff,0xff,0xff,0xff,0xff,0x10,0x00,0x00,0x00,0x00,0x00,0x00,0x24,0xff,0xff,0xff,0xff,0xff,0x10,
  0x00,0x00,0x00,0x00,0x00,0x00,0x24,0xff,0xff,0xff,0xff,0xff,0x10,0x00,0x00,0x00,0x00,0x00,0x00,0x24,0xff,0xff,0xff,0xff,
  0xff,0x10,0x00,0x00,0x00,0x00,0x00,0x00,0x24,0xff,0xff,0xff,0xff,0xff,0x10,0x00,0x00,0x00,0x00,0x00,0x00,0x24,0xff,0xff,
  0xff,0xff,0xff,0x10,0x00,0x00,0x00,0x00,0x00,0x00,0x24,0xff,0xff,0xff,0xff,0xff,0x10,0x00,0x00,0x00,0x00,0x00,0x00,0x24,
  0xff,0xff,0xff,0xff,0xff,0x10,0x00,0x00,0x00,0x00,0x00,0x00,0x24,0xff,0xff,0xff,0xff,0xff,0x10,0x00,0x00,0x00,0x00,0x00,
  0x00,0x24,0xff,0xff,0xff,0xff,0xff,0x10,0x00,0x00,0x00,0x00,0x00,0x00,0x24,0xff,0xff,0xff,0xff,0xff,0x10,0x00,0x00,0x00,
  0x00,0x00,0x00,0x24,0xff,0xff,0xff,0xff,0xff,0x10,0x00,0x00,0x00,0x00,0x00,0x00,0x24,0xff,0xff,0xff,0xff,0xff,0x10,0x00,
  0x00,0x00,0x00,0x00,0x00,0x24,0xff,0xff,0xff,0xff,0xff,0x10,0x00,0x00,0x00,0x00,0x00,0x00,0x24,0xff,0xff,0xff,0xff,0xff,
  0x10,0x00,0x00,0x00,0x00,0x00,0x00,0x24,0xff,0xff,0xff,0xff,0xff,0x10,0x00,0x00,0x00,0x00,0x00,0x00,0x24,0xff,0xff,0xff,
  0xff,0xff,0xff,0xff,0xff,0xff,0x94,0x00,0x00,0x24,0xff,0xff,0xff,0xff,0xff,0xff,0xff,0xff,0xff,0x94,0x00,0x00,0x24,0xff,
  0xff,0xff,0xff,0xff,0xff,0xff,0xff,0xff,0x94,0x00,0x00,0x24,0xff,0xff,0xff,0xff,0xff,0xff,0xff,0xff,0xff,0x94,0x00,0x00,
  0x24,0xff,0xff,0xff,0xff,0xff,0xff,0xff,0xff,0xff,0x94,0x02,0xee,0xff,0xff,0xff,0x1b,0x00,0x00,0x00,0x00,0x00,0x00,0x00,
  0x00,0xb2,0xff,0xff,0xff,0x5a,0x00,0x00,0x00,0x00,0x00,0x00,0x00,0x00,0x74,0xff,0xff,0xff,0x99,0x00,0x00,0x00,0x00,0x00,
  0x00,0x00,0x00,0x35,0xff,0xff,0xff,0xd9,0x00,0x00,0x00,0x00,0x00,0x00,0x00,0x00,0x03,0xf2,0xff,0xff,0xff,0x18,0x00,0x00,
  0x00,0x00,0x00,0x00,0x00,0x00,0xb8,0xff,0xff,0xff,0x57,0x00,0x00,0x00,0x00,0x00,0x00,0x00,0x00,0x79,0xff,0xff,0xff,0x97,
  0x00,0x00,0x00,0x00,0x00,0x00,0x00,0x00,0x3b,0xff,0xff,0xff,0xd6,0x00,0x00,0x00,0x00,0x00,0x00,0x00,0x00,0x06,0xf6,0xff,
  0xff,0xff,0x16,0x00,0x00,0x00,0x00,0x00,0x00,0x00,0x00,0xbd,0xff,0xff,0xff,0x55,0x00,0x00,0x00,0x00,0x00,0x00,0x00,0x00,
  0x7f,0xff,0xff,0xff,0x94,0x00,0x00,0x00,0x00,0x00,0x00,0x00,0x00,0x40,0xff,0xff,0xff,0xd3,0x00,0x00,0x00,0x00,0x00,0x00,
  0x00,0x00,0x08,0xf8,0xff,0xff,0xfe,0x14,0x00,0x00,0x00,0x00,0x00,0x00,0x00,0x00,0xc3,0xff,0xff,0xff,0x52,0x00,0x00,0x00,
  0x00,0x00,0x00,0x00,0x00,0x84,0xff,0xff,0xff,0x91,0x00,0x00,0x00,0x00,0x00,0x00,0x00,0x00,0x46,0xff,0xff,0xff,0xd0,0x00,
  0x00,0x00,0x00,0x00,0x00,0x00,0x00,0x0b,0xfb,0xff,0xff,0xfe,0x12,0x00,0x00,0x00,0x00,0x00,0x00,0x00,0x00,0xc8,0xff,0xff,
  0xff,0x4f,0x00,0x00,0x00,0x00,0x00,0x00,0x00,0x00,0x8a,0xff,0xff,0xff,0x8e,0x00,0x00,0x00,0x00,0x00,0x00,0x00,0x00,0x4b,
  0xff,0xff,0xff,0xce,0x00,0x00,0x00,0x00,0x00,0x00,0x00,0x00,0x0f,0xfd,0xff,0xff,0xfd,0x10,0x00,0x00,0x00,0x00,0x00,0x00,
  0x00,0x00,0xce,0xff,0xff,0xff,0x4c,0x00,0x00,0x00,0x00,0x00,0x00,0x00,0x00,0x8f,0xff,0xff,0xff,0x8c,0x00,0x00,0x00,0x00,
  0x00,0x00,0x00,0x00,0x51,0xff,0xff,0xff,0xcb,0x00,0x00,0x00,0x00,0x00,0x00,0x00,0x00,0x13,0xfe,0xff,0xff,0xfc,0x0e,0x00,
  0x00,0x00,0x00,0x00,0x00,0x00,0x00,0xd3,0xff,0xff,0xff,0x4a,0x00,0x00,0x00,0x00,0x00,0x00,0x00,0x00,0x95,0xff,0xff,0xff,
  0x89,0x00,0x00,0x00,0x00,0x00,0x00,0x00,0x00,0x56,0xff,0xff,0xff,0xc8,0x00,0x00,0x00,0x00,0x00,0x00,0x00,0x00,0x18,0xff,
  0xff,0xff,0xfb,0x0c,0x40,0xff,0xff,0xff,0xff,0xff,0xff,0xff,0xff,0xff,0x78,0x00,0x00,0x40,0xff,0xff,0xff,0xff,0xff,0xff,
  0xff,0xff,0xff,0x78,0x00,0x00,0x40,0xff,0xff,0xff,0xff,0xff,0xff,0xff,0xff,0xff,0x78,0x00,0x00,0x40,0xff,0xff,0xff,0xff,
  0xff,0xff,0xff,0xff,0xff,0x78,0x00,0x00,0x40,0xff,0xff,0xff,0xff,0xff,0xff,0xff,0xff,0xff,0x78,0x00,0x00,0x00,0x00,0x00,
  0x00,0x00,0xc0,0xff,0xff,0xff,0xff,0x78,0x00,0x00,0x00,0x00,0x00,0x00,0x00,0xc0,0xff,0xff,0xff,0xff,0x78,0x00,0x00,0x00,
  0x00,0x00,0x00,0x00,0xc0,0xff,0xff,0xff,0xff,0x78,0x00,0x00,0x00,0x00,0x00,0x00,0x00,0xc0,0xff,0xff,0xff,0xff,0x78,0x00,
  0x00,0x00,0x00,0x00,0x00,0x00,0xc0,0xff,0xff,0xff,0xff,0x78,0x00,0x00,0x00,0x00,0x00,0x00,0x00,0xc0,0xff,0xff,0xff,0xff,
  0x78,0x00,0x00,0x00,0x00,0x00,0x00,0x00,0xc0,0xff,0xff,0xff,0xff,0x78,0x00,0x00,0x00,0x00,0x00,0x00,0x00,0xc0,0xff,0xff,
  0xff,0xff,0x78,0x00,0x00,0x00,0x00,0x00,0x00,0x00,0xc0,0xff,0xff,0xff,0xff,0x78,0x00,0x00,0x00,0x00,0x00,0x00,0x00,0xc0,
  0xff,0xff,0xff,0xff,0x78,0x00,0x00,0x00,0x00,0x00,0x00,0x00,0xc0,0xff,0xff,0xff,0xff,0x78,0x00,0x00,0x00,0x00,0x00,0x00,
  0x00,0xc0,0xff,0xff,0xff,0xff,0x78,0x00,0x00,0x00,0x00,0x00,0x00,0x00,0xc0,0xff,0xff,0xff,0xff,0x78,0x00,0x00,0x00,0x00,
  0x00,0x00,0x00,0xc0,0xff,0xff,0xff,0xff,0x78,0x00,0x00,0x00,0x00,0x00,0x00,0x00,0xc0,0xff,0xff,0xff,0xff,0x78,0x00,0x00,
  0x00,0x00,0x00,0x00,0x00,0xc0,0xff,0xff,0xff,0xff,0x78,0x00,0x00,0x00,0x00,0x00,0x00,0x00,0xc0,0xff,0xff,0xff,0xff,0x78,
  0x00,0x00,0x00,0x00,0x00,0x00,0x00,0xc0,0xff,0xff,0xff,0xff,0x78,0x00,0x00,0x00,0x00,0x00,0x00,0x00,0xc0,0xff,0xff,0xff,
  0xff,0x78,0x00,0x00,0x00,0x00,0x00,0x00,0x00,0xc0,0xff,0xff,0xff,0xff,0x78,0x00,0x00,0x00,0x00,0x00,0x00,0x00,0xc0,0xff,
  0xff,0xff,0xff,0x78,0x00,0x00,0x00,0x00,0x00,0x00,0x00,0xc0,0xff,0xff,0xff,0xff,0x78,0x00,0x00,0x00,0x00,0x00,0x00,0x00,
  0xc0,0xff,0xff,0xff,0xff,0x78,0x00,0x00,0x00,0x00,0x00,0x00,0x00,0xc0,0xff,0xff,0xff,0xff,0x78,0x00,0x00,0x00,0x00,0x00,
  0x00,0x00,0xc0,0xff,0xff,0xff,0xff,0x78,0x00,0x00,0x00,0x00,0x00,0x00,0x00,0xc0,0xff,0xff,0xff,0xff,0x78,0x00,0x00,0x00,
  0x00,0x00,0x00,0x00,0xc0,0xff,0xff,0xff,0xff,0x78,0x00,0x00,0x40,0xff,0xff,0xff,0xff,0xff,0xff,0xff,0xff,0xff,0x78,0x00,
  0x00,0x40,0xff,0xff,0xff,0xff,0xff,0xff,0xff,0xff,0xff,0x78,0x00,0x00,0x40,0xff,0xff,0xff,0xff,0xff,0xff,0xff,0xff,0xff,
  0x78,0x00,0x00,0x40,0xff,0xff,0xff,0xff,0xff,0xff,0xff,0xff,0xff,0x78,0x00,0x00,0x40,0xff,0xff,0xff,0xff,0xff,0xff,0xff,
  0xff,0xff,0x78,0x00,0x00,0x00,0x00,0x00,0x00,0x00,0x00,0x00,0x00,0x00,0xa7,0xff,0xff,0xff,0xff,0x30,0x00,0x00,0x00,0x00,
  0x00,0x00,0x00,0x00,0x00,0x00,0x00,0x00,0x00,0x00,0x00,0x00,0x26,0xfd,0xff,0xff,0xff,0xff,0xaa,0x00,0x00,0x00,0x00,0x00,
  0x00,0x00,0x00,0x00,0x00,0x00,0x00,0x00,0x00,0x00,0x00,0xa2,0xff,0xff,0xff,0xff,0xff,0xfd,0x26,0x00,0x00,0x00,0x00,0x00,
  0x00,0x00,0x00,0x00,0x00,0x00,0x00,0x00,0x00,0x22,0xfc,0xff,0xff,0xff,0xff,0xff,0xff,0x9e,0x00,0x00,0x00,0x00,0x00,0x00,
  0x00,0x00,0x00,0x00,0x00,0x00,0x00,0x00,0x9c,0xff,0xff,0xff,0xff,0xff,0xff,0xff,0xfa,0x1d,0x00,0x00,0x00,0x00,0x00,0x00,
  0x00,0x00,0x00,0x00,0x00,0x00,0x1f,0xfa,0xff,0xff,0xff,0xfc,0xff,0xff,0xff,0xff,0x92,0x00,0x00,0x00,0x00,0x00,0x00,0x00,
  0x00,0x00,0x00,0x00,0x00,0x97,0xff,0xff,0xff,0xff,0x76,0xf5,0xff,0xff,0xff,0xf6,0x15,0x00,0x00,0x00,0x00,0x00,0x00,0x00,
  0x00,0x00,0x00,0x1b,0xf8,0xff,0xff,0xff,0xef,0x0a,0x9b,0xff,0xff,0xff,0xff,0x85,0x00,0x00,0x00,0x00,0x00,0x00,0x00,0x00,
  0x00,0x00,0x92,0xff,0xff,0xff,0xff,0x8e,0x00,0x2f,0xff,0xff,0xff,0xff,0xf0,0x0e,0x00,0x00,0x00,0x00,0x00,0x00,0x00,0x00,
  0x17,0xf6,0xff,0xff,0xff,0xfe,0x25,0x00,0x00,0xc4,0xff,0xff,0xff,0xff,0x79,0x00,0x00,0x00,0x00,0x00,0x00,0x00,0x00,0x8c,
  0xff,0xff,0xff,0xff,0xb7,0x00,0x00,0x00,0x58,0xff,0xff,0xff,0xff,0xe9,0x09,0x00,0x00,0x00,0x00,0x00,0x00,0x14,0xf4,0xff,
  0xff,0xff,0xff,0x4c,0x00,0x00,0x00,0x05,0xe7,0xff,0xff,0xff,0xff,0x6d,0x00,0x00,0x00,0x00,0x00,0x00,0x87,0xff,0xff,0xff,
  0xff,0xde,0x02,0x00,0x00,0x00,0x00,0x81,0xff,0xff,0xff,0xff,0xe1,0x05,0x00,0x00,0x00,0x00,0x11,0xf2,0xff,0xff,0xff,0xff,
  0x75,0x00,0x00,0x00,0x00,0x00,0x1a,0xfb,0xff,0xff,0xff,0xff,0x61,0x00,0x00,0x00,0x00,0x81,0xff,0xff,0xff,0xff,0xf7,0x12,
  0x00,0x00,0x00,0x00,0x00,0x00,0xaa,0xff,0xff,0xff,0xff,0xd8,0x02,0x00,0x00,0x00,0x00,0x00,0x00,0x00,0x00,0x00,0x00,0x00,
  0x00,0x00,0x00,0x00,0x00,0x00,0x00,0x00,0x00,0x00,0x00,0x00,0x00,0x00,0x00,0x00,0x00,0x00,0x00,0x00,0x00,0x00,0x00,0x00,
  0x00,0x00,0x00,0x00,0x00,0x00,0x00,0x00,0x00,0x00,0x00,0x00,0x00,0x00,0x00,0x00,0x00,0x00,0x00,0x00,0x00,0x00,0x00,0x00,
  0x00,0x00,0x00,0x00,0x00,0x00,0x00,0x00,0x00,0x00,0x00,0x00,0x00,0x00,0x00,0x00,0x00,0x00,0x00,0x00,0x00,0x00,0x00,0x00,
  0x00,0x00,0x00,0x00,0x00,0x00,0x00,0x00,0x00,0x00,0x00,0x00,0x00,0x00,0x00,0x00,0x00,0x00,0x00,0x00,0x00,0x00,0x00,0x00,
  0x00,0x00,0x00,0x00,0x00,0x00,0x00,0x00,0x00,0x00,0x00,0x00,0x00,0x00,0x00,0x00,0x00,0x00,0x00,0x00,0x00,0x00,0x00,0x00,
  0x00,0x00,0x00,0x00,0x00,0x00,0x00,0x00,0x00,0x00,0x00,0x00,0x00,0x00,0x00,0x00,0x00,0x00,0x00,0x00,0x00,0x00,0x00,0x00,
  0x00,0x00,0x00,0x00,0x00,0x00,0x00,0x00,0x00,0x00,0x00,0x00,0x00,0x00,0x00,0x00,0x00,0x00,0x00,0x00,0x00,0x00,0x00,0x00,
  0x00,0x00,0x00,0x00,0x00,0x00,0x00,0x00,0x00,0x00,0x00,0x00,0x00,0x00,0x00,0x00,0x00,0x00,0x00,0x00,0x00,0x00,0x00,0x00,
  0x00,0x00,0x00,0x00,0x00,0x00,0x00,0x00,0x00,0x00,0x00,0x00,0x00,0x00,0x00,0x00,0x00,0x00,0x00,0x00,0x00,0x00,0x00,0x00,
  0x00,0x00,0x00,0x00,0x00,0x00,0x00,0x00,0x00,0x00,0x00,0x00,0x00,0x00,0x00,0x00,0x00,0x00,0x00,0x00,0x00,0x00,0x00,0x00,
  0x00,0x00,0x00,0x00,0x00,0x00,0x00,0x00,0x00,0x00,0x00,0x00,0x00,0x00,0x00,0x00,0x00,0x00,0x00,0x00,0x00,0x00,0x00,0x00,
  0x00,0x00,0x00,0x00,0x00,0x00,0x00,0x00,0x00,0x00,0x00,0x00,0x00,0x00,0x00,0x00,0x00,0x00,0x00,0x00,0x00,0x00,0x00,0x00,
  0x00,0x00,0x00,0x00,0x00,0x00,0x00,0x00,0x00,0x00,0x00,0x00,0x00,0x00,0x00,0x00,0x00,0x00,0x00,0x00,0x00,0x00,0x00,0x00,
  0x00,0x00,0x00,0x00,0x00,0x00,0x00,0x00,0x00,0x00,0x00,0x00,0x00,0x00,0x00,0x00,0x00,0x00,0x00,0x00,0x00,0x00,0x00,0x00,
  0x00,0x00,0x00,0x00,0x00,0x00,0x00,0x00,0x00,0x00,0x00,0x00,0x00,0x00,0x00,0x00,0x00,0x00,0x00,0x00,0x00,0x00,0x00,0x00,
  0x00,0x00,0x00,0x00,0x00,0x00,0x00,0x00,0x00,0x00,0x00,0x00,0x00,0x00,0x00,0x00,0x00,0x00,0x00,0x00,0x00,0x00,0x00,0x00,
  0x00,0x00,0x00,0x00,0x00,0x00,0x00,0x00,0x00,0x00,0x00,0x00,0x00,0x00,0x00,0x00,0x00,0x00,0x00,0x00,0x00,0x00,0x00,0x00,
  0x60,0xff,0xff,0xff,0xff,0xff,0xff,0xff,0xff,0xff,0xff,0xff,0xff,0xff,0xff,0xff,0xff,0xff,0xff,0xff,0xff,0xff,0xff,0x70,
  0x60,0xff,0xff,0xff,0xff,0xff,0xff,0xff,0xff,0xff,0xff,0xff,0xff,0xff,0xff,0xff,0xff,0xff,0xff,0xff,0xff,0xff,0xff,0x70,
  0x60,0xff,0xff,0xff,0xff,0xff,0xff,0xff,0xff,0xff,0xff,0xff,0xff,0xff,0xff,0xff,0xff,0xff,0xff,0xff,0xff,0xff,0xff,0x70,
  0x60,0xff,0xff,0xff,0xff,0xff,0xff,0xff,0xff,0xff,0xff,0xff,0xff,0xff,0xff,0xff,0xff,0xff,0xff,0xff,0xff,0xff,0xff,0x70,
  0x04,0xb5,0xff,0xff,0xff,0xff,0xff,0x31,0x00,0x00,0x00,0x00,0x00,0x00,0x0a,0xc8,0xff,0xff,0xff,0xff,0xa4,0x00,0x00,0x00,
  0x00,0x00,0x00,0x00,0x14,0xd9,0xff,0xff,0xff,0xfb,0x1c,0x00,0x00,0x00,0x00,0x00,0x00,0x00,0x20,0xe6,0xff,0xff,0xff,0x8b,
  0x00,0x00,0x00,0x00,0x00,0x00,0x00,0x00,0x30,0xf1,0xff,0xff,0xf0,0x0d,0x00,0x00,0x00,0x00,0x00,0x00,0x00,0x00,0x42,0xf9,
  0xff,0xff,0x72,0x00,0x00,0x00,0x00,0x00,0x00,0x00,0x00,0x00,0x00,0x00,0x00,0x00,0x00,0x00,0x00,0x00,0x00,0x00,0x00,0x00,
  0x00,0x00,0x00,0x00,0x00,0x00,0x00,0x00,0x00,0x00,0x00,0x00,0x00,0x00,0x00,0x00,0x00,0x00,0x00,0x00,0x00,0x00,0x00,0x00,
  0x00,0x00,0x00,0x00,0x00,0x00,0x00,0x00,0x00,0x00,0x00,0x00,0x00,0x00,0x00,0x00,0x00,0x00,0x00,0x00,0x00,0x00,0x00,0x00,
  0x00,0x00,0x00,0x00,0x00,0x00,0x00,0x00,0x00,0x00,0x00,0x00,0x00,0x00,0x00,0x00,0x00,0x00,0x00,0x00,0x00,0x00,0x00,0x00,
  0x00,0x00,0x00,0x00,0x00,0x00,0x00,0x00,0x00,0x00,0x00,0x00,0x00,0x00,0x00,0x00,0x00,0x00,0x00,0x00,0x00,0x00,0x00,0x00,
  0x00,0x00,0x00,0x00,0x00,0x00,0x00,0x00,0x00,0x00,0x00,0x00,0x00,0x00,0x00,0x00,0x00,0x00,0x00,0x00,0x00,0x00,0x00,0x00,
  0x00,0x00,0x00,0x00,0x00,0x00,0x00,0x00,0x00,0x00,0x00,0x00,0x00,0x00,0x00,0x00,0x00,0x00,0x00,0x00,0x00,0x00,0x00,0x00,
  0x00,0x00,0x00,0x00,0x00,0x00,0x00,0x00,0x00,0x00,0x00,0x00,0x00,0x00,0x00,0x00,0x00,0x00,0x00,0x00,0x00,0x00,0x00,0x00,
  0x00,0x00,0x00,0x00,0x00,0x00,0x00,0x00,0x00,0x00,0x00,0x00,0x00,0x00,0x00,0x00,0x00,0x00,0x00,0x00,0x00,0x00,0x00,0x00,
  0x00,0x00,0x00,0x00,0x00,0x00,0x00,0x00,0x00,0x00,0x00,0x00,0x00,0x00,0x00,0x00,0x00,0x00,0x00,0x00,0x00,0x00,0x00,0x00,
  0x00,0x00,0x00,0x00,0x00,0x00,0x00,0x00,0x00,0x00,0x00,0x00,0x00,0x00,0x00,0x00,0x00,0x00,0x00,0x00,0x00,0x00,0x00,0x00,
  0x00,0x00,0x00,0x00,0x00,0x00,0x00,0x00,0x00,0x00,0x00,0x00,0x00,0x00,0x00,0x00,0x00,0x00,0x00,0x00,0x00,0x00,0x00,0x00,
  0x00,0x00,0x00,0x00,0x00,0x00,0x00,0x00,0x00,0x00,0x00,0x00,0x00,0x00,0x00,0x00,0x00,0x00,0x00,0x00,0x00,0x00,0x05,0x52,
  0xa0,0xce,0xec,0xf9,0xfb,0xf2,0xdb,0xb6,0x78,0x1d,0x00,0x00,0x00,0x00,0x00,0x00,0x00,0x00,0x00,0x38,0xd9,0xff,0xff,0xff,
  0xff,0xff,0xff,0xff,0xff,0xff,0xff,0xf9,0x80,0x02,0x00,0x00,0x00,0x00,0x00,0x00,0x3a,0xf6,0xff,0xff,0xff,0xff,0xff,0xff,
  0xff,0xff,0xff,0xff,0xff,0xff,0xff,0x91,0x00,0x00,0x00,0x00,0x00,0x0a,0xe3,0xff,0xff,0xff,0xff,0xff,0xff,0xff,0xff,0xff,
  0xff,0xff,0xff,0xff,0xff,0xff,0x26,0x00,0x00,0x00,0x00,0x73,0xff,0xff,0xff,0xff,0xff,0x97,0x27,0x07,0x0f,0x40,0xc4,0xff,
  0xff,0xff,0xff,0xff,0x6d,0x00,0x00,0x00,0x00,0xd4,0xff,0xff,0xff,0xff,0xa1,0x00,0x00,0x00,0x00,0x00,0x11,0xf5,0xff,0xff,
  0xff,0xff,0x93,0x00,0x00,0x00,0x00,0x1a,0x4e,0x81,0xb5,0xe7,0x26,0x00,0x00,0x00,0x00,0x00,0x00,0xc2,0xff,0xff,0xff,0xff,
  0xa8,0x00,0x00,0x00,0x00,0x00,0x00,0x00,0x00,0x00,0x00,0x00,0x00,0x00,0x00,0x00,0x00,0xb1,0xff,0xff,0xff,0xff,0xb0,0x00,
  0x00,0x00,0x00,0x00,0x00,0x00,0x00,0x00,0x00,0x00,0x00,0x0a,0x3c,0x77,0xbc,0xfb,0xff,0xff,0xff,0xff,0xb2,0x00,0x00,0x00,
  0x00,0x00,0x00,0x00,0x00,0x31,0x71,0xa6,0xd8,0xfd,0xff,0xff,0xff,0xff,0xff,0xff,0xff,0xff,0xb0,0x00,0x00,0x00,0x00,0x00,
  0x05,0x76,0xe1,0xff,0xff,0xff,0xff,0xff,0xff,0xff,0xff,0xff,0xff,0xff,0xff,0xff,0xaf,0x00,0x00,0x00,0x00,0x13,0xd1,0xff,
  0xff,0xff,0xff,0xff,0xff,0xe2,0xad,0x76,0x39,0xb3,0xff,0xff,0xff,0xff,0xad,0x00,0x00,0x00,0x00,0xbe,0xff,0xff,0xff,0xff,
  0xeb,0x6d,0x1c,0x00,0x00,0x00,0x00,0xb3,0xff,0xff,0xff,0xff,0xab,0x00,0x00,0x00,0x3c,0xff,0xff,0xff,0xff,0xff,0x33,0x00,
  0x00,0x00,0x00,0x00,0x00,0xc0,0xff,0xff,0xff,0xff,0xa9,0x00,0x00,0x00,0x78,0xff,0xff,0xff,0xff,0xf6,0x01,0x00,0x00,0x00,
  0x00,0x00,0x09,0xec,0xff,0xff,0xff,0xff,0xa8,0x00,0x00,0x00,0x8c,0xff,0xff,0xff,0xff,0xff,0x42,0x00,0x00,0x00,0x00,0x00,
  0x93,0xff,0xff,0xff,0xff,0xff,0xac,0x00,0x00,0x00,0x6f,0xff,0xff,0xff,0xff,0xff,0xe9,0x5a,0x12,0x14,0x4a,0xc0,0xff,0xff,
  0xff,0xff,0xff,0xff,0xb8,0x00,0x00,0x00,0x20,0xfb,0xff,0xff,0xff,0xff,0xff,0xff,0xff,0xff,0xff,0xff,0xff,0xff,0xff,0xff,
  0xff,0xff,0xcf,0x00,0x00,0x00,0x00,0x85,0xff,0xff,0xff,0xff,0xff,0xff,0xff,0xff,0xff,0xff,0xff,0xaa,0xff,0xff,0xff,0xff,
  0xf6,0x08,0x00,0x00,0x00,0x01,0x8b,0xfe,0xff,0xff,0xff,0xff,0xff,0xff,0xff,0xe2,0x51,0x03,0xf1,0xff,0xff,0xff,0xff,0x4a,
  0x00,0x00,0x00,0x00,0x00,0x31,0x97,0xd5,0xf3,0xf9,0xe3,0xb4,0x64,0x08,0x00,0x00,0xae,0xff,0xff,0xff,0xff,0xb1,0x00,0x00,
  0x00,0x5c,0xff,0xff,0xff,0xff,0xff,0x20,0x00,0x00,0x00,0x00,0x00,0x00,0x00,0x00,0x00,0x00,0x00,0x00,0x00,0x00,0x00,0x00,
  0x00,0x5c,0xff,0xff,0xff,0xff,0xff,0x20,0x00,0x00,0x00,0x00,0x00,0x00,0x00,0x00,0x00,0x00,0x00,0x00,0x00,0x00,0x00,0x00,
  0x00,0x5c,0xff,0xff,0xff,0xff,0xff,0x20,0x00,0x00,0x00,0x00,0x00,0x00,0x00,0x00,0x00,0x00,0x00,0x00,0x00,0x00,0x00,0x00,
  0x00,0x5c,0xff,0xff,0xff,0xff,0xff,0x20,0x00,0x00,0x00,0x00,0x00,0x00,0x00,0x00,0x00,0x00,0x00,0x00,0x00,0x00,0x00,0x00,
  0x00,0x5c,0xff,0xff,0xff,0xff,0xff,0x20,0x00,0x00,0x00,0x00,0x00,0x00,0x00,0x00,0x00,0x00,0x00,0x00,0x00,0x00,0x00,0x00,
  0x00,0x5c,0xff,0xff,0xff,0xff,0xff,0x20,0x00,0x00,0x00,0x00,0x00,0x00,0x00,0x00,0x00,0x00,0x00,0x00,0x00,0x00,0x00,0x00,
  0x00,0x5c,0xff,0xff,0xff,0xff,0xff,0x20,0x00,0x00,0x00,0x00,0x00,0x00,0x00,0x00,0x00,0x00,0x00,0x00,0x00,0x00,0x00,0x00,
  0x00,0x5c,0xff,0xff,0xff,0xff,0xff,0x20,0x00,0x00,0x00,0x00,0x00,0x00,0x00,0x00,0x00,0x00,0x00,0x00,0x00,0x00,0x00,0x00,
  0x00,0x5c,0xff,0xff,0xff,0xff,0xff,0x20,0x00,0x17,0x7b,0xcb,0xee,0xf6,0xdf,0xaa,0x58,0x02,0x00,0x00,0x00,0x00,0x00,0x00,
  0x00,0x5c,0xff,0xff,0xff,0xff,0xff,0x20,0x5e,0xef,0xff,0xff,0xff,0xff,0xff,0xff,0xff,0xd2,0x30,0x00,0x00,0x00,0x00,0x00,
  0x00,0x5c,0xff,0xff,0xff,0xff,0xff,0x95,0xff,0xff,0xff,0xff,0xff,0xff,0xff,0xff,0xff,0xff,0xf2,0x41,0x00,0x00,0x00,0x00,
  0x00,0x5c,0xff,0xff,0xff,0xff,0xff,0xff,0xff,0xff,0xff,0xff,0xff,0xff,0xff,0xff,0xff,0xff,0xff,0xeb,0x1a,0x00,0x00,0x00,
  0x00,0x5c,0xff,0xff,0xff,0xff,0xff,0xff,0xff,0x9b,0x2e,0x07,0x19,0x6d,0xef,0xff,0xff,0xff,0xff,0xff,0xa6,0x00,0x00,0x00,
  0x00,0x5c,0xff,0xff,0xff,0xff,0xff,0xff,0x73,0x00,0x00,0x00,0x00,0x00,0x2d,0xf4,0xff,0xff,0xff,0xff,0xfb,0x1c,0x00,0x00,
  0x00,0x5c,0xff,0xff,0xff,0xff,0xff,0xc9,0x00,0x00,0x00,0x00,0x00,0x00,0x00,0x7b,0xff,0xff,0xff,0xff,0xff,0x67,0x00,0x00,
  0x00,0x5c,0xff,0xff,0xff,0xff,0xff,0x6b,0x00,0x00,0x00,0x00,0x00,0x00,0x00,0x1c,0xff,0xff,0xff,0xff,0xff,0xa1,0x00,0x00,
  0x00,0x5c,0xff,0xff,0xff,0xff,0xff,0x36,0x00,0x00,0x00,0x00,0x00,0x00,0x00,0x00,0xe7,0xff,0xff,0xff,0xff,0xc4,0x00,0x00,
  0x00,0x5c,0xff,0xff,0xff,0xff,0xff,0x20,0x00,0x00,0x00,0x00,0x00,0x00,0x00,0x00,0xcb,0xff,0xff,0xff,0xff,0xd5,0x00,0x00,
  0x00,0x5c,0xff,0xff,0xff,0xff,0xff,0x1c,0x00,0x00,0x00,0x00,0x00,0x00,0x00,0x00,0xbf,0xff,0xff,0xff,0xff,0xde,0x00,0x00,
  0x00,0x5c,0xff,0xff,0xff,0xff,0xff,0x28,0x00,0x00,0x00,0x00,0x00,0x00,0x00,0x00,0xc8,0xff,0xff,0xff,0xff,0xcf,0x00,0x00,
  0x00,0x5c,0xff,0xff,0xff,0xff,0xff,0x49,0x00,0x00,0x00,0x00,0x00,0x00,0x00,0x00,0xe1,0xff,0xff,0xff,0xff,0xbd,0x00,0x00,
  0x00,0x5c,0xff,0xff,0xff,0xff,0xff,0x85,0x00,0x00,0x00,0x00,0x00,0x00,0x00,0x15,0xff,0xff,0xff,0xff,0xff,0x8e,0x00,0x00,
  0x00,0x5c,0xff,0xff,0xff,0xff,0xff,0xe5,0x09,0x00,0x00,0x00,0x00,0x00,0x00,0x73,0xff,0xff,0xff,0xff,0xff,0x55,0x00,0x00,
  0x00,0x5c,0xff,0xff,0xff,0xff,0xff,0xff,0xa4,0x02,0x00,0x00,0x00,0x00,0x26,0xf0,0xff,0xff,0xff,0xff,0xee,0x0a,0x00,0x00,
  0x00,0x5c,0xff,0xff,0xff,0xff,0xff,0xff,0xff,0xbd,0x3f,0x0c,0x12,0x62,0xea,0xff,0xff,0xff,0xff,0xff,0x87,0x00,0x00,0x00,
  0x00,0x5c,0xff,0xff,0xff,0xff,0xff,0xff,0xff,0xff,0xff,0xff,0xff,0xff,0xff,0xff,0xff,0xff,0xff,0xd6,0x09,0x00,0x00,0x00,
  0x00,0x5c,0xff,0xff,0xff,0xff,0xc4,0xc7,0xff,0xff,0xff,0xff,0xff,0xff,0xff,0xff,0xff,0xff,0xe3,0x27,0x00,0x00,0x00,0x00,
  0x00,0x5c,0xff,0xff,0xff,0xff,0xbc,0x0e,0xb0,0xff,0xff,0xff,0xff,0xff,0xff,0xff,0xff,0xbe,0x1d,0x00,0x00,0x00,0x00,0x00,
  0x00,0x5c,0xff,0xff,0xff,0xff,0xbc,0x00,0x00,0x3d,0x92,0xd2,0xef,0xf8,0xdf,0xa7,0x4c,0x00,0x00,0x00,0x00,0x00,0x00,0x00,
  0x00,0x00,0x00,0x00,0x00,0x00,0x3f,0x8d,0xcb,0xe6,0xfa,0xf5,0xe4,0xbc,0x7f,0x27,0x00,0x00,0x00,0x00,0x00,0x00,0x00,0x00,
  0x00,0x00,0x2f,0xc2,0xff,0xff,0xff,0xff,0xff,0xff,0xff,0xff,0xff,0xfd,0xa1,0x0e,0x00,0x00,0x00,0x00,0x00,0x00,0x00,0x50,
  0xf4,0xff,0xff,0xff,0xff,0xff,0xff,0xff,0xff,0xff,0xff,0xff,0xff,0xd5,0x12,0x00,0x00,0x00,0x00,0x00,0x37,0xf9,0xff,0xff,
  0xff,0xff,0xff,0xff,0xff,0xff,0xff,0xff,0xff,0xff,0xff,0xff,0xba,0x00,0x00,0x00,0x00,0x05,0xdf,0xff,0xff,0xff,0xff,0xff,
  0xa2,0x31,0x08,0x19,0x5a,0xe0,0xff,0xff,0xff,0xff,0xff,0x52,0x00,0x00,0x00,0x62,0xff,0xff,0xff,0xff,0xff,0x87,0x00,0x00,
  0x00,0x00,0x00,0x24,0xf2,0xff,0xff,0xff,0xff,0xc0,0x00,0x00,0x00,0xc3,0xff,0xff,0xff,0xff,0xe6,0x05,0x00,0x00,0x00,0x00,
  0x00,0x00,0x9a,0xd3,0xa4,0x74,0x45,0x15,0x00,0x00,0x09,0xf9,0xff,0xff,0xff,0xff,0x99,0x00,0x00,0x00,0x00,0x00,0x00,0x00,
  0x00,0x00,0x00,0x00,0x00,0x00,0x00,0x00,0x32,0xff,0xff,0xff,0xff,0xff,0x6b,0x00,0x00,0x00,0x00,0x00,0x00,0x00,0x00,0x00,
  0x00,0x00,0x00,0x00,0x00,0x00,0x46,0xff,0xff,0xff,0xff,0xff,0x58,0x00,0x00,0x00,0x00,0x00,0x00,0x00,0x00,0x00,0x00,0x00,
  0x00,0x00,0x00,0x00,0x53,0xff,0xff,0xff,0xff,0xff,0x53,0x00,0x00,0x00,0x00,0x00,0x00,0x00,0x00,0x00,0x00,0x00,0x00,0x00,
  0x00,0x00,0x46,0xff,0xff,0xff,0xff,0xff,0x5d,0x00,0x00,0x00,0x00,0x00,0x00,0x00,0x00,0x00,0x00,0x00,0x00,0x00,0x00,0x00,
  0x33,0xff,0xff,0xff,0xff,0xff,0x7a,0x00,0x00,0x00,0x00,0x00,0x00,0x00,0x00,0x00,0x00,0x00,0x00,0x00,0x00,0x00,0x0a,0xf9,
  0xff,0xff,0xff,0xff,0xab,0x00,0x00,0x00,0x00,0x00,0x00,0x00,0x46,0xe0,0xb1,0x81,0x52,0x22,0x01,0x00,0x00,0xc4,0xff,0xff,
  0xff,0xff,0xf3,0x0f,0x00,0x00,0x00,0x00,0x00,0x00,0x92,0xff,0xff,0xff,0xff,0xfd,0x15,0x00,0x00,0x63,0xff,0xff,0xff,0xff,
  0xff,0x9e,0x00,0x00,0x00,0x00,0x00,0x21,0xf4,0xff,0xff,0xff,0xff,0xbe,0x00,0x00,0x00,0x06,0xe0,0xff,0xff,0xff,0xff,0xff,
  0xb1,0x38,0x09,0x19,0x5c,0xe4,0xff,0xff,0xff,0xff,0xff,0x46,0x00,0x00,0x00,0x00,0x39,0xfa,0xff,0xff,0xff,0xff,0xff,0xff,
  0xff,0xff,0xff,0xff,0xff,0xff,0xff,0xff,0xa8,0x00,0x00,0x00,0x00,0x00,0x00,0x54,0xf6,0xff,0xff,0xff,0xff,0xff,0xff,0xff,
  0xff,0xff,0xff,0xff,0xff,0xc0,0x0d,0x00,0x00,0x00,0x00,0x00,0x00,0x00,0x33,0xc7,0xff,0xff,0xff,0xff,0xff,0xff,0xff,0xff,
  0xff,0xfa,0x89,0x07,0x00,0x00,0x00,0x00,0x00,0x00,0x00,0x00,0x00,0x00,0x43,0x92,0xd0,0xea,0xfb,0xf3,0xe0,0xb3,0x73,0x19,
  0x00,0x00,0x00,0x00,0x00,0x00,0x00,0x00,0x00,0x00,0x00,0x00,0x00,0x00,0x00,0x00,0x00,0x00,0x00,0x00,0x00,0x98,0xff,0xff,
  0xff,0xff,0xe4,0x00,0x00,0x00,0x00,0x00,0x00,0x00,0x00,0x00,0x00,0x00,0x00,0x00,0x00,0x00,0x00,0x00,0x00,0x98,0xff,0xff,
  0xff,0xff,0xe4,0x00,0x00,0x00,0x00,0x00,0x00,0x00,0x00,0x00,0x00,0x00,0x00,0x00,0x00,0x00,0x00,0x00,0x00,0x98,0xff,0xff,
  0xff,0xff,0xe4,0x00,0x00,0x00,0x00,0x00,0x00,0x00,0x00,0x00,0x00,0x00,0x00,0x00,0x00,0x00,0x00,0x00,0x00,0x98,0xff,0xff,
  0xff,0xff,0xe4,0x00,0x00,0x00,0x00,0x00,0x00,0x00,0x00,0x00,0x00,0x00,0x00,0x00,0x00,0x00,0x00,0x00,0x00,0x98,0xff,0xff,
  0xff,0xff,0xe4,0x00,0x00,0x00,0x00,0x00,0x00,0x00,0x00,0x00,0x00,0x00,0x00,0x00,0x00,0x00,0x00,0x00,0x00,0x98,0xff,0xff,
  0xff,0xff,0xe4,0x00,0x00,0x00,0x00,0x00,0x00,0x00,0x00,0x00,0x00,0x00,0x00,0x00,0x00,0x00,0x00,0x00,0x00,0x98,0xff,0xff,
  0xff,0xff,0xe4,0x00,0x00,0x00,0x00,0x00,0x00,0x00,0x00,0x00,0x00,0x00,0x00,0x00,0x00,0x00,0x00,0x00,0x00,0x98,0xff,0xff,
  0xff,0xff,0xe4,0x00,0x00,0x00,0x00,0x00,0x00,0x00,0x00,0x1f,0x81,0xca,0xea,0xf8,0xe0,0xaa,0x4e,0x00,0x00,0x98,0xff,0xff,
  0xff,0xff,0xe4,0x00,0x00,0x00,0x00,0x00,0x00,0x01,0x80,0xf8,0xff,0xff,0xff,0xff,0xff,0xff,0xff,0xbb,0x1a,0x98,0xff,0xff,
  0xff,0xff,0xe4,0x00,0x00,0x00,0x00,0x00,0x02,0xa9,0xff,0xff,0xff,0xff,0xff,0xff,0xff,0xff,0xff,0xff,0xdd,0xb7,0xff,0xff,
  0xff,0xff,0xe4,0x00,0x00,0x00,0x00,0x00,0x7f,0xff,0xff,0xff,0xff,0xff,0xff,0xff,0xff,0xff,0xff,0xff,0xff,0xff,0xff,0xff,
  0xff,0xff,0xe4,0x00,0x00,0x00,0x00,0x21,0xfc,0xff,0xff,0xff,0xff,0xff,0xba,0x3b,0x09,0x13,0x5a,0xe1,0xff,0xff,0xff,0xff,
  0xff,0xff,0xe4,0x00,0x00,0x00,0x00,0x8d,0xff,0xff,0xff,0xff,0xff,0xa3,0x02,0x00,0x00,0x00,0x00,0x18,0xe0,0xff,0xff,0xff,
  0xff,0xff,0xe4,0x00,0x00,0x00,0x00,0xde,0xff,0xff,0xff,0xff,0xec,0x0d,0x00,0x00,0x00,0x00,0x00,0x00,0x53,0xff,0xff,0xff,
  0xff,0xff,0xe4,0x00,0x00,0x00,0x17,0xff,0xff,0xff,0xff,0xff,0x96,0x00,0x00,0x00,0x00,0x00,0x00,0x00,0x05,0xef,0xff,0xff,
  0xff,0xff,0xe4,0x00,0x00,0x00,0x3c,0xff,0xff,0xff,0xff,0xff,0x60,0x00,0x00,0x00,0x00,0x00,0x00,0x00,0x00,0xbf,0xff,0xff,
  0xff,0xff,0xe4,0x00,0x00,0x00,0x4d,0xff,0xff,0xff,0xff,0xff,0x48,0x00,0x00,0x00,0x00,0x00,0x00,0x00,0x00,0xa3,0xff,0xff,
  0xff,0xff,0xe4,0x00,0x00,0x00,0x58,0xff,0xff,0xff,0xff,0xff,0x43,0x00,0x00,0x00,0x00,0x00,0x00,0x00,0x00,0x97,0xff,0xff,
  0xff,0xff,0xe4,0x00,0x00,0x00,0x4a,0xff,0xff,0xff,0xff,0xff,0x4e,0x00,0x00,0x00,0x00,0x00,0x00,0x00,0x00,0xa1,0xff,0xff,
  0xff,0xff,0xe4,0x00,0x00,0x00,0x38,0xff,0xff,0xff,0xff,0xff,0x6b,0x00,0x00,0x00,0x00,0x00,0x00,0x00,0x00,0xbc,0xff,0xff,
  0xff,0xff,0xe4,0x00,0x00,0x00,0x0d,0xfc,0xff,0xff,0xff,0xff,0xa0,0x00,0x00,0x00,0x00,0x00,0x00,0x00,0x05,0xef,0xff,0xff,
  0xff,0xff,0xe4,0x00,0x00,0x00,0x00,0xce,0xff,0xff,0xff,0xff,0xef,0x0e,0x00,0x00,0x00,0x00,0x00,0x00,0x5a,0xff,0xff,0xff,
  0xff,0xff,0xe4,0x00,0x00,0x00,0x00,0x73,0xff,0xff,0xff,0xff,0xff,0xa9,0x02,0x00,0x00,0x00,0x00,0x1f,0xe7,0xff,0xff,0xff,
  0xff,0xff,0xe4,0x00,0x00,0x00,0x00,0x0f,0xef,0xff,0xff,0xff,0xff,0xff,0xbb,0x3d,0x0b,0x12,0x5f,0xe6,0xff,0xff,0xff,0xff,
  0xff,0xff,0xe4,0x00,0x00,0x00,0x00,0x00,0x56,0xff,0xff,0xff,0xff,0xff,0xff,0xff,0xff,0xff,0xff,0xff,0xff,0xff,0xff,0xff,
  0xff,0xff,0xe4,0x00,0x00,0x00,0x00,0x00,0x00,0x7f,0xff,0xff,0xff,0xff,0xff,0xff,0xff,0xff,0xff,0xff,0xfe,0x8e,0xff,0xff,
  0xff,0xff,0xe4,0x00,0x00,0x00,0x00,0x00,0x00,0x00,0x61,0xef,0xff,0xff,0xff,0xff,0xff,0xff,0xff,0xf2,0x5a,0x34,0xff,0xff,
  0xff,0xff,0xe4,0x00,0x00,0x00,0x00,0x00,0x00,0x00,0x00,0x14,0x79,0xc7,0xec,0xf9,0xe5,0xba,0x73,0x15,0x00,0x34,0xff,0xff,
  0xff,0xff,0xe4,0x00,0x00,0x00,0x00,0x00,0x00,0x00,0x00,0x13,0x6f,0xb9,0xe1,0xf8,0xf0,0xda,0xa9,0x60,0x0a,0x00,0x00,0x00,
  0x00,0x00,0x00,0x00,0x00,0x00,0x00,0x00,0x71,0xf0,0xff,0xff,0xff,0xff,0xff,0xff,0xff,0xff,0xe6,0x5f,0x00,0x00,0x00,0x00,
  0x00,0x00,0x00,0x00,0x05,0xa3,0xff,0xff,0xff,0xff,0xff,0xff,0xff,0xff,0xff,0xff,0xff,0xff,0x8e,0x01,0x00,0x00,0x00,0x00,
  0x00,0x00,0x8f,0xff,0xff,0xff,0xff,0xff,0xff,0xff,0xff,0xff,0xff,0xff,0xff,0xff,0xff,0x75,0x00,0x00,0x00,0x00,0x00,0x42,
  0xff,0xff,0xff,0xff,0xff,0xe6,0x5d,0x12,0x0a,0x47,0xd2,0xff,0xff,0xff,0xff,0xf9,0x29,0x00,0x00,0x00,0x00,0xbe,0xff,0xff,
  0xff,0xff,0xee,0x22,0x00,0x00,0x00,0x00,0x0d,0xd5,0xff,0xff,0xff,0xff,0x96,0x00,0x00,0x00,0x21,0xff,0xff,0xff,0xff,0xff,
  0x75,0x00,0x00,0x00,0x00,0x00,0x00,0x4a,0xff,0xff,0xff,0xff,0xf1,0x08,0x00,0x00,0x60,0xff,0xff,0xff,0xff,0xff,0x26,0x00,
  0x00,0x00,0x00,0x00,0x00,0x05,0xf6,0xff,0xff,0xff,0xff,0x36,0x00,0x00,0x92,0xff,0xff,0xff,0xff,0xff,0x06,0x00,0x00,0x00,
  0x00,0x00,0x00,0x00,0xd7,0xff,0xff,0xff,0xff,0x67,0x00,0x00,0xa7,0xff,0xff,0xff,0xff,0xff,0xff,0xff,0xff,0xff,0xff,0xff,
  0xff,0xff,0xff,0xff,0xff,0xff,0xff,0x89,0x00,0x00,0xb7,0xff,0xff,0xff,0xff,0xff,0xff,0xff,0xff,0xff,0xff,0xff,0xff,0xff,
  0xff,0xff,0xff,0xff,0xff,0x94,0x00,0x00,0xaf,0xff,0xff,0xff,0xff,0xff,0xff,0xff,0xff,0xff,0xff,0xff,0xff,0xff,0xff,0xff,
  0xff,0xff,0xff,0x9e,0x00,0x00,0x9c,0xff,0xff,0xff,0xff,0xef,0x00,0x00,0x00,0x00,0x00,0x00,0x00,0x00,0x00,0x00,0x00,0x00,
  0x00,0x00,0x00,0x00,0x6e,0xff,0xff,0xff,0xff,0xff,0x18,0x00,0x00,0x00,0x00,0x00,0x00,0x00,0x00,0x00,0x00,0x00,0x00,0x00,
  0x00,0x00,0x31,0xff,0xff,0xff,0xff,0xff,0x70,0x00,0x00,0x00,0x00,0x00,0x00,0x00,0x00,0x00,0x00,0x00,0x00,0x00,0x00,0x00,
  0x00,0xd3,0xff,0xff,0xff,0xff,0xef,0x27,0x00,0x00,0x00,0x00,0x00,0x6b,0xe3,0xb4,0x85,0x56,0x27,0x02,0x00,0x00,0x00,0x59,
  0xff,0xff,0xff,0xff,0xff,0xed,0x6b,0x1a,0x06,0x21,0x7d,0xfb,0xff,0xff,0xff,0xff,0xf8,0x1e,0x00,0x00,0x00,0x00,0xb3,0xff,
  0xff,0xff,0xff,0xff,0xff,0xff,0xff,0xff,0xff,0xff,0xff,0xff,0xff,0xff,0x7a,0x00,0x00,0x00,0x00,0x00,0x09,0xbe,0xff,0xff,
  0xff,0xff,0xff,0xff,0xff,0xff,0xff,0xff,0xff,0xff,0xff,0x9b,0x01,0x00,0x00,0x00,0x00,0x00,0x00,0x08,0x7e,0xf5,0xff,0xff,
  0xff,0xff,0xff,0xff,0xff,0xff,0xff,0xeb,0x65,0x00,0x00,0x00,0x00,0x00,0x00,0x00,0x00,0x00,0x00,0x18,0x68,0xb2,0xd9,0xef,
  0xfc,0xf1,0xd6,0xa7,0x5e,0x0a,0x00,0x00,0x00,0x00,0x00,0x00,0x00,0x00,0x00,0x00,0x03,0x58,0xb0,0xde,0xf5,0xf4,0xe2,0xc4,
  0x8c,0x2e,0x00,0x00,0x00,0x00,0x18,0xc5,0xff,0xff,0xff,0xff,0xff,0xff,0xff,0xff,0x53,0x00,0x00,0x00,0x00,0xba,0xff,0xff,
  0xff,0xff,0xff,0xff,0xff,0xff,0xff,0x1f,0x00,0x00,0x00,0x2a,0xff,0xff,0xff,0xff,0xff,0xff,0xff,0xff,0xff,0xea,0x00,0x00,
  0x00,0x00,0x5c,0xff,0xff,0xff,0xff,0xff,0xa8,0x1b,0x05,0x19,0x31,0x00,0x00,0x00,0x00,0x74,0xff,0xff,0xff,0xff,0xff,0x21,
  0x00,0x00,0x00,0x00,0x00,0x00,0x00,0x00,0x7b,0xff,0xff,0xff,0xff,0xff,0x04,0x00,0x00,0x00,0x00,0x00,0x00,0x00,0x00,0x7c,
  0xff,0xff,0xff,0xff,0xff,0x00,0x00,0x00,0x00,0x00,0x00,0x88,0xff,0xff,0xff,0xff,0xff,0xff,0xff,0xff,0xff,0xff,0xff,0xff,
  0x1c,0x00,0x88,0xff,0xff,0xff,0xff,0xff,0xff,0xff,0xff,0xff,0xff,0xff,0xff,0x1c,0x00,0x88,0xff,0xff,0xff,0xff,0xff,0xff,
  0xff,0xff,0xff,0xff,0xff,0xff,0x1c,0x00,0x88,0xff,0xff,0xff,0xff,0xff,0xff,0xff,0xff,0xff,0xff,0xff,0xff,0x1c,0x00,0x00,
  0x00,0x00,0x7c,0xff,0xff,0xff,0xff,0xff,0x00,0x00,0x00,0x00,0x00,0x00,0x00,0x00,0x00,0x7c,0xff,0xff,0xff,0xff,0xff,0x00,
  0x00,0x00,0x00,0x00,0x00,0x00,0x00,0x00,0x7c,0xff,0xff,0xff,0xff,0xff,0x00,0x00,0x00,0x00,0x00,0x00,0x00,0x00,0x00,0x7c,
  0xff,0xff,0xff,0xff,0xff,0x00,0x00,0x00,0x00,0x00,0x00,0x00,0x00,0x00,0x7c,0xff,0xff,0xff,0xff,0xff,0x00,0x00,0x00,0x00,
  0x00,0x00,0x00,0x00,0x00,0x7c,0xff,0xff,0xff,0xff,0xff,0x00,0x00,0x00,0x00,0x00,0x00,0x00,0x00,0x00,0x7c,0xff,0xff,0xff,
  0xff,0xff,0x00,0x00,0x00,0x00,0x00,0x00,0x00,0x00,0x00,0x7c,0xff,0xff,0xff,0xff,0xff,0x00,0x00,0x00,0x00,0x00,0x00,0x00,
  0x00,0x00,0x7c,0xff,0xff,0xff,0xff,0xff,0x00,0x00,0x00,0x00,0x00,0x00,0x00,0x00,0x00,0x7c,0xff,0xff,0xff,0xff,0xff,0x00,
  0x00,0x00,0x00,0x00,0x00,0x00,0x00,0x00,0x7c,0xff,0xff,0xff,0xff,0xff,0x00,0x00,0x00,0x00,0x00,0x00,0x00,0x00,0x00,0x7c,
  0xff,0xff,0xff,0xff,0xff,0x00,0x00,0x00,0x00,0x00,0x00,0x00,0x00,0x00,0x7c,0xff,0xff,0xff,0xff,0xff,0x00,0x00,0x00,0x00,
  0x00,0x00,0x00,0x00,0x00,0x7c,0xff,0xff,0xff,0xff,0xff,0x00,0x00,0x00,0x00,0x00,0x00,0x00,0x00,0x00,0x7c,0xff,0xff,0xff,
  0xff,0xff,0x00,0x00,0x00,0x00,0x00,0x00,0x00,0x00,0x00,0x7c,0xff,0xff,0xff,0xff,0xff,0x00,0x00,0x00,0x00,0x00,0x00,0x00,
  0x00,0x00,0x7c,0xff,0xff,0xff,0xff,0xff,0x00,0x00,0x00,0x00,0x00,0x00,0x00,0x00,0x00,0x00,0x00,0x00,0x19,0x7c,0xc7,0xe9,
  0xf8,0xe0,0xb0,0x55,0x03,0x00,0x44,0xff,0xff,0xff,0xff,0xe0,0x00,0x00,0x00,0x00,0x00,0x00,0x00,0x70,0xf3,0xff,0xff,0xff,
  0xff,0xff,0xff,0xff,0xc7,0x24,0x44,0xff,0xff,0xff,0xff,0xe0,0x00,0x00,0x00,0x00,0x00,0x00,0x95,0xff,0xff,0xff,0xff,0xff,
  0xff,0xff,0xff,0xff,0xff,0xe7,0x68,0xff,0xff,0xff,0xff,0xe0,0x00,0x00,0x00,0x00,0x00,0x6a,0xff,0xff,0xff,0xff,0xff,0xff,
  0xff,0xff,0xff,0xff,0xff,0xff,0xfa,0xff,0xff,0xff,0xff,0xe0,0x00,0x00,0x00,0x00,0x17,0xf6,0xff,0xff,0xff,0xff,0xff,0xb9,
  0x3a,0x09,0x14,0x5f,0xe5,0xff,0xff,0xff,0xff,0xff,0xff,0xe0,0x00,0x00,0x00,0x00,0x7f,0xff,0xff,0xff,0xff,0xff,0xa8,0x02,
  0x00,0x00,0x00,0x00,0x1c,0xe2,0xff,0xff,0xff,0xff,0xff,0xe0,0x00,0x00,0x00,0x00,0xd5,0xff,0xff,0xff,0xff,0xf1,0x11,0x00,
  0x00,0x00,0x00,0x00,0x00,0x51,0xff,0xff,0xff,0xff,0xff,0xe0,0x00,0x00,0x00,0x0f,0xfe,0xff,0xff,0xff,0xff,0xa1,0x00,0x00,
  0x00,0x00,0x00,0x00,0x00,0x03,0xe8,0xff,0xff,0xff,0xff,0xe0,0x00,0x00,0x00,0x38,0xff,0xff,0xff,0xff,0xff,0x6a,0x00,0x00,
  0x00,0x00,0x00,0x00,0x00,0x00,0xb2,0xff,0xff,0xff,0xff,0xe0,0x00,0x00,0x00,0x4a,0xff,0xff,0xff,0xff,0xff,0x4f,0x00,0x00,
  0x00,0x00,0x00,0x00,0x00,0x00,0x93,0xff,0xff,0xff,0xff,0xe0,0x00,0x00,0x00,0x57,0xff,0xff,0xff,0xff,0xff,0x47,0x00,0x00,
  0x00,0x00,0x00,0x00,0x00,0x00,0x87,0xff,0xff,0xff,0xff,0xe0,0x00,0x00,0x00,0x4f,0xff,0xff,0xff,0xff,0xff,0x51,0x00,0x00,
  0x00,0x00,0x00,0x00,0x00,0x00,0x93,0xff,0xff,0xff,0xff,0xe0,0x00,0x00,0x00,0x3c,0xff,0xff,0xff,0xff,0xff,0x6d,0x00,0x00,
  0x00,0x00,0x00,0x00,0x00,0x00,0xb1,0xff,0xff,0xff,0xff,0xe0,0x00,0x00,0x00,0x10,0xff,0xff,0xff,0xff,0xff,0xa4,0x00,0x00,
  0x00,0x00,0x00,0x00,0x00,0x04,0xea,0xff,0xff,0xff,0xff,0xe0,0x00,0x00,0x00,0x00,0xd5,0xff,0xff,0xff,0xff,0xf2,0x10,0x00,
  0x00,0x00,0x00,0x00,0x00,0x5a,0xff,0xff,0xff,0xff,0xff,0xe0,0x00,0x00,0x00,0x00,0x7c,0xff,0xff,0xff,0xff,0xff,0xa5,0x01,
  0x00,0x00,0x00,0x00,0x25,0xea,0xff,0xff,0xff,0xff,0xff,0xe0,0x00,0x00,0x00,0x00,0x15,0xf0,0xff,0xff,0xff,0xff,0xff,0xb5,
  0x35,0x07,0x18,0x69,0xec,0xff,0xff,0xff,0xff,0xff,0xff,0xe0,0x00,0x00,0x00,0x00,0x00,0x6a,0xff,0xff,0xff,0xff,0xff,0xff,
  0xff,0xff,0xff,0xff,0xff,0xff,0xff,0xff,0xff,0xff,0xff,0xe0,0x00,0x00,0x00,0x00,0x00,0x00,0x95,0xff,0xff,0xff,0xff,0xff,
  0xff,0xff,0xff,0xff,0xff,0xc8,0xaa,0xff,0xff,0xff,0xff,0xdf,0x00,0x00,0x00,0x00,0x00,0x00,0x02,0x78,0xfa,0xff,0xff,0xff,
  0xff,0xff,0xff,0xff,0xa7,0x0f,0x9c,0xff,0xff,0xff,0xff,0xda,0x00,0x00,0x00,0x00,0x00,0x00,0x00,0x00,0x24,0x86,0xcf,0xed,
  0xf6,0xdb,0x9f,0x3f,0x00,0x00,0x9c,0xff,0xff,0xff,0xff,0xcf,0x00,0x00,0x00,0x00,0x00,0x00,0x00,0x00,0x00,0x00,0x00,0x00,
  0x00,0x00,0x00,0x00,0x00,0x00,0xa1,0xff,0xff,0xff,0xff,0xbb,0x00,0x00,0x00,0x00,0x00,0x00,0x00,0x00,0x00,0x00,0x00,0x00,
  0x00,0x00,0x00,0x00,0x00,0x00,0xb9,0xff,0xff,0xff,0xff,0x99,0x00,0x00,0x00,0x00,0x9b,0xd1,0xa8,0x7f,0x56,0x2e,0x08,0x00,
  0x00,0x00,0x00,0x00,0x00,0x22,0xf7,0xff,0xff,0xff,0xff,0x62,0x00,0x00,0x00,0x00,0x87,0xff,0xff,0xff,0xff,0xff,0xe5,0x46,
  0x12,0x04,0x06,0x20,0x5f,0xe1,0xff,0xff,0xff,0xff,0xf4,0x11,0x00,0x00,0x00,0x00,0x30,0xfe,0xff,0xff,0xff,0xff,0xff,0xff,
  0xff,0xff,0xff,0xff,0xff,0xff,0xff,0xff,0xff,0xff,0x8b,0x00,0x00,0x00,0x00,0x00,0x00,0x7f,0xff,0xff,0xff,0xff,0xff,0xff,
  0xff,0xff,0xff,0xff,0xff,0xff,0xff,0xff,0xff,0xc5,0x06,0x00,0x00,0x00,0x00,0x00,0x00,0x00,0x65,0xea,0xff,0xff,0xff,0xff,
  0xff,0xff,0xff,0xff,0xff,0xff,0xff,0xf8,0x8f,0x08,0x00,0x00,0x00,0x00,0x00,0x00,0x00,0x00,0x00,0x0b,0x54,0x98,0xc2,0xe3,
  0xf1,0xfb,0xf9,0xeb,0xd9,0xaa,0x70,0x15,0x00,0x00,0x00,0x00,0x00,0x00,0x00,0x00,0x24,0xff,0xff,0xff,0xff,0xff,0x58,0x00,
  0x00,0x00,0x00,0x00,0x00,0x00,0x00,0x00,0x00,0x00,0x00,0x00,0x00,0x00,0x00,0x00,0x24,0xff,0xff,0xff,0xff,0xff,0x58,0x00,
  0x00,0x00,0x00,0x00,0x00,0x00,0x00,0x00,0x00,0x00,0x00,0x00,0x00,0x00,0x00,0x00,0x24,0xff,0xff,0xff,0xff,0xff,0x58,0x00,
  0x00,0x00,0x00,0x00,0x00,0x00,0x00,0x00,0x00,0x00,0x00,0x00,0x00,0x00,0x00,0x00,0x24,0xff,0xff,0xff,0xff,0xff,0x58,0x00,
  0x00,0x00,0x00,0x00,0x00,0x00,0x00,0x00,0x00,0x00,0x00,0x00,0x00,0x00,0x00,0x00,0x24,0xff,0xff,0xff,0xff,0xff,0x58,0x00,
  0x00,0x00,0x00,0x00,0x00,0x00,0x00,0x00,0x00,0x00,0x00,0x00,0x00,0x00,0x00,0x00,0x24,0xff,0xff,0xff,0xff,0xff,0x58,0x00,
  0x00,0x00,0x00,0x00,0x00,0x00,0x00,0x00,0x00,0x00,0x00,0x00,0x00,0x00,0x00,0x00,0x24,0xff,0xff,0xff,0xff,0xff,0x58,0x00,
  0x00,0x00,0x00,0x00,0x00,0x00,0x00,0x00,0x00,0x00,0x00,0x00,0x00,0x00,0x00,0x00,0x24,0xff,0xff,0xff,0xff,0xff,0x58,0x00,
  0x00,0x00,0x00,0x00,0x00,0x00,0x00,0x00,0x00,0x00,0x00,0x00,0x00,0x00,0x00,0x00,0x24,0xff,0xff,0xff,0xff,0xff,0x58,0x00,
  0x02,0x55,0xac,0xdf,0xf8,0xeb,0xca,0x7d,0x1a,0x00,0x00,0x00,0x00,0x00,0x00,0x00,0x24,0xff,0xff,0xff,0xff,0xff,0x58,0x2b,
  0xca,0xff,0xff,0xff,0xff,0xff,0xff,0xff,0xf3,0x66,0x00,0x00,0x00,0x00,0x00,0x00,0x24,0xff,0xff,0xff,0xff,0xff,0x92,0xef,
  0xff,0xff,0xff,0xff,0xff,0xff,0xff,0xff,0xff,0xff,0x5b,0x00,0x00,0x00,0x00,0x00,0x24,0xff,0xff,0xff,0xff,0xff,0xff,0xff,
  0xff,0xff,0xff,0xff,0xff,0xff,0xff,0xff,0xff,0xff,0xea,0x0a,0x00,0x00,0x00,0x00,0x24,0xff,0xff,0xff,0xff,0xff,0xff,0xff,
  0xab,0x39,0x0c,0x13,0x61,0xf0,0xff,0xff,0xff,0xff,0xff,0x54,0x00,0x00,0x00,0x00,0x24,0xff,0xff,0xff,0xff,0xff,0xff,0x8e,
  0x00,0x00,0x00,0x00,0x00,0x4c,0xff,0xff,0xff,0xff,0xff,0x8c,0x00,0x00,0x00,0x00,0x24,0xff,0xff,0xff,0xff,0xff,0xe9,0x0a,
  0x00,0x00,0x00,0x00,0x00,0x01,0xf0,0xff,0xff,0xff,0xff,0xa7,0x00,0x00,0x00,0x00,0x24,0xff,0xff,0xff,0xff,0xff,0x9e,0x00,
  0x00,0x00,0x00,0x00,0x00,0x00,0xd4,0xff,0xff,0xff,0xff,0xb4,0x00,0x00,0x00,0x00,0x24,0xff,0xff,0xff,0xff,0xff,0x74,0x00,
  0x00,0x00,0x00,0x00,0x00,0x00,0xc7,0xff,0xff,0xff,0xff,0xba,0x00,0x00,0x00,0x00,0x24,0xff,0xff,0xff,0xff,0xff,0x60,0x00,
  0x00,0x00,0x00,0x00,0x00,0x00,0xc2,0xff,0xff,0xff,0xff,0xbc,0x00,0x00,0x00,0x00,0x24,0xff,0xff,0xff,0xff,0xff,0x58,0x00,
  0x00,0x00,0x00,0x00,0x00,0x00,0xc0,0xff,0xff,0xff,0xff,0xbc,0x00,0x00,0x00,0x00,0x24,0xff,0xff,0xff,0xff,0xff,0x58,0x00,
  0x00,0x00,0x00,0x00,0x00,0x00,0xc0,0xff,0xff,0xff,0xff,0xbc,0x00,0x00,0x00,0x00,0x24,0xff,0xff,0xff,0xff,0xff,0x58,0x00,
  0x00,0x00,0x00,0x00,0x00,0x00,0xc0,0xff,0xff,0xff,0xff,0xbc,0x00,0x00,0x00,0x00,0x24,0xff,0xff,0xff,0xff,0xff,0x58,0x00,
  0x00,0x00,0x00,0x00,0x00,0x00,0xc0,0xff,0xff,0xff,0xff,0xbc,0x00,0x00,0x00,0x00,0x24,0xff,0xff,0xff,0xff,0xff,0x58,0x00,
  0x00,0x00,0x00,0x00,0x00,0x00,0xc0,0xff,0xff,0xff,0xff,0xbc,0x00,0x00,0x00,0x00,0x24,0xff,0xff,0xff,0xff,0xff,0x58,0x00,
  0x00,0x00,0x00,0x00,0x00,0x00,0xc0,0xff,0xff,0xff,0xff,0xbc,0x00,0x00,0x00,0x00,0x24,0xff,0xff,0xff,0xff,0xff,0x58,0x00,
  0x00,0x00,0x00,0x00,0x00,0x00,0xc0,0xff,0xff,0xff,0xff,0xbc,0x00,0x00,0x00,0x00,0x24,0xff,0xff,0xff,0xff,0xff,0x58,0x00,
  0x00,0x00,0x00,0x00,0x00,0x00,0xc0,0xff,0xff,0xff,0xff,0xbc,0x00,0x00,0x00,0x00,0x24,0xff,0xff,0xff,0xff,0xff,0x58,0x00,
  0x00,0x00,0x00,0x00,0x00,0x00,0xc0,0xff,0xff,0xff,0xff,0xbc,0x00,0x00,0x00,0x00,0x24,0xff,0xff,0xff,0xff,0xff,0x58,0x00,
  0x00,0x00,0x00,0x00,0x00,0x00,0xc0,0xff,0xff,0xff,0xff,0xbc,0x00,0x00,0x00,0x00,0x24,0xff,0xff,0xff,0xff,0xff,0x58,0x00,
  0x00,0x00,0x00,0x00,0x00,0x00,0xc0,0xff,0xff,0xff,0xff,0xbc,0x00,0x00,0x00,0x00,0x20,0xff,0xff,0xff,0xff,0xff,0x5c,0x00,
  0x00,0x00,0x00,0x20,0xff,0xff,0xff,0xff,0xff,0x5c,0x00,0x00,0x00,0x00,0x20,0xff,0xff,0xff,0xff,0xff,0x5c,0x00,0x00,0x00,
  0x00,0x20,0xff,0xff,0xff,0xff,0xff,0x5c,0x00,0x00,0x00,0x00,0x00,0x00,0x00,0x00,0x00,0x00,0x00,0x00,0x00,0x00,0x00,0x00,
  0x00,0x00,0x00,0x00,0x00,0x00,0x00,0x00,0x00,0x00,0x00,0x00,0x00,0x00,0x00,0x00,0x00,0x00,0x00,0x00,0x00,0x00,0x00,0x00,
  0x00,0x00,0x00,0x00,0x00,0x00,0x00,0x00,0x20,0xff,0xff,0xff,0xff,0xff,0x5c,0x00,0x00,0x00,0x00,0x20,0xff,0xff,0xff,0xff,
  0xff,0x5c,0x00,0x00,0x00,0x00,0x20,0xff,0xff,0xff,0xff,0xff,0x5c,0x00,0x00,0x00,0x00,0x20,0xff,0xff,0xff,0xff,0xff,0x5c,
  0x00,0x00,0x00,0x00,0x20,0xff,0xff,0xff,0xff,0xff,0x5c,0x00,0x00,0x00,0x00,0x20,0xff,0xff,0xff,0xff,0xff,0x5c,0x00,0x00,
  0x00,0x00,0x20,0xff,0xff,0xff,0xff,0xff,0x5c,0x00,0x00,0x00,0x00,0x20,0xff,0xff,0xff,0xff,0xff,0x5c,0x00,0x00,0x00,0x00,
  0x20,0xff,0xff,0xff,0xff,0xff,0x5c,0x00,0x00,0x00,0x00,0x20,0xff,0xff,0xff,0xff,0xff,0x5c,0x00,0x00,0x00,0x00,0x20,0xff,
  0xff,0xff,0xff,0xff,0x5c,0x00,0x00,0x00,0x00,0x20,0xff,0xff,0xff,0xff,0xff,0x5c,0x00,0x00,0x00,0x00,0x20,0xff,0xff,0xff,
  0xff,0xff,0x5c,0x00,0x00,0x00,0x00,0x20,0xff,0xff,0xff,0xff,0xff,0x5c,0x00,0x00,0x00,0x00,0x20,0xff,0xff,0xff,0xff,0xff,
  0x5c,0x00,0x00,0x00,0x00,0x20,0xff,0xff,0xff,0xff,0xff,0x5c,0x00,0x00,0x00,0x00,0x20,0xff,0xff,0xff,0xff,0xff,0x5c,0x00,
  0x00,0x00,0x00,0x20,0xff,0xff,0xff,0xff,0xff,0x5c,0x00,0x00,0x00,0x00,0x20,0xff,0xff,0xff,0xff,0xff,0x5c,0x00,0x00,0x00,
  0x00,0x20,0xff,0xff,0xff,0xff,0xff,0x5c,0x00,0x00,0x00,0x00,0x20,0xff,0xff,0xff,0xff,0xff,0x5c,0x00,0x00,0x00,0x00,0x00,
  0x00,0x40,0xff,0xff,0xff,0xff,0xff,0x40,0x00,0x00,0x00,0x00,0x00,0x00,0x40,0xff,0xff,0xff,0xff,0xff,0x40,0x00,0x00,0x00,
  0x00,0x00,0x00,0x40,0xff,0xff,0xff,0xff,0xff,0x40,0x00,0x00,0x00,0x00,0x00,0x00,0x40,0xff,0xff,0xff,0xff,0xff,0x40,0x00,
  0x00,0x00,0x00,0x00,0x00,0x00,0x00,0x00,0x00,0x00,0x00,0x00,0x00,0x00,0x00,0x00,0x00,0x00,0x00,0x00,0x00,0x00,0x00,0x00,
  0x00,0x00,0x00,0x00,0x00,0x00,0x00,0x00,0x00,0x00,0x00,0x00,0x00,0x00,0x00,0x00,0x00,0x00,0x00,0x00,0x00,0x00,0x00,0x00,
  0x00,0x00,0x00,0x00,0x00,0x00,0x00,0x00,0x00,0x40,0xff,0xff,0xff,0xff,0xff,0x40,0x00,0x00,0x00,0x00,0x00,0x00,0x40,0xff,
  0xff,0xff,0xff,0xff,0x40,0x00,0x00,0x00,0x00,0x00,0x00,0x40,0xff,0xff,0xff,0xff,0xff,0x40,0x00,0x00,0x00,0x00,0x00,0x00,
  0x40,0xff,0xff,0xff,0xff,0xff,0x40,0x00,0x00,0x00,0x00,0x00,0x00,0x40,0xff,0xff,0xff,0xff,0xff,0x40,0x00,0x00,0x00,0x00,
  0x00,0x00,0x40,0xff,0xff,0xff,0xff,0xff,0x40,0x00,0x00,0x00,0x00,0x00,0x00,0x40,0xff,0xff,0xff,0xff,0xff,0x40,0x00,0x00,
  0x00,0x00,0x00,0x00,0x40,0xff,0xff,0xff,0xff,0xff,0x40,0x00,0x00,0x00,0x00,0x00,0x00,0x40,0xff,0xff,0xff,0xff,0xff,0x40,
  0x00,0x00,0x00,0x00,0x00,0x00,0x40,0xff,0xff,0xff,0xff,0xff,0x40,0x00,0x00,0x00,0x00,0x00,0x00,0x40,0xff,0xff,0xff,0xff,
  0xff,0x40,0x00,0x00,0x00,0x00,0x00,0x00,0x40,0xff,0xff,0xff,0xff,0xff,0x40,0x00,0x00,0x00,0x00,0x00,0x00,0x40,0xff,0xff,
  0xff,0xff,0xff,0x40,0x00,0x00,0x00,0x00,0x00,0x00,0x40,0xff,0xff,0xff,0xff,0xff,0x40,0x00,0x00,0x00,0x00,0x00,0x00,0x40,
  0xff,0xff,0xff,0xff,0xff,0x40,0x00,0x00,0x00,0x00,0x00,0x00,0x40,0xff,0xff,0xff,0xff,0xff,0x40,0x00,0x00,0x00,0x00,0x00,
  0x00,0x40,0xff,0xff,0xff,0xff,0xff,0x40,0x00,0x00,0x00,0x00,0x00,0x00,0x40,0xff,0xff,0xff,0xff,0xff,0x40,0x00,0x00,0x00,
  0x00,0x00,0x00,0x40,0xff,0xff,0xff,0xff,0xff,0x40,0x00,0x00,0x00,0x00,0x00,0x00,0x40,0xff,0xff,0xff,0xff,0xff,0x3f,0x00,
  0x00,0x00,0x00,0x00,0x00,0x40,0xff,0xff,0xff,0xff,0xff,0x3d,0x00,0x00,0x00,0x00,0x00,0x00,0x43,0xff,0xff,0xff,0xff,0xff,
  0x38,0x00,0x00,0x00,0x00,0x00,0x00,0x4a,0xff,0xff,0xff,0xff,0xff,0x2c,0x00,0x00,0x00,0x00,0x00,0x00,0x66,0xff,0xff,0xff,
  0xff,0xff,0x18,0x00,0x00,0x00,0x18,0x06,0x39,0xe0,0xff,0xff,0xff,0xff,0xf5,0x01,0x00,0x00,0x10,0xfd,0xff,0xff,0xff,0xff,
  0xff,0xff,0xff,0xb8,0x00,0x00,0x00,0x50,0xff,0xff,0xff,0xff,0xff,0xff,0xff,0xff,0x3d,0x00,0x00,0x00,0x93,0xff,0xff,0xff,
  0xff,0xff,0xff,0xfd,0x6b,0x00,0x00,0x00,0x00,0x7b,0xc6,0xe8,0xf8,0xf2,0xd6,0x98,0x2f,0x00,0x00,0x00,0x00,0x00,0x00,0x00,
  0x54,0xff,0xff,0xff,0xff,0xff,0x2c,0x00,0x00,0x00,0x00,0x00,0x00,0x00,0x00,0x00,0x00,0x00,0x00,0x00,0x00,0x00,0x54,0xff,
  0xff,0xff,0xff,0xff,0x2c,0x00,0x00,0x00,0x00,0x00,0x00,0x00,0x00,0x00,0x00,0x00,0x00,0x00,0x00,0x00,0x54,0xff,0xff,0xff,
  0xff,0xff,0x2c,0x00,0x00,0x00,0x00,0x00,0x00,0x00,0x00,0x00,0x00,0x00,0x00,0x00,0x00,0x00,0x54,0xff,0xff,0xff,0xff,0xff,
  0x2c,0x00,0x00,0x00,0x00,0x00,0x00,0x00,0x00,0x00,0x00,0x00,0x00,0x00,0x00,0x00,0x54,0xff,0xff,0xff,0xff,0xff,0x2c,0x00,
  0x00,0x00,0x00,0x00,0x00,0x00,0x00,0x00,0x00,0x00,0x00,0x00,0x00,0x00,0x54,0xff,0xff,0xff,0xff,0xff,0x2c,0x00,0x00,0x00,
  0x00,0x00,0x00,0x00,0x00,0x00,0x00,0x00,0x00,0x00,0x00,0x00,0x54,0xff,0xff,0xff,0xff,0xff,0x2c,0x00,0x00,0x00,0x00,0x00,
  0x00,0x00,0x00,0x00,0x00,0x00,0x00,0x00,0x00,0x00,0x54,0xff,0xff,0xff,0xff,0xff,0x2c,0x00,0x00,0x00,0x00,0x00,0x00,0x00,
  0x00,0x00,0x00,0x00,0x00,0x00,0x00,0x00,0x54,0xff,0xff,0xff,0xff,0xff,0x2c,0x00,0x00,0x00,0x00,0x0b,0xcc,0xff,0xff,0xff,
  0xff,0xff,0xd1,0x10,0x00,0x00,0x54,0xff,0xff,0xff,0xff,0xff,0x2c,0x00,0x00,0x00,0x03,0xb2,0xff,0xff,0xff,0xff,0xff,0xdc,
  0x18,0x00,0x00,0x00,0x54,0xff,0xff,0xff,0xff,0xff,0x2c,0x00,0x00,0x00,0x93,0xff,0xff,0xff,0xff,0xff,0xe7,0x22,0x00,0x00,
  0x00,0x00,0x54,0xff,0xff,0xff,0xff,0xff,0x2c,0x00,0x00,0x73,0xff,0xff,0xff,0xff,0xff,0xef,0x2d,0x00,0x00,0x00,0x00,0x00,
  0x54,0xff,0xff,0xff,0xff,0xff,0x2c,0x00,0x53,0xfd,0xff,0xff,0xff,0xff,0xf6,0x3b,0x00,0x00,0x00,0x00,0x00,0x00,0x54,0xff,
  0xff,0xff,0xff,0xff,0x2c,0x38,0xf6,0xff,0xff,0xff,0xff,0xfa,0x4a,0x00,0x00,0x00,0x00,0x00,0x00,0x00,0x54,0xff,0xff,0xff,
  0xff,0xff,0x4f,0xea,0xff,0xff,0xff,0xff,0xfe,0x5a,0x00,0x00,0x00,0x00,0x00,0x00,0x00,0x00,0x54,0xff,0xff,0xff,0xff,0xff,
  0xef,0xff,0xff,0xff,0xff,0xff,0x80,0x00,0x00,0x00,0x00,0x00,0x00,0x00,0x00,0x00,0x54,0xff,0xff,0xff,0xff,0xff,0xff,0xff,
  0xff,0xff,0xff,0xff,0xbc,0x00,0x00,0x00,0x00,0x00,0x00,0x00,0x00,0x00,0x54,0xff,0xff,0xff,0xff,0xff,0xff,0xff,0xff,0xff,
  0xff,0xff,0xff,0x4e,0x00,0x00,0x00,0x00,0x00,0x00,0x00,0x00,0x54,0xff,0xff,0xff,0xff,0xff,0xff,0xff,0xff,0xff,0xff,0xff,
  0xff,0xda,0x05,0x00,0x00,0x00,0x00,0x00,0x00,0x00,0x54,0xff,0xff,0xff,0xff,0xff,0xff,0xff,0xd6,0xff,0xff,0xff,0xff,0xff,
  0x72,0x00,0x00,0x00,0x00,0x00,0x00,0x00,0x54,0xff,0xff,0xff,0xff,0xff,0xff,0xc6,0x0b,0xbf,0xff,0xff,0xff,0xff,0xef,0x14,
  0x00,0x00,0x00,0x00,0x00,0x00,0x54,0xff,0xff,0xff,0xff,0xff,0xd3,0x11,0x00,0x33,0xfe,0xff,0xff,0xff,0xff,0x96,0x00,0x00,
  0x00,0x00,0x00,0x00,0x54,0xff,0xff,0xff,0xff,0xff,0x35,0x00,0x00,0x00,0xa5,0xff,0xff,0xff,0xff,0xfc,0x2b,0x00,0x00,0x00,
  0x00,0x00,0x54,0xff,0xff,0xff,0xff,0xff,0x2c,0x00,0x00,0x00,0x1f,0xf8,0xff,0xff,0xff,0xff,0xb9,0x00,0x00,0x00,0x00,0x00,
  0x54,0xff,0xff,0xff,0xff,0xff,0x2c,0x00,0x00,0x00,0x00,0x8b,0xff,0xff,0xff,0xff,0xff,0x4b,0x00,0x00,0x00,0x00,0x54,0xff,
  0xff,0xff,0xff,0xff,0x2c,0x00,0x00,0x00,0x00,0x10,0xed,0xff,0xff,0xff,0xff,0xd8,0x04,0x00,0x00,0x00,0x54,0xff,0xff,0xff,
  0xff,0xff,0x2c,0x00,0x00,0x00,0x00,0x00,0x71,0xff,0xff,0xff,0xff,0xff,0x6f,0x00,0x00,0x00,0x54,0xff,0xff,0xff,0xff,0xff,
  0x2c,0x00,0x00,0x00,0x00,0x00,0x06,0xdd,0xff,0xff,0xff,0xff,0xee,0x12,0x00,0x00,0x54,0xff,0xff,0xff,0xff,0xff,0x2c,0x00,
  0x00,0x00,0x00,0x00,0x00,0x57,0xff,0xff,0xff,0xff,0xff,0x93,0x00,0x00,0x20,0xff,0xff,0xff,0xff,0xff,0x5c,0x00,0x00,0x00,
  0x00,0x20,0xff,0xff,0xff,0xff,0xff,0x5c,0x00,0x00,0x00,0x00,0x20,0xff,0xff,0xff,0xff,0xff,0x5c,0x00,0x00,0x00,0x00,0x20,
  0xff,0xff,0xff,0xff,0xff,0x5c,0x00,0x00,0x00,0x00,0x20,0xff,0xff,0xff,0xff,0xff,0x5c,0x00,0x00,0x00,0x00,0x20,0xff,0xff,
  0xff,0xff,0xff,0x5c,0x00,0x00,0x00,0x00,0x20,0xff,0xff,0xff,0xff,0xff,0x5c,0x00,0x00,0x00,0x00,0x20,0xff,0xff,0xff,0xff,
  0xff,0x5c,0x00,0x00,0x00,0x00,0x20,0xff,0xff,0xff,0xff,0xff,0x5c,0x00,0x00,0x00,0x00,0x20,0xff,0xff,0xff,0xff,0xff,0x5c,
  0x00,0x00,0x00,0x00,0x20,0xff,0xff,0xff,0xff,0xff,0x5c,0x00,0x00,0x00,0x00,0x20,0xff,0xff,0xff,0xff,0xff,0x5c,0x00,0x00,
  0x00,0x00,0x20,0xff,0xff,0xff,0xff,0xff,0x5c,0x00,0x00,0x00,0x00,0x20,0xff,0xff,0xff,0xff,0xff,0x5c,0x00,0x00,0x00,0x00,
  0x20,0xff,0xff,0xff,0xff,0xff,0x5c,0x00,0x00,0x00,0x00,0x20,0xff,0xff,0xff,0xff,0xff,0x5c,0x00,0x00,0x00,0x00,0x20,0xff,
  0xff,0xff,0xff,0xff,0x5c,0x00,0x00,0x00,0x00,0x20,0xff,0xff,0xff,0xff,0xff,0x5c,0x00,0x00,0x00,0x00,0x20,0xff,0xff,0xff,
  0xff,0xff,0x5c,0x00,0x00,0x00,0x00,0x20,0xff,0xff,0xff,0xff,0xff,0x5c,0x00,0x00,0x00,0x00,0x20,0xff,0xff,0xff,0xff,0xff,
  0x5c,0x00,0x00,0x00,0x00,0x20,0xff,0xff,0xff,0xff,0xff,0x5c,0x00,0x00,0x00,0x00,0x20,0xff,0xff,0xff,0xff,0xff,0x5c,0x00,
  0x00,0x00,0x00,0x20,0xff,0xff,0xff,0xff,0xff,0x5c,0x00,0x00,0x00,0x00,0x20,0xff,0xff,0xff,0xff,0xff,0x5c,0x00,0x00,0x00,
  0x00,0x20,0xff,0xff,0xff,0xff,0xff,0x5c,0x00,0x00,0x00,0x00,0x20,0xff,0xff,0xff,0xff,0xff,0x5c,0x00,0x00,0x00,0x00,0x20,
  0xff,0xff,0xff,0xff,0xff,0x5c,0x00,0x00,0x00,0x00,0x20,0xff,0xff,0xff,0xff,0xff,0x5c,0x00,0x00,0x00,0x00,0x88,0xff,0xff,
  0xff,0xff,0x84,0x00,0x00,0x42,0x9b,0xd9,0xf3,0xf1,0xd5,0x8f,0x29,0x00,0x00,0x00,0x00,0x16,0x78,0xc9,0xec,0xf5,0xda,0xab,
  0x49,0x01,0x00,0x00,0x00,0x00,0x00,0x00,0x00,0x88,0xff,0xff,0xff,0xff,0x84,0x1d,0xb8,0xff,0xff,0xff,0xff,0xff,0xff,0xff,
  0xf9,0x6c,0x00,0x00,0x60,0xef,0xff,0xff,0xff,0xff,0xff,0xff,0xff,0xaf,0x0c,0x00,0x00,0x00,0x00,0x00,0x00,0x88,0xff,0xff,
  0xff,0xff,0xb1,0xe6,0xff,0xff,0xff,0xff,0xff,0xff,0xff,0xff,0xff,0xff,0x58,0x7e,0xff,0xff,0xff,0xff,0xff,0xff,0xff,0xff,
  0xff,0xff,0xb3,0x00,0x00,0x00,0x00,0x00,0x00,0x88,0xff,0xff,0xff,0xff,0xff,0xff,0xff,0xff,0xff,0xff,0xff,0xff,0xff,0xff,
  0xff,0xff,0xfb,0xff,0xff,0xff,0xff,0xff,0xff,0xff,0xff,0xff,0xff,0xff,0xff,0x50,0x00,0x00,0x00,0x00,0x00,0x88,0xff,0xff,
  0xff,0xff,0xff,0xff,0xe4,0x60,0x17,0x0b,0x50,0xef,0xff,0xff,0xff,0xff,0xff,0xff,0xff,0xb0,0x34,0x09,0x26,0xb4,0xff,0xff,
  0xff,0xff,0xff,0xaa,0x00,0x00,0x00,0x00,0x00,0x88,0xff,0xff,0xff,0xff,0xff,0xed,0x20,0x00,0x00,0x00,0x00,0x6b,0xff,0xff,
  0xff,0xff,0xff,0xff,0xa4,0x01,0x00,0x00,0x00,0x08,0xeb,0xff,0xff,0xff,0xff,0xd6,0x00,0x00,0x00,0x00,0x00,0x88,0xff,0xff,
  0xff,0xff,0xff,0x7b,0x00,0x00,0x00,0x00,0x00,0x27,0xff,0xff,0xff,0xff,0xff,0xf9,0x19,0x00,0x00,0x00,0x00,0x00,0xb0,0xff,
  0xff,0xff,0xff,0xec,0x00,0x00,0x00,0x00,0x00,0x88,0xff,0xff,0xff,0xff,0xff,0x31,0x00,0x00,0x00,0x00,0x00,0x0f,0xff,0xff,
  0xff,0xff,0xff,0xc2,0x00,0x00,0x00,0x00,0x00,0x00,0x93,0xff,0xff,0xff,0xff,0xf5,0x00,0x00,0x00,0x00,0x00,0x88,0xff,0xff,
  0xff,0xff,0xff,0x0e,0x00,0x00,0x00,0x00,0x00,0x04,0xff,0xff,0xff,0xff,0xff,0x9b,0x00,0x00,0x00,0x00,0x00,0x00,0x89,0xff,
  0xff,0xff,0xff,0xf8,0x00,0x00,0x00,0x00,0x00,0x88,0xff,0xff,0xff,0xff,0xfc,0x00,0x00,0x00,0x00,0x00,0x00,0x00,0xff,0xff,
  0xff,0xff,0xff,0x86,0x00,0x00,0x00,0x00,0x00,0x00,0x84,0xff,0xff,0xff,0xff,0xf8,0x00,0x00,0x00,0x00,0x00,0x88,0xff,0xff,
  0xff,0xff,0xf5,0x00,0x00,0x00,0x00,0x00,0x00,0x00,0xff,0xff,0xff,0xff,0xff,0x7e,0x00,0x00,0x00,0x00,0x00,0x00,0x84,0xff,
  0xff,0xff,0xff,0xf8,0x00,0x00,0x00,0x00,0x00,0x88,0xff,0xff,0xff,0xff,0xf4,0x00,0x00,0x00,0x00,0x00,0x00,0x00,0xff,0xff,
  0xff,0xff,0xff,0x7c,0x00,0x00,0x00,0x00,0x00,0x00,0x84,0xff,0xff,0xff,0xff,0xf8,0x00,0x00,0x00,0x00,0x00,0x88,0xff,0xff,
  0xff,0xff,0xf4,0x00,0x00,0x00,0x00,0x00,0x00,0x00,0xff,0xff,0xff,0xff,0xff,0x7c,0x00,0x00,0x00,0x00,0x00,0x00,0x84,0xff,
  0xff,0xff,0xff,0xf8,0x00,0x00,0x00,0x00,0x00,0x88,0xff,0xff,0xff,0xff,0xf4,0x00,0x00,0x00,0x00,0x00,0x00,0x00,0xff,0xff,
  0xff,0xff,0xff,0x7c,0x00,0x00,0x00,0x00,0x00,0x00,0x84,0xff,0xff,0xff,0xff,0xf8,0x00,0x00,0x00,0x00,0x00,0x88,0xff,0xff,
  0xff,0xff,0xf4,0x00,0x00,0x00,0x00,0x00,0x00,0x00,0xff,0xff,0xff,0xff,0xff,0x7c,0x00,0x00,0x00,0x00,0x00,0x00,0x84,0xff,
  0xff,0xff,0xff,0xf8,0x00,0x00,0x00,0x00,0x00,0x88,0xff,0xff,0xff,0xff,0xf4,0x00,0x00,0x00,0x00,0x00,0x00,0x00,0xff,0xff,
  0xff,0xff,0xff,0x7c,0x00,0x00,0x00,0x00,0x00,0x00,0x84,0xff,0xff,0xff,0xff,0xf8,0x00,0x00,0x00,0x00,0x00,0x88,0xff,0xff,
  0xff,0xff,0xf4,0x00,0x00,0x00,0x00,0x00,0x00,0x00,0xff,0xff,0xff,0xff,0xff,0x7c,0x00,0x00,0x00,0x00,0x00,0x00,0x84,0xff,
  0xff,0xff,0xff,0xf8,0x00,0x00,0x00,0x00,0x00,0x88,0xff,0xff,0xff,0xff,0xf4,0x00,0x00,0x00,0x00,0x00,0x00,0x00,0xff,0xff,
  0xff,0xff,0xff,0x7c,0x00,0x00,0x00,0x00,0x00,0x00,0x84,0xff,0xff,0xff,0xff,0xf8,0x00,0x00,0x00,0x00,0x00,0x88,0xff,0xff,
  0xff,0xff,0xf4,0x00,0x00,0x00,0x00,0x00,0x00,0x00,0xff,0xff,0xff,0xff,0xff,0x7c,0x00,0x00,0x00,0x00,0x00,0x00,0x84,0xff,
  0xff,0xff,0xff,0xf8,0x00,0x00,0x00,0x00,0x00,0x88,0xff,0xff,0xff,0xff,0xf4,0x00,0x00,0x00,0x00,0x00,0x00,0x00,0xff,0xff,
  0xff,0xff,0xff,0x7c,0x00,0x00,0x00,0x00,0x00,0x00,0x84,0xff,0xff,0xff,0xff,0xf8,0x00,0x00,0x00,0x00,0x00,0x88,0xff,0xff,
  0xff,0xff,0xf4,0x00,0x00,0x00,0x00,0x00,0x00,0x00,0xff,0xff,0xff,0xff,0xff,0x7c,0x00,0x00,0x00,0x00,0x00,0x00,0x84,0xff,
  0xff,0xff,0xff,0xf8,0x00,0x00,0x00,0x00,0x00,0x2c,0xff,0xff,0xff,0xff,0xf0,0x00,0x00,0x0c,0x65,0xb5,0xe0,0xf7,0xee,0xcf,
  0x86,0x22,0x00,0x00,0x00,0x00,0x00,0x00,0x00,0x2c,0xff,0xff,0xff,0xff,0xf0,0x00,0x54,0xe4,0xff,0xff,0xff,0xff,0xff,0xff,
  0xff,0xf9,0x7b,0x00,0x00,0x00,0x00,0x00,0x00,0x2c,0xff,0xff,0xff,0xff,0xf0,0x78,0xff,0xff,0xff,0xff,0xff,0xff,0xff,0xff,
  0xff,0xff,0xff,0x73,0x00,0x00,0x00,0x00,0x00,0x2c,0xff,0xff,0xff,0xff,0xff,0xff,0xff,0xff,0xff,0xff,0xff,0xff,0xff,0xff,
  0xff,0xff,0xff,0xf5,0x11,0x00,0x00,0x00,0x00,0x2c,0xff,0xff,0xff,0xff,0xff,0xff,0xff,0xb3,0x3d,0x0e,0x16,0x71,0xfa,0xff,
  0xff,0xff,0xff,0xff,0x60,0x00,0x00,0x00,0x00,0x2c,0xff,0xff,0xff,0xff,0xff,0xff,0x91,0x00,0x00,0x00,0x00,0x00,0x6c,0xff,
  0xff,0xff,0xff,0xff,0x93,0x00,0x00,0x00,0x00,0x2c,0xff,0xff,0xff,0xff,0xff,0xe6,0x08,0x00,0x00,0x00,0x00,0x00,0x08,0xfa,
  0xff,0xff,0xff,0xff,0xad,0x00,0x00,0x00,0x00,0x2c,0xff,0xff,0xff,0xff,0xff,0x9a,0x00,0x00,0x00,0x00,0x00,0x00,0x00,0xdd,
  0xff,0xff,0xff,0xff,0xb8,0x00,0x00,0x00,0x00,0x2c,0xff,0xff,0xff,0xff,0xff,0x75,0x00,0x00,0x00,0x00,0x00,0x00,0x00,0xcb,
  0xff,0xff,0xff,0xff,0xbb,0x00,0x00,0x00,0x00,0x2c,0xff,0xff,0xff,0xff,0xff,0x62,0x00,0x00,0x00,0x00,0x00,0x00,0x00,0xc4,
  0xff,0xff,0xff,0xff,0xbc,0x00,0x00,0x00,0x00,0x2c,0xff,0xff,0xff,0xff,0xff,0x58,0x00,0x00,0x00,0x00,0x00,0x00,0x00,0xc0,
  0xff,0xff,0xff,0xff,0xbc,0x00,0x00,0x00,0x00,0x2c,0xff,0xff,0xff,0xff,0xff,0x54,0x00,0x00,0x00,0x00,0x00,0x00,0x00,0xc0,
  0xff,0xff,0xff,0xff,0xbc,0x00,0x00,0x00,0x00,0x2c,0xff,0xff,0xff,0xff,0xff,0x54,0x00,0x00,0x00,0x00,0x00,0x00,0x00,0xc0,
  0xff,0xff,0xff,0xff,0xbc,0x00,0x00,0x00,0x00,0x2c,0xff,0xff,0xff,0xff,0xff,0x54,0x00,0x00,0x00,0x00,0x00,0x00,0x00,0xc0,
  0xff,0xff,0xff,0xff,0xbc,0x00,0x00,0x00,0x00,0x2c,0xff,0xff,0xff,0xff,0xff,0x54,0x00,0x00,0x00,0x00,0x00,0x00,0x00,0xc0,
  0xff,0xff,0xff,0xff,0xbc,0x00,0x00,0x00,0x00,0x2c,0xff,0xff,0xff,0xff,0xff,0x54,0x00,0x00,0x00,0x00,0x00,0x00,0x00,0xc0,
  0xff,0xff,0xff,0xff,0xbc,0x00,0x00,0x00,0x00,0x2c,0xff,0xff,0xff,0xff,0xff,0x54,0x00,0x00,0x00,0x00,0x00,0x00,0x00,0xc0,
  0xff,0xff,0xff,0xff,0xbc,0x00,0x00,0x00,0x00,0x2c,0xff,0xff,0xff,0xff,0xff,0x54,0x00,0x00,0x00,0x00,0x00,0x00,0x00,0xc0,
  0xff,0xff,0xff,0xff,0xbc,0x00,0x00,0x00,0x00,0x2c,0xff,0xff,0xff,0xff,0xff,0x54,0x00,0x00,0x00,0x00,0x00,0x00,0x00,0xc0,
  0xff,0xff,0xff,0xff,0xbc,0x00,0x00,0x00,0x00,0x2c,0xff,0xff,0xff,0xff,0xff,0x54,0x00,0x00,0x00,0x00,0x00,0x00,0x00,0xc0,
  0xff,0xff,0xff,0xff,0xbc,0x00,0x00,0x00,0x00,0x2c,0xff,0xff,0xff,0xff,0xff,0x54,0x00,0x00,0x00,0x00,0x00,0x00,0x00,0xc0,
  0xff,0xff,0xff,0xff,0xbc,0x00,0x00,0x00,0x00,0x00,0x00,0x00,0x00,0x00,0x10,0x65,0xad,0xdc,0xf4,0xf9,0xe5,0xcb,0x8c,0x41,
  0x00,0x00,0x00,0x00,0x00,0x00,0x00,0x00,0x00,0x00,0x00,0x00,0x08,0x82,0xf3,0xff,0xff,0xff,0xff,0xff,0xff,0xff,0xff,0xff,
  0xc7,0x3b,0x00,0x00,0x00,0x00,0x00,0x00,0x00,0x00,0x00,0x1d,0xd1,0xff,0xff,0xff,0xff,0xff,0xff,0xff,0xff,0xff,0xff,0xff,
  0xff,0xfb,0x6e,0x00,0x00,0x00,0x00,0x00,0x00,0x00,0x13,0xda,0xff,0xff,0xff,0xff,0xff,0xff,0xff,0xff,0xff,0xff,0xff,0xff,
  0xff,0xff,0xff,0x71,0x00,0x00,0x00,0x00,0x00,0x00,0xab,0xff,0xff,0xff,0xff,0xff,0xe1,0x60,0x17,0x07,0x2c,0x90,0xfc,0xff,
  0xff,0xff,0xff,0xfc,0x42,0x00,0x00,0x00,0x00,0x3d,0xff,0xff,0xff,0xff,0xff,0xd0,0x13,0x00,0x00,0x00,0x00,0x00,0x4e,0xfc,
  0xff,0xff,0xff,0xff,0xd1,0x02,0x00,0x00,0x00,0xae,0xff,0xff,0xff,0xff,0xfc,0x28,0x00,0x00,0x00,0x00,0x00,0x00,0x00,0x8c,
  0xff,0xff,0xff,0xff,0xff,0x4d,0x00,0x00,0x0a,0xf7,0xff,0xff,0xff,0xff,0xb1,0x00,0x00,0x00,0x00,0x00,0x00,0x00,0x00,0x1b,
  0xfe,0xff,0xff,0xff,0xff,0x99,0x00,0x00,0x3a,0xff,0xff,0xff,0xff,0xff,0x6e,0x00,0x00,0x00,0x00,0x00,0x00,0x00,0x00,0x00,
  0xd6,0xff,0xff,0xff,0xff,0xd5,0x00,0x00,0x59,0xff,0xff,0xff,0xff,0xff,0x4b,0x00,0x00,0x00,0x00,0x00,0x00,0x00,0x00,0x00,
  0xb4,0xff,0xff,0xff,0xff,0xee,0x00,0x00,0x60,0xff,0xff,0xff,0xff,0xff,0x3f,0x00,0x00,0x00,0x00,0x00,0x00,0x00,0x00,0x00,
  0xa8,0xff,0xff,0xff,0xff,0xfd,0x00,0x00,0x54,0xff,0xff,0xff,0xff,0xff,0x4b,0x00,0x00,0x00,0x00,0x00,0x00,0x00,0x00,0x00,
  0xb4,0xff,0xff,0xff,0xff,0xeb,0x00,0x00,0x35,0xff,0xff,0xff,0xff,0xff,0x6e,0x00,0x00,0x00,0x00,0x00,0x00,0x00,0x00,0x00,
  0xd9,0xff,0xff,0xff,0xff,0xd1,0x00,0x00,0x0a,0xfa,0xff,0xff,0xff,0xff,0xb1,0x00,0x00,0x00,0x00,0x00,0x00,0x00,0x00,0x1c,
  0xfe,0xff,0xff,0xff,0xff,0x92,0x00,0x00,0x00,0xba,0xff,0xff,0xff,0xff,0xfb,0x27,0x00,0x00,0x00,0x00,0x00,0x00,0x00,0x8d,
  0xff,0xff,0xff,0xff,0xff,0x43,0x00,0x00,0x00,0x53,0xff,0xff,0xff,0xff,0xff,0xd0,0x13,0x00,0x00,0x00,0x00,0x00,0x4e,0xfc,
  0xff,0xff,0xff,0xff,0xc7,0x00,0x00,0x00,0x00,0x02,0xc4,0xff,0xff,0xff,0xff,0xff,0xe0,0x5f,0x16,0x06,0x2a,0x8f,0xfb,0xff,
  0xff,0xff,0xff,0xfa,0x37,0x00,0x00,0x00,0x00,0x00,0x21,0xe7,0xff,0xff,0xff,0xff,0xff,0xff,0xff,0xff,0xff,0xff,0xff,0xff,
  0xff,0xff,0xff,0x62,0x00,0x00,0x00,0x00,0x00,0x00,0x00,0x29,0xda,0xff,0xff,0xff,0xff,0xff,0xff,0xff,0xff,0xff,0xff,0xff,
  0xff,0xf8,0x61,0x00,0x00,0x00,0x00,0x00,0x00,0x00,0x00,0x00,0x0c,0x86,0xf3,0xff,0xff,0xff,0xff,0xff,0xff,0xff,0xff,0xff,
  0xc1,0x33,0x00,0x00,0x00,0x00,0x00,0x00,0x00,0x00,0x00,0x00,0x00,0x00,0x0e,0x61,0xa9,0xd9,0xf5,0xfa,0xe7,0xcb,0x8b,0x3c,
  0x00,0x00,0x00,0x00,0x00,0x00,0x00,0x00,0x00,0x48,0xff,0xff,0xff,0xff,0xd4,0x00,0x00,0x35,0x8e,0xd1,0xec,0xf8,0xe1,0xad,
  0x56,0x01,0x00,0x00,0x00,0x00,0x00,0x00,0x00,0x48,0xff,0xff,0xff,0xff,0xd4,0x0a,0x9e,0xff,0xff,0xff,0xff,0xff,0xff,0xff,
  0xff,0xcb,0x28,0x00,0x00,0x00,0x00,0x00,0x00,0x48,0xff,0xff,0xff,0xff,0xd6,0xb0,0xff,0xff,0xff,0xff,0xff,0xff,0xff,0xff,
  0xff,0xff,0xec,0x35,0x00,0x00,0x00,0x00,0x00,0x48,0xff,0xff,0xff,0xff,0xff,0xff,0xff,0xff,0xff,0xff,0xff,0xff,0xff,0xff,
  0xff,0xff,0xff,0xe4,0x14,0x00,0x00,0x00,0x00,0x48,0xff,0xff,0xff,0xff,0xff,0xff,0xff,0xae,0x37,0x09,0x15,0x64,0xeb,0xff,
  0xff,0xff,0xff,0xff,0xa0,0x00,0x00,0x00,0x00,0x48,0xff,0xff,0xff,0xff,0xff,0xff,0x91,0x00,0x00,0x00,0x00,0x00,0x26,0xed,
  0xff,0xff,0xff,0xff,0xfa,0x1a,0x00,0x00,0x00,0x48,0xff,0xff,0xff,0xff,0xff,0xdc,0x05,0x00,0x00,0x00,0x00,0x00,0x00,0x68,
  0xff,0xff,0xff,0xff,0xff,0x6d,0x00,0x00,0x00,0x48,0xff,0xff,0xff,0xff,0xff,0x7d,0x00,0x00,0x00,0x00,0x00,0x00,0x00,0x0c,
  0xf8,0xff,0xff,0xff,0xff,0xa8,0x00,0x00,0x00,0x48,0xff,0xff,0xff,0xff,0xff,0x45,0x00,0x00,0x00,0x00,0x00,0x00,0x00,0x00,
  0xcc,0xff,0xff,0xff,0xff,0xd2,0x00,0x00,0x00,0x48,0xff,0xff,0xff,0xff,0xff,0x2d,0x00,0x00,0x00,0x00,0x00,0x00,0x00,0x00,
  0xb1,0xff,0xff,0xff,0xff,0xe4,0x00,0x00,0x00,0x48,0xff,0xff,0xff,0xff,0xff,0x28,0x00,0x00,0x00,0x00,0x00,0x00,0x00,0x00,
  0xa7,0xff,0xff,0xff,0xff,0xef,0x00,0x00,0x00,0x48,0xff,0xff,0xff,0xff,0xff,0x36,0x00,0x00,0x00,0x00,0x00,0x00,0x00,0x00,
  0xb2,0xff,0xff,0xff,0xff,0xe0,0x00,0x00,0x00,0x48,0xff,0xff,0xff,0xff,0xff,0x5b,0x00,0x00,0x00,0x00,0x00,0x00,0x00,0x00,
  0xcc,0xff,0xff,0xff,0xff,0xce,0x00,0x00,0x00,0x48,0xff,0xff,0xff,0xff,0xff,0x9a,0x00,0x00,0x00,0x00,0x00,0x00,0x00,0x08,
  0xf6,0xff,0xff,0xff,0xff,0xa0,0x00,0x00,0x00,0x48,0xff,0xff,0xff,0xff,0xff,0xf0,0x14,0x00,0x00,0x00,0x00,0x00,0x00,0x59,
  0xff,0xff,0xff,0xff,0xff,0x65,0x00,0x00,0x00,0x48,0xff,0xff,0xff,0xff,0xff,0xff,0xb3,0x05,0x00,0x00,0x00,0x00,0x18,0xe2,
  0xff,0xff,0xff,0xff,0xf6,0x13,0x00,0x00,0x00,0x48,0xff,0xff,0xff,0xff,0xff,0xff,0xff,0xc6,0x43,0x0a,0x10,0x57,0xe0,0xff,
  0xff,0xff,0xff,0xff,0x95,0x00,0x00,0x00,0x00,0x48,0xff,0xff,0xff,0xff,0xff,0xff,0xff,0xff,0xff,0xff,0xff,0xff,0xff,0xff,
  0xff,0xff,0xff,0xde,0x0e,0x00,0x00,0x00,0x00,0x48,0xff,0xff,0xff,0xff,0xff,0x7a,0xf5,0xff,0xff,0xff,0xff,0xff,0xff,0xff,
  0xff,0xff,0xe8,0x2e,0x00,0x00,0x00,0x00,0x00,0x48,0xff,0xff,0xff,0xff,0xff,0x34,0x37,0xdc,0xff,0xff,0xff,0xff,0xff,0xff,
  0xff,0xc5,0x22,0x00,0x00,0x00,0x00,0x00,0x00,0x48,0xff,0xff,0xff,0xff,0xff,0x34,0x00,0x09,0x6f,0xc4,0xec,0xf8,0xe1,0xaa,
  0x51,0x01,0x00,0x00,0x00,0x00,0x00,0x00,0x00,0x48,0xff,0xff,0xff,0xff,0xff,0x34,0x00,0x00,0x00,0x00,0x00,0x00,0x00,0x00,
  0x00,0x00,0x00,0x00,0x00,0x00,0x00,0x00,0x00,0x48,0xff,0xff,0xff,0xff,0xff,0x34,0x00,0x00,0x00,0x00,0x00,0x00,0x00,0x00,
  0x00,0x00,0x00,0x00,0x00,0x00,0x00,0x00,0x00,0x48,0xff,0xff,0xff,0xff,0xff,0x34,0x00,0x00,0x00,0x00,0x00,0x00,0x00,0x00,
  0x00,0x00,0x00,0x00,0x00,0x00,0x00,0x00,0x00,0x48,0xff,0xff,0xff,0xff,0xff,0x34,0x00,0x00,0x00,0x00,0x00,0x00,0x00,0x00,
  0x00,0x00,0x00,0x00,0x00,0x00,0x00,0x00,0x00,0x48,0xff,0xff,0xff,0xff,0xff,0x34,0x00,0x00,0x00,0x00,0x00,0x00,0x00,0x00,
  0x00,0x00,0x00,0x00,0x00,0x00,0x00,0x00,0x00,0x48,0xff,0xff,0xff,0xff,0xff,0x34,0x00,0x00,0x00,0x00,0x00,0x00,0x00,0x00,
  0x00,0x00,0x00,0x00,0x00,0x00,0x00,0x00,0x00,0x48,0xff,0xff,0xff,0xff,0xff,0x34,0x00,0x00,0x00,0x00,0x00,0x00,0x00,0x00,
  0x00,0x00,0x00,0x00,0x00,0x00,0x00,0x00,0x00,0x48,0xff,0xff,0xff,0xff,0xff,0x34,0x00,0x00,0x00,0x00,0x00,0x00,0x00,0x00,
  0x00,0x00,0x00,0x00,0x00,0x00,0x00,0x00,0x00,0x00,0x00,0x00,0x00,0x0c,0x6c,0xbb,0xe5,0xf9,0xec,0xcf,0x8b,0x2c,0x00,0x24,
  0xff,0xff,0xff,0xff,0xec,0x00,0x00,0x00,0x00,0x00,0x00,0x00,0x52,0xe6,0xff,0xff,0xff,0xff,0xff,0xff,0xff,0xfd,0x78,0x24,
  0xff,0xff,0xff,0xff,0xec,0x00,0x00,0x00,0x00,0x00,0x00,0x6e,0xfe,0xff,0xff,0xff,0xff,0xff,0xff,0xff,0xff,0xff,0xff,0x8f,
  0xff,0xff,0xff,0xff,0xec,0x00,0x00,0x00,0x00,0x00,0x46,0xfe,0xff,0xff,0xff,0xff,0xff,0xff,0xff,0xff,0xff,0xff,0xff,0xff,
  0xff,0xff,0xff,0xff,0xec,0x00,0x00,0x00,0x00,0x06,0xe5,0xff,0xff,0xff,0xff,0xff,0xd4,0x4f,0x0f,0x0b,0x45,0xca,0xff,0xff,
  0xff,0xff,0xff,0xff,0xec,0x00,0x00,0x00,0x00,0x61,0xff,0xff,0xff,0xff,0xff,0xc9,0x0c,0x00,0x00,0x00,0x00,0x07,0xbe,0xff,
  0xff,0xff,0xff,0xff,0xec,0x00,0x00,0x00,0x00,0xb7,0xff,0xff,0xff,0xff,0xff,0x2a,0x00,0x00,0x00,0x00,0x00,0x00,0x20,0xfc,
  0xff,0xff,0xff,0xff,0xec,0x00,0x00,0x00,0x02,0xf0,0xff,0xff,0xff,0xff,0xc7,0x00,0x00,0x00,0x00,0x00,0x00,0x00,0x00,0xbd,
  0xff,0xff,0xff,0xff,0xec,0x00,0x00,0x00,0x19,0xff,0xff,0xff,0xff,0xff,0x8f,0x00,0x00,0x00,0x00,0x00,0x00,0x00,0x00,0x87,
  0xff,0xff,0xff,0xff,0xec,0x00,0x00,0x00,0x2b,0xff,0xff,0xff,0xff,0xff,0x71,0x00,0x00,0x00,0x00,0x00,0x00,0x00,0x00,0x6f,
  0xff,0xff,0xff,0xff,0xec,0x00,0x00,0x00,0x33,0xff,0xff,0xff,0xff,0xff,0x67,0x00,0x00,0x00,0x00,0x00,0x00,0x00,0x00,0x68,
  0xff,0xff,0xff,0xff,0xec,0x00,0x00,0x00,0x23,0xff,0xff,0xff,0xff,0xff,0x6f,0x00,0x00,0x00,0x00,0x00,0x00,0x00,0x00,0x76,
  0xff,0xff,0xff,0xff,0xec,0x00,0x00,0x00,0x0f,0xff,0xff,0xff,0xff,0xff,0x87,0x00,0x00,0x00,0x00,0x00,0x00,0x00,0x00,0x9d,
  0xff,0xff,0xff,0xff,0xec,0x00,0x00,0x00,0x00,0xde,0xff,0xff,0xff,0xff,0xba,0x00,0x00,0x00,0x00,0x00,0x00,0x00,0x00,0xdc,
  0xff,0xff,0xff,0xff,0xec,0x00,0x00,0x00,0x00,0xa2,0xff,0xff,0xff,0xff,0xfb,0x1a,0x00,0x00,0x00,0x00,0x00,0x00,0x4c,0xff,
  0xff,0xff,0xff,0xff,0xec,0x00,0x00,0x00,0x00,0x46,0xff,0xff,0xff,0xff,0xff,0xb3,0x04,0x00,0x00,0x00,0x00,0x20,0xe4,0xff,
  0xff,0xff,0xff,0xff,0xec,0x00,0x00,0x00,0x00,0x00,0xd3,0xff,0xff,0xff,0xff,0xff,0xc2,0x3f,0x09,0x14,0x62,0xe8,0xff,0xff,
  0xff,0xff,0xff,0xff,0xec,0x00,0x00,0x00,0x00,0x00,0x37,0xfb,0xff,0xff,0xff,0xff,0xff,0xff,0xff,0xff,0xff,0xff,0xff,0xff,
  0xff,0xff,0xff,0xff,0xec,0x00,0x00,0x00,0x00,0x00,0x00,0x6b,0xfe,0xff,0xff,0xff,0xff,0xff,0xff,0xff,0xff,0xff,0xd6,0xa9,
  0xff,0xff,0xff,0xff,0xec,0x00,0x00,0x00,0x00,0x00,0x00,0x00,0x5c,0xf0,0xff,0xff,0xff,0xff,0xff,0xff,0xff,0xb1,0x16,0x94,
  0xff,0xff,0xff,0xff,0xec,0x00,0x00,0x00,0x00,0x00,0x00,0x00,0x00,0x15,0x7d,0xca,0xed,0xf7,0xdd,0xa4,0x43,0x00,0x00,0x94,
  0xff,0xff,0xff,0xff,0xec,0x00,0x00,0x00,0x00,0x00,0x00,0x00,0x00,0x00,0x00,0x00,0x00,0x00,0x00,0x00,0x00,0x00,0x00,0x94,
  0xff,0xff,0xff,0xff,0xec,0x00,0x00,0x00,0x00,0x00,0x00,0x00,0x00,0x00,0x00,0x00,0x00,0x00,0x00,0x00,0x00,0x00,0x00,0x94,
  0xff,0xff,0xff,0xff,0xec,0x00,0x00,0x00,0x00,0x00,0x00,0x00,0x00,0x00,0x00,0x00,0x00,0x00,0x00,0x00,0x00,0x00,0x00,0x94,
  0xff,0xff,0xff,0xff,0xec,0x00,0x00,0x00,0x00,0x00,0x00,0x00,0x00,0x00,0x00,0x00,0x00,0x00,0x00,0x00,0x00,0x00,0x00,0x94,
  0xff,0xff,0xff,0xff,0xec,0x00,0x00,0x00,0x00,0x00,0x00,0x00,0x00,0x00,0x00,0x00,0x00,0x00,0x00,0x00,0x00,0x00,0x00,0x94,
  0xff,0xff,0xff,0xff,0xec,0x00,0x00,0x00,0x00,0x00,0x00,0x00,0x00,0x00,0x00,0x00,0x00,0x00,0x00,0x00,0x00,0x00,0x00,0x94,
  0xff,0xff,0xff,0xff,0xec,0x00,0x00,0x00,0x00,0x00,0x00,0x00,0x00,0x00,0x00,0x00,0x00,0x00,0x00,0x00,0x00,0x00,0x00,0x94,
  0xff,0xff,0xff,0xff,0xec,0x00,0x00,0x00,0x00,0x00,0x00,0x00,0x00,0x00,0x00,0x00,0x00,0x00,0x00,0x00,0x00,0x00,0x00,0x94,
  0xff,0xff,0xff,0xff,0xec,0x00,0x00,0x00,0x00,0x5c,0xff,0xff,0xff,0xff,0xbc,0x00,0x33,0xae,0xe9,0xfa,0xe6,0xa8,0x3f,0x00,
  0x00,0x00,0x5c,0xff,0xff,0xff,0xff,0xbc,0x3b,0xf6,0xff,0xff,0xff,0xff,0xff,0xe8,0x02,0x00,0x00,0x5c,0xff,0xff,0xff,0xff,
  0xcc,0xe4,0xff,0xff,0xff,0xff,0xff,0xff,0x91,0x00,0x00,0x00,0x5c,0xff,0xff,0xff,0xff,0xff,0xff,0xff,0xff,0xff,0xff,0xff,
  0xff,0x37,0x00,0x00,0x00,0x5c,0xff,0xff,0xff,0xff,0xff,0xff,0xff,0xff,0xff,0xff,0xff,0xdd,0x00,0x00,0x00,0x00,0x5c,0xff,
  0xff,0xff,0xff,0xff,0xff,0xdd,0x4a,0x0c,0x21,0x76,0x72,0x00,0x00,0x00,0x00,0x5c,0xff,0xff,0xff,0xff,0xff,0xfd,0x2b,0x00,
  0x00,0x00,0x00,0x00,0x00,0x00,0x00,0x00,0x5c,0xff,0xff,0xff,0xff,0xff,0xb6,0x00,0x00,0x00,0x00,0x00,0x00,0x00,0x00,0x00,
  0x00,0x5c,0xff,0xff,0xff,0xff,0xff,0x75,0x00,0x00,0x00,0x00,0x00,0x00,0x00,0x00,0x00,0x00,0x5c,0xff,0xff,0xff,0xff,0xff,
  0x52,0x00,0x00,0x00,0x00,0x00,0x00,0x00,0x00,0x00,0x00,0x5c,0xff,0xff,0xff,0xff,0xff,0x3c,0x00,0x00,0x00,0x00,0x00,0x00,
  0x00,0x00,0x00,0x00,0x5c,0xff,0xff,0xff,0xff,0xff,0x30,0x00,0x00,0x00,0x00,0x00,0x00,0x00,0x00,0x00,0x00,0x5c,0xff,0xff,
  0xff,0xff,0xff,0x26,0x00,0x00,0x00,0x00,0x00,0x00,0x00,0x00,0x00,0x00,0x5c,0xff,0xff,0xff,0xff,0xff,0x23,0x00,0x00,0x00,
  0x00,0x00,0x00,0x00,0x00,0x00,0x00,0x5c,0xff,0xff,0xff,0xff,0xff,0x20,0x00,0x00,0x00,0x00,0x00,0x00,0x00,0x00,0x00,0x00,
  0x5c,0xff,0xff,0xff,0xff,0xff,0x20,0x00,0x00,0x00,0x00,0x00,0x00,0x00,0x00,0x00,0x00,0x5c,0xff,0xff,0xff,0xff,0xff,0x20,
  0x00,0x00,0x00,0x00,0x00,0x00,0x00,0x00,0x00,0x00,0x5c,0xff,0xff,0xff,0xff,0xff,0x20,0x00,0x00,0x00,0x00,0x00,0x00,0x00,
  0x00,0x00,0x00,0x5c,0xff,0xff,0xff,0xff,0xff,0x20,0x00,0x00,0x00,0x00,0x00,0x00,0x00,0x00,0x00,0x00,0x5c,0xff,0xff,0xff,
  0xff,0xff,0x20,0x00,0x00,0x00,0x00,0x00,0x00,0x00,0x00,0x00,0x00,0x5c,0xff,0xff,0xff,0xff,0xff,0x20,0x00,0x00,0x00,0x00,
  0x00,0x00,0x00,0x00,0x00,0x00,0x00,0x00,0x00,0x2b,0x84,0xba,0xe3,0xf2,0xfc,0xf4,0xe5,0xc4,0x95,0x4a,0x02,0x00,0x00,0x00,
  0x00,0x00,0x00,0x00,0x00,0x12,0xa6,0xff,0xff,0xff,0xff,0xff,0xff,0xff,0xff,0xff,0xff,0xff,0xd5,0x33,0x00,0x00,0x00,0x00,
  0x00,0x00,0x0f,0xcf,0xff,0xff,0xff,0xff,0xff,0xff,0xff,0xff,0xff,0xff,0xff,0xff,0xff,0xf5,0x3a,0x00,0x00,0x00,0x00,0x00,
  0x98,0xff,0xff,0xff,0xff,0xff,0xff,0xff,0xff,0xff,0xff,0xff,0xff,0xff,0xff,0xff,0xe0,0x0a,0x00,0x00,0x00,0x0e,0xf7,0xff,
  0xff,0xff,0xff,0xb5,0x3e,0x10,0x04,0x15,0x48,0xc4,0xff,0xff,0xff,0xff,0xff,0x67,0x00,0x00,0x00,0x3a,0xff,0xff,0xff,0xff,
  0xea,0x06,0x00,0x00,0x00,0x00,0x00,0x05,0xcc,0xcc,0x9a,0x69,0x37,0x09,0x00,0x00,0x00,0x41,0xff,0xff,0xff,0xff,0xe5,0x03,
  0x00,0x00,0x00,0x00,0x00,0x00,0x00,0x00,0x00,0x00,0x00,0x00,0x00,0x00,0x00,0x1e,0xff,0xff,0xff,0xff,0xff,0xb0,0x33,0x00,
  0x00,0x00,0x00,0x00,0x00,0x00,0x00,0x00,0x00,0x00,0x00,0x00,0x00,0x00,0xc1,0xff,0xff,0xff,0xff,0xff,0xff,0xe2,0x9d,0x60,
  0x25,0x00,0x00,0x00,0x00,0x00,0x00,0x00,0x00,0x00,0x00,0x00,0x28,0xf2,0xff,0xff,0xff,0xff,0xff,0xff,0xff,0xff,0xff,0xe7,
  0xa7,0x58,0x0c,0x00,0x00,0x00,0x00,0x00,0x00,0x00,0x00,0x2b,0xd6,0xff,0xff,0xff,0xff,0xff,0xff,0xff,0xff,0xff,0xff,0xff,
  0xf2,0x8d,0x10,0x00,0x00,0x00,0x00,0x00,0x00,0x00,0x03,0x52,0xaf,0xf5,0xff,0xff,0xff,0xff,0xff,0xff,0xff,0xff,0xff,0xff,
  0xe2,0x23,0x00,0x00,0x00,0x00,0x00,0x00,0x00,0x00,0x00,0x08,0x46,0x87,0xc4,0xf7,0xff,0xff,0xff,0xff,0xff,0xff,0xff,0xc4,
  0x00,0x00,0x00,0x00,0x00,0x00,0x00,0x00,0x00,0x00,0x00,0x00,0x00,0x05,0x34,0x78,0xe6,0xff,0xff,0xff,0xff,0xff,0x24,0x00,
  0x00,0x00,0x00,0x00,0x00,0x00,0x00,0x00,0x00,0x00,0x00,0x00,0x00,0x00,0x49,0xff,0xff,0xff,0xff,0xff,0x47,0x00,0x00,0x19,
  0x48,0x76,0xa5,0xd3,0xbc,0x02,0x00,0x00,0x00,0x00,0x00,0x00,0x5e,0xff,0xff,0xff,0xff,0xff,0x38,0x00,0x01,0xd6,0xff,0xff,
  0xff,0xff,0xff,0xc2,0x51,0x1a,0x07,0x06,0x25,0x71,0xf1,0xff,0xff,0xff,0xff,0xee,0x07,0x00,0x00,0x49,0xfe,0xff,0xff,0xff,
  0xff,0xff,0xff,0xff,0xff,0xff,0xff,0xff,0xff,0xff,0xff,0xff,0xff,0x73,0x00,0x00,0x00,0x00,0x6b,0xfd,0xff,0xff,0xff,0xff,
  0xff,0xff,0xff,0xff,0xff,0xff,0xff,0xff,0xff,0xff,0x9d,0x01,0x00,0x00,0x00,0x00,0x00,0x3b,0xcc,0xff,0xff,0xff,0xff,0xff,
  0xff,0xff,0xff,0xff,0xff,0xff,0xee,0x69,0x00,0x00,0x00,0x00,0x00,0x00,0x00,0x00,0x00,0x38,0x83,0xb9,0xdd,0xf2,0xfc,0xf8,
  0xeb,0xce,0xa0,0x5a,0x0a,0x00,0x00,0x00,0x00,0x00,0x00,0x00,0x00,0x00,0x00,0x00,0x02,0x60,0x87,0x00,0x00,0x00,0x00,0x00,
  0x00,0x00,0x00,0x00,0x4a,0xd3,0xff,0xa4,0x00,0x00,0x00,0x00,0x00,0x00,0x00,0x34,0xbf,0xff,0xff,0xff,0xa4,0x00,0x00,0x00,
  0x00,0x00,0x00,0x00,0xe0,0xff,0xff,0xff,0xff,0xa4,0x00,0x00,0x00,0x00,0x00,0x00,0x00,0xe0,0xff,0xff,0xff,0xff,0xa4,0x00,
  0x00,0x00,0x00,0x00,0x00,0x00,0xe0,0xff,0xff,0xff,0xff,0xa4,0x00,0x00,0x00,0x00,0x00,0x00,0x00,0xe0,0xff,0xff,0xff,0xff,
  0xa4,0x00,0x00,0x00,0x00,0x64,0xff,0xff,0xff,0xff,0xff,0xff,0xff,0xff,0xff,0xff,0xff,0x64,0x64,0xff,0xff,0xff,0xff,0xff,
  0xff,0xff,0xff,0xff,0xff,0xff,0x64,0x64,0xff,0xff,0xff,0xff,0xff,0xff,0xff,0xff,0xff,0xff,0xff,0x64,0x64,0xff,0xff,0xff,
  0xff,0xff,0xff,0xff,0xff,0xff,0xff,0xff,0x64,0x00,0x00,0x00,0xe0,0xff,0xff,0xff,0xff,0xa4,0x00,0x00,0x00,0x00,0x00,0x00,
  0x00,0xe0,0xff,0xff,0xff,0xff,0xa4,0x00,0x00,0x00,0x00,0x00,0x00,0x00,0xe0,0xff,0xff,0xff,0xff,0xa4,0x00,0x00,0x00,0x00,
  0x00,0x00,0x00,0xe0,0xff,0xff,0xff,0xff,0xa4,0x00,0x00,0x00,0x00,0x00,0x00,0x00,0xe0,0xff,0xff,0xff,0xff,0xa4,0x00,0x00,
  0x00,0x00,0x00,0x00,0x00,0xe0,0xff,0xff,0xff,0xff,0xa4,0x00,0x00,0x00,0x00,0x00,0x00,0x00,0xe0,0xff,0xff,0xff,0xff,0xa4,
  0x00,0x00,0x00,0x00,0x00,0x00,0x00,0xe0,0xff,0xff,0xff,0xff,0xa4,0x00,0x00,0x00,0x00,0x00,0x00,0x00,0xe0,0xff,0xff,0xff,
  0xff,0xa4,0x00,0x00,0x00,0x00,0x00,0x00,0x00,0xdf,0xff,0xff,0xff,0xff,0xa4,0x00,0x00,0x00,0x00,0x00,0x00,0x00,0xdd,0xff,
  0xff,0xff,0xff,0xa7,0x00,0x00,0x00,0x00,0x00,0x00,0x00,0xd5,0xff,0xff,0xff,0xff,0xb3,0x00,0x00,0x00,0x00,0x00,0x00,0x00,
  0xc4,0xff,0xff,0xff,0xff,0xef,0x2f,0x0d,0x43,0x2f,0x00,0x00,0x00,0x96,0xff,0xff,0xff,0xff,0xff,0xff,0xff,0xff,0x7c,0x00,
  0x00,0x00,0x46,0xff,0xff,0xff,0xff,0xff,0xff,0xff,0xff,0x9b,0x00,0x00,0x00,0x00,0xa0,0xff,0xff,0xff,0xff,0xff,0xff,0xff,
  0xbb,0x00,0x00,0x00,0x00,0x00,0x52,0xb4,0xe9,0xfa,0xec,0xd6,0xa2,0x51,0x00,0x00,0x40,0xff,0xff,0xff,0xff,0xff,0x40,0x00,
  0x00,0x00,0x00,0x00,0x00,0x00,0xdc,0xff,0xff,0xff,0xff,0xa0,0x00,0x00,0x00,0x00,0x40,0xff,0xff,0xff,0xff,0xff,0x40,0x00,
  0x00,0x00,0x00,0x00,0x00,0x00,0xdc,0xff,0xff,0xff,0xff,0xa0,0x00,0x00,0x00,0x00,0x40,0xff,0xff,0xff,0xff,0xff,0x40,0x00,
  0x00,0x00,0x00,0x00,0x00,0x00,0xdc,0xff,0xff,0xff,0xff,0xa0,0x00,0x00,0x00,0x00,0x40,0xff,0xff,0xff,0xff,0xff,0x40,0x00,
  0x00,0x00,0x00,0x00,0x00,0x00,0xdc,0xff,0xff,0xff,0xff,0xa0,0x00,0x00,0x00,0x00,0x40,0xff,0xff,0xff,0xff,0xff,0x40,0x00,
  0x00,0x00,0x00,0x00,0x00,0x00,0xdc,0xff,0xff,0xff,0xff,0xa0,0x00,0x00,0x00,0x00,0x40,0xff,0xff,0xff,0xff,0xff,0x40,0x00,
  0x00,0x00,0x00,0x00,0x00,0x00,0xdc,0xff,0xff,0xff,0xff,0xa0,0x00,0x00,0x00,0x00,0x40,0xff,0xff,0xff,0xff,0xff,0x40,0x00,
  0x00,0x00,0x00,0x00,0x00,0x00,0xdc,0xff,0xff,0xff,0xff,0xa0,0x00,0x00,0x00,0x00,0x40,0xff,0xff,0xff,0xff,0xff,0x40,0x00,
  0x00,0x00,0x00,0x00,0x00,0x00,0xdc,0xff,0xff,0xff,0xff,0xa0,0x00,0x00,0x00,0x00,0x40,0xff,0xff,0xff,0xff,0xff,0x40,0x00,
  0x00,0x00,0x00,0x00,0x00,0x00,0xdc,0xff,0xff,0xff,0xff,0xa0,0x00,0x00,0x00,0x00,0x40,0xff,0xff,0xff,0xff,0xff,0x40,0x00,
  0x00,0x00,0x00,0x00,0x00,0x00,0xdf,0xff,0xff,0xff,0xff,0xa0,0x00,0x00,0x00,0x00,0x40,0xff,0xff,0xff,0xff,0xff,0x41,0x00,
  0x00,0x00,0x00,0x00,0x00,0x00,0xe2,0xff,0xff,0xff,0xff,0xa0,0x00,0x00,0x00,0x00,0x40,0xff,0xff,0xff,0xff,0xff,0x44,0x00,
  0x00,0x00,0x00,0x00,0x00,0x00,0xec,0xff,0xff,0xff,0xff,0xa0,0x00,0x00,0x00,0x00,0x40,0xff,0xff,0xff,0xff,0xff,0x4d,0x00,
  0x00,0x00,0x00,0x00,0x00,0x01,0xfa,0xff,0xff,0xff,0xff,0xa0,0x00,0x00,0x00,0x00,0x3c,0xff,0xff,0xff,0xff,0xff,0x5c,0x00,
  0x00,0x00,0x00,0x00,0x00,0x19,0xff,0xff,0xff,0xff,0xff,0xa0,0x00,0x00,0x00,0x00,0x2f,0xff,0xff,0xff,0xff,0xff,0x7b,0x00,
  0x00,0x00,0x00,0x00,0x00,0x63,0xff,0xff,0xff,0xff,0xff,0xa0,0x00,0x00,0x00,0x00,0x11,0xff,0xff,0xff,0xff,0xff,0xd9,0x07,
  0x00,0x00,0x00,0x00,0x22,0xe6,0xff,0xff,0xff,0xff,0xff,0xa0,0x00,0x00,0x00,0x00,0x00,0xdc,0xff,0xff,0xff,0xff,0xff,0xbc,
  0x34,0x09,0x1d,0x6c,0xe9,0xff,0xff,0xff,0xff,0xff,0xff,0xa0,0x00,0x00,0x00,0x00,0x00,0x80,0xff,0xff,0xff,0xff,0xff,0xff,
  0xff,0xff,0xff,0xff,0xff,0xff,0xfe,0xff,0xff,0xff,0xff,0xa0,0x00,0x00,0x00,0x00,0x00,0x08,0xd8,0xff,0xff,0xff,0xff,0xff,
  0xff,0xff,0xff,0xff,0xff,0xde,0x91,0xff,0xff,0xff,0xff,0xa0,0x00,0x00,0x00,0x00,0x00,0x00,0x1d,0xc6,0xff,0xff,0xff,0xff,
  0xff,0xff,0xff,0xff,0xba,0x20,0x78,0xff,0xff,0xff,0xff,0xa0,0x00,0x00,0x00,0x00,0x00,0x00,0x00,0x04,0x54,0xb1,0xde,0xf8,
  0xed,0xd2,0x94,0x43,0x00,0x00,0x78,0xff,0xff,0xff,0xff,0xa0,0x00,0x00,0x96,0xff,0xff,0xff,0xff,0xff,0x2a,0x00,0x00,0x00,
  0x00,0x00,0x00,0x00,0x00,0x17,0xfb,0xff,0xff,0xff,0xff,0x91,0x2f,0xff,0xff,0xff,0xff,0xff,0x87,0x00,0x00,0x00,0x00,0x00,
  0x00,0x00,0x00,0x72,0xff,0xff,0xff,0xff,0xff,0x2d,0x00,0xca,0xff,0xff,0xff,0xff,0xe2,0x02,0x00,0x00,0x00,0x00,0x00,0x00,
  0x00,0xd0,0xff,0xff,0xff,0xff,0xc8,0x00,0x00,0x64,0xff,0xff,0xff,0xff,0xff,0x42,0x00,0x00,0x00,0x00,0x00,0x00,0x2d,0xff,
  0xff,0xff,0xff,0xff,0x63,0x00,0x00,0x0b,0xf2,0xff,0xff,0xff,0xff,0x9f,0x00,0x00,0x00,0x00,0x00,0x00,0x8c,0xff,0xff,0xff,
  0xff,0xf3,0x0c,0x00,0x00,0x00,0x98,0xff,0xff,0xff,0xff,0xf2,0x0a,0x00,0x00,0x00,0x00,0x03,0xe6,0xff,0xff,0xff,0xff,0x9a,
  0x00,0x00,0x00,0x00,0x31,0xff,0xff,0xff,0xff,0xff,0x5a,0x00,0x00,0x00,0x00,0x48,0xff,0xff,0xff,0xff,0xff,0x35,0x00,0x00,
  0x00,0x00,0x00,0xcc,0xff,0xff,0xff,0xff,0xb7,0x00,0x00,0x00,0x00,0xa6,0xff,0xff,0xff,0xff,0xd1,0x00,0x00,0x00,0x00,0x00,
  0x00,0x66,0xff,0xff,0xff,0xff,0xfc,0x18,0x00,0x00,0x0d,0xf6,0xff,0xff,0xff,0xff,0x6c,0x00,0x00,0x00,0x00,0x00,0x00,0x0c,
  0xf3,0xff,0xff,0xff,0xff,0x71,0x00,0x00,0x62,0xff,0xff,0xff,0xff,0xf7,0x10,0x00,0x00,0x00,0x00,0x00,0x00,0x00,0x9a,0xff,
  0xff,0xff,0xff,0xce,0x00,0x00,0xbf,0xff,0xff,0xff,0xff,0xa3,0x00,0x00,0x00,0x00,0x00,0x00,0x00,0x00,0x35,0xff,0xff,0xff,
  0xff,0xff,0x22,0x19,0xfd,0xff,0xff,0xff,0xff,0x3f,0x00,0x00,0x00,0x00,0x00,0x00,0x00,0x00,0x00,0xce,0xff,0xff,0xff,0xff,
  0x73,0x6b,0xff,0xff,0xff,0xff,0xd9,0x00,0x00,0x00,0x00,0x00,0x00,0x00,0x00,0x00,0x00,0x69,0xff,0xff,0xff,0xff,0xc3,0xba,
  0xff,0xff,0xff,0xff,0x75,0x00,0x00,0x00,0x00,0x00,0x00,0x00,0x00,0x00,0x00,0x0e,0xf4,0xff,0xff,0xff,0xfd,0xfb,0xff,0xff,
  0xff,0xfa,0x16,0x00,0x00,0x00,0x00,0x00,0x00,0x00,0x00,0x00,0x00,0x00,0x9d,0xff,0xff,0xff,0xff,0xff,0xff,0xff,0xff,0xac,
  0x00,0x00,0x00,0x00,0x00,0x00,0x00,0x00,0x00,0x00,0x00,0x00,0x37,0xff,0xff,0xff,0xff,0xff,0xff,0xff,0xff,0x48,0x00,0x00,
  0x00,0x00,0x00,0x00,0x00,0x00,0x00,0x00,0x00,0x00,0x00,0xd0,0xff,0xff,0xff,0xff,0xff,0xff,0xe1,0x02,0x00,0x00,0x00,0x00,
  0x00,0x00,0x00,0x00,0x00,0x00,0x00,0x00,0x00,0x6b,0xff,0xff,0xff,0xff,0xff,0xff,0x7f,0x00,0x00,0x00,0x00,0x00,0x00,0x00,
  0x00,0x00,0x00,0x00,0x00,0x00,0x00,0x0f,0xf5,0xff,0xff,0xff,0xff,0xfd,0x1d,0x00,0x00,0x00,0x00,0x00,0x00,0x00,0x00,0x00,
  0x00,0x00,0x00,0x00,0x00,0x00,0x9f,0xff,0xff,0xff,0xff,0xb6,0x00,0x00,0x00,0x00,0x00,0x00,0x00,0x00,0xad,0xff,0xff,0xff,
  0xff,0xa7,0x00,0x00,0x00,0x00,0x00,0x00,0x2a,0xff,0xff,0xff,0xff,0xff,0x63,0x00,0x00,0x00,0x00,0x00,0x00,0x75,0xff,0xff,
  0xff,0xff,0xeb,0x03,0x5d,0xff,0xff,0xff,0xff,0xed,0x02,0x00,0x00,0x00,0x00,0x00,0x6c,0xff,0xff,0xff,0xff,0xff,0xa4,0x00,
  0x00,0x00,0x00,0x00,0x00,0xbf,0xff,0xff,0xff,0xff,0x9d,0x00,0x11,0xfb,0xff,0xff,0xff,0xff,0x38,0x00,0x00,0x00,0x00,0x00,
  0xaf,0xff,0xff,0xff,0xff,0xff,0xe4,0x00,0x00,0x00,0x00,0x00,0x0e,0xfa,0xff,0xff,0xff,0xff,0x4c,0x00,0x00,0xbd,0xff,0xff,
  0xff,0xff,0x80,0x00,0x00,0x00,0x00,0x02,0xee,0xff,0xff,0xff,0xff,0xff,0xff,0x24,0x00,0x00,0x00,0x00,0x53,0xff,0xff,0xff,
  0xff,0xf3,0x08,0x00,0x00,0x6d,0xff,0xff,0xff,0xff,0xc8,0x00,0x00,0x00,0x00,0x34,0xff,0xff,0xff,0xff,0xff,0xff,0xff,0x64,
  0x00,0x00,0x00,0x00,0x9d,0xff,0xff,0xff,0xff,0xaa,0x00,0x00,0x00,0x1d,0xff,0xff,0xff,0xff,0xfd,0x12,0x00,0x00,0x00,0x76,
  0xff,0xff,0xff,0xff,0xff,0xff,0xff,0xa5,0x00,0x00,0x00,0x00,0xe5,0xff,0xff,0xff,0xff,0x59,0x00,0x00,0x00,0x00,0xcd,0xff,
  0xff,0xff,0xff,0x58,0x00,0x00,0x00,0xb9,0xff,0xff,0xff,0xff,0xff,0xff,0xff,0xe5,0x00,0x00,0x00,0x30,0xff,0xff,0xff,0xff,
  0xf9,0x0e,0x00,0x00,0x00,0x00,0x7d,0xff,0xff,0xff,0xff,0xa0,0x00,0x00,0x06,0xf5,0xff,0xff,0xff,0xef,0xff,0xff,0xff,0xff,
  0x25,0x00,0x00,0x7a,0xff,0xff,0xff,0xff,0xb6,0x00,0x00,0x00,0x00,0x00,0x2d,0xff,0xff,0xff,0xff,0xe7,0x01,0x00,0x3e,0xff,
  0xff,0xff,0xff,0x79,0xff,0xff,0xff,0xff,0x65,0x00,0x00,0xc4,0xff,0xff,0xff,0xff,0x65,0x00,0x00,0x00,0x00,0x00,0x00,0xdc,
  0xff,0xff,0xff,0xff,0x30,0x00,0x80,0xff,0xff,0xff,0xfe,0x13,0xe1,0xff,0xff,0xff,0xa5,0x00,0x11,0xfc,0xff,0xff,0xff,0xfd,
  0x17,0x00,0x00,0x00,0x00,0x00,0x00,0x8d,0xff,0xff,0xff,0xff,0x78,0x00,0xc3,0xff,0xff,0xff,0xcf,0x00,0x9e,0xff,0xff,0xff,
  0xe5,0x00,0x57,0xff,0xff,0xff,0xff,0xc3,0x00,0x00,0x00,0x00,0x00,0x00,0x00,0x3d,0xff,0xff,0xff,0xff,0xc0,0x0b,0xfa,0xff,
  0xff,0xff,0x8c,0x00,0x5a,0xff,0xff,0xff,0xff,0x26,0xa1,0xff,0xff,0xff,0xff,0x72,0x00,0x00,0x00,0x00,0x00,0x00,0x00,0x02,
  0xe9,0xff,0xff,0xff,0xfa,0x56,0xff,0xff,0xff,0xff,0x4a,0x00,0x17,0xff,0xff,0xff,0xff,0x67,0xe9,0xff,0xff,0xff,0xff,0x21,
  0x00,0x00,0x00,0x00,0x00,0x00,0x00,0x00,0x9d,0xff,0xff,0xff,0xff,0xd7,0xff,0xff,0xff,0xfb,0x0c,0x00,0x00,0xd3,0xff,0xff,
  0xff,0xd7,0xff,0xff,0xff,0xff,0xd0,0x00,0x00,0x00,0x00,0x00,0x00,0x00,0x00,0x00,0x4d,0xff,0xff,0xff,0xff,0xff,0xff,0xff,
  0xff,0xc4,0x00,0x00,0x00,0x8f,0xff,0xff,0xff,0xff,0xff,0xff,0xff,0xff,0x7e,0x00,0x00,0x00,0x00,0x00,0x00,0x00,0x00,0x00,
  0x08,0xf4,0xff,0xff,0xff,0xff,0xff,0xff,0xff,0x82,0x00,0x00,0x00,0x4c,0xff,0xff,0xff,0xff,0xff,0xff,0xff,0xff,0x2d,0x00,
  0x00,0x00,0x00,0x00,0x00,0x00,0x00,0x00,0x00,0xad,0xff,0xff,0xff,0xff,0xff,0xff,0xff,0x3f,0x00,0x00,0x00,0x0d,0xfb,0xff,
  0xff,0xff,0xff,0xff,0xff,0xdc,0x00,0x00,0x00,0x00,0x00,0x00,0x00,0x00,0x00,0x00,0x00,0x5d,0xff,0xff,0xff,0xff,0xff,0xff,
  0xf6,0x06,0x00,0x00,0x00,0x00,0xc5,0xff,0xff,0xff,0xff,0xff,0xff,0x8b,0x00,0x00,0x00,0x00,0x00,0x00,0x00,0x00,0x00,0x00,
  0x00,0x11,0xfb,0xff,0xff,0xff,0xff,0xff,0xba,0x00,0x00,0x00,0x00,0x00,0x81,0xff,0xff,0xff,0xff,0xff,0xff,0x3a,0x00,0x00,
  0x00,0x00,0x00,0x00,0x00,0x00,0x00,0x00,0x00,0x00,0xbd,0xff,0xff,0xff,0xff,0xff,0x77,0x00,0x00,0x00,0x00,0x00,0x3e,0xff,
  0xff,0xff,0xff,0xff,0xe7,0x02,0x00,0x00,0x00,0x00,0x00,0x00,0x00,0x00,0x00,0x00,0x00,0x00,0x6c,0xff,0xff,0xff,0xff,0xff,
  0x35,0x00,0x00,0x00,0x00,0x00,0x05,0xf4,0xff,0xff,0xff,0xff,0x98,0x00,0x00,0x00,0x00,0x00,0x00,0x00,0x25,0xf4,0xff,0xff,
  0xff,0xff,0xff,0x90,0x00,0x00,0x00,0x00,0x00,0x00,0x8e,0xff,0xff,0xff,0xff,0xff,0xd7,0x09,0x00,0x66,0xff,0xff,0xff,0xff,
  0xff,0xfd,0x36,0x00,0x00,0x00,0x00,0x3a,0xfd,0xff,0xff,0xff,0xff,0xfa,0x32,0x00,0x00,0x00,0xb1,0xff,0xff,0xff,0xff,0xff,
  0xd1,0x04,0x00,0x00,0x09,0xd9,0xff,0xff,0xff,0xff,0xff,0x77,0x00,0x00,0x00,0x00,0x15,0xe8,0xff,0xff,0xff,0xff,0xff,0x78,
  0x00,0x00,0x8e,0xff,0xff,0xff,0xff,0xff,0xc0,0x02,0x00,0x00,0x00,0x00,0x00,0x4a,0xff,0xff,0xff,0xff,0xff,0xf7,0x24,0x3b,
  0xfd,0xff,0xff,0xff,0xff,0xef,0x1e,0x00,0x00,0x00,0x00,0x00,0x00,0x00,0x95,0xff,0xff,0xff,0xff,0xff,0xbf,0xda,0xff,0xff,
  0xff,0xff,0xff,0x59,0x00,0x00,0x00,0x00,0x00,0x00,0x00,0x00,0x09,0xd7,0xff,0xff,0xff,0xff,0xff,0xff,0xff,0xff,0xff,0xff,
  0xa4,0x00,0x00,0x00,0x00,0x00,0x00,0x00,0x00,0x00,0x00,0x32,0xfa,0xff,0xff,0xff,0xff,0xff,0xff,0xff,0xff,0xe0,0x0f,0x00,
  0x00,0x00,0x00,0x00,0x00,0x00,0x00,0x00,0x00,0x00,0x79,0xff,0xff,0xff,0xff,0xff,0xff,0xff,0xfd,0x3d,0x00,0x00,0x00,0x00,
  0x00,0x00,0x00,0x00,0x00,0x00,0x00,0x00,0x02,0xc1,0xff,0xff,0xff,0xff,0xff,0xff,0x86,0x00,0x00,0x00,0x00,0x00,0x00,0x00,
  0x00,0x00,0x00,0x00,0x00,0x00,0x00,0x85,0xff,0xff,0xff,0xff,0xff,0xff,0x95,0x00,0x00,0x00,0x00,0x00,0x00,0x00,0x00,0x00,
  0x00,0x00,0x00,0x00,0x35,0xfb,0xff,0xff,0xff,0xff,0xff,0xff,0xff,0x47,0x00,0x00,0x00,0x00,0x00,0x00,0x00,0x00,0x00,0x00,
  0x00,0x09,0xd8,0xff,0xff,0xff,0xff,0xff,0xff,0xff,0xff,0xe5,0x12,0x00,0x00,0x00,0x00,0x00,0x00,0x00,0x00,0x00,0x00,0x93,
  0xff,0xff,0xff,0xff,0xff,0xff,0xff,0xff,0xff,0xff,0xaa,0x00,0x00,0x00,0x00,0x00,0x00,0x00,0x00,0x00,0x45,0xfe,0xff,0xff,
  0xff,0xff,0xe1,0xf4,0xff,0xff,0xff,0xff,0xff,0x5c,0x00,0x00,0x00,0x00,0x00,0x00,0x00,0x11,0xe4,0xff,0xff,0xff,0xff,0xff,
  0x44,0x6e,0xff,0xff,0xff,0xff,0xff,0xf0,0x1d,0x00,0x00,0x00,0x00,0x00,0x00,0xa7,0xff,0xff,0xff,0xff,0xff,0x9b,0x00,0x02,
  0xc5,0xff,0xff,0xff,0xff,0xff,0xbd,0x01,0x00,0x00,0x00,0x00,0x57,0xff,0xff,0xff,0xff,0xff,0xe4,0x0f,0x00,0x00,0x29,0xf8,
  0xff,0xff,0xff,0xff,0xff,0x71,0x00,0x00,0x00,0x1a,0xee,0xff,0xff,0xff,0xff,0xff,0x4b,0x00,0x00,0x00,0x00,0x7c,0xff,0xff,
  0xff,0xff,0xff,0xf7,0x2b,0x00,0x01,0xb9,0xff,0xff,0xff,0xff,0xff,0xa3,0x00,0x00,0x00,0x00,0x00,0x05,0xd0,0xff,0xff,0xff,
  0xff,0xff,0xcf,0x05,0x6b,0xff,0xff,0xff,0xff,0xff,0xe8,0x12,0x00,0x00,0x00,0x00,0x00,0x00,0x33,0xfc,0xff,0xff,0xff,0xff,
  0xff,0x87,0x88,0xff,0xff,0xff,0xff,0xff,0x46,0x00,0x00,0x00,0x00,0x00,0x00,0x00,0x00,0x3e,0xff,0xff,0xff,0xff,0xff,0x6d,
  0x28,0xff,0xff,0xff,0xff,0xff,0x9c,0x00,0x00,0x00,0x00,0x00,0x00,0x00,0x00,0x91,0xff,0xff,0xff,0xff,0xfb,0x15,0x00,0xc8,
  0xff,0xff,0xff,0xff,0xec,0x04,0x00,0x00,0x00,0x00,0x00,0x00,0x01,0xe3,0xff,0xff,0xff,0xff,0xb3,0x00,0x00,0x68,0xff,0xff,
  0xff,0xff,0xff,0x47,0x00,0x00,0x00,0x00,0x00,0x00,0x38,0xff,0xff,0xff,0xff,0xff,0x56,0x00,0x00,0x10,0xf7,0xff,0xff,0xff,
  0xff,0x9c,0x00,0x00,0x00,0x00,0x00,0x00,0x8b,0xff,0xff,0xff,0xff,0xf1,0x08,0x00,0x00,0x00,0xa7,0xff,0xff,0xff,0xff,0xed,
  0x04,0x00,0x00,0x00,0x00,0x00,0xde,0xff,0xff,0xff,0xff,0x9d,0x00,0x00,0x00,0x00,0x47,0xff,0xff,0xff,0xff,0xff,0x47,0x00,
  0x00,0x00,0x00,0x32,0xff,0xff,0xff,0xff,0xff,0x40,0x00,0x00,0x00,0x00,0x02,0xe4,0xff,0xff,0xff,0xff,0x9d,0x00,0x00,0x00,
  0x00,0x85,0xff,0xff,0xff,0xff,0xe2,0x01,0x00,0x00,0x00,0x00,0x00,0x87,0xff,0xff,0xff,0xff,0xed,0x04,0x00,0x00,0x00,0xd8,
  0xff,0xff,0xff,0xff,0x86,0x00,0x00,0x00,0x00,0x00,0x00,0x27,0xff,0xff,0xff,0xff,0xff,0x48,0x00,0x00,0x2c,0xff,0xff,0xff,
  0xff,0xff,0x2a,0x00,0x00,0x00,0x00,0x00,0x00,0x00,0xc6,0xff,0xff,0xff,0xff,0x9d,0x00,0x00,0x7f,0xff,0xff,0xff,0xff,0xcd,
  0x00,0x00,0x00,0x00,0x00,0x00,0x00,0x00,0x66,0xff,0xff,0xff,0xff,0xed,0x05,0x00,0xd3,0xff,0xff,0xff,0xff,0x70,0x00,0x00,
  0x00,0x00,0x00,0x00,0x00,0x00,0x0f,0xf6,0xff,0xff,0xff,0xff,0x48,0x26,0xff,0xff,0xff,0xff,0xfc,0x17,0x00,0x00,0x00,0x00,
  0x00,0x00,0x00,0x00,0x00,0xa6,0xff,0xff,0xff,0xff,0x9e,0x7a,0xff,0xff,0xff,0xff,0xb7,0x00,0x00,0x00,0x00,0x00,0x00,0x00,
  0x00,0x00,0x00,0x46,0xff,0xff,0xff,0xff,0xee,0xd1,0xff,0xff,0xff,0xff,0x5a,0x00,0x00,0x00,0x00,0x00,0x00,0x00,0x00,0x00,
  0x00,0x02,0xe2,0xff,0xff,0xff,0xff,0xff,0xff,0xff,0xff,0xf3,0x0a,0x00,0x00,0x00,0x00,0x00,0x00,0x00,0x00,0x00,0x00,0x00,
  0x85,0xff,0xff,0xff,0xff,0xff,0xff,0xff,0xff,0xa0,0x00,0x00,0x00,0x00,0x00,0x00,0x00,0x00,0x00,0x00,0x00,0x00,0x25,0xff,
  0xff,0xff,0xff,0xff,0xff,0xff,0xff,0x43,0x00,0x00,0x00,0x00,0x00,0x00,0x00,0x00,0x00,0x00,0x00,0x00,0x00,0xc5,0xff,0xff,
  0xff,0xff,0xff,0xff,0xe4,0x02,0x00,0x00,0x00,0x00,0x00,0x00,0x00,0x00,0x00,0x00,0x00,0x00,0x00,0x65,0xff,0xff,0xff,0xff,
  0xff,0xff,0x8a,0x00,0x00,0x00,0x00,0x00,0x00,0x00,0x00,0x00,0x00,0x00,0x00,0x00,0x00,0x0e,0xf5,0xff,0xff,0xff,0xff,0xff,
  0x2d,0x00,0x00,0x00,0x00,0x00,0x00,0x00,0x00,0x00,0x00,0x00,0x00,0x00,0x00,0x0d,0xf6,0xff,0xff,0xff,0xff,0xce,0x00,0x00,
  0x00,0x00,0x00,0x00,0x00,0x00,0x00,0x00,0x00,0x00,0x00,0x00,0x00,0x68,0xff,0xff,0xff,0xff,0xff,0x70,0x00,0x00,0x00,0x00,
  0x00,0x00,0x00,0x00,0x00,0x00,0x00,0x00,0x00,0x00,0x14,0xeb,0xff,0xff,0xff,0xff,0xfa,0x16,0x00,0x00,0x00,0x00,0x00,0x00,
  0x00,0x00,0x00,0x15,0x1d,0x06,0x0b,0x46,0xd2,0xff,0xff,0xff,0xff,0xff,0xa1,0x00,0x00,0x00,0x00,0x00,0x00,0x00,0x00,0x00,
  0x00,0x4d,0xff,0xff,0xff,0xff,0xff,0xff,0xff,0xff,0xff,0xf9,0x26,0x00,0x00,0x00,0x00,0x00,0x00,0x00,0x00,0x00,0x00,0x2d,
  0xff,0xff,0xff,0xff,0xff,0xff,0xff,0xff,0xff,0x77,0x00,0x00,0x00,0x00,0x00,0x00,0x00,0x00,0x00,0x00,0x00,0x0e,0xff,0xff,
  0xff,0xff,0xff,0xff,0xff,0xfb,0x7d,0x00,0x00,0x00,0x00,0x00,0x00,0x00,0x00,0x00,0x00,0x00,0x00,0x00,0xba,0xe6,0xf8,0xfb,
  0xed,0xc7,0x86,0x24,0x00,0x00,0x00,0x00,0x00,0x00,0x00,0x00,0x00,0x00,0x00,0x00,0x00,0x94,0xff,0xff,0xff,0xff,0xff,0xff,
  0xff,0xff,0xff,0xff,0xff,0xff,0xff,0xff,0xff,0xff,0x94,0x00,0x00,0x94,0xff,0xff,0xff,0xff,0xff,0xff,0xff,0xff,0xff,0xff,
  0xff,0xff,0xff,0xff,0xff,0xff,0x94,0x00,0x00,0x94,0xff,0xff,0xff,0xff,0xff,0xff,0xff,0xff,0xff,0xff,0xff,0xff,0xff,0xff,
  0xff,0xff,0x94,0x00,0x00,0x94,0xff,0xff,0xff,0xff,0xff,0xff,0xff,0xff,0xff,0xff,0xff,0xff,0xff,0xff,0xff,0xff,0x94,0x00,
  0x00,0x00,0x00,0x00,0x00,0x00,0x00,0x00,0x00,0x00,0x38,0xf6,0xff,0xff,0xff,0xff,0xff,0xf7,0x34,0x00,0x00,0x00,0x00,0x00,
  0x00,0x00,0x00,0x00,0x00,0x1f,0xea,0xff,0xff,0xff,0xff,0xff,0xff,0x5d,0x00,0x00,0x00,0x00,0x00,0x00,0x00,0x00,0x00,0x00,
  0x0b,0xd1,0xff,0xff,0xff,0xff,0xff,0xff,0x8c,0x00,0x00,0x00,0x00,0x00,0x00,0x00,0x00,0x00,0x00,0x00,0xab,0xff,0xff,0xff,
  0xff,0xff,0xff,0xb9,0x03,0x00,0x00,0x00,0x00,0x00,0x00,0x00,0x00,0x00,0x00,0x7c,0xff,0xff,0xff,0xff,0xff,0xff,0xdb,0x11,
  0x00,0x00,0x00,0x00,0x00,0x00,0x00,0x00,0x00,0x00,0x4b,0xfd,0xff,0xff,0xff,0xff,0xff,0xf2,0x2a,0x00,0x00,0x00,0x00,0x00,
  0x00,0x00,0x00,0x00,0x00,0x26,0xf0,0xff,0xff,0xff,0xff,0xff,0xfe,0x4f,0x00,0x00,0x00,0x00,0x00,0x00,0x00,0x00,0x00,0x00,
  0x0e,0xd7,0xff,0xff,0xff,0xff,0xff,0xff,0x7e,0x00,0x00,0x00,0x00,0x00,0x00,0x00,0x00,0x00,0x00,0x01,0xb2,0xff,0xff,0xff,
  0xff,0xff,0xff,0xad,0x01,0x00,0x00,0x00,0x00,0x00,0x00,0x00,0x00,0x00,0x00,0x83,0xff,0xff,0xff,0xff,0xff,0xff,0xd2,0x0c,
  0x00,0x00,0x00,0x00,0x00,0x00,0x00,0x00,0x00,0x00,0x51,0xfe,0xff,0xff,0xff,0xff,0xff,0xe6,0x1e,0x00,0x00,0x00,0x00,0x00,
  0x00,0x00,0x00,0x00,0x00,0x2b,0xf3,0xff,0xff,0xff,0xff,0xff,0xf4,0x33,0x00,0x00,0x00,0x00,0x00,0x00,0x00,0x00,0x00,0x00,
  0x11,0xdb,0xff,0xff,0xff,0xff,0xff,0xfd,0x4d,0x00,0x00,0x00,0x00,0x00,0x00,0x00,0x00,0x00,0x00,0x00,0x54,0xff,0xff,0xff,
  0xff,0xff,0xff,0xff,0xff,0xff,0xff,0xff,0xff,0xff,0xff,0xff,0xff,0xff,0xff,0x30,0x54,0xff,0xff,0xff,0xff,0xff,0xff,0xff,
  0xff,0xff,0xff,0xff,0xff,0xff,0xff,0xff,0xff,0xff,0xff,0x30,0x54,0xff,0xff,0xff,0xff,0xff,0xff,0xff,0xff,0xff,0xff,0xff,
  0xff,0xff,0xff,0xff,0xff,0xff,0xff,0x30,0x54,0xff,0xff,0xff,0xff,0xff,0xff,0xff,0xff,0xff,0xff,0xff,0xff,0xff,0xff,0xff,
  0xff,0xff,0xff,0x30,0x00,0x00,0x00,0x00,0x00,0x00,0x00,0x00,0x20,0x87,0xcb,0xeb,0xfa,0xff,0x88,0x00,0x00,0x00,0x00,0x00,
  0x00,0x00,0x00,0x77,0xfb,0xff,0xff,0xff,0xff,0xff,0x88,0x00,0x00,0x00,0x00,0x00,0x00,0x00,0x63,0xff,0xff,0xff,0xff,0xff,
  0xff,0xff,0x88,0x00,0x00,0x00,0x00,0x00,0x00,0x02,0xe4,0xff,0xff,0xff,0xff,0xff,0xff,0xff,0x88,0x00,0x00,0x00,0x00,0x00,
  0x00,0x37,0xff,0xff,0xff,0xff,0xff,0xff,0xff,0xff,0x88,0x00,0x00,0x00,0x00,0x00,0x00,0x5f,0xff,0xff,0xff,0xff,0xfb,0x6a,
  0x19,0x06,0x00,0x00,0x00,0x00,0x00,0x00,0x00,0x75,0xff,0xff,0xff,0xff,0xaf,0x00,0x00,0x00,0x00,0x00,0x00,0x00,0x00,0x00,
  0x00,0x81,0xff,0xff,0xff,0xff,0x8f,0x00,0x00,0x00,0x00,0x00,0x00,0x00,0x00,0x00,0x00,0x89,0xff,0xff,0xff,0xff,0x87,0x00,
  0x00,0x00,0x00,0x00,0x00,0x00,0x00,0x00,0x00,0x8b,0xff,0xff,0xff,0xff,0x7f,0x00,0x00,0x00,0x00,0x00,0x00,0x00,0x00,0x00,
  0x00,0x8e,0xff,0xff,0xff,0xff,0x75,0x00,0x00,0x00,0x00,0x00,0x00,0x00,0x00,0x00,0x00,0x93,0xff,0xff,0xff,0xff,0x69,0x00,
  0x00,0x00,0x00,0x00,0x00,0x00,0x00,0x00,0x00,0xa2,0xff,0xff,0xff,0xff,0x5a,0x00,0x00,0x00,0x00,0x00,0x00,0x00,0x00,0x00,
  0x00,0xc8,0xff,0xff,0xff,0xff,0x41,0x00,0x00,0x00,0x00,0x00,0x00,0x00,0x00,0x00,0x16,0xfa,0xff,0xff,0xff,0xff,0x17,0x00,
  0x00,0x00,0x00,0x00,0x00,0x00,0x00,0x00,0x96,0xff,0xff,0xff,0xff,0xce,0x00,0x00,0x00,0x00,0x00,0x00,0x00,0x0a,0x31,0x98,
  0xff,0xff,0xff,0xff,0xff,0x5e,0x00,0x00,0x00,0x00,0x00,0x00,0x00,0xd4,0xff,0xff,0xff,0xff,0xff,0xff,0xac,0x00,0x00,0x00,
  0x00,0x00,0x00,0x00,0x00,0xd4,0xff,0xff,0xff,0xff,0xfe,0x8e,0x05,0x00,0x00,0x00,0x00,0x00,0x00,0x00,0x00,0xd4,0xff,0xff,
  0xff,0xff,0xfe,0x9a,0x09,0x00,0x00,0x00,0x00,0x00,0x00,0x00,0x00,0xd4,0xff,0xff,0xff,0xff,0xff,0xff,0xc1,0x05,0x00,0x00,
  0x00,0x00,0x00,0x00,0x00,0x0d,0x36,0x9b,0xff,0xff,0xff,0xff,0xff,0x77,0x00,0x00,0x00,0x00,0x00,0x00,0x00,0x00,0x00,0x00,
  0x8c,0xff,0xff,0xff,0xff,0xe3,0x00,0x00,0x00,0x00,0x00,0x00,0x00,0x00,0x00,0x00,0x13,0xf7,0xff,0xff,0xff,0xff,0x23,0x00,
  0x00,0x00,0x00,0x00,0x00,0x00,0x00,0x00,0x00,0xc0,0xff,0xff,0xff,0xff,0x48,0x00,0x00,0x00,0x00,0x00,0x00,0x00,0x00,0x00,
  0x00,0xa3,0xff,0xff,0xff,0xff,0x60,0x00,0x00,0x00,0x00,0x00,0x00,0x00,0x00,0x00,0x00,0x95,0xff,0xff,0xff,0xff,0x6d,0x00,
  0x00,0x00,0x00,0x00,0x00,0x00,0x00,0x00,0x00,0x8f,0xff,0xff,0xff,0xff,0x78,0x00,0x00,0x00,0x00,0x00,0x00,0x00,0x00,0x00,
  0x00,0x8c,0xff,0xff,0xff,0xff,0x82,0x00,0x00,0x00,0x00,0x00,0x00,0x00,0x00,0x00,0x00,0x88,0xff,0xff,0xff,0xff,0x8b,0x00,
  0x00,0x00,0x00,0x00,0x00,0x00,0x00,0x00,0x00,0x7f,0xff,0xff,0xff,0xff,0xaa,0x00,0x00,0x00,0x00,0x00,0x00,0x00,0x00,0x00,
  0x00,0x6c,0xff,0xff,0xff,0xff,0xfa,0x69,0x18,0x04,0x00,0x00,0x00,0x00,0x00,0x00,0x00,0x49,0xff,0xff,0xff,0xff,0xff,0xff,
  0xff,0xff,0x88,0x00,0x00,0x00,0x00,0x00,0x00,0x0a,0xf2,0xff,0xff,0xff,0xff,0xff,0xff,0xff,0x88,0x00,0x00,0x00,0x00,0x00,
  0x00,0x00,0x79,0xff,0xff,0xff,0xff,0xff,0xff,0xff,0x88,0x00,0x00,0x00,0x00,0x00,0x00,0x00,0x01,0x8d,0xff,0xff,0xff,0xff,
  0xff,0xff,0x88,0x00,0x00,0x00,0x00,0x00,0x00,0x00,0x00,0x00,0x31,0x96,0xce,0xec,0xfa,0xff,0x88,0x00,0x00,0x00,0x00,0x90,
  0xff,0xff,0xff,0xcc,0x00,0x00,0x00,0x00,0x00,0x00,0x90,0xff,0xff,0xff,0xcc,0x00,0x00,0x00,0x00,0x00,0x00,0x90,0xff,0xff,
  0xff,0xcc,0x00,0x00,0x00,0x00,0x00,0x00,0x90,0xff,0xff,0xff,0xcc,0x00,0x00,0x00,0x00,0x00,0x00,0x90,0xff,0xff,0xff,0xcc,
  0x00,0x00,0x00,0x00,0x00,0x00,0x90,0xff,0xff,0xff,0xcc,0x00,0x00,0x00,0x00,0x00,0x00,0x90,0xff,0xff,0xff,0xcc,0x00,0x00,
  0x00,0x00,0x00,0x00,0x90,0xff,0xff,0xff,0xcc,0x00,0x00,0x00,0x00,0x00,0x00,0x90,0xff,0xff,0xff,0xcc,0x00,0x00,0x00,0x00,
  0x00,0x00,0x90,0xff,0xff,0xff,0xcc,0x00,0x00,0x00,0x00,0x00,0x00,0x90,0xff,0xff,0xff,0xcc,0x00,0x00,0x00,0x00,0x00,0x00,
  0x90,0xff,0xff,0xff,0xcc,0x00,0x00,0x00,0x00,0x00,0x00,0x90,0xff,0xff,0xff,0xcc,0x00,0x00,0x00,0x00,0x00,0x00,0x90,0xff,
  0xff,0xff,0xcc,0x00,0x00,0x00,0x00,0x00,0x00,0x90,0xff,0xff,0xff,0xcc,0x00,0x00,0x00,0x00,0x00,0x00,0x90,0xff,0xff,0xff,
  0xcc,0x00,0x00,0x00,0x00,0x00,0x00,0x90,0xff,0xff,0xff,0xcc,0x00,0x00,0x00,0x00,0x00,0x00,0x90,0xff,0xff,0xff,0xcc,0x00,
  0x00,0x00,0x00,0x00,0x00,0x90,0xff,0xff,0xff,0xcc,0x00,0x00,0x00,0x00,0x00,0x00,0x90,0xff,0xff,0xff,0xcc,0x00,0x00,0x00,
  0x00,0x00,0x00,0x90,0xff,0xff,0xff,0xcc,0x00,0x00,0x00,0x00,0x00,0x00,0x90,0xff,0xff,0xff,0xcc,0x00,0x00,0x00,0x00,0x00,
  0x00,0x90,0xff,0xff,0xff,0xcc,0x00,0x00,0x00,0x00,0x00,0x00,0x90,0xff,0xff,0xff,0xcc,0x00,0x00,0x00,0x00,0x00,0x00,0x90,
  0xff,0xff,0xff,0xcc,0x00,0x00,0x00,0x00,0x00,0x00,0x90,0xff,0xff,0xff,0xcc,0x00,0x00,0x00,0x00,0x00,0x00,0x90,0xff,0xff,
  0xff,0xcc,0x00,0x00,0x00,0x00,0x00,0x00,0x90,0xff,0xff,0xff,0xcc,0x00,0x00,0x00,0x00,0x00,0x00,0x90,0xff,0xff,0xff,0xcc,
  0x00,0x00,0x00,0x00,0x00,0x00,0x90,0xff,0xff,0xff,0xcc,0x00,0x00,0x00,0x00,0x00,0x00,0x90,0xff,0xff,0xff,0xcc,0x00,0x00,
  0x00,0x00,0x00,0x00,0x90,0xff,0xff,0xff,0xcc,0x00,0x00,0x00,0x00,0x00,0x00,0x90,0xff,0xff,0xff,0xcc,0x00,0x00,0x00,0x00,
  0x00,0x00,0x90,0xff,0xff,0xff,0xcc,0x00,0x00,0x00,0x00,0x00,0x00,0x90,0xff,0xff,0xff,0xcc,0x00,0x00,0x00,0x00,0x00,0x00,
  0x90,0xff,0xff,0xff,0xcc,0x00,0x00,0x00,0x00,0x00,0x00,0x90,0xff,0xff,0xff,0xcc,0x00,0x00,0x00,0x00,0x00,0x00,0x90,0xff,
  0xff,0xff,0xcc,0x00,0x00,0x00,0x20,0xff,0xfc,0xf2,0xda,0xae,0x56,0x03,0x00,0x00,0x00,0x00,0x00,0x00,0x00,0x00,0x20,0xff,
  0xff,0xff,0xff,0xff,0xff,0xc6,0x17,0x00,0x00,0x00,0x00,0x00,0x00,0x00,0x20,0xff,0xff,0xff,0xff,0xff,0xff,0xff,0xc1,0x02,
  0x00,0x00,0x00,0x00,0x00,0x00,0x20,0xff,0xff,0xff,0xff,0xff,0xff,0xff,0xff,0x4e,0x00,0x00,0x00,0x00,0x00,0x00,0x20,0xff,
  0xff,0xff,0xff,0xff,0xff,0xff,0xff,0xa1,0x00,0x00,0x00,0x00,0x00,0x00,0x00,0x03,0x0f,0x39,0xce,0xff,0xff,0xff,0xff,0xcc,
  0x00,0x00,0x00,0x00,0x00,0x00,0x00,0x00,0x00,0x00,0x49,0xff,0xff,0xff,0xff,0xe3,0x00,0x00,0x00,0x00,0x00,0x00,0x00,0x00,
  0x00,0x00,0x2b,0xff,0xff,0xff,0xff,0xef,0x00,0x00,0x00,0x00,0x00,0x00,0x00,0x00,0x00,0x00,0x20,0xff,0xff,0xff,0xff,0xf5,
  0x00,0x00,0x00,0x00,0x00,0x00,0x00,0x00,0x00,0x00,0x19,0xff,0xff,0xff,0xff,0xf8,0x00,0x00,0x00,0x00,0x00,0x00,0x00,0x00,
  0x00,0x00,0x0f,0xff,0xff,0xff,0xff,0xfb,0x00,0x00,0x00,0x00,0x00,0x00,0x00,0x00,0x00,0x00,0x04,0xff,0xff,0xff,0xff,0xff,
  0x03,0x00,0x00,0x00,0x00,0x00,0x00,0x00,0x00,0x00,0x00,0xf4,0xff,0xff,0xff,0xff,0x13,0x00,0x00,0x00,0x00,0x00,0x00,0x00,
  0x00,0x00,0x00,0xdc,0xff,0xff,0xff,0xff,0x32,0x00,0x00,0x00,0x00,0x00,0x00,0x00,0x00,0x00,0x00,0xa9,0xff,0xff,0xff,0xff,
  0x7f,0x00,0x00,0x00,0x00,0x00,0x00,0x00,0x00,0x00,0x00,0x63,0xff,0xff,0xff,0xff,0xe7,0x18,0x00,0x00,0x00,0x00,0x00,0x00,
  0x00,0x00,0x00,0x09,0xe5,0xff,0xff,0xff,0xff,0xd8,0x59,0x1d,0x01,0x00,0x00,0x00,0x00,0x00,0x00,0x00,0x48,0xf9,0xff,0xff,
  0xff,0xff,0xff,0xff,0x3c,0x00,0x00,0x00,0x00,0x00,0x00,0x00,0x00,0x3e,0xe5,0xff,0xff,0xff,0xff,0xff,0x3c,0x00,0x00,0x00,
  0x00,0x00,0x00,0x00,0x00,0x51,0xe9,0xff,0xff,0xff,0xff,0xff,0x3c,0x00,0x00,0x00,0x00,0x00,0x00,0x00,0x5e,0xfe,0xff,0xff,
  0xff,0xff,0xff,0xff,0x3c,0x00,0x00,0x00,0x00,0x00,0x00,0x17,0xf4,0xff,0xff,0xff,0xff,0xd0,0x4c,0x16,0x00,0x00,0x00,0x00,
  0x00,0x00,0x00,0x7b,0xff,0xff,0xff,0xff,0xe2,0x11,0x00,0x00,0x00,0x00,0x00,0x00,0x00,0x00,0x00,0xbc,0xff,0xff,0xff,0xff,
  0x70,0x00,0x00,0x00,0x00,0x00,0x00,0x00,0x00,0x00,0x00,0xdf,0xff,0xff,0xff,0xff,0x28,0x00,0x00,0x00,0x00,0x00,0x00,0x00,
  0x00,0x00,0x00,0xf6,0xff,0xff,0xff,0xff,0x08,0x00,0x00,0x00,0x00,0x00,0x00,0x00,0x00,0x00,0x05,0xff,0xff,0xff,0xff,0xfc,
  0x00,0x00,0x00,0x00,0x00,0x00,0x00,0x00,0x00,0x00,0x11,0xff,0xff,0xff,0xff,0xf8,0x00,0x00,0x00,0x00,0x00,0x00,0x00,0x00,
  0x00,0x00,0x1c,0xff,0xff,0xff,0xff,0xf5,0x00,0x00,0x00,0x00,0x00,0x00,0x00,0x00,0x00,0x00,0x26,0xff,0xff,0xff,0xff,0xf0,
  0x00,0x00,0x00,0x00,0x00,0x00,0x00,0x00,0x00,0x00,0x45,0xff,0xff,0xff,0xff,0xe5,0x00,0x00,0x00,0x00,0x00,0x00,0x00,0x01,
  0x0e,0x3b,0xd0,0xff,0xff,0xff,0xff,0xd2,0x00,0x00,0x00,0x00,0x00,0x00,0x20,0xff,0xff,0xff,0xff,0xff,0xff,0xff,0xff,0xb1,
  0x00,0x00,0x00,0x00,0x00,0x00,0x20,0xff,0xff,0xff,0xff,0xff,0xff,0xff,0xff,0x67,0x00,0x00,0x00,0x00,0x00,0x00,0x20,0xff,
  0xff,0xff,0xff,0xff,0xff,0xff,0xde,0x0d,0x00,0x00,0x00,0x00,0x00,0x00,0x20,0xff,0xff,0xff,0xff,0xff,0xff,0xd5,0x2a,0x00,
  0x00,0x00,0x00,0x00,0x00,0x00,0x20,0xff,0xfe,0xf4,0xde,0xaf,0x56,0x06,0x00,0x00,0x00,0x00,0x00,0x00,0x00,0x00,0x00,0x00,
  0x00,0x0b,0x70,0xc7,0xee,0xf9,0xe1,0xaa,0x52,0x04,0x00,0x00,0x00,0x00,0x00,0x00,0x00,0x00,0x00,0x77,0x0b,0x00,0x00,0x39,
  0xdd,0xff,0xff,0xff,0xff,0xff,0xff,0xff,0xe5,0x79,0x12,0x00,0x00,0x00,0x00,0x00,0x08,0x8e,0xff,0x0c,0x00,0x3d,0xf4,0xff,
  0xff,0xff,0xff,0xff,0xff,0xff,0xff,0xff,0xff,0xf6,0x9d,0x42,0x0a,0x1e,0x6b,0xdb,0xff,0xff,0x0c,0x00,0xb0,0xff,0xff,0xff,
  0xff,0xff,0xff,0xff,0xff,0xff,0xff,0xff,0xff,0xff,0xff,0xff,0xff,0xff,0xff,0xff,0xff,0x0c,0x00,0xb0,0xff,0xff,0xff,0xff,
  0xff,0xff,0xff,0xff,0xff,0xff,0xff,0xff,0xff,0xff,0xff,0xff,0xff,0xff,0xff,0xff,0x0c,0x00,0xb0,0xff,0xf0,0x84,0x2b,0x09,
  0x19,0x55,0xac,0xfa,0xff,0xff,0xff,0xff,0xff,0xff,0xff,0xff,0xff,0xff,0x89,0x00,0x00,0xb0,0xc7,0x1f,0x00,0x00,0x00,0x00,
  0x00,0x00,0x1c,0x8c,0xf3,0xff,0xff,0xff,0xff,0xff,0xff,0xf1,0x62,0x00,0x00,0x00,0x73,0x0c,0x00,0x00,0x00,0x00,0x00,0x00,
  0x00,0x00,0x00,0x11,0x72,0xc5,0xf2,0xf4,0xd1,0x80,0x16,0x00,0x00,0x00,0x00,0x00,0x00,0x00,0x00,0x00,0x00,0x00,0x00,0x00,
  0x00,0x00,0x00,0x00,0x00,0x00,0x00,0x00,0x00,0x00,0x00,0x00,0x00,0x00,0x00,0x00,0x00,0x00,0x00,0x00,0x00,0x00,0x00,0x00,
  0x00,0x00,0x00,0x00,0x00,0x00,0x00,0x00,0x00,0x00,0x00,0x00,0x00,0x00,0x00,0x00,0x00,0x00,0x00,0x00,0x00,0x00,0x00,0x00,
  0x00,0x00,0x00,0x00,0x00,0x00,0x00,0x00,0x00,0x00,0x00,0x00,0x00,0x00,0x00,0x00,0x00,0x00,0x00,0x00,0x00,0x00,0x00,0x00,
  0x00,0x00,0x00,0x00,0x00,0x00,0x00,0x00,0x00,0x00,0x00,0x00,0x00,0x00,0x00,0x00,0x00,0x00,0x00,0x00,0x00,0x00,0x00,0x00,
  0x00,0x00,0x00,0x00,0x00,0x00,0x00,0x00,0x00,0x00,0x00,0x00,0x00,0x00,0x00,0x00,0x00,0x00,0x00,0x00,0x00,0x00,0x00,0x00,
  0x00,0x00,0x00,0x00,0x00,0x00,0x00,0x00,0x00,0x00,0x00,0x00,0x00,0x00,0x00,0x00,0x00,0x00,0x00,0x00,0x00,0x00,0x00,0x00,
  0x00,0x00,0x00,0x00,0x00,0x00,0x00,0x00,0x00,0x00,0x00,0x00,0x00,0x00,0x00,0x00,0x00,0x00,0x00,0x00,0x00,0x00,0x00,0x00,
  0x00,0x00,0x00,0x00,0x00,0x00,0x00,0x00,0x00,0x00,0x00,0x00,0x00,0x00,0x00,0x00,0x00,0x00,0x00,0x00,0x00,0x00,0x00,0x00,
  0x00,0x00,0x00,0x00,0x00,0x00,0x00,0x00,0x00,0x00,0x00,0x00,0x00,0x00,0x00,0x00,0x00,0x00,0x00,0x00,0x00,0x00,0x00,0x00,
  0x00,0x00,0x00,0x00,0x00,0x00,0x00,0x00,0x00,0x00,0x00,0x4d,0xff,0xff,0xff,0xf5,0x1c,0x00,0x00,0xa5,0xff,0xff,0xff,0xbb,
  0x00,0x00,0x00,0x00,0x00,0x00,0x00,0x00,0x15,0xe8,0xff,0xff,0xff,0x80,0x00,0x00,0x56,0xff,0xff,0xff,0xfc,0x2d,0x00,0x00,
  0x00,0x00,0x00,0x00,0x00,0x00,0xb0,0xff,0xff,0xff,0xe3,0x0a,0x00,0x1a,0xed,0xff,0xff,0xff,0x98,0x00,0x00,0x00,0x00,0x00,
  0x00,0x00,0x00,0x62,0xff,0xff,0xff,0xff,0x5c,0x00,0x01,0xb9,0xff,0xff,0xff,0xf1,0x16,0x00,0x00,0x00,0x00,0x00,0x00,0x00,
  0x21,0xf2,0xff,0xff,0xff,0xc8,0x01,0x00,0x6c,0xff,0xff,0xff,0xff,0x75,0x00,0x00,0x00,0x00,0x00,0x00,0x00,0x02,0xc2,0xff,
  0xff,0xff,0xfe,0x38,0x00,0x27,0xf6,0xff,0xff,0xff,0xdd,0x07,0x00,0x00,0x00,0x00,0x00,0x00,0x00,0x78,0xff,0xff,0xff,0xff,
  0xa5,0x00,0x04,0xca,0xff,0xff,0xff,0xff,0x53,0x00,0x00,0x00,0x00,0x00,0x00,0x00,0x2f,0xf9,0xff,0xff,0xff,0xf6,0x1d,0x00,
  0x81,0xff,0xff,0xff,0xff,0xc1,0x00,0x00,0x00,0x00,0x00,0x00,0x00,0x05,0xd3,0xff,0xff,0xff,0xff,0x82,0x00,0x34,0xfb,0xff,
  0xff,0xff,0xff,0x32,0x00,0x00,0x00,0x00,0x00,0x00,0x00,0x00,0xb6,0xff,0xff,0xff,0xff,0x9e,0x00,0x1d,0xf1,0xff,0xff,0xff,
  0xff,0x4e,0x00,0x00,0x00,0x00,0x00,0x00,0x00,0x00,0x1a,0xee,0xff,0xff,0xff,0xfd,0x2f,0x00,0x61,0xff,0xff,0xff,0xff,0xd7,
  0x04,0x00,0x00,0x00,0x00,0x00,0x00,0x00,0x00,0x5c,0xff,0xff,0xff,0xff,0xbc,0x00,0x00,0xb3,0xff,0xff,0xff,0xff,0x6a,0x00,
  0x00,0x00,0x00,0x00,0x00,0x00,0x00,0x00,0xae,0xff,0xff,0xff,0xff,0x4a,0x00,0x18,0xed,0xff,0xff,0xff,0xe9,0x0d,0x00,0x00,
  0x00,0x00,0x00,0x00,0x00,0x00,0x16,0xea,0xff,0xff,0xff,0xd5,0x03,0x00,0x59,0xff,0xff,0xff,0xff,0x85,0x00,0x00,0x00,0x00,
  0x00,0x00,0x00,0x00,0x00,0x53,0xff,0xff,0xff,0xff,0x68,0x00,0x00,0xab,0xff,0xff,0xff,0xf6,0x1c,0x00,0x00,0x00,0x00,0x00,
  0x00,0x00,0x00,0x00,0xa6,0xff,0xff,0xff,0xe9,0x0d,0x00,0x14,0xe9,0xff,0xff,0xff,0xa1,0x00,0x00,0x00,0x00,0x00,0x00,0x00,
  0x00,0x00,0x12,0xe6,0xff,0xff,0xff,0x85,0x00,0x00,0x50,0xff,0xff,0xff,0xfd,0x31,0x00,0x00,0x00,0x00,0x00,0x00,0x00,0x00,
  0x00,0x4b,0xff,0xff,0xff,0xf6,0x1d,0x00,0x00,0xa3,0xff,0xff,0xff,0xbc,0x00,0x00,0x00,0x00,0x00,0x00,0x00,0x00,0x00,0x00,
  0x00,0x00,0x00,0x00,0x00,0x00,0x00,0x00,0x00,0x00,0x00,0x00,0x00,0x00,0x00,0x00,0x00,0x18,0xff,0xff,0xff,0xff,0xff,0x64,
  0x00,0x00,0x00,0x00,0x00,0x00,0x18,0xff,0xff,0xff,0xff,0xff,0x64,0x00,0x00,0x00,0x00,0x00,0x00,0x18,0xff,0xff,0xff,0xff,
  0xff,0x64,0x00,0x00,0x00,0x00,0x00,0x00,0x18,0xff,0xff,0xff,0xff,0xff,0x64,0x00,0x00,0x00,0x00,0x00,0x00,0x18,0xff,0xff,
  0xff,0xff,0xff,0x64,0x00,0x00,0x00,0x00,0x00,0x00,0x18,0xff,0xff,0xff,0xff,0xff,0x64,0x00,0x00,0x00,0x00,0x00,0x00,0x00,
  0x00,0x00,0x00,0x00,0x00,0x00,0x00,0x00,0x00,0x00,0x00,0x00,0x00,0x00,0x00,0x00,0x00,0x00,0x00,0x00,0x00,0x00,0x00,0x00,
  0x00,0x00,0x00,0x00,0x00,0x00,0x00,0x00,0x00,0x00,0x00,0x00,0x00,0x00,0x00,0x00,0x00,0x00,0x00,0x00,0x00,0x00,0x00,0x00,
  0x00,0x00,0x00,0x00,0x00,0x00,0x00,0x00,0x00,0x00,0x00,0x00,0x00,0x00,0x00,0x00,0x00,0x00,0x00,0x00,0x00,0x00,0x00,0x00,
  0x00,0x00,0x00,0x00,0x00,0x00,0x00,0x00,0x00,0x00,0x00,0x00,0x00,0x00,0x00,0x00,0x00,0x00,0x00,0x00,0x00,0x00,0x00,0x00,
  0x00,0x00,0x00,0x00,0x00,0x00,0x00,0x00,0x00,0x00,0x00,0x00,0x00,0x00,0x00,0x00,0x00,0x00,0x00,0x00,0x00,0x00,0x00,0x00,
  0x00,0x00,0x00,0x00,0x00,0x00,0x00,0x00,0x00,0x00,0x00,0x00,0x00,0x00,0x00,0x00,0x00,0x00,0x00,0x00,0x00,0xa5,0xff,0xff,
  0xff,0xb9,0x00,0x00,0x10,0xec,0xff,0xff,0xff,0x62,0x00,0x00,0x00,0x00,0x00,0x00,0x00,0x00,0x00,0x1e,0xf7,0xff,0xff,0xff,
  0x68,0x00,0x00,0x6e,0xff,0xff,0xff,0xf1,0x1e,0x00,0x00,0x00,0x00,0x00,0x00,0x00,0x00,0x00,0x87,0xff,0xff,0xff,0xf3,0x22,
  0x00,0x05,0xda,0xff,0xff,0xff,0xbc,0x01,0x00,0x00,0x00,0x00,0x00,0x00,0x00,0x00,0x0e,0xea,0xff,0xff,0xff,0xc1,0x01,0x00,
  0x50,0xff,0xff,0xff,0xff,0x6b,0x00,0x00,0x00,0x00,0x00,0x00,0x00,0x00,0x00,0x69,0xff,0xff,0xff,0xff,0x71,0x00,0x00,0xc0,
  0xff,0xff,0xff,0xf5,0x24,0x00,0x00,0x00,0x00,0x00,0x00,0x00,0x00,0x03,0xd6,0xff,0xff,0xff,0xf7,0x28,0x00,0x33,0xfe,0xff,
  0xff,0xff,0xc4,0x02,0x00,0x00,0x00,0x00,0x00,0x00,0x00,0x00,0x4b,0xff,0xff,0xff,0xff,0xc9,0x03,0x00,0xa3,0xff,0xff,0xff,
  0xff,0x75,0x00,0x00,0x00,0x00,0x00,0x00,0x00,0x00,0x00,0xbc,0xff,0xff,0xff,0xff,0x7a,0x00,0x1d,0xf6,0xff,0xff,0xff,0xf8,
  0x2a,0x00,0x00,0x00,0x00,0x00,0x00,0x00,0x00,0x2f,0xfd,0xff,0xff,0xff,0xf9,0x2e,0x00,0x85,0xff,0xff,0xff,0xff,0xcb,0x04,
  0x00,0x00,0x00,0x00,0x00,0x00,0x00,0x1d,0xf7,0xff,0xff,0xff,0xff,0x47,0x00,0x6c,0xff,0xff,0xff,0xff,0xe1,0x0d,0x00,0x00,
  0x00,0x00,0x00,0x00,0x00,0xa6,0xff,0xff,0xff,0xff,0x96,0x00,0x11,0xec,0xff,0xff,0xff,0xfe,0x40,0x00,0x00,0x00,0x00,0x00,
  0x00,0x00,0x38,0xfe,0xff,0xff,0xff,0xda,0x0a,0x00,0x90,0xff,0xff,0xff,0xff,0x8c,0x00,0x00,0x00,0x00,0x00,0x00,0x00,0x01,
  0xc8,0xff,0xff,0xff,0xfc,0x37,0x00,0x26,0xfa,0xff,0xff,0xff,0xd4,0x07,0x00,0x00,0x00,0x00,0x00,0x00,0x00,0x5c,0xff,0xff,
  0xff,0xff,0x82,0x00,0x00,0xb4,0xff,0xff,0xff,0xf9,0x30,0x00,0x00,0x00,0x00,0x00,0x00,0x00,0x0a,0xe3,0xff,0xff,0xff,0xcc,
  0x04,0x00,0x45,0xff,0xff,0xff,0xff,0x78,0x00,0x00,0x00,0x00,0x00,0x00,0x00,0x00,0x80,0xff,0xff,0xff,0xf6,0x28,0x00,0x03,
  0xd3,0xff,0xff,0xff,0xc4,0x02,0x00,0x00,0x00,0x00,0x00,0x00,0x00,0x1b,0xf5,0xff,0xff,0xff,0x6d,0x00,0x00,0x6a,0xff,0xff,
  0xff,0xf3,0x22,0x00,0x00,0x00,0x00,0x00,0x00,0x00,0x00,0xa3,0xff,0xff,0xff,0xbb,0x01,0x00,0x0f,0xeb,0xff,0xff,0xff,0x64,
  0x00,0x00,0x00,0x00,0x00,0x00,0x00,0x00,0x00,0x00,0x00,0x00,0x00,0x00,0x00,0x00,0x00,0x00,0x00,0x00,0x00,0x00,0x00,0x00,
  0x00,0x00,0x00,0x00,0x00,0x00,0x00,0x00,0x00,0x00,0x00,0x00,0x00,0x1b,0xe2,0xff,0xff,0xff,0xff,0xe6,0x06,0x00,0x00,0x00,
  0x00,0x00,0x00,0x00,0x00,0x00,0x00,0x00,0x00,0x00,0x00,0x00,0x00,0x00,0x00,0x00,0x00,0x00,0x00,0x29,0xed,0xff,0xff,0xff,
  0xff,0x60,0x00,0x00,0x00,0x00,0x00,0x00,0x00,0x00,0x00,0x00,0x00,0x00,0x00,0x00,0x00,0x00,0x00,0x00,0x00,0x00,0x00,0x00,
  0x00,0x3a,0xf6,0xff,0xff,0xff,0xd3,0x00,0x00,0x00,0x00,0x00,0x00,0x00,0x00,0x00,0x00,0x00,0x00,0x00,0x00,0x00,0x00,0x00,
  0x00,0x00,0x00,0x00,0x00,0x00,0x00,0x4f,0xfc,0xff,0xff,0xff,0x47,0x00,0x00,0x00,0x00,0x00,0x00,0x00,0x00,0x00,0x00,0x00,
  0x00,0x00,0x00,0x00,0x00,0x00,0x00,0x00,0x00,0x00,0x00,0x00,0x00,0x66,0xff,0xff,0xff,0xba,0x00,0x00,0x00,0x00,0x00,0x00,
  0x00,0x00,0x00,0x00,0x00,0x00,0x00,0x00,0x00,0x00,0x00,0x00,0x00,0x00,0x00,0x00,0x00,0x00,0x00,0x7f,0xff,0xff,0xff,0x2e,
  0x00,0x00,0x00,0x00,0x00,0x00,0x00,0x00,0x00,0x00,0x00,0x00,0x00,0x00,0x00,0x00,0x00,0x00,0x00,0x00,0x00,0x00,0x00,0x00,
  0x00,0x00,0x00,0x00,0x00,0x00,0x00,0x00,0x00,0x00,0x00,0x00,0x00,0x00,0x00,0x00,0x00,0x00,0x00,0x00,0x00,0x00,0x00,0x00,
  0x00,0x00,0x00,0x00,0x00,0x00,0x00,0x00,0x00,0x00,0x00,0x00,0x00,0x00,0x00,0x00,0x00,0x00,0x00,0x00,0x00,0x00,0x00,0x00,
  0x00,0x00,0x00,0x00,0x00,0x00,0x00,0x11,0xf8,0xff,0xff,0xff,0xff,0xff,0x76,0x00,0x00,0x00,0x00,0x00,0x00,0x00,0x00,0x00,
  0x00,0x00,0x00,0x00,0x00,0x00,0x00,0x00,0x00,0x00,0x00,0x00,0x6c,0xff,0xff,0xff,0xff,0xff,0xff,0xda,0x00,0x00,0x00,0x00,
  0x00,0x00,0x00,0x00,0x00,0x00,0x00,0x00,0x00,0x00,0x00,0x00,0x00,0x00,0x00,0x00,0x00,0xce,0xff,0xff,0xff,0xff,0xff,0xff,
  0xff,0x40,0x00,0x00,0x00,0x00,0x00,0x00,0x00,0x00,0x00,0x00,0x00,0x00,0x00,0x00,0x00,0x00,0x00,0x00,0x00,0x30,0xff,0xff,
  0xff,0xff,0xff,0xff,0xff,0xff,0xa5,0x00,0x00,0x00,0x00,0x00,0x00,0x00,0x00,0x00,0x00,0x00,0x00,0x00,0x00,0x00,0x00,0x00,
  0x00,0x00,0x93,0xff,0xff,0xff,0xff,0xff,0xff,0xff,0xff,0xf8,0x13,0x00,0x00,0x00,0x00,0x00,0x00,0x00,0x00,0x00,0x00,0x00,
  0x00,0x00,0x00,0x00,0x00,0x00,0x07,0xee,0xff,0xff,0xff,0xf2,0xba,0xff,0xff,0xff,0xff,0x70,0x00,0x00,0x00,0x00,0x00,0x00,
  0x00,0x00,0x00,0x00,0x00,0x00,0x00,0x00,0x00,0x00,0x00,0x58,0xff,0xff,0xff,0xff,0xa8,0x5e,0xff,0xff,0xff,0xff,0xd5,0x00,
  0x00,0x00,0x00,0x00,0x00,0x00,0x00,0x00,0x00,0x00,0x00,0x00,0x00,0x00,0x00,0x00,0xbb,0xff,0xff,0xff,0xff,0x55,0x0f,0xf9,
  0xff,0xff,0xff,0xff,0x3a,0x00,0x00,0x00,0x00,0x00,0x00,0x00,0x00,0x00,0x00,0x00,0x00,0x00,0x00,0x00,0x1f,0xfd,0xff,0xff,
  0xff,0xf7,0x0c,0x00,0xb5,0xff,0xff,0xff,0xff,0xa0,0x00,0x00,0x00,0x00,0x00,0x00,0x00,0x00,0x00,0x00,0x00,0x00,0x00,0x00,
  0x00,0x80,0xff,0xff,0xff,0xff,0xb1,0x00,0x00,0x61,0xff,0xff,0xff,0xff,0xf5,0x0f,0x00,0x00,0x00,0x00,0x00,0x00,0x00,0x00,
  0x00,0x00,0x00,0x00,0x00,0x01,0xe0,0xff,0xff,0xff,0xff,0x5e,0x00,0x00,0x11,0xfa,0xff,0xff,0xff,0xff,0x6a,0x00,0x00,0x00,
  0x00,0x00,0x00,0x00,0x00,0x00,0x00,0x00,0x00,0x00,0x45,0xff,0xff,0xff,0xff,0xfb,0x11,0x00,0x00,0x00,0xb8,0xff,0xff,0xff,
  0xff,0xcf,0x00,0x00,0x00,0x00,0x00,0x00,0x00,0x00,0x00,0x00,0x00,0x00,0x00,0xa7,0xff,0xff,0xff,0xff,0xba,0x00,0x00,0x00,
  0x00,0x64,0xff,0xff,0xff,0xff,0xff,0x35,0x00,0x00,0x00,0x00,0x00,0x00,0x00,0x00,0x00,0x00,0x00,0x11,0xf8,0xff,0xff,0xff,
  0xff,0x67,0x00,0x00,0x00,0x00,0x13,0xfb,0xff,0xff,0xff,0xff,0x9a,0x00,0x00,0x00,0x00,0x00,0x00,0x00,0x00,0x00,0x00,0x00,
  0x6c,0xff,0xff,0xff,0xff,0xfd,0x17,0x00,0x00,0x00,0x00,0x00,0xbb,0xff,0xff,0xff,0xff,0xf3,0x0c,0x00,0x00,0x00,0x00,0x00,
  0x00,0x00,0x00,0x00,0x00,0xcf,0xff,0xff,0xff,0xff,0xc3,0x00,0x00,0x00,0x00,0x00,0x00,0x67,0xff,0xff,0xff,0xff,0xff,0x64,
  0x00,0x00,0x00,0x00,0x00,0x00,0x00,0x00,0x00,0x31,0xff,0xff,0xff,0xff,0xff,0x71,0x00,0x00,0x00,0x00,0x00,0x00,0x15,0xfc,
  0xff,0xff,0xff,0xff,0xca,0x00,0x00,0x00,0x00,0x00,0x00,0x00,0x00,0x00,0x94,0xff,0xff,0xff,0xff,0xff,0xff,0xff,0xff,0xff,
  0xff,0xff,0xff,0xff,0xff,0xff,0xff,0xff,0xff,0xff,0x2f,0x00,0x00,0x00,0x00,0x00,0x00,0x00,0x07,0xee,0xff,0xff,0xff,0xff,
  0xff,0xff,0xff,0xff,0xff,0xff,0xff,0xff,0xff,0xff,0xff,0xff,0xff,0xff,0xff,0x94,0x00,0x00,0x00,0x00,0x00,0x00,0x00,0x59,
  0xff,0xff,0xff,0xff,0xff,0xff,0xff,0xff,0xff,0xff,0xff,0xff,0xff,0xff,0xff,0xff,0xff,0xff,0xff,0xff,0xf0,0x09,0x00,0x00,
  0x00,0x00,0x00,0x00,0xbb,0xff,0xff,0xff,0xff,0xff,0xff,0xff,0xff,0xff,0xff,0xff,0xff,0xff,0xff,0xff,0xff,0xff,0xff,0xff,
  0xff,0xff,0x5f,0x00,0x00,0x00,0x00,0x00,0x1f,0xfe,0xff,0xff,0xff,0xff,0xff,0xff,0xff,0xff,0xff,0xff,0xff,0xff,0xff,0xff,
  0xff,0xff,0xff,0xff,0xff,0xff,0xff,0xc4,0x00,0x00,0x00,0x00,0x00,0x80,0xff,0xff,0xff,0xff,0xff,0x54,0x00,0x00,0x00,0x00,
  0x00,0x00,0x00,0x00,0x00,0x00,0x01,0xe1,0xff,0xff,0xff,0xff,0xff,0x2a,0x00,0x00,0x00,0x01,0xe0,0xff,0xff,0xff,0xff,0xf4,
  0x09,0x00,0x00,0x00,0x00,0x00,0x00,0x00,0x00,0x00,0x00,0x00,0x87,0xff,0xff,0xff,0xff,0xff,0x8e,0x00,0x00,0x00,0x45,0xff,
  0xff,0xff,0xff,0xff,0xa8,0x00,0x00,0x00,0x00,0x00,0x00,0x00,0x00,0x00,0x00,0x00,0x00,0x2b,0xff,0xff,0xff,0xff,0xff,0xec,
  0x07,0x00,0x00,0xa8,0xff,0xff,0xff,0xff,0xff,0x51,0x00,0x00,0x00,0x00,0x00,0x00,0x00,0x00,0x00,0x00,0x00,0x00,0x00,0xd0,
  0xff,0xff,0xff,0xff,0xff,0x59,0x00,0x11,0xf8,0xff,0xff,0xff,0xff,0xf2,0x08,0x00,0x00,0x00,0x00,0x00,0x00,0x00,0x00,0x00,
  0x00,0x00,0x00,0x00,0x75,0xff,0xff,0xff,0xff,0xff,0xbe,0x00,0x6d,0xff,0xff,0xff,0xff,0xff,0xa5,0x00,0x00,0x00,0x00,0x00,
  0x00,0x00,0x00,0x00,0x00,0x00,0x00,0x00,0x00,0x1b,0xfd,0xff,0xff,0xff,0xff,0xfe,0x24,0xcf,0xff,0xff,0xff,0xff,0xff,0x4f,
  0x00,0x00,0x00,0x00,0x00,0x00,0x00,0x00,0x00,0x00,0x00,0x00,0x00,0x00,0x00,0xbe,0xff,0xff,0xff,0xff,0xff,0x89,0x00,0x00,
  0x00,0x00,0x00,0x00,0x00,0x00,0x00,0x00,0x00,0x00,0x00,0xb6,0xff,0xff,0xff,0xff,0xf8,0x40,0x00,0x00,0x00,0x00,0x00,0x00,
  0x00,0x00,0x00,0x00,0x00,0x00,0x00,0x00,0x00,0x00,0x00,0x00,0x00,0x00,0x00,0x29,0xfe,0xff,0xff,0xff,0xfd,0x55,0x00,0x00,
  0x00,0x00,0x00,0x00,0x00,0x00,0x00,0x00,0x00,0x00,0x00,0x00,0x00,0x00,0x00,0x00,0x00,0x00,0x00,0x00,0x9b,0xff,0xff,0xff,
  0xff,0x6e,0x00,0x00,0x00,0x00,0x00,0x00,0x00,0x00,0x00,0x00,0x00,0x00,0x00,0x00,0x00,0x00,0x00,0x00,0x00,0x00,0x00,0x00,
  0x15,0xf7,0xff,0xff,0xff,0x88,0x00,0x00,0x00,0x00,0x00,0x00,0x00,0x00,0x00,0x00,0x00,0x00,0x00,0x00,0x00,0x00,0x00,0x00,
  0x00,0x00,0x00,0x00,0x00,0x80,0xff,0xff,0xff,0xa3,0x01,0x00,0x00,0x00,0x00,0x00,0x00,0x00,0x00,0x00,0x00,0x00,0x00,0x00,
  0x00,0x00,0x00,0x00,0x00,0x00,0x00,0x00,0x00,0x08,0xea,0xff,0xff,0xb9,0x05,0x00,0x00,0x00,0x00,0x00,0x00,0x00,0x00,0x00,
  0x00,0x00,0x00,0x00,0x00,0x00,0x00,0x00,0x00,0x00,0x00,0x00,0x00,0x00,0x00,0x00,0x00,0x00,0x00,0x00,0x00,0x00,0x00,0x00,
  0x00,0x00,0x00,0x00,0x00,0x00,0x00,0x00,0x00,0x00,0x00,0x00,0x00,0x00,0x00,0x00,0x00,0x00,0x00,0x00,0x00,0x00,0x00,0x00,
  0x00,0x00,0x00,0x00,0x00,0x00,0x00,0x00,0x00,0x00,0x00,0x00,0x00,0x00,0x00,0x00,0x00,0x00,0x00,0x00,0x00,0x00,0x00,0x00,
  0x11,0xf8,0xff,0xff,0xff,0xff,0xff,0x76,0x00,0x00,0x00,0x00,0x00,0x00,0x00,0x00,0x00,0x00,0x00,0x00,0x00,0x00,0x00,0x00,
  0x00,0x00,0x00,0x00,0x00,0x6c,0xff,0xff,0xff,0xff,0xff,0xff,0xda,0x00,0x00,0x00,0x00,0x00,0x00,0x00,0x00,0x00,0x00,0x00,
  0x00,0x00,0x00,0x00,0x00,0x00,0x00,0x00,0x00,0x00,0xce,0xff,0xff,0xff,0xff,0xff,0xff,0xff,0x40,0x00,0x00,0x00,0x00,0x00,
  0x00,0x00,0x00,0x00,0x00,0x00,0x00,0x00,0x00,0x00,0x00,0x00,0x00,0x00,0x30,0xff,0xff,0xff,0xff,0xff,0xff,0xff,0xff,0xa5,
  0x00,0x00,0x00,0x00,0x00,0x00,0x00,0x00,0x00,0x00,0x00,0x00,0x00,0x00,0x00,0x00,0x00,0x00,0x00,0x93,0xff,0xff,0xff,0xff,
  0xff,0xff,0xff,0xff,0xf8,0x13,0x00,0x00,0x00,0x00,0x00,0x00,0x00,0x00,0x00,0x00,0x00,0x00,0x00,0x00,0x00,0x00,0x00,0x07,
  0xee,0xff,0xff,0xff,0xf2,0xba,0xff,0xff,0xff,0xff,0x70,0x00,0x00,0x00,0x00,0x00,0x00,0x00,0x00,0x00,0x00,0x00,0x00,0x00,
  0x00,0x00,0x00,0x00,0x58,0xff,0xff,0xff,0xff,0xa8,0x5e,0xff,0xff,0xff,0xff,0xd5,0x00,0x00,0x00,0x00,0x00,0x00,0x00,0x00,
  0x00,0x00,0x00,0x00,0x00,0x00,0x00,0x00,0x00,0xbb,0xff,0xff,0xff,0xff,0x55,0x0f,0xf9,0xff,0xff,0xff,0xff,0x3a,0x00,0x00,
  0x00,0x00,0x00,0x00,0x00,0x00,0x00,0x00,0x00,0x00,0x00,0x00,0x00,0x1f,0xfd,0xff,0xff,0xff,0xf7,0x0c,0x00,0xb5,0xff,0xff,
  0xff,0xff,0xa0,0x00,0x00,0x00,0x00,0x00,0x00,0x00,0x00,0x00,0x00,0x00,0x00,0x00,0x00,0x00,0x80,0xff,0xff,0xff,0xff,0xb1,
  0x00,0x00,0x61,0xff,0xff,0xff,0xff,0xf5,0x0f,0x00,0x00,0x00,0x00,0x00,0x00,0x00,0x00,0x00,0x00,0x00,0x00,0x00,0x01,0xe0,
  0xff,0xff,0xff,0xff,0x5e,0x00,0x00,0x11,0xfa,0xff,0xff,0xff,0xff,0x6a,0x00,0x00,0x00,0x00,0x00,0x00,0x00,0x00,0x00,0x00,
  0x00,0x00,0x00,0x45,0xff,0xff,0xff,0xff,0xfb,0x11,0x00,0x00,0x00,0xb8,0xff,0xff,0xff,0xff,0xcf,0x00,0x00,0x00,0x00,0x00,
  0x00,0x00,0x00,0x00,0x00,0x00,0x00,0x00,0xa7,0xff,0xff,0xff,0xff,0xba,0x00,0x00,0x00,0x00,0x64,0xff,0xff,0xff,0xff,0xff,
  0x35,0x00,0x00,0x00,0x00,0x00,0x00,0x00,0x00,0x00,0x00,0x00,0x11,0xf8,0xff,0xff,0xff,0xff,0x67,0x00,0x00,0x00,0x00,0x13,
  0xfb,0xff,0xff,0xff,0xff,0x9a,0x00,0x00,0x00,0x00,0x00,0x00,0x00,0x00,0x00,0x00,0x00,0x6c,0xff,0xff,0xff,0xff,0xfd,0x17,
  0x00,0x00,0x00,0x00,0x00,0xbb,0xff,0xff,0xff,0xff,0xf3,0x0c,0x00,0x00,0x00,0x00,0x00,0x00,0x00,0x00,0x00,0x00,0xcf,0xff,
  0xff,0xff,0xff,0xc3,0x00,0x00,0x00,0x00,0x00,0x00,0x67,0xff,0xff,0xff,0xff,0xff,0x64,0x00,0x00,0x00,0x00,0x00,0x00,0x00,
  0x00,0x00,0x31,0xff,0xff,0xff,0xff,0xff,0x71,0x00,0x00,0x00,0x00,0x00,0x00,0x15,0xfc,0xff,0xff,0xff,0xff,0xca,0x00,0x00,
  0x00,0x00,0x00,0x00,0x00,0x00,0x00,0x94,0xff,0xff,0xff,0xff,0xff,0xff,0xff,0xff,0xff,0xff,0xff,0xff,0xff,0xff,0xff,0xff,
  0xff,0xff,0xff,0x2f,0x00,0x00,0x00,0x00,0x00,0x00,0x00,0x07,0xee,0xff,0xff,0xff,0xff,0xff,0xff,0xff,0xff,0xff,0xff,0xff,
  0xff,0xff,0xff,0xff,0xff,0xff,0xff,0xff,0x94,0x00,0x00,0x00,0x00,0x00,0x00,0x00,0x59,0xff,0xff,0xff,0xff,0xff,0xff,0xff,
  0xff,0xff,0xff,0xff,0xff,0xff,0xff,0xff,0xff,0xff,0xff,0xff,0xff,0xf0,0x09,0x00,0x00,0x00,0x00,0x00,0x00,0xbb,0xff,0xff,
  0xff,0xff,0xff,0xff,0xff,0xff,0xff,0xff,0xff,0xff,0xff,0xff,0xff,0xff,0xff,0xff,0xff,0xff,0xff,0x5f,0x00,0x00,0x00,0x00,
  0x00,0x1f,0xfe,0xff,0xff,0xff,0xff,0xff,0xff,0xff,0xff,0xff,0xff,0xff,0xff,0xff,0xff,0xff,0xff,0xff,0xff,0xff,0xff,0xff,
  0xc4,0x00,0x00,0x00,0x00,0x00,0x80,0xff,0xff,0xff,0xff,0xff,0x54,0x00,0x00,0x00,0x00,0x00,0x00,0x00,0x00,0x00,0x00,0x01,
  0xe1,0xff,0xff,0xff,0xff,0xff,0x2a,0x00,0x00,0x00,0x01,0xe0,0xff,0xff,0xff,0xff,0xf4,0x09,0x00,0x00,0x00,0x00,0x00,0x00,
  0x00,0x00,0x00,0x00,0x00,0x87,0xff,0xff,0xff,0xff,0xff,0x8e,0x00,0x00,0x00,0x45,0xff,0xff,0xff,0xff,0xff,0xa8,0x00,0x00,
  0x00,0x00,0x00,0x00,0x00,0x00,0x00,0x00,0x00,0x00,0x2b,0xff,0xff,0xff,0xff,0xff,0xec,0x07,0x00,0x00,0xa8,0xff,0xff,0xff,
  0xff,0xff,0x51,0x00,0x00,0x00,0x00,0x00,0x00,0x00,0x00,0x00,0x00,0x00,0x00,0x00,0xd0,0xff,0xff,0xff,0xff,0xff,0x59,0x00,
  0x11,0xf8,0xff,0xff,0xff,0xff,0xf2,0x08,0x00,0x00,0x00,0x00,0x00,0x00,0x00,0x00,0x00,0x00,0x00,0x00,0x00,0x75,0xff,0xff,
  0xff,0xff,0xff,0xbe,0x00,0x6d,0xff,0xff,0xff,0xff,0xff,0xa5,0x00,0x00,0x00,0x00,0x00,0x00,0x00,0x00,0x00,0x00,0x00,0x00,
  0x00,0x00,0x1b,0xfd,0xff,0xff,0xff,0xff,0xfe,0x24,0xcf,0xff,0xff,0xff,0xff,0xff,0x4f,0x00,0x00,0x00,0x00,0x00,0x00,0x00,
  0x00,0x00,0x00,0x00,0x00,0x00,0x00,0x00,0xbe,0xff,0xff,0xff,0xff,0xff,0x89,0x00,0x00,0x00,0x00,0x00,0x00,0x00,0x00,0x00,
  0x00,0x00,0xb3,0xff,0xff,0xff,0xff,0xf0,0x1d,0x00,0x00,0x00,0x00,0x00,0x00,0x00,0x00,0x00,0x00,0x00,0x00,0x00,0x00,0x00,
  0x00,0x00,0x00,0x00,0x00,0x00,0x62,0xff,0xff,0xff,0xff,0xff,0xff,0xb9,0x00,0x00,0x00,0x00,0x00,0x00,0x00,0x00,0x00,0x00,
  0x00,0x00,0x00,0x00,0x00,0x00,0x00,0x00,0x00,0x00,0x1f,0xf1,0xff,0xff,0xff,0xff,0xff,0xff,0xff,0x67,0x00,0x00,0x00,0x00,
  0x00,0x00,0x00,0x00,0x00,0x00,0x00,0x00,0x00,0x00,0x00,0x00,0x00,0x00,0x01,0xbe,0xff,0xff,0xff,0xbc,0x89,0xff,0xff,0xff,
  0xf3,0x20,0x00,0x00,0x00,0x00,0x00,0x00,0x00,0x00,0x00,0x00,0x00,0x00,0x00,0x00,0x00,0x00,0x00,0x6e,0xff,0xff,0xff,0xee,
  0x1b,0x03,0xc2,0xff,0xff,0xff,0xbe,0x01,0x00,0x00,0x00,0x00,0x00,0x00,0x00,0x00,0x00,0x00,0x00,0x00,0x00,0x00,0x00,0x26,
  0xf6,0xff,0xff,0xff,0x55,0x00,0x00,0x1a,0xea,0xff,0xff,0xff,0x6d,0x00,0x00,0x00,0x00,0x00,0x00,0x00,0x00,0x00,0x00,0x00,
  0x00,0x00,0x00,0x00,0x00,0x00,0x00,0x00,0x00,0x00,0x00,0x00,0x00,0x00,0x00,0x00,0x00,0x00,0x00,0x00,0x00,0x00,0x00,0x00,
  0x00,0x00,0x00,0x00,0x00,0x00,0x00,0x00,0x00,0x00,0x00,0x00,0x00,0x00,0x00,0x00,0x00,0x00,0x00,0x00,0x00,0x00,0x00,0x00,
  0x00,0x00,0x00,0x00,0x00,0x00,0x00,0x00,0x00,0x00,0x00,0x00,0x00,0x00,0x00,0x00,0x00,0x11,0xf8,0xff,0xff,0xff,0xff,0xff,
  0x76,0x00,0x00,0x00,0x00,0x00,0x00,0x00,0x00,0x00,0x00,0x00,0x00,0x00,0x00,0x00,0x00,0x00,0x00,0x00,0x00,0x00,0x6c,0xff,
  0xff,0xff,0xff,0xff,0xff,0xda,0x00,0x00,0x00,0x00,0x00,0x00,0x00,0x00,0x00,0x00,0x00,0x00,0x00,0x00,0x00,0x00,0x00,0x00,
  0x00,0x00,0x00,0xce,0xff,0xff,0xff,0xff,0xff,0xff,0xff,0x40,0x00,0x00,0x00,0x00,0x00,0x00,0x00,0x00,0x00,0x00,0x00,0x00,
  0x00,0x00,0x00,0x00,0x00,0x00,0x00,0x30,0xff,0xff,0xff,0xff,0xff,0xff,0xff,0xff,0xa5,0x00,0x00,0x00,0x00,0x00,0x00,0x00,
  0x00,0x00,0x00,0x00,0x00,0x00,0x00,0x00,0x00,0x00,0x00,0x00,0x93,0xff,0xff,0xff,0xff,0xff,0xff,0xff,0xff,0xf8,0x13,0x00,
  0x00,0x00,0x00,0x00,0x00,0x00,0x00,0x00,0x00,0x00,0x00,0x00,0x00,0x00,0x00,0x00,0x07,0xee,0xff,0xff,0xff,0xf2,0xba,0xff,
  0xff,0xff,0xff,0x70,0x00,0x00,0x00,0x00,0x00,0x00,0x00,0x00,0x00,0x00,0x00,0x00,0x00,0x00,0x00,0x00,0x00,0x58,0xff,0xff,
  0xff,0xff,0xa8,0x5e,0xff,0xff,0xff,0xff,0xd5,0x00,0x00,0x00,0x00,0x00,0x00,0x00,0x00,0x00,0x00,0x00,0x00,0x00,0x00,0x00,
  0x00,0x00,0xbb,0xff,0xff,0xff,0xff,0x55,0x0f,0xf9,0xff,0xff,0xff,0xff,0x3a,0x00,0x00,0x00,0x00,0x00,0x00,0x00,0x00,0x00,
  0x00,0x00,0x00,0x00,0x00,0x00,0x1f,0xfd,0xff,0xff,0xff,0xf7,0x0c,0x00,0xb5,0xff,0xff,0xff,0xff,0xa0,0x00,0x00,0x00,0x00,
  0x00,0x00,0x00,0x00,0x00,0x00,0x00,0x00,0x00,0x00,0x00,0x80,0xff,0xff,0xff,0xff,0xb1,0x00,0x00,0x61,0xff,0xff,0xff,0xff,
  0xf5,0x0f,0x00,0x00,0x00,0x00,0x00,0x00,0x00,0x00,0x00,0x00,0x00,0x00,0x00,0x01,0xe0,0xff,0xff,0xff,0xff,0x5e,0x00,0x00,
  0x11,0xfa,0xff,0xff,0xff,0xff,0x6a,0x00,0x00,0x00,0x00,0x00,0x00,0x00,0x00,0x00,0x00,0x00,0x00,0x00,0x45,0xff,0xff,0xff,
  0xff,0xfb,0x11,0x00,0x00,0x00,0xb8,0xff,0xff,0xff,0xff,0xcf,0x00,0x00,0x00,0x00,0x00,0x00,0x00,0x00,0x00,0x00,0x00,0x00,
  0x00,0xa7,0xff,0xff,0xff,0xff,0xba,0x00,0x00,0x00,0x00,0x64,0xff,0xff,0xff,0xff,0xff,0x35,0x00,0x00,0x00,0x00,0x00,0x00,
  0x00,0x00,0x00,0x00,0x00,0x11,0xf8,0xff,0xff,0xff,0xff,0x67,0x00,0x00,0x00,0x00,0x13,0xfb,0xff,0xff,0xff,0xff,0x9a,0x00,
  0x00,0x00,0x00,0x00,0x00,0x00,0x00,0x00,0x00,0x00,0x6c,0xff,0xff,0xff,0xff,0xfd,0x17,0x00,0x00,0x00,0x00,0x00,0xbb,0xff,
  0xff,0xff,0xff,0xf3,0x0c,0x00,0x00,0x00,0x00,0x00,0x00,0x00,0x00,0x00,0x00,0xcf,0xff,0xff,0xff,0xff,0xc3,0x00,0x00,0x00,
  0x00,0x00,0x00,0x67,0xff,0xff,0xff,0xff,0xff,0x64,0x00,0x00,0x00,0x00,0x00,0x00,0x00,0x00,0x00,0x31,0xff,0xff,0xff,0xff,
  0xff,0x71,0x00,0x00,0x00,0x00,0x00,0x00,0x15,0xfc,0xff,0xff,0xff,0xff,0xca,0x00,0x00,0x00,0x00,0x00,0x00,0x00,0x00,0x00,
  0x94,0xff,0xff,0xff,0xff,0xff,0xff,0xff,0xff,0xff,0xff,0xff,0xff,0xff,0xff,0xff,0xff,0xff,0xff,0xff,0x2f,0x00,0x00,0x00,
  0x00,0x00,0x00,0x00,0x07,0xee,0xff,0xff,0xff,0xff,0xff,0xff,0xff,0xff,0xff,0xff,0xff,0xff,0xff,0xff,0xff,0xff,0xff,0xff,
  0xff,0x94,0x00,0x00,0x00,0x00,0x00,0x00,0x00,0x59,0xff,0xff,0xff,0xff,0xff,0xff,0xff,0xff,0xff,0xff,0xff,0xff,0xff,0xff,
  0xff,0xff,0xff,0xff,0xff,0xff,0xf0,0x09,0x00,0x00,0x00,0x00,0x00,0x00,0xbb,0xff,0xff,0xff,0xff,0xff,0xff,0xff,0xff,0xff,
  0xff,0xff,0xff,0xff,0xff,0xff,0xff,0xff,0xff,0xff,0xff,0xff,0x5f,0x00,0x00,0x00,0x00,0x00,0x1f,0xfe,0xff,0xff,0xff,0xff,
  0xff,0xff,0xff,0xff,0xff,0xff,0xff,0xff,0xff,0xff,0xff,0xff,0xff,0xff,0xff,0xff,0xff,0xc4,0x00,0x00,0x00,0x00,0x00,0x80,
  0xff,0xff,0xff,0xff,0xff,0x54,0x00,0x00,0x00,0x00,0x00,0x00,0x00,0x00,0x00,0x00,0x01,0xe1,0xff,0xff,0xff,0xff,0xff,0x2a,
  0x00,0x00,0x00,0x01,0xe0,0xff,0xff,0xff,0xff,0xf4,0x09,0x00,0x00,0x00,0x00,0x00,0x00,0x00,0x00,0x00,0x00,0x00,0x87,0xff,
  0xff,0xff,0xff,0xff,0x8e,0x00,0x00,0x00,0x45,0xff,0xff,0xff,0xff,0xff,0xa8,0x00,0x00,0x00,0x00,0x00,0x00,0x00,0x00,0x00,
  0x00,0x00,0x00,0x2b,0xff,0xff,0xff,0xff,0xff,0xec,0x07,0x00,0x00,0xa8,0xff,0xff,0xff,0xff,0xff,0x51,0x00,0x00,0x00,0x00,
  0x00,0x00,0x00,0x00,0x00,0x00,0x00,0x00,0x00,0xd0,0xff,0xff,0xff,0xff,0xff,0x59,0x00,0x11,0xf8,0xff,0xff,0xff,0xff,0xf2,
  0x08,0x00,0x00,0x00,0x00,0x00,0x00,0x00,0x00,0x00,0x00,0x00,0x00,0x00,0x75,0xff,0xff,0xff,0xff,0xff,0xbe,0x00,0x6d,0xff,
  0xff,0xff,0xff,0xff,0xa5,0x00,0x00,0x00,0x00,0x00,0x00,0x00,0x00,0x00,0x00,0x00,0x00,0x00,0x00,0x1b,0xfd,0xff,0xff,0xff,
  0xff,0xfe,0x24,0xcf,0xff,0xff,0xff,0xff,0xff,0x4f,0x00,0x00,0x00,0x00,0x00,0x00,0x00,0x00,0x00,0x00,0x00,0x00,0x00,0x00,
  0x00,0xbe,0xff,0xff,0xff,0xff,0xff,0x89,0x00,0x00,0x00,0x00,0x00,0x00,0x00,0x00,0x3a,0xc7,0xf8,0xe3,0x9c,0x26,0x00,0x00,
  0x00,0x04,0xf6,0xff,0xa4,0x00,0x00,0x00,0x00,0x00,0x00,0x00,0x00,0x00,0x00,0x00,0x00,0x00,0x00,0x00,0x1c,0xf5,0xff,0xff,
  0xff,0xff,0xfc,0xa7,0x3c,0x0c,0x78,0xff,0xff,0x8d,0x00,0x00,0x00,0x00,0x00,0x00,0x00,0x00,0x00,0x00,0x00,0x00,0x00,0x00,
  0x00,0x8f,0xff,0xff,0xff,0xff,0xff,0xff,0xff,0xff,0xff,0xff,0xff,0xff,0x56,0x00,0x00,0x00,0x00,0x00,0x00,0x00,0x00,0x00,
  0x00,0x00,0x00,0x00,0x00,0x00,0xbd,0xff,0xf3,0x2a,0x18,0x61,0xca,0xff,0xff,0xff,0xff,0xff,0xdc,0x08,0x00,0x00,0x00,0x00,
  0x00,0x00,0x00,0x00,0x00,0x00,0x00,0x00,0x00,0x00,0x00,0xd5,0xff,0xb9,0x00,0x00,0x00,0x00,0x3d,0xac,0xe9,0xf7,0xb6,0x21,
  0x00,0x00,0x00,0x00,0x00,0x00,0x00,0x00,0x00,0x00,0x00,0x00,0x00,0x00,0x00,0x00,0x00,0x00,0x00,0x00,0x00,0x00,0x00,0x00,
  0x00,0x00,0x00,0x00,0x00,0x00,0x00,0x00,0x00,0x00,0x00,0x00,0x00,0x00,0x00,0x00,0x00,0x00,0x00,0x00,0x00,0x00,0x00,0x00,
  0x00,0x00,0x00,0x00,0x00,0x00,0x00,0x00,0x00,0x00,0x00,0x00,0x00,0x00,0x00,0x00,0x00,0x00,0x00,0x00,0x00,0x00,0x00,0x00,
  0x00,0x00,0x00,0x00,0x00,0x11,0xf8,0xff,0xff,0xff,0xff,0xff,0x76,0x00,0x00,0x00,0x00,0x00,0x00,0x00,0x00,0x00,0x00,0x00,
  0x00,0x00,0x00,0x00,0x00,0x00,0x00,0x00,0x00,0x00,0x6c,0xff,0xff,0xff,0xff,0xff,0xff,0xda,0x00,0x00,0x00,0x00,0x00,0x00,
  0x00,0x00,0x00,0x00,0x00,0x00,0x00,0x00,0x00,0x00,0x00,0x00,0x00,0x00,0x00,0xce,0xff,0xff,0xff,0xff,0xff,0xff,0xff,0x40,
  0x00,0x00,0x00,0x00,0x00,0x00,0x00,0x00,0x00,0x00,0x00,0x00,0x00,0x00,0x00,0x00,0x00,0x00,0x00,0x30,0xff,0xff,0xff,0xff,
  0xff,0xff,0xff,0xff,0xa5,0x00,0x00,0x00,0x00,0x00,0x00,0x00,0x00,0x00,0x00,0x00,0x00,0x00,0x00,0x00,0x00,0x00,0x00,0x00,
  0x93,0xff,0xff,0xff,0xff,0xff,0xff,0xff,0xff,0xf8,0x13,0x00,0x00,0x00,0x00,0x00,0x00,0x00,0x00,0x00,0x00,0x00,0x00,0x00,
  0x00,0x00,0x00,0x00,0x07,0xee,0xff,0xff,0xff,0xf2,0xba,0xff,0xff,0xff,0xff,0x70,0x00,0x00,0x00,0x00,0x00,0x00,0x00,0x00,
  0x00,0x00,0x00,0x00,0x00,0x00,0x00,0x00,0x00,0x58,0xff,0xff,0xff,0xff,0xa8,0x5e,0xff,0xff,0xff,0xff,0xd5,0x00,0x00,0x00,
  0x00,0x00,0x00,0x00,0x00,0x00,0x00,0x00,0x00,0x00,0x00,0x00,0x00,0x00,0xbb,0xff,0xff,0xff,0xff,0x55,0x0f,0xf9,0xff,0xff,
  0xff,0xff,0x3a,0x00,0x00,0x00,0x00,0x00,0x00,0x00,0x00,0x00,0x00,0x00,0x00,0x00,0x00,0x00,0x1f,0xfd,0xff,0xff,0xff,0xf7,
  0x0c,0x00,0xb5,0xff,0xff,0xff,0xff,0xa0,0x00,0x00,0x00,0x00,0x00,0x00,0x00,0x00,0x00,0x00,0x00,0x00,0x00,0x00,0x00,0x80,
  0xff,0xff,0xff,0xff,0xb1,0x00,0x00,0x61,0xff,0xff,0xff,0xff,0xf5,0x0f,0x00,0x00,0x00,0x00,0x00,0x00,0x00,0x00,0x00,0x00,
  0x00,0x00,0x00,0x01,0xe0,0xff,0xff,0xff,0xff,0x5e,0x00,0x00,0x11,0xfa,0xff,0xff,0xff,0xff,0x6a,0x00,0x00,0x00,0x00,0x00,
  0x00,0x00,0x00,0x00,0x00,0x00,0x00,0x00,0x45,0xff,0xff,0xff,0xff,0xfb,0x11,0x00,0x00,0x00,0xb8,0xff,0xff,0xff,0xff,0xcf,
  0x00,0x00,0x00,0x00,0x00,0x00,0x00,0x00,0x00,0x00,0x00,0x00,0x00,0xa7,0xff,0xff,0xff,0xff,0xba,0x00,0x00,0x00,0x00,0x64,
  0xff,0xff,0xff,0xff,0xff,0x35,0x00,0x00,0x00,0x00,0x00,0x00,0x00,0x00,0x00,0x00,0x00,0x11,0xf8,0xff,0xff,0xff,0xff,0x67,
  0x00,0x00,0x00,0x00,0x13,0xfb,0xff,0xff,0xff,0xff,0x9a,0x00,0x00,0x00,0x00,0x00,0x00,0x00,0x00,0x00,0x00,0x00,0x6c,0xff,
  0xff,0xff,0xff,0xfd,0x17,0x00,0x00,0x00,0x00,0x00,0xbb,0xff,0xff,0xff,0xff,0xf3,0x0c,0x00,0x00,0x00,0x00,0x00,0x00,0x00,
  0x00,0x00,0x00,0xcf,0xff,0xff,0xff,0xff,0xc3,0x00,0x00,0x00,0x00,0x00,0x00,0x67,0xff,0xff,0xff,0xff,0xff,0x64,0x00,0x00,
  0x00,0x00,0x00,0x00,0x00,0x00,0x00,0x31,0xff,0xff,0xff,0xff,0xff,0x71,0x00,0x00,0x00,0x00,0x00,0x00,0x15,0xfc,0xff,0xff,
  0xff,0xff,0xca,0x00,0x00,0x00,0x00,0x00,0x00,0x00,0x00,0x00,0x94,0xff,0xff,0xff,0xff,0xff,0xff,0xff,0xff,0xff,0xff,0xff,
  0xff,0xff,0xff,0xff,0xff,0xff,0xff,0xff,0x2f,0x00,0x00,0x00,0x00,0x00,0x00,0x00,0x07,0xee,0xff,0xff,0xff,0xff,0xff,0xff,
  0xff,0xff,0xff,0xff,0xff,0xff,0xff,0xff,0xff,0xff,0xff,0xff,0xff,0x94,0x00,0x00,0x00,0x00,0x00,0x00,0x00,0x59,0xff,0xff,
  0xff,0xff,0xff,0xff,0xff,0xff,0xff,0xff,0xff,0xff,0xff,0xff,0xff,0xff,0xff,0xff,0xff,0xff,0xf0,0x09,0x00,0x00,0x00,0x00,
  0x00,0x00,0xbb,0xff,0xff,0xff,0xff,0xff,0xff,0xff,0xff,0xff,0xff,0xff,0xff,0xff,0xff,0xff,0xff,0xff,0xff,0xff,0xff,0xff,
  0x5f,0x00,0x00,0x00,0x00,0x00,0x1f,0xfe,0xff,0xff,0xff,0xff,0xff,0xff,0xff,0xff,0xff,0xff,0xff,0xff,0xff,0xff,0xff,0xff,
  0xff,0xff,0xff,0xff,0xff,0xc4,0x00,0x00,0x00,0x00,0x00,0x80,0xff,0xff,0xff,0xff,0xff,0x54,0x00,0x00,0x00,0x00,0x00,0x00,
  0x00,0x00,0x00,0x00,0x01,0xe1,0xff,0xff,0xff,0xff,0xff,0x2a,0x00,0x00,0x00,0x01,0xe0,0xff,0xff,0xff,0xff,0xf4,0x09,0x00,
  0x00,0x00,0x00,0x00,0x00,0x00,0x00,0x00,0x00,0x00,0x87,0xff,0xff,0xff,0xff,0xff,0x8e,0x00,0x00,0x00,0x45,0xff,0xff,0xff,
  0xff,0xff,0xa8,0x00,0x00,0x00,0x00,0x00,0x00,0x00,0x00,0x00,0x00,0x00,0x00,0x2b,0xff,0xff,0xff,0xff,0xff,0xec,0x07,0x00,
  0x00,0xa8,0xff,0xff,0xff,0xff,0xff,0x51,0x00,0x00,0x00,0x00,0x00,0x00,0x00,0x00,0x00,0x00,0x00,0x00,0x00,0xd0,0xff,0xff,
  0xff,0xff,0xff,0x59,0x00,0x11,0xf8,0xff,0xff,0xff,0xff,0xf2,0x08,0x00,0x00,0x00,0x00,0x00,0x00,0x00,0x00,0x00,0x00,0x00,
  0x00,0x00,0x75,0xff,0xff,0xff,0xff,0xff,0xbe,0x00,0x6d,0xff,0xff,0xff,0xff,0xff,0xa5,0x00,0x00,0x00,0x00,0x00,0x00,0x00,
  0x00,0x00,0x00,0x00,0x00,0x00,0x00,0x1b,0xfd,0xff,0xff,0xff,0xff,0xfe,0x24,0xcf,0xff,0xff,0xff,0xff,0xff,0x4f,0x00,0x00,
  0x00,0x00,0x00,0x00,0x00,0x00,0x00,0x00,0x00,0x00,0x00,0x00,0x00,0xbe,0xff,0xff,0xff,0xff,0xff,0x89,0x00,0x00,0x00,0x00,
  0x00,0x00,0x00,0x84,0xff,0xff,0xff,0xff,0x34,0x00,0x00,0x1c,0xff,0xff,0xff,0xff,0x9c,0x00,0x00,0x00,0x00,0x00,0x00,0x00,
  0x00,0x00,0x00,0x00,0x00,0x00,0x00,0x00,0x84,0xff,0xff,0xff,0xff,0x34,0x00,0x00,0x1c,0xff,0xff,0xff,0xff,0x9c,0x00,0x00,
  0x00,0x00,0x00,0x00,0x00,0x00,0x00,0x00,0x00,0x00,0x00,0x00,0x00,0x84,0xff,0xff,0xff,0xff,0x34,0x00,0x00,0x1c,0xff,0xff,
  0xff,0xff,0x9c,0x00,0x00,0x00,0x00,0x00,0x00,0x00,0x00,0x00,0x00,0x00,0x00,0x00,0x00,0x00,0x84,0xff,0xff,0xff,0xff,0x34,
  0x00,0x00,0x1c,0xff,0xff,0xff,0xff,0x9c,0x00,0x00,0x00,0x00,0x00,0x00,0x00,0x00,0x00,0x00,0x00,0x00,0x00,0x00,0x00,0x00,
  0x00,0x00,0x00,0x00,0x00,0x00,0x00,0x00,0x00,0x00,0x00,0x00,0x00,0x00,0x00,0x00,0x00,0x00,0x00,0x00,0x00,0x00,0x00,0x00,
  0x00,0x00,0x00,0x00,0x00,0x00,0x00,0x00,0x00,0x00,0x00,0x00,0x00,0x00,0x00,0x00,0x00,0x00,0x00,0x00,0x00,0x00,0x00,0x00,
  0x00,0x00,0x00,0x00,0x00,0x00,0x00,0x00,0x00,0x00,0x00,0x00,0x11,0xf8,0xff,0xff,0xff,0xff,0xff,0x76,0x00,0x00,0x00,0x00,
  0x00,0x00,0x00,0x00,0x00,0x00,0x00,0x00,0x00,0x00,0x00,0x00,0x00,0x00,0x00,0x00,0x00,0x6c,0xff,0xff,0xff,0xff,0xff,0xff,
  0xda,0x00,0x00,0x00,0x00,0x00,0x00,0x00,0x00,0x00,0x00,0x00,0x00,0x00,0x00,0x00,0x00,0x00,0x00,0x00,0x00,0x00,0xce,0xff,
  0xff,0xff,0xff,0xff,0xff,0xff,0x40,0x00,0x00,0x00,0x00,0x00,0x00,0x00,0x00,0x00,0x00,0x00,0x00,0x00,0x00,0x00,0x00,0x00,
  0x00,0x00,0x30,0xff,0xff,0xff,0xff,0xff,0xff,0xff,0xff,0xa5,0x00,0x00,0x00,0x00,0x00,0x00,0x00,0x00,0x00,0x00,0x00,0x00,
  0x00,0x00,0x00,0x00,0x00,0x00,0x00,0x93,0xff,0xff,0xff,0xff,0xff,0xff,0xff,0xff,0xf8,0x13,0x00,0x00,0x00,0x00,0x00,0x00,
  0x00,0x00,0x00,0x00,0x00,0x00,0x00,0x00,0x00,0x00,0x00,0x07,0xee,0xff,0xff,0xff,0xf2,0xba,0xff,0xff,0xff,0xff,0x70,0x00,
  0x00,0x00,0x00,0x00,0x00,0x00,0x00,0x00,0x00,0x00,0x00,0x00,0x00,0x00,0x00,0x00,0x58,0xff,0xff,0xff,0xff,0xa8,0x5e,0xff,
  0xff,0xff,0xff,0xd5,0x00,0x00,0x00,0x00,0x00,0x00,0x00,0x00,0x00,0x00,0x00,0x00,0x00,0x00,0x00,0x00,0x00,0xbb,0xff,0xff,
  0xff,0xff,0x55,0x0f,0xf9,0xff,0xff,0xff,0xff,0x3a,0x00,0x00,0x00,0x00,0x00,0x00,0x00,0x00,0x00,0x00,0x00,0x00,0x00,0x00,
  0x00,0x1f,0xfd,0xff,0xff,0xff,0xf7,0x0c,0x00,0xb5,0xff,0xff,0xff,0xff,0xa0,0x00,0x00,0x00,0x00,0x00,0x00,0x00,0x00,0x00,
  0x00,0x00,0x00,0x00,0x00,0x00,0x80,0xff,0xff,0xff,0xff,0xb1,0x00,0x00,0x61,0xff,0xff,0xff,0xff,0xf5,0x0f,0x00,0x00,0x00,
  0x00,0x00,0x00,0x00,0x00,0x00,0x00,0x00,0x00,0x00,0x01,0xe0,0xff,0xff,0xff,0xff,0x5e,0x00,0x00,0x11,0xfa,0xff,0xff,0xff,
  0xff,0x6a,0x00,0x00,0x00,0x00,0x00,0x00,0x00,0x00,0x00,0x00,0x00,0x00,0x00,0x45,0xff,0xff,0xff,0xff,0xfb,0x11,0x00,0x00,
  0x00,0xb8,0xff,0xff,0xff,0xff,0xcf,0x00,0x00,0x00,0x00,0x00,0x00,0x00,0x00,0x00,0x00,0x00,0x00,0x00,0xa7,0xff,0xff,0xff,
  0xff,0xba,0x00,0x00,0x00,0x00,0x64,0xff,0xff,0xff,0xff,0xff,0x35,0x00,0x00,0x00,0x00,0x00,0x00,0x00,0x00,0x00,0x00,0x00,
  0x11,0xf8,0xff,0xff,0xff,0xff,0x67,0x00,0x00,0x00,0x00,0x13,0xfb,0xff,0xff,0xff,0xff,0x9a,0x00,0x00,0x00,0x00,0x00,0x00,
  0x00,0x00,0x00,0x00,0x00,0x6c,0xff,0xff,0xff,0xff,0xfd,0x17,0x00,0x00,0x00,0x00,0x00,0xbb,0xff,0xff,0xff,0xff,0xf3,0x0c,
  0x00,0x00,0x00,0x00,0x00,0x00,0x00,0x00,0x00,0x00,0xcf,0xff,0xff,0xff,0xff,0xc3,0x00,0x00,0x00,0x00,0x00,0x00,0x67,0xff,
  0xff,0xff,0xff,0xff,0x64,0x00,0x00,0x00,0x00,0x00,0x00,0x00,0x00,0x00,0x31,0xff,0xff,0xff,0xff,0xff,0x71,0x00,0x00,0x00,
  0x00,0x00,0x00,0x15,0xfc,0xff,0xff,0xff,0xff,0xca,0x00,0x00,0x00,0x00,0x00,0x00,0x00,0x00,0x00,0x94,0xff,0xff,0xff,0xff,
  0xff,0xff,0xff,0xff,0xff,0xff,0xff,0xff,0xff,0xff,0xff,0xff,0xff,0xff,0xff,0x2f,0x00,0x00,0x00,0x00,0x00,0x00,0x00,0x07,
  0xee,0xff,0xff,0xff,0xff,0xff,0xff,0xff,0xff,0xff,0xff,0xff,0xff,0xff,0xff,0xff,0xff,0xff,0xff,0xff,0x94,0x00,0x00,0x00,
  0x00,0x00,0x00,0x00,0x59,0xff,0xff,0xff,0xff,0xff,0xff,0xff,0xff,0xff,0xff,0xff,0xff,0xff,0xff,0xff,0xff,0xff,0xff,0xff,
  0xff,0xf0,0x09,0x00,0x00,0x00,0x00,0x00,0x00,0xbb,0xff,0xff,0xff,0xff,0xff,0xff,0xff,0xff,0xff,0xff,0xff,0xff,0xff,0xff,
  0xff,0xff,0xff,0xff,0xff,0xff,0xff,0x5f,0x00,0x00,0x00,0x00,0x00,0x1f,0xfe,0xff,0xff,0xff,0xff,0xff,0xff,0xff,0xff,0xff,
  0xff,0xff,0xff,0xff,0xff,0xff,0xff,0xff,0xff,0xff,0xff,0xff,0xc4,0x00,0x00,0x00,0x00,0x00,0x80,0xff,0xff,0xff,0xff,0xff,
  0x54,0x00,0x00,0x00,0x00,0x00,0x00,0x00,0x00,0x00,0x00,0x01,0xe1,0xff,0xff,0xff,0xff,0xff,0x2a,0x00,0x00,0x00,0x01,0xe0,
  0xff,0xff,0xff,0xff,0xf4,0x09,0x00,0x00,0x00,0x00,0x00,0x00,0x00,0x00,0x00,0x00,0x00,0x87,0xff,0xff,0xff,0xff,0xff,0x8e,
  0x00,0x00,0x00,0x45,0xff,0xff,0xff,0xff,0xff,0xa8,0x00,0x00,0x00,0x00,0x00,0x00,0x00,0x00,0x00,0x00,0x00,0x00,0x2b,0xff,
  0xff,0xff,0xff,0xff,0xec,0x07,0x00,0x00,0xa8,0xff,0xff,0xff,0xff,0xff,0x51,0x00,0x00,0x00,0x00,0x00,0x00,0x00,0x00,0x00,
  0x00,0x00,0x00,0x00,0xd0,0xff,0xff,0xff,0xff,0xff,0x59,0x00,0x11,0xf8,0xff,0xff,0xff,0xff,0xf2,0x08,0x00,0x00,0x00,0x00,
  0x00,0x00,0x00,0x00,0x00,0x00,0x00,0x00,0x00,0x75,0xff,0xff,0xff,0xff,0xff,0xbe,0x00,0x6d,0xff,0xff,0xff,0xff,0xff,0xa5,
  0x00,0x00,0x00,0x00,0x00,0x00,0x00,0x00,0x00,0x00,0x00,0x00,0x00,0x00,0x1b,0xfd,0xff,0xff,0xff,0xff,0xfe,0x24,0xcf,0xff,
  0xff,0xff,0xff,0xff,0x4f,0x00,0x00,0x00,0x00,0x00,0x00,0x00,0x00,0x00,0x00,0x00,0x00,0x00,0x00,0x00,0xbe,0xff,0xff,0xff,
  0xff,0xff,0x89,0x00,0x00,0x00,0x00,0x00,0x00,0x00,0x00,0x00,0x00,0x00,0x0d,0x95,0xeb,0xf6,0xb9,0x2d,0x00,0x00,0x00,0x00,
  0x00,0x00,0x00,0x00,0x00,0x00,0x00,0x00,0x00,0x00,0x00,0x00,0x00,0x00,0x00,0x00,0x00,0x00,0x05,0xc6,0xff,0xff,0xff,0xff,
  0xf2,0x2a,0x00,0x00,0x00,0x00,0x00,0x00,0x00,0x00,0x00,0x00,0x00,0x00,0x00,0x00,0x00,0x00,0x00,0x00,0x00,0x00,0x00,0x60,
  0xff,0xea,0x36,0x16,0xbb,0xff,0xb0,0x00,0x00,0x00,0x00,0x00,0x00,0x00,0x00,0x00,0x00,0x00,0x00,0x00,0x00,0x00,0x00,0x00,
  0x00,0x00,0x00,0x00,0x9f,0xff,0x83,0x00,0x00,0x30,0xff,0xef,0x00,0x00,0x00,0x00,0x00,0x00,0x00,0x00,0x00,0x00,0x00,0x00,
  0x00,0x00,0x00,0x00,0x00,0x00,0x00,0x00,0x00,0xa0,0xff,0x83,0x00,0x00,0x30,0xff,0xef,0x00,0x00,0x00,0x00,0x00,0x00,0x00,
  0x00,0x00,0x00,0x00,0x00,0x00,0x00,0x00,0x00,0x00,0x00,0x00,0x00,0x00,0x60,0xff,0xe9,0x34,0x16,0xb9,0xff,0xb0,0x00,0x00,
  0x00,0x00,0x00,0x00,0x00,0x00,0x00,0x00,0x00,0x00,0x00,0x00,0x00,0x00,0x00,0x00,0x00,0x00,0x00,0x17,0xff,0xff,0xff,0xff,
  0xff,0xff,0xa0,0x00,0x00,0x00,0x00,0x00,0x00,0x00,0x00,0x00,0x00,0x00,0x00,0x00,0x00,0x00,0x00,0x00,0x00,0x00,0x00,0x00,
  0x6c,0xff,0xff,0xff,0xff,0xff,0xff,0xda,0x00,0x00,0x00,0x00,0x00,0x00,0x00,0x00,0x00,0x00,0x00,0x00,0x00,0x00,0x00,0x00,
  0x00,0x00,0x00,0x00,0x00,0xce,0xff,0xff,0xff,0xff,0xff,0xff,0xff,0x40,0x00,0x00,0x00,0x00,0x00,0x00,0x00,0x00,0x00,0x00,
  0x00,0x00,0x00,0x00,0x00,0x00,0x00,0x00,0x00,0x30,0xff,0xff,0xff,0xff,0xff,0xff,0xff,0xff,0xa5,0x00,0x00,0x00,0x00,0x00,
  0x00,0x00,0x00,0x00,0x00,0x00,0x00,0x00,0x00,0x00,0x00,0x00,0x00,0x00,0x93,0xff,0xff,0xff,0xff,0xff,0xff,0xff,0xff,0xf8,
  0x13,0x00,0x00,0x00,0x00,0x00,0x00,0x00,0x00,0x00,0x00,0x00,0x00,0x00,0x00,0x00,0x00,0x00,0x07,0xee,0xff,0xff,0xff,0xf2,
  0xba,0xff,0xff,0xff,0xff,0x70,0x00,0x00,0x00,0x00,0x00,0x00,0x00,0x00,0x00,0x00,0x00,0x00,0x00,0x00,0x00,0x00,0x00,0x58,
  0xff,0xff,0xff,0xff,0xa8,0x5e,0xff,0xff,0xff,0xff,0xd5,0x00,0x00,0x00,0x00,0x00,0x00,0x00,0x00,0x00,0x00,0x00,0x00,0x00,
  0x00,0x00,0x00,0x00,0xbb,0xff,0xff,0xff,0xff,0x55,0x0f,0xf9,0xff,0xff,0xff,0xff,0x3a,0x00,0x00,0x00,0x00,0x00,0x00,0x00,
  0x00,0x00,0x00,0x00,0x00,0x00,0x00,0x00,0x1f,0xfd,0xff,0xff,0xff,0xf7,0x0c,0x00,0xb5,0xff,0xff,0xff,0xff,0xa0,0x00,0x00,
  0x00,0x00,0x00,0x00,0x00,0x00,0x00,0x00,0x00,0x00,0x00,0x00,0x00,0x80,0xff,0xff,0xff,0xff,0xb1,0x00,0x00,0x61,0xff,0xff,
  0xff,0xff,0xf5,0x0f,0x00,0x00,0x00,0x00,0x00,0x00,0x00,0x00,0x00,0x00,0x00,0x00,0x00,0x01,0xe0,0xff,0xff,0xff,0xff,0x5e,
  0x00,0x00,0x11,0xfa,0xff,0xff,0xff,0xff,0x6a,0x00,0x00,0x00,0x00,0x00,0x00,0x00,0x00,0x00,0x00,0x00,0x00,0x00,0x45,0xff,
  0xff,0xff,0xff,0xfb,0x11,0x00,0x00,0x00,0xb8,0xff,0xff,0xff,0xff,0xcf,0x00,0x00,0x00,0x00,0x00,0x00,0x00,0x00,0x00,0x00,
  0x00,0x00,0x00,0xa7,0xff,0xff,0xff,0xff,0xba,0x00,0x00,0x00,0x00,0x64,0xff,0xff,0xff,0xff,0xff,0x35,0x00,0x00,0x00,0x00,
  0x00,0x00,0x00,0x00,0x00,0x00,0x00,0x11,0xf8,0xff,0xff,0xff,0xff,0x67,0x00,0x00,0x00,0x00,0x13,0xfb,0xff,0xff,0xff,0xff,
  0x9a,0x00,0x00,0x00,0x00,0x00,0x00,0x00,0x00,0x00,0x00,0x00,0x6c,0xff,0xff,0xff,0xff,0xfd,0x17,0x00,0x00,0x00,0x00,0x00,
  0xbb,0xff,0xff,0xff,0xff,0xf3,0x0c,0x00,0x00,0x00,0x00,0x00,0x00,0x00,0x00,0x00,0x00,0xcf,0xff,0xff,0xff,0xff,0xc3,0x00,
  0x00,0x00,0x00,0x00,0x00,0x67,0xff,0xff,0xff,0xff,0xff,0x64,0x00,0x00,0x00,0x00,0x00,0x00,0x00,0x00,0x00,0x31,0xff,0xff,
  0xff,0xff,0xff,0x71,0x00,0x00,0x00,0x00,0x00,0x00,0x15,0xfc,0xff,0xff,0xff,0xff,0xca,0x00,0x00,0x00,0x00,0x00,0x00,0x00,
  0x00,0x00,0x94,0xff,0xff,0xff,0xff,0xff,0xff,0xff,0xff,0xff,0xff,0xff,0xff,0xff,0xff,0xff,0xff,0xff,0xff,0xff,0x2f,0x00,
  0x00,0x00,0x00,0x00,0x00,0x00,0x07,0xee,0xff,0xff,0xff,0xff,0xff,0xff,0xff,0xff,0xff,0xff,0xff,0xff,0xff,0xff,0xff,0xff,
  0xff,0xff,0xff,0x94,0x00,0x00,0x00,0x00,0x00,0x00,0x00,0x59,0xff,0xff,0xff,0xff,0xff,0xff,0xff,0xff,0xff,0xff,0xff,0xff,
  0xff,0xff,0xff,0xff,0xff,0xff,0xff,0xff,0xf0,0x09,0x00,0x00,0x00,0x00,0x00,0x00,0xbb,0xff,0xff,0xff,0xff,0xff,0xff,0xff,
  0xff,0xff,0xff,0xff,0xff,0xff,0xff,0xff,0xff,0xff,0xff,0xff,0xff,0xff,0x5f,0x00,0x00,0x00,0x00,0x00,0x1f,0xfe,0xff,0xff,
  0xff,0xff,0xff,0xff,0xff,0xff,0xff,0xff,0xff,0xff,0xff,0xff,0xff,0xff,0xff,0xff,0xff,0xff,0xff,0xc4,0x00,0x00,0x00,0x00,
  0x00,0x80,0xff,0xff,0xff,0xff,0xff,0x54,0x00,0x00,0x00,0x00,0x00,0x00,0x00,0x00,0x00,0x00,0x01,0xe1,0xff,0xff,0xff,0xff,
  0xff,0x2a,0x00,0x00,0x00,0x01,0xe0,0xff,0xff,0xff,0xff,0xf4,0x09,0x00,0x00,0x00,0x00,0x00,0x00,0x00,0x00,0x00,0x00,0x00,
  0x87,0xff,0xff,0xff,0xff,0xff,0x8e,0x00,0x00,0x00,0x45,0xff,0xff,0xff,0xff,0xff,0xa8,0x00,0x00,0x00,0x00,0x00,0x00,0x00,
  0x00,0x00,0x00,0x00,0x00,0x2b,0xff,0xff,0xff,0xff,0xff,0xec,0x07,0x00,0x00,0xa8,0xff,0xff,0xff,0xff,0xff,0x51,0x00,0x00,
  0x00,0x00,0x00,0x00,0x00,0x00,0x00,0x00,0x00,0x00,0x00,0xd0,0xff,0xff,0xff,0xff,0xff,0x59,0x00,0x11,0xf8,0xff,0xff,0xff,
  0xff,0xf2,0x08,0x00,0x00,0x00,0x00,0x00,0x00,0x00,0x00,0x00,0x00,0x00,0x00,0x00,0x75,0xff,0xff,0xff,0xff,0xff,0xbe,0x00,
  0x6d,0xff,0xff,0xff,0xff,0xff,0xa5,0x00,0x00,0x00,0x00,0x00,0x00,0x00,0x00,0x00,0x00,0x00,0x00,0x00,0x00,0x1b,0xfd,0xff,
  0xff,0xff,0xff,0xfe,0x24,0xcf,0xff,0xff,0xff,0xff,0xff,0x4f,0x00,0x00,0x00,0x00,0x00,0x00,0x00,0x00,0x00,0x00,0x00,0x00,
  0x00,0x00,0x00,0xbe,0xff,0xff,0xff,0xff,0xff,0x89,0x00,0x00,0x00,0x00,0x00,0x00,0x00,0x00,0x00,0x00,0x00,0x00,0x00,0x8c,
  0xff,0xff,0xff,0xff,0xff,0xff,0xff,0xff,0xff,0xff,0xff,0xff,0xff,0xff,0xff,0xff,0xff,0xff,0xff,0xff,0xff,0xff,0xff,0xff,
  0xff,0x8c,0x00,0x00,0x00,0x00,0x00,0x00,0x00,0x00,0x00,0x00,0x00,0x00,0x00,0x00,0x0f,0xf1,0xff,0xff,0xff,0xff,0xff,0xff,
  0xff,0xff,0xff,0xff,0xff,0xff,0xff,0xff,0xff,0xff,0xff,0xff,0xff,0xff,0xff,0xff,0xff,0xff,0xff,0x8c,0x00,0x00,0x00,0x00,
  0x00,0x00,0x00,0x00,0x00,0x00,0x00,0x00,0x00,0x00,0x78,0xff,0xff,0xff,0xff,0xff,0xff,0xff,0xff,0xff,0xff,0xff,0xff,0xff,
  0xff,0xff,0xff,0xff,0xff,0xff,0xff,0xff,0xff,0xff,0xff,0xff,0xff,0x8c,0x00,0x00,0x00,0x00,0x00,0x00,0x00,0x00,0x00,0x00,
  0x00,0x00,0x00,0x06,0xe6,0xff,0xff,0xff,0xff,0xff,0xff,0xff,0xff,0xff,0xff,0xff,0xff,0xff,0xff,0xff,0xff,0xff,0xff,0xff,
  0xff,0xff,0xff,0xff,0xff,0xff,0xff,0x8c,0x00,0x00,0x00,0x00,0x00,0x00,0x00,0x00,0x00,0x00,0x00,0x00,0x00,0x64,0xff,0xff,
  0xff,0xff,0xff,0x2c,0x00,0x5c,0xff,0xff,0xff,0xff,0xff,0xff,0xff,0xff,0xff,0xff,0xff,0xff,0xff,0xff,0xff,0xff,0xff,0xff,
  0xff,0x8c,0x00,0x00,0x00,0x00,0x00,0x00,0x00,0x00,0x00,0x00,0x00,0x00,0x01,0xd7,0xff,0xff,0xff,0xff,0xbe,0x00,0x00,0x5c,
  0xff,0xff,0xff,0xff,0xff,0x5c,0x00,0x00,0x00,0x00,0x00,0x00,0x00,0x00,0x00,0x00,0x00,0x00,0x00,0x00,0x00,0x00,0x00,0x00,
  0x00,0x00,0x00,0x00,0x00,0x00,0x00,0x00,0x50,0xff,0xff,0xff,0xff,0xff,0x4f,0x00,0x00,0x5c,0xff,0xff,0xff,0xff,0xff,0x5c,
  0x00,0x00,0x00,0x00,0x00,0x00,0x00,0x00,0x00,0x00,0x00,0x00,0x00,0x00,0x00,0x00,0x00,0x00,0x00,0x00,0x00,0x00,0x00,0x00,
  0x00,0x00,0xc5,0xff,0xff,0xff,0xff,0xde,0x02,0x00,0x00,0x5c,0xff,0xff,0xff,0xff,0xff,0x5c,0x00,0x00,0x00,0x00,0x00,0x00,
  0x00,0x00,0x00,0x00,0x00,0x00,0x00,0x00,0x00,0x00,0x00,0x00,0x00,0x00,0x00,0x00,0x00,0x00,0x00,0x3c,0xff,0xff,0xff,0xff,
  0xff,0x72,0x00,0x00,0x00,0x5c,0xff,0xff,0xff,0xff,0xff,0x5c,0x00,0x00,0x00,0x00,0x00,0x00,0x00,0x00,0x00,0x00,0x00,0x00,
  0x00,0x00,0x00,0x00,0x00,0x00,0x00,0x00,0x00,0x00,0x00,0x00,0x00,0xb2,0xff,0xff,0xff,0xff,0xf4,0x10,0x00,0x00,0x00,0x5c,
  0xff,0xff,0xff,0xff,0xff,0x5c,0x00,0x00,0x00,0x00,0x00,0x00,0x00,0x00,0x00,0x00,0x00,0x00,0x00,0x00,0x00,0x00,0x00,0x00,
  0x00,0x00,0x00,0x00,0x00,0x00,0x29,0xfe,0xff,0xff,0xff,0xff,0x95,0x00,0x00,0x00,0x00,0x5c,0xff,0xff,0xff,0xff,0xff,0x5c,
  0x00,0x00,0x00,0x00,0x00,0x00,0x00,0x00,0x00,0x00,0x00,0x00,0x00,0x00,0x00,0x00,0x00,0x00,0x00,0x00,0x00,0x00,0x00,0x00,
  0x9e,0xff,0xff,0xff,0xff,0xfe,0x28,0x00,0x00,0x00,0x00,0x5c,0xff,0xff,0xff,0xff,0xff,0xff,0xff,0xff,0xff,0xff,0xff,0xff,
  0xff,0xff,0xff,0xff,0xff,0xff,0x6c,0x00,0x00,0x00,0x00,0x00,0x00,0x00,0x00,0x00,0x00,0x1a,0xf9,0xff,0xff,0xff,0xff,0xb8,
  0x00,0x00,0x00,0x00,0x00,0x5c,0xff,0xff,0xff,0xff,0xff,0xff,0xff,0xff,0xff,0xff,0xff,0xff,0xff,0xff,0xff,0xff,0xff,0xff,
  0x6c,0x00,0x00,0x00,0x00,0x00,0x00,0x00,0x00,0x00,0x00,0x8a,0xff,0xff,0xff,0xff,0xff,0x4a,0x00,0x00,0x00,0x00,0x00,0x5c,
  0xff,0xff,0xff,0xff,0xff,0xff,0xff,0xff,0xff,0xff,0xff,0xff,0xff,0xff,0xff,0xff,0xff,0xff,0x6c,0x00,0x00,0x00,0x00,0x00,
  0x00,0x00,0x00,0x00,0x0e,0xf1,0xff,0xff,0xff,0xff,0xda,0x01,0x00,0x00,0x00,0x00,0x00,0x5c,0xff,0xff,0xff,0xff,0xff,0xff,
  0xff,0xff,0xff,0xff,0xff,0xff,0xff,0xff,0xff,0xff,0xff,0xff,0x6c,0x00,0x00,0x00,0x00,0x00,0x00,0x00,0x00,0x00,0x77,0xff,
  0xff,0xff,0xff,0xff,0x6d,0x00,0x00,0x00,0x00,0x00,0x00,0x5c,0xff,0xff,0xff,0xff,0xff,0xff,0xff,0xff,0xff,0xff,0xff,0xff,
  0xff,0xff,0xff,0xff,0xff,0xff,0x6c,0x00,0x00,0x00,0x00,0x00,0x00,0x00,0x00,0x06,0xe5,0xff,0xff,0xff,0xff,0xf1,0x0d,0x00,
  0x00,0x00,0x00,0x00,0x00,0x5c,0xff,0xff,0xff,0xff,0xff,0x5c,0x00,0x00,0x00,0x00,0x00,0x00,0x00,0x00,0x00,0x00,0x00,0x00,
  0x00,0x00,0x00,0x00,0x00,0x00,0x00,0x00,0x00,0x63,0xff,0xff,0xff,0xff,0xff,0xff,0xff,0xff,0xff,0xff,0xff,0xff,0xff,0xff,
  0xff,0xff,0xff,0xff,0xff,0x5c,0x00,0x00,0x00,0x00,0x00,0x00,0x00,0x00,0x00,0x00,0x00,0x00,0x00,0x00,0x00,0x00,0x00,0x00,
  0x00,0x00,0x01,0xd6,0xff,0xff,0xff,0xff,0xff,0xff,0xff,0xff,0xff,0xff,0xff,0xff,0xff,0xff,0xff,0xff,0xff,0xff,0xff,0x5c,
  0x00,0x00,0x00,0x00,0x00,0x00,0x00,0x00,0x00,0x00,0x00,0x00,0x00,0x00,0x00,0x00,0x00,0x00,0x00,0x00,0x4f,0xff,0xff,0xff,
  0xff,0xff,0xff,0xff,0xff,0xff,0xff,0xff,0xff,0xff,0xff,0xff,0xff,0xff,0xff,0xff,0xff,0x5c,0x00,0x00,0x00,0x00,0x00,0x00,
  0x00,0x00,0x00,0x00,0x00,0x00,0x00,0x00,0x00,0x00,0x00,0x00,0x00,0x00,0xc5,0xff,0xff,0xff,0xff,0xff,0xff,0xff,0xff,0xff,
  0xff,0xff,0xff,0xff,0xff,0xff,0xff,0xff,0xff,0xff,0xff,0x5c,0x00,0x00,0x00,0x00,0x00,0x00,0x00,0x00,0x00,0x00,0x00,0x00,
  0x00,0x00,0x00,0x00,0x00,0x00,0x00,0x3a,0xff,0xff,0xff,0xff,0xff,0xff,0xff,0xff,0xff,0xff,0xff,0xff,0xff,0xff,0xff,0xff,
  0xff,0xff,0xff,0xff,0xff,0x5c,0x00,0x00,0x00,0x00,0x00,0x00,0x00,0x00,0x00,0x00,0x00,0x00,0x00,0x00,0x00,0x00,0x00,0x00,
  0x00,0xb1,0xff,0xff,0xff,0xff,0xff,0x72,0x00,0x00,0x00,0x00,0x00,0x00,0x00,0x00,0x00,0x6c,0xff,0xff,0xff,0xff,0xff,0x5c,
  0x00,0x00,0x00,0x00,0x00,0x00,0x00,0x00,0x00,0x00,0x00,0x00,0x00,0x00,0x00,0x00,0x00,0x00,0x28,0xfe,0xff,0xff,0xff,0xff,
  0xf6,0x11,0x00,0x00,0x00,0x00,0x00,0x00,0x00,0x00,0x00,0x6c,0xff,0xff,0xff,0xff,0xff,0x5c,0x00,0x00,0x00,0x00,0x00,0x00,
  0x00,0x00,0x00,0x00,0x00,0x00,0x00,0x00,0x00,0x00,0x00,0x00,0x9d,0xff,0xff,0xff,0xff,0xff,0x9c,0x00,0x00,0x00,0x00,0x00,
  0x00,0x00,0x00,0x00,0x00,0x6c,0xff,0xff,0xff,0xff,0xff,0xff,0xff,0xff,0xff,0xff,0xff,0xff,0xff,0xff,0xff,0xff,0xff,0xff,
  0xff,0xff,0x10,0x00,0x00,0x19,0xf9,0xff,0xff,0xff,0xff,0xff,0x31,0x00,0x00,0x00,0x00,0x00,0x00,0x00,0x00,0x00,0x00,0x6c,
  0xff,0xff,0xff,0xff,0xff,0xff,0xff,0xff,0xff,0xff,0xff,0xff,0xff,0xff,0xff,0xff,0xff,0xff,0xff,0xff,0x10,0x00,0x00,0x89,
  0xff,0xff,0xff,0xff,0xff,0xc6,0x00,0x00,0x00,0x00,0x00,0x00,0x00,0x00,0x00,0x00,0x00,0x6c,0xff,0xff,0xff,0xff,0xff,0xff,
  0xff,0xff,0xff,0xff,0xff,0xff,0xff,0xff,0xff,0xff,0xff,0xff,0xff,0xff,0x10,0x00,0x0e,0xf0,0xff,0xff,0xff,0xff,0xff,0x5b,
  0x00,0x00,0x00,0x00,0x00,0x00,0x00,0x00,0x00,0x00,0x00,0x6c,0xff,0xff,0xff,0xff,0xff,0xff,0xff,0xff,0xff,0xff,0xff,0xff,
  0xff,0xff,0xff,0xff,0xff,0xff,0xff,0xff,0x10,0x00,0x75,0xff,0xff,0xff,0xff,0xff,0xea,0x06,0x00,0x00,0x00,0x00,0x00,0x00,
  0x00,0x00,0x00,0x00,0x00,0x6c,0xff,0xff,0xff,0xff,0xff,0xff,0xff,0xff,0xff,0xff,0xff,0xff,0xff,0xff,0xff,0xff,0xff,0xff,
  0xff,0xff,0x10,0x00,0x00,0x00,0x00,0x00,0x00,0x00,0x00,0x00,0x00,0x02,0x36,0x7e,0xbe,0xd8,0xee,0xf9,0xe5,0xcf,0x98,0x51,
  0x09,0x00,0x00,0x00,0x00,0x00,0x00,0x00,0x00,0x00,0x00,0x00,0x00,0x00,0x00,0x00,0x00,0x4f,0xd4,0xff,0xff,0xff,0xff,0xff,
  0xff,0xff,0xff,0xff,0xff,0xe6,0x6a,0x04,0x00,0x00,0x00,0x00,0x00,0x00,0x00,0x00,0x00,0x00,0x00,0x00,0x10,0xb9,0xff,0xff,
  0xff,0xff,0xff,0xff,0xff,0xff,0xff,0xff,0xff,0xff,0xff,0xff,0xbe,0x13,0x00,0x00,0x00,0x00,0x00,0x00,0x00,0x00,0x00,0x00,
  0x22,0xd7,0xff,0xff,0xff,0xff,0xff,0xff,0xff,0xff,0xff,0xff,0xff,0xff,0xff,0xff,0xff,0xff,0xdc,0x16,0x00,0x00,0x00,0x00,
  0x00,0x00,0x00,0x00,0x0c,0xd8,0xff,0xff,0xff,0xff,0xff,0xff,0xff,0xff,0xff,0xff,0xff,0xff,0xff,0xff,0xff,0xff,0xff,0xff,
  0xc1,0x01,0x00,0x00,0x00,0x00,0x00,0x00,0x00,0xa6,0xff,0xff,0xff,0xff,0xff,0xff,0xdf,0x70,0x2a,0x0b,0x0a,0x2f,0x82,0xf1,
  0xff,0xff,0xff,0xff,0xff,0xff,0x62,0x00,0x00,0x00,0x00,0x00,0x00,0x42,0xff,0xff,0xff,0xff,0xff,0xff,0x9c,0x08,0x00,0x00,
  0x00,0x00,0x00,0x00,0x1f,0xd7,0xff,0xff,0xff,0xff,0xff,0xdc,0x02,0x00,0x00,0x00,0x00,0x00,0xb7,0xff,0xff,0xff,0xff,0xff,
  0xa5,0x00,0x00,0x00,0x00,0x00,0x00,0x00,0x00,0x00,0x1e,0xef,0xff,0xff,0xff,0xff,0xff,0x48,0x00,0x00,0x00,0x00,0x27,0xff,
  0xff,0xff,0xff,0xff,0xee,0x10,0x00,0x00,0x00,0x00,0x00,0x00,0x00,0x00,0x00,0x00,0x7b,0xff,0xff,0xff,0xff,0xff,0x9b,0x00,
  0x00,0x00,0x00,0x6b,0xff,0xff,0xff,0xff,0xff,0x94,0x00,0x00,0x00,0x00,0x00,0x00,0x00,0x00,0x00,0x00,0x00,0x1d,0xea,0xbf,
  0x92,0x65,0x39,0x0d,0x00,0x00,0x00,0x00,0xa8,0xff,0xff,0xff,0xff,0xff,0x46,0x00,0x00,0x00,0x00,0x00,0x00,0x00,0x00,0x00,
  0x00,0x00,0x00,0x00,0x00,0x00,0x00,0x00,0x00,0x00,0x00,0x00,0x00,0xdd,0xff,0xff,0xff,0xff,0xff,0x15,0x00,0x00,0x00,0x00,
  0x00,0x00,0x00,0x00,0x00,0x00,0x00,0x00,0x00,0x00,0x00,0x00,0x00,0x00,0x00,0x00,0x00,0x00,0xf4,0xff,0xff,0xff,0xff,0xf4,
  0x00,0x00,0x00,0x00,0x00,0x00,0x00,0x00,0x00,0x00,0x00,0x00,0x00,0x00,0x00,0x00,0x00,0x00,0x00,0x00,0x00,0x00,0x06,0xff,
  0xff,0xff,0xff,0xff,0xe6,0x00,0x00,0x00,0x00,0x00,0x00,0x00,0x00,0x00,0x00,0x00,0x00,0x00,0x00,0x00,0x00,0x00,0x00,0x00,
  0x00,0x00,0x00,0x16,0xff,0xff,0xff,0xff,0xff,0xdf,0x00,0x00,0x00,0x00,0x00,0x00,0x00,0x00,0x00,0x00,0x00,0x00,0x00,0x00,
  0x00,0x00,0x00,0x00,0x00,0x00,0x00,0x00,0x0e,0xff,0xff,0xff,0xff,0xff,0xea,0x00,0x00,0x00,0x00,0x00,0x00,0x00,0x00,0x00,
  0x00,0x00,0x00,0x00,0x00,0x00,0x00,0x00,0x00,0x00,0x00,0x00,0x00,0x00,0xfb,0xff,0xff,0xff,0xff,0xf8,0x00,0x00,0x00,0x00,
  0x00,0x00,0x00,0x00,0x00,0x00,0x00,0x00,0x00,0x00,0x00,0x00,0x00,0x00,0x00,0x00,0x00,0x00,0x00,0xe9,0xff,0xff,0xff,0xff,
  0xff,0x1c,0x00,0x00,0x00,0x00,0x00,0x00,0x00,0x00,0x00,0x00,0x00,0x00,0x00,0x00,0x00,0x00,0x00,0x00,0x00,0x00,0x00,0x00,
  0xbb,0xff,0xff,0xff,0xff,0xff,0x4b,0x00,0x00,0x00,0x00,0x00,0x00,0x00,0x00,0x00,0x00,0x00,0x01,0xcd,0x8c,0x30,0x00,0x00,
  0x00,0x00,0x00,0x00,0x00,0x7c,0xff,0xff,0xff,0xff,0xff,0x98,0x00,0x00,0x00,0x00,0x00,0x00,0x00,0x00,0x00,0x00,0x00,0x39,
  0xff,0xff,0xff,0xd5,0x7a,0x20,0x00,0x00,0x00,0x00,0x39,0xff,0xff,0xff,0xff,0xff,0xef,0x11,0x00,0x00,0x00,0x00,0x00,0x00,
  0x00,0x00,0x00,0x00,0xa6,0xff,0xff,0xff,0xff,0xff,0xaa,0x00,0x00,0x00,0x00,0x00,0xcd,0xff,0xff,0xff,0xff,0xff,0xa2,0x00,
  0x00,0x00,0x00,0x00,0x00,0x00,0x00,0x00,0x40,0xfe,0xff,0xff,0xff,0xff,0xff,0x4f,0x00,0x00,0x00,0x00,0x00,0x55,0xff,0xff,
  0xff,0xff,0xff,0xff,0x94,0x05,0x00,0x00,0x00,0x00,0x00,0x00,0x36,0xed,0xff,0xff,0xff,0xff,0xff,0xdf,0x05,0x00,0x00,0x00,
  0x00,0x00,0x02,0xbb,0xff,0xff,0xff,0xff,0xff,0xff,0xda,0x6a,0x24,0x09,0x0c,0x38,0x95,0xfa,0xff,0xff,0xff,0xff,0xff,0xff,
  0x5e,0x00,0x00,0x00,0x00,0x00,0x00,0x00,0x14,0xe3,0xff,0xff,0xff,0xff,0xff,0xff,0xff,0xff,0xff,0xff,0xff,0xff,0xff,0xff,
  0xff,0xff,0xff,0xff,0xb7,0x01,0x00,0x00,0x00,0x00,0x00,0x00,0x00,0x00,0x2d,0xe3,0xff,0xff,0xff,0xff,0xff,0xff,0xff,0xff,
  0xff,0xff,0xff,0xff,0xff,0xff,0xff,0xff,0xd7,0x13,0x00,0x00,0x00,0x00,0x00,0x00,0x00,0x00,0x00,0x00,0x19,0xca,0xff,0xff,
  0xff,0xff,0xff,0xff,0xff,0xff,0xff,0xff,0xff,0xff,0xff,0xff,0xc5,0x13,0x00,0x00,0x00,0x00,0x00,0x00,0x00,0x00,0x00,0x00,
  0x00,0x00,0x03,0x61,0xe2,0xff,0xff,0xff,0xff,0xff,0xff,0xff,0xff,0xff,0xff,0xe8,0x6c,0x02,0x00,0x00,0x00,0x00,0x00,0x00,
  0x00,0x00,0x00,0x00,0x00,0x00,0x00,0x00,0x00,0x06,0x45,0x8f,0xc8,0xe0,0xf6,0xf8,0xe8,0xc9,0x95,0x4f,0x04,0x00,0x00,0x00,
  0x00,0x00,0x00,0x00,0x00,0x00,0x00,0x00,0x00,0x00,0x00,0x00,0x00,0x00,0x00,0x00,0x52,0xbc,0xe7,0xf9,0xf5,0xd4,0x8b,0x16,
  0x00,0x00,0x00,0x00,0x00,0x00,0x00,0x00,0x00,0x00,0x00,0x00,0x00,0x00,0x00,0x00,0x00,0x00,0x00,0x00,0x00,0xcc,0xff,0xff,
  0xff,0xff,0xff,0xff,0xe5,0x1f,0x00,0x00,0x00,0x00,0x00,0x00,0x00,0x00,0x00,0x00,0x00,0x00,0x00,0x00,0x00,0x00,0x00,0x00,
  0x00,0x00,0x43,0x15,0x05,0x1d,0x95,0xff,0xff,0xff,0x97,0x00,0x00,0x00,0x00,0x00,0x00,0x00,0x00,0x00,0x00,0x00,0x00,0x00,
  0x00,0x00,0x00,0x00,0x00,0x00,0x00,0x00,0x00,0x00,0x00,0x12,0xff,0xff,0xff,0xb1,0x00,0x00,0x00,0x00,0x00,0x00,0x00,0x00,
  0x00,0x00,0x00,0x00,0x00,0x00,0x00,0x00,0x00,0x00,0x29,0x19,0x0a,0x02,0x10,0x3a,0xb4,0xff,0xff,0xff,0x67,0x00,0x00,0x00,
  0x00,0x00,0x00,0x00,0x00,0x00,0x00,0x00,0x00,0x00,0x00,0x00,0x00,0x00,0x00,0xe8,0xff,0xff,0xff,0xff,0xff,0xff,0xff,0xfc,
  0x8b,0x01,0x00,0x00,0x00,0x00,0x00,0x00,0x00,0x00,0x00,0x00,0x00,0x00,0x00,0x00,0x00,0x00,0x00,0x00,0xe8,0xff,0xff,0xff,
  0xf9,0xea,0xc4,0x86,0x28,0x00,0x00,0x00,0x00,0x00,0x00,0x00,0x00,0x00,0x00,0x00,0x00,0x00,0x00,0x00,0x00,0x00,0x00,0x00,
  0x8d,0xff,0xff,0xff,0xff,0xff,0x5d,0x00,0x00,0x00,0x00,0x00,0x00,0x00,0x00,0x00,0x00,0x00,0x00,0x00,0x00,0x00,0x00,0x00,
  0x00,0x00,0x00,0x01,0xa5,0xff,0xff,0xff,0xff,0xd0,0x00,0x00,0x00,0x00,0x00,0x00,0x00,0x00,0x00,0x00,0x00,0x00,0x00,0x00,
  0x00,0x00,0x00,0x00,0x00,0x00,0x00,0x06,0xbb,0xff,0xff,0xff,0xff,0x43,0x00,0x00,0x00,0x00,0x00,0x00,0x00,0x00,0x00,0x00,
  0x00,0x00,0x00,0x00,0x00,0x00,0x00,0x00,0x00,0x00,0x00,0x0d,0xce,0xff,0xff,0xff,0xb7,0x00,0x00,0x00,0x00,0x00,0x00,0x00,
  0x00,0x00,0x00,0x00,0x00,0x00,0x00,0x00,0x00,0x00,0x00,0x00,0x00,0x00,0x00,0x17,0xdd,0xff,0xff,0xff,0x2b,0x00,0x00,0x00,
  0x00,0x00,0x00,0x00,0x00,0x00,0x00,0x00,0x00,0x00,0x00,0x00,0x00,0x00,0x00,0x00,0x00,0x00,0x00,0x25,0xea,0xff,0xff,0x9e,
  0x00,0x00,0x00,0x00,0x00,0x00,0x00,0x00,0x00,0x00,0x00,0x00,0x00,0x00,0x00,0x00,0x00,0x00,0x00,0x00,0x00,0x00,0x00,0x00,
  0x00,0x00,0x00,0x00,0x00,0x00,0x00,0x00,0x00,0x00,0x00,0x00,0x00,0x00,0x00,0x00,0x00,0x00,0x00,0x00,0x00,0x00,0x00,0x00,
  0x00,0x00,0x00,0x00,0x00,0x00,0x00,0x00,0x00,0x00,0x00,0x00,0x00,0x00,0x00,0x00,0x00,0x00,0x18,0xff,0xff,0xff,0xff,0xff,
  0xff,0xff,0xff,0xff,0xff,0xff,0xff,0xff,0xff,0xff,0xff,0xff,0xff,0xff,0xff,0xff,0x24,0x00,0x00,0x00,0x00,0x18,0xff,0xff,
  0xff,0xff,0xff,0xff,0xff,0xff,0xff,0xff,0xff,0xff,0xff,0xff,0xff,0xff,0xff,0xff,0xff,0xff,0xff,0x24,0x00,0x00,0x00,0x00,
  0x18,0xff,0xff,0xff,0xff,0xff,0xff,0xff,0xff,0xff,0xff,0xff,0xff,0xff,0xff,0xff,0xff,0xff,0xff,0xff,0xff,0xff,0x24,0x00,
  0x00,0x00,0x00,0x18,0xff,0xff,0xff,0xff,0xff,0xff,0xff,0xff,0xff,0xff,0xff,0xff,0xff,0xff,0xff,0xff,0xff,0xff,0xff,0xff,
  0xff,0x24,0x00,0x00,0x00,0x00,0x18,0xff,0xff,0xff,0xff,0xff,0xff,0xff,0xff,0xff,0xff,0xff,0xff,0xff,0xff,0xff,0xff,0xff,
  0xff,0xff,0xff,0xff,0x24,0x00,0x00,0x00,0x00,0x18,0xff,0xff,0xff,0xff,0xff,0xb0,0x00,0x00,0x00,0x00,0x00,0x00,0x00,0x00,
  0x00,0x00,0x00,0x00,0x00,0x00,0x00,0x00,0x00,0x00,0x00,0x00,0x18,0xff,0xff,0xff,0xff,0xff,0xb0,0x00,0x00,0x00,0x00,0x00,
  0x00,0x00,0x00,0x00,0x00,0x00,0x00,0x00,0x00,0x00,0x00,0x00,0x00,0x00,0x00,0x18,0xff,0xff,0xff,0xff,0xff,0xb0,0x00,0x00,
  0x00,0x00,0x00,0x00,0x00,0x00,0x00,0x00,0x00,0x00,0x00,0x00,0x00,0x00,0x00,0x00,0x00,0x00,0x18,0xff,0xff,0xff,0xff,0xff,
  0xb0,0x00,0x00,0x00,0x00,0x00,0x00,0x00,0x00,0x00,0x00,0x00,0x00,0x00,0x00,0x00,0x00,0x00,0x00,0x00,0x00,0x18,0xff,0xff,
  0xff,0xff,0xff,0xb0,0x00,0x00,0x00,0x00,0x00,0x00,0x00,0x00,0x00,0x00,0x00,0x00,0x00,0x00,0x00,0x00,0x00,0x00,0x00,0x00,
  0x18,0xff,0xff,0xff,0xff,0xff,0xb0,0x00,0x00,0x00,0x00,0x00,0x00,0x00,0x00,0x00,0x00,0x00,0x00,0x00,0x00,0x00,0x00,0x00,
  0x00,0x00,0x00,0x18,0xff,0xff,0xff,0xff,0xff,0xff,0xff,0xff,0xff,0xff,0xff,0xff,0xff,0xff,0xff,0xff,0xff,0xff,0xff,0xff,
  0x10,0x00,0x00,0x00,0x00,0x00,0x18,0xff,0xff,0xff,0xff,0xff,0xff,0xff,0xff,0xff,0xff,0xff,0xff,0xff,0xff,0xff,0xff,0xff,
  0xff,0xff,0xff,0x10,0x00,0x00,0x00,0x00,0x00,0x18,0xff,0xff,0xff,0xff,0xff,0xff,0xff,0xff,0xff,0xff,0xff,0xff,0xff,0xff,
  0xff,0xff,0xff,0xff,0xff,0xff,0x10,0x00,0x00,0x00,0x00,0x00,0x18,0xff,0xff,0xff,0xff,0xff,0xff,0xff,0xff,0xff,0xff,0xff,
  0xff,0xff,0xff,0xff,0xff,0xff,0xff,0xff,0xff,0x10,0x00,0x00,0x00,0x00,0x00,0x18,0xff,0xff,0xff,0xff,0xff,0xff,0xff,0xff,
  0xff,0xff,0xff,0xff,0xff,0xff,0xff,0xff,0xff,0xff,0xff,0xff,0x10,0x00,0x00,0x00,0x00,0x00,0x18,0xff,0xff,0xff,0xff,0xff,
  0xb0,0x00,0x00,0x00,0x00,0x00,0x00,0x00,0x00,0x00,0x00,0x00,0x00,0x00,0x00,0x00,0x00,0x00,0x00,0x00,0x00,0x18,0xff,0xff,
  0xff,0xff,0xff,0xb0,0x00,0x00,0x00,0x00,0x00,0x00,0x00,0x00,0x00,0x00,0x00,0x00,0x00,0x00,0x00,0x00,0x00,0x00,0x00,0x00,
  0x18,0xff,0xff,0xff,0xff,0xff,0xb0,0x00,0x00,0x00,0x00,0x00,0x00,0x00,0x00,0x00,0x00,0x00,0x00,0x00,0x00,0x00,0x00,0x00,
  0x00,0x00,0x00,0x18,0xff,0xff,0xff,0xff,0xff,0xb0,0x00,0x00,0x00,0x00,0x00,0x00,0x00,0x00,0x00,0x00,0x00,0x00,0x00,0x00,
  0x00,0x00,0x00,0x00,0x00,0x00,0x18,0xff,0xff,0xff,0xff,0xff,0xb0,0x00,0x00,0x00,0x00,0x00,0x00,0x00,0x00,0x00,0x00,0x00,
  0x00,0x00,0x00,0x00,0x00,0x00,0x00,0x00,0x00,0x18,0xff,0xff,0xff,0xff,0xff,0xb0,0x00,0x00,0x00,0x00,0x00,0x00,0x00,0x00,
  0x00,0x00,0x00,0x00,0x00,0x00,0x00,0x00,0x00,0x00,0x00,0x00,0x18,0xff,0xff,0xff,0xff,0xff,0xb0,0x00,0x00,0x00,0x00,0x00,
  0x00,0x00,0x00,0x00,0x00,0x00,0x00,0x00,0x00,0x00,0x00,0x00,0x00,0x00,0x00,0x18,0xff,0xff,0xff,0xff,0xff,0xb0,0x00,0x00,
  0x00,0x00,0x00,0x00,0x00,0x00,0x00,0x00,0x00,0x00,0x00,0x00,0x00,0x00,0x00,0x00,0x00,0x00,0x18,0xff,0xff,0xff,0xff,0xff,
  0xff,0xff,0xff,0xff,0xff,0xff,0xff,0xff,0xff,0xff,0xff,0xff,0xff,0xff,0xff,0xff,0xb0,0x00,0x00,0x00,0x00,0x18,0xff,0xff,
  0xff,0xff,0xff,0xff,0xff,0xff,0xff,0xff,0xff,0xff,0xff,0xff,0xff,0xff,0xff,0xff,0xff,0xff,0xff,0xb0,0x00,0x00,0x00,0x00,
  0x18,0xff,0xff,0xff,0xff,0xff,0xff,0xff,0xff,0xff,0xff,0xff,0xff,0xff,0xff,0xff,0xff,0xff,0xff,0xff,0xff,0xff,0xb0,0x00,
  0x00,0x00,0x00,0x18,0xff,0xff,0xff,0xff,0xff,0xff,0xff,0xff,0xff,0xff,0xff,0xff,0xff,0xff,0xff,0xff,0xff,0xff,0xff,0xff,
  0xff,0xb0,0x00,0x00,0x00,0x00,0x18,0xff,0xff,0xff,0xff,0xff,0xff,0xff,0xff,0xff,0xff,0xff,0xff,0xff,0xff,0xff,0xff,0xff,
  0xff,0xff,0xff,0xff,0xb0,0x00,0x00,0x00,0x00,0x00,0x00,0x00,0x00,0x00,0x00,0x00,0x00,0x00,0x00,0x46,0xff,0xff,0xff,0xff,
  0xff,0xa7,0x01,0x00,0x00,0x00,0x00,0x00,0x00,0x00,0x00,0x00,0x00,0x00,0x00,0x00,0x00,0x00,0x00,0x00,0x00,0x00,0xb8,0xff,
  0xff,0xff,0xff,0xbd,0x06,0x00,0x00,0x00,0x00,0x00,0x00,0x00,0x00,0x00,0x00,0x00,0x00,0x00,0x00,0x00,0x00,0x00,0x00,0x00,
  0x2b,0xff,0xff,0xff,0xff,0xcf,0x0e,0x00,0x00,0x00,0x00,0x00,0x00,0x00,0x00,0x00,0x00,0x00,0x00,0x00,0x00,0x00,0x00,0x00,
  0x00,0x00,0x00,0x9e,0xff,0xff,0xff,0xdf,0x19,0x00,0x00,0x00,0x00,0x00,0x00,0x00,0x00,0x00,0x00,0x00,0x00,0x00,0x00,0x00,
  0x00,0x00,0x00,0x00,0x00,0x17,0xf8,0xff,0xff,0xec,0x27,0x00,0x00,0x00,0x00,0x00,0x00,0x00,0x00,0x00,0x00,0x00,0x00,0x00,
  0x00,0x00,0x00,0x00,0x00,0x00,0x00,0x00,0x83,0xff,0xff,0xf6,0x38,0x00,0x00,0x00,0x00,0x00,0x00,0x00,0x00,0x00,0x00,0x00,
  0x00,0x00,0x00,0x00,0x00,0x00,0x00,0x00,0x00,0x00,0x00,0x00,0x00,0x00,0x00,0x00,0x00,0x00,0x00,0x00,0x00,0x00,0x00,0x00,
  0x00,0x00,0x00,0x00,0x00,0x00,0x00,0x00,0x00,0x00,0x00,0x00,0x00,0x00,0x00,0x00,0x00,0x00,0x00,0x00,0x00,0x00,0x00,0x00,
  0x00,0x00,0x00,0x00,0x00,0x00,0x00,0x00,0x00,0x18,0xff,0xff,0xff,0xff,0xff,0xff,0xff,0xff,0xff,0xff,0xff,0xff,0xff,0xff,
  0xff,0xff,0xff,0xff,0xff,0xff,0xff,0x24,0x00,0x00,0x00,0x00,0x18,0xff,0xff,0xff,0xff,0xff,0xff,0xff,0xff,0xff,0xff,0xff,
  0xff,0xff,0xff,0xff,0xff,0xff,0xff,0xff,0xff,0xff,0x24,0x00,0x00,0x00,0x00,0x18,0xff,0xff,0xff,0xff,0xff,0xff,0xff,0xff,
  0xff,0xff,0xff,0xff,0xff,0xff,0xff,0xff,0xff,0xff,0xff,0xff,0xff,0x24,0x00,0x00,0x00,0x00,0x18,0xff,0xff,0xff,0xff,0xff,
  0xff,0xff,0xff,0xff,0xff,0xff,0xff,0xff,0xff,0xff,0xff,0xff,0xff,0xff,0xff,0xff,0x24,0x00,0x00,0x00,0x00,0x18,0xff,0xff,
  0xff,0xff,0xff,0xff,0xff,0xff,0xff,0xff,0xff,0xff,0xff,0xff,0xff,0xff,0xff,0xff,0xff,0xff,0xff,0x24,0x00,0x00,0x00,0x00,
  0x18,0xff,0xff,0xff,0xff,0xff,0xb0,0x00,0x00,0x00,0x00,0x00,0x00,0x00,0x00,0x00,0x00,0x00,0x00,0x00,0x00,0x00,0x00,0x00,
  0x00,0x00,0x00,0x18,0xff,0xff,0xff,0xff,0xff,0xb0,0x00,0x00,0x00,0x00,0x00,0x00,0x00,0x00,0x00,0x00,0x00,0x00,0x00,0x00,
  0x00,0x00,0x00,0x00,0x00,0x00,0x18,0xff,0xff,0xff,0xff,0xff,0xb0,0x00,0x00,0x00,0x00,0x00,0x00,0x00,0x00,0x00,0x00,0x00,
  0x00,0x00,0x00,0x00,0x00,0x00,0x00,0x00,0x00,0x18,0xff,0xff,0xff,0xff,0xff,0xb0,0x00,0x00,0x00,0x00,0x00,0x00,0x00,0x00,
  0x00,0x00,0x00,0x00,0x00,0x00,0x00,0x00,0x00,0x00,0x00,0x00,0x18,0xff,0xff,0xff,0xff,0xff,0xb0,0x00,0x00,0x00,0x00,0x00,
  0x00,0x00,0x00,0x00,0x00,0x00,0x00,0x00,0x00,0x00,0x00,0x00,0x00,0x00,0x00,0x18,0xff,0xff,0xff,0xff,0xff,0xb0,0x00,0x00,
  0x00,0x00,0x00,0x00,0x00,0x00,0x00,0x00,0x00,0x00,0x00,0x00,0x00,0x00,0x00,0x00,0x00,0x00,0x18,0xff,0xff,0xff,0xff,0xff,
  0xff,0xff,0xff,0xff,0xff,0xff,0xff,0xff,0xff,0xff,0xff,0xff,0xff,0xff,0xff,0x10,0x00,0x00,0x00,0x00,0x00,0x18,0xff,0xff,
  0xff,0xff,0xff,0xff,0xff,0xff,0xff,0xff,0xff,0xff,0xff,0xff,0xff,0xff,0xff,0xff,0xff,0xff,0x10,0x00,0x00,0x00,0x00,0x00,
  0x18,0xff,0xff,0xff,0xff,0xff,0xff,0xff,0xff,0xff,0xff,0xff,0xff,0xff,0xff,0xff,0xff,0xff,0xff,0xff,0xff,0x10,0x00,0x00,
  0x00,0x00,0x00,0x18,0xff,0xff,0xff,0xff,0xff,0xff,0xff,0xff,0xff,0xff,0xff,0xff,0xff,0xff,0xff,0xff,0xff,0xff,0xff,0xff,
  0x10,0x00,0x00,0x00,0x00,0x00,0x18,0xff,0xff,0xff,0xff,0xff,0xff,0xff,0xff,0xff,0xff,0xff,0xff,0xff,0xff,0xff,0xff,0xff,
  0xff,0xff,0xff,0x10,0x00,0x00,0x00,0x00,0x00,0x18,0xff,0xff,0xff,0xff,0xff,0xb0,0x00,0x00,0x00,0x00,0x00,0x00,0x00,0x00,
  0x00,0x00,0x00,0x00,0x00,0x00,0x00,0x00,0x00,0x00,0x00,0x00,0x18,0xff,0xff,0xff,0xff,0xff,0xb0,0x00,0x00,0x00,0x00,0x00,
  0x00,0x00,0x00,0x00,0x00,0x00,0x00,0x00,0x00,0x00,0x00,0x00,0x00,0x00,0x00,0x18,0xff,0xff,0xff,0xff,0xff,0xb0,0x00,0x00,
  0x00,0x00,0x00,0x00,0x00,0x00,0x00,0x00,0x00,0x00,0x00,0x00,0x00,0x00,0x00,0x00,0x00,0x00,0x18,0xff,0xff,0xff,0xff,0xff,
  0xb0,0x00,0x00,0x00,0x00,0x00,0x00,0x00,0x00,0x00,0x00,0x00,0x00,0x00,0x00,0x00,0x00,0x00,0x00,0x00,0x00,0x18,0xff,0xff,
  0xff,0xff,0xff,0xb0,0x00,0x00,0x00,0x00,0x00,0x00,0x00,0x00,0x00,0x00,0x00,0x00,0x00,0x00,0x00,0x00,0x00,0x00,0x00,0x00,
  0x18,0xff,0xff,0xff,0xff,0xff,0xb0,0x00,0x00,0x00,0x00,0x00,0x00,0x00,0x00,0x00,0x00,0x00,0x00,0x00,0x00,0x00,0x00,0x00,
  0x00,0x00,0x00,0x18,0xff,0xff,0xff,0xff,0xff,0xb0,0x00,0x00,0x00,0x00,0x00,0x00,0x00,0x00,0x00,0x00,0x00,0x00,0x00,0x00,
  0x00,0x00,0x00,0x00,0x00,0x00,0x18,0xff,0xff,0xff,0xff,0xff,0xb0,0x00,0x00,0x00,0x00,0x00,0x00,0x00,0x00,0x00,0x00,0x00,
  0x00,0x00,0x00,0x00,0x00,0x00,0x00,0x00,0x00,0x18,0xff,0xff,0xff,0xff,0xff,0xff,0xff,0xff,0xff,0xff,0xff,0xff,0xff,0xff,
  0xff,0xff,0xff,0xff,0xff,0xff,0xff,0xb0,0x00,0x00,0x00,0x00,0x18,0xff,0xff,0xff,0xff,0xff,0xff,0xff,0xff,0xff,0xff,0xff,
  0xff,0xff,0xff,0xff,0xff,0xff,0xff,0xff,0xff,0xff,0xb0,0x00,0x00,0x00,0x00,0x18,0xff,0xff,0xff,0xff,0xff,0xff,0xff,0xff,
  0xff,0xff,0xff,0xff,0xff,0xff,0xff,0xff,0xff,0xff,0xff,0xff,0xff,0xb0,0x00,0x00,0x00,0x00,0x18,0xff,0xff,0xff,0xff,0xff,
  0xff,0xff,0xff,0xff,0xff,0xff,0xff,0xff,0xff,0xff,0xff,0xff,0xff,0xff,0xff,0xff,0xb0,0x00,0x00,0x00,0x00,0x18,0xff,0xff,
  0xff,0xff,0xff,0xff,0xff,0xff,0xff,0xff,0xff,0xff,0xff,0xff,0xff,0xff,0xff,0xff,0xff,0xff,0xff,0xb0,0x00,0x00,0x00,0x00,
  0x00,0x00,0x00,0x00,0x00,0x00,0x00,0x00,0xa8,0xff,0xff,0xff,0xff,0xf5,0x24,0x00,0x00,0x00,0x00,0x00,0x00,0x00,0x00,0x00,
  0x00,0x00,0x00,0x00,0x00,0x00,0x00,0x00,0x00,0x00,0x56,0xff,0xff,0xff,0xff,0xff,0xff,0xc4,0x02,0x00,0x00,0x00,0x00,0x00,
  0x00,0x00,0x00,0x00,0x00,0x00,0x00,0x00,0x00,0x00,0x00,0x00,0x18,0xec,0xff,0xff,0xff,0xff,0xff,0xff,0xff,0x73,0x00,0x00,
  0x00,0x00,0x00,0x00,0x00,0x00,0x00,0x00,0x00,0x00,0x00,0x00,0x00,0x00,0x00,0xb3,0xff,0xff,0xff,0xc6,0x7f,0xff,0xff,0xff,
  0xf7,0x28,0x00,0x00,0x00,0x00,0x00,0x00,0x00,0x00,0x00,0x00,0x00,0x00,0x00,0x00,0x00,0x62,0xff,0xff,0xff,0xf3,0x22,0x01,
  0xb8,0xff,0xff,0xff,0xc9,0x03,0x00,0x00,0x00,0x00,0x00,0x00,0x00,0x00,0x00,0x00,0x00,0x00,0x00,0x1e,0xf1,0xff,0xff,0xff,
  0x61,0x00,0x00,0x14,0xe4,0xff,0xff,0xff,0x79,0x00,0x00,0x00,0x00,0x00,0x00,0x00,0x00,0x00,0x00,0x00,0x00,0x00,0x00,0x00,
  0x00,0x00,0x00,0x00,0x00,0x00,0x00,0x00,0x00,0x00,0x00,0x00,0x00,0x00,0x00,0x00,0x00,0x00,0x00,0x00,0x00,0x00,0x00,0x00,
  0x00,0x00,0x00,0x00,0x00,0x00,0x00,0x00,0x00,0x00,0x00,0x00,0x00,0x00,0x00,0x00,0x00,0x00,0x00,0x00,0x00,0x00,0x00,0x00,
  0x18,0xff,0xff,0xff,0xff,0xff,0xff,0xff,0xff,0xff,0xff,0xff,0xff,0xff,0xff,0xff,0xff,0xff,0xff,0xff,0xff,0xff,0x24,0x00,
  0x00,0x00,0x00,0x18,0xff,0xff,0xff,0xff,0xff,0xff,0xff,0xff,0xff,0xff,0xff,0xff,0xff,0xff,0xff,0xff,0xff,0xff,0xff,0xff,
  0xff,0x24,0x00,0x00,0x00,0x00,0x18,0xff,0xff,0xff,0xff,0xff,0xff,0xff,0xff,0xff,0xff,0xff,0xff,0xff,0xff,0xff,0xff,0xff,
  0xff,0xff,0xff,0xff,0x24,0x00,0x00,0x00,0x00,0x18,0xff,0xff,0xff,0xff,0xff,0xff,0xff,0xff,0xff,0xff,0xff,0xff,0xff,0xff,
  0xff,0xff,0xff,0xff,0xff,0xff,0xff,0x24,0x00,0x00,0x00,0x00,0x18,0xff,0xff,0xff,0xff,0xff,0xff,0xff,0xff,0xff,0xff,0xff,
  0xff,0xff,0xff,0xff,0xff,0xff,0xff,0xff,0xff,0xff,0x24,0x00,0x00,0x00,0x00,0x18,0xff,0xff,0xff,0xff,0xff,0xb0,0x00,0x00,
  0x00,0x00,0x00,0x00,0x00,0x00,0x00,0x00,0x00,0x00,0x00,0x00,0x00,0x00,0x00,0x00,0x00,0x00,0x18,0xff,0xff,0xff,0xff,0xff,
  0xb0,0x00,0x00,0x00,0x00,0x00,0x00,0x00,0x00,0x00,0x00,0x00,0x00,0x00,0x00,0x00,0x00,0x00,0x00,0x00,0x00,0x18,0xff,0xff,
  0xff,0xff,0xff,0xb0,0x00,0x00,0x00,0x00,0x00,0x00,0x00,0x00,0x00,0x00,0x00,0x00,0x00,0x00,0x00,0x00,0x00,0x00,0x00,0x00,
  0x18,0xff,0xff,0xff,0xff,0xff,0xb0,0x00,0x00,0x00,0x00,0x00,0x00,0x00,0x00,0x00,0x00,0x00,0x00,0x00,0x00,0x00,0x00,0x00,
  0x00,0x00,0x00,0x18,0xff,0xff,0xff,0xff,0xff,0xb0,0x00,0x00,0x00,0x00,0x00,0x00,0x00,0x00,0x00,0x00,0x00,0x00,0x00,0x00,
  0x00,0x00,0x00,0x00,0x00,0x00,0x18,0xff,0xff,0xff,0xff,0xff,0xb0,0x00,0x00,0x00,0x00,0x00,0x00,0x00,0x00,0x00,0x00,0x00,
  0x00,0x00,0x00,0x00,0x00,0x00,0x00,0x00,0x00,0x18,0xff,0xff,0xff,0xff,0xff,0xff,0xff,0xff,0xff,0xff,0xff,0xff,0xff,0xff,
  0xff,0xff,0xff,0xff,0xff,0xff,0x10,0x00,0x00,0x00,0x00,0x00,0x18,0xff,0xff,0xff,0xff,0xff,0xff,0xff,0xff,0xff,0xff,0xff,
  0xff,0xff,0xff,0xff,0xff,0xff,0xff,0xff,0xff,0x10,0x00,0x00,0x00,0x00,0x00,0x18,0xff,0xff,0xff,0xff,0xff,0xff,0xff,0xff,
  0xff,0xff,0xff,0xff,0xff,0xff,0xff,0xff,0xff,0xff,0xff,0xff,0x10,0x00,0x00,0x00,0x00,0x00,0x18,0xff,0xff,0xff,0xff,0xff,
  0xff,0xff,0xff,0xff,0xff,0xff,0xff,0xff,0xff,0xff,0xff,0xff,0xff,0xff,0xff,0x10,0x00,0x00,0x00,0x00,0x00,0x18,0xff,0xff,
  0xff,0xff,0xff,0xff,0xff,0xff,0xff,0xff,0xff,0xff,0xff,0xff,0xff,0xff,0xff,0xff,0xff,0xff,0x10,0x00,0x00,0x00,0x00,0x00,
  0x18,0xff,0xff,0xff,0xff,0xff,0xb0,0x00,0x00,0x00,0x00,0x00,0x00,0x00,0x00,0x00,0x00,0x00,0x00,0x00,0x00,0x00,0x00,0x00,
  0x00,0x00,0x00,0x18,0xff,0xff,0xff,0xff,0xff,0xb0,0x00,0x00,0x00,0x00,0x00,0x00,0x00,0x00,0x00,0x00,0x00,0x00,0x00,0x00,
  0x00,0x00,0x00,0x00,0x00,0x00,0x18,0xff,0xff,0xff,0xff,0xff,0xb0,0x00,0x00,0x00,0x00,0x00,0x00,0x00,0x00,0x00,0x00,0x00,
  0x00,0x00,0x00,0x00,0x00,0x00,0x00,0x00,0x00,0x18,0xff,0xff,0xff,0xff,0xff,0xb0,0x00,0x00,0x00,0x00,0x00,0x00,0x00,0x00,
  0x00,0x00,0x00,0x00,0x00,0x00,0x00,0x00,0x00,0x00,0x00,0x00,0x18,0xff,0xff,0xff,0xff,0xff,0xb0,0x00,0x00,0x00,0x00,0x00,
  0x00,0x00,0x00,0x00,0x00,0x00,0x00,0x00,0x00,0x00,0x00,0x00,0x00,0x00,0x00,0x18,0xff,0xff,0xff,0xff,0xff,0xb0,0x00,0x00,
  0x00,0x00,0x00,0x00,0x00,0x00,0x00,0x00,0x00,0x00,0x00,0x00,0x00,0x00,0x00,0x00,0x00,0x00,0x18,0xff,0xff,0xff,0xff,0xff,
  0xb0,0x00,0x00,0x00,0x00,0x00,0x00,0x00,0x00,0x00,0x00,0x00,0x00,0x00,0x00,0x00,0x00,0x00,0x00,0x00,0x00,0x18,0xff,0xff,
  0xff,0xff,0xff,0xb0,0x00,0x00,0x00,0x00,0x00,0x00,0x00,0x00,0x00,0x00,0x00,0x00,0x00,0x00,0x00,0x00,0x00,0x00,0x00,0x00,
  0x18,0xff,0xff,0xff,0xff,0xff,0xff,0xff,0xff,0xff,0xff,0xff,0xff,0xff,0xff,0xff,0xff,0xff,0xff,0xff,0xff,0xff,0xb0,0x00,
  0x00,0x00,0x00,0x18,0xff,0xff,0xff,0xff,0xff,0xff,0xff,0xff,0xff,0xff,0xff,0xff,0xff,0xff,0xff,0xff,0xff,0xff,0xff,0xff,
  0xff,0xb0,0x00,0x00,0x00,0x00,0x18,0xff,0xff,0xff,0xff,0xff,0xff,0xff,0xff,0xff,0xff,0xff,0xff,0xff,0xff,0xff,0xff,0xff,
  0xff,0xff,0xff,0xff,0xb0,0x00,0x00,0x00,0x00,0x18,0xff,0xff,0xff,0xff,0xff,0xff,0xff,0xff,0xff,0xff,0xff,0xff,0xff,0xff,
  0xff,0xff,0xff,0xff,0xff,0xff,0xff,0xb0,0x00,0x00,0x00,0x00,0x18,0xff,0xff,0xff,0xff,0xff,0xff,0xff,0xff,0xff,0xff,0xff,
  0xff,0xff,0xff,0xff,0xff,0xff,0xff,0xff,0xff,0xff,0xb0,0x00,0x00,0x00,0x00,0x00,0x00,0x00,0x00,0x18,0xff,0xff,0xff,0xff,
  0xa0,0x00,0x00,0x00,0xb0,0xff,0xff,0xff,0xff,0x08,0x00,0x00,0x00,0x00,0x00,0x00,0x00,0x00,0x00,0x00,0x00,0x00,0x18,0xff,
  0xff,0xff,0xff,0xa0,0x00,0x00,0x00,0xb0,0xff,0xff,0xff,0xff,0x08,0x00,0x00,0x00,0x00,0x00,0x00,0x00,0x00,0x00,0x00,0x00,
  0x00,0x18,0xff,0xff,0xff,0xff,0xa0,0x00,0x00,0x00,0xb0,0xff,0xff,0xff,0xff,0x08,0x00,0x00,0x00,0x00,0x00,0x00,0x00,0x00,
  0x00,0x00,0x00,0x00,0x18,0xff,0xff,0xff,0xff,0xa0,0x00,0x00,0x00,0xb0,0xff,0xff,0xff,0xff,0x08,0x00,0x00,0x00,0x00,0x00,
  0x00,0x00,0x00,0x00,0x00,0x00,0x00,0x00,0x00,0x00,0x00,0x00,0x00,0x00,0x00,0x00,0x00,0x00,0x00,0x00,0x00,0x00,0x00,0x00,
  0x00,0x00,0x00,0x00,0x00,0x00,0x00,0x00,0x00,0x00,0x00,0x00,0x00,0x00,0x00,0x00,0x00,0x00,0x00,0x00,0x00,0x00,0x00,0x00,
  0x00,0x00,0x00,0x00,0x00,0x00,0x00,0x00,0x00,0x18,0xff,0xff,0xff,0xff,0xff,0xff,0xff,0xff,0xff,0xff,0xff,0xff,0xff,0xff,
  0xff,0xff,0xff,0xff,0xff,0xff,0xff,0x24,0x00,0x00,0x00,0x00,0x18,0xff,0xff,0xff,0xff,0xff,0xff,0xff,0xff,0xff,0xff,0xff,
  0xff,0xff,0xff,0xff,0xff,0xff,0xff,0xff,0xff,0xff,0x24,0x00,0x00,0x00,0x00,0x18,0xff,0xff,0xff,0xff,0xff,0xff,0xff,0xff,
  0xff,0xff,0xff,0xff,0xff,0xff,0xff,0xff,0xff,0xff,0xff,0xff,0xff,0x24,0x00,0x00,0x00,0x00,0x18,0xff,0xff,0xff,0xff,0xff,
  0xff,0xff,0xff,0xff,0xff,0xff,0xff,0xff,0xff,0xff,0xff,0xff,0xff,0xff,0xff,0xff,0x24,0x00,0x00,0x00,0x00,0x18,0xff,0xff,
  0xff,0xff,0xff,0xff,0xff,0xff,0xff,0xff,0xff,0xff,0xff,0xff,0xff,0xff,0xff,0xff,0xff,0xff,0xff,0x24,0x00,0x00,0x00,0x00,
  0x18,0xff,0xff,0xff,0xff,0xff,0xb0,0x00,0x00,0x00,0x00,0x00,0x00,0x00,0x00,0x00,0x00,0x00,0x00,0x00,0x00,0x00,0x00,0x00,
  0x00,0x00,0x00,0x18,0xff,0xff,0xff,0xff,0xff,0xb0,0x00,0x00,0x00,0x00,0x00,0x00,0x00,0x00,0x00,0x00,0x00,0x00,0x00,0x00,
  0x00,0x00,0x00,0x00,0x00,0x00,0x18,0xff,0xff,0xff,0xff,0xff,0xb0,0x00,0x00,0x00,0x00,0x00,0x00,0x00,0x00,0x00,0x00,0x00,
  0x00,0x00,0x00,0x00,0x00,0x00,0x00,0x00,0x00,0x18,0xff,0xff,0xff,0xff,0xff,0xb0,0x00,0x00,0x00,0x00,0x00,0x00,0x00,0x00,
  0x00,0x00,0x00,0x00,0x00,0x00,0x00,0x00,0x00,0x00,0x00,0x00,0x18,0xff,0xff,0xff,0xff,0xff,0xb0,0x00,0x00,0x00,0x00,0x00,
  0x00,0x00,0x00,0x00,0x00,0x00,0x00,0x00,0x00,0x00,0x00,0x00,0x00,0x00,0x00,0x18,0xff,0xff,0xff,0xff,0xff,0xb0,0x00,0x00,
  0x00,0x00,0x00,0x00,0x00,0x00,0x00,0x00,0x00,0x00,0x00,0x00,0x00,0x00,0x00,0x00,0x00,0x00,0x18,0xff,0xff,0xff,0xff,0xff,
  0xff,0xff,0xff,0xff,0xff,0xff,0xff,0xff,0xff,0xff,0xff,0xff,0xff,0xff,0xff,0x10,0x00,0x00,0x00,0x00,0x00,0x18,0xff,0xff,
  0xff,0xff,0xff,0xff,0xff,0xff,0xff,0xff,0xff,0xff,0xff,0xff,0xff,0xff,0xff,0xff,0xff,0xff,0x10,0x00,0x00,0x00,0x00,0x00,
  0x18,0xff,0xff,0xff,0xff,0xff,0xff,0xff,0xff,0xff,0xff,0xff,0xff,0xff,0xff,0xff,0xff,0xff,0xff,0xff,0xff,0x10,0x00,0x00,
  0x00,0x00,0x00,0x18,0xff,0xff,0xff,0xff,0xff,0xff,0xff,0xff,0xff,0xff,0xff,0xff,0xff,0xff,0xff,0xff,0xff,0xff,0xff,0xff,
  0x10,0x00,0x00,0x00,0x00,0x00,0x18,0xff,0xff,0xff,0xff,0xff,0xff,0xff,0xff,0xff,0xff,0xff,0xff,0xff,0xff,0xff,0xff,0xff,
  0xff,0xff,0xff,0x10,0x00,0x00,0x00,0x00,0x00,0x18,0xff,0xff,0xff,0xff,0xff,0xb0,0x00,0x00,0x00,0x00,0x00,0x00,0x00,0x00,
  0x00,0x00,0x00,0x00,0x00,0x00,0x00,0x00,0x00,0x00,0x00,0x00,0x18,0xff,0xff,0xff,0xff,0xff,0xb0,0x00,0x00,0x00,0x00,0x00,
  0x00,0x00,0x00,0x00,0x00,0x00,0x00,0x00,0x00,0x00,0x00,0x00,0x00,0x00,0x00,0x18,0xff,0xff,0xff,0xff,0xff,0xb0,0x00,0x00,
  0x00,0x00,0x00,0x00,0x00,0x00,0x00,0x00,0x00,0x00,0x00,0x00,0x00,0x00,0x00,0x00,0x00,0x00,0x18,0xff,0xff,0xff,0xff,0xff,
  0xb0,0x00,0x00,0x00,0x00,0x00,0x00,0x00,0x00,0x00,0x00,0x00,0x00,0x00,0x00,0x00,0x00,0x00,0x00,0x00,0x00,0x18,0xff,0xff,
  0xff,0xff,0xff,0xb0,0x00,0x00,0x00,0x00,0x00,0x00,0x00,0x00,0x00,0x00,0x00,0x00,0x00,0x00,0x00,0x00,0x00,0x00,0x00,0x00,
  0x18,0xff,0xff,0xff,0xff,0xff,0xb0,0x00,0x00,0x00,0x00,0x00,0x00,0x00,0x00,0x00,0x00,0x00,0x00,0x00,0x00,0x00,0x00,0x00,
  0x00,0x00,0x00,0x18,0xff,0xff,0xff,0xff,0xff,0xb0,0x00,0x00,0x00,0x00,0x00,0x00,0x00,0x00,0x00,0x00,0x00,0x00,0x00,0x00,
  0x00,0x00,0x00,0x00,0x00,0x00,0x18,0xff,0xff,0xff,0xff,0xff,0xb0,0x00,0x00,0x00,0x00,0x00,0x00,0x00,0x00,0x00,0x00,0x00,
  0x00,0x00,0x00,0x00,0x00,0x00,0x00,0x00,0x00,0x18,0xff,0xff,0xff,0xff,0xff,0xff,0xff,0xff,0xff,0xff,0xff,0xff,0xff,0xff,
  0xff,0xff,0xff,0xff,0xff,0xff,0xff,0xb0,0x00,0x00,0x00,0x00,0x18,0xff,0xff,0xff,0xff,0xff,0xff,0xff,0xff,0xff,0xff,0xff,
  0xff,0xff,0xff,0xff,0xff,0xff,0xff,0xff,0xff,0xff,0xb0,0x00,0x00,0x00,0x00,0x18,0xff,0xff,0xff,0xff,0xff,0xff,0xff,0xff,
  0xff,0xff,0xff,0xff,0xff,0xff,0xff,0xff,0xff,0xff,0xff,0xff,0xff,0xb0,0x00,0x00,0x00,0x00,0x18,0xff,0xff,0xff,0xff,0xff,
  0xff,0xff,0xff,0xff,0xff,0xff,0xff,0xff,0xff,0xff,0xff,0xff,0xff,0xff,0xff,0xff,0xb0,0x00,0x00,0x00,0x00,0x18,0xff,0xff,
  0xff,0xff,0xff,0xff,0xff,0xff,0xff,0xff,0xff,0xff,0xff,0xff,0xff,0xff,0xff,0xff,0xff,0xff,0xff,0xb0,0x00,0x00,0x05,0xb8,
  0xff,0xff,0xff,0xff,0xff,0x2e,0x00,0x00,0x00,0x00,0x00,0x0c,0xcb,0xff,0xff,0xff,0xff,0xa0,0x00,0x00,0x00,0x00,0x00,0x00,
  0x16,0xdb,0xff,0xff,0xff,0xf9,0x1a,0x00,0x00,0x00,0x00,0x00,0x00,0x22,0xe8,0xff,0xff,0xff,0x87,0x00,0x00,0x00,0x00,0x00,
  0x00,0x00,0x32,0xf3,0xff,0xff,0xee,0x0b,0x00,0x00,0x00,0x00,0x00,0x00,0x00,0x45,0xfa,0xff,0xff,0x6e,0x00,0x00,0x00,0x00,
  0x00,0x00,0x00,0x00,0x00,0x00,0x00,0x00,0x00,0x00,0x00,0x00,0x00,0x00,0x00,0x00,0x00,0x00,0x00,0x00,0x00,0x00,0x00,0x00,
  0x00,0x44,0xff,0xff,0xff,0xff,0xff,0x84,0x00,0x00,0x00,0x00,0x00,0x44,0xff,0xff,0xff,0xff,0xff,0x84,0x00,0x00,0x00,0x00,
  0x00,0x44,0xff,0xff,0xff,0xff,0xff,0x84,0x00,0x00,0x00,0x00,0x00,0x44,0xff,0xff,0xff,0xff,0xff,0x84,0x00,0x00,0x00,0x00,
  0x00,0x44,0xff,0xff,0xff,0xff,0xff,0x84,0x00,0x00,0x00,0x00,0x00,0x44,0xff,0xff,0xff,0xff,0xff,0x84,0x00,0x00,0x00,0x00,
  0x00,0x44,0xff,0xff,0xff,0xff,0xff,0x84,0x00,0x00,0x00,0x00,0x00,0x44,0xff,0xff,0xff,0xff,0xff,0x84,0x00,0x00,0x00,0x00,
  0x00,0x44,0xff,0xff,0xff,0xff,0xff,0x84,0x00,0x00,0x00,0x00,0x00,0x44,0xff,0xff,0xff,0xff,0xff,0x84,0x00,0x00,0x00,0x00,
  0x00,0x44,0xff,0xff,0xff,0xff,0xff,0x84,0x00,0x00,0x00,0x00,0x00,0x44,0xff,0xff,0xff,0xff,0xff,0x84,0x00,0x00,0x00,0x00,
  0x00,0x44,0xff,0xff,0xff,0xff,0xff,0x84,0x00,0x00,0x00,0x00,0x00,0x44,0xff,0xff,0xff,0xff,0xff,0x84,0x00,0x00,0x00,0x00,
  0x00,0x44,0xff,0xff,0xff,0xff,0xff,0x84,0x00,0x00,0x00,0x00,0x00,0x44,0xff,0xff,0xff,0xff,0xff,0x84,0x00,0x00,0x00,0x00,
  0x00,0x44,0xff,0xff,0xff,0xff,0xff,0x84,0x00,0x00,0x00,0x00,0x00,0x44,0xff,0xff,0xff,0xff,0xff,0x84,0x00,0x00,0x00,0x00,
  0x00,0x44,0xff,0xff,0xff,0xff,0xff,0x84,0x00,0x00,0x00,0x00,0x00,0x44,0xff,0xff,0xff,0xff,0xff,0x84,0x00,0x00,0x00,0x00,
  0x00,0x44,0xff,0xff,0xff,0xff,0xff,0x84,0x00,0x00,0x00,0x00,0x00,0x44,0xff,0xff,0xff,0xff,0xff,0x84,0x00,0x00,0x00,0x00,
  0x00,0x44,0xff,0xff,0xff,0xff,0xff,0x84,0x00,0x00,0x00,0x00,0x00,0x44,0xff,0xff,0xff,0xff,0xff,0x84,0x00,0x00,0x00,0x00,
  0x00,0x44,0xff,0xff,0xff,0xff,0xff,0x84,0x00,0x00,0x00,0x00,0x00,0x44,0xff,0xff,0xff,0xff,0xff,0x84,0x00,0x00,0x00,0x00,
  0x00,0x44,0xff,0xff,0xff,0xff,0xff,0x84,0x00,0x00,0x00,0x00,0x00,0x44,0xff,0xff,0xff,0xff,0xff,0x84,0x00,0x00,0x00,0x00,
  0x00,0x44,0xff,0xff,0xff,0xff,0xff,0x84,0x00,0x00,0x00,0x00,0x00,0x00,0x76,0xff,0xff,0xff,0xff,0xff,0x78,0x00,0x00,0x00,
  0x04,0xe3,0xff,0xff,0xff,0xff,0x93,0x00,0x00,0x00,0x00,0x5b,0xff,0xff,0xff,0xff,0xac,0x02,0x00,0x00,0x00,0x00,0xcd,0xff,
  0xff,0xff,0xc1,0x07,0x00,0x00,0x00,0x00,0x40,0xff,0xff,0xff,0xd3,0x10,0x00,0x00,0x00,0x00,0x00,0xb3,0xff,0xff,0xe2,0x1c,
  0x00,0x00,0x00,0x00,0x00,0x00,0x00,0x00,0x00,0x00,0x00,0x00,0x00,0x00,0x00,0x00,0x00,0x00,0x00,0x00,0x00,0x00,0x00,0x00,
  0x00,0x00,0x00,0x00,0x44,0xff,0xff,0xff,0xff,0xff,0x84,0x00,0x00,0x00,0x00,0x44,0xff,0xff,0xff,0xff,0xff,0x84,0x00,0x00,
  0x00,0x00,0x44,0xff,0xff,0xff,0xff,0xff,0x84,0x00,0x00,0x00,0x00,0x44,0xff,0xff,0xff,0xff,0xff,0x84,0x00,0x00,0x00,0x00,
  0x44,0xff,0xff,0xff,0xff,0xff,0x84,0x00,0x00,0x00,0x00,0x44,0xff,0xff,0xff,0xff,0xff,0x84,0x00,0x00,0x00,0x00,0x44,0xff,
  0xff,0xff,0xff,0xff,0x84,0x00,0x00,0x00,0x00,0x44,0xff,0xff,0xff,0xff,0xff,0x84,0x00,0x00,0x00,0x00,0x44,0xff,0xff,0xff,
  0xff,0xff,0x84,0x00,0x00,0x00,0x00,0x44,0xff,0xff,0xff,0xff,0xff,0x84,0x00,0x00,0x00,0x00,0x44,0xff,0xff,0xff,0xff,0xff,
  0x84,0x00,0x00,0x00,0x00,0x44,0xff,0xff,0xff,0xff,0xff,0x84,0x00,0x00,0x00,0x00,0x44,0xff,0xff,0xff,0xff,0xff,0x84,0x00,
  0x00,0x00,0x00,0x44,0xff,0xff,0xff,0xff,0xff,0x84,0x00,0x00,0x00,0x00,0x44,0xff,0xff,0xff,0xff,0xff,0x84,0x00,0x00,0x00,
  0x00,0x44,0xff,0xff,0xff,0xff,0xff,0x84,0x00,0x00,0x00,0x00,0x44,0xff,0xff,0xff,0xff,0xff,0x84,0x00,0x00,0x00,0x00,0x44,
  0xff,0xff,0xff,0xff,0xff,0x84,0x00,0x00,0x00,0x00,0x44,0xff,0xff,0xff,0xff,0xff,0x84,0x00,0x00,0x00,0x00,0x44,0xff,0xff,
  0xff,0xff,0xff,0x84,0x00,0x00,0x00,0x00,0x44,0xff,0xff,0xff,0xff,0xff,0x84,0x00,0x00,0x00,0x00,0x44,0xff,0xff,0xff,0xff,
  0xff,0x84,0x00,0x00,0x00,0x00,0x44,0xff,0xff,0xff,0xff,0xff,0x84,0x00,0x00,0x00,0x00,0x44,0xff,0xff,0xff,0xff,0xff,0x84,
  0x00,0x00,0x00,0x00,0x44,0xff,0xff,0xff,0xff,0xff,0x84,0x00,0x00,0x00,0x00,0x44,0xff,0xff,0xff,0xff,0xff,0x84,0x00,0x00,
  0x00,0x00,0x44,0xff,0xff,0xff,0xff,0xff,0x84,0x00,0x00,0x00,0x00,0x44,0xff,0xff,0xff,0xff,0xff,0x84,0x00,0x00,0x00,0x00,
  0x44,0xff,0xff,0xff,0xff,0xff,0x84,0x00,0x00,0x00,0x00,0x00,0x1e,0xf1,0xff,0xff,0xff,0xff,0xb1,0x00,0x00,0x00,0x00,0x00,
  0x00,0x01,0xbc,0xff,0xff,0xff,0xff,0xff,0xff,0x5e,0x00,0x00,0x00,0x00,0x00,0x6d,0xff,0xff,0xff,0xff,0xff,0xff,0xff,0xef,
  0x1b,0x00,0x00,0x00,0x25,0xf5,0xff,0xff,0xff,0x6d,0xd7,0xff,0xff,0xff,0xb7,0x00,0x00,0x03,0xc6,0xff,0xff,0xff,0xad,0x00,
  0x2c,0xf6,0xff,0xff,0xff,0x64,0x00,0x79,0xff,0xff,0xff,0xe6,0x13,0x00,0x00,0x61,0xff,0xff,0xff,0xf2,0x1f,0x00,0x00,0x00,
  0x00,0x00,0x00,0x00,0x00,0x00,0x00,0x00,0x00,0x00,0x00,0x00,0x00,0x00,0x00,0x00,0x00,0x00,0x00,0x00,0x00,0x00,0x00,0x00,
  0x00,0x00,0x00,0x00,0x44,0xff,0xff,0xff,0xff,0xff,0x84,0x00,0x00,0x00,0x00,0x00,0x00,0x00,0x44,0xff,0xff,0xff,0xff,0xff,
  0x84,0x00,0x00,0x00,0x00,0x00,0x00,0x00,0x44,0xff,0xff,0xff,0xff,0xff,0x84,0x00,0x00,0x00,0x00,0x00,0x00,0x00,0x44,0xff,
  0xff,0xff,0xff,0xff,0x84,0x00,0x00,0x00,0x00,0x00,0x00,0x00,0x44,0xff,0xff,0xff,0xff,0xff,0x84,0x00,0x00,0x00,0x00,0x00,
  0x00,0x00,0x44,0xff,0xff,0xff,0xff,0xff,0x84,0x00,0x00,0x00,0x00,0x00,0x00,0x00,0x44,0xff,0xff,0xff,0xff,0xff,0x84,0x00,
  0x00,0x00,0x00,0x00,0x00,0x00,0x44,0xff,0xff,0xff,0xff,0xff,0x84,0x00,0x00,0x00,0x00,0x00,0x00,0x00,0x44,0xff,0xff,0xff,
  0xff,0xff,0x84,0x00,0x00,0x00,0x00,0x00,0x00,0x00,0x44,0xff,0xff,0xff,0xff,0xff,0x84,0x00,0x00,0x00,0x00,0x00,0x00,0x00,
  0x44,0xff,0xff,0xff,0xff,0xff,0x84,0x00,0x00,0x00,0x00,0x00,0x00,0x00,0x44,0xff,0xff,0xff,0xff,0xff,0x84,0x00,0x00,0x00,
  0x00,0x00,0x00,0x00,0x44,0xff,0xff,0xff,0xff,0xff,0x84,0x00,0x00,0x00,0x00,0x00,0x00,0x00,0x44,0xff,0xff,0xff,0xff,0xff,
  0x84,0x00,0x00,0x00,0x00,0x00,0x00,0x00,0x44,0xff,0xff,0xff,0xff,0xff,0x84,0x00,0x00,0x00,0x00,0x00,0x00,0x00,0x44,0xff,
  0xff,0xff,0xff,0xff,0x84,0x00,0x00,0x00,0x00,0x00,0x00,0x00,0x44,0xff,0xff,0xff,0xff,0xff,0x84,0x00,0x00,0x00,0x00,0x00,
  0x00,0x00,0x44,0xff,0xff,0xff,0xff,0xff,0x84,0x00,0x00,0x00,0x00,0x00,0x00,0x00,0x44,0xff,0xff,0xff,0xff,0xff,0x84,0x00,
  0x00,0x00,0x00,0x00,0x00,0x00,0x44,0xff,0xff,0xff,0xff,0xff,0x84,0x00,0x00,0x00,0x00,0x00,0x00,0x00,0x44,0xff,0xff,0xff,
  0xff,0xff,0x84,0x00,0x00,0x00,0x00,0x00,0x00,0x00,0x44,0xff,0xff,0xff,0xff,0xff,0x84,0x00,0x00,0x00,0x00,0x00,0x00,0x00,
  0x44,0xff,0xff,0xff,0xff,0xff,0x84,0x00,0x00,0x00,0x00,0x00,0x00,0x00,0x44,0xff,0xff,0xff,0xff,0xff,0x84,0x00,0x00,0x00,
  0x00,0x00,0x00,0x00,0x44,0xff,0xff,0xff,0xff,0xff,0x84,0x00,0x00,0x00,0x00,0x00,0x00,0x00,0x44,0xff,0xff,0xff,0xff,0xff,
  0x84,0x00,0x00,0x00,0x00,0x00,0x00,0x00,0x44,0xff,0xff,0xff,0xff,0xff,0x84,0x00,0x00,0x00,0x00,0x00,0x00,0x00,0x44,0xff,
  0xff,0xff,0xff,0xff,0x84,0x00,0x00,0x00,0x00,0x00,0x00,0x00,0x44,0xff,0xff,0xff,0xff,0xff,0x84,0x00,0x00,0x00,0x00,0xe4,
  0xff,0xff,0xff,0xd4,0x00,0x00,0x00,0x7c,0xff,0xff,0xff,0xff,0x3c,0xe4,0xff,0xff,0xff,0xd4,0x00,0x00,0x00,0x7c,0xff,0xff,
  0xff,0xff,0x3c,0xe4,0xff,0xff,0xff,0xd4,0x00,0x00,0x00,0x7c,0xff,0xff,0xff,0xff,0x3c,0xe4,0xff,0xff,0xff,0xd4,0x00,0x00,
  0x00,0x7c,0xff,0xff,0xff,0xff,0x3c,0x00,0x00,0x00,0x00,0x00,0x00,0x00,0x00,0x00,0x00,0x00,0x00,0x00,0x00,0x00,0x00,0x00,
  0x00,0x00,0x00,0x00,0x00,0x00,0x00,0x00,0x00,0x00,0x00,0x00,0x00,0x00,0x44,0xff,0xff,0xff,0xff,0xff,0x84,0x00,0x00,0x00,
  0x00,0x00,0x00,0x00,0x44,0xff,0xff,0xff,0xff,0xff,0x84,0x00,0x00,0x00,0x00,0x00,0x00,0x00,0x44,0xff,0xff,0xff,0xff,0xff,
  0x84,0x00,0x00,0x00,0x00,0x00,0x00,0x00,0x44,0xff,0xff,0xff,0xff,0xff,0x84,0x00,0x00,0x00,0x00,0x00,0x00,0x00,0x44,0xff,
  0xff,0xff,0xff,0xff,0x84,0x00,0x00,0x00,0x00,0x00,0x00,0x00,0x44,0xff,0xff,0xff,0xff,0xff,0x84,0x00,0x00,0x00,0x00,0x00,
  0x00,0x00,0x44,0xff,0xff,0xff,0xff,0xff,0x84,0x00,0x00,0x00,0x00,0x00,0x00,0x00,0x44,0xff,0xff,0xff,0xff,0xff,0x84,0x00,
  0x00,0x00,0x00,0x00,0x00,0x00,0x44,0xff,0xff,0xff,0xff,0xff,0x84,0x00,0x00,0x00,0x00,0x00,0x00,0x00,0x44,0xff,0xff,0xff,
  0xff,0xff,0x84,0x00,0x00,0x00,0x00,0x00,0x00,0x00,0x44,0xff,0xff,0xff,0xff,0xff,0x84,0x00,0x00,0x00,0x00,0x00,0x00,0x00,
  0x44,0xff,0xff,0xff,0xff,0xff,0x84,0x00,0x00,0x00,0x00,0x00,0x00,0x00,0x44,0xff,0xff,0xff,0xff,0xff,0x84,0x00,0x00,0x00,
  0x00,0x00,0x00,0x00,0x44,0xff,0xff,0xff,0xff,0xff,0x84,0x00,0x00,0x00,0x00,0x00,0x00,0x00,0x44,0xff,0xff,0xff,0xff,0xff,
  0x84,0x00,0x00,0x00,0x00,0x00,0x00,0x00,0x44,0xff,0xff,0xff,0xff,0xff,0x84,0x00,0x00,0x00,0x00,0x00,0x00,0x00,0x44,0xff,
  0xff,0xff,0xff,0xff,0x84,0x00,0x00,0x00,0x00,0x00,0x00,0x00,0x44,0xff,0xff,0xff,0xff,0xff,0x84,0x00,0x00,0x00,0x00,0x00,
  0x00,0x00,0x44,0xff,0xff,0xff,0xff,0xff,0x84,0x00,0x00,0x00,0x00,0x00,0x00,0x00,0x44,0xff,0xff,0xff,0xff,0xff,0x84,0x00,
  0x00,0x00,0x00,0x00,0x00,0x00,0x44,0xff,0xff,0xff,0xff,0xff,0x84,0x00,0x00,0x00,0x00,0x00,0x00,0x00,0x44,0xff,0xff,0xff,
  0xff,0xff,0x84,0x00,0x00,0x00,0x00,0x00,0x00,0x00,0x44,0xff,0xff,0xff,0xff,0xff,0x84,0x00,0x00,0x00,0x00,0x00,0x00,0x00,
  0x44,0xff,0xff,0xff,0xff,0xff,0x84,0x00,0x00,0x00,0x00,0x00,0x00,0x00,0x44,0xff,0xff,0xff,0xff,0xff,0x84,0x00,0x00,0x00,
  0x00,0x00,0x00,0x00,0x44,0xff,0xff,0xff,0xff,0xff,0x84,0x00,0x00,0x00,0x00,0x00,0x00,0x00,0x44,0xff,0xff,0xff,0xff,0xff,
  0x84,0x00,0x00,0x00,0x00,0x00,0x00,0x00,0x44,0xff,0xff,0xff,0xff,0xff,0x84,0x00,0x00,0x00,0x00,0x00,0x00,0x00,0x44,0xff,
  0xff,0xff,0xff,0xff,0x84,0x00,0x00,0x00,0x00,0x00,0x00,0x00,0x18,0xff,0xff,0xff,0xff,0xff,0xff,0xff,0xff,0xff,0xff,0xfe,
  0xf9,0xef,0xdc,0xbb,0x88,0x39,0x00,0x00,0x00,0x00,0x00,0x00,0x00,0x00,0x00,0x00,0x00,0x00,0x18,0xff,0xff,0xff,0xff,0xff,
  0xff,0xff,0xff,0xff,0xff,0xff,0xff,0xff,0xff,0xff,0xff,0xff,0xcb,0x3c,0x00,0x00,0x00,0x00,0x00,0x00,0x00,0x00,0x00,0x00,
  0x18,0xff,0xff,0xff,0xff,0xff,0xff,0xff,0xff,0xff,0xff,0xff,0xff,0xff,0xff,0xff,0xff,0xff,0xff,0xfd,0x76,0x00,0x00,0x00,
  0x00,0x00,0x00,0x00,0x00,0x00,0x18,0xff,0xff,0xff,0xff,0xff,0xff,0xff,0xff,0xff,0xff,0xff,0xff,0xff,0xff,0xff,0xff,0xff,
  0xff,0xff,0xff,0x72,0x00,0x00,0x00,0x00,0x00,0x00,0x00,0x00,0x18,0xff,0xff,0xff,0xff,0xff,0xff,0xff,0xff,0xff,0xff,0xff,
  0xff,0xff,0xff,0xff,0xff,0xff,0xff,0xff,0xff,0xfa,0x36,0x00,0x00,0x00,0x00,0x00,0x00,0x00,0x18,0xff,0xff,0xff,0xff,0xff,
  0xac,0x00,0x00,0x01,0x04,0x0a,0x17,0x30,0x6a,0xd1,0xff,0xff,0xff,0xff,0xff,0xff,0xdc,0x04,0x00,0x00,0x00,0x00,0x00,0x00,
  0x18,0xff,0xff,0xff,0xff,0xff,0xac,0x00,0x00,0x00,0x00,0x00,0x00,0x00,0x00,0x02,0x85,0xff,0xff,0xff,0xff,0xff,0xff,0x59,
  0x00,0x00,0x00,0x00,0x00,0x00,0x18,0xff,0xff,0xff,0xff,0xff,0xac,0x00,0x00,0x00,0x00,0x00,0x00,0x00,0x00,0x00,0x00,0xa1,
  0xff,0xff,0xff,0xff,0xff,0xc9,0x00,0x00,0x00,0x00,0x00,0x00,0x18,0xff,0xff,0xff,0xff,0xff,0xac,0x00,0x00,0x00,0x00,0x00,
  0x00,0x00,0x00,0x00,0x00,0x13,0xf8,0xff,0xff,0xff,0xff,0xff,0x24,0x00,0x00,0x00,0x00,0x00,0x18,0xff,0xff,0xff,0xff,0xff,
  0xac,0x00,0x00,0x00,0x00,0x00,0x00,0x00,0x00,0x00,0x00,0x00,0xa6,0xff,0xff,0xff,0xff,0xff,0x66,0x00,0x00,0x00,0x00,0x00,
  0x18,0xff,0xff,0xff,0xff,0xff,0xac,0x00,0x00,0x00,0x00,0x00,0x00,0x00,0x00,0x00,0x00,0x00,0x64,0xff,0xff,0xff,0xff,0xff,
  0x96,0x00,0x00,0x00,0x00,0x00,0x18,0xff,0xff,0xff,0xff,0xff,0xac,0x00,0x00,0x00,0x00,0x00,0x00,0x00,0x00,0x00,0x00,0x00,
  0x3b,0xff,0xff,0xff,0xff,0xff,0xbb,0x00,0x00,0x10,0xff,0xff,0xff,0xff,0xff,0xff,0xff,0xff,0xff,0xff,0xff,0xff,0xff,0xff,
  0xd0,0x00,0x00,0x00,0x00,0x00,0x24,0xff,0xff,0xff,0xff,0xff,0xd3,0x00,0x00,0x10,0xff,0xff,0xff,0xff,0xff,0xff,0xff,0xff,
  0xff,0xff,0xff,0xff,0xff,0xff,0xd0,0x00,0x00,0x00,0x00,0x00,0x16,0xff,0xff,0xff,0xff,0xff,0xe1,0x00,0x00,0x10,0xff,0xff,
  0xff,0xff,0xff,0xff,0xff,0xff,0xff,0xff,0xff,0xff,0xff,0xff,0xd0,0x00,0x00,0x00,0x00,0x00,0x12,0xff,0xff,0xff,0xff,0xff,
  0xe8,0x00,0x00,0x10,0xff,0xff,0xff,0xff,0xff,0xff,0xff,0xff,0xff,0xff,0xff,0xff,0xff,0xff,0xd0,0x00,0x00,0x00,0x00,0x00,
  0x18,0xff,0xff,0xff,0xff,0xff,0xe5,0x00,0x00,0x00,0x00,0x00,0x18,0xff,0xff,0xff,0xff,0xff,0xac,0x00,0x00,0x00,0x00,0x00,
  0x00,0x00,0x00,0x00,0x00,0x00,0x22,0xff,0xff,0xff,0xff,0xff,0xda,0x00,0x00,0x00,0x00,0x00,0x18,0xff,0xff,0xff,0xff,0xff,
  0xac,0x00,0x00,0x00,0x00,0x00,0x00,0x00,0x00,0x00,0x00,0x00,0x3c,0xff,0xff,0xff,0xff,0xff,0xc0,0x00,0x00,0x00,0x00,0x00,
  0x18,0xff,0xff,0xff,0xff,0xff,0xac,0x00,0x00,0x00,0x00,0x00,0x00,0x00,0x00,0x00,0x00,0x00,0x5f,0xff,0xff,0xff,0xff,0xff,
  0x9d,0x00,0x00,0x00,0x00,0x00,0x18,0xff,0xff,0xff,0xff,0xff,0xac,0x00,0x00,0x00,0x00,0x00,0x00,0x00,0x00,0x00,0x00,0x00,
  0x9a,0xff,0xff,0xff,0xff,0xff,0x69,0x00,0x00,0x00,0x00,0x00,0x18,0xff,0xff,0xff,0xff,0xff,0xac,0x00,0x00,0x00,0x00,0x00,
  0x00,0x00,0x00,0x00,0x00,0x05,0xe6,0xff,0xff,0xff,0xff,0xff,0x26,0x00,0x00,0x00,0x00,0x00,0x18,0xff,0xff,0xff,0xff,0xff,
  0xac,0x00,0x00,0x00,0x00,0x00,0x00,0x00,0x00,0x00,0x00,0x6d,0xff,0xff,0xff,0xff,0xff,0xcf,0x00,0x00,0x00,0x00,0x00,0x00,
  0x18,0xff,0xff,0xff,0xff,0xff,0xac,0x00,0x00,0x00,0x00,0x00,0x00,0x00,0x00,0x00,0x47,0xfa,0xff,0xff,0xff,0xff,0xff,0x59,
  0x00,0x00,0x00,0x00,0x00,0x00,0x18,0xff,0xff,0xff,0xff,0xff,0xac,0x00,0x00,0x00,0x00,0x02,0x0a,0x20,0x4b,0xaa,0xff,0xff,
  0xff,0xff,0xff,0xff,0xdd,0x03,0x00,0x00,0x00,0x00,0x00,0x00,0x18,0xff,0xff,0xff,0xff,0xff,0xff,0xff,0xff,0xff,0xff,0xff,
  0xff,0xff,0xff,0xff,0xff,0xff,0xff,0xff,0xff,0xfb,0x3f,0x00,0x00,0x00,0x00,0x00,0x00,0x00,0x18,0xff,0xff,0xff,0xff,0xff,
  0xff,0xff,0xff,0xff,0xff,0xff,0xff,0xff,0xff,0xff,0xff,0xff,0xff,0xff,0xff,0x6f,0x00,0x00,0x00,0x00,0x00,0x00,0x00,0x00,
  0x18,0xff,0xff,0xff,0xff,0xff,0xff,0xff,0xff,0xff,0xff,0xff,0xff,0xff,0xff,0xff,0xff,0xff,0xff,0xfd,0x7d,0x00,0x00,0x00,
  0x00,0x00,0x00,0x00,0x00,0x00,0x18,0xff,0xff,0xff,0xff,0xff,0xff,0xff,0xff,0xff,0xff,0xff,0xff,0xff,0xff,0xff,0xff,0xff,
  0xbf,0x37,0x00,0x00,0x00,0x00,0x00,0x00,0x00,0x00,0x00,0x00,0x18,0xff,0xff,0xff,0xff,0xff,0xff,0xff,0xff,0xff,0xff,0xff,
  0xfc,0xf2,0xdb,0xb7,0x7f,0x2b,0x00,0x00,0x00,0x00,0x00,0x00,0x00,0x00,0x00,0x00,0x00,0x00,0x00,0x00,0x00,0x00,0x00,0x07,
  0x8e,0xe9,0xf3,0xc7,0x60,0x04,0x00,0x00,0x00,0x7e,0xff,0xff,0x20,0x00,0x00,0x00,0x00,0x00,0x00,0x00,0x00,0x00,0x00,0x00,
  0x00,0x00,0x00,0x00,0x96,0xff,0xff,0xff,0xff,0xff,0xdd,0x6c,0x1a,0x21,0xdf,0xff,0xfe,0x0b,0x00,0x00,0x00,0x00,0x00,0x00,
  0x00,0x00,0x00,0x00,0x00,0x00,0x00,0x00,0x17,0xfb,0xff,0xff,0xff,0xff,0xff,0xff,0xff,0xff,0xff,0xff,0xff,0xd2,0x00,0x00,
  0x00,0x00,0x00,0x00,0x00,0x00,0x00,0x00,0x00,0x00,0x00,0x00,0x00,0x41,0xff,0xff,0x93,0x0d,0x37,0x97,0xf3,0xff,0xff,0xff,
  0xff,0xff,0x60,0x00,0x00,0x00,0x00,0x00,0x00,0x00,0x00,0x00,0x00,0x00,0x00,0x00,0x00,0x00,0x59,0xff,0xff,0x35,0x00,0x00,
  0x00,0x11,0x79,0xd4,0xf7,0xe1,0x6c,0x00,0x00,0x00,0x00,0x00,0x00,0x00,0x00,0x00,0x00,0x00,0x00,0x00,0x00,0x00,0x00,0x00,
  0x00,0x00,0x00,0x00,0x00,0x00,0x00,0x00,0x00,0x00,0x00,0x00,0x00,0x00,0x00,0x00,0x00,0x00,0x00,0x00,0x00,0x00,0x00,0x00,
  0x00,0x00,0x00,0x00,0x00,0x00,0x00,0x00,0x00,0x00,0x00,0x00,0x00,0x00,0x00,0x00,0x00,0x00,0x00,0x00,0x00,0x00,0x00,0x00,
  0x00,0x00,0x00,0x00,0x08,0xff,0xff,0xff,0xff,0xff,0xda,0x06,0x00,0x00,0x00,0x00,0x00,0x00,0x00,0x00,0x00,0x00,0xb0,0xff,
  0xff,0xff,0xff,0xb0,0x00,0x00,0x00,0x00,0x00,0x08,0xff,0xff,0xff,0xff,0xff,0xff,0x74,0x00,0x00,0x00,0x00,0x00,0x00,0x00,
  0x00,0x00,0x00,0xb0,0xff,0xff,0xff,0xff,0xb0,0x00,0x00,0x00,0x00,0x00,0x08,0xff,0xff,0xff,0xff,0xff,0xff,0xf1,0x16,0x00,
  0x00,0x00,0x00,0x00,0x00,0x00,0x00,0x00,0xb0,0xff,0xff,0xff,0xff,0xb0,0x00,0x00,0x00,0x00,0x00,0x08,0xff,0xff,0xff,0xff,
  0xff,0xff,0xff,0x9a,0x00,0x00,0x00,0x00,0x00,0x00,0x00,0x00,0x00,0xb0,0xff,0xff,0xff,0xff,0xb0,0x00,0x00,0x00,0x00,0x00,
  0x08,0xff,0xff,0xff,0xff,0xff,0xff,0xff,0xfd,0x30,0x00,0x00,0x00,0x00,0x00,0x00,0x00,0x00,0xb0,0xff,0xff,0xff,0xff,0xb0,
  0x00,0x00,0x00,0x00,0x00,0x08,0xff,0xff,0xff,0xff,0xff,0xff,0xff,0xff,0xc0,0x00,0x00,0x00,0x00,0x00,0x00,0x00,0x00,0xb0,
  0xff,0xff,0xff,0xff,0xb0,0x00,0x00,0x00,0x00,0x00,0x08,0xff,0xff,0xff,0xff,0xff,0xff,0xff,0xff,0xff,0x53,0x00,0x00,0x00,
  0x00,0x00,0x00,0x00,0xb0,0xff,0xff,0xff,0xff,0xb0,0x00,0x00,0x00,0x00,0x00,0x08,0xff,0xff,0xff,0xff,0xff,0xff,0xff,0xff,
  0xff,0xde,0x07,0x00,0x00,0x00,0x00,0x00,0x00,0xb0,0xff,0xff,0xff,0xff,0xb0,0x00,0x00,0x00,0x00,0x00,0x08,0xff,0xff,0xff,
  0xff,0xff,0xff,0xff,0xff,0xff,0xff,0x79,0x00,0x00,0x00,0x00,0x00,0x00,0xb0,0xff,0xff,0xff,0xff,0xb0,0x00,0x00,0x00,0x00,
  0x00,0x08,0xff,0xff,0xff,0xff,0xff,0xa9,0xff,0xff,0xff,0xff,0xf3,0x19,0x00,0x00,0x00,0x00,0x00,0xb0,0xff,0xff,0xff,0xff,
  0xb0,0x00,0x00,0x00,0x00,0x00,0x08,0xff,0xff,0xff,0xff,0xff,0x58,0xbd,0xff,0xff,0xff,0xff,0x9f,0x00,0x00,0x00,0x00,0x00,
  0xb0,0xff,0xff,0xff,0xff,0xb0,0x00,0x00,0x00,0x00,0x00,0x08,0xff,0xff,0xff,0xff,0xff,0x58,0x2d,0xfc,0xff,0xff,0xff,0xfe,
  0x34,0x00,0x00,0x00,0x00,0xb0,0xff,0xff,0xff,0xff,0xb0,0x00,0x00,0x00,0x00,0x00,0x08,0xff,0xff,0xff,0xff,0xff,0x58,0x00,
  0x97,0xff,0xff,0xff,0xff,0xc4,0x00,0x00,0x00,0x00,0xb0,0xff,0xff,0xff,0xff,0xb0,0x00,0x00,0x00,0x00,0x00,0x08,0xff,0xff,
  0xff,0xff,0xff,0x58,0x00,0x14,0xef,0xff,0xff,0xff,0xff,0x58,0x00,0x00,0x00,0xb0,0xff,0xff,0xff,0xff,0xb0,0x00,0x00,0x00,
  0x00,0x00,0x08,0xff,0xff,0xff,0xff,0xff,0x58,0x00,0x00,0x71,0xff,0xff,0xff,0xff,0xe1,0x09,0x00,0x00,0xb0,0xff,0xff,0xff,
  0xff,0xb0,0x00,0x00,0x00,0x00,0x00,0x08,0xff,0xff,0xff,0xff,0xff,0x58,0x00,0x00,0x05,0xd8,0xff,0xff,0xff,0xff,0x7e,0x00,
  0x00,0xb0,0xff,0xff,0xff,0xff,0xb0,0x00,0x00,0x00,0x00,0x00,0x08,0xff,0xff,0xff,0xff,0xff,0x58,0x00,0x00,0x00,0x4b,0xff,
  0xff,0xff,0xff,0xf5,0x1c,0x00,0xb0,0xff,0xff,0xff,0xff,0xb0,0x00,0x00,0x00,0x00,0x00,0x08,0xff,0xff,0xff,0xff,0xff,0x58,
  0x00,0x00,0x00,0x00,0xb8,0xff,0xff,0xff,0xff,0xa4,0x00,0xb0,0xff,0xff,0xff,0xff,0xb0,0x00,0x00,0x00,0x00,0x00,0x08,0xff,
  0xff,0xff,0xff,0xff,0x58,0x00,0x00,0x00,0x00,0x29,0xfb,0xff,0xff,0xff,0xfe,0x38,0xb0,0xff,0xff,0xff,0xff,0xb0,0x00,0x00,
  0x00,0x00,0x00,0x08,0xff,0xff,0xff,0xff,0xff,0x58,0x00,0x00,0x00,0x00,0x00,0x92,0xff,0xff,0xff,0xff,0xc9,0xb1,0xff,0xff,
  0xff,0xff,0xb0,0x00,0x00,0x00,0x00,0x00,0x08,0xff,0xff,0xff,0xff,0xff,0x58,0x00,0x00,0x00,0x00,0x00,0x11,0xec,0xff,0xff,
  0xff,0xff,0xf3,0xff,0xff,0xff,0xff,0xb0,0x00,0x00,0x00,0x00,0x00,0x08,0xff,0xff,0xff,0xff,0xff,0x58,0x00,0x00,0x00,0x00,
  0x00,0x00,0x6b,0xff,0xff,0xff,0xff,0xff,0xff,0xff,0xff,0xff,0xb0,0x00,0x00,0x00,0x00,0x00,0x08,0xff,0xff,0xff,0xff,0xff,
  0x58,0x00,0x00,0x00,0x00,0x00,0x00,0x03,0xd4,0xff,0xff,0xff,0xff,0xff,0xff,0xff,0xff,0xb0,0x00,0x00,0x00,0x00,0x00,0x08,
  0xff,0xff,0xff,0xff,0xff,0x58,0x00,0x00,0x00,0x00,0x00,0x00,0x00,0x45,0xff,0xff,0xff,0xff,0xff,0xff,0xff,0xff,0xb0,0x00,
  0x00,0x00,0x00,0x00,0x08,0xff,0xff,0xff,0xff,0xff,0x58,0x00,0x00,0x00,0x00,0x00,0x00,0x00,0x00,0xb2,0xff,0xff,0xff,0xff,
  0xff,0xff,0xff,0xb0,0x00,0x00,0x00,0x00,0x00,0x08,0xff,0xff,0xff,0xff,0xff,0x58,0x00,0x00,0x00,0x00,0x00,0x00,0x00,0x00,
  0x25,0xf9,0xff,0xff,0xff,0xff,0xff,0xff,0xb0,0x00,0x00,0x00,0x00,0x00,0x08,0xff,0xff,0xff,0xff,0xff,0x58,0x00,0x00,0x00,
  0x00,0x00,0x00,0x00,0x00,0x00,0x8c,0xff,0xff,0xff,0xff,0xff,0xff,0xb0,0x00,0x00,0x00,0x00,0x00,0x08,0xff,0xff,0xff,0xff,
  0xff,0x58,0x00,0x00,0x00,0x00,0x00,0x00,0x00,0x00,0x00,0x0f,0xea,0xff,0xff,0xff,0xff,0xff,0xb0,0x00,0x00,0x00,0x00,0x00,
  0x08,0xff,0xff,0xff,0xff,0xff,0x58,0x00,0x00,0x00,0x00,0x00,0x00,0x00,0x00,0x00,0x00,0x66,0xff,0xff,0xff,0xff,0xff,0xb0,
  0x00,0x00,0x00,0x00,0x00,0x00,0x00,0x00,0x00,0x00,0x00,0x00,0x05,0xb8,0xff,0xff,0xff,0xff,0xff,0x2e,0x00,0x00,0x00,0x00,
  0x00,0x00,0x00,0x00,0x00,0x00,0x00,0x00,0x00,0x00,0x00,0x00,0x00,0x00,0x00,0x00,0x00,0x00,0x00,0x00,0x0c,0xcb,0xff,0xff,
  0xff,0xff,0xa0,0x00,0x00,0x00,0x00,0x00,0x00,0x00,0x00,0x00,0x00,0x00,0x00,0x00,0x00,0x00,0x00,0x00,0x00,0x00,0x00,0x00,
  0x00,0x00,0x00,0x00,0x16,0xdb,0xff,0xff,0xff,0xf9,0x1a,0x00,0x00,0x00,0x00,0x00,0x00,0x00,0x00,0x00,0x00,0x00,0x00,0x00,
  0x00,0x00,0x00,0x00,0x00,0x00,0x00,0x00,0x00,0x00,0x00,0x00,0x22,0xe8,0xff,0xff,0xff,0x87,0x00,0x00,0x00,0x00,0x00,0x00,
  0x00,0x00,0x00,0x00,0x00,0x00,0x00,0x00,0x00,0x00,0x00,0x00,0x00,0x00,0x00,0x00,0x00,0x00,0x00,0x00,0x32,0xf3,0xff,0xff,
  0xee,0x0b,0x00,0x00,0x00,0x00,0x00,0x00,0x00,0x00,0x00,0x00,0x00,0x00,0x00,0x00,0x00,0x00,0x00,0x00,0x00,0x00,0x00,0x00,
  0x00,0x00,0x00,0x00,0x45,0xfa,0xff,0xff,0x6e,0x00,0x00,0x00,0x00,0x00,0x00,0x00,0x00,0x00,0x00,0x00,0x00,0x00,0x00,0x00,
  0x00,0x00,0x00,0x00,0x00,0x00,0x00,0x00,0x00,0x00,0x00,0x00,0x00,0x00,0x00,0x00,0x00,0x00,0x00,0x00,0x00,0x00,0x00,0x00,
  0x00,0x00,0x00,0x00,0x00,0x00,0x00,0x00,0x00,0x00,0x00,0x00,0x00,0x00,0x00,0x00,0x00,0x00,0x00,0x00,0x00,0x00,0x00,0x00,
  0x00,0x00,0x00,0x00,0x00,0x00,0x00,0x00,0x00,0x00,0x00,0x00,0x00,0x00,0x00,0x00,0x00,0x00,0x00,0x00,0x03,0x44,0x89,0xbe,
  0xe0,0xf4,0xfc,0xec,0xd8,0xbf,0x83,0x3f,0x05,0x00,0x00,0x00,0x00,0x00,0x00,0x00,0x00,0x00,0x00,0x00,0x00,0x00,0x00,0x00,
  0x00,0x03,0x65,0xe4,0xff,0xff,0xff,0xff,0xff,0xff,0xff,0xff,0xff,0xff,0xff,0xe5,0x6c,0x07,0x00,0x00,0x00,0x00,0x00,0x00,
  0x00,0x00,0x00,0x00,0x00,0x00,0x00,0x1e,0xce,0xff,0xff,0xff,0xff,0xff,0xff,0xff,0xff,0xff,0xff,0xff,0xff,0xff,0xff,0xff,
  0xde,0x30,0x00,0x00,0x00,0x00,0x00,0x00,0x00,0x00,0x00,0x00,0x00,0x32,0xe8,0xff,0xff,0xff,0xff,0xff,0xff,0xff,0xff,0xff,
  0xff,0xff,0xff,0xff,0xff,0xff,0xff,0xff,0xf5,0x55,0x00,0x00,0x00,0x00,0x00,0x00,0x00,0x00,0x00,0x1c,0xe6,0xff,0xff,0xff,
  0xff,0xff,0xff,0xff,0xff,0xff,0xff,0xff,0xff,0xff,0xff,0xff,0xff,0xff,0xff,0xff,0xfb,0x3f,0x00,0x00,0x00,0x00,0x00,0x00,
  0x00,0x02,0xca,0xff,0xff,0xff,0xff,0xff,0xff,0xf8,0x97,0x47,0x1a,0x06,0x14,0x34,0x7c,0xe5,0xff,0xff,0xff,0xff,0xff,0xff,
  0xe9,0x1b,0x00,0x00,0x00,0x00,0x00,0x00,0x66,0xff,0xff,0xff,0xff,0xff,0xff,0xc9,0x1f,0x00,0x00,0x00,0x00,0x00,0x00,0x00,
  0x0a,0x95,0xff,0xff,0xff,0xff,0xff,0xff,0xa3,0x00,0x00,0x00,0x00,0x00,0x07,0xe8,0xff,0xff,0xff,0xff,0xff,0xc6,0x0a,0x00,
  0x00,0x00,0x00,0x00,0x00,0x00,0x00,0x00,0x00,0x89,0xff,0xff,0xff,0xff,0xff,0xfc,0x21,0x00,0x00,0x00,0x00,0x55,0xff,0xff,
  0xff,0xff,0xff,0xf4,0x21,0x00,0x00,0x00,0x00,0x00,0x00,0x00,0x00,0x00,0x00,0x00,0x04,0xcc,0xff,0xff,0xff,0xff,0xff,0x8f,
  0x00,0x00,0x00,0x00,0xa4,0xff,0xff,0xff,0xff,0xff,0x97,0x00,0x00,0x00,0x00,0x00,0x00,0x00,0x00,0x00,0x00,0x00,0x00,0x00,
  0x55,0xff,0xff,0xff,0xff,0xff,0xd4,0x00,0x00,0x00,0x00,0xe0,0xff,0xff,0xff,0xff,0xff,0x38,0x00,0x00,0x00,0x00,0x00,0x00,
  0x00,0x00,0x00,0x00,0x00,0x00,0x00,0x04,0xf3,0xff,0xff,0xff,0xff,0xfe,0x15,0x00,0x00,0x0a,0xff,0xff,0xff,0xff,0xff,0xf9,
  0x06,0x00,0x00,0x00,0x00,0x00,0x00,0x00,0x00,0x00,0x00,0x00,0x00,0x00,0x00,0xc0,0xff,0xff,0xff,0xff,0xff,0x48,0x00,0x00,
  0x29,0xff,0xff,0xff,0xff,0xff,0xd4,0x00,0x00,0x00,0x00,0x00,0x00,0x00,0x00,0x00,0x00,0x00,0x00,0x00,0x00,0x00,0x97,0xff,
  0xff,0xff,0xff,0xff,0x5d,0x00,0x00,0x38,0xff,0xff,0xff,0xff,0xff,0xc3,0x00,0x00,0x00,0x00,0x00,0x00,0x00,0x00,0x00,0x00,
  0x00,0x00,0x00,0x00,0x00,0x87,0xff,0xff,0xff,0xff,0xff,0x70,0x00,0x00,0x41,0xff,0xff,0xff,0xff,0xff,0xb7,0x00,0x00,0x00,
  0x00,0x00,0x00,0x00,0x00,0x00,0x00,0x00,0x00,0x00,0x00,0x00,0x7c,0xff,0xff,0xff,0xff,0xff,0x7e,0x00,0x00,0x34,0xff,0xff,
  0xff,0xff,0xff,0xc4,0x00,0x00,0x00,0x00,0x00,0x00,0x00,0x00,0x00,0x00,0x00,0x00,0x00,0x00,0x00,0x8a,0xff,0xff,0xff,0xff,
  0xff,0x71,0x00,0x00,0x21,0xff,0xff,0xff,0xff,0xff,0xd5,0x00,0x00,0x00,0x00,0x00,0x00,0x00,0x00,0x00,0x00,0x00,0x00,0x00,
  0x00,0x00,0x9b,0xff,0xff,0xff,0xff,0xff,0x5e,0x00,0x00,0x0e,0xff,0xff,0xff,0xff,0xff,0xfa,0x09,0x00,0x00,0x00,0x00,0x00,
  0x00,0x00,0x00,0x00,0x00,0x00,0x00,0x00,0x00,0xca,0xff,0xff,0xff,0xff,0xff,0x4a,0x00,0x00,0x00,0xde,0xff,0xff,0xff,0xff,
  0xff,0x40,0x00,0x00,0x00,0x00,0x00,0x00,0x00,0x00,0x00,0x00,0x00,0x00,0x00,0x0b,0xf9,0xff,0xff,0xff,0xff,0xff,0x17,0x00,
  0x00,0x00,0x9e,0xff,0xff,0xff,0xff,0xff,0xa3,0x00,0x00,0x00,0x00,0x00,0x00,0x00,0x00,0x00,0x00,0x00,0x00,0x00,0x67,0xff,
  0xff,0xff,0xff,0xff,0xd7,0x00,0x00,0x00,0x00,0x59,0xff,0xff,0xff,0xff,0xff,0xf9,0x2c,0x00,0x00,0x00,0x00,0x00,0x00,0x00,
  0x00,0x00,0x00,0x00,0x0b,0xdb,0xff,0xff,0xff,0xff,0xff,0x92,0x00,0x00,0x00,0x00,0x06,0xe4,0xff,0xff,0xff,0xff,0xff,0xd5,
  0x11,0x00,0x00,0x00,0x00,0x00,0x00,0x00,0x00,0x00,0x01,0xa2,0xff,0xff,0xff,0xff,0xff,0xfd,0x25,0x00,0x00,0x00,0x00,0x00,
  0x70,0xff,0xff,0xff,0xff,0xff,0xff,0xd7,0x2a,0x00,0x00,0x00,0x00,0x00,0x00,0x00,0x11,0xab,0xff,0xff,0xff,0xff,0xff,0xff,
  0xa8,0x00,0x00,0x00,0x00,0x00,0x00,0x08,0xcd,0xff,0xff,0xff,0xff,0xff,0xff,0xfc,0xa0,0x4b,0x19,0x05,0x13,0x38,0x84,0xed,
  0xff,0xff,0xff,0xff,0xff,0xff,0xec,0x1f,0x00,0x00,0x00,0x00,0x00,0x00,0x00,0x1f,0xec,0xff,0xff,0xff,0xff,0xff,0xff,0xff,
  0xff,0xff,0xff,0xff,0xff,0xff,0xff,0xff,0xff,0xff,0xff,0xff,0xfd,0x45,0x00,0x00,0x00,0x00,0x00,0x00,0x00,0x00,0x00,0x35,
  0xe6,0xff,0xff,0xff,0xff,0xff,0xff,0xff,0xff,0xff,0xff,0xff,0xff,0xff,0xff,0xff,0xff,0xff,0xf8,0x5c,0x00,0x00,0x00,0x00,
  0x00,0x00,0x00,0x00,0x00,0x00,0x00,0x1a,0xc6,0xff,0xff,0xff,0xff,0xff,0xff,0xff,0xff,0xff,0xff,0xff,0xff,0xff,0xff,0xff,
  0xe4,0x37,0x00,0x00,0x00,0x00,0x00,0x00,0x00,0x00,0x00,0x00,0x00,0x00,0x00,0x01,0x55,0xd3,0xff,0xff,0xff,0xff,0xff,0xff,
  0xff,0xff,0xff,0xff,0xff,0xea,0x74,0x09,0x00,0x00,0x00,0x00,0x00,0x00,0x00,0x00,0x00,0x00,0x00,0x00,0x00,0x00,0x00,0x00,
  0x01,0x33,0x76,0xb6,0xd5,0xe9,0xfa,0xef,0xdb,0xc3,0x89,0x45,0x08,0x00,0x00,0x00,0x00,0x00,0x00,0x00,0x00,0x00,0x00,0x00,
  0x00,0x00,0x00,0x00,0x00,0x00,0x00,0x00,0x00,0x00,0x00,0x00,0x76,0xff,0xff,0xff,0xff,0xff,0x78,0x00,0x00,0x00,0x00,0x00,
  0x00,0x00,0x00,0x00,0x00,0x00,0x00,0x00,0x00,0x00,0x00,0x00,0x00,0x00,0x00,0x00,0x00,0x00,0x04,0xe3,0xff,0xff,0xff,0xff,
  0x93,0x00,0x00,0x00,0x00,0x00,0x00,0x00,0x00,0x00,0x00,0x00,0x00,0x00,0x00,0x00,0x00,0x00,0x00,0x00,0x00,0x00,0x00,0x00,
  0x00,0x5b,0xff,0xff,0xff,0xff,0xac,0x02,0x00,0x00,0x00,0x00,0x00,0x00,0x00,0x00,0x00,0x00,0x00,0x00,0x00,0x00,0x00,0x00,
  0x00,0x00,0x00,0x00,0x00,0x00,0x00,0x00,0xcd,0xff,0xff,0xff,0xc1,0x07,0x00,0x00,0x00,0x00,0x00,0x00,0x00,0x00,0x00,0x00,
  0x00,0x00,0x00,0x00,0x00,0x00,0x00,0x00,0x00,0x00,0x00,0x00,0x00,0x00,0x40,0xff,0xff,0xff,0xd3,0x10,0x00,0x00,0x00,0x00,
  0x00,0x00,0x00,0x00,0x00,0x00,0x00,0x00,0x00,0x00,0x00,0x00,0x00,0x00,0x00,0x00,0x00,0x00,0x00,0x00,0x00,0xb3,0xff,0xff,
  0xe2,0x1c,0x00,0x00,0x00,0x00,0x00,0x00,0x00,0x00,0x00,0x00,0x00,0x00,0x00,0x00,0x00,0x00,0x00,0x00,0x00,0x00,0x00,0x00,
  0x00,0x00,0x00,0x00,0x00,0x00,0x00,0x00,0x00,0x00,0x00,0x00,0x00,0x00,0x00,0x00,0x00,0x00,0x00,0x00,0x00,0x00,0x00,0x00,
  0x00,0x00,0x00,0x00,0x00,0x00,0x00,0x00,0x00,0x00,0x00,0x00,0x00,0x00,0x00,0x00,0x00,0x00,0x00,0x00,0x00,0x00,0x00,0x00,
  0x00,0x00,0x00,0x00,0x00,0x00,0x00,0x00,0x00,0x00,0x00,0x00,0x00,0x00,0x00,0x03,0x44,0x89,0xbe,0xe0,0xf4,0xfc,0xec,0xd8,
  0xbf,0x83,0x3f,0x05,0x00,0x00,0x00,0x00,0x00,0x00,0x00,0x00,0x00,0x00,0x00,0x00,0x00,0x00,0x00,0x00,0x03,0x65,0xe4,0xff,
  0xff,0xff,0xff,0xff,0xff,0xff,0xff,0xff,0xff,0xff,0xe5,0x6c,0x07,0x00,0x00,0x00,0x00,0x00,0x00,0x00,0x00,0x00,0x00,0x00,
  0x00,0x00,0x1e,0xce,0xff,0xff,0xff,0xff,0xff,0xff,0xff,0xff,0xff,0xff,0xff,0xff,0xff,0xff,0xff,0xde,0x30,0x00,0x00,0x00,
  0x00,0x00,0x00,0x00,0x00,0x00,0x00,0x00,0x32,0xe8,0xff,0xff,0xff,0xff,0xff,0xff,0xff,0xff,0xff,0xff,0xff,0xff,0xff,0xff,
  0xff,0xff,0xff,0xf5,0x55,0x00,0x00,0x00,0x00,0x00,0x00,0x00,0x00,0x00,0x1c,0xe6,0xff,0xff,0xff,0xff,0xff,0xff,0xff,0xff,
  0xff,0xff,0xff,0xff,0xff,0xff,0xff,0xff,0xff,0xff,0xff,0xfb,0x3f,0x00,0x00,0x00,0x00,0x00,0x00,0x00,0x02,0xca,0xff,0xff,
  0xff,0xff,0xff,0xff,0xf8,0x97,0x47,0x1a,0x06,0x14,0x34,0x7c,0xe5,0xff,0xff,0xff,0xff,0xff,0xff,0xe9,0x1b,0x00,0x00,0x00,
  0x00,0x00,0x00,0x66,0xff,0xff,0xff,0xff,0xff,0xff,0xc9,0x1f,0x00,0x00,0x00,0x00,0x00,0x00,0x00,0x0a,0x95,0xff,0xff,0xff,
  0xff,0xff,0xff,0xa3,0x00,0x00,0x00,0x00,0x00,0x07,0xe8,0xff,0xff,0xff,0xff,0xff,0xc6,0x0a,0x00,0x00,0x00,0x00,0x00,0x00,
  0x00,0x00,0x00,0x00,0x89,0xff,0xff,0xff,0xff,0xff,0xfc,0x21,0x00,0x00,0x00,0x00,0x55,0xff,0xff,0xff,0xff,0xff,0xf4,0x21,
  0x00,0x00,0x00,0x00,0x00,0x00,0x00,0x00,0x00,0x00,0x00,0x04,0xcc,0xff,0xff,0xff,0xff,0xff,0x8f,0x00,0x00,0x00,0x00,0xa4,
  0xff,0xff,0xff,0xff,0xff,0x97,0x00,0x00,0x00,0x00,0x00,0x00,0x00,0x00,0x00,0x00,0x00,0x00,0x00,0x55,0xff,0xff,0xff,0xff,
  0xff,0xd4,0x00,0x00,0x00,0x00,0xe0,0xff,0xff,0xff,0xff,0xff,0x38,0x00,0x00,0x00,0x00,0x00,0x00,0x00,0x00,0x00,0x00,0x00,
  0x00,0x00,0x04,0xf3,0xff,0xff,0xff,0xff,0xfe,0x15,0x00,0x00,0x0a,0xff,0xff,0xff,0xff,0xff,0xf9,0x06,0x00,0x00,0x00,0x00,
  0x00,0x00,0x00,0x00,0x00,0x00,0x00,0x00,0x00,0x00,0xc0,0xff,0xff,0xff,0xff,0xff,0x48,0x00,0x00,0x29,0xff,0xff,0xff,0xff,
  0xff,0xd4,0x00,0x00,0x00,0x00,0x00,0x00,0x00,0x00,0x00,0x00,0x00,0x00,0x00,0x00,0x00,0x97,0xff,0xff,0xff,0xff,0xff,0x5d,
  0x00,0x00,0x38,0xff,0xff,0xff,0xff,0xff,0xc3,0x00,0x00,0x00,0x00,0x00,0x00,0x00,0x00,0x00,0x00,0x00,0x00,0x00,0x00,0x00,
  0x87,0xff,0xff,0xff,0xff,0xff,0x70,0x00,0x00,0x41,0xff,0xff,0xff,0xff,0xff,0xb7,0x00,0x00,0x00,0x00,0x00,0x00,0x00,0x00,
  0x00,0x00,0x00,0x00,0x00,0x00,0x00,0x7c,0xff,0xff,0xff,0xff,0xff,0x7e,0x00,0x00,0x34,0xff,0xff,0xff,0xff,0xff,0xc4,0x00,
  0x00,0x00,0x00,0x00,0x00,0x00,0x00,0x00,0x00,0x00,0x00,0x00,0x00,0x00,0x8a,0xff,0xff,0xff,0xff,0xff,0x71,0x00,0x00,0x21,
  0xff,0xff,0xff,0xff,0xff,0xd5,0x00,0x00,0x00,0x00,0x00,0x00,0x00,0x00,0x00,0x00,0x00,0x00,0x00,0x00,0x00,0x9b,0xff,0xff,
  0xff,0xff,0xff,0x5e,0x00,0x00,0x0e,0xff,0xff,0xff,0xff,0xff,0xfa,0x09,0x00,0x00,0x00,0x00,0x00,0x00,0x00,0x00,0x00,0x00,
  0x00,0x00,0x00,0x00,0xca,0xff,0xff,0xff,0xff,0xff,0x4a,0x00,0x00,0x00,0xde,0xff,0xff,0xff,0xff,0xff,0x40,0x00,0x00,0x00,
  0x00,0x00,0x00,0x00,0x00,0x00,0x00,0x00,0x00,0x00,0x0b,0xf9,0xff,0xff,0xff,0xff,0xff,0x17,0x00,0x00,0x00,0x9e,0xff,0xff,
  0xff,0xff,0xff,0xa3,0x00,0x00,0x00,0x00,0x00,0x00,0x00,0x00,0x00,0x00,0x00,0x00,0x00,0x67,0xff,0xff,0xff,0xff,0xff,0xd7,
  0x00,0x00,0x00,0x00,0x59,0xff,0xff,0xff,0xff,0xff,0xf9,0x2c,0x00,0x00,0x00,0x00,0x00,0x00,0x00,0x00,0x00,0x00,0x00,0x0b,
  0xdb,0xff,0xff,0xff,0xff,0xff,0x92,0x00,0x00,0x00,0x00,0x06,0xe4,0xff,0xff,0xff,0xff,0xff,0xd5,0x11,0x00,0x00,0x00,0x00,
  0x00,0x00,0x00,0x00,0x00,0x01,0xa2,0xff,0xff,0xff,0xff,0xff,0xfd,0x25,0x00,0x00,0x00,0x00,0x00,0x70,0xff,0xff,0xff,0xff,
  0xff,0xff,0xd7,0x2a,0x00,0x00,0x00,0x00,0x00,0x00,0x00,0x11,0xab,0xff,0xff,0xff,0xff,0xff,0xff,0xa8,0x00,0x00,0x00,0x00,
  0x00,0x00,0x08,0xcd,0xff,0xff,0xff,0xff,0xff,0xff,0xfc,0xa0,0x4b,0x19,0x05,0x13,0x38,0x84,0xed,0xff,0xff,0xff,0xff,0xff,
  0xff,0xec,0x1f,0x00,0x00,0x00,0x00,0x00,0x00,0x00,0x1f,0xec,0xff,0xff,0xff,0xff,0xff,0xff,0xff,0xff,0xff,0xff,0xff,0xff,
  0xff,0xff,0xff,0xff,0xff,0xff,0xff,0xfd,0x45,0x00,0x00,0x00,0x00,0x00,0x00,0x00,0x00,0x00,0x35,0xe6,0xff,0xff,0xff,0xff,
  0xff,0xff,0xff,0xff,0xff,0xff,0xff,0xff,0xff,0xff,0xff,0xff,0xff,0xf8,0x5c,0x00,0x00,0x00,0x00,0x00,0x00,0x00,0x00,0x00,
  0x00,0x00,0x1a,0xc6,0xff,0xff,0xff,0xff,0xff,0xff,0xff,0xff,0xff,0xff,0xff,0xff,0xff,0xff,0xff,0xe4,0x37,0x00,0x00,0x00,
  0x00,0x00,0x00,0x00,0x00,0x00,0x00,0x00,0x00,0x00,0x01,0x55,0xd3,0xff,0xff,0xff,0xff,0xff,0xff,0xff,0xff,0xff,0xff,0xff,
  0xea,0x74,0x09,0x00,0x00,0x00,0x00,0x00,0x00,0x00,0x00,0x00,0x00,0x00,0x00,0x00,0x00,0x00,0x00,0x01,0x33,0x76,0xb6,0xd5,
  0xe9,0xfa,0xef,0xdb,0xc3,0x89,0x45,0x08,0x00,0x00,0x00,0x00,0x00,0x00,0x00,0x00,0x00,0x00,0x00,0x00,0x00,0x00,0x00,0x00,
  0x00,0x00,0x00,0x00,0x00,0x74,0xff,0xff,0xff,0xff,0xff,0x4e,0x00,0x00,0x00,0x00,0x00,0x00,0x00,0x00,0x00,0x00,0x00,0x00,
  0x00,0x00,0x00,0x00,0x00,0x00,0x00,0x00,0x00,0x00,0x00,0x2a,0xf7,0xff,0xff,0xff,0xff,0xff,0xe7,0x12,0x00,0x00,0x00,0x00,
  0x00,0x00,0x00,0x00,0x00,0x00,0x00,0x00,0x00,0x00,0x00,0x00,0x00,0x00,0x00,0x00,0x00,0x04,0xcc,0xff,0xff,0xff,0xff,0xff,
  0xff,0xff,0xa7,0x00,0x00,0x00,0x00,0x00,0x00,0x00,0x00,0x00,0x00,0x00,0x00,0x00,0x00,0x00,0x00,0x00,0x00,0x00,0x00,0x00,
  0x80,0xff,0xff,0xff,0xe8,0x5f,0xfe,0xff,0xff,0xff,0x54,0x00,0x00,0x00,0x00,0x00,0x00,0x00,0x00,0x00,0x00,0x00,0x00,0x00,
  0x00,0x00,0x00,0x00,0x00,0x00,0x33,0xfb,0xff,0xff,0xff,0x4a,0x00,0x86,0xff,0xff,0xff,0xea,0x15,0x00,0x00,0x00,0x00,0x00,
  0x00,0x00,0x00,0x00,0x00,0x00,0x00,0x00,0x00,0x00,0x00,0x00,0x07,0xd5,0xff,0xff,0xff,0x95,0x00,0x00,0x03,0xc1,0xff,0xff,
  0xff,0xad,0x00,0x00,0x00,0x00,0x00,0x00,0x00,0x00,0x00,0x00,0x00,0x00,0x00,0x00,0x00,0x00,0x00,0x00,0x00,0x00,0x00,0x00,
  0x00,0x00,0x00,0x00,0x00,0x00,0x00,0x00,0x00,0x00,0x00,0x00,0x00,0x00,0x00,0x00,0x00,0x00,0x00,0x00,0x00,0x00,0x00,0x00,
  0x00,0x00,0x00,0x00,0x00,0x00,0x00,0x00,0x00,0x00,0x00,0x00,0x00,0x00,0x00,0x00,0x00,0x00,0x00,0x00,0x00,0x00,0x00,0x00,
  0x00,0x00,0x00,0x00,0x00,0x00,0x00,0x00,0x00,0x00,0x03,0x44,0x89,0xbe,0xe0,0xf4,0xfc,0xec,0xd8,0xbf,0x83,0x3f,0x05,0x00,
  0x00,0x00,0x00,0x00,0x00,0x00,0x00,0x00,0x00,0x00,0x00,0x00,0x00,0x00,0x00,0x03,0x65,0xe4,0xff,0xff,0xff,0xff,0xff,0xff,
  0xff,0xff,0xff,0xff,0xff,0xe5,0x6c,0x07,0x00,0x00,0x00,0x00,0x00,0x00,0x00,0x00,0x00,0x00,0x00,0x00,0x00,0x1e,0xce,0xff,
  0xff,0xff,0xff,0xff,0xff,0xff,0xff,0xff,0xff,0xff,0xff,0xff,0xff,0xff,0xde,0x30,0x00,0x00,0x00,0x00,0x00,0x00,0x00,0x00,
  0x00,0x00,0x00,0x32,0xe8,0xff,0xff,0xff,0xff,0xff,0xff,0xff,0xff,0xff,0xff,0xff,0xff,0xff,0xff,0xff,0xff,0xff,0xf5,0x55,
  0x00,0x00,0x00,0x00,0x00,0x00,0x00,0x00,0x00,0x1c,0xe6,0xff,0xff,0xff,0xff,0xff,0xff,0xff,0xff,0xff,0xff,0xff,0xff,0xff,
  0xff,0xff,0xff,0xff,0xff,0xff,0xfb,0x3f,0x00,0x00,0x00,0x00,0x00,0x00,0x00,0x02,0xca,0xff,0xff,0xff,0xff,0xff,0xff,0xf8,
  0x97,0x47,0x1a,0x06,0x14,0x34,0x7c,0xe5,0xff,0xff,0xff,0xff,0xff,0xff,0xe9,0x1b,0x00,0x00,0x00,0x00,0x00,0x00,0x66,0xff,
  0xff,0xff,0xff,0xff,0xff,0xc9,0x1f,0x00,0x00,0x00,0x00,0x00,0x00,0x00,0x0a,0x95,0xff,0xff,0xff,0xff,0xff,0xff,0xa3,0x00,
  0x00,0x00,0x00,0x00,0x07,0xe8,0xff,0xff,0xff,0xff,0xff,0xc6,0x0a,0x00,0x00,0x00,0x00,0x00,0x00,0x00,0x00,0x00,0x00,0x89,
  0xff,0xff,0xff,0xff,0xff,0xfc,0x21,0x00,0x00,0x00,0x00,0x55,0xff,0xff,0xff,0xff,0xff,0xf4,0x21,0x00,0x00,0x00,0x00,0x00,
  0x00,0x00,0x00,0x00,0x00,0x00,0x04,0xcc,0xff,0xff,0xff,0xff,0xff,0x8f,0x00,0x00,0x00,0x00,0xa4,0xff,0xff,0xff,0xff,0xff,
  0x97,0x00,0x00,0x00,0x00,0x00,0x00,0x00,0x00,0x00,0x00,0x00,0x00,0x00,0x55,0xff,0xff,0xff,0xff,0xff,0xd4,0x00,0x00,0x00,
  0x00,0xe0,0xff,0xff,0xff,0xff,0xff,0x38,0x00,0x00,0x00,0x00,0x00,0x00,0x00,0x00,0x00,0x00,0x00,0x00,0x00,0x04,0xf3,0xff,
  0xff,0xff,0xff,0xfe,0x15,0x00,0x00,0x0a,0xff,0xff,0xff,0xff,0xff,0xf9,0x06,0x00,0x00,0x00,0x00,0x00,0x00,0x00,0x00,0x00,
  0x00,0x00,0x00,0x00,0x00,0xc0,0xff,0xff,0xff,0xff,0xff,0x48,0x00,0x00,0x29,0xff,0xff,0xff,0xff,0xff,0xd4,0x00,0x00,0x00,
  0x00,0x00,0x00,0x00,0x00,0x00,0x00,0x00,0x00,0x00,0x00,0x00,0x97,0xff,0xff,0xff,0xff,0xff,0x5d,0x00,0x00,0x38,0xff,0xff,
  0xff,0xff,0xff,0xc3,0x00,0x00,0x00,0x00,0x00,0x00,0x00,0x00,0x00,0x00,0x00,0x00,0x00,0x00,0x00,0x87,0xff,0xff,0xff,0xff,
  0xff,0x70,0x00,0x00,0x41,0xff,0xff,0xff,0xff,0xff,0xb7,0x00,0x00,0x00,0x00,0x00,0x00,0x00,0x00,0x00,0x00,0x00,0x00,0x00,
  0x00,0x00,0x7c,0xff,0xff,0xff,0xff,0xff,0x7e,0x00,0x00,0x34,0xff,0xff,0xff,0xff,0xff,0xc4,0x00,0x00,0x00,0x00,0x00,0x00,
  0x00,0x00,0x00,0x00,0x00,0x00,0x00,0x00,0x00,0x8a,0xff,0xff,0xff,0xff,0xff,0x71,0x00,0x00,0x21,0xff,0xff,0xff,0xff,0xff,
  0xd5,0x00,0x00,0x00,0x00,0x00,0x00,0x00,0x00,0x00,0x00,0x00,0x00,0x00,0x00,0x00,0x9b,0xff,0xff,0xff,0xff,0xff,0x5e,0x00,
  0x00,0x0e,0xff,0xff,0xff,0xff,0xff,0xfa,0x09,0x00,0x00,0x00,0x00,0x00,0x00,0x00,0x00,0x00,0x00,0x00,0x00,0x00,0x00,0xca,
  0xff,0xff,0xff,0xff,0xff,0x4a,0x00,0x00,0x00,0xde,0xff,0xff,0xff,0xff,0xff,0x40,0x00,0x00,0x00,0x00,0x00,0x00,0x00,0x00,
  0x00,0x00,0x00,0x00,0x00,0x0b,0xf9,0xff,0xff,0xff,0xff,0xff,0x17,0x00,0x00,0x00,0x9e,0xff,0xff,0xff,0xff,0xff,0xa3,0x00,
  0x00,0x00,0x00,0x00,0x00,0x00,0x00,0x00,0x00,0x00,0x00,0x00,0x67,0xff,0xff,0xff,0xff,0xff,0xd7,0x00,0x00,0x00,0x00,0x59,
  0xff,0xff,0xff,0xff,0xff,0xf9,0x2c,0x00,0x00,0x00,0x00,0x00,0x00,0x00,0x00,0x00,0x00,0x00,0x0b,0xdb,0xff,0xff,0xff,0xff,
  0xff,0x92,0x00,0x00,0x00,0x00,0x06,0xe4,0xff,0xff,0xff,0xff,0xff,0xd5,0x11,0x00,0x00,0x00,0x00,0x00,0x00,0x00,0x00,0x00,
  0x01,0xa2,0xff,0xff,0xff,0xff,0xff,0xfd,0x25,0x00,0x00,0x00,0x00,0x00,0x70,0xff,0xff,0xff,0xff,0xff,0xff,0xd7,0x2a,0x00,
  0x00,0x00,0x00,0x00,0x00,0x00,0x11,0xab,0xff,0xff,0xff,0xff,0xff,0xff,0xa8,0x00,0x00,0x00,0x00,0x00,0x00,0x08,0xcd,0xff,
  0xff,0xff,0xff,0xff,0xff,0xfc,0xa0,0x4b,0x19,0x05,0x13,0x38,0x84,0xed,0xff,0xff,0xff,0xff,0xff,0xff,0xec,0x1f,0x00,0x00,
  0x00,0x00,0x00,0x00,0x00,0x1f,0xec,0xff,0xff,0xff,0xff,0xff,0xff,0xff,0xff,0xff,0xff,0xff,0xff,0xff,0xff,0xff,0xff,0xff,
  0xff,0xff,0xfd,0x45,0x00,0x00,0x00,0x00,0x00,0x00,0x00,0x00,0x00,0x35,0xe6,0xff,0xff,0xff,0xff,0xff,0xff,0xff,0xff,0xff,
  0xff,0xff,0xff,0xff,0xff,0xff,0xff,0xff,0xf8,0x5c,0x00,0x00,0x00,0x00,0x00,0x00,0x00,0x00,0x00,0x00,0x00,0x1a,0xc6,0xff,
  0xff,0xff,0xff,0xff,0xff,0xff,0xff,0xff,0xff,0xff,0xff,0xff,0xff,0xff,0xe4,0x37,0x00,0x00,0x00,0x00,0x00,0x00,0x00,0x00,
  0x00,0x00,0x00,0x00,0x00,0x01,0x55,0xd3,0xff,0xff,0xff,0xff,0xff,0xff,0xff,0xff,0xff,0xff,0xff,0xea,0x74,0x09,0x00,0x00,
  0x00,0x00,0x00,0x00,0x00,0x00,0x00,0x00,0x00,0x00,0x00,0x00,0x00,0x00,0x01,0x33,0x76,0xb6,0xd5,0xe9,0xfa,0xef,0xdb,0xc3,
  0x89,0x45,0x08,0x00,0x00,0x00,0x00,0x00,0x00,0x00,0x00,0x00,0x00,0x00,0x00,0x00,0x00,0x00,0x00,0x00,0x00,0x1b,0xac,0xf3,
  0xec,0xb5,0x43,0x00,0x00,0x00,0x00,0xba,0xff,0xe4,0x00,0x00,0x00,0x00,0x00,0x00,0x00,0x00,0x00,0x00,0x00,0x00,0x00,0x00,
  0x00,0x00,0x00,0x02,0xcf,0xff,0xff,0xff,0xff,0xff,0xc4,0x53,0x10,0x41,0xfb,0xff,0xcd,0x00,0x00,0x00,0x00,0x00,0x00,0x00,
  0x00,0x00,0x00,0x00,0x00,0x00,0x00,0x00,0x00,0x00,0x4f,0xff,0xff,0xff,0xff,0xff,0xff,0xff,0xff,0xff,0xff,0xff,0xff,0x96,
  0x00,0x00,0x00,0x00,0x00,0x00,0x00,0x00,0x00,0x00,0x00,0x00,0x00,0x00,0x00,0x00,0x00,0x7d,0xff,0xff,0x5c,0x0f,0x4a,0xaf,
  0xfd,0xff,0xff,0xff,0xff,0xf9,0x2b,0x00,0x00,0x00,0x00,0x00,0x00,0x00,0x00,0x00,0x00,0x00,0x00,0x00,0x00,0x00,0x00,0x00,
  0x95,0xff,0xf8,0x00,0x00,0x00,0x00,0x23,0x92,0xdf,0xf9,0xd0,0x43,0x00,0x00,0x00,0x00,0x00,0x00,0x00,0x00,0x00,0x00,0x00,
  0x00,0x00,0x00,0x00,0x00,0x00,0x00,0x00,0x00,0x00,0x00,0x00,0x00,0x00,0x00,0x00,0x00,0x00,0x00,0x00,0x00,0x00,0x00,0x00,
  0x00,0x00,0x00,0x00,0x00,0x00,0x00,0x00,0x00,0x00,0x00,0x00,0x00,0x00,0x00,0x00,0x00,0x00,0x00,0x00,0x00,0x00,0x00,0x00,
  0x00,0x00,0x00,0x00,0x00,0x00,0x00,0x00,0x00,0x00,0x00,0x00,0x00,0x00,0x00,0x00,0x00,0x00,0x00,0x00,0x00,0x00,0x03,0x44,
  0x89,0xbe,0xe0,0xf4,0xfc,0xec,0xd8,0xbf,0x83,0x3f,0x05,0x00,0x00,0x00,0x00,0x00,0x00,0x00,0x00,0x00,0x00,0x00,0x00,0x00,
  0x00,0x00,0x00,0x03,0x65,0xe4,0xff,0xff,0xff,0xff,0xff,0xff,0xff,0xff,0xff,0xff,0xff,0xe5,0x6c,0x07,0x00,0x00,0x00,0x00,
  0x00,0x00,0x00,0x00,0x00,0x00,0x00,0x00,0x00,0x1e,0xce,0xff,0xff,0xff,0xff,0xff,0xff,0xff,0xff,0xff,0xff,0xff,0xff,0xff,
  0xff,0xff,0xde,0x30,0x00,0x00,0x00,0x00,0x00,0x00,0x00,0x00,0x00,0x00,0x00,0x32,0xe8,0xff,0xff,0xff,0xff,0xff,0xff,0xff,
  0xff,0xff,0xff,0xff,0xff,0xff,0xff,0xff,0xff,0xff,0xf5,0x55,0x00,0x00,0x00,0x00,0x00,0x00,0x00,0x00,0x00,0x1c,0xe6,0xff,
  0xff,0xff,0xff,0xff,0xff,0xff,0xff,0xff,0xff,0xff,0xff,0xff,0xff,0xff,0xff,0xff,0xff,0xff,0xfb,0x3f,0x00,0x00,0x00,0x00,
  0x00,0x00,0x00,0x02,0xca,0xff,0xff,0xff,0xff,0xff,0xff,0xf8,0x97,0x47,0x1a,0x06,0x14,0x34,0x7c,0xe5,0xff,0xff,0xff,0xff,
  0xff,0xff,0xe9,0x1b,0x00,0x00,0x00,0x00,0x00,0x00,0x66,0xff,0xff,0xff,0xff,0xff,0xff,0xc9,0x1f,0x00,0x00,0x00,0x00,0x00,
  0x00,0x00,0x0a,0x95,0xff,0xff,0xff,0xff,0xff,0xff,0xa3,0x00,0x00,0x00,0x00,0x00,0x07,0xe8,0xff,0xff,0xff,0xff,0xff,0xc6,
  0x0a,0x00,0x00,0x00,0x00,0x00,0x00,0x00,0x00,0x00,0x00,0x89,0xff,0xff,0xff,0xff,0xff,0xfc,0x21,0x00,0x00,0x00,0x00,0x55,
  0xff,0xff,0xff,0xff,0xff,0xf4,0x21,0x00,0x00,0x00,0x00,0x00,0x00,0x00,0x00,0x00,0x00,0x00,0x04,0xcc,0xff,0xff,0xff,0xff,
  0xff,0x8f,0x00,0x00,0x00,0x00,0xa4,0xff,0xff,0xff,0xff,0xff,0x97,0x00,0x00,0x00,0x00,0x00,0x00,0x00,0x00,0x00,0x00,0x00,
  0x00,0x00,0x55,0xff,0xff,0xff,0xff,0xff,0xd4,0x00,0x00,0x00,0x00,0xe0,0xff,0xff,0xff,0xff,0xff,0x38,0x00,0x00,0x00,0x00,
  0x00,0x00,0x00,0x00,0x00,0x00,0x00,0x00,0x00,0x04,0xf3,0xff,0xff,0xff,0xff,0xfe,0x15,0x00,0x00,0x0a,0xff,0xff,0xff,0xff,
  0xff,0xf9,0x06,0x00,0x00,0x00,0x00,0x00,0x00,0x00,0x00,0x00,0x00,0x00,0x00,0x00,0x00,0xc0,0xff,0xff,0xff,0xff,0xff,0x48,
  0x00,0x00,0x29,0xff,0xff,0xff,0xff,0xff,0xd4,0x00,0x00,0x00,0x00,0x00,0x00,0x00,0x00,0x00,0x00,0x00,0x00,0x00,0x00,0x00,
  0x97,0xff,0xff,0xff,0xff,0xff,0x5d,0x00,0x00,0x38,0xff,0xff,0xff,0xff,0xff,0xc3,0x00,0x00,0x00,0x00,0x00,0x00,0x00,0x00,
  0x00,0x00,0x00,0x00,0x00,0x00,0x00,0x87,0xff,0xff,0xff,0xff,0xff,0x70,0x00,0x00,0x41,0xff,0xff,0xff,0xff,0xff,0xb7,0x00,
  0x00,0x00,0x00,0x00,0x00,0x00,0x00,0x00,0x00,0x00,0x00,0x00,0x00,0x00,0x7c,0xff,0xff,0xff,0xff,0xff,0x7e,0x00,0x00,0x34,
  0xff,0xff,0xff,0xff,0xff,0xc4,0x00,0x00,0x00,0x00,0x00,0x00,0x00,0x00,0x00,0x00,0x00,0x00,0x00,0x00,0x00,0x8a,0xff,0xff,
  0xff,0xff,0xff,0x71,0x00,0x00,0x21,0xff,0xff,0xff,0xff,0xff,0xd5,0x00,0x00,0x00,0x00,0x00,0x00,0x00,0x00,0x00,0x00,0x00,
  0x00,0x00,0x00,0x00,0x9b,0xff,0xff,0xff,0xff,0xff,0x5e,0x00,0x00,0x0e,0xff,0xff,0xff,0xff,0xff,0xfa,0x09,0x00,0x00,0x00,
  0x00,0x00,0x00,0x00,0x00,0x00,0x00,0x00,0x00,0x00,0x00,0xca,0xff,0xff,0xff,0xff,0xff,0x4a,0x00,0x00,0x00,0xde,0xff,0xff,
  0xff,0xff,0xff,0x40,0x00,0x00,0x00,0x00,0x00,0x00,0x00,0x00,0x00,0x00,0x00,0x00,0x00,0x0b,0xf9,0xff,0xff,0xff,0xff,0xff,
  0x17,0x00,0x00,0x00,0x9e,0xff,0xff,0xff,0xff,0xff,0xa3,0x00,0x00,0x00,0x00,0x00,0x00,0x00,0x00,0x00,0x00,0x00,0x00,0x00,
  0x67,0xff,0xff,0xff,0xff,0xff,0xd7,0x00,0x00,0x00,0x00,0x59,0xff,0xff,0xff,0xff,0xff,0xf9,0x2c,0x00,0x00,0x00,0x00,0x00,
  0x00,0x00,0x00,0x00,0x00,0x00,0x0b,0xdb,0xff,0xff,0xff,0xff,0xff,0x92,0x00,0x00,0x00,0x00,0x06,0xe4,0xff,0xff,0xff,0xff,
  0xff,0xd5,0x11,0x00,0x00,0x00,0x00,0x00,0x00,0x00,0x00,0x00,0x01,0xa2,0xff,0xff,0xff,0xff,0xff,0xfd,0x25,0x00,0x00,0x00,
  0x00,0x00,0x70,0xff,0xff,0xff,0xff,0xff,0xff,0xd7,0x2a,0x00,0x00,0x00,0x00,0x00,0x00,0x00,0x11,0xab,0xff,0xff,0xff,0xff,
  0xff,0xff,0xa8,0x00,0x00,0x00,0x00,0x00,0x00,0x08,0xcd,0xff,0xff,0xff,0xff,0xff,0xff,0xfc,0xa0,0x4b,0x19,0x05,0x13,0x38,
  0x84,0xed,0xff,0xff,0xff,0xff,0xff,0xff,0xec,0x1f,0x00,0x00,0x00,0x00,0x00,0x00,0x00,0x1f,0xec,0xff,0xff,0xff,0xff,0xff,
  0xff,0xff,0xff,0xff,0xff,0xff,0xff,0xff,0xff,0xff,0xff,0xff,0xff,0xff,0xfd,0x45,0x00,0x00,0x00,0x00,0x00,0x00,0x00,0x00,
  0x00,0x35,0xe6,0xff,0xff,0xff,0xff,0xff,0xff,0xff,0xff,0xff,0xff,0xff,0xff,0xff,0xff,0xff,0xff,0xff,0xf8,0x5c,0x00,0x00,
  0x00,0x00,0x00,0x00,0x00,0x00,0x00,0x00,0x00,0x1a,0xc6,0xff,0xff,0xff,0xff,0xff,0xff,0xff,0xff,0xff,0xff,0xff,0xff,0xff,
  0xff,0xff,0xe4,0x37,0x00,0x00,0x00,0x00,0x00,0x00,0x00,0x00,0x00,0x00,0x00,0x00,0x00,0x01,0x55,0xd3,0xff,0xff,0xff,0xff,
  0xff,0xff,0xff,0xff,0xff,0xff,0xff,0xea,0x74,0x09,0x00,0x00,0x00,0x00,0x00,0x00,0x00,0x00,0x00,0x00,0x00,0x00,0x00,0x00,
  0x00,0x00,0x01,0x33,0x76,0xb6,0xd5,0xe9,0xfa,0xef,0xdb,0xc3,0x89,0x45,0x08,0x00,0x00,0x00,0x00,0x00,0x00,0x00,0x00,0x00,
  0x00,0x00,0x00,0x00,0x00,0x00,0x00,0x00,0x44,0xff,0xff,0xff,0xff,0x74,0x00,0x00,0x00,0xdc,0xff,0xff,0xff,0xdc,0x00,0x00,
  0x00,0x00,0x00,0x00,0x00,0x00,0x00,0x00,0x00,0x00,0x00,0x00,0x00,0x00,0x00,0x44,0xff,0xff,0xff,0xff,0x74,0x00,0x00,0x00,
  0xdc,0xff,0xff,0xff,0xdc,0x00,0x00,0x00,0x00,0x00,0x00,0x00,0x00,0x00,0x00,0x00,0x00,0x00,0x00,0x00,0x00,0x00,0x44,0xff,
  0xff,0xff,0xff,0x74,0x00,0x00,0x00,0xdc,0xff,0xff,0xff,0xdc,0x00,0x00,0x00,0x00,0x00,0x00,0x00,0x00,0x00,0x00,0x00,0x00,
  0x00,0x00,0x00,0x00,0x00,0x44,0xff,0xff,0xff,0xff,0x74,0x00,0x00,0x00,0xdc,0xff,0xff,0xff,0xdc,0x00,0x00,0x00,0x00,0x00,
  0x00,0x00,0x00,0x00,0x00,0x00,0x00,0x00,0x00,0x00,0x00,0x00,0x00,0x00,0x00,0x00,0x00,0x00,0x00,0x00,0x00,0x00,0x00,0x00,
  0x00,0x00,0x00,0x00,0x00,0x00,0x00,0x00,0x00,0x00,0x00,0x00,0x00,0x00,0x00,0x00,0x00,0x00,0x00,0x00,0x00,0x00,0x00,0x00,
  0x00,0x00,0x00,0x00,0x00,0x00,0x00,0x00,0x00,0x00,0x00,0x00,0x00,0x00,0x00,0x00,0x00,0x00,0x00,0x00,0x00,0x00,0x00,0x00,
  0x00,0x00,0x00,0x03,0x44,0x89,0xbe,0xe0,0xf4,0xfc,0xec,0xd8,0xbf,0x83,0x3f,0x05,0x00,0x00,0x00,0x00,0x00,0x00,0x00,0x00,
  0x00,0x00,0x00,0x00,0x00,0x00,0x00,0x00,0x03,0x65,0xe4,0xff,0xff,0xff,0xff,0xff,0xff,0xff,0xff,0xff,0xff,0xff,0xe5,0x6c,
  0x07,0x00,0x00,0x00,0x00,0x00,0x00,0x00,0x00,0x00,0x00,0x00,0x00,0x00,0x1e,0xce,0xff,0xff,0xff,0xff,0xff,0xff,0xff,0xff,
  0xff,0xff,0xff,0xff,0xff,0xff,0xff,0xde,0x30,0x00,0x00,0x00,0x00,0x00,0x00,0x00,0x00,0x00,0x00,0x00,0x32,0xe8,0xff,0xff,
  0xff,0xff,0xff,0xff,0xff,0xff,0xff,0xff,0xff,0xff,0xff,0xff,0xff,0xff,0xff,0xf5,0x55,0x00,0x00,0x00,0x00,0x00,0x00,0x00,
  0x00,0x00,0x1c,0xe6,0xff,0xff,0xff,0xff,0xff,0xff,0xff,0xff,0xff,0xff,0xff,0xff,0xff,0xff,0xff,0xff,0xff,0xff,0xff,0xfb,
  0x3f,0x00,0x00,0x00,0x00,0x00,0x00,0x00,0x02,0xca,0xff,0xff,0xff,0xff,0xff,0xff,0xf8,0x97,0x47,0x1a,0x06,0x14,0x34,0x7c,
  0xe5,0xff,0xff,0xff,0xff,0xff,0xff,0xe9,0x1b,0x00,0x00,0x00,0x00,0x00,0x00,0x66,0xff,0xff,0xff,0xff,0xff,0xff,0xc9,0x1f,
  0x00,0x00,0x00,0x00,0x00,0x00,0x00,0x0a,0x95,0xff,0xff,0xff,0xff,0xff,0xff,0xa3,0x00,0x00,0x00,0x00,0x00,0x07,0xe8,0xff,
  0xff,0xff,0xff,0xff,0xc6,0x0a,0x00,0x00,0x00,0x00,0x00,0x00,0x00,0x00,0x00,0x00,0x89,0xff,0xff,0xff,0xff,0xff,0xfc,0x21,
  0x00,0x00,0x00,0x00,0x55,0xff,0xff,0xff,0xff,0xff,0xf4,0x21,0x00,0x00,0x00,0x00,0x00,0x00,0x00,0x00,0x00,0x00,0x00,0x04,
  0xcc,0xff,0xff,0xff,0xff,0xff,0x8f,0x00,0x00,0x00,0x00,0xa4,0xff,0xff,0xff,0xff,0xff,0x97,0x00,0x00,0x00,0x00,0x00,0x00,
  0x00,0x00,0x00,0x00,0x00,0x00,0x00,0x55,0xff,0xff,0xff,0xff,0xff,0xd4,0x00,0x00,0x00,0x00,0xe0,0xff,0xff,0xff,0xff,0xff,
  0x38,0x00,0x00,0x00,0x00,0x00,0x00,0x00,0x00,0x00,0x00,0x00,0x00,0x00,0x04,0xf3,0xff,0xff,0xff,0xff,0xfe,0x15,0x00,0x00,
  0x0a,0xff,0xff,0xff,0xff,0xff,0xf9,0x06,0x00,0x00,0x00,0x00,0x00,0x00,0x00,0x00,0x00,0x00,0x00,0x00,0x00,0x00,0xc0,0xff,
  0xff,0xff,0xff,0xff,0x48,0x00,0x00,0x29,0xff,0xff,0xff,0xff,0xff,0xd4,0x00,0x00,0x00,0x00,0x00,0x00,0x00,0x00,0x00,0x00,
  0x00,0x00,0x00,0x00,0x00,0x97,0xff,0xff,0xff,0xff,0xff,0x5d,0x00,0x00,0x38,0xff,0xff,0xff,0xff,0xff,0xc3,0x00,0x00,0x00,
  0x00,0x00,0x00,0x00,0x00,0x00,0x00,0x00,0x00,0x00,0x00,0x00,0x87,0xff,0xff,0xff,0xff,0xff,0x70,0x00,0x00,0x41,0xff,0xff,
  0xff,0xff,0xff,0xb7,0x00,0x00,0x00,0x00,0x00,0x00,0x00,0x00,0x00,0x00,0x00,0x00,0x00,0x00,0x00,0x7c,0xff,0xff,0xff,0xff,
  0xff,0x7e,0x00,0x00,0x34,0xff,0xff,0xff,0xff,0xff,0xc4,0x00,0x00,0x00,0x00,0x00,0x00,0x00,0x00,0x00,0x00,0x00,0x00,0x00,
  0x00,0x00,0x8a,0xff,0xff,0xff,0xff,0xff,0x71,0x00,0x00,0x21,0xff,0xff,0xff,0xff,0xff,0xd5,0x00,0x00,0x00,0x00,0x00,0x00,
  0x00,0x00,0x00,0x00,0x00,0x00,0x00,0x00,0x00,0x9b,0xff,0xff,0xff,0xff,0xff,0x5e,0x00,0x00,0x0e,0xff,0xff,0xff,0xff,0xff,
  0xfa,0x09,0x00,0x00,0x00,0x00,0x00,0x00,0x00,0x00,0x00,0x00,0x00,0x00,0x00,0x00,0xca,0xff,0xff,0xff,0xff,0xff,0x4a,0x00,
  0x00,0x00,0xde,0xff,0xff,0xff,0xff,0xff,0x40,0x00,0x00,0x00,0x00,0x00,0x00,0x00,0x00,0x00,0x00,0x00,0x00,0x00,0x0b,0xf9,
  0xff,0xff,0xff,0xff,0xff,0x17,0x00,0x00,0x00,0x9e,0xff,0xff,0xff,0xff,0xff,0xa3,0x00,0x00,0x00,0x00,0x00,0x00,0x00,0x00,
  0x00,0x00,0x00,0x00,0x00,0x67,0xff,0xff,0xff,0xff,0xff,0xd7,0x00,0x00,0x00,0x00,0x59,0xff,0xff,0xff,0xff,0xff,0xf9,0x2c,
  0x00,0x00,0x00,0x00,0x00,0x00,0x00,0x00,0x00,0x00,0x00,0x0b,0xdb,0xff,0xff,0xff,0xff,0xff,0x92,0x00,0x00,0x00,0x00,0x06,
  0xe4,0xff,0xff,0xff,0xff,0xff,0xd5,0x11,0x00,0x00,0x00,0x00,0x00,0x00,0x00,0x00,0x00,0x01,0xa2,0xff,0xff,0xff,0xff,0xff,
  0xfd,0x25,0x00,0x00,0x00,0x00,0x00,0x70,0xff,0xff,0xff,0xff,0xff,0xff,0xd7,0x2a,0x00,0x00,0x00,0x00,0x00,0x00,0x00,0x11,
  0xab,0xff,0xff,0xff,0xff,0xff,0xff,0xa8,0x00,0x00,0x00,0x00,0x00,0x00,0x08,0xcd,0xff,0xff,0xff,0xff,0xff,0xff,0xfc,0xa0,
  0x4b,0x19,0x05,0x13,0x38,0x84,0xed,0xff,0xff,0xff,0xff,0xff,0xff,0xec,0x1f,0x00,0x00,0x00,0x00,0x00,0x00,0x00,0x1f,0xec,
  0xff,0xff,0xff,0xff,0xff,0xff,0xff,0xff,0xff,0xff,0xff,0xff,0xff,0xff,0xff,0xff,0xff,0xff,0xff,0xfd,0x45,0x00,0x00,0x00,
  0x00,0x00,0x00,0x00,0x00,0x00,0x35,0xe6,0xff,0xff,0xff,0xff,0xff,0xff,0xff,0xff,0xff,0xff,0xff,0xff,0xff,0xff,0xff,0xff,
  0xff,0xf8,0x5c,0x00,0x00,0x00,0x00,0x00,0x00,0x00,0x00,0x00,0x00,0x00,0x1a,0xc6,0xff,0xff,0xff,0xff,0xff,0xff,0xff,0xff,
  0xff,0xff,0xff,0xff,0xff,0xff,0xff,0xe4,0x37,0x00,0x00,0x00,0x00,0x00,0x00,0x00,0x00,0x00,0x00,0x00,0x00,0x00,0x01,0x55,
  0xd3,0xff,0xff,0xff,0xff,0xff,0xff,0xff,0xff,0xff,0xff,0xff,0xea,0x74,0x09,0x00,0x00,0x00,0x00,0x00,0x00,0x00,0x00,0x00,
  0x00,0x00,0x00,0x00,0x00,0x00,0x00,0x01,0x33,0x76,0xb6,0xd5,0xe9,0xfa,0xef,0xdb,0xc3,0x89,0x45,0x08,0x00,0x00,0x00,0x00,
  0x00,0x00,0x00,0x00,0x00,0x00,0x00,0x00,0x00,0x03,0x93,0x33,0x00,0x00,0x00,0x00,0x00,0x00,0x00,0x00,0x00,0x12,0xb9,0x2b,
  0x00,0x00,0x00,0x00,0x00,0x00,0x00,0x08,0xb0,0xff,0xee,0x31,0x00,0x00,0x00,0x00,0x00,0x00,0x00,0x11,0xce,0xff,0xea,0x2d,
  0x00,0x00,0x00,0x00,0x00,0x0e,0xc0,0xff,0xff,0xff,0xed,0x2f,0x00,0x00,0x00,0x00,0x00,0x10,0xcc,0xff,0xff,0xff,0xec,0x30,
  0x00,0x00,0x00,0x00,0x9d,0xff,0xff,0xff,0xff,0xff,0xec,0x2e,0x00,0x00,0x00,0x0f,0xcb,0xff,0xff,0xff,0xff,0xff,0xde,0x05,
  0x00,0x00,0x00,0x11,0xcc,0xff,0xff,0xff,0xff,0xff,0xeb,0x2c,0x00,0x0e,0xc9,0xff,0xff,0xff,0xff,0xff,0xf1,0x37,0x00,0x00,
  0x00,0x00,0x00,0x11,0xcd,0xff,0xff,0xff,0xff,0xff,0xe9,0x39,0xc7,0xff,0xff,0xff,0xff,0xff,0xf1,0x37,0x00,0x00,0x00,0x00,
  0x00,0x00,0x00,0x12,0xce,0xff,0xff,0xff,0xff,0xff,0xff,0xff,0xff,0xff,0xff,0xff,0xf1,0x38,0x00,0x00,0x00,0x00,0x00,0x00,
  0x00,0x00,0x00,0x12,0xcf,0xff,0xff,0xff,0xff,0xff,0xff,0xff,0xff,0xff,0xf1,0x38,0x00,0x00,0x00,0x00,0x00,0x00,0x00,0x00,
  0x00,0x00,0x00,0x12,0xd0,0xff,0xff,0xff,0xff,0xff,0xff,0xff,0xf2,0x39,0x00,0x00,0x00,0x00,0x00,0x00,0x00,0x00,0x00,0x00,
  0x00,0x00,0x00,0x1c,0xf8,0xff,0xff,0xff,0xff,0xff,0xff,0x5c,0x00,0x00,0x00,0x00,0x00,0x00,0x00,0x00,0x00,0x00,0x00,0x00,
  0x00,0x08,0xb9,0xff,0xff,0xff,0xff,0xff,0xff,0xff,0xe4,0x24,0x00,0x00,0x00,0x00,0x00,0x00,0x00,0x00,0x00,0x00,0x00,0x07,
  0xb7,0xff,0xff,0xff,0xff,0xff,0xff,0xff,0xff,0xff,0xe3,0x23,0x00,0x00,0x00,0x00,0x00,0x00,0x00,0x00,0x00,0x06,0xb5,0xff,
  0xff,0xff,0xff,0xff,0xff,0xff,0xff,0xff,0xff,0xff,0xe2,0x21,0x00,0x00,0x00,0x00,0x00,0x00,0x00,0x06,0xb3,0xff,0xff,0xff,
  0xff,0xff,0xf3,0x51,0xd3,0xff,0xff,0xff,0xff,0xff,0xe0,0x20,0x00,0x00,0x00,0x00,0x00,0x05,0xb1,0xff,0xff,0xff,0xff,0xff,
  0xf3,0x3d,0x00,0x15,0xd4,0xff,0xff,0xff,0xff,0xff,0xdf,0x1f,0x00,0x00,0x00,0x00,0x8f,0xff,0xff,0xff,0xff,0xff,0xf3,0x3d,
  0x00,0x00,0x00,0x16,0xd5,0xff,0xff,0xff,0xff,0xff,0xdb,0x08,0x00,0x00,0x00,0x17,0xd2,0xff,0xff,0xff,0xf4,0x3d,0x00,0x00,
  0x00,0x00,0x00,0x16,0xd6,0xff,0xff,0xff,0xf9,0x56,0x00,0x00,0x00,0x00,0x00,0x12,0xcb,0xff,0xf4,0x3e,0x00,0x00,0x00,0x00,
  0x00,0x00,0x00,0x17,0xd6,0xff,0xf2,0x43,0x00,0x00,0x00,0x00,0x00,0x00,0x00,0x0e,0xb8,0x3e,0x00,0x00,0x00,0x00,0x00,0x00,
  0x00,0x00,0x00,0x18,0xc1,0x33,0x00,0x00,0x00,0x00,0x00,0x00,0x00,0x00,0x00,0x00,0x00,0x00,0x00,0x00,0x00,0x00,0x00,0x00,
  0x00,0x00,0x00,0x00,0x00,0x00,0x00,0x00,0x00,0x00,0x00,0x00,0x00,0x00,0x00,0x00,0x00,0x00,0x00,0x00,0x00,0x00,0x00,0x00,
  0x00,0x00,0x00,0x00,0x00,0x00,0x00,0x00,0x00,0x00,0x00,0x00,0x00,0x00,0x00,0x00,0x00,0x00,0x00,0x00,0x00,0x00,0x00,0x00,
  0x00,0x00,0x00,0x00,0x00,0x00,0x00,0x00,0x00,0x00,0x00,0x00,0x00,0x00,0x00,0x00,0x00,0x00,0x00,0x00,0x00,0x00,0x00,0x00,
  0x00,0x00,0x00,0x00,0x00,0x00,0x00,0x00,0x00,0x00,0x00,0x00,0x00,0x00,0x00,0x00,0x00,0x00,0x00,0x00,0x00,0x00,0x00,0x00,
  0x00,0x00,0x00,0x00,0x00,0x00,0x00,0x00,0x00,0x00,0x00,0x00,0x00,0x00,0x00,0x00,0x00,0x00,0x00,0x00,0x00,0x00,0x00,0x00,
  0x00,0x00,0x00,0x00,0x00,0x00,0x00,0x02,0x42,0x00,0x00,0x00,0x00,0x00,0x00,0x00,0x00,0x00,0x00,0x00,0x00,0x00,0x00,0x00,
  0x00,0x00,0x00,0x00,0x00,0x00,0x00,0x00,0x00,0x00,0x00,0x00,0x00,0x00,0x89,0xff,0x9a,0x09,0x00,0x00,0x00,0x00,0x00,0x00,
  0x00,0x00,0x00,0x00,0x01,0x2f,0x76,0xb7,0xd4,0xe9,0xfb,0xf1,0xe2,0xc4,0x95,0x5b,0x0d,0x00,0x00,0x00,0x59,0xff,0xff,0xff,
  0xbb,0x00,0x00,0x00,0x00,0x00,0x00,0x00,0x00,0x00,0x4b,0xcf,0xff,0xff,0xff,0xff,0xff,0xff,0xff,0xff,0xff,0xff,0xff,0xf7,
  0xa1,0x20,0x32,0xf6,0xff,0xff,0xfb,0x3d,0x00,0x00,0x00,0x00,0x00,0x00,0x00,0x12,0xbb,0xff,0xff,0xff,0xff,0xff,0xff,0xff,
  0xff,0xff,0xff,0xff,0xff,0xff,0xff,0xff,0xf9,0xec,0xff,0xff,0xff,0x71,0x00,0x00,0x00,0x00,0x00,0x00,0x00,0x27,0xdb,0xff,
  0xff,0xff,0xff,0xff,0xff,0xff,0xff,0xff,0xff,0xff,0xff,0xff,0xff,0xff,0xff,0xff,0xff,0xff,0xff,0xaa,0x00,0x00,0x00,0x00,
  0x00,0x00,0x00,0x13,0xe2,0xff,0xff,0xff,0xff,0xff,0xff,0xff,0xff,0xff,0xff,0xff,0xff,0xff,0xff,0xff,0xff,0xff,0xff,0xff,
  0xff,0xe6,0x0c,0x00,0x00,0x00,0x00,0x00,0x00,0x02,0xb8,0xff,0xff,0xff,0xff,0xff,0xff,0xf7,0x95,0x45,0x19,0x05,0x0f,0x2e,
  0x6a,0xcc,0xff,0xff,0xff,0xff,0xff,0xff,0xfe,0x36,0x00,0x00,0x00,0x00,0x00,0x00,0x5f,0xff,0xff,0xff,0xff,0xff,0xff,0xc6,
  0x1d,0x00,0x00,0x00,0x00,0x00,0x00,0x00,0x00,0xb0,0xff,0xff,0xff,0xff,0xff,0xff,0xca,0x00,0x00,0x00,0x00,0x00,0x01,0xd6,
  0xff,0xff,0xff,0xff,0xff,0xc3,0x09,0x00,0x00,0x00,0x00,0x00,0x00,0x00,0x00,0x5f,0xfe,0xff,0xff,0xff,0xff,0xff,0xff,0xff,
  0x35,0x00,0x00,0x00,0x00,0x4a,0xff,0xff,0xff,0xff,0xff,0xf2,0x1e,0x00,0x00,0x00,0x00,0x00,0x00,0x00,0x00,0x4a,0xfb,0xff,
  0xff,0xff,0xff,0xff,0xff,0xff,0xff,0x93,0x00,0x00,0x00,0x00,0x93,0xff,0xff,0xff,0xff,0xff,0x92,0x00,0x00,0x00,0x00,0x00,
  0x00,0x00,0x00,0x38,0xf5,0xff,0xff,0xff,0xa4,0xff,0xff,0xff,0xff,0xff,0xdd,0x00,0x00,0x00,0x00,0xd2,0xff,0xff,0xff,0xff,
  0xff,0x33,0x00,0x00,0x00,0x00,0x00,0x00,0x00,0x29,0xed,0xff,0xff,0xff,0x96,0x00,0xe3,0xff,0xff,0xff,0xff,0xff,0x13,0x00,
  0x00,0x0b,0xfe,0xff,0xff,0xff,0xff,0xf6,0x04,0x00,0x00,0x00,0x00,0x00,0x00,0x1c,0xe2,0xff,0xff,0xff,0xac,0x02,0x00,0xb0,
  0xff,0xff,0xff,0xff,0xff,0x46,0x00,0x00,0x20,0xff,0xff,0xff,0xff,0xff,0xcd,0x00,0x00,0x00,0x00,0x00,0x00,0x11,0xd5,0xff,
  0xff,0xff,0xbf,0x07,0x00,0x00,0x92,0xff,0xff,0xff,0xff,0xff,0x5e,0x00,0x00,0x33,0xff,0xff,0xff,0xff,0xff,0xbc,0x00,0x00,
  0x00,0x00,0x00,0x09,0xc5,0xff,0xff,0xff,0xd0,0x0f,0x00,0x00,0x00,0x83,0xff,0xff,0xff,0xff,0xff,0x6f,0x00,0x00,0x43,0xff,
  0xff,0xff,0xff,0xff,0xb0,0x00,0x00,0x00,0x00,0x04,0xb3,0xff,0xff,0xff,0xdf,0x19,0x00,0x00,0x00,0x00,0x80,0xff,0xff,0xff,
  0xff,0xff,0x7b,0x00,0x00,0x3b,0xff,0xff,0xff,0xff,0xff,0xbf,0x00,0x00,0x00,0x00,0x9e,0xff,0xff,0xff,0xea,0x25,0x00,0x00,
  0x00,0x00,0x00,0x90,0xff,0xff,0xff,0xff,0xff,0x6b,0x00,0x00,0x2b,0xff,0xff,0xff,0xff,0xff,0xd4,0x00,0x00,0x00,0x88,0xff,
  0xff,0xff,0xf3,0x35,0x00,0x00,0x00,0x00,0x00,0x00,0xa3,0xff,0xff,0xff,0xff,0xff,0x58,0x00,0x00,0x17,0xff,0xff,0xff,0xff,
  0xff,0xf1,0x03,0x00,0x70,0xff,0xff,0xff,0xfa,0x47,0x00,0x00,0x00,0x00,0x00,0x00,0x00,0xd4,0xff,0xff,0xff,0xff,0xff,0x42,
  0x00,0x00,0x00,0xe8,0xff,0xff,0xff,0xff,0xff,0x3c,0x5a,0xfe,0xff,0xff,0xfe,0x5b,0x00,0x00,0x00,0x00,0x00,0x00,0x00,0x12,
  0xfd,0xff,0xff,0xff,0xff,0xfd,0x0f,0x00,0x00,0x00,0xb3,0xff,0xff,0xff,0xff,0xff,0xbd,0xfa,0xff,0xff,0xff,0x72,0x00,0x00,
  0x00,0x00,0x00,0x00,0x00,0x00,0x74,0xff,0xff,0xff,0xff,0xff,0xcd,0x00,0x00,0x00,0x00,0x6e,0xff,0xff,0xff,0xff,0xff,0xff,
  0xff,0xff,0xff,0x8a,0x00,0x00,0x00,0x00,0x00,0x00,0x00,0x00,0x12,0xe5,0xff,0xff,0xff,0xff,0xff,0x86,0x00,0x00,0x00,0x00,
  0x13,0xf9,0xff,0xff,0xff,0xff,0xff,0xff,0xff,0xa2,0x01,0x00,0x00,0x00,0x00,0x00,0x00,0x00,0x04,0xb1,0xff,0xff,0xff,0xff,
  0xff,0xf8,0x1a,0x00,0x00,0x00,0x00,0x00,0xa4,0xff,0xff,0xff,0xff,0xff,0xff,0xee,0x18,0x00,0x00,0x00,0x00,0x00,0x00,0x00,
  0x17,0xb9,0xff,0xff,0xff,0xff,0xff,0xff,0x99,0x00,0x00,0x00,0x00,0x00,0x00,0x1b,0xf2,0xff,0xff,0xff,0xff,0xff,0xff,0xed,
  0x8b,0x3e,0x12,0x04,0x15,0x3d,0x8c,0xf2,0xff,0xff,0xff,0xff,0xff,0xff,0xe3,0x15,0x00,0x00,0x00,0x00,0x00,0x00,0x00,0x9a,
  0xff,0xff,0xff,0xff,0xff,0xff,0xff,0xff,0xff,0xff,0xff,0xff,0xff,0xff,0xff,0xff,0xff,0xff,0xff,0xff,0xf9,0x37,0x00,0x00,
  0x00,0x00,0x00,0x00,0x00,0x42,0xfa,0xff,0xff,0xff,0xff,0xff,0xff,0xff,0xff,0xff,0xff,0xff,0xff,0xff,0xff,0xff,0xff,0xff,
  0xff,0xff,0xf3,0x4c,0x00,0x00,0x00,0x00,0x00,0x00,0x00,0x26,0xee,0xff,0xff,0xff,0xff,0xff,0xff,0xff,0xff,0xff,0xff,0xff,
  0xff,0xff,0xff,0xff,0xff,0xff,0xff,0xff,0xdd,0x2d,0x00,0x00,0x00,0x00,0x00,0x00,0x00,0x12,0xda,0xff,0xff,0xff,0xac,0x26,
  0xa3,0xfa,0xff,0xff,0xff,0xff,0xff,0xff,0xff,0xff,0xff,0xff,0xff,0xe8,0x6e,0x07,0x00,0x00,0x00,0x00,0x00,0x00,0x00,0x00,
  0x7d,0xff,0xff,0xff,0xc1,0x07,0x00,0x00,0x0f,0x5a,0x96,0xc1,0xe2,0xf0,0xfc,0xf1,0xdb,0xc4,0x8a,0x43,0x06,0x00,0x00,0x00,
  0x00,0x00,0x00,0x00,0x00,0x00,0x00,0x00,0x6a,0xf7,0xd4,0x10,0x00,0x00,0x00,0x00,0x00,0x00,0x00,0x00,0x00,0x00,0x00,0x00,
  0x00,0x00,0x00,0x00,0x00,0x00,0x00,0x00,0x00,0x00,0x00,0x00,0x00,0x00,0x00,0x00,0x2c,0x1c,0x00,0x00,0x00,0x00,0x00,0x00,
  0x00,0x00,0x00,0x00,0x00,0x00,0x00,0x00,0x00,0x00,0x00,0x00,0x00,0x00,0x00,0x00,0x00,0x00,0x00,0x00,0x00,0x00,0x00,0x00,
  0x00,0x00,0x00,0x00,0x26,0xeb,0xff,0xff,0xff,0xff,0xd7,0x01,0x00,0x00,0x00,0x00,0x00,0x00,0x00,0x00,0x00,0x00,0x00,0x00,
  0x00,0x00,0x00,0x00,0x00,0x00,0x00,0x00,0x00,0x00,0x36,0xf4,0xff,0xff,0xff,0xff,0x4c,0x00,0x00,0x00,0x00,0x00,0x00,0x00,
  0x00,0x00,0x00,0x00,0x00,0x00,0x00,0x00,0x00,0x00,0x00,0x00,0x00,0x00,0x00,0x00,0x4a,0xfb,0xff,0xff,0xff,0xbf,0x00,0x00,
  0x00,0x00,0x00,0x00,0x00,0x00,0x00,0x00,0x00,0x00,0x00,0x00,0x00,0x00,0x00,0x00,0x00,0x00,0x00,0x00,0x00,0x00,0x60,0xff,
  0xff,0xff,0xff,0x33,0x00,0x00,0x00,0x00,0x00,0x00,0x00,0x00,0x00,0x00,0x00,0x00,0x00,0x00,0x00,0x00,0x00,0x00,0x00,0x00,
  0x00,0x00,0x00,0x00,0x7a,0xff,0xff,0xff,0xa6,0x00,0x00,0x00,0x00,0x00,0x00,0x00,0x00,0x00,0x00,0x00,0x00,0x00,0x00,0x00,
  0x00,0x00,0x00,0x00,0x00,0x00,0x00,0x00,0x00,0x00,0x93,0xff,0xff,0xfb,0x1e,0x00,0x00,0x00,0x00,0x00,0x00,0x00,0x00,0x00,
  0x00,0x00,0x00,0x00,0x00,0x00,0x00,0x00,0x00,0x00,0x00,0x00,0x00,0x00,0x00,0x00,0x00,0x00,0x00,0x00,0x00,0x00,0x00,0x00,
  0x00,0x00,0x00,0x00,0x00,0x00,0x00,0x00,0x00,0x00,0x00,0x00,0x00,0x00,0x00,0x00,0x00,0x00,0x00,0x00,0x00,0x00,0x00,0x00,
  0x00,0x00,0x00,0x00,0x00,0x00,0x00,0x00,0x00,0x00,0x00,0x00,0x00,0x00,0x20,0xff,0xff,0xff,0xff,0xff,0xa8,0x00,0x00,0x00,
  0x00,0x00,0x00,0x00,0x00,0x00,0x00,0x14,0xff,0xff,0xff,0xff,0xff,0xb4,0x00,0x00,0x00,0x00,0x00,0x20,0xff,0xff,0xff,0xff,
  0xff,0xa8,0x00,0x00,0x00,0x00,0x00,0x00,0x00,0x00,0x00,0x00,0x14,0xff,0xff,0xff,0xff,0xff,0xb4,0x00,0x00,0x00,0x00,0x00,
  0x20,0xff,0xff,0xff,0xff,0xff,0xa8,0x00,0x00,0x00,0x00,0x00,0x00,0x00,0x00,0x00,0x00,0x14,0xff,0xff,0xff,0xff,0xff,0xb4,
  0x00,0x00,0x00,0x00,0x00,0x20,0xff,0xff,0xff,0xff,0xff,0xa8,0x00,0x00,0x00,0x00,0x00,0x00,0x00,0x00,0x00,0x00,0x14,0xff,
  0xff,0xff,0xff,0xff,0xb4,0x00,0x00,0x00,0x00,0x00,0x20,0xff,0xff,0xff,0xff,0xff,0xa8,0x00,0x00,0x00,0x00,0x00,0x00,0x00,
  0x00,0x00,0x00,0x14,0xff,0xff,0xff,0xff,0xff,0xb4,0x00,0x00,0x00,0x00,0x00,0x20,0xff,0xff,0xff,0xff,0xff,0xa8,0x00,0x00,
  0x00,0x00,0x00,0x00,0x00,0x00,0x00,0x00,0x14,0xff,0xff,0xff,0xff,0xff,0xb4,0x00,0x00,0x00,0x00,0x00,0x20,0xff,0xff,0xff,
  0xff,0xff,0xa8,0x00,0x00,0x00,0x00,0x00,0x00,0x00,0x00,0x00,0x00,0x14,0xff,0xff,0xff,0xff,0xff,0xb4,0x00,0x00,0x00,0x00,
  0x00,0x20,0xff,0xff,0xff,0xff,0xff,0xa8,0x00,0x00,0x00,0x00,0x00,0x00,0x00,0x00,0x00,0x00,0x14,0xff,0xff,0xff,0xff,0xff,
  0xb4,0x00,0x00,0x00,0x00,0x00,0x20,0xff,0xff,0xff,0xff,0xff,0xa8,0x00,0x00,0x00,0x00,0x00,0x00,0x00,0x00,0x00,0x00,0x14,
  0xff,0xff,0xff,0xff,0xff,0xb4,0x00,0x00,0x00,0x00,0x00,0x20,0xff,0xff,0xff,0xff,0xff,0xa8,0x00,0x00,0x00,0x00,0x00,0x00,
  0x00,0x00,0x00,0x00,0x14,0xff,0xff,0xff,0xff,0xff,0xb4,0x00,0x00,0x00,0x00,0x00,0x20,0xff,0xff,0xff,0xff,0xff,0xa8,0x00,
  0x00,0x00,0x00,0x00,0x00,0x00,0x00,0x00,0x00,0x14,0xff,0xff,0xff,0xff,0xff,0xb4,0x00,0x00,0x00,0x00,0x00,0x20,0xff,0xff,
  0xff,0xff,0xff,0xa8,0x00,0x00,0x00,0x00,0x00,0x00,0x00,0x00,0x00,0x00,0x14,0xff,0xff,0xff,0xff,0xff,0xb4,0x00,0x00,0x00,
  0x00,0x00,0x20,0xff,0xff,0xff,0xff,0xff,0xa8,0x00,0x00,0x00,0x00,0x00,0x00,0x00,0x00,0x00,0x00,0x14,0xff,0xff,0xff,0xff,
  0xff,0xb4,0x00,0x00,0x00,0x00,0x00,0x20,0xff,0xff,0xff,0xff,0xff,0xa8,0x00,0x00,0x00,0x00,0x00,0x00,0x00,0x00,0x00,0x00,
  0x14,0xff,0xff,0xff,0xff,0xff,0xb4,0x00,0x00,0x00,0x00,0x00,0x20,0xff,0xff,0xff,0xff,0xff,0xa8,0x00,0x00,0x00,0x00,0x00,
  0x00,0x00,0x00,0x00,0x00,0x14,0xff,0xff,0xff,0xff,0xff,0xb3,0x00,0x00,0x00,0x00,0x00,0x1e,0xff,0xff,0xff,0xff,0xff,0xa8,
  0x00,0x00,0x00,0x00,0x00,0x00,0x00,0x00,0x00,0x00,0x14,0xff,0xff,0xff,0xff,0xff,0xb1,0x00,0x00,0x00,0x00,0x00,0x1b,0xff,
  0xff,0xff,0xff,0xff,0xa9,0x00,0x00,0x00,0x00,0x00,0x00,0x00,0x00,0x00,0x00,0x16,0xff,0xff,0xff,0xff,0xff,0xae,0x00,0x00,
  0x00,0x00,0x00,0x15,0xff,0xff,0xff,0xff,0xff,0xae,0x00,0x00,0x00,0x00,0x00,0x00,0x00,0x00,0x00,0x00,0x1a,0xff,0xff,0xff,
  0xff,0xff,0xa9,0x00,0x00,0x00,0x00,0x00,0x09,0xff,0xff,0xff,0xff,0xff,0xb7,0x00,0x00,0x00,0x00,0x00,0x00,0x00,0x00,0x00,
  0x00,0x24,0xff,0xff,0xff,0xff,0xff,0x9e,0x00,0x00,0x00,0x00,0x00,0x00,0xf8,0xff,0xff,0xff,0xff,0xca,0x00,0x00,0x00,0x00,
  0x00,0x00,0x00,0x00,0x00,0x00,0x35,0xff,0xff,0xff,0xff,0xff,0x91,0x00,0x00,0x00,0x00,0x00,0x00,0xdf,0xff,0xff,0xff,0xff,
  0xf4,0x06,0x00,0x00,0x00,0x00,0x00,0x00,0x00,0x00,0x00,0x59,0xff,0xff,0xff,0xff,0xff,0x7b,0x00,0x00,0x00,0x00,0x00,0x00,
  0xbb,0xff,0xff,0xff,0xff,0xff,0x64,0x00,0x00,0x00,0x00,0x00,0x00,0x00,0x00,0x00,0xb0,0xff,0xff,0xff,0xff,0xff,0x5a,0x00,
  0x00,0x00,0x00,0x00,0x00,0x86,0xff,0xff,0xff,0xff,0xff,0xf1,0x35,0x00,0x00,0x00,0x00,0x00,0x00,0x00,0x61,0xff,0xff,0xff,
  0xff,0xff,0xff,0x23,0x00,0x00,0x00,0x00,0x00,0x00,0x2c,0xff,0xff,0xff,0xff,0xff,0xff,0xf9,0x90,0x39,0x0e,0x03,0x10,0x3d,
  0x9b,0xfd,0xff,0xff,0xff,0xff,0xff,0xcc,0x00,0x00,0x00,0x00,0x00,0x00,0x00,0x00,0xac,0xff,0xff,0xff,0xff,0xff,0xff,0xff,
  0xff,0xff,0xff,0xff,0xff,0xff,0xff,0xff,0xff,0xff,0xff,0xff,0x5a,0x00,0x00,0x00,0x00,0x00,0x00,0x00,0x00,0x16,0xe4,0xff,
  0xff,0xff,0xff,0xff,0xff,0xff,0xff,0xff,0xff,0xff,0xff,0xff,0xff,0xff,0xff,0xff,0xb2,0x00,0x00,0x00,0x00,0x00,0x00,0x00,
  0x00,0x00,0x00,0x20,0xdc,0xff,0xff,0xff,0xff,0xff,0xff,0xff,0xff,0xff,0xff,0xff,0xff,0xff,0xff,0xff,0xb1,0x09,0x00,0x00,
  0x00,0x00,0x00,0x00,0x00,0x00,0x00,0x00,0x00,0x0e,0x8b,0xf9,0xff,0xff,0xff,0xff,0xff,0xff,0xff,0xff,0xff,0xff,0xff,0xe7,
  0x69,0x03,0x00,0x00,0x00,0x00,0x00,0x00,0x00,0x00,0x00,0x00,0x00,0x00,0x00,0x00,0x1a,0x6e,0xa9,0xd1,0xeb,0xf8,0xfe,0xf9,
  0xeb,0xce,0xa0,0x5b,0x0a,0x00,0x00,0x00,0x00,0x00,0x00,0x00,0x00,0x00,0x00,0x00,0x00,0x00,0x00,0x00,0x00,0x00,0x00,0x00,
  0x00,0x00,0xc9,0xff,0xff,0xff,0xff,0xf2,0x32,0x00,0x00,0x00,0x00,0x00,0x00,0x00,0x00,0x00,0x00,0x00,0x00,0x00,0x00,0x00,
  0x00,0x00,0x00,0x00,0x00,0x00,0x3c,0xff,0xff,0xff,0xff,0xfa,0x45,0x00,0x00,0x00,0x00,0x00,0x00,0x00,0x00,0x00,0x00,0x00,
  0x00,0x00,0x00,0x00,0x00,0x00,0x00,0x00,0x00,0x00,0x00,0xaf,0xff,0xff,0xff,0xfe,0x5c,0x00,0x00,0x00,0x00,0x00,0x00,0x00,
  0x00,0x00,0x00,0x00,0x00,0x00,0x00,0x00,0x00,0x00,0x00,0x00,0x00,0x00,0x00,0x23,0xfd,0xff,0xff,0xff,0x74,0x00,0x00,0x00,
  0x00,0x00,0x00,0x00,0x00,0x00,0x00,0x00,0x00,0x00,0x00,0x00,0x00,0x00,0x00,0x00,0x00,0x00,0x00,0x00,0x94,0xff,0xff,0xff,
  0x8f,0x00,0x00,0x00,0x00,0x00,0x00,0x00,0x00,0x00,0x00,0x00,0x00,0x00,0x00,0x00,0x00,0x00,0x00,0x00,0x00,0x00,0x00,0x00,
  0x11,0xf4,0xff,0xff,0xa8,0x01,0x00,0x00,0x00,0x00,0x00,0x00,0x00,0x00,0x00,0x00,0x00,0x00,0x00,0x00,0x00,0x00,0x00,0x00,
  0x00,0x00,0x00,0x00,0x00,0x00,0x00,0x00,0x00,0x00,0x00,0x00,0x00,0x00,0x00,0x00,0x00,0x00,0x00,0x00,0x00,0x00,0x00,0x00,
  0x00,0x00,0x00,0x00,0x00,0x00,0x00,0x00,0x00,0x00,0x00,0x00,0x00,0x00,0x00,0x00,0x00,0x00,0x00,0x00,0x00,0x00,0x00,0x00,
  0x00,0x00,0x00,0x00,0x00,0x00,0x00,0x20,0xff,0xff,0xff,0xff,0xff,0xa8,0x00,0x00,0x00,0x00,0x00,0x00,0x00,0x00,0x00,0x00,
  0x14,0xff,0xff,0xff,0xff,0xff,0xb4,0x00,0x00,0x00,0x00,0x00,0x20,0xff,0xff,0xff,0xff,0xff,0xa8,0x00,0x00,0x00,0x00,0x00,
  0x00,0x00,0x00,0x00,0x00,0x14,0xff,0xff,0xff,0xff,0xff,0xb4,0x00,0x00,0x00,0x00,0x00,0x20,0xff,0xff,0xff,0xff,0xff,0xa8,
  0x00,0x00,0x00,0x00,0x00,0x00,0x00,0x00,0x00,0x00,0x14,0xff,0xff,0xff,0xff,0xff,0xb4,0x00,0x00,0x00,0x00,0x00,0x20,0xff,
  0xff,0xff,0xff,0xff,0xa8,0x00,0x00,0x00,0x00,0x00,0x00,0x00,0x00,0x00,0x00,0x14,0xff,0xff,0xff,0xff,0xff,0xb4,0x00,0x00,
  0x00,0x00,0x00,0x20,0xff,0xff,0xff,0xff,0xff,0xa8,0x00,0x00,0x00,0x00,0x00,0x00,0x00,0x00,0x00,0x00,0x14,0xff,0xff,0xff,
  0xff,0xff,0xb4,0x00,0x00,0x00,0x00,0x00,0x20,0xff,0xff,0xff,0xff,0xff,0xa8,0x00,0x00,0x00,0x00,0x00,0x00,0x00,0x00,0x00,
  0x00,0x14,0xff,0xff,0xff,0xff,0xff,0xb4,0x00,0x00,0x00,0x00,0x00,0x20,0xff,0xff,0xff,0xff,0xff,0xa8,0x00,0x00,0x00,0x00,
  0x00,0x00,0x00,0x00,0x00,0x00,0x14,0xff,0xff,0xff,0xff,0xff,0xb4,0x00,0x00,0x00,0x00,0x00,0x20,0xff,0xff,0xff,0xff,0xff,
  0xa8,0x00,0x00,0x00,0x00,0x00,0x00,0x00,0x00,0x00,0x00,0x14,0xff,0xff,0xff,0xff,0xff,0xb4,0x00,0x00,0x00,0x00,0x00,0x20,
  0xff,0xff,0xff,0xff,0xff,0xa8,0x00,0x00,0x00,0x00,0x00,0x00,0x00,0x00,0x00,0x00,0x14,0xff,0xff,0xff,0xff,0xff,0xb4,0x00,
  0x00,0x00,0x00,0x00,0x20,0xff,0xff,0xff,0xff,0xff,0xa8,0x00,0x00,0x00,0x00,0x00,0x00,0x00,0x00,0x00,0x00,0x14,0xff,0xff,
  0xff,0xff,0xff,0xb4,0x00,0x00,0x00,0x00,0x00,0x20,0xff,0xff,0xff,0xff,0xff,0xa8,0x00,0x00,0x00,0x00,0x00,0x00,0x00,0x00,
  0x00,0x00,0x14,0xff,0xff,0xff,0xff,0xff,0xb4,0x00,0x00,0x00,0x00,0x00,0x20,0xff,0xff,0xff,0xff,0xff,0xa8,0x00,0x00,0x00,
  0x00,0x00,0x00,0x00,0x00,0x00,0x00,0x14,0xff,0xff,0xff,0xff,0xff,0xb4,0x00,0x00,0x00,0x00,0x00,0x20,0xff,0xff,0xff,0xff,
  0xff,0xa8,0x00,0x00,0x00,0x00,0x00,0x00,0x00,0x00,0x00,0x00,0x14,0xff,0xff,0xff,0xff,0xff,0xb4,0x00,0x00,0x00,0x00,0x00,
  0x20,0xff,0xff,0xff,0xff,0xff,0xa8,0x00,0x00,0x00,0x00,0x00,0x00,0x00,0x00,0x00,0x00,0x14,0xff,0xff,0xff,0xff,0xff,0xb4,
  0x00,0x00,0x00,0x00,0x00,0x20,0xff,0xff,0xff,0xff,0xff,0xa8,0x00,0x00,0x00,0x00,0x00,0x00,0x00,0x00,0x00,0x00,0x14,0xff,
  0xff,0xff,0xff,0xff,0xb3,0x00,0x00,0x00,0x00,0x00,0x1e,0xff,0xff,0xff,0xff,0xff,0xa8,0x00,0x00,0x00,0x00,0x00,0x00,0x00,
  0x00,0x00,0x00,0x14,0xff,0xff,0xff,0xff,0xff,0xb1,0x00,0x00,0x00,0x00,0x00,0x1b,0xff,0xff,0xff,0xff,0xff,0xa9,0x00,0x00,
  0x00,0x00,0x00,0x00,0x00,0x00,0x00,0x00,0x16,0xff,0xff,0xff,0xff,0xff,0xae,0x00,0x00,0x00,0x00,0x00,0x15,0xff,0xff,0xff,
  0xff,0xff,0xae,0x00,0x00,0x00,0x00,0x00,0x00,0x00,0x00,0x00,0x00,0x1a,0xff,0xff,0xff,0xff,0xff,0xa9,0x00,0x00,0x00,0x00,
  0x00,0x09,0xff,0xff,0xff,0xff,0xff,0xb7,0x00,0x00,0x00,0x00,0x00,0x00,0x00,0x00,0x00,0x00,0x24,0xff,0xff,0xff,0xff,0xff,
  0x9e,0x00,0x00,0x00,0x00,0x00,0x00,0xf8,0xff,0xff,0xff,0xff,0xca,0x00,0x00,0x00,0x00,0x00,0x00,0x00,0x00,0x00,0x00,0x35,
  0xff,0xff,0xff,0xff,0xff,0x91,0x00,0x00,0x00,0x00,0x00,0x00,0xdf,0xff,0xff,0xff,0xff,0xf4,0x06,0x00,0x00,0x00,0x00,0x00,
  0x00,0x00,0x00,0x00,0x59,0xff,0xff,0xff,0xff,0xff,0x7b,0x00,0x00,0x00,0x00,0x00,0x00,0xbb,0xff,0xff,0xff,0xff,0xff,0x64,
  0x00,0x00,0x00,0x00,0x00,0x00,0x00,0x00,0x00,0xb0,0xff,0xff,0xff,0xff,0xff,0x5a,0x00,0x00,0x00,0x00,0x00,0x00,0x86,0xff,
  0xff,0xff,0xff,0xff,0xf1,0x35,0x00,0x00,0x00,0x00,0x00,0x00,0x00,0x61,0xff,0xff,0xff,0xff,0xff,0xff,0x23,0x00,0x00,0x00,
  0x00,0x00,0x00,0x2c,0xff,0xff,0xff,0xff,0xff,0xff,0xf9,0x90,0x39,0x0e,0x03,0x10,0x3d,0x9b,0xfd,0xff,0xff,0xff,0xff,0xff,
  0xcc,0x00,0x00,0x00,0x00,0x00,0x00,0x00,0x00,0xac,0xff,0xff,0xff,0xff,0xff,0xff,0xff,0xff,0xff,0xff,0xff,0xff,0xff,0xff,
  0xff,0xff,0xff,0xff,0xff,0x5a,0x00,0x00,0x00,0x00,0x00,0x00,0x00,0x00,0x16,0xe4,0xff,0xff,0xff,0xff,0xff,0xff,0xff,0xff,
  0xff,0xff,0xff,0xff,0xff,0xff,0xff,0xff,0xff,0xb2,0x00,0x00,0x00,0x00,0x00,0x00,0x00,0x00,0x00,0x00,0x20,0xdc,0xff,0xff,
  0xff,0xff,0xff,0xff,0xff,0xff,0xff,0xff,0xff,0xff,0xff,0xff,0xff,0xb1,0x09,0x00,0x00,0x00,0x00,0x00,0x00,0x00,0x00,0x00,
  0x00,0x00,0x0e,0x8b,0xf9,0xff,0xff,0xff,0xff,0xff,0xff,0xff,0xff,0xff,0xff,0xff,0xe7,0x69,0x03,0x00,0x00,0x00,0x00,0x00,
  0x00,0x00,0x00,0x00,0x00,0x00,0x00,0x00,0x00,0x1a,0x6e,0xa9,0xd1,0xeb,0xf8,0xfe,0xf9,0xeb,0xce,0xa0,0x5b,0x0a,0x00,0x00,
  0x00,0x00,0x00,0x00,0x00,0x00,0x00,0x00,0x00,0x00,0x00,0x00,0x00,0x00,0x00,0x00,0x00,0x64,0xff,0xff,0xff,0xff,0xff,0x5d,
  0x00,0x00,0x00,0x00,0x00,0x00,0x00,0x00,0x00,0x00,0x00,0x00,0x00,0x00,0x00,0x00,0x00,0x00,0x00,0x00,0x00,0x1f,0xf2,0xff,
  0xff,0xff,0xff,0xff,0xef,0x1b,0x00,0x00,0x00,0x00,0x00,0x00,0x00,0x00,0x00,0x00,0x00,0x00,0x00,0x00,0x00,0x00,0x00,0x00,
  0x00,0x01,0xbf,0xff,0xff,0xff,0xff,0xff,0xff,0xff,0xb6,0x00,0x00,0x00,0x00,0x00,0x00,0x00,0x00,0x00,0x00,0x00,0x00,0x00,
  0x00,0x00,0x00,0x00,0x00,0x00,0x70,0xff,0xff,0xff,0xef,0x5a,0xfb,0xff,0xff,0xff,0x63,0x00,0x00,0x00,0x00,0x00,0x00,0x00,
  0x00,0x00,0x00,0x00,0x00,0x00,0x00,0x00,0x00,0x00,0x27,0xf6,0xff,0xff,0xff,0x59,0x00,0x76,0xff,0xff,0xff,0xf1,0x1e,0x00,
  0x00,0x00,0x00,0x00,0x00,0x00,0x00,0x00,0x00,0x00,0x00,0x00,0x00,0x00,0x03,0xc9,0xff,0xff,0xff,0xa5,0x00,0x00,0x01,0xb3,
  0xff,0xff,0xff,0xbc,0x01,0x00,0x00,0x00,0x00,0x00,0x00,0x00,0x00,0x00,0x00,0x00,0x00,0x00,0x00,0x00,0x00,0x00,0x00,0x00,
  0x00,0x00,0x00,0x00,0x00,0x00,0x00,0x00,0x00,0x00,0x00,0x00,0x00,0x00,0x00,0x00,0x00,0x00,0x00,0x00,0x00,0x00,0x00,0x00,
  0x00,0x00,0x00,0x00,0x00,0x00,0x00,0x00,0x00,0x00,0x00,0x00,0x00,0x00,0x00,0x00,0x00,0x00,0x00,0x00,0x00,0x00,0x00,0x00,
  0x20,0xff,0xff,0xff,0xff,0xff,0xa8,0x00,0x00,0x00,0x00,0x00,0x00,0x00,0x00,0x00,0x00,0x14,0xff,0xff,0xff,0xff,0xff,0xb4,
  0x00,0x00,0x00,0x00,0x00,0x20,0xff,0xff,0xff,0xff,0xff,0xa8,0x00,0x00,0x00,0x00,0x00,0x00,0x00,0x00,0x00,0x00,0x14,0xff,
  0xff,0xff,0xff,0xff,0xb4,0x00,0x00,0x00,0x00,0x00,0x20,0xff,0xff,0xff,0xff,0xff,0xa8,0x00,0x00,0x00,0x00,0x00,0x00,0x00,
  0x00,0x00,0x00,0x14,0xff,0xff,0xff,0xff,0xff,0xb4,0x00,0x00,0x00,0x00,0x00,0x20,0xff,0xff,0xff,0xff,0xff,0xa8,0x00,0x00,
  0x00,0x00,0x00,0x00,0x00,0x00,0x00,0x00,0x14,0xff,0xff,0xff,0xff,0xff,0xb4,0x00,0x00,0x00,0x00,0x00,0x20,0xff,0xff,0xff,
  0xff,0xff,0xa8,0x00,0x00,0x00,0x00,0x00,0x00,0x00,0x00,0x00,0x00,0x14,0xff,0xff,0xff,0xff,0xff,0xb4,0x00,0x00,0x00,0x00,
  0x00,0x20,0xff,0xff,0xff,0xff,0xff,0xa8,0x00,0x00,0x00,0x00,0x00,0x00,0x00,0x00,0x00,0x00,0x14,0xff,0xff,0xff,0xff,0xff,
  0xb4,0x00,0x00,0x00,0x00,0x00,0x20,0xff,0xff,0xff,0xff,0xff,0xa8,0x00,0x00,0x00,0x00,0x00,0x00,0x00,0x00,0x00,0x00,0x14,
  0xff,0xff,0xff,0xff,0xff,0xb4,0x00,0x00,0x00,0x00,0x00,0x20,0xff,0xff,0xff,0xff,0xff,0xa8,0x00,0x00,0x00,0x00,0x00,0x00,
  0x00,0x00,0x00,0x00,0x14,0xff,0xff,0xff,0xff,0xff,0xb4,0x00,0x00,0x00,0x00,0x00,0x20,0xff,0xff,0xff,0xff,0xff,0xa8,0x00,
  0x00,0x00,0x00,0x00,0x00,0x00,0x00,0x00,0x00,0x14,0xff,0xff,0xff,0xff,0xff,0xb4,0x00,0x00,0x00,0x00,0x00,0x20,0xff,0xff,
  0xff,0xff,0xff,0xa8,0x00,0x00,0x00,0x00,0x00,0x00,0x00,0x00,0x00,0x00,0x14,0xff,0xff,0xff,0xff,0xff,0xb4,0x00,0x00,0x00,
  0x00,0x00,0x20,0xff,0xff,0xff,0xff,0xff,0xa8,0x00,0x00,0x00,0x00,0x00,0x00,0x00,0x00,0x00,0x00,0x14,0xff,0xff,0xff,0xff,
  0xff,0xb4,0x00,0x00,0x00,0x00,0x00,0x20,0xff,0xff,0xff,0xff,0xff,0xa8,0x00,0x00,0x00,0x00,0x00,0x00,0x00,0x00,0x00,0x00,
  0x14,0xff,0xff,0xff,0xff,0xff,0xb4,0x00,0x00,0x00,0x00,0x00,0x20,0xff,0xff,0xff,0xff,0xff,0xa8,0x00,0x00,0x00,0x00,0x00,
  0x00,0x00,0x00,0x00,0x00,0x14,0xff,0xff,0xff,0xff,0xff,0xb4,0x00,0x00,0x00,0x00,0x00,0x20,0xff,0xff,0xff,0xff,0xff,0xa8,
  0x00,0x00,0x00,0x00,0x00,0x00,0x00,0x00,0x00,0x00,0x14,0xff,0xff,0xff,0xff,0xff,0xb4,0x00,0x00,0x00,0x00,0x00,0x20,0xff,
  0xff,0xff,0xff,0xff,0xa8,0x00,0x00,0x00,0x00,0x00,0x00,0x00,0x00,0x00,0x00,0x14,0xff,0xff,0xff,0xff,0xff,0xb3,0x00,0x00,
  0x00,0x00,0x00,0x1e,0xff,0xff,0xff,0xff,0xff,0xa8,0x00,0x00,0x00,0x00,0x00,0x00,0x00,0x00,0x00,0x00,0x14,0xff,0xff,0xff,
  0xff,0xff,0xb1,0x00,0x00,0x00,0x00,0x00,0x1b,0xff,0xff,0xff,0xff,0xff,0xa9,0x00,0x00,0x00,0x00,0x00,0x00,0x00,0x00,0x00,
  0x00,0x16,0xff,0xff,0xff,0xff,0xff,0xae,0x00,0x00,0x00,0x00,0x00,0x15,0xff,0xff,0xff,0xff,0xff,0xae,0x00,0x00,0x00,0x00,
  0x00,0x00,0x00,0x00,0x00,0x00,0x1a,0xff,0xff,0xff,0xff,0xff,0xa9,0x00,0x00,0x00,0x00,0x00,0x09,0xff,0xff,0xff,0xff,0xff,
  0xb7,0x00,0x00,0x00,0x00,0x00,0x00,0x00,0x00,0x00,0x00,0x24,0xff,0xff,0xff,0xff,0xff,0x9e,0x00,0x00,0x00,0x00,0x00,0x00,
  0xf8,0xff,0xff,0xff,0xff,0xca,0x00,0x00,0x00,0x00,0x00,0x00,0x00,0x00,0x00,0x00,0x35,0xff,0xff,0xff,0xff,0xff,0x91,0x00,
  0x00,0x00,0x00,0x00,0x00,0xdf,0xff,0xff,0xff,0xff,0xf4,0x06,0x00,0x00,0x00,0x00,0x00,0x00,0x00,0x00,0x00,0x59,0xff,0xff,
  0xff,0xff,0xff,0x7b,0x00,0x00,0x00,0x00,0x00,0x00,0xbb,0xff,0xff,0xff,0xff,0xff,0x64,0x00,0x00,0x00,0x00,0x00,0x00,0x00,
  0x00,0x00,0xb0,0xff,0xff,0xff,0xff,0xff,0x5a,0x00,0x00,0x00,0x00,0x00,0x00,0x86,0xff,0xff,0xff,0xff,0xff,0xf1,0x35,0x00,
  0x00,0x00,0x00,0x00,0x00,0x00,0x61,0xff,0xff,0xff,0xff,0xff,0xff,0x23,0x00,0x00,0x00,0x00,0x00,0x00,0x2c,0xff,0xff,0xff,
  0xff,0xff,0xff,0xf9,0x90,0x39,0x0e,0x03,0x10,0x3d,0x9b,0xfd,0xff,0xff,0xff,0xff,0xff,0xcc,0x00,0x00,0x00,0x00,0x00,0x00,
  0x00,0x00,0xac,0xff,0xff,0xff,0xff,0xff,0xff,0xff,0xff,0xff,0xff,0xff,0xff,0xff,0xff,0xff,0xff,0xff,0xff,0xff,0x5a,0x00,
  0x00,0x00,0x00,0x00,0x00,0x00,0x00,0x16,0xe4,0xff,0xff,0xff,0xff,0xff,0xff,0xff,0xff,0xff,0xff,0xff,0xff,0xff,0xff,0xff,
  0xff,0xff,0xb2,0x00,0x00,0x00,0x00,0x00,0x00,0x00,0x00,0x00,0x00,0x20,0xdc,0xff,0xff,0xff,0xff,0xff,0xff,0xff,0xff,0xff,
  0xff,0xff,0xff,0xff,0xff,0xff,0xb1,0x09,0x00,0x00,0x00,0x00,0x00,0x00,0x00,0x00,0x00,0x00,0x00,0x0e,0x8b,0xf9,0xff,0xff,
  0xff,0xff,0xff,0xff,0xff,0xff,0xff,0xff,0xff,0xe7,0x69,0x03,0x00,0x00,0x00,0x00,0x00,0x00,0x00,0x00,0x00,0x00,0x00,0x00,
  0x00,0x00,0x1a,0x6e,0xa9,0xd1,0xeb,0xf8,0xfe,0xf9,0xeb,0xce,0xa0,0x5b,0x0a,0x00,0x00,0x00,0x00,0x00,0x00,0x00,0x00,0x00,
  0x00,0x00,0x00,0x00,0x00,0x00,0x34,0xff,0xff,0xff,0xff,0x84,0x00,0x00,0x00,0xcc,0xff,0xff,0xff,0xec,0x00,0x00,0x00,0x00,
  0x00,0x00,0x00,0x00,0x00,0x00,0x00,0x00,0x00,0x00,0x00,0x34,0xff,0xff,0xff,0xff,0x84,0x00,0x00,0x00,0xcc,0xff,0xff,0xff,
  0xec,0x00,0x00,0x00,0x00,0x00,0x00,0x00,0x00,0x00,0x00,0x00,0x00,0x00,0x00,0x00,0x34,0xff,0xff,0xff,0xff,0x84,0x00,0x00,
  0x00,0xcc,0xff,0xff,0xff,0xec,0x00,0x00,0x00,0x00,0x00,0x00,0x00,0x00,0x00,0x00,0x00,0x00,0x00,0x00,0x00,0x34,0xff,0xff,
  0xff,0xff,0x84,0x00,0x00,0x00,0xcc,0xff,0xff,0xff,0xec,0x00,0x00,0x00,0x00,0x00,0x00,0x00,0x00,0x00,0x00,0x00,0x00,0x00,
  0x00,0x00,0x00,0x00,0x00,0x00,0x00,0x00,0x00,0x00,0x00,0x00,0x00,0x00,0x00,0x00,0x00,0x00,0x00,0x00,0x00,0x00,0x00,0x00,
  0x00,0x00,0x00,0x00,0x00,0x00,0x00,0x00,0x00,0x00,0x00,0x00,0x00,0x00,0x00,0x00,0x00,0x00,0x00,0x00,0x00,0x00,0x00,0x00,
  0x00,0x00,0x00,0x00,0x00,0x00,0x00,0x20,0xff,0xff,0xff,0xff,0xff,0xa8,0x00,0x00,0x00,0x00,0x00,0x00,0x00,0x00,0x00,0x00,
  0x14,0xff,0xff,0xff,0xff,0xff,0xb4,0x00,0x00,0x00,0x00,0x00,0x20,0xff,0xff,0xff,0xff,0xff,0xa8,0x00,0x00,0x00,0x00,0x00,
  0x00,0x00,0x00,0x00,0x00,0x14,0xff,0xff,0xff,0xff,0xff,0xb4,0x00,0x00,0x00,0x00,0x00,0x20,0xff,0xff,0xff,0xff,0xff,0xa8,
  0x00,0x00,0x00,0x00,0x00,0x00,0x00,0x00,0x00,0x00,0x14,0xff,0xff,0xff,0xff,0xff,0xb4,0x00,0x00,0x00,0x00,0x00,0x20,0xff,
  0xff,0xff,0xff,0xff,0xa8,0x00,0x00,0x00,0x00,0x00,0x00,0x00,0x00,0x00,0x00,0x14,0xff,0xff,0xff,0xff,0xff,0xb4,0x00,0x00,
  0x00,0x00,0x00,0x20,0xff,0xff,0xff,0xff,0xff,0xa8,0x00,0x00,0x00,0x00,0x00,0x00,0x00,0x00,0x00,0x00,0x14,0xff,0xff,0xff,
  0xff,0xff,0xb4,0x00,0x00,0x00,0x00,0x00,0x20,0xff,0xff,0xff,0xff,0xff,0xa8,0x00,0x00,0x00,0x00,0x00,0x00,0x00,0x00,0x00,
  0x00,0x14,0xff,0xff,0xff,0xff,0xff,0xb4,0x00,0x00,0x00,0x00,0x00,0x20,0xff,0xff,0xff,0xff,0xff,0xa8,0x00,0x00,0x00,0x00,
  0x00,0x00,0x00,0x00,0x00,0x00,0x14,0xff,0xff,0xff,0xff,0xff,0xb4,0x00,0x00,0x00,0x00,0x00,0x20,0xff,0xff,0xff,0xff,0xff,
  0xa8,0x00,0x00,0x00,0x00,0x00,0x00,0x00,0x00,0x00,0x00,0x14,0xff,0xff,0xff,0xff,0xff,0xb4,0x00,0x00,0x00,0x00,0x00,0x20,
  0xff,0xff,0xff,0xff,0xff,0xa8,0x00,0x00,0x00,0x00,0x00,0x00,0x00,0x00,0x00,0x00,0x14,0xff,0xff,0xff,0xff,0xff,0xb4,0x00,
  0x00,0x00,0x00,0x00,0x20,0xff,0xff,0xff,0xff,0xff,0xa8,0x00,0x00,0x00,0x00,0x00,0x00,0x00,0x00,0x00,0x00,0x14,0xff,0xff,
  0xff,0xff,0xff,0xb4,0x00,0x00,0x00,0x00,0x00,0x20,0xff,0xff,0xff,0xff,0xff,0xa8,0x00,0x00,0x00,0x00,0x00,0x00,0x00,0x00,
  0x00,0x00,0x14,0xff,0xff,0xff,0xff,0xff,0xb4,0x00,0x00,0x00,0x00,0x00,0x20,0xff,0xff,0xff,0xff,0xff,0xa8,0x00,0x00,0x00,
  0x00,0x00,0x00,0x00,0x00,0x00,0x00,0x14,0xff,0xff,0xff,0xff,0xff,0xb4,0x00,0x00,0x00,0x00,0x00,0x20,0xff,0xff,0xff,0xff,
  0xff,0xa8,0x00,0x00,0x00,0x00,0x00,0x00,0x00,0x00,0x00,0x00,0x14,0xff,0xff,0xff,0xff,0xff,0xb4,0x00,0x00,0x00,0x00,0x00,
  0x20,0xff,0xff,0xff,0xff,0xff,0xa8,0x00,0x00,0x00,0x00,0x00,0x00,0x00,0x00,0x00,0x00,0x14,0xff,0xff,0xff,0xff,0xff,0xb4,
  0x00,0x00,0x00,0x00,0x00,0x20,0xff,0xff,0xff,0xff,0xff,0xa8,0x00,0x00,0x00,0x00,0x00,0x00,0x00,0x00,0x00,0x00,0x14,0xff,
  0xff,0xff,0xff,0xff,0xb3,0x00,0x00,0x00,0x00,0x00,0x1e,0xff,0xff,0xff,0xff,0xff,0xa8,0x00,0x00,0x00,0x00,0x00,0x00,0x00,
  0x00,0x00,0x00,0x14,0xff,0xff,0xff,0xff,0xff,0xb1,0x00,0x00,0x00,0x00,0x00,0x1b,0xff,0xff,0xff,0xff,0xff,0xa9,0x00,0x00,
  0x00,0x00,0x00,0x00,0x00,0x00,0x00,0x00,0x16,0xff,0xff,0xff,0xff,0xff,0xae,0x00,0x00,0x00,0x00,0x00,0x15,0xff,0xff,0xff,
  0xff,0xff,0xae,0x00,0x00,0x00,0x00,0x00,0x00,0x00,0x00,0x00,0x00,0x1a,0xff,0xff,0xff,0xff,0xff,0xa9,0x00,0x00,0x00,0x00,
  0x00,0x09,0xff,0xff,0xff,0xff,0xff,0xb7,0x00,0x00,0x00,0x00,0x00,0x00,0x00,0x00,0x00,0x00,0x24,0xff,0xff,0xff,0xff,0xff,
  0x9e,0x00,0x00,0x00,0x00,0x00,0x00,0xf8,0xff,0xff,0xff,0xff,0xca,0x00,0x00,0x00,0x00,0x00,0x00,0x00,0x00,0x00,0x00,0x35,
  0xff,0xff,0xff,0xff,0xff,0x91,0x00,0x00,0x00,0x00,0x00,0x00,0xdf,0xff,0xff,0xff,0xff,0xf4,0x06,0x00,0x00,0x00,0x00,0x00,
  0x00,0x00,0x00,0x00,0x59,0xff,0xff,0xff,0xff,0xff,0x7b,0x00,0x00,0x00,0x00,0x00,0x00,0xbb,0xff,0xff,0xff,0xff,0xff,0x64,
  0x00,0x00,0x00,0x00,0x00,0x00,0x00,0x00,0x00,0xb0,0xff,0xff,0xff,0xff,0xff,0x5a,0x00,0x00,0x00,0x00,0x00,0x00,0x86,0xff,
  0xff,0xff,0xff,0xff,0xf1,0x35,0x00,0x00,0x00,0x00,0x00,0x00,0x00,0x61,0xff,0xff,0xff,0xff,0xff,0xff,0x23,0x00,0x00,0x00,
  0x00,0x00,0x00,0x2c,0xff,0xff,0xff,0xff,0xff,0xff,0xf9,0x90,0x39,0x0e,0x03,0x10,0x3d,0x9b,0xfd,0xff,0xff,0xff,0xff,0xff,
  0xcc,0x00,0x00,0x00,0x00,0x00,0x00,0x00,0x00,0xac,0xff,0xff,0xff,0xff,0xff,0xff,0xff,0xff,0xff,0xff,0xff,0xff,0xff,0xff,
  0xff,0xff,0xff,0xff,0xff,0x5a,0x00,0x00,0x00,0x00,0x00,0x00,0x00,0x00,0x16,0xe4,0xff,0xff,0xff,0xff,0xff,0xff,0xff,0xff,
  0xff,0xff,0xff,0xff,0xff,0xff,0xff,0xff,0xff,0xb2,0x00,0x00,0x00,0x00,0x00,0x00,0x00,0x00,0x00,0x00,0x20,0xdc,0xff,0xff,
  0xff,0xff,0xff,0xff,0xff,0xff,0xff,0xff,0xff,0xff,0xff,0xff,0xff,0xb1,0x09,0x00,0x00,0x00,0x00,0x00,0x00,0x00,0x00,0x00,
  0x00,0x00,0x0e,0x8b,0xf9,0xff,0xff,0xff,0xff,0xff,0xff,0xff,0xff,0xff,0xff,0xff,0xe7,0x69,0x03,0x00,0x00,0x00,0x00,0x00,
  0x00,0x00,0x00,0x00,0x00,0x00,0x00,0x00,0x00,0x1a,0x6e,0xa9,0xd1,0xeb,0xf8,0xfe,0xf9,0xeb,0xce,0xa0,0x5b,0x0a,0x00,0x00,
  0x00,0x00,0x00,0x00,0x00,0x00,0x00,0x00,0x00,0x00,0x00,0x00,0x00,0x00,0x00,0x00,0x00,0x00,0x02,0xdb,0xff,0xff,0xff,0xff,
  0xeb,0x25,0x00,0x00,0x00,0x00,0x00,0x00,0x00,0x00,0x00,0x00,0x00,0x00,0x00,0x00,0x00,0x00,0x00,0x00,0x00,0x00,0x50,0xff,
  0xff,0xff,0xff,0xf5,0x36,0x00,0x00,0x00,0x00,0x00,0x00,0x00,0x00,0x00,0x00,0x00,0x00,0x00,0x00,0x00,0x00,0x00,0x00,0x00,
  0x00,0x00,0xc3,0xff,0xff,0xff,0xfb,0x4a,0x00,0x00,0x00,0x00,0x00,0x00,0x00,0x00,0x00,0x00,0x00,0x00,0x00,0x00,0x00,0x00,
  0x00,0x00,0x00,0x00,0x00,0x35,0xff,0xff,0xff,0xff,0x61,0x00,0x00,0x00,0x00,0x00,0x00,0x00,0x00,0x00,0x00,0x00,0x00,0x00,
  0x00,0x00,0x00,0x00,0x00,0x00,0x00,0x00,0x00,0xa8,0xff,0xff,0xff,0x7b,0x00,0x00,0x00,0x00,0x00,0x00,0x00,0x00,0x00,0x00,
  0x00,0x00,0x00,0x00,0x00,0x00,0x00,0x00,0x00,0x00,0x00,0x00,0x1e,0xfb,0xff,0xff,0x96,0x00,0x00,0x00,0x00,0x00,0x00,0x00,
  0x00,0x00,0x00,0x00,0x00,0x00,0x00,0x00,0x00,0x00,0x00,0x00,0x00,0x00,0x00,0x00,0x00,0x00,0x00,0x00,0x00,0x00,0x00,0x00,
  0x00,0x00,0x00,0x00,0x00,0x00,0x00,0x00,0x00,0x00,0x00,0x00,0x00,0x00,0x00,0x00,0x00,0x00,0x00,0x00,0x00,0x00,0x00,0x00,
  0x00,0x00,0x00,0x00,0x00,0x00,0x00,0x00,0x00,0x00,0x00,0x00,0x00,0x00,0x00,0xbf,0xff,0xff,0xff,0xff,0xff,0xee,0x13,0x00,
  0x00,0x00,0x00,0x00,0x00,0x00,0x00,0x00,0x00,0x00,0x3a,0xff,0xff,0xff,0xff,0xff,0xff,0x67,0x00,0x27,0xf8,0xff,0xff,0xff,
  0xff,0xff,0x96,0x00,0x00,0x00,0x00,0x00,0x00,0x00,0x00,0x00,0x00,0x01,0xca,0xff,0xff,0xff,0xff,0xff,0xc5,0x01,0x00,0x00,
  0x80,0xff,0xff,0xff,0xff,0xff,0xfc,0x2f,0x00,0x00,0x00,0x00,0x00,0x00,0x00,0x00,0x00,0x5e,0xff,0xff,0xff,0xff,0xff,0xfa,
  0x2c,0x00,0x00,0x00,0x07,0xd8,0xff,0xff,0xff,0xff,0xff,0xc0,0x00,0x00,0x00,0x00,0x00,0x00,0x00,0x00,0x0b,0xe4,0xff,0xff,
  0xff,0xff,0xff,0x87,0x00,0x00,0x00,0x00,0x00,0x40,0xff,0xff,0xff,0xff,0xff,0xff,0x55,0x00,0x00,0x00,0x00,0x00,0x00,0x00,
  0x82,0xff,0xff,0xff,0xff,0xff,0xdd,0x09,0x00,0x00,0x00,0x00,0x00,0x00,0xa0,0xff,0xff,0xff,0xff,0xff,0xe1,0x09,0x00,0x00,
  0x00,0x00,0x00,0x1d,0xf6,0xff,0xff,0xff,0xff,0xff,0x46,0x00,0x00,0x00,0x00,0x00,0x00,0x00,0x14,0xec,0xff,0xff,0xff,0xff,
  0xff,0x7f,0x00,0x00,0x00,0x00,0x00,0xa6,0xff,0xff,0xff,0xff,0xff,0xa6,0x00,0x00,0x00,0x00,0x00,0x00,0x00,0x00,0x00,0x60,
  0xff,0xff,0xff,0xff,0xff,0xf6,0x1e,0x00,0x00,0x00,0x39,0xff,0xff,0xff,0xff,0xff,0xef,0x17,0x00,0x00,0x00,0x00,0x00,0x00,
  0x00,0x00,0x00,0x00,0xbf,0xff,0xff,0xff,0xff,0xff,0xa9,0x00,0x00,0x01,0xc9,0xff,0xff,0xff,0xff,0xff,0x66,0x00,0x00,0x00,
  0x00,0x00,0x00,0x00,0x00,0x00,0x00,0x00,0x27,0xf8,0xff,0xff,0xff,0xff,0xff,0x3e,0x00,0x5d,0xff,0xff,0xff,0xff,0xff,0xc4,
  0x01,0x00,0x00,0x00,0x00,0x00,0x00,0x00,0x00,0x00,0x00,0x00,0x00,0x80,0xff,0xff,0xff,0xff,0xff,0xd0,0x0d,0xe4,0xff,0xff,
  0xff,0xff,0xfa,0x2b,0x00,0x00,0x00,0x00,0x00,0x00,0x00,0x00,0x00,0x00,0x00,0x00,0x00,0x07,0xd8,0xff,0xff,0xff,0xff,0xff,
  0xce,0xff,0xff,0xff,0xff,0xff,0x85,0x00,0x00,0x00,0x00,0x00,0x00,0x00,0x00,0x00,0x00,0x00,0x00,0x00,0x00,0x00,0x40,0xff,
  0xff,0xff,0xff,0xff,0xff,0xff,0xff,0xff,0xff,0xdc,0x08,0x00,0x00,0x00,0x00,0x00,0x00,0x00,0x00,0x00,0x00,0x00,0x00,0x00,
  0x00,0x00,0x00,0xa0,0xff,0xff,0xff,0xff,0xff,0xff,0xff,0xff,0xff,0x45,0x00,0x00,0x00,0x00,0x00,0x00,0x00,0x00,0x00,0x00,
  0x00,0x00,0x00,0x00,0x00,0x00,0x00,0x14,0xec,0xff,0xff,0xff,0xff,0xff,0xff,0xff,0xa4,0x00,0x00,0x00,0x00,0x00,0x00,0x00,
  0x00,0x00,0x00,0x00,0x00,0x00,0x00,0x00,0x00,0x00,0x00,0x00,0x60,0xff,0xff,0xff,0xff,0xff,0xff,0xee,0x16,0x00,0x00,0x00,
  0x00,0x00,0x00,0x00,0x00,0x00,0x00,0x00,0x00,0x00,0x00,0x00,0x00,0x00,0x00,0x00,0x00,0xc2,0xff,0xff,0xff,0xff,0xff,0x66,
  0x00,0x00,0x00,0x00,0x00,0x00,0x00,0x00,0x00,0x00,0x00,0x00,0x00,0x00,0x00,0x00,0x00,0x00,0x00,0x00,0x00,0x90,0xff,0xff,
  0xff,0xff,0xff,0x30,0x00,0x00,0x00,0x00,0x00,0x00,0x00,0x00,0x00,0x00,0x00,0x00,0x00,0x00,0x00,0x00,0x00,0x00,0x00,0x00,
  0x00,0x90,0xff,0xff,0xff,0xff,0xff,0x30,0x00,0x00,0x00,0x00,0x00,0x00,0x00,0x00,0x00,0x00,0x00,0x00,0x00,0x00,0x00,0x00,
  0x00,0x00,0x00,0x00,0x00,0x90,0xff,0xff,0xff,0xff,0xff,0x30,0x00,0x00,0x00,0x00,0x00,0x00,0x00,0x00,0x00,0x00,0x00,0x00,
  0x00,0x00,0x00,0x00,0x00,0x00,0x00,0x00,0x00,0x90,0xff,0xff,0xff,0xff,0xff,0x30,0x00,0x00,0x00,0x00,0x00,0x00,0x00,0x00,
  0x00,0x00,0x00,0x00,0x00,0x00,0x00,0x00,0x00,0x00,0x00,0x00,0x00,0x90,0xff,0xff,0xff,0xff,0xff,0x30,0x00,0x00,0x00,0x00,
  0x00,0x00,0x00,0x00,0x00,0x00,0x00,0x00,0x00,0x00,0x00,0x00,0x00,0x00,0x00,0x00,0x00,0x90,0xff,0xff,0xff,0xff,0xff,0x30,
  0x00,0x00,0x00,0x00,0x00,0x00,0x00,0x00,0x00,0x00,0x00,0x00,0x00,0x00,0x00,0x00,0x00,0x00,0x00,0x00,0x00,0x90,0xff,0xff,
  0xff,0xff,0xff,0x30,0x00,0x00,0x00,0x00,0x00,0x00,0x00,0x00,0x00,0x00,0x00,0x00,0x00,0x00,0x00,0x00,0x00,0x00,0x00,0x00,
  0x00,0x90,0xff,0xff,0xff,0xff,0xff,0x30,0x00,0x00,0x00,0x00,0x00,0x00,0x00,0x00,0x00,0x00,0x00,0x00,0x00,0x00,0x00,0x00,
  0x00,0x00,0x00,0x00,0x00,0x90,0xff,0xff,0xff,0xff,0xff,0x30,0x00,0x00,0x00,0x00,0x00,0x00,0x00,0x00,0x00,0x00,0x00,0x00,
  0x00,0x00,0x00,0x00,0x00,0x00,0x00,0x00,0x00,0x90,0xff,0xff,0xff,0xff,0xff,0x30,0x00,0x00,0x00,0x00,0x00,0x00,0x00,0x00,
  0x00,0x00,0x00,0x00,0x00,0x00,0x00,0x00,0x00,0x00,0x00,0x00,0x00,0x90,0xff,0xff,0xff,0xff,0xff,0x30,0x00,0x00,0x00,0x00,
  0x00,0x00,0x00,0x00,0x00,0x00,0x00,0x00,0x00,0x00,0x00,0x00,0x00,0x00,0x00,0x00,0x00,0x90,0xff,0xff,0xff,0xff,0xff,0x30,
  0x00,0x00,0x00,0x00,0x00,0x00,0x00,0x00,0x00,0x00,0x00,0x00,0x18,0xff,0xff,0xff,0xff,0xff,0xb0,0x00,0x00,0x00,0x00,0x00,
  0x00,0x00,0x00,0x00,0x00,0x00,0x00,0x00,0x00,0x00,0x00,0x00,0x00,0x00,0x00,0x18,0xff,0xff,0xff,0xff,0xff,0xb0,0x00,0x00,
  0x00,0x00,0x00,0x00,0x00,0x00,0x00,0x00,0x00,0x00,0x00,0x00,0x00,0x00,0x00,0x00,0x00,0x00,0x18,0xff,0xff,0xff,0xff,0xff,
  0xb0,0x00,0x00,0x00,0x00,0x00,0x00,0x00,0x00,0x00,0x00,0x00,0x00,0x00,0x00,0x00,0x00,0x00,0x00,0x00,0x00,0x18,0xff,0xff,
  0xff,0xff,0xff,0xb0,0x00,0x00,0x00,0x00,0x00,0x00,0x00,0x00,0x00,0x00,0x00,0x00,0x00,0x00,0x00,0x00,0x00,0x00,0x00,0x00,
  0x18,0xff,0xff,0xff,0xff,0xff,0xb0,0x00,0x00,0x00,0x00,0x00,0x00,0x00,0x00,0x00,0x00,0x00,0x00,0x00,0x00,0x00,0x00,0x00,
  0x00,0x00,0x00,0x18,0xff,0xff,0xff,0xff,0xff,0xff,0xff,0xff,0xff,0xfe,0xfb,0xf7,0xed,0xe1,0xca,0xa7,0x61,0x0a,0x00,0x00,
  0x00,0x00,0x00,0x00,0x00,0x00,0x18,0xff,0xff,0xff,0xff,0xff,0xff,0xff,0xff,0xff,0xff,0xff,0xff,0xff,0xff,0xff,0xff,0xff,
  0xe4,0x49,0x00,0x00,0x00,0x00,0x00,0x00,0x00,0x18,0xff,0xff,0xff,0xff,0xff,0xff,0xff,0xff,0xff,0xff,0xff,0xff,0xff,0xff,
  0xff,0xff,0xff,0xff,0xfc,0x5c,0x00,0x00,0x00,0x00,0x00,0x00,0x18,0xff,0xff,0xff,0xff,0xff,0xff,0xff,0xff,0xff,0xff,0xff,
  0xff,0xff,0xff,0xff,0xff,0xff,0xff,0xff,0xf9,0x33,0x00,0x00,0x00,0x00,0x00,0x18,0xff,0xff,0xff,0xff,0xff,0xff,0xff,0xff,
  0xff,0xff,0xff,0xff,0xff,0xff,0xff,0xff,0xff,0xff,0xff,0xff,0xc7,0x00,0x00,0x00,0x00,0x00,0x18,0xff,0xff,0xff,0xff,0xff,
  0xb0,0x00,0x00,0x00,0x04,0x09,0x15,0x2d,0x68,0xe8,0xff,0xff,0xff,0xff,0xff,0xff,0x34,0x00,0x00,0x00,0x00,0x18,0xff,0xff,
  0xff,0xff,0xff,0xb0,0x00,0x00,0x00,0x00,0x00,0x00,0x00,0x00,0x26,0xf0,0xff,0xff,0xff,0xff,0xff,0x81,0x00,0x00,0x00,0x00,
  0x18,0xff,0xff,0xff,0xff,0xff,0xb0,0x00,0x00,0x00,0x00,0x00,0x00,0x00,0x00,0x00,0x84,0xff,0xff,0xff,0xff,0xff,0xb2,0x00,
  0x00,0x00,0x00,0x18,0xff,0xff,0xff,0xff,0xff,0xb0,0x00,0x00,0x00,0x00,0x00,0x00,0x00,0x00,0x00,0x39,0xff,0xff,0xff,0xff,
  0xff,0xc9,0x00,0x00,0x00,0x00,0x18,0xff,0xff,0xff,0xff,0xff,0xb0,0x00,0x00,0x00,0x00,0x00,0x00,0x00,0x00,0x00,0x24,0xff,
  0xff,0xff,0xff,0xff,0xd2,0x00,0x00,0x00,0x00,0x18,0xff,0xff,0xff,0xff,0xff,0xb0,0x00,0x00,0x00,0x00,0x00,0x00,0x00,0x00,
  0x00,0x41,0xff,0xff,0xff,0xff,0xff,0xbd,0x00,0x00,0x00,0x00,0x18,0xff,0xff,0xff,0xff,0xff,0xb0,0x00,0x00,0x00,0x00,0x00,
  0x00,0x00,0x00,0x00,0x8b,0xff,0xff,0xff,0xff,0xff,0xa5,0x00,0x00,0x00,0x00,0x18,0xff,0xff,0xff,0xff,0xff,0xb0,0x00,0x00,
  0x00,0x00,0x00,0x00,0x00,0x00,0x33,0xf5,0xff,0xff,0xff,0xff,0xff,0x6a,0x00,0x00,0x00,0x00,0x18,0xff,0xff,0xff,0xff,0xff,
  0xb0,0x00,0x00,0x00,0x01,0x04,0x0f,0x27,0x79,0xf1,0xff,0xff,0xff,0xff,0xff,0xfc,0x17,0x00,0x00,0x00,0x00,0x18,0xff,0xff,
  0xff,0xff,0xff,0xff,0xff,0xff,0xff,0xff,0xff,0xff,0xff,0xff,0xff,0xff,0xff,0xff,0xff,0xff,0x9d,0x00,0x00,0x00,0x00,0x00,
  0x18,0xff,0xff,0xff,0xff,0xff,0xff,0xff,0xff,0xff,0xff,0xff,0xff,0xff,0xff,0xff,0xff,0xff,0xff,0xff,0xe7,0x12,0x00,0x00,
  0x00,0x00,0x00,0x18,0xff,0xff,0xff,0xff,0xff,0xff,0xff,0xff,0xff,0xff,0xff,0xff,0xff,0xff,0xff,0xff,0xff,0xff,0xe8,0x2b,
  0x00,0x00,0x00,0x00,0x00,0x00,0x18,0xff,0xff,0xff,0xff,0xff,0xff,0xff,0xff,0xff,0xff,0xff,0xff,0xff,0xff,0xff,0xff,0xff,
  0xb1,0x1e,0x00,0x00,0x00,0x00,0x00,0x00,0x00,0x18,0xff,0xff,0xff,0xff,0xff,0xff,0xff,0xff,0xff,0xff,0xfc,0xf6,0xe8,0xd4,
  0xb5,0x83,0x2e,0x00,0x00,0x00,0x00,0x00,0x00,0x00,0x00,0x00,0x18,0xff,0xff,0xff,0xff,0xff,0xb0,0x00,0x00,0x00,0x00,0x00,
  0x00,0x00,0x00,0x00,0x00,0x00,0x00,0x00,0x00,0x00,0x00,0x00,0x00,0x00,0x00,0x18,0xff,0xff,0xff,0xff,0xff,0xb0,0x00,0x00,
  0x00,0x00,0x00,0x00,0x00,0x00,0x00,0x00,0x00,0x00,0x00,0x00,0x00,0x00,0x00,0x00,0x00,0x00,0x18,0xff,0xff,0xff,0xff,0xff,
  0xb0,0x00,0x00,0x00,0x00,0x00,0x00,0x00,0x00,0x00,0x00,0x00,0x00,0x00,0x00,0x00,0x00,0x00,0x00,0x00,0x00,0x18,0xff,0xff,
  0xff,0xff,0xff,0xb0,0x00,0x00,0x00,0x00,0x00,0x00,0x00,0x00,0x00,0x00,0x00,0x00,0x00,0x00,0x00,0x00,0x00,0x00,0x00,0x00,
  0x18,0xff,0xff,0xff,0xff,0xff,0xb0,0x00,0x00,0x00,0x00,0x00,0x00,0x00,0x00,0x00,0x00,0x00,0x00,0x00,0x00,0x00,0x00,0x00,
  0x00,0x00,0x00,0x00,0x00,0x00,0x00,0x08,0x62,0xaf,0xde,0xf5,0xfb,0xee,0xd2,0xa0,0x4b,0x03,0x00,0x00,0x00,0x00,0x00,0x00,
  0x00,0x00,0x00,0x00,0x00,0x00,0x47,0xe5,0xff,0xff,0xff,0xff,0xff,0xff,0xff,0xff,0xff,0xcb,0x25,0x00,0x00,0x00,0x00,0x00,
  0x00,0x00,0x00,0x00,0x00,0x57,0xfd,0xff,0xff,0xff,0xff,0xff,0xff,0xff,0xff,0xff,0xff,0xff,0xe5,0x1c,0x00,0x00,0x00,0x00,
  0x00,0x00,0x00,0x00,0x1d,0xf4,0xff,0xff,0xff,0xff,0xff,0xff,0xff,0xff,0xff,0xff,0xff,0xff,0xff,0xa8,0x00,0x00,0x00,0x00,
  0x00,0x00,0x00,0x00,0x8b,0xff,0xff,0xff,0xff,0xff,0x96,0x1d,0x0d,0x5c,0xf8,0xff,0xff,0xff,0xff,0xf9,0x0b,0x00,0x00,0x00,
  0x00,0x00,0x00,0x00,0xd6,0xff,0xff,0xff,0xff,0xbb,0x00,0x00,0x00,0x00,0x90,0xff,0xff,0xff,0xff,0xff,0x2a,0x00,0x00,0x00,
  0x00,0x00,0x00,0x08,0xfd,0xff,0xff,0xff,0xff,0x6b,0x00,0x00,0x00,0x00,0x7e,0xff,0xff,0xff,0xff,0xff,0x23,0x00,0x00,0x00,
  0x00,0x00,0x00,0x25,0xff,0xff,0xff,0xff,0xff,0x4c,0x00,0x00,0x00,0x00,0xba,0xff,0xff,0xff,0xff,0xeb,0x01,0x00,0x00,0x00,
  0x00,0x00,0x00,0x39,0xff,0xff,0xff,0xff,0xff,0x3c,0x00,0x00,0x00,0x29,0xfe,0xff,0xff,0xff,0xff,0x8f,0x00,0x00,0x00,0x00,
  0x00,0x00,0x00,0x43,0xff,0xff,0xff,0xff,0xff,0x36,0x00,0x00,0x00,0xa1,0xff,0xff,0xff,0xff,0xf6,0x1a,0x00,0x00,0x00,0x00,
  0x00,0x00,0x00,0x47,0xff,0xff,0xff,0xff,0xff,0x34,0x00,0x00,0x1c,0xfa,0xff,0xff,0xff,0xff,0x86,0x00,0x00,0x00,0x00,0x00,
  0x00,0x00,0x00,0x48,0xff,0xff,0xff,0xff,0xff,0x34,0x00,0x00,0x82,0xff,0xff,0xff,0xff,0xf5,0x10,0x00,0x00,0x00,0x00,0x00,
  0x00,0x00,0x00,0x48,0xff,0xff,0xff,0xff,0xff,0x34,0x00,0x00,0xd8,0xff,0xff,0xff,0xff,0xd0,0x00,0x00,0x00,0x00,0x00,0x00,
  0x00,0x00,0x00,0x48,0xff,0xff,0xff,0xff,0xff,0x34,0x00,0x03,0xfe,0xff,0xff,0xff,0xff,0xfa,0x25,0x00,0x00,0x00,0x00,0x00,
  0x00,0x00,0x00,0x48,0xff,0xff,0xff,0xff,0xff,0x34,0x00,0x00,0xd6,0xff,0xff,0xff,0xff,0xff,0xd6,0x14,0x00,0x00,0x00,0x00,
  0x00,0x00,0x00,0x48,0xff,0xff,0xff,0xff,0xff,0x34,0x00,0x00,0x5c,0xff,0xff,0xff,0xff,0xff,0xff,0xd0,0x13,0x00,0x00,0x00,
  0x00,0x00,0x00,0x48,0xff,0xff,0xff,0xff,0xff,0x34,0x00,0x00,0x00,0xa9,0xff,0xff,0xff,0xff,0xff,0xff,0xcf,0x11,0x00,0x00,
  0x00,0x00,0x00,0x48,0xff,0xff,0xff,0xff,0xff,0x34,0x00,0x00,0x00,0x0b,0xc5,0xff,0xff,0xff,0xff,0xff,0xff,0xc6,0x08,0x00,
  0x00,0x00,0x00,0x48,0xff,0xff,0xff,0xff,0xff,0x34,0x00,0x00,0x00,0x00,0x0f,0xca,0xff,0xff,0xff,0xff,0xff,0xff,0x9e,0x00,
  0x00,0x00,0x00,0x48,0xff,0xff,0xff,0xff,0xff,0x34,0x00,0x00,0x00,0x00,0x00,0x0e,0xc4,0xff,0xff,0xff,0xff,0xff,0xff,0x3f,
  0x00,0x00,0x00,0x48,0xff,0xff,0xff,0xff,0xff,0x34,0x00,0x00,0x00,0x00,0x00,0x00,0x0c,0xc4,0xff,0xff,0xff,0xff,0xff,0xa8,
  0x00,0x00,0x00,0x48,0xff,0xff,0xff,0xff,0xff,0x34,0x00,0x00,0x00,0x00,0x00,0x00,0x00,0x11,0xe9,0xff,0xff,0xff,0xff,0xe9,
  0x00,0x00,0x00,0x48,0xff,0xff,0xff,0xff,0xff,0x34,0x00,0x00,0x00,0x00,0x00,0x00,0x00,0x00,0x8b,0xff,0xff,0xff,0xff,0xfe,
  0x02,0x00,0x00,0x48,0xff,0xff,0xff,0xff,0xff,0x34,0x00,0x00,0x06,0x6d,0xbd,0x02,0x00,0x00,0x8e,0xff,0xff,0xff,0xff,0xee,
  0x00,0x00,0x00,0x48,0xff,0xff,0xff,0xff,0xff,0x34,0x03,0x62,0xe1,0xff,0xff,0x91,0x0e,0x45,0xf2,0xff,0xff,0xff,0xff,0xb3,
  0x00,0x00,0x00,0x48,0xff,0xff,0xff,0xff,0xff,0x34,0x0a,0xd9,0xff,0xff,0xff,0xff,0xff,0xff,0xff,0xff,0xff,0xff,0xff,0x48,
  0x00,0x00,0x00,0x48,0xff,0xff,0xff,0xff,0xff,0x34,0x00,0x35,0xf2,0xff,0xff,0xff,0xff,0xff,0xff,0xff,0xff,0xff,0x9d,0x00,
  0x00,0x00,0x00,0x48,0xff,0xff,0xff,0xff,0xff,0x34,0x00,0x00,0x2e,0xe1,0xff,0xff,0xff,0xff,0xff,0xff,0xff,0x94,0x04,0x00,
  0x00,0x00,0x00,0x48,0xff,0xff,0xff,0xff,0xff,0x34,0x00,0x00,0x00,0x0c,0x77,0xcc,0xf5,0xf7,0xde,0xa0,0x36,0x00,0x00,0x00,
  0x00,0x00,0x00,0x00,0x00,0x00,0x76,0xff,0xff,0xff,0xff,0xff,0x75,0x00,0x00,0x00,0x00,0x00,0x00,0x00,0x00,0x00,0x00,0x00,
  0x00,0x00,0x00,0x00,0x00,0x8f,0xff,0xff,0xff,0xff,0xe3,0x05,0x00,0x00,0x00,0x00,0x00,0x00,0x00,0x00,0x00,0x00,0x00,0x00,
  0x00,0x00,0x00,0x01,0xa8,0xff,0xff,0xff,0xff,0x5b,0x00,0x00,0x00,0x00,0x00,0x00,0x00,0x00,0x00,0x00,0x00,0x00,0x00,0x00,
  0x00,0x00,0x06,0xbd,0xff,0xff,0xff,0xce,0x00,0x00,0x00,0x00,0x00,0x00,0x00,0x00,0x00,0x00,0x00,0x00,0x00,0x00,0x00,0x00,
  0x00,0x0e,0xcf,0xff,0xff,0xff,0x42,0x00,0x00,0x00,0x00,0x00,0x00,0x00,0x00,0x00,0x00,0x00,0x00,0x00,0x00,0x00,0x00,0x00,
  0x18,0xde,0xff,0xff,0xb6,0x00,0x00,0x00,0x00,0x00,0x00,0x00,0x00,0x00,0x00,0x00,0x00,0x00,0x00,0x00,0x00,0x00,0x00,0x00,
  0x00,0x00,0x00,0x00,0x00,0x00,0x00,0x00,0x00,0x00,0x00,0x00,0x00,0x00,0x00,0x00,0x00,0x00,0x00,0x00,0x00,0x00,0x00,0x00,
  0x00,0x00,0x00,0x00,0x00,0x00,0x00,0x00,0x00,0x00,0x00,0x00,0x00,0x00,0x05,0x52,0xa0,0xce,0xec,0xf9,0xfb,0xf2,0xdb,0xb6,
  0x78,0x1d,0x00,0x00,0x00,0x00,0x00,0x00,0x00,0x00,0x00,0x38,0xd9,0xff,0xff,0xff,0xff,0xff,0xff,0xff,0xff,0xff,0xff,0xf9,
  0x80,0x02,0x00,0x00,0x00,0x00,0x00,0x00,0x3a,0xf6,0xff,0xff,0xff,0xff,0xff,0xff,0xff,0xff,0xff,0xff,0xff,0xff,0xff,0x91,
  0x00,0x00,0x00,0x00,0x00,0x0a,0xe3,0xff,0xff,0xff,0xff,0xff,0xff,0xff,0xff,0xff,0xff,0xff,0xff,0xff,0xff,0xff,0x26,0x00,
  0x00,0x00,0x00,0x73,0xff,0xff,0xff,0xff,0xff,0x97,0x27,0x07,0x0f,0x40,0xc4,0xff,0xff,0xff,0xff,0xff,0x6d,0x00,0x00,0x00,
  0x00,0xd4,0xff,0xff,0xff,0xff,0xa1,0x00,0x00,0x00,0x00,0x00,0x11,0xf5,0xff,0xff,0xff,0xff,0x93,0x00,0x00,0x00,0x00,0x1a,
  0x4e,0x81,0xb5,0xe7,0x26,0x00,0x00,0x00,0x00,0x00,0x00,0xc2,0xff,0xff,0xff,0xff,0xa8,0x00,0x00,0x00,0x00,0x00,0x00,0x00,
  0x00,0x00,0x00,0x00,0x00,0x00,0x00,0x00,0x00,0xb1,0xff,0xff,0xff,0xff,0xb0,0x00,0x00,0x00,0x00,0x00,0x00,0x00,0x00,0x00,
  0x00,0x00,0x00,0x0a,0x3c,0x77,0xbc,0xfb,0xff,0xff,0xff,0xff,0xb2,0x00,0x00,0x00,0x00,0x00,0x00,0x00,0x00,0x31,0x71,0xa6,
  0xd8,0xfd,0xff,0xff,0xff,0xff,0xff,0xff,0xff,0xff,0xb0,0x00,0x00,0x00,0x00,0x00,0x05,0x76,0xe1,0xff,0xff,0xff,0xff,0xff,
  0xff,0xff,0xff,0xff,0xff,0xff,0xff,0xff,0xaf,0x00,0x00,0x00,0x00,0x13,0xd1,0xff,0xff,0xff,0xff,0xff,0xff,0xe2,0xad,0x76,
  0x39,0xb3,0xff,0xff,0xff,0xff,0xad,0x00,0x00,0x00,0x00,0xbe,0xff,0xff,0xff,0xff,0xeb,0x6d,0x1c,0x00,0x00,0x00,0x00,0xb3,
  0xff,0xff,0xff,0xff,0xab,0x00,0x00,0x00,0x3c,0xff,0xff,0xff,0xff,0xff,0x33,0x00,0x00,0x00,0x00,0x00,0x00,0xc0,0xff,0xff,
  0xff,0xff,0xa9,0x00,0x00,0x00,0x78,0xff,0xff,0xff,0xff,0xf6,0x01,0x00,0x00,0x00,0x00,0x00,0x09,0xec,0xff,0xff,0xff,0xff,
  0xa8,0x00,0x00,0x00,0x8c,0xff,0xff,0xff,0xff,0xff,0x42,0x00,0x00,0x00,0x00,0x00,0x93,0xff,0xff,0xff,0xff,0xff,0xac,0x00,
  0x00,0x00,0x6f,0xff,0xff,0xff,0xff,0xff,0xe9,0x5a,0x12,0x14,0x4a,0xc0,0xff,0xff,0xff,0xff,0xff,0xff,0xb8,0x00,0x00,0x00,
  0x20,0xfb,0xff,0xff,0xff,0xff,0xff,0xff,0xff,0xff,0xff,0xff,0xff,0xff,0xff,0xff,0xff,0xff,0xcf,0x00,0x00,0x00,0x00,0x85,
  0xff,0xff,0xff,0xff,0xff,0xff,0xff,0xff,0xff,0xff,0xff,0xaa,0xff,0xff,0xff,0xff,0xf6,0x08,0x00,0x00,0x00,0x01,0x8b,0xfe,
  0xff,0xff,0xff,0xff,0xff,0xff,0xff,0xe2,0x51,0x03,0xf1,0xff,0xff,0xff,0xff,0x4a,0x00,0x00,0x00,0x00,0x00,0x31,0x97,0xd5,
  0xf3,0xf9,0xe3,0xb4,0x64,0x08,0x00,0x00,0xae,0xff,0xff,0xff,0xff,0xb1,0x00,0x00,0x00,0x00,0x00,0x00,0x00,0x00,0x00,0x00,
  0x00,0x27,0xfe,0xff,0xff,0xff,0xff,0xc1,0x07,0x00,0x00,0x00,0x00,0x00,0x00,0x00,0x00,0x00,0x00,0x00,0x00,0x00,0x00,0x98,
  0xff,0xff,0xff,0xff,0xd3,0x10,0x00,0x00,0x00,0x00,0x00,0x00,0x00,0x00,0x00,0x00,0x00,0x00,0x00,0x00,0x14,0xf6,0xff,0xff,
  0xff,0xe2,0x1c,0x00,0x00,0x00,0x00,0x00,0x00,0x00,0x00,0x00,0x00,0x00,0x00,0x00,0x00,0x00,0x7e,0xff,0xff,0xff,0xee,0x2a,
  0x00,0x00,0x00,0x00,0x00,0x00,0x00,0x00,0x00,0x00,0x00,0x00,0x00,0x00,0x00,0x07,0xe8,0xff,0xff,0xf7,0x3c,0x00,0x00,0x00,
  0x00,0x00,0x00,0x00,0x00,0x00,0x00,0x00,0x00,0x00,0x00,0x00,0x00,0x63,0xff,0xff,0xfd,0x51,0x00,0x00,0x00,0x00,0x00,0x00,
  0x00,0x00,0x00,0x00,0x00,0x00,0x00,0x00,0x00,0x00,0x00,0x00,0x00,0x00,0x00,0x00,0x00,0x00,0x00,0x00,0x00,0x00,0x00,0x00,
  0x00,0x00,0x00,0x00,0x00,0x00,0x00,0x00,0x00,0x00,0x00,0x00,0x00,0x00,0x00,0x00,0x00,0x00,0x00,0x00,0x00,0x00,0x00,0x00,
  0x00,0x00,0x00,0x00,0x05,0x52,0xa0,0xce,0xec,0xf9,0xfb,0xf2,0xdb,0xb6,0x78,0x1d,0x00,0x00,0x00,0x00,0x00,0x00,0x00,0x00,
  0x00,0x38,0xd9,0xff,0xff,0xff,0xff,0xff,0xff,0xff,0xff,0xff,0xff,0xf9,0x80,0x02,0x00,0x00,0x00,0x00,0x00,0x00,0x3a,0xf6,
  0xff,0xff,0xff,0xff,0xff,0xff,0xff,0xff,0xff,0xff,0xff,0xff,0xff,0x91,0x00,0x00,0x00,0x00,0x00,0x0a,0xe3,0xff,0xff,0xff,
  0xff,0xff,0xff,0xff,0xff,0xff,0xff,0xff,0xff,0xff,0xff,0xff,0x26,0x00,0x00,0x00,0x00,0x73,0xff,0xff,0xff,0xff,0xff,0x97,
  0x27,0x07,0x0f,0x40,0xc4,0xff,0xff,0xff,0xff,0xff,0x6d,0x00,0x00,0x00,0x00,0xd4,0xff,0xff,0xff,0xff,0xa1,0x00,0x00,0x00,
  0x00,0x00,0x11,0xf5,0xff,0xff,0xff,0xff,0x93,0x00,0x00,0x00,0x00,0x1a,0x4e,0x81,0xb5,0xe7,0x26,0x00,0x00,0x00,0x00,0x00,
  0x00,0xc2,0xff,0xff,0xff,0xff,0xa8,0x00,0x00,0x00,0x00,0x00,0x00,0x00,0x00,0x00,0x00,0x00,0x00,0x00,0x00,0x00,0x00,0xb1,
  0xff,0xff,0xff,0xff,0xb0,0x00,0x00,0x00,0x00,0x00,0x00,0x00,0x00,0x00,0x00,0x00,0x00,0x0a,0x3c,0x77,0xbc,0xfb,0xff,0xff,
  0xff,0xff,0xb2,0x00,0x00,0x00,0x00,0x00,0x00,0x00,0x00,0x31,0x71,0xa6,0xd8,0xfd,0xff,0xff,0xff,0xff,0xff,0xff,0xff,0xff,
  0xb0,0x00,0x00,0x00,0x00,0x00,0x05,0x76,0xe1,0xff,0xff,0xff,0xff,0xff,0xff,0xff,0xff,0xff,0xff,0xff,0xff,0xff,0xaf,0x00,
  0x00,0x00,0x00,0x13,0xd1,0xff,0xff,0xff,0xff,0xff,0xff,0xe2,0xad,0x76,0x39,0xb3,0xff,0xff,0xff,0xff,0xad,0x00,0x00,0x00,
  0x00,0xbe,0xff,0xff,0xff,0xff,0xeb,0x6d,0x1c,0x00,0x00,0x00,0x00,0xb3,0xff,0xff,0xff,0xff,0xab,0x00,0x00,0x00,0x3c,0xff,
  0xff,0xff,0xff,0xff,0x33,0x00,0x00,0x00,0x00,0x00,0x00,0xc0,0xff,0xff,0xff,0xff,0xa9,0x00,0x00,0x00,0x78,0xff,0xff,0xff,
  0xff,0xf6,0x01,0x00,0x00,0x00,0x00,0x00,0x09,0xec,0xff,0xff,0xff,0xff,0xa8,0x00,0x00,0x00,0x8c,0xff,0xff,0xff,0xff,0xff,
  0x42,0x00,0x00,0x00,0x00,0x00,0x93,0xff,0xff,0xff,0xff,0xff,0xac,0x00,0x00,0x00,0x6f,0xff,0xff,0xff,0xff,0xff,0xe9,0x5a,
  0x12,0x14,0x4a,0xc0,0xff,0xff,0xff,0xff,0xff,0xff,0xb8,0x00,0x00,0x00,0x20,0xfb,0xff,0xff,0xff,0xff,0xff,0xff,0xff,0xff,
  0xff,0xff,0xff,0xff,0xff,0xff,0xff,0xff,0xcf,0x00,0x00,0x00,0x00,0x85,0xff,0xff,0xff,0xff,0xff,0xff,0xff,0xff,0xff,0xff,
  0xff,0xaa,0xff,0xff,0xff,0xff,0xf6,0x08,0x00,0x00,0x00,0x01,0x8b,0xfe,0xff,0xff,0xff,0xff,0xff,0xff,0xff,0xe2,0x51,0x03,
  0xf1,0xff,0xff,0xff,0xff,0x4a,0x00,0x00,0x00,0x00,0x00,0x31,0x97,0xd5,0xf3,0xf9,0xe3,0xb4,0x64,0x08,0x00,0x00,0xae,0xff,
  0xff,0xff,0xff,0xb1,0x00,0x00,0x00,0x00,0x00,0x00,0x00,0x00,0x00,0xaf,0xff,0xff,0xff,0xff,0xf2,0x1f,0x00,0x00,0x00,0x00,
  0x00,0x00,0x00,0x00,0x00,0x00,0x00,0x00,0x00,0x00,0x5e,0xff,0xff,0xff,0xff,0xff,0xff,0xbd,0x01,0x00,0x00,0x00,0x00,0x00,
  0x00,0x00,0x00,0x00,0x00,0x00,0x00,0x1c,0xf0,0xff,0xff,0xff,0xff,0xff,0xff,0xff,0x6b,0x00,0x00,0x00,0x00,0x00,0x00,0x00,
  0x00,0x00,0x00,0x00,0x01,0xba,0xff,0xff,0xff,0xbf,0x86,0xff,0xff,0xff,0xf4,0x23,0x00,0x00,0x00,0x00,0x00,0x00,0x00,0x00,
  0x00,0x00,0x6a,0xff,0xff,0xff,0xef,0x1d,0x03,0xbf,0xff,0xff,0xff,0xc2,0x02,0x00,0x00,0x00,0x00,0x00,0x00,0x00,0x00,0x23,
  0xf4,0xff,0xff,0xff,0x59,0x00,0x00,0x18,0xe8,0xff,0xff,0xff,0x71,0x00,0x00,0x00,0x00,0x00,0x00,0x00,0x00,0x00,0x00,0x00,
  0x00,0x00,0x00,0x00,0x00,0x00,0x00,0x00,0x00,0x00,0x00,0x00,0x00,0x00,0x00,0x00,0x00,0x00,0x00,0x00,0x00,0x00,0x00,0x00,
  0x00,0x00,0x00,0x00,0x00,0x00,0x00,0x00,0x00,0x00,0x00,0x00,0x00,0x00,0x00,0x00,0x00,0x00,0x05,0x52,0xa0,0xce,0xec,0xf9,
  0xfb,0xf2,0xdb,0xb6,0x78,0x1d,0x00,0x00,0x00,0x00,0x00,0x00,0x00,0x00,0x00,0x38,0xd9,0xff,0xff,0xff,0xff,0xff,0xff,0xff,
  0xff,0xff,0xff,0xf9,0x80,0x02,0x00,0x00,0x00,0x00,0x00,0x00,0x3a,0xf6,0xff,0xff,0xff,0xff,0xff,0xff,0xff,0xff,0xff,0xff,
  0xff,0xff,0xff,0x91,0x00,0x00,0x00,0x00,0x00,0x0a,0xe3,0xff,0xff,0xff,0xff,0xff,0xff,0xff,0xff,0xff,0xff,0xff,0xff,0xff,
  0xff,0xff,0x26,0x00,0x00,0x00,0x00,0x73,0xff,0xff,0xff,0xff,0xff,0x97,0x27,0x07,0x0f,0x40,0xc4,0xff,0xff,0xff,0xff,0xff,
  0x6d,0x00,0x00,0x00,0x00,0xd4,0xff,0xff,0xff,0xff,0xa1,0x00,0x00,0x00,0x00,0x00,0x11,0xf5,0xff,0xff,0xff,0xff,0x93,0x00,
  0x00,0x00,0x00,0x1a,0x4e,0x81,0xb5,0xe7,0x26,0x00,0x00,0x00,0x00,0x00,0x00,0xc2,0xff,0xff,0xff,0xff,0xa8,0x00,0x00,0x00,
  0x00,0x00,0x00,0x00,0x00,0x00,0x00,0x00,0x00,0x00,0x00,0x00,0x00,0xb1,0xff,0xff,0xff,0xff,0xb0,0x00,0x00,0x00,0x00,0x00,
  0x00,0x00,0x00,0x00,0x00,0x00,0x00,0x0a,0x3c,0x77,0xbc,0xfb,0xff,0xff,0xff,0xff,0xb2,0x00,0x00,0x00,0x00,0x00,0x00,0x00,
  0x00,0x31,0x71,0xa6,0xd8,0xfd,0xff,0xff,0xff,0xff,0xff,0xff,0xff,0xff,0xb0,0x00,0x00,0x00,0x00,0x00,0x05,0x76,0xe1,0xff,
  0xff,0xff,0xff,0xff,0xff,0xff,0xff,0xff,0xff,0xff,0xff,0xff,0xaf,0x00,0x00,0x00,0x00,0x13,0xd1,0xff,0xff,0xff,0xff,0xff,
  0xff,0xe2,0xad,0x76,0x39,0xb3,0xff,0xff,0xff,0xff,0xad,0x00,0x00,0x00,0x00,0xbe,0xff,0xff,0xff,0xff,0xeb,0x6d,0x1c,0x00,
  0x00,0x00,0x00,0xb3,0xff,0xff,0xff,0xff,0xab,0x00,0x00,0x00,0x3c,0xff,0xff,0xff,0xff,0xff,0x33,0x00,0x00,0x00,0x00,0x00,
  0x00,0xc0,0xff,0xff,0xff,0xff,0xa9,0x00,0x00,0x00,0x78,0xff,0xff,0xff,0xff,0xf6,0x01,0x00,0x00,0x00,0x00,0x00,0x09,0xec,
  0xff,0xff,0xff,0xff,0xa8,0x00,0x00,0x00,0x8c,0xff,0xff,0xff,0xff,0xff,0x42,0x00,0x00,0x00,0x00,0x00,0x93,0xff,0xff,0xff,
  0xff,0xff,0xac,0x00,0x00,0x00,0x6f,0xff,0xff,0xff,0xff,0xff,0xe9,0x5a,0x12,0x14,0x4a,0xc0,0xff,0xff,0xff,0xff,0xff,0xff,
  0xb8,0x00,0x00,0x00,0x20,0xfb,0xff,0xff,0xff,0xff,0xff,0xff,0xff,0xff,0xff,0xff,0xff,0xff,0xff,0xff,0xff,0xff,0xcf,0x00,
  0x00,0x00,0x00,0x85,0xff,0xff,0xff,0xff,0xff,0xff,0xff,0xff,0xff,0xff,0xff,0xaa,0xff,0xff,0xff,0xff,0xf6,0x08,0x00,0x00,
  0x00,0x01,0x8b,0xfe,0xff,0xff,0xff,0xff,0xff,0xff,0xff,0xe2,0x51,0x03,0xf1,0xff,0xff,0xff,0xff,0x4a,0x00,0x00,0x00,0x00,
  0x00,0x31,0x97,0xd5,0xf3,0xf9,0xe3,0xb4,0x64,0x08,0x00,0x00,0xae,0xff,0xff,0xff,0xff,0xb1,0x00,0x00,0x00,0x00,0x00,0x00,
  0x19,0xaa,0xf3,0xed,0xb6,0x45,0x00,0x00,0x00,0x00,0xb6,0xff,0xe8,0x00,0x00,0x00,0x00,0x00,0x00,0x00,0x00,0x01,0xcc,0xff,
  0xff,0xff,0xff,0xff,0xc6,0x54,0x11,0x3e,0xf9,0xff,0xd1,0x00,0x00,0x00,0x00,0x00,0x00,0x00,0x00,0x4b,0xff,0xff,0xff,0xff,
  0xff,0xff,0xff,0xff,0xff,0xff,0xff,0xff,0x9a,0x00,0x00,0x00,0x00,0x00,0x00,0x00,0x00,0x79,0xff,0xff,0x60,0x0f,0x49,0xad,
  0xfc,0xff,0xff,0xff,0xff,0xfa,0x2e,0x00,0x00,0x00,0x00,0x00,0x00,0x00,0x00,0x91,0xff,0xfb,0x02,0x00,0x00,0x00,0x22,0x91,
  0xdf,0xf9,0xd1,0x45,0x00,0x00,0x00,0x00,0x00,0x00,0x00,0x00,0x00,0x00,0x00,0x00,0x00,0x00,0x00,0x00,0x00,0x00,0x00,0x00,
  0x00,0x00,0x00,0x00,0x00,0x00,0x00,0x00,0x00,0x00,0x00,0x00,0x00,0x00,0x00,0x00,0x00,0x00,0x00,0x00,0x00,0x00,0x00,0x00,
  0x00,0x00,0x00,0x00,0x00,0x00,0x00,0x00,0x00,0x00,0x05,0x52,0xa0,0xce,0xec,0xf9,0xfb,0xf2,0xdb,0xb6,0x78,0x1d,0x00,0x00,
  0x00,0x00,0x00,0x00,0x00,0x00,0x00,0x38,0xd9,0xff,0xff,0xff,0xff,0xff,0xff,0xff,0xff,0xff,0xff,0xf9,0x80,0x02,0x00,0x00,
  0x00,0x00,0x00,0x00,0x3a,0xf6,0xff,0xff,0xff,0xff,0xff,0xff,0xff,0xff,0xff,0xff,0xff,0xff,0xff,0x91,0x00,0x00,0x00,0x00,
  0x00,0x0a,0xe3,0xff,0xff,0xff,0xff,0xff,0xff,0xff,0xff,0xff,0xff,0xff,0xff,0xff,0xff,0xff,0x26,0x00,0x00,0x00,0x00,0x73,
  0xff,0xff,0xff,0xff,0xff,0x97,0x27,0x07,0x0f,0x40,0xc4,0xff,0xff,0xff,0xff,0xff,0x6d,0x00,0x00,0x00,0x00,0xd4,0xff,0xff,
  0xff,0xff,0xa1,0x00,0x00,0x00,0x00,0x00,0x11,0xf5,0xff,0xff,0xff,0xff,0x93,0x00,0x00,0x00,0x00,0x1a,0x4e,0x81,0xb5,0xe7,
  0x26,0x00,0x00,0x00,0x00,0x00,0x00,0xc2,0xff,0xff,0xff,0xff,0xa8,0x00,0x00,0x00,0x00,0x00,0x00,0x00,0x00,0x00,0x00,0x00,
  0x00,0x00,0x00,0x00,0x00,0xb1,0xff,0xff,0xff,0xff,0xb0,0x00,0x00,0x00,0x00,0x00,0x00,0x00,0x00,0x00,0x00,0x00,0x00,0x0a,
  0x3c,0x77,0xbc,0xfb,0xff,0xff,0xff,0xff,0xb2,0x00,0x00,0x00,0x00,0x00,0x00,0x00,0x00,0x31,0x71,0xa6,0xd8,0xfd,0xff,0xff,
  0xff,0xff,0xff,0xff,0xff,0xff,0xb0,0x00,0x00,0x00,0x00,0x00,0x05,0x76,0xe1,0xff,0xff,0xff,0xff,0xff,0xff,0xff,0xff,0xff,
  0xff,0xff,0xff,0xff,0xaf,0x00,0x00,0x00,0x00,0x13,0xd1,0xff,0xff,0xff,0xff,0xff,0xff,0xe2,0xad,0x76,0x39,0xb3,0xff,0xff,
  0xff,0xff,0xad,0x00,0x00,0x00,0x00,0xbe,0xff,0xff,0xff,0xff,0xeb,0x6d,0x1c,0x00,0x00,0x00,0x00,0xb3,0xff,0xff,0xff,0xff,
  0xab,0x00,0x00,0x00,0x3c,0xff,0xff,0xff,0xff,0xff,0x33,0x00,0x00,0x00,0x00,0x00,0x00,0xc0,0xff,0xff,0xff,0xff,0xa9,0x00,
  0x00,0x00,0x78,0xff,0xff,0xff,0xff,0xf6,0x01,0x00,0x00,0x00,0x00,0x00,0x09,0xec,0xff,0xff,0xff,0xff,0xa8,0x00,0x00,0x00,
  0x8c,0xff,0xff,0xff,0xff,0xff,0x42,0x00,0x00,0x00,0x00,0x00,0x93,0xff,0xff,0xff,0xff,0xff,0xac,0x00,0x00,0x00,0x6f,0xff,
  0xff,0xff,0xff,0xff,0xe9,0x5a,0x12,0x14,0x4a,0xc0,0xff,0xff,0xff,0xff,0xff,0xff,0xb8,0x00,0x00,0x00,0x20,0xfb,0xff,0xff,
  0xff,0xff,0xff,0xff,0xff,0xff,0xff,0xff,0xff,0xff,0xff,0xff,0xff,0xff,0xcf,0x00,0x00,0x00,0x00,0x85,0xff,0xff,0xff,0xff,
  0xff,0xff,0xff,0xff,0xff,0xff,0xff,0xaa,0xff,0xff,0xff,0xff,0xf6,0x08,0x00,0x00,0x00,0x01,0x8b,0xfe,0xff,0xff,0xff,0xff,
  0xff,0xff,0xff,0xe2,0x51,0x03,0xf1,0xff,0xff,0xff,0xff,0x4a,0x00,0x00,0x00,0x00,0x00,0x31,0x97,0xd5,0xf3,0xf9,0xe3,0xb4,
  0x64,0x08,0x00,0x00,0xae,0xff,0xff,0xff,0xff,0xb1,0x00,0x00,0x00,0x00,0x00,0x64,0xff,0xff,0xff,0xff,0x54,0x00,0x00,0x00,
  0xfc,0xff,0xff,0xff,0xbc,0x00,0x00,0x00,0x00,0x00,0x00,0x00,0x00,0x64,0xff,0xff,0xff,0xff,0x54,0x00,0x00,0x00,0xfc,0xff,
  0xff,0xff,0xbc,0x00,0x00,0x00,0x00,0x00,0x00,0x00,0x00,0x64,0xff,0xff,0xff,0xff,0x54,0x00,0x00,0x00,0xfc,0xff,0xff,0xff,
  0xbc,0x00,0x00,0x00,0x00,0x00,0x00,0x00,0x00,0x64,0xff,0xff,0xff,0xff,0x54,0x00,0x00,0x00,0xfc,0xff,0xff,0xff,0xbc,0x00,
  0x00,0x00,0x00,0x00,0x00,0x00,0x00,0x00,0x00,0x00,0x00,0x00,0x00,0x00,0x00,0x00,0x00,0x00,0x00,0x00,0x00,0x00,0x00,0x00,
  0x00,0x00,0x00,0x00,0x00,0x00,0x00,0x00,0x00,0x00,0x00,0x00,0x00,0x00,0x00,0x00,0x00,0x00,0x00,0x00,0x00,0x00,0x00,0x00,
  0x00,0x00,0x00,0x00,0x05,0x52,0xa0,0xce,0xec,0xf9,0xfb,0xf2,0xdb,0xb6,0x78,0x1d,0x00,0x00,0x00,0x00,0x00,0x00,0x00,0x00,
  0x00,0x38,0xd9,0xff,0xff,0xff,0xff,0xff,0xff,0xff,0xff,0xff,0xff,0xf9,0x80,0x02,0x00,0x00,0x00,0x00,0x00,0x00,0x3a,0xf6,
  0xff,0xff,0xff,0xff,0xff,0xff,0xff,0xff,0xff,0xff,0xff,0xff,0xff,0x91,0x00,0x00,0x00,0x00,0x00,0x0a,0xe3,0xff,0xff,0xff,
  0xff,0xff,0xff,0xff,0xff,0xff,0xff,0xff,0xff,0xff,0xff,0xff,0x26,0x00,0x00,0x00,0x00,0x73,0xff,0xff,0xff,0xff,0xff,0x97,
  0x27,0x07,0x0f,0x40,0xc4,0xff,0xff,0xff,0xff,0xff,0x6d,0x00,0x00,0x00,0x00,0xd4,0xff,0xff,0xff,0xff,0xa1,0x00,0x00,0x00,
  0x00,0x00,0x11,0xf5,0xff,0xff,0xff,0xff,0x93,0x00,0x00,0x00,0x00,0x1a,0x4e,0x81,0xb5,0xe7,0x26,0x00,0x00,0x00,0x00,0x00,
  0x00,0xc2,0xff,0xff,0xff,0xff,0xa8,0x00,0x00,0x00,0x00,0x00,0x00,0x00,0x00,0x00,0x00,0x00,0x00,0x00,0x00,0x00,0x00,0xb1,
  0xff,0xff,0xff,0xff,0xb0,0x00,0x00,0x00,0x00,0x00,0x00,0x00,0x00,0x00,0x00,0x00,0x00,0x0a,0x3c,0x77,0xbc,0xfb,0xff,0xff,
  0xff,0xff,0xb2,0x00,0x00,0x00,0x00,0x00,0x00,0x00,0x00,0x31,0x71,0xa6,0xd8,0xfd,0xff,0xff,0xff,0xff,0xff,0xff,0xff,0xff,
  0xb0,0x00,0x00,0x00,0x00,0x00,0x05,0x76,0xe1,0xff,0xff,0xff,0xff,0xff,0xff,0xff,0xff,0xff,0xff,0xff,0xff,0xff,0xaf,0x00,
  0x00,0x00,0x00,0x13,0xd1,0xff,0xff,0xff,0xff,0xff,0xff,0xe2,0xad,0x76,0x39,0xb3,0xff,0xff,0xff,0xff,0xad,0x00,0x00,0x00,
  0x00,0xbe,0xff,0xff,0xff,0xff,0xeb,0x6d,0x1c,0x00,0x00,0x00,0x00,0xb3,0xff,0xff,0xff,0xff,0xab,0x00,0x00,0x00,0x3c,0xff,
  0xff,0xff,0xff,0xff,0x33,0x00,0x00,0x00,0x00,0x00,0x00,0xc0,0xff,0xff,0xff,0xff,0xa9,0x00,0x00,0x00,0x78,0xff,0xff,0xff,
  0xff,0xf6,0x01,0x00,0x00,0x00,0x00,0x00,0x09,0xec,0xff,0xff,0xff,0xff,0xa8,0x00,0x00,0x00,0x8c,0xff,0xff,0xff,0xff,0xff,
  0x42,0x00,0x00,0x00,0x00,0x00,0x93,0xff,0xff,0xff,0xff,0xff,0xac,0x00,0x00,0x00,0x6f,0xff,0xff,0xff,0xff,0xff,0xe9,0x5a,
  0x12,0x14,0x4a,0xc0,0xff,0xff,0xff,0xff,0xff,0xff,0xb8,0x00,0x00,0x00,0x20,0xfb,0xff,0xff,0xff,0xff,0xff,0xff,0xff,0xff,
  0xff,0xff,0xff,0xff,0xff,0xff,0xff,0xff,0xcf,0x00,0x00,0x00,0x00,0x85,0xff,0xff,0xff,0xff,0xff,0xff,0xff,0xff,0xff,0xff,
  0xff,0xaa,0xff,0xff,0xff,0xff,0xf6,0x08,0x00,0x00,0x00,0x01,0x8b,0xfe,0xff,0xff,0xff,0xff,0xff,0xff,0xff,0xe2,0x51,0x03,
  0xf1,0xff,0xff,0xff,0xff,0x4a,0x00,0x00,0x00,0x00,0x00,0x31,0x97,0xd5,0xf3,0xf9,0xe3,0xb4,0x64,0x08,0x00,0x00,0xae,0xff,
  0xff,0xff,0xff,0xb1,0x00,0x00,0x00,0x00,0x00,0x00,0x00,0x00,0x00,0x0d,0x95,0xeb,0xf6,0xb9,0x2d,0x00,0x00,0x00,0x00,0x00,
  0x00,0x00,0x00,0x00,0x00,0x00,0x00,0x00,0x00,0x00,0x05,0xc6,0xff,0xff,0xff,0xff,0xf2,0x2a,0x00,0x00,0x00,0x00,0x00,0x00,
  0x00,0x00,0x00,0x00,0x00,0x00,0x00,0x00,0x60,0xff,0xea,0x36,0x16,0xbb,0xff,0xb0,0x00,0x00,0x00,0x00,0x00,0x00,0x00,0x00,
  0x00,0x00,0x00,0x00,0x00,0x00,0x9f,0xff,0x83,0x00,0x00,0x30,0xff,0xef,0x00,0x00,0x00,0x00,0x00,0x00,0x00,0x00,0x00,0x00,
  0x00,0x00,0x00,0x00,0xa0,0xff,0x83,0x00,0x00,0x30,0xff,0xef,0x00,0x00,0x00,0x00,0x00,0x00,0x00,0x00,0x00,0x00,0x00,0x00,
  0x00,0x00,0x60,0xff,0xe9,0x34,0x16,0xb9,0xff,0xb0,0x00,0x00,0x00,0x00,0x00,0x00,0x00,0x00,0x00,0x00,0x00,0x00,0x00,0x00,
  0x05,0xc7,0xff,0xff,0xff,0xff,0xf2,0x2a,0x00,0x00,0x00,0x00,0x00,0x00,0x00,0x00,0x00,0x00,0x00,0x00,0x00,0x00,0x00,0x0d,
  0x96,0xec,0xf7,0xba,0x2d,0x00,0x00,0x00,0x00,0x00,0x00,0x00,0x00,0x00,0x00,0x00,0x00,0x00,0x00,0x00,0x00,0x00,0x00,0x00,
  0x00,0x00,0x00,0x00,0x00,0x00,0x00,0x00,0x00,0x00,0x00,0x00,0x00,0x00,0x00,0x00,0x00,0x00,0x00,0x00,0x00,0x00,0x00,0x00,
  0x00,0x00,0x00,0x00,0x00,0x00,0x00,0x00,0x00,0x00,0x00,0x00,0x00,0x00,0x05,0x52,0xa0,0xce,0xec,0xf9,0xfb,0xf2,0xdb,0xb6,
  0x78,0x1d,0x00,0x00,0x00,0x00,0x00,0x00,0x00,0x00,0x00,0x38,0xd9,0xff,0xff,0xff,0xff,0xff,0xff,0xff,0xff,0xff,0xff,0xf9,
  0x80,0x02,0x00,0x00,0x00,0x00,0x00,0x00,0x3a,0xf6,0xff,0xff,0xff,0xff,0xff,0xff,0xff,0xff,0xff,0xff,0xff,0xff,0xff,0x91,
  0x00,0x00,0x00,0x00,0x00,0x0a,0xe3,0xff,0xff,0xff,0xff,0xff,0xff,0xff,0xff,0xff,0xff,0xff,0xff,0xff,0xff,0xff,0x26,0x00,
  0x00,0x00,0x00,0x73,0xff,0xff,0xff,0xff,0xff,0x97,0x27,0x07,0x0f,0x40,0xc4,0xff,0xff,0xff,0xff,0xff,0x6d,0x00,0x00,0x00,
  0x00,0xd4,0xff,0xff,0xff,0xff,0xa1,0x00,0x00,0x00,0x00,0x00,0x11,0xf5,0xff,0xff,0xff,0xff,0x93,0x00,0x00,0x00,0x00,0x1a,
  0x4e,0x81,0xb5,0xe7,0x26,0x00,0x00,0x00,0x00,0x00,0x00,0xc2,0xff,0xff,0xff,0xff,0xa8,0x00,0x00,0x00,0x00,0x00,0x00,0x00,
  0x00,0x00,0x00,0x00,0x00,0x00,0x00,0x00,0x00,0xb1,0xff,0xff,0xff,0xff,0xb0,0x00,0x00,0x00,0x00,0x00,0x00,0x00,0x00,0x00,
  0x00,0x00,0x00,0x0a,0x3c,0x77,0xbc,0xfb,0xff,0xff,0xff,0xff,0xb2,0x00,0x00,0x00,0x00,0x00,0x00,0x00,0x00,0x31,0x71,0xa6,
  0xd8,0xfd,0xff,0xff,0xff,0xff,0xff,0xff,0xff,0xff,0xb0,0x00,0x00,0x00,0x00,0x00,0x05,0x76,0xe1,0xff,0xff,0xff,0xff,0xff,
  0xff,0xff,0xff,0xff,0xff,0xff,0xff,0xff,0xaf,0x00,0x00,0x00,0x00,0x13,0xd1,0xff,0xff,0xff,0xff,0xff,0xff,0xe2,0xad,0x76,
  0x39,0xb3,0xff,0xff,0xff,0xff,0xad,0x00,0x00,0x00,0x00,0xbe,0xff,0xff,0xff,0xff,0xeb,0x6d,0x1c,0x00,0x00,0x00,0x00,0xb3,
  0xff,0xff,0xff,0xff,0xab,0x00,0x00,0x00,0x3c,0xff,0xff,0xff,0xff,0xff,0x33,0x00,0x00,0x00,0x00,0x00,0x00,0xc0,0xff,0xff,
  0xff,0xff,0xa9,0x00,0x00,0x00,0x78,0xff,0xff,0xff,0xff,0xf6,0x01,0x00,0x00,0x00,0x00,0x00,0x09,0xec,0xff,0xff,0xff,0xff,
  0xa8,0x00,0x00,0x00,0x8c,0xff,0xff,0xff,0xff,0xff,0x42,0x00,0x00,0x00,0x00,0x00,0x93,0xff,0xff,0xff,0xff,0xff,0xac,0x00,
  0x00,0x00,0x6f,0xff,0xff,0xff,0xff,0xff,0xe9,0x5a,0x12,0x14,0x4a,0xc0,0xff,0xff,0xff,0xff,0xff,0xff,0xb8,0x00,0x00,0x00,
  0x20,0xfb,0xff,0xff,0xff,0xff,0xff,0xff,0xff,0xff,0xff,0xff,0xff,0xff,0xff,0xff,0xff,0xff,0xcf,0x00,0x00,0x00,0x00,0x85,
  0xff,0xff,0xff,0xff,0xff,0xff,0xff,0xff,0xff,0xff,0xff,0xaa,0xff,0xff,0xff,0xff,0xf6,0x08,0x00,0x00,0x00,0x01,0x8b,0xfe,
  0xff,0xff,0xff,0xff,0xff,0xff,0xff,0xe2,0x51,0x03,0xf1,0xff,0xff,0xff,0xff,0x4a,0x00,0x00,0x00,0x00,0x00,0x31,0x97,0xd5,
  0xf3,0xf9,0xe3,0xb4,0x64,0x08,0x00,0x00,0xae,0xff,0xff,0xff,0xff,0xb1,0x00,0x00,0x00,0x00,0x00,0x00,0x00,0x23,0x78,0xb5,
  0xdc,0xf0,0xfb,0xf4,0xe4,0xb9,0x7e,0x21,0x00,0x00,0x11,0x70,0xb8,0xe7,0xf9,0xf5,0xdf,0xb1,0x67,0x0d,0x00,0x00,0x00,0x00,
  0x00,0x00,0x00,0x00,0x00,0x00,0x00,0x07,0x96,0xfc,0xff,0xff,0xff,0xff,0xff,0xff,0xff,0xff,0xff,0xfd,0x93,0x6c,0xf2,0xff,
  0xff,0xff,0xff,0xff,0xff,0xff,0xff,0xee,0x67,0x00,0x00,0x00,0x00,0x00,0x00,0x00,0x00,0x00,0x05,0xbd,0xff,0xff,0xff,0xff,
  0xff,0xff,0xff,0xff,0xff,0xff,0xff,0xff,0xff,0xff,0xff,0xff,0xff,0xff,0xff,0xff,0xff,0xff,0xff,0xff,0xff,0x9a,0x01,0x00,
  0x00,0x00,0x00,0x00,0x00,0x00,0x87,0xff,0xff,0xff,0xff,0xff,0xff,0xff,0xff,0xff,0xff,0xff,0xff,0xff,0xff,0xff,0xff,0xff,
  0xff,0xff,0xff,0xff,0xff,0xff,0xff,0xff,0xff,0xff,0x7e,0x00,0x00,0x00,0x00,0x00,0x00,0x1c,0xf8,0xff,0xff,0xff,0xff,0xd2,
  0x4b,0x14,0x0f,0x3a,0xc0,0xff,0xff,0xff,0xff,0xff,0xff,0xff,0xe2,0x55,0x11,0x10,0x49,0xcb,0xff,0xff,0xff,0xff,0xfb,0x2a,
  0x00,0x00,0x00,0x00,0x00,0x7f,0xff,0xff,0xff,0xff,0xe3,0x14,0x00,0x00,0x00,0x00,0x0c,0xe5,0xff,0xff,0xff,0xff,0xff,0xf3,
  0x20,0x00,0x00,0x00,0x00,0x09,0xc5,0xff,0xff,0xff,0xff,0xa4,0x00,0x00,0x00,0x00,0x00,0x0c,0x3d,0x71,0xa4,0xd8,0x78,0x00,
  0x00,0x00,0x00,0x00,0x00,0xa0,0xff,0xff,0xff,0xff,0xff,0x85,0x00,0x00,0x00,0x00,0x00,0x00,0x35,0xff,0xff,0xff,0xff,0xf7,
  0x0a,0x00,0x00,0x00,0x00,0x00,0x00,0x00,0x00,0x00,0x00,0x00,0x00,0x00,0x00,0x00,0x00,0x82,0xff,0xff,0xff,0xff,0xff,0x2d,
  0x00,0x00,0x00,0x00,0x00,0x00,0x00,0xeb,0xff,0xff,0xff,0xff,0x41,0x00,0x00,0x00,0x00,0x00,0x00,0x00,0x00,0x00,0x00,0x00,
  0x00,0x11,0x44,0x7b,0xba,0xf7,0xff,0xff,0xff,0xff,0xff,0x07,0x00,0x00,0x00,0x00,0x00,0x00,0x00,0xca,0xff,0xff,0xff,0xff,
  0x6f,0x00,0x00,0x00,0x00,0x00,0x00,0x00,0x00,0x31,0x72,0xa9,0xdd,0xff,0xff,0xff,0xff,0xff,0xff,0xff,0xff,0xff,0xff,0xff,
  0xff,0xff,0xff,0xff,0xff,0xff,0xff,0xff,0xff,0xff,0xff,0xff,0x8e,0x00,0x00,0x00,0x00,0x00,0x02,0x64,0xda,0xff,0xff,0xff,
  0xff,0xff,0xff,0xff,0xff,0xff,0xff,0xff,0xff,0xff,0xff,0xff,0xff,0xff,0xff,0xff,0xff,0xff,0xff,0xff,0xff,0xff,0xff,0xff,
  0x9f,0x00,0x00,0x00,0x00,0x03,0xac,0xff,0xff,0xff,0xff,0xff,0xff,0xff,0xff,0xff,0xff,0xff,0xff,0xff,0xff,0xff,0xff,0xff,
  0xff,0xff,0xff,0xff,0xff,0xff,0xff,0xff,0xff,0xff,0xff,0xff,0xa7,0x00,0x00,0x00,0x00,0x78,0xff,0xff,0xff,0xff,0xff,0xff,
  0xfb,0xce,0x99,0x65,0x31,0x94,0xff,0xff,0xff,0xff,0xf6,0x02,0x00,0x00,0x00,0x00,0x00,0x00,0x00,0x00,0x00,0x00,0x00,0x00,
  0x00,0x00,0x00,0x00,0x06,0xeb,0xff,0xff,0xff,0xff,0xe8,0x62,0x0e,0x00,0x00,0x00,0x00,0x98,0xff,0xff,0xff,0xff,0xff,0x30,
  0x00,0x00,0x00,0x00,0x00,0x00,0x00,0x00,0x00,0x00,0x00,0x00,0x00,0x00,0x00,0x00,0x30,0xff,0xff,0xff,0xff,0xff,0x52,0x00,
  0x00,0x00,0x00,0x00,0x00,0xb6,0xff,0xff,0xff,0xff,0xff,0x8a,0x00,0x00,0x00,0x00,0x00,0x00,0x00,0x00,0x00,0x00,0x00,0x00,
  0x00,0x00,0x00,0x00,0x41,0xff,0xff,0xff,0xff,0xff,0x63,0x00,0x00,0x00,0x00,0x00,0x2e,0xf9,0xff,0xff,0xff,0xff,0xff,0xf5,
  0x2c,0x00,0x00,0x00,0x00,0x00,0x4e,0xe9,0xba,0x8a,0x5b,0x2b,0x04,0x00,0x00,0x00,0x23,0xff,0xff,0xff,0xff,0xff,0xf2,0x65,
  0x18,0x09,0x2b,0x81,0xf2,0xff,0xff,0xff,0xff,0xff,0xff,0xff,0xec,0x64,0x13,0x07,0x27,0x7f,0xf9,0xff,0xff,0xff,0xff,0xfc,
  0x2a,0x00,0x00,0x00,0x00,0xd0,0xff,0xff,0xff,0xff,0xff,0xff,0xff,0xff,0xff,0xff,0xff,0xff,0xff,0xff,0xff,0xff,0xff,0xff,
  0xff,0xff,0xff,0xff,0xff,0xff,0xff,0xff,0xff,0xff,0xff,0x8a,0x00,0x00,0x00,0x00,0x00,0x3e,0xfa,0xff,0xff,0xff,0xff,0xff,
  0xff,0xff,0xff,0xff,0xff,0xff,0xfa,0x84,0xbd,0xff,0xff,0xff,0xff,0xff,0xff,0xff,0xff,0xff,0xff,0xff,0xff,0xff,0xaa,0x04,
  0x00,0x00,0x00,0x00,0x00,0x00,0x4c,0xed,0xff,0xff,0xff,0xff,0xff,0xff,0xff,0xff,0xfb,0xa9,0x2d,0x00,0x02,0x77,0xed,0xff,
  0xff,0xff,0xff,0xff,0xff,0xff,0xff,0xff,0xf1,0x72,0x02,0x00,0x00,0x00,0x00,0x00,0x00,0x00,0x00,0x14,0x78,0xc1,0xeb,0xfb,
  0xf0,0xd9,0xad,0x69,0x1c,0x00,0x00,0x00,0x00,0x00,0x0d,0x65,0xa9,0xdb,0xf1,0xfc,0xf1,0xd6,0xaa,0x64,0x0e,0x00,0x00,0x00,
  0x00,0x00,0x00,0x00,0x00,0x00,0x00,0x00,0x00,0x00,0x3f,0x8d,0xcb,0xe6,0xfa,0xf5,0xe4,0xbc,0x7f,0x27,0x00,0x00,0x00,0x00,
  0x00,0x00,0x00,0x00,0x00,0x00,0x2f,0xc2,0xff,0xff,0xff,0xff,0xff,0xff,0xff,0xff,0xff,0xfd,0xa1,0x0e,0x00,0x00,0x00,0x00,
  0x00,0x00,0x00,0x50,0xf4,0xff,0xff,0xff,0xff,0xff,0xff,0xff,0xff,0xff,0xff,0xff,0xff,0xd5,0x12,0x00,0x00,0x00,0x00,0x00,
  0x37,0xf9,0xff,0xff,0xff,0xff,0xff,0xff,0xff,0xff,0xff,0xff,0xff,0xff,0xff,0xff,0xba,0x00,0x00,0x00,0x00,0x05,0xdf,0xff,
  0xff,0xff,0xff,0xff,0xa2,0x31,0x08,0x19,0x5a,0xe0,0xff,0xff,0xff,0xff,0xff,0x52,0x00,0x00,0x00,0x62,0xff,0xff,0xff,0xff,
  0xff,0x87,0x00,0x00,0x00,0x00,0x00,0x24,0xf2,0xff,0xff,0xff,0xff,0xc0,0x00,0x00,0x00,0xc3,0xff,0xff,0xff,0xff,0xe6,0x05,
  0x00,0x00,0x00,0x00,0x00,0x00,0x9a,0xd3,0xa4,0x74,0x45,0x15,0x00,0x00,0x09,0xf9,0xff,0xff,0xff,0xff,0x99,0x00,0x00,0x00,
  0x00,0x00,0x00,0x00,0x00,0x00,0x00,0x00,0x00,0x00,0x00,0x00,0x32,0xff,0xff,0xff,0xff,0xff,0x6b,0x00,0x00,0x00,0x00,0x00,
  0x00,0x00,0x00,0x00,0x00,0x00,0x00,0x00,0x00,0x00,0x46,0xff,0xff,0xff,0xff,0xff,0x58,0x00,0x00,0x00,0x00,0x00,0x00,0x00,
  0x00,0x00,0x00,0x00,0x00,0x00,0x00,0x00,0x53,0xff,0xff,0xff,0xff,0xff,0x53,0x00,0x00,0x00,0x00,0x00,0x00,0x00,0x00,0x00,
  0x00,0x00,0x00,0x00,0x00,0x00,0x46,0xff,0xff,0xff,0xff,0xff,0x5d,0x00,0x00,0x00,0x00,0x00,0x00,0x00,0x00,0x00,0x00,0x00,
  0x00,0x00,0x00,0x00,0x33,0xff,0xff,0xff,0xff,0xff,0x7a,0x00,0x00,0x00,0x00,0x00,0x00,0x00,0x00,0x00,0x00,0x00,0x00,0x00,
  0x00,0x00,0x0a,0xf9,0xff,0xff,0xff,0xff,0xab,0x00,0x00,0x00,0x00,0x00,0x00,0x00,0x46,0xe0,0xb1,0x81,0x52,0x22,0x01,0x00,
  0x00,0xc4,0xff,0xff,0xff,0xff,0xf3,0x0f,0x00,0x00,0x00,0x00,0x00,0x00,0x92,0xff,0xff,0xff,0xff,0xfd,0x15,0x00,0x00,0x63,
  0xff,0xff,0xff,0xff,0xff,0x9e,0x00,0x00,0x00,0x00,0x00,0x21,0xf4,0xff,0xff,0xff,0xff,0xbe,0x00,0x00,0x00,0x06,0xe0,0xff,
  0xff,0xff,0xff,0xff,0xb1,0x38,0x09,0x19,0x5c,0xe4,0xff,0xff,0xff,0xff,0xff,0x46,0x00,0x00,0x00,0x00,0x39,0xfa,0xff,0xff,
  0xff,0xff,0xff,0xff,0xff,0xff,0xff,0xff,0xff,0xff,0xff,0xff,0xa8,0x00,0x00,0x00,0x00,0x00,0x00,0x54,0xf6,0xff,0xff,0xff,
  0xff,0xff,0xff,0xff,0xff,0xff,0xff,0xff,0xff,0xc0,0x0d,0x00,0x00,0x00,0x00,0x00,0x00,0x00,0x33,0xc7,0xff,0xff,0xff,0xff,
  0xff,0xff,0xff,0xff,0xff,0xfa,0x89,0x07,0x00,0x00,0x00,0x00,0x00,0x00,0x00,0x00,0x00,0x00,0x43,0x92,0xd0,0xea,0xfb,0xf3,
  0xe0,0xb3,0x73,0x19,0x00,0x00,0x00,0x00,0x00,0x00,0x00,0x00,0x00,0x00,0x00,0x00,0x00,0x44,0xb6,0xe5,0xf8,0xf6,0xd8,0x95,
  0x1e,0x00,0x00,0x00,0x00,0x00,0x00,0x00,0x00,0x00,0x00,0x00,0x00,0x00,0x00,0xb4,0xff,0xff,0xff,0xff,0xff,0xff,0xee,0x2d,
  0x00,0x00,0x00,0x00,0x00,0x00,0x00,0x00,0x00,0x00,0x00,0x00,0x00,0x3f,0x18,0x05,0x19,0x82,0xff,0xff,0xff,0xaf,0x00,0x00,
  0x00,0x00,0x00,0x00,0x00,0x00,0x00,0x00,0x00,0x00,0x00,0x00,0x00,0x00,0x00,0x02,0xf7,0xff,0xff,0xc9,0x00,0x00,0x00,0x00,
  0x00,0x00,0x00,0x00,0x00,0x00,0x00,0x26,0x1b,0x0a,0x02,0x0e,0x33,0xa5,0xff,0xff,0xff,0x7f,0x00,0x00,0x00,0x00,0x00,0x00,
  0x00,0x00,0x00,0x00,0x00,0xd0,0xff,0xff,0xff,0xff,0xff,0xff,0xff,0xfe,0x9d,0x05,0x00,0x00,0x00,0x00,0x00,0x00,0x00,0x00,
  0x00,0x00,0x00,0xd0,0xff,0xff,0xff,0xfa,0xec,0xc8,0x8d,0x31,0x00,0x00,0x00,0x00,0x00,0x00,0x00,0x00,0x00,0x00,0x00,0x01,
  0xa8,0xff,0xff,0xff,0xff,0xff,0x41,0x00,0x00,0x00,0x00,0x00,0x00,0x00,0x00,0x00,0x00,0x00,0x00,0x00,0x00,0x00,0x06,0xbd,
  0xff,0xff,0xff,0xff,0xb4,0x00,0x00,0x00,0x00,0x00,0x00,0x00,0x00,0x00,0x00,0x00,0x00,0x00,0x00,0x00,0x00,0x0e,0xcf,0xff,
  0xff,0xff,0xfe,0x29,0x00,0x00,0x00,0x00,0x00,0x00,0x00,0x00,0x00,0x00,0x00,0x00,0x00,0x00,0x00,0x00,0x18,0xde,0xff,0xff,
  0xff,0x9b,0x00,0x00,0x00,0x00,0x00,0x00,0x00,0x00,0x00,0x00,0x00,0x00,0x00,0x00,0x00,0x00,0x00,0x26,0xeb,0xff,0xff,0xf8,
  0x16,0x00,0x00,0x00,0x00,0x00,0x00,0x00,0x00,0x00,0x00,0x00,0x00,0x00,0x00,0x00,0x00,0x00,0x36,0xf4,0xff,0xff,0x82,0x00,
  0x00,0x00,0x00,0x00,0x00,0x00,0x00,0x00,0x00,0x00,0x00,0x00,0x00,0x00,0x00,0x00,0x00,0x00,0x00,0x00,0x00,0x00,0x00,0x00,
  0x00,0x00,0x00,0x00,0x00,0x00,0x00,0x00,0x00,0x00,0x00,0x00,0x00,0x00,0x00,0x00,0x00,0x00,0x00,0x00,0x00,0x00,0x00,0x00,
  0x00,0x00,0x00,0x00,0x00,0x00,0x00,0x00,0x00,0x13,0x6f,0xb9,0xe1,0xf8,0xf0,0xda,0xa9,0x60,0x0a,0x00,0x00,0x00,0x00,0x00,
  0x00,0x00,0x00,0x00,0x00,0x00,0x71,0xf0,0xff,0xff,0xff,0xff,0xff,0xff,0xff,0xff,0xe6,0x5f,0x00,0x00,0x00,0x00,0x00,0x00,
  0x00,0x00,0x05,0xa3,0xff,0xff,0xff,0xff,0xff,0xff,0xff,0xff,0xff,0xff,0xff,0xff,0x8e,0x01,0x00,0x00,0x00,0x00,0x00,0x00,
  0x8f,0xff,0xff,0xff,0xff,0xff,0xff,0xff,0xff,0xff,0xff,0xff,0xff,0xff,0xff,0x75,0x00,0x00,0x00,0x00,0x00,0x42,0xff,0xff,
  0xff,0xff,0xff,0xe6,0x5d,0x12,0x0a,0x47,0xd2,0xff,0xff,0xff,0xff,0xf9,0x29,0x00,0x00,0x00,0x00,0xbe,0xff,0xff,0xff,0xff,
  0xee,0x22,0x00,0x00,0x00,0x00,0x0d,0xd5,0xff,0xff,0xff,0xff,0x96,0x00,0x00,0x00,0x21,0xff,0xff,0xff,0xff,0xff,0x75,0x00,
  0x00,0x00,0x00,0x00,0x00,0x4a,0xff,0xff,0xff,0xff,0xf1,0x08,0x00,0x00,0x60,0xff,0xff,0xff,0xff,0xff,0x26,0x00,0x00,0x00,
  0x00,0x00,0x00,0x05,0xf6,0xff,0xff,0xff,0xff,0x36,0x00,0x00,0x92,0xff,0xff,0xff,0xff,0xff,0x06,0x00,0x00,0x00,0x00,0x00,
  0x00,0x00,0xd7,0xff,0xff,0xff,0xff,0x67,0x00,0x00,0xa7,0xff,0xff,0xff,0xff,0xff,0xff,0xff,0xff,0xff,0xff,0xff,0xff,0xff,
  0xff,0xff,0xff,0xff,0xff,0x89,0x00,0x00,0xb7,0xff,0xff,0xff,0xff,0xff,0xff,0xff,0xff,0xff,0xff,0xff,0xff,0xff,0xff,0xff,
  0xff,0xff,0xff,0x94,0x00,0x00,0xaf,0xff,0xff,0xff,0xff,0xff,0xff,0xff,0xff,0xff,0xff,0xff,0xff,0xff,0xff,0xff,0xff,0xff,
  0xff,0x9e,0x00,0x00,0x9c,0xff,0xff,0xff,0xff,0xef,0x00,0x00,0x00,0x00,0x00,0x00,0x00,0x00,0x00,0x00,0x00,0x00,0x00,0x00,
  0x00,0x00,0x6e,0xff,0xff,0xff,0xff,0xff,0x18,0x00,0x00,0x00,0x00,0x00,0x00,0x00,0x00,0x00,0x00,0x00,0x00,0x00,0x00,0x00,
  0x31,0xff,0xff,0xff,0xff,0xff,0x70,0x00,0x00,0x00,0x00,0x00,0x00,0x00,0x00,0x00,0x00,0x00,0x00,0x00,0x00,0x00,0x00,0xd3,
  0xff,0xff,0xff,0xff,0xef,0x27,0x00,0x00,0x00,0x00,0x00,0x6b,0xe3,0xb4,0x85,0x56,0x27,0x02,0x00,0x00,0x00,0x59,0xff,0xff,
  0xff,0xff,0xff,0xed,0x6b,0x1a,0x06,0x21,0x7d,0xfb,0xff,0xff,0xff,0xff,0xf8,0x1e,0x00,0x00,0x00,0x00,0xb3,0xff,0xff,0xff,
  0xff,0xff,0xff,0xff,0xff,0xff,0xff,0xff,0xff,0xff,0xff,0xff,0x7a,0x00,0x00,0x00,0x00,0x00,0x09,0xbe,0xff,0xff,0xff,0xff,
  0xff,0xff,0xff,0xff,0xff,0xff,0xff,0xff,0xff,0x9b,0x01,0x00,0x00,0x00,0x00,0x00,0x00,0x08,0x7e,0xf5,0xff,0xff,0xff,0xff,
  0xff,0xff,0xff,0xff,0xff,0xeb,0x65,0x00,0x00,0x00,0x00,0x00,0x00,0x00,0x00,0x00,0x00,0x18,0x68,0xb2,0xd9,0xef,0xfc,0xf1,
  0xd6,0xa7,0x5e,0x0a,0x00,0x00,0x00,0x00,0x00,0x00,0x00,0x00,0x00,0x00,0x00,0x00,0x00,0x00,0x00,0x5a,0xff,0xff,0xff,0xff,
  0xff,0x94,0x00,0x00,0x00,0x00,0x00,0x00,0x00,0x00,0x00,0x00,0x00,0x00,0x00,0x00,0x00,0xcb,0xff,0xff,0xff,0xff,0xad,0x02,
  0x00,0x00,0x00,0x00,0x00,0x00,0x00,0x00,0x00,0x00,0x00,0x00,0x00,0x00,0x3f,0xff,0xff,0xff,0xff,0xc2,0x08,0x00,0x00,0x00,
  0x00,0x00,0x00,0x00,0x00,0x00,0x00,0x00,0x00,0x00,0x00,0x00,0xb2,0xff,0xff,0xff,0xd4,0x10,0x00,0x00,0x00,0x00,0x00,0x00,
  0x00,0x00,0x00,0x00,0x00,0x00,0x00,0x00,0x00,0x26,0xfe,0xff,0xff,0xe3,0x1c,0x00,0x00,0x00,0x00,0x00,0x00,0x00,0x00,0x00,
  0x00,0x00,0x00,0x00,0x00,0x00,0x00,0x97,0xff,0xff,0xef,0x2b,0x00,0x00,0x00,0x00,0x00,0x00,0x00,0x00,0x00,0x00,0x00,0x00,
  0x00,0x00,0x00,0x00,0x00,0x00,0x00,0x00,0x00,0x00,0x00,0x00,0x00,0x00,0x00,0x00,0x00,0x00,0x00,0x00,0x00,0x00,0x00,0x00,
  0x00,0x00,0x00,0x00,0x00,0x00,0x00,0x00,0x00,0x00,0x00,0x00,0x00,0x00,0x00,0x00,0x00,0x00,0x00,0x00,0x00,0x00,0x00,0x13,
  0x6f,0xb9,0xe1,0xf8,0xf0,0xda,0xa9,0x60,0x0a,0x00,0x00,0x00,0x00,0x00,0x00,0x00,0x00,0x00,0x00,0x00,0x71,0xf0,0xff,0xff,
  0xff,0xff,0xff,0xff,0xff,0xff,0xe6,0x5f,0x00,0x00,0x00,0x00,0x00,0x00,0x00,0x00,0x05,0xa3,0xff,0xff,0xff,0xff,0xff,0xff,
  0xff,0xff,0xff,0xff,0xff,0xff,0x8e,0x01,0x00,0x00,0x00,0x00,0x00,0x00,0x8f,0xff,0xff,0xff,0xff,0xff,0xff,0xff,0xff,0xff,
  0xff,0xff,0xff,0xff,0xff,0x75,0x00,0x00,0x00,0x00,0x00,0x42,0xff,0xff,0xff,0xff,0xff,0xe6,0x5d,0x12,0x0a,0x47,0xd2,0xff,
  0xff,0xff,0xff,0xf9,0x29,0x00,0x00,0x00,0x00,0xbe,0xff,0xff,0xff,0xff,0xee,0x22,0x00,0x00,0x00,0x00,0x0d,0xd5,0xff,0xff,
  0xff,0xff,0x96,0x00,0x00,0x00,0x21,0xff,0xff,0xff,0xff,0xff,0x75,0x00,0x00,0x00,0x00,0x00,0x00,0x4a,0xff,0xff,0xff,0xff,
  0xf1,0x08,0x00,0x00,0x60,0xff,0xff,0xff,0xff,0xff,0x26,0x00,0x00,0x00,0x00,0x00,0x00,0x05,0xf6,0xff,0xff,0xff,0xff,0x36,
  0x00,0x00,0x92,0xff,0xff,0xff,0xff,0xff,0x06,0x00,0x00,0x00,0x00,0x00,0x00,0x00,0xd7,0xff,0xff,0xff,0xff,0x67,0x00,0x00,
  0xa7,0xff,0xff,0xff,0xff,0xff,0xff,0xff,0xff,0xff,0xff,0xff,0xff,0xff,0xff,0xff,0xff,0xff,0xff,0x89,0x00,0x00,0xb7,0xff,
  0xff,0xff,0xff,0xff,0xff,0xff,0xff,0xff,0xff,0xff,0xff,0xff,0xff,0xff,0xff,0xff,0xff,0x94,0x00,0x00,0xaf,0xff,0xff,0xff,
  0xff,0xff,0xff,0xff,0xff,0xff,0xff,0xff,0xff,0xff,0xff,0xff,0xff,0xff,0xff,0x9e,0x00,0x00,0x9c,0xff,0xff,0xff,0xff,0xef,
  0x00,0x00,0x00,0x00,0x00,0x00,0x00,0x00,0x00,0x00,0x00,0x00,0x00,0x00,0x00,0x00,0x6e,0xff,0xff,0xff,0xff,0xff,0x18,0x00,
  0x00,0x00,0x00,0x00,0x00,0x00,0x00,0x00,0x00,0x00,0x00,0x00,0x00,0x00,0x31,0xff,0xff,0xff,0xff,0xff,0x70,0x00,0x00,0x00,
  0x00,0x00,0x00,0x00,0x00,0x00,0x00,0x00,0x00,0x00,0x00,0x00,0x00,0xd3,0xff,0xff,0xff,0xff,0xef,0x27,0x00,0x00,0x00,0x00,
  0x00,0x6b,0xe3,0xb4,0x85,0x56,0x27,0x02,0x00,0x00,0x00,0x59,0xff,0xff,0xff,0xff,0xff,0xed,0x6b,0x1a,0x06,0x21,0x7d,0xfb,
  0xff,0xff,0xff,0xff,0xf8,0x1e,0x00,0x00,0x00,0x00,0xb3,0xff,0xff,0xff,0xff,0xff,0xff,0xff,0xff,0xff,0xff,0xff,0xff,0xff,
  0xff,0xff,0x7a,0x00,0x00,0x00,0x00,0x00,0x09,0xbe,0xff,0xff,0xff,0xff,0xff,0xff,0xff,0xff,0xff,0xff,0xff,0xff,0xff,0x9b,
  0x01,0x00,0x00,0x00,0x00,0x00,0x00,0x08,0x7e,0xf5,0xff,0xff,0xff,0xff,0xff,0xff,0xff,0xff,0xff,0xeb,0x65,0x00,0x00,0x00,
  0x00,0x00,0x00,0x00,0x00,0x00,0x00,0x18,0x68,0xb2,0xd9,0xef,0xfc,0xf1,0xd6,0xa7,0x5e,0x0a,0x00,0x00,0x00,0x00,0x00,0x00,
  0x00,0x00,0x00,0x00,0x00,0x00,0x09,0xd9,0xff,0xff,0xff,0xff,0xd5,0x07,0x00,0x00,0x00,0x00,0x00,0x00,0x00,0x00,0x00,0x00,
  0x00,0x00,0x00,0x00,0x92,0xff,0xff,0xff,0xff,0xff,0xff,0x8a,0x00,0x00,0x00,0x00,0x00,0x00,0x00,0x00,0x00,0x00,0x00,0x00,
  0x00,0x42,0xfe,0xff,0xff,0xff,0xff,0xff,0xff,0xfd,0x39,0x00,0x00,0x00,0x00,0x00,0x00,0x00,0x00,0x00,0x00,0x00,0x0e,0xe1,
  0xff,0xff,0xff,0x8e,0xb6,0xff,0xff,0xff,0xd9,0x09,0x00,0x00,0x00,0x00,0x00,0x00,0x00,0x00,0x00,0x00,0x9e,0xff,0xff,0xff,
  0xd2,0x07,0x13,0xe2,0xff,0xff,0xff,0x90,0x00,0x00,0x00,0x00,0x00,0x00,0x00,0x00,0x00,0x4c,0xff,0xff,0xff,0xf8,0x2d,0x00,
  0x00,0x3a,0xfb,0xff,0xff,0xfe,0x3f,0x00,0x00,0x00,0x00,0x00,0x00,0x00,0x00,0x00,0x00,0x00,0x00,0x00,0x00,0x00,0x00,0x00,
  0x00,0x00,0x00,0x00,0x00,0x00,0x00,0x00,0x00,0x00,0x00,0x00,0x00,0x00,0x00,0x00,0x00,0x00,0x00,0x00,0x00,0x00,0x00,0x00,
  0x00,0x00,0x00,0x00,0x00,0x00,0x00,0x00,0x00,0x00,0x00,0x00,0x00,0x13,0x6f,0xb9,0xe1,0xf8,0xf0,0xda,0xa9,0x60,0x0a,0x00,
  0x00,0x00,0x00,0x00,0x00,0x00,0x00,0x00,0x00,0x00,0x71,0xf0,0xff,0xff,0xff,0xff,0xff,0xff,0xff,0xff,0xe6,0x5f,0x00,0x00,
  0x00,0x00,0x00,0x00,0x00,0x00,0x05,0xa3,0xff,0xff,0xff,0xff,0xff,0xff,0xff,0xff,0xff,0xff,0xff,0xff,0x8e,0x01,0x00,0x00,
  0x00,0x00,0x00,0x00,0x8f,0xff,0xff,0xff,0xff,0xff,0xff,0xff,0xff,0xff,0xff,0xff,0xff,0xff,0xff,0x75,0x00,0x00,0x00,0x00,
  0x00,0x42,0xff,0xff,0xff,0xff,0xff,0xe6,0x5d,0x12,0x0a,0x47,0xd2,0xff,0xff,0xff,0xff,0xf9,0x29,0x00,0x00,0x00,0x00,0xbe,
  0xff,0xff,0xff,0xff,0xee,0x22,0x00,0x00,0x00,0x00,0x0d,0xd5,0xff,0xff,0xff,0xff,0x96,0x00,0x00,0x00,0x21,0xff,0xff,0xff,
  0xff,0xff,0x75,0x00,0x00,0x00,0x00,0x00,0x00,0x4a,0xff,0xff,0xff,0xff,0xf1,0x08,0x00,0x00,0x60,0xff,0xff,0xff,0xff,0xff,
  0x26,0x00,0x00,0x00,0x00,0x00,0x00,0x05,0xf6,0xff,0xff,0xff,0xff,0x36,0x00,0x00,0x92,0xff,0xff,0xff,0xff,0xff,0x06,0x00,
  0x00,0x00,0x00,0x00,0x00,0x00,0xd7,0xff,0xff,0xff,0xff,0x67,0x00,0x00,0xa7,0xff,0xff,0xff,0xff,0xff,0xff,0xff,0xff,0xff,
  0xff,0xff,0xff,0xff,0xff,0xff,0xff,0xff,0xff,0x89,0x00,0x00,0xb7,0xff,0xff,0xff,0xff,0xff,0xff,0xff,0xff,0xff,0xff,0xff,
  0xff,0xff,0xff,0xff,0xff,0xff,0xff,0x94,0x00,0x00,0xaf,0xff,0xff,0xff,0xff,0xff,0xff,0xff,0xff,0xff,0xff,0xff,0xff,0xff,
  0xff,0xff,0xff,0xff,0xff,0x9e,0x00,0x00,0x9c,0xff,0xff,0xff,0xff,0xef,0x00,0x00,0x00,0x00,0x00,0x00,0x00,0x00,0x00,0x00,
  0x00,0x00,0x00,0x00,0x00,0x00,0x6e,0xff,0xff,0xff,0xff,0xff,0x18,0x00,0x00,0x00,0x00,0x00,0x00,0x00,0x00,0x00,0x00,0x00,
  0x00,0x00,0x00,0x00,0x31,0xff,0xff,0xff,0xff,0xff,0x70,0x00,0x00,0x00,0x00,0x00,0x00,0x00,0x00,0x00,0x00,0x00,0x00,0x00,
  0x00,0x00,0x00,0xd3,0xff,0xff,0xff,0xff,0xef,0x27,0x00,0x00,0x00,0x00,0x00,0x6b,0xe3,0xb4,0x85,0x56,0x27,0x02,0x00,0x00,
  0x00,0x59,0xff,0xff,0xff,0xff,0xff,0xed,0x6b,0x1a,0x06,0x21,0x7d,0xfb,0xff,0xff,0xff,0xff,0xf8,0x1e,0x00,0x00,0x00,0x00,
  0xb3,0xff,0xff,0xff,0xff,0xff,0xff,0xff,0xff,0xff,0xff,0xff,0xff,0xff,0xff,0xff,0x7a,0x00,0x00,0x00,0x00,0x00,0x09,0xbe,
  0xff,0xff,0xff,0xff,0xff,0xff,0xff,0xff,0xff,0xff,0xff,0xff,0xff,0x9b,0x01,0x00,0x00,0x00,0x00,0x00,0x00,0x08,0x7e,0xf5,
  0xff,0xff,0xff,0xff,0xff,0xff,0xff,0xff,0xff,0xeb,0x65,0x00,0x00,0x00,0x00,0x00,0x00,0x00,0x00,0x00,0x00,0x18,0x68,0xb2,
  0xd9,0xef,0xfc,0xf1,0xd6,0xa7,0x5e,0x0a,0x00,0x00,0x00,0x00,0x00,0x00,0x00,0x00,0x00,0x9c,0xff,0xff,0xff,0xff,0x1c,0x00,
  0x00,0x34,0xff,0xff,0xff,0xff,0x84,0x00,0x00,0x00,0x00,0x00,0x00,0x00,0x00,0x9c,0xff,0xff,0xff,0xff,0x1c,0x00,0x00,0x34,
  0xff,0xff,0xff,0xff,0x84,0x00,0x00,0x00,0x00,0x00,0x00,0x00,0x00,0x9c,0xff,0xff,0xff,0xff,0x1c,0x00,0x00,0x34,0xff,0xff,
  0xff,0xff,0x84,0x00,0x00,0x00,0x00,0x00,0x00,0x00,0x00,0x9c,0xff,0xff,0xff,0xff,0x1c,0x00,0x00,0x34,0xff,0xff,0xff,0xff,
  0x84,0x00,0x00,0x00,0x00,0x00,0x00,0x00,0x00,0x00,0x00,0x00,0x00,0x00,0x00,0x00,0x00,0x00,0x00,0x00,0x00,0x00,0x00,0x00,
  0x00,0x00,0x00,0x00,0x00,0x00,0x00,0x00,0x00,0x00,0x00,0x00,0x00,0x00,0x00,0x00,0x00,0x00,0x00,0x00,0x00,0x00,0x00,0x00,
  0x00,0x00,0x00,0x00,0x00,0x00,0x00,0x13,0x6f,0xb9,0xe1,0xf8,0xf0,0xda,0xa9,0x60,0x0a,0x00,0x00,0x00,0x00,0x00,0x00,0x00,
  0x00,0x00,0x00,0x00,0x71,0xf0,0xff,0xff,0xff,0xff,0xff,0xff,0xff,0xff,0xe6,0x5f,0x00,0x00,0x00,0x00,0x00,0x00,0x00,0x00,
  0x05,0xa3,0xff,0xff,0xff,0xff,0xff,0xff,0xff,0xff,0xff,0xff,0xff,0xff,0x8e,0x01,0x00,0x00,0x00,0x00,0x00,0x00,0x8f,0xff,
  0xff,0xff,0xff,0xff,0xff,0xff,0xff,0xff,0xff,0xff,0xff,0xff,0xff,0x75,0x00,0x00,0x00,0x00,0x00,0x42,0xff,0xff,0xff,0xff,
  0xff,0xe6,0x5d,0x12,0x0a,0x47,0xd2,0xff,0xff,0xff,0xff,0xf9,0x29,0x00,0x00,0x00,0x00,0xbe,0xff,0xff,0xff,0xff,0xee,0x22,
  0x00,0x00,0x00,0x00,0x0d,0xd5,0xff,0xff,0xff,0xff,0x96,0x00,0x00,0x00,0x21,0xff,0xff,0xff,0xff,0xff,0x75,0x00,0x00,0x00,
  0x00,0x00,0x00,0x4a,0xff,0xff,0xff,0xff,0xf1,0x08,0x00,0x00,0x60,0xff,0xff,0xff,0xff,0xff,0x26,0x00,0x00,0x00,0x00,0x00,
  0x00,0x05,0xf6,0xff,0xff,0xff,0xff,0x36,0x00,0x00,0x92,0xff,0xff,0xff,0xff,0xff,0x06,0x00,0x00,0x00,0x00,0x00,0x00,0x00,
  0xd7,0xff,0xff,0xff,0xff,0x67,0x00,0x00,0xa7,0xff,0xff,0xff,0xff,0xff,0xff,0xff,0xff,0xff,0xff,0xff,0xff,0xff,0xff,0xff,
  0xff,0xff,0xff,0x89,0x00,0x00,0xb7,0xff,0xff,0xff,0xff,0xff,0xff,0xff,0xff,0xff,0xff,0xff,0xff,0xff,0xff,0xff,0xff,0xff,
  0xff,0x94,0x00,0x00,0xaf,0xff,0xff,0xff,0xff,0xff,0xff,0xff,0xff,0xff,0xff,0xff,0xff,0xff,0xff,0xff,0xff,0xff,0xff,0x9e,
  0x00,0x00,0x9c,0xff,0xff,0xff,0xff,0xef,0x00,0x00,0x00,0x00,0x00,0x00,0x00,0x00,0x00,0x00,0x00,0x00,0x00,0x00,0x00,0x00,
  0x6e,0xff,0xff,0xff,0xff,0xff,0x18,0x00,0x00,0x00,0x00,0x00,0x00,0x00,0x00,0x00,0x00,0x00,0x00,0x00,0x00,0x00,0x31,0xff,
  0xff,0xff,0xff,0xff,0x70,0x00,0x00,0x00,0x00,0x00,0x00,0x00,0x00,0x00,0x00,0x00,0x00,0x00,0x00,0x00,0x00,0xd3,0xff,0xff,
  0xff,0xff,0xef,0x27,0x00,0x00,0x00,0x00,0x00,0x6b,0xe3,0xb4,0x85,0x56,0x27,0x02,0x00,0x00,0x00,0x59,0xff,0xff,0xff,0xff,
  0xff,0xed,0x6b,0x1a,0x06,0x21,0x7d,0xfb,0xff,0xff,0xff,0xff,0xf8,0x1e,0x00,0x00,0x00,0x00,0xb3,0xff,0xff,0xff,0xff,0xff,
  0xff,0xff,0xff,0xff,0xff,0xff,0xff,0xff,0xff,0xff,0x7a,0x00,0x00,0x00,0x00,0x00,0x09,0xbe,0xff,0xff,0xff,0xff,0xff,0xff,
  0xff,0xff,0xff,0xff,0xff,0xff,0xff,0x9b,0x01,0x00,0x00,0x00,0x00,0x00,0x00,0x08,0x7e,0xf5,0xff,0xff,0xff,0xff,0xff,0xff,
  0xff,0xff,0xff,0xeb,0x65,0x00,0x00,0x00,0x00,0x00,0x00,0x00,0x00,0x00,0x00,0x18,0x68,0xb2,0xd9,0xef,0xfc,0xf1,0xd6,0xa7,
  0x5e,0x0a,0x00,0x00,0x00,0x00,0x00,0x1b,0xe2,0xff,0xff,0xff,0xff,0xe6,0x06,0x00,0x00,0x00,0x00,0x00,0x29,0xed,0xff,0xff,
  0xff,0xff,0x60,0x00,0x00,0x00,0x00,0x00,0x00,0x3a,0xf6,0xff,0xff,0xff,0xd3,0x00,0x00,0x00,0x00,0x00,0x00,0x00,0x4f,0xfc,
  0xff,0xff,0xff,0x47,0x00,0x00,0x00,0x00,0x00,0x00,0x00,0x66,0xff,0xff,0xff,0xba,0x00,0x00,0x00,0x00,0x00,0x00,0x00,0x00,
  0x7f,0xff,0xff,0xff,0x2e,0x00,0x00,0x00,0x00,0x00,0x00,0x00,0x00,0x00,0x00,0x00,0x00,0x00,0x00,0x00,0x00,0x00,0x00,0x00,
  0x00,0x00,0x00,0x00,0x00,0x00,0x00,0x00,0x00,0x00,0x20,0xff,0xff,0xff,0xff,0xff,0x5c,0x00,0x00,0x00,0x00,0x00,0x20,0xff,
  0xff,0xff,0xff,0xff,0x5c,0x00,0x00,0x00,0x00,0x00,0x20,0xff,0xff,0xff,0xff,0xff,0x5c,0x00,0x00,0x00,0x00,0x00,0x20,0xff,
  0xff,0xff,0xff,0xff,0x5c,0x00,0x00,0x00,0x00,0x00,0x20,0xff,0xff,0xff,0xff,0xff,0x5c,0x00,0x00,0x00,0x00,0x00,0x20,0xff,
  0xff,0xff,0xff,0xff,0x5c,0x00,0x00,0x00,0x00,0x00,0x20,0xff,0xff,0xff,0xff,0xff,0x5c,0x00,0x00,0x00,0x00,0x00,0x20,0xff,
  0xff,0xff,0xff,0xff,0x5c,0x00,0x00,0x00,0x00,0x00,0x20,0xff,0xff,0xff,0xff,0xff,0x5c,0x00,0x00,0x00,0x00,0x00,0x20,0xff,
  0xff,0xff,0xff,0xff,0x5c,0x00,0x00,0x00,0x00,0x00,0x20,0xff,0xff,0xff,0xff,0xff,0x5c,0x00,0x00,0x00,0x00,0x00,0x20,0xff,
  0xff,0xff,0xff,0xff,0x5c,0x00,0x00,0x00,0x00,0x00,0x20,0xff,0xff,0xff,0xff,0xff,0x5c,0x00,0x00,0x00,0x00,0x00,0x20,0xff,
  0xff,0xff,0xff,0xff,0x5c,0x00,0x00,0x00,0x00,0x00,0x20,0xff,0xff,0xff,0xff,0xff,0x5c,0x00,0x00,0x00,0x00,0x00,0x20,0xff,
  0xff,0xff,0xff,0xff,0x5c,0x00,0x00,0x00,0x00,0x00,0x20,0xff,0xff,0xff,0xff,0xff,0x5c,0x00,0x00,0x00,0x00,0x00,0x20,0xff,
  0xff,0xff,0xff,0xff,0x5c,0x00,0x00,0x00,0x00,0x00,0x20,0xff,0xff,0xff,0xff,0xff,0x5c,0x00,0x00,0x00,0x00,0x00,0x20,0xff,
  0xff,0xff,0xff,0xff,0x5c,0x00,0x00,0x00,0x00,0x00,0x20,0xff,0xff,0xff,0xff,0xff,0x5c,0x00,0x00,0x00,0x00,0x00,0x00,0x18,
  0xf9,0xff,0xff,0xff,0xff,0xcf,0x0d,0x00,0x00,0x00,0x00,0x84,0xff,0xff,0xff,0xff,0xdf,0x18,0x00,0x00,0x00,0x00,0x0a,0xec,
  0xff,0xff,0xff,0xeb,0x26,0x00,0x00,0x00,0x00,0x00,0x6a,0xff,0xff,0xff,0xf5,0x37,0x00,0x00,0x00,0x00,0x00,0x02,0xda,0xff,
  0xff,0xfc,0x4b,0x00,0x00,0x00,0x00,0x00,0x00,0x4f,0xff,0xff,0xff,0x63,0x00,0x00,0x00,0x00,0x00,0x00,0x00,0x00,0x00,0x00,
  0x00,0x00,0x00,0x00,0x00,0x00,0x00,0x00,0x00,0x00,0x00,0x00,0x00,0x00,0x00,0x00,0x00,0x00,0x00,0x00,0x00,0x20,0xff,0xff,
  0xff,0xff,0xff,0x5c,0x00,0x00,0x00,0x00,0x00,0x20,0xff,0xff,0xff,0xff,0xff,0x5c,0x00,0x00,0x00,0x00,0x00,0x20,0xff,0xff,
  0xff,0xff,0xff,0x5c,0x00,0x00,0x00,0x00,0x00,0x20,0xff,0xff,0xff,0xff,0xff,0x5c,0x00,0x00,0x00,0x00,0x00,0x20,0xff,0xff,
  0xff,0xff,0xff,0x5c,0x00,0x00,0x00,0x00,0x00,0x20,0xff,0xff,0xff,0xff,0xff,0x5c,0x00,0x00,0x00,0x00,0x00,0x20,0xff,0xff,
  0xff,0xff,0xff,0x5c,0x00,0x00,0x00,0x00,0x00,0x20,0xff,0xff,0xff,0xff,0xff,0x5c,0x00,0x00,0x00,0x00,0x00,0x20,0xff,0xff,
  0xff,0xff,0xff,0x5c,0x00,0x00,0x00,0x00,0x00,0x20,0xff,0xff,0xff,0xff,0xff,0x5c,0x00,0x00,0x00,0x00,0x00,0x20,0xff,0xff,
  0xff,0xff,0xff,0x5c,0x00,0x00,0x00,0x00,0x00,0x20,0xff,0xff,0xff,0xff,0xff,0x5c,0x00,0x00,0x00,0x00,0x00,0x20,0xff,0xff,
  0xff,0xff,0xff,0x5c,0x00,0x00,0x00,0x00,0x00,0x20,0xff,0xff,0xff,0xff,0xff,0x5c,0x00,0x00,0x00,0x00,0x00,0x20,0xff,0xff,
  0xff,0xff,0xff,0x5c,0x00,0x00,0x00,0x00,0x00,0x20,0xff,0xff,0xff,0xff,0xff,0x5c,0x00,0x00,0x00,0x00,0x00,0x20,0xff,0xff,
  0xff,0xff,0xff,0x5c,0x00,0x00,0x00,0x00,0x00,0x20,0xff,0xff,0xff,0xff,0xff,0x5c,0x00,0x00,0x00,0x00,0x00,0x20,0xff,0xff,
  0xff,0xff,0xff,0x5c,0x00,0x00,0x00,0x00,0x00,0x20,0xff,0xff,0xff,0xff,0xff,0x5c,0x00,0x00,0x00,0x00,0x00,0x20,0xff,0xff,
  0xff,0xff,0xff,0x5c,0x00,0x00,0x00,0x00,0x00,0x00,0x40,0xfe,0xff,0xff,0xff,0xff,0x81,0x00,0x00,0x00,0x00,0x00,0x00,0x0d,
  0xe0,0xff,0xff,0xff,0xff,0xff,0xfb,0x33,0x00,0x00,0x00,0x00,0x00,0x9d,0xff,0xff,0xff,0xff,0xff,0xff,0xff,0xd4,0x07,0x00,
  0x00,0x00,0x4b,0xff,0xff,0xff,0xfb,0x59,0xf0,0xff,0xff,0xff,0x87,0x00,0x00,0x13,0xe7,0xff,0xff,0xff,0x7d,0x00,0x52,0xff,
  0xff,0xff,0xfc,0x37,0x00,0xa9,0xff,0xff,0xff,0xc6,0x03,0x00,0x00,0x91,0xff,0xff,0xff,0xd8,0x09,0x00,0x00,0x00,0x00,0x00,
  0x00,0x00,0x00,0x00,0x00,0x00,0x00,0x00,0x00,0x00,0x00,0x00,0x00,0x00,0x00,0x00,0x00,0x00,0x00,0x00,0x00,0x00,0x00,0x00,
  0x00,0x00,0x20,0xff,0xff,0xff,0xff,0xff,0x5c,0x00,0x00,0x00,0x00,0x00,0x00,0x00,0x20,0xff,0xff,0xff,0xff,0xff,0x5c,0x00,
  0x00,0x00,0x00,0x00,0x00,0x00,0x20,0xff,0xff,0xff,0xff,0xff,0x5c,0x00,0x00,0x00,0x00,0x00,0x00,0x00,0x20,0xff,0xff,0xff,
  0xff,0xff,0x5c,0x00,0x00,0x00,0x00,0x00,0x00,0x00,0x20,0xff,0xff,0xff,0xff,0xff,0x5c,0x00,0x00,0x00,0x00,0x00,0x00,0x00,
  0x20,0xff,0xff,0xff,0xff,0xff,0x5c,0x00,0x00,0x00,0x00,0x00,0x00,0x00,0x20,0xff,0xff,0xff,0xff,0xff,0x5c,0x00,0x00,0x00,
  0x00,0x00,0x00,0x00,0x20,0xff,0xff,0xff,0xff,0xff,0x5c,0x00,0x00,0x00,0x00,0x00,0x00,0x00,0x20,0xff,0xff,0xff,0xff,0xff,
  0x5c,0x00,0x00,0x00,0x00,0x00,0x00,0x00,0x20,0xff,0xff,0xff,0xff,0xff,0x5c,0x00,0x00,0x00,0x00,0x00,0x00,0x00,0x20,0xff,
  0xff,0xff,0xff,0xff,0x5c,0x00,0x00,0x00,0x00,0x00,0x00,0x00,0x20,0xff,0xff,0xff,0xff,0xff,0x5c,0x00,0x00,0x00,0x00,0x00,
  0x00,0x00,0x20,0xff,0xff,0xff,0xff,0xff,0x5c,0x00,0x00,0x00,0x00,0x00,0x00,0x00,0x20,0xff,0xff,0xff,0xff,0xff,0x5c,0x00,
  0x00,0x00,0x00,0x00,0x00,0x00,0x20,0xff,0xff,0xff,0xff,0xff,0x5c,0x00,0x00,0x00,0x00,0x00,0x00,0x00,0x20,0xff,0xff,0xff,
  0xff,0xff,0x5c,0x00,0x00,0x00,0x00,0x00,0x00,0x00,0x20,0xff,0xff,0xff,0xff,0xff,0x5c,0x00,0x00,0x00,0x00,0x00,0x00,0x00,
  0x20,0xff,0xff,0xff,0xff,0xff,0x5c,0x00,0x00,0x00,0x00,0x00,0x00,0x00,0x20,0xff,0xff,0xff,0xff,0xff,0x5c,0x00,0x00,0x00,
  0x00,0x00,0x00,0x00,0x20,0xff,0xff,0xff,0xff,0xff,0x5c,0x00,0x00,0x00,0x00,0x00,0x00,0x00,0x20,0xff,0xff,0xff,0xff,0xff,
  0x5c,0x00,0x00,0x00,0x00,0xf0,0xff,0xff,0xff,0xc8,0x00,0x00,0x00,0x88,0xff,0xff,0xff,0xff,0x30,0xf0,0xff,0xff,0xff,0xc8,
  0x00,0x00,0x00,0x88,0xff,0xff,0xff,0xff,0x30,0xf0,0xff,0xff,0xff,0xc8,0x00,0x00,0x00,0x88,0xff,0xff,0xff,0xff,0x30,0xf0,
  0xff,0xff,0xff,0xc8,0x00,0x00,0x00,0x88,0xff,0xff,0xff,0xff,0x30,0x00,0x00,0x00,0x00,0x00,0x00,0x00,0x00,0x00,0x00,0x00,
  0x00,0x00,0x00,0x00,0x00,0x00,0x00,0x00,0x00,0x00,0x00,0x00,0x00,0x00,0x00,0x00,0x00,0x00,0x00,0x00,0x20,0xff,0xff,0xff,
  0xff,0xff,0x5c,0x00,0x00,0x00,0x00,0x00,0x00,0x00,0x20,0xff,0xff,0xff,0xff,0xff,0x5c,0x00,0x00,0x00,0x00,0x00,0x00,0x00,
  0x20,0xff,0xff,0xff,0xff,0xff,0x5c,0x00,0x00,0x00,0x00,0x00,0x00,0x00,0x20,0xff,0xff,0xff,0xff,0xff,0x5c,0x00,0x00,0x00,
  0x00,0x00,0x00,0x00,0x20,0xff,0xff,0xff,0xff,0xff,0x5c,0x00,0x00,0x00,0x00,0x00,0x00,0x00,0x20,0xff,0xff,0xff,0xff,0xff,
  0x5c,0x00,0x00,0x00,0x00,0x00,0x00,0x00,0x20,0xff,0xff,0xff,0xff,0xff,0x5c,0x00,0x00,0x00,0x00,0x00,0x00,0x00,0x20,0xff,
  0xff,0xff,0xff,0xff,0x5c,0x00,0x00,0x00,0x00,0x00,0x00,0x00,0x20,0xff,0xff,0xff,0xff,0xff,0x5c,0x00,0x00,0x00,0x00,0x00,
  0x00,0x00,0x20,0xff,0xff,0xff,0xff,0xff,0x5c,0x00,0x00,0x00,0x00,0x00,0x00,0x00,0x20,0xff,0xff,0xff,0xff,0xff,0x5c,0x00,
  0x00,0x00,0x00,0x00,0x00,0x00,0x20,0xff,0xff,0xff,0xff,0xff,0x5c,0x00,0x00,0x00,0x00,0x00,0x00,0x00,0x20,0xff,0xff,0xff,
  0xff,0xff,0x5c,0x00,0x00,0x00,0x00,0x00,0x00,0x00,0x20,0xff,0xff,0xff,0xff,0xff,0x5c,0x00,0x00,0x00,0x00,0x00,0x00,0x00,
  0x20,0xff,0xff,0xff,0xff,0xff,0x5c,0x00,0x00,0x00,0x00,0x00,0x00,0x00,0x20,0xff,0xff,0xff,0xff,0xff,0x5c,0x00,0x00,0x00,
  0x00,0x00,0x00,0x00,0x20,0xff,0xff,0xff,0xff,0xff,0x5c,0x00,0x00,0x00,0x00,0x00,0x00,0x00,0x20,0xff,0xff,0xff,0xff,0xff,
  0x5c,0x00,0x00,0x00,0x00,0x00,0x00,0x00,0x20,0xff,0xff,0xff,0xff,0xff,0x5c,0x00,0x00,0x00,0x00,0x00,0x00,0x00,0x20,0xff,
  0xff,0xff,0xff,0xff,0x5c,0x00,0x00,0x00,0x00,0x00,0x00,0x00,0x20,0xff,0xff,0xff,0xff,0xff,0x5c,0x00,0x00,0x00,0x00,0x00,
  0x00,0x00,0x00,0x00,0x00,0x1a,0xc3,0xff,0xff,0xff,0xff,0xbc,0x12,0x00,0x01,0x52,0xcb,0x22,0x00,0x00,0x00,0x00,0x00,0x00,
  0x00,0x00,0x00,0x00,0x00,0x00,0x04,0x8d,0xff,0xff,0xff,0xff,0xdb,0x67,0xd2,0xff,0xff,0x8c,0x00,0x00,0x00,0x00,0x00,0x00,
  0x00,0x00,0x00,0x00,0x00,0x00,0x00,0x00,0x65,0xfb,0xff,0xff,0xff,0xff,0xff,0xd3,0x5e,0x04,0x00,0x00,0x00,0x00,0x00,0x00,
  0x00,0x00,0x00,0x00,0x00,0x00,0x00,0x00,0x06,0xa2,0xff,0xff,0xff,0xff,0xff,0x53,0x00,0x00,0x00,0x00,0x00,0x00,0x00,0x00,
  0x00,0x00,0x00,0x00,0x00,0x00,0x0a,0x6f,0xe4,0xff,0xff,0xff,0xff,0xff,0xff,0xf8,0x43,0x00,0x00,0x00,0x00,0x00,0x00,0x00,
  0x00,0x00,0x00,0x00,0x00,0x40,0xea,0xff,0xff,0xc8,0x4e,0x66,0xff,0xff,0xff,0xff,0xf0,0x24,0x00,0x00,0x00,0x00,0x00,0x00,
  0x00,0x00,0x00,0x00,0x00,0x16,0xf6,0xbd,0x43,0x00,0x00,0x00,0xa9,0xff,0xff,0xff,0xff,0xd2,0x0a,0x00,0x00,0x00,0x00,0x00,
  0x00,0x00,0x00,0x00,0x00,0x00,0x1d,0x00,0x00,0x00,0x00,0x00,0x15,0xee,0xff,0xff,0xff,0xff,0x8e,0x00,0x00,0x00,0x00,0x00,
  0x00,0x00,0x00,0x00,0x00,0x00,0x4d,0xa6,0xe0,0xf8,0xf0,0xc3,0x6d,0x76,0xff,0xff,0xff,0xff,0xfc,0x33,0x00,0x00,0x00,0x00,
  0x00,0x00,0x00,0x00,0x21,0xc5,0xff,0xff,0xff,0xff,0xff,0xff,0xff,0xea,0xff,0xff,0xff,0xff,0xff,0xba,0x00,0x00,0x00,0x00,
  0x00,0x00,0x00,0x37,0xec,0xff,0xff,0xff,0xff,0xff,0xff,0xff,0xff,0xff,0xff,0xff,0xff,0xff,0xff,0xff,0x38,0x00,0x00,0x00,
  0x00,0x00,0x22,0xea,0xff,0xff,0xff,0xff,0xff,0xff,0xff,0xff,0xff,0xff,0xff,0xff,0xff,0xff,0xff,0xff,0xa0,0x00,0x00,0x00,
  0x00,0x01,0xc9,0xff,0xff,0xff,0xff,0xff,0xe3,0x5f,0x14,0x0a,0x3b,0xb4,0xff,0xff,0xff,0xff,0xff,0xff,0xf4,0x0a,0x00,0x00,
  0x00,0x56,0xff,0xff,0xff,0xff,0xff,0xd9,0x17,0x00,0x00,0x00,0x00,0x00,0x8b,0xff,0xff,0xff,0xff,0xff,0xff,0x4b,0x00,0x00,
  0x00,0xbf,0xff,0xff,0xff,0xff,0xff,0x37,0x00,0x00,0x00,0x00,0x00,0x00,0x02,0xc3,0xff,0xff,0xff,0xff,0xff,0x8f,0x00,0x00,
  0x0e,0xfa,0xff,0xff,0xff,0xff,0xc5,0x00,0x00,0x00,0x00,0x00,0x00,0x00,0x00,0x46,0xff,0xff,0xff,0xff,0xff,0xbd,0x00,0x00,
  0x3a,0xff,0xff,0xff,0xff,0xff,0x84,0x00,0x00,0x00,0x00,0x00,0x00,0x00,0x00,0x05,0xf6,0xff,0xff,0xff,0xff,0xde,0x00,0x00,
  0x50,0xff,0xff,0xff,0xff,0xff,0x64,0x00,0x00,0x00,0x00,0x00,0x00,0x00,0x00,0x00,0xd2,0xff,0xff,0xff,0xff,0xed,0x00,0x00,
  0x59,0xff,0xff,0xff,0xff,0xff,0x5b,0x00,0x00,0x00,0x00,0x00,0x00,0x00,0x00,0x00,0xc4,0xff,0xff,0xff,0xff,0xe6,0x00,0x00,
  0x46,0xff,0xff,0xff,0xff,0xff,0x68,0x00,0x00,0x00,0x00,0x00,0x00,0x00,0x00,0x00,0xd0,0xff,0xff,0xff,0xff,0xd2,0x00,0x00,
  0x2a,0xff,0xff,0xff,0xff,0xff,0x8d,0x00,0x00,0x00,0x00,0x00,0x00,0x00,0x00,0x02,0xf2,0xff,0xff,0xff,0xff,0xb0,0x00,0x00,
  0x01,0xe9,0xff,0xff,0xff,0xff,0xcf,0x00,0x00,0x00,0x00,0x00,0x00,0x00,0x00,0x3a,0xff,0xff,0xff,0xff,0xff,0x6e,0x00,0x00,
  0x00,0x9f,0xff,0xff,0xff,0xff,0xff,0x3e,0x00,0x00,0x00,0x00,0x00,0x00,0x00,0xb1,0xff,0xff,0xff,0xff,0xfd,0x23,0x00,0x00,
  0x00,0x29,0xfd,0xff,0xff,0xff,0xff,0xdd,0x1a,0x00,0x00,0x00,0x00,0x00,0x72,0xff,0xff,0xff,0xff,0xff,0xa6,0x00,0x00,0x00,
  0x00,0x00,0x97,0xff,0xff,0xff,0xff,0xff,0xe5,0x61,0x15,0x08,0x33,0xa4,0xff,0xff,0xff,0xff,0xff,0xf1,0x23,0x00,0x00,0x00,
  0x00,0x00,0x07,0xc8,0xff,0xff,0xff,0xff,0xff,0xff,0xff,0xff,0xff,0xff,0xff,0xff,0xff,0xff,0xfe,0x4d,0x00,0x00,0x00,0x00,
  0x00,0x00,0x00,0x11,0xbb,0xff,0xff,0xff,0xff,0xff,0xff,0xff,0xff,0xff,0xff,0xff,0xff,0xf4,0x52,0x00,0x00,0x00,0x00,0x00,
  0x00,0x00,0x00,0x00,0x04,0x79,0xef,0xff,0xff,0xff,0xff,0xff,0xff,0xff,0xff,0xff,0xb8,0x2b,0x00,0x00,0x00,0x00,0x00,0x00,
  0x00,0x00,0x00,0x00,0x00,0x00,0x10,0x66,0xad,0xdc,0xf2,0xf8,0xe4,0xc7,0x85,0x35,0x00,0x00,0x00,0x00,0x00,0x00,0x00,0x00,
  0x00,0x00,0x00,0x00,0x00,0x0f,0x9d,0xee,0xf0,0xbf,0x53,0x01,0x00,0x00,0x00,0x9a,0xff,0xff,0x04,0x00,0x00,0x00,0x00,0x00,
  0x00,0x00,0x00,0x00,0x00,0xb2,0xff,0xff,0xff,0xff,0xff,0xd2,0x60,0x15,0x2e,0xef,0xff,0xed,0x00,0x00,0x00,0x00,0x00,0x00,
  0x00,0x00,0x00,0x00,0x2f,0xff,0xff,0xff,0xff,0xff,0xff,0xff,0xff,0xff,0xff,0xff,0xff,0xb6,0x00,0x00,0x00,0x00,0x00,0x00,
  0x00,0x00,0x00,0x00,0x5d,0xff,0xff,0x7a,0x0d,0x40,0xa3,0xf8,0xff,0xff,0xff,0xff,0xfe,0x46,0x00,0x00,0x00,0x00,0x00,0x00,
  0x00,0x00,0x00,0x00,0x75,0xff,0xff,0x19,0x00,0x00,0x00,0x19,0x85,0xd9,0xf8,0xd9,0x58,0x00,0x00,0x00,0x00,0x00,0x00,0x00,
  0x00,0x00,0x00,0x00,0x00,0x00,0x00,0x00,0x00,0x00,0x00,0x00,0x00,0x00,0x00,0x00,0x00,0x00,0x00,0x00,0x00,0x00,0x00,0x00,
  0x00,0x00,0x00,0x00,0x00,0x00,0x00,0x00,0x00,0x00,0x00,0x00,0x00,0x00,0x00,0x00,0x00,0x00,0x00,0x00,0x00,0x00,0x00,0x00,
  0x00,0x2c,0xff,0xff,0xff,0xff,0xf0,0x00,0x00,0x0c,0x65,0xb5,0xe0,0xf7,0xee,0xcf,0x86,0x22,0x00,0x00,0x00,0x00,0x00,0x00,
  0x00,0x2c,0xff,0xff,0xff,0xff,0xf0,0x00,0x54,0xe4,0xff,0xff,0xff,0xff,0xff,0xff,0xff,0xf9,0x7b,0x00,0x00,0x00,0x00,0x00,
  0x00,0x2c,0xff,0xff,0xff,0xff,0xf0,0x78,0xff,0xff,0xff,0xff,0xff,0xff,0xff,0xff,0xff,0xff,0xff,0x73,0x00,0x00,0x00,0x00,
  0x00,0x2c,0xff,0xff,0xff,0xff,0xff,0xff,0xff,0xff,0xff,0xff,0xff,0xff,0xff,0xff,0xff,0xff,0xff,0xf5,0x11,0x00,0x00,0x00,
  0x00,0x2c,0xff,0xff,0xff,0xff,0xff,0xff,0xff,0xb3,0x3d,0x0e,0x16,0x71,0xfa,0xff,0xff,0xff,0xff,0xff,0x60,0x00,0x00,0x00,
  0x00,0x2c,0xff,0xff,0xff,0xff,0xff,0xff,0x91,0x00,0x00,0x00,0x00,0x00,0x6c,0xff,0xff,0xff,0xff,0xff,0x93,0x00,0x00,0x00,
  0x00,0x2c,0xff,0xff,0xff,0xff,0xff,0xe6,0x08,0x00,0x00,0x00,0x00,0x00,0x08,0xfa,0xff,0xff,0xff,0xff,0xad,0x00,0x00,0x00,
  0x00,0x2c,0xff,0xff,0xff,0xff,0xff,0x9a,0x00,0x00,0x00,0x00,0x00,0x00,0x00,0xdd,0xff,0xff,0xff,0xff,0xb8,0x00,0x00,0x00,
  0x00,0x2c,0xff,0xff,0xff,0xff,0xff,0x75,0x00,0x00,0x00,0x00,0x00,0x00,0x00,0xcb,0xff,0xff,0xff,0xff,0xbb,0x00,0x00,0x00,
  0x00,0x2c,0xff,0xff,0xff,0xff,0xff,0x62,0x00,0x00,0x00,0x00,0x00,0x00,0x00,0xc4,0xff,0xff,0xff,0xff,0xbc,0x00,0x00,0x00,
  0x00,0x2c,0xff,0xff,0xff,0xff,0xff,0x58,0x00,0x00,0x00,0x00,0x00,0x00,0x00,0xc0,0xff,0xff,0xff,0xff,0xbc,0x00,0x00,0x00,
  0x00,0x2c,0xff,0xff,0xff,0xff,0xff,0x54,0x00,0x00,0x00,0x00,0x00,0x00,0x00,0xc0,0xff,0xff,0xff,0xff,0xbc,0x00,0x00,0x00,
  0x00,0x2c,0xff,0xff,0xff,0xff,0xff,0x54,0x00,0x00,0x00,0x00,0x00,0x00,0x00,0xc0,0xff,0xff,0xff,0xff,0xbc,0x00,0x00,0x00,
  0x00,0x2c,0xff,0xff,0xff,0xff,0xff,0x54,0x00,0x00,0x00,0x00,0x00,0x00,0x00,0xc0,0xff,0xff,0xff,0xff,0xbc,0x00,0x00,0x00,
  0x00,0x2c,0xff,0xff,0xff,0xff,0xff,0x54,0x00,0x00,0x00,0x00,0x00,0x00,0x00,0xc0,0xff,0xff,0xff,0xff,0xbc,0x00,0x00,0x00,
  0x00,0x2c,0xff,0xff,0xff,0xff,0xff,0x54,0x00,0x00,0x00,0x00,0x00,0x00,0x00,0xc0,0xff,0xff,0xff,0xff,0xbc,0x00,0x00,0x00,
  0x00,0x2c,0xff,0xff,0xff,0xff,0xff,0x54,0x00,0x00,0x00,0x00,0x00,0x00,0x00,0xc0,0xff,0xff,0xff,0xff,0xbc,0x00,0x00,0x00,
  0x00,0x2c,0xff,0xff,0xff,0xff,0xff,0x54,0x00,0x00,0x00,0x00,0x00,0x00,0x00,0xc0,0xff,0xff,0xff,0xff,0xbc,0x00,0x00,0x00,
  0x00,0x2c,0xff,0xff,0xff,0xff,0xff,0x54,0x00,0x00,0x00,0x00,0x00,0x00,0x00,0xc0,0xff,0xff,0xff,0xff,0xbc,0x00,0x00,0x00,
  0x00,0x2c,0xff,0xff,0xff,0xff,0xff,0x54,0x00,0x00,0x00,0x00,0x00,0x00,0x00,0xc0,0xff,0xff,0xff,0xff,0xbc,0x00,0x00,0x00,
  0x00,0x2c,0xff,0xff,0xff,0xff,0xff,0x54,0x00,0x00,0x00,0x00,0x00,0x00,0x00,0xc0,0xff,0xff,0xff,0xff,0xbc,0x00,0x00,0x00,
  0x00,0x00,0x00,0x00,0x00,0x57,0xfe,0xff,0xff,0xff,0xff,0x95,0x00,0x00,0x00,0x00,0x00,0x00,0x00,0x00,0x00,0x00,0x00,0x00,
  0x00,0x00,0x00,0x00,0x00,0x00,0x6f,0xff,0xff,0xff,0xff,0xf5,0x12,0x00,0x00,0x00,0x00,0x00,0x00,0x00,0x00,0x00,0x00,0x00,
  0x00,0x00,0x00,0x00,0x00,0x00,0x00,0x8a,0xff,0xff,0xff,0xff,0x7b,0x00,0x00,0x00,0x00,0x00,0x00,0x00,0x00,0x00,0x00,0x00,
  0x00,0x00,0x00,0x00,0x00,0x00,0x00,0x01,0xa2,0xff,0xff,0xff,0xe7,0x07,0x00,0x00,0x00,0x00,0x00,0x00,0x00,0x00,0x00,0x00,
  0x00,0x00,0x00,0x00,0x00,0x00,0x00,0x00,0x05,0xb8,0xff,0xff,0xff,0x62,0x00,0x00,0x00,0x00,0x00,0x00,0x00,0x00,0x00,0x00,
  0x00,0x00,0x00,0x00,0x00,0x00,0x00,0x00,0x00,0x0c,0xcb,0xff,0xff,0xd4,0x01,0x00,0x00,0x00,0x00,0x00,0x00,0x00,0x00,0x00,
  0x00,0x00,0x00,0x00,0x00,0x00,0x00,0x00,0x00,0x00,0x00,0x00,0x00,0x00,0x00,0x00,0x00,0x00,0x00,0x00,0x00,0x00,0x00,0x00,
  0x00,0x00,0x00,0x00,0x00,0x00,0x00,0x00,0x00,0x00,0x00,0x00,0x00,0x00,0x00,0x00,0x00,0x00,0x00,0x00,0x00,0x00,0x00,0x00,
  0x00,0x00,0x00,0x00,0x00,0x00,0x10,0x65,0xad,0xdc,0xf4,0xf9,0xe5,0xcb,0x8c,0x41,0x00,0x00,0x00,0x00,0x00,0x00,0x00,0x00,
  0x00,0x00,0x00,0x00,0x08,0x82,0xf3,0xff,0xff,0xff,0xff,0xff,0xff,0xff,0xff,0xff,0xc7,0x3b,0x00,0x00,0x00,0x00,0x00,0x00,
  0x00,0x00,0x00,0x1d,0xd1,0xff,0xff,0xff,0xff,0xff,0xff,0xff,0xff,0xff,0xff,0xff,0xff,0xfb,0x6e,0x00,0x00,0x00,0x00,0x00,
  0x00,0x00,0x13,0xda,0xff,0xff,0xff,0xff,0xff,0xff,0xff,0xff,0xff,0xff,0xff,0xff,0xff,0xff,0xff,0x71,0x00,0x00,0x00,0x00,
  0x00,0x00,0xab,0xff,0xff,0xff,0xff,0xff,0xe1,0x60,0x17,0x07,0x2c,0x90,0xfc,0xff,0xff,0xff,0xff,0xfc,0x42,0x00,0x00,0x00,
  0x00,0x3d,0xff,0xff,0xff,0xff,0xff,0xd0,0x13,0x00,0x00,0x00,0x00,0x00,0x4e,0xfc,0xff,0xff,0xff,0xff,0xd1,0x02,0x00,0x00,
  0x00,0xae,0xff,0xff,0xff,0xff,0xfc,0x28,0x00,0x00,0x00,0x00,0x00,0x00,0x00,0x8c,0xff,0xff,0xff,0xff,0xff,0x4d,0x00,0x00,
  0x0a,0xf7,0xff,0xff,0xff,0xff,0xb1,0x00,0x00,0x00,0x00,0x00,0x00,0x00,0x00,0x1b,0xfe,0xff,0xff,0xff,0xff,0x99,0x00,0x00,
  0x3a,0xff,0xff,0xff,0xff,0xff,0x6e,0x00,0x00,0x00,0x00,0x00,0x00,0x00,0x00,0x00,0xd6,0xff,0xff,0xff,0xff,0xd5,0x00,0x00,
  0x59,0xff,0xff,0xff,0xff,0xff,0x4b,0x00,0x00,0x00,0x00,0x00,0x00,0x00,0x00,0x00,0xb4,0xff,0xff,0xff,0xff,0xee,0x00,0x00,
  0x60,0xff,0xff,0xff,0xff,0xff,0x3f,0x00,0x00,0x00,0x00,0x00,0x00,0x00,0x00,0x00,0xa8,0xff,0xff,0xff,0xff,0xfd,0x00,0x00,
  0x54,0xff,0xff,0xff,0xff,0xff,0x4b,0x00,0x00,0x00,0x00,0x00,0x00,0x00,0x00,0x00,0xb4,0xff,0xff,0xff,0xff,0xeb,0x00,0x00,
  0x35,0xff,0xff,0xff,0xff,0xff,0x6e,0x00,0x00,0x00,0x00,0x00,0x00,0x00,0x00,0x00,0xd9,0xff,0xff,0xff,0xff,0xd1,0x00,0x00,
  0x0a,0xfa,0xff,0xff,0xff,0xff,0xb1,0x00,0x00,0x00,0x00,0x00,0x00,0x00,0x00,0x1c,0xfe,0xff,0xff,0xff,0xff,0x92,0x00,0x00,
  0x00,0xba,0xff,0xff,0xff,0xff,0xfb,0x27,0x00,0x00,0x00,0x00,0x00,0x00,0x00,0x8d,0xff,0xff,0xff,0xff,0xff,0x43,0x00,0x00,
  0x00,0x53,0xff,0xff,0xff,0xff,0xff,0xd0,0x13,0x00,0x00,0x00,0x00,0x00,0x4e,0xfc,0xff,0xff,0xff,0xff,0xc7,0x00,0x00,0x00,
  0x00,0x02,0xc4,0xff,0xff,0xff,0xff,0xff,0xe0,0x5f,0x16,0x06,0x2a,0x8f,0xfb,0xff,0xff,0xff,0xff,0xfa,0x37,0x00,0x00,0x00,
  0x00,0x00,0x21,0xe7,0xff,0xff,0xff,0xff,0xff,0xff,0xff,0xff,0xff,0xff,0xff,0xff,0xff,0xff,0xff,0x62,0x00,0x00,0x00,0x00,
  0x00,0x00,0x00,0x29,0xda,0xff,0xff,0xff,0xff,0xff,0xff,0xff,0xff,0xff,0xff,0xff,0xff,0xf8,0x61,0x00,0x00,0x00,0x00,0x00,
  0x00,0x00,0x00,0x00,0x0c,0x86,0xf3,0xff,0xff,0xff,0xff,0xff,0xff,0xff,0xff,0xff,0xc1,0x33,0x00,0x00,0x00,0x00,0x00,0x00,
  0x00,0x00,0x00,0x00,0x00,0x00,0x0e,0x61,0xa9,0xd9,0xf5,0xfa,0xe7,0xcb,0x8b,0x3c,0x00,0x00,0x00,0x00,0x00,0x00,0x00,0x00,
  0x00,0x00,0x00,0x00,0x00,0x00,0x00,0x00,0x00,0x00,0x0e,0xf2,0xff,0xff,0xff,0xff,0xd9,0x14,0x00,0x00,0x00,0x00,0x00,0x00,
  0x00,0x00,0x00,0x00,0x00,0x00,0x00,0x00,0x00,0x00,0x74,0xff,0xff,0xff,0xff,0xe7,0x20,0x00,0x00,0x00,0x00,0x00,0x00,0x00,
  0x00,0x00,0x00,0x00,0x00,0x00,0x00,0x00,0x00,0x04,0xe2,0xff,0xff,0xff,0xf1,0x30,0x00,0x00,0x00,0x00,0x00,0x00,0x00,0x00,
  0x00,0x00,0x00,0x00,0x00,0x00,0x00,0x00,0x00,0x5a,0xff,0xff,0xff,0xf9,0x43,0x00,0x00,0x00,0x00,0x00,0x00,0x00,0x00,0x00,
  0x00,0x00,0x00,0x00,0x00,0x00,0x00,0x00,0x00,0xcb,0xff,0xff,0xfe,0x59,0x00,0x00,0x00,0x00,0x00,0x00,0x00,0x00,0x00,0x00,
  0x00,0x00,0x00,0x00,0x00,0x00,0x00,0x00,0x3f,0xff,0xff,0xff,0x72,0x00,0x00,0x00,0x00,0x00,0x00,0x00,0x00,0x00,0x00,0x00,
  0x00,0x00,0x00,0x00,0x00,0x00,0x00,0x00,0x00,0x00,0x00,0x00,0x00,0x00,0x00,0x00,0x00,0x00,0x00,0x00,0x00,0x00,0x00,0x00,
  0x00,0x00,0x00,0x00,0x00,0x00,0x00,0x00,0x00,0x00,0x00,0x00,0x00,0x00,0x00,0x00,0x00,0x00,0x00,0x00,0x00,0x00,0x00,0x00,
  0x00,0x00,0x00,0x00,0x00,0x00,0x10,0x65,0xad,0xdc,0xf4,0xf9,0xe5,0xcb,0x8c,0x41,0x00,0x00,0x00,0x00,0x00,0x00,0x00,0x00,
  0x00,0x00,0x00,0x00,0x08,0x82,0xf3,0xff,0xff,0xff,0xff,0xff,0xff,0xff,0xff,0xff,0xc7,0x3b,0x00,0x00,0x00,0x00,0x00,0x00,
  0x00,0x00,0x00,0x1d,0xd1,0xff,0xff,0xff,0xff,0xff,0xff,0xff,0xff,0xff,0xff,0xff,0xff,0xfb,0x6e,0x00,0x00,0x00,0x00,0x00,
  0x00,0x00,0x13,0xda,0xff,0xff,0xff,0xff,0xff,0xff,0xff,0xff,0xff,0xff,0xff,0xff,0xff,0xff,0xff,0x71,0x00,0x00,0x00,0x00,
  0x00,0x00,0xab,0xff,0xff,0xff,0xff,0xff,0xe1,0x60,0x17,0x07,0x2c,0x90,0xfc,0xff,0xff,0xff,0xff,0xfc,0x42,0x00,0x00,0x00,
  0x00,0x3d,0xff,0xff,0xff,0xff,0xff,0xd0,0x13,0x00,0x00,0x00,0x00,0x00,0x4e,0xfc,0xff,0xff,0xff,0xff,0xd1,0x02,0x00,0x00,
  0x00,0xae,0xff,0xff,0xff,0xff,0xfc,0x28,0x00,0x00,0x00,0x00,0x00,0x00,0x00,0x8c,0xff,0xff,0xff,0xff,0xff,0x4d,0x00,0x00,
  0x0a,0xf7,0xff,0xff,0xff,0xff,0xb1,0x00,0x00,0x00,0x00,0x00,0x00,0x00,0x00,0x1b,0xfe,0xff,0xff,0xff,0xff,0x99,0x00,0x00,
  0x3a,0xff,0xff,0xff,0xff,0xff,0x6e,0x00,0x00,0x00,0x00,0x00,0x00,0x00,0x00,0x00,0xd6,0xff,0xff,0xff,0xff,0xd5,0x00,0x00,
  0x59,0xff,0xff,0xff,0xff,0xff,0x4b,0x00,0x00,0x00,0x00,0x00,0x00,0x00,0x00,0x00,0xb4,0xff,0xff,0xff,0xff,0xee,0x00,0x00,
  0x60,0xff,0xff,0xff,0xff,0xff,0x3f,0x00,0x00,0x00,0x00,0x00,0x00,0x00,0x00,0x00,0xa8,0xff,0xff,0xff,0xff,0xfd,0x00,0x00,
  0x54,0xff,0xff,0xff,0xff,0xff,0x4b,0x00,0x00,0x00,0x00,0x00,0x00,0x00,0x00,0x00,0xb4,0xff,0xff,0xff,0xff,0xeb,0x00,0x00,
  0x35,0xff,0xff,0xff,0xff,0xff,0x6e,0x00,0x00,0x00,0x00,0x00,0x00,0x00,0x00,0x00,0xd9,0xff,0xff,0xff,0xff,0xd1,0x00,0x00,
  0x0a,0xfa,0xff,0xff,0xff,0xff,0xb1,0x00,0x00,0x00,0x00,0x00,0x00,0x00,0x00,0x1c,0xfe,0xff,0xff,0xff,0xff,0x92,0x00,0x00,
  0x00,0xba,0xff,0xff,0xff,0xff,0xfb,0x27,0x00,0x00,0x00,0x00,0x00,0x00,0x00,0x8d,0xff,0xff,0xff,0xff,0xff,0x43,0x00,0x00,
  0x00,0x53,0xff,0xff,0xff,0xff,0xff,0xd0,0x13,0x00,0x00,0x00,0x00,0x00,0x4e,0xfc,0xff,0xff,0xff,0xff,0xc7,0x00,0x00,0x00,
  0x00,0x02,0xc4,0xff,0xff,0xff,0xff,0xff,0xe0,0x5f,0x16,0x06,0x2a,0x8f,0xfb,0xff,0xff,0xff,0xff,0xfa,0x37,0x00,0x00,0x00,
  0x00,0x00,0x21,0xe7,0xff,0xff,0xff,0xff,0xff,0xff,0xff,0xff,0xff,0xff,0xff,0xff,0xff,0xff,0xff,0x62,0x00,0x00,0x00,0x00,
  0x00,0x00,0x00,0x29,0xda,0xff,0xff,0xff,0xff,0xff,0xff,0xff,0xff,0xff,0xff,0xff,0xff,0xf8,0x61,0x00,0x00,0x00,0x00,0x00,
  0x00,0x00,0x00,0x00,0x0c,0x86,0xf3,0xff,0xff,0xff,0xff,0xff,0xff,0xff,0xff,0xff,0xc1,0x33,0x00,0x00,0x00,0x00,0x00,0x00,
  0x00,0x00,0x00,0x00,0x00,0x00,0x0e,0x61,0xa9,0xd9,0xf5,0xfa,0xe7,0xcb,0x8b,0x3c,0x00,0x00,0x00,0x00,0x00,0x00,0x00,0x00,
  0x00,0x00,0x00,0x00,0x00,0x00,0x00,0x00,0x90,0xff,0xff,0xff,0xff,0xfc,0x35,0x00,0x00,0x00,0x00,0x00,0x00,0x00,0x00,0x00,
  0x00,0x00,0x00,0x00,0x00,0x00,0x00,0x3f,0xfe,0xff,0xff,0xff,0xff,0xff,0xd6,0x08,0x00,0x00,0x00,0x00,0x00,0x00,0x00,0x00,
  0x00,0x00,0x00,0x00,0x00,0x00,0x0d,0xdf,0xff,0xff,0xff,0xff,0xff,0xff,0xff,0x8b,0x00,0x00,0x00,0x00,0x00,0x00,0x00,0x00,
  0x00,0x00,0x00,0x00,0x00,0x00,0x9c,0xff,0xff,0xff,0xd7,0x6d,0xff,0xff,0xff,0xfd,0x3a,0x00,0x00,0x00,0x00,0x00,0x00,0x00,
  0x00,0x00,0x00,0x00,0x00,0x4a,0xff,0xff,0xff,0xfa,0x33,0x00,0xa2,0xff,0xff,0xff,0xda,0x0a,0x00,0x00,0x00,0x00,0x00,0x00,
  0x00,0x00,0x00,0x00,0x12,0xe6,0xff,0xff,0xff,0x79,0x00,0x00,0x0b,0xd5,0xff,0xff,0xff,0x91,0x00,0x00,0x00,0x00,0x00,0x00,
  0x00,0x00,0x00,0x00,0x00,0x00,0x00,0x00,0x00,0x00,0x00,0x00,0x00,0x00,0x00,0x00,0x00,0x00,0x00,0x00,0x00,0x00,0x00,0x00,
  0x00,0x00,0x00,0x00,0x00,0x00,0x00,0x00,0x00,0x00,0x00,0x00,0x00,0x00,0x00,0x00,0x00,0x00,0x00,0x00,0x00,0x00,0x00,0x00,
  0x00,0x00,0x00,0x00,0x00,0x00,0x10,0x65,0xad,0xdc,0xf4,0xf9,0xe5,0xcb,0x8c,0x41,0x00,0x00,0x00,0x00,0x00,0x00,0x00,0x00,
  0x00,0x00,0x00,0x00,0x08,0x82,0xf3,0xff,0xff,0xff,0xff,0xff,0xff,0xff,0xff,0xff,0xc7,0x3b,0x00,0x00,0x00,0x00,0x00,0x00,
  0x00,0x00,0x00,0x1d,0xd1,0xff,0xff,0xff,0xff,0xff,0xff,0xff,0xff,0xff,0xff,0xff,0xff,0xfb,0x6e,0x00,0x00,0x00,0x00,0x00,
  0x00,0x00,0x13,0xda,0xff,0xff,0xff,0xff,0xff,0xff,0xff,0xff,0xff,0xff,0xff,0xff,0xff,0xff,0xff,0x71,0x00,0x00,0x00,0x00,
  0x00,0x00,0xab,0xff,0xff,0xff,0xff,0xff,0xe1,0x60,0x17,0x07,0x2c,0x90,0xfc,0xff,0xff,0xff,0xff,0xfc,0x42,0x00,0x00,0x00,
  0x00,0x3d,0xff,0xff,0xff,0xff,0xff,0xd0,0x13,0x00,0x00,0x00,0x00,0x00,0x4e,0xfc,0xff,0xff,0xff,0xff,0xd1,0x02,0x00,0x00,
  0x00,0xae,0xff,0xff,0xff,0xff,0xfc,0x28,0x00,0x00,0x00,0x00,0x00,0x00,0x00,0x8c,0xff,0xff,0xff,0xff,0xff,0x4d,0x00,0x00,
  0x0a,0xf7,0xff,0xff,0xff,0xff,0xb1,0x00,0x00,0x00,0x00,0x00,0x00,0x00,0x00,0x1b,0xfe,0xff,0xff,0xff,0xff,0x99,0x00,0x00,
  0x3a,0xff,0xff,0xff,0xff,0xff,0x6e,0x00,0x00,0x00,0x00,0x00,0x00,0x00,0x00,0x00,0xd6,0xff,0xff,0xff,0xff,0xd5,0x00,0x00,
  0x59,0xff,0xff,0xff,0xff,0xff,0x4b,0x00,0x00,0x00,0x00,0x00,0x00,0x00,0x00,0x00,0xb4,0xff,0xff,0xff,0xff,0xee,0x00,0x00,
  0x60,0xff,0xff,0xff,0xff,0xff,0x3f,0x00,0x00,0x00,0x00,0x00,0x00,0x00,0x00,0x00,0xa8,0xff,0xff,0xff,0xff,0xfd,0x00,0x00,
  0x54,0xff,0xff,0xff,0xff,0xff,0x4b,0x00,0x00,0x00,0x00,0x00,0x00,0x00,0x00,0x00,0xb4,0xff,0xff,0xff,0xff,0xeb,0x00,0x00,
  0x35,0xff,0xff,0xff,0xff,0xff,0x6e,0x00,0x00,0x00,0x00,0x00,0x00,0x00,0x00,0x00,0xd9,0xff,0xff,0xff,0xff,0xd1,0x00,0x00,
  0x0a,0xfa,0xff,0xff,0xff,0xff,0xb1,0x00,0x00,0x00,0x00,0x00,0x00,0x00,0x00,0x1c,0xfe,0xff,0xff,0xff,0xff,0x92,0x00,0x00,
  0x00,0xba,0xff,0xff,0xff,0xff,0xfb,0x27,0x00,0x00,0x00,0x00,0x00,0x00,0x00,0x8d,0xff,0xff,0xff,0xff,0xff,0x43,0x00,0x00,
  0x00,0x53,0xff,0xff,0xff,0xff,0xff,0xd0,0x13,0x00,0x00,0x00,0x00,0x00,0x4e,0xfc,0xff,0xff,0xff,0xff,0xc7,0x00,0x00,0x00,
  0x00,0x02,0xc4,0xff,0xff,0xff,0xff,0xff,0xe0,0x5f,0x16,0x06,0x2a,0x8f,0xfb,0xff,0xff,0xff,0xff,0xfa,0x37,0x00,0x00,0x00,
  0x00,0x00,0x21,0xe7,0xff,0xff,0xff,0xff,0xff,0xff,0xff,0xff,0xff,0xff,0xff,0xff,0xff,0xff,0xff,0x62,0x00,0x00,0x00,0x00,
  0x00,0x00,0x00,0x29,0xda,0xff,0xff,0xff,0xff,0xff,0xff,0xff,0xff,0xff,0xff,0xff,0xff,0xf8,0x61,0x00,0x00,0x00,0x00,0x00,
  0x00,0x00,0x00,0x00,0x0c,0x86,0xf3,0xff,0xff,0xff,0xff,0xff,0xff,0xff,0xff,0xff,0xc1,0x33,0x00,0x00,0x00,0x00,0x00,0x00,
  0x00,0x00,0x00,0x00,0x00,0x00,0x0e,0x61,0xa9,0xd9,0xf5,0xfa,0xe7,0xcb,0x8b,0x3c,0x00,0x00,0x00,0x00,0x00,0x00,0x00,0x00,
  0x00,0x00,0x00,0x00,0x00,0x0e,0x9b,0xee,0xf1,0xc0,0x54,0x01,0x00,0x00,0x00,0x96,0xff,0xff,0x08,0x00,0x00,0x00,0x00,0x00,
  0x00,0x00,0x00,0x00,0x00,0xae,0xff,0xff,0xff,0xff,0xff,0xd4,0x61,0x16,0x2c,0xed,0xff,0xf1,0x00,0x00,0x00,0x00,0x00,0x00,
  0x00,0x00,0x00,0x00,0x2b,0xff,0xff,0xff,0xff,0xff,0xff,0xff,0xff,0xff,0xff,0xff,0xff,0xba,0x00,0x00,0x00,0x00,0x00,0x00,
  0x00,0x00,0x00,0x00,0x59,0xff,0xff,0x7e,0x0d,0x3e,0xa1,0xf8,0xff,0xff,0xff,0xff,0xff,0x49,0x00,0x00,0x00,0x00,0x00,0x00,
  0x00,0x00,0x00,0x00,0x71,0xff,0xff,0x1d,0x00,0x00,0x00,0x18,0x83,0xd9,0xf8,0xda,0x5b,0x00,0x00,0x00,0x00,0x00,0x00,0x00,
  0x00,0x00,0x00,0x00,0x00,0x00,0x00,0x00,0x00,0x00,0x00,0x00,0x00,0x00,0x00,0x00,0x00,0x00,0x00,0x00,0x00,0x00,0x00,0x00,
  0x00,0x00,0x00,0x00,0x00,0x00,0x00,0x00,0x00,0x00,0x00,0x00,0x00,0x00,0x00,0x00,0x00,0x00,0x00,0x00,0x00,0x00,0x00,0x00,
  0x00,0x00,0x00,0x00,0x00,0x00,0x10,0x65,0xad,0xdc,0xf4,0xf9,0xe5,0xcb,0x8c,0x41,0x00,0x00,0x00,0x00,0x00,0x00,0x00,0x00,
  0x00,0x00,0x00,0x00,0x08,0x82,0xf3,0xff,0xff,0xff,0xff,0xff,0xff,0xff,0xff,0xff,0xc7,0x3b,0x00,0x00,0x00,0x00,0x00,0x00,
  0x00,0x00,0x00,0x1d,0xd1,0xff,0xff,0xff,0xff,0xff,0xff,0xff,0xff,0xff,0xff,0xff,0xff,0xfb,0x6e,0x00,0x00,0x00,0x00,0x00,
  0x00,0x00,0x13,0xda,0xff,0xff,0xff,0xff,0xff,0xff,0xff,0xff,0xff,0xff,0xff,0xff,0xff,0xff,0xff,0x71,0x00,0x00,0x00,0x00,
  0x00,0x00,0xab,0xff,0xff,0xff,0xff,0xff,0xe1,0x60,0x17,0x07,0x2c,0x90,0xfc,0xff,0xff,0xff,0xff,0xfc,0x42,0x00,0x00,0x00,
  0x00,0x3d,0xff,0xff,0xff,0xff,0xff,0xd0,0x13,0x00,0x00,0x00,0x00,0x00,0x4e,0xfc,0xff,0xff,0xff,0xff,0xd1,0x02,0x00,0x00,
  0x00,0xae,0xff,0xff,0xff,0xff,0xfc,0x28,0x00,0x00,0x00,0x00,0x00,0x00,0x00,0x8c,0xff,0xff,0xff,0xff,0xff,0x4d,0x00,0x00,
  0x0a,0xf7,0xff,0xff,0xff,0xff,0xb1,0x00,0x00,0x00,0x00,0x00,0x00,0x00,0x00,0x1b,0xfe,0xff,0xff,0xff,0xff,0x99,0x00,0x00,
  0x3a,0xff,0xff,0xff,0xff,0xff,0x6e,0x00,0x00,0x00,0x00,0x00,0x00,0x00,0x00,0x00,0xd6,0xff,0xff,0xff,0xff,0xd5,0x00,0x00,
  0x59,0xff,0xff,0xff,0xff,0xff,0x4b,0x00,0x00,0x00,0x00,0x00,0x00,0x00,0x00,0x00,0xb4,0xff,0xff,0xff,0xff,0xee,0x00,0x00,
  0x60,0xff,0xff,0xff,0xff,0xff,0x3f,0x00,0x00,0x00,0x00,0x00,0x00,0x00,0x00,0x00,0xa8,0xff,0xff,0xff,0xff,0xfd,0x00,0x00,
  0x54,0xff,0xff,0xff,0xff,0xff,0x4b,0x00,0x00,0x00,0x00,0x00,0x00,0x00,0x00,0x00,0xb4,0xff,0xff,0xff,0xff,0xeb,0x00,0x00,
  0x35,0xff,0xff,0xff,0xff,0xff,0x6e,0x00,0x00,0x00,0x00,0x00,0x00,0x00,0x00,0x00,0xd9,0xff,0xff,0xff,0xff,0xd1,0x00,0x00,
  0x0a,0xfa,0xff,0xff,0xff,0xff,0xb1,0x00,0x00,0x00,0x00,0x00,0x00,0x00,0x00,0x1c,0xfe,0xff,0xff,0xff,0xff,0x92,0x00,0x00,
  0x00,0xba,0xff,0xff,0xff,0xff,0xfb,0x27,0x00,0x00,0x00,0x00,0x00,0x00,0x00,0x8d,0xff,0xff,0xff,0xff,0xff,0x43,0x00,0x00,
  0x00,0x53,0xff,0xff,0xff,0xff,0xff,0xd0,0x13,0x00,0x00,0x00,0x00,0x00,0x4e,0xfc,0xff,0xff,0xff,0xff,0xc7,0x00,0x00,0x00,
  0x00,0x02,0xc4,0xff,0xff,0xff,0xff,0xff,0xe0,0x5f,0x16,0x06,0x2a,0x8f,0xfb,0xff,0xff,0xff,0xff,0xfa,0x37,0x00,0x00,0x00,
  0x00,0x00,0x21,0xe7,0xff,0xff,0xff,0xff,0xff,0xff,0xff,0xff,0xff,0xff,0xff,0xff,0xff,0xff,0xff,0x62,0x00,0x00,0x00,0x00,
  0x00,0x00,0x00,0x29,0xda,0xff,0xff,0xff,0xff,0xff,0xff,0xff,0xff,0xff,0xff,0xff,0xff,0xf8,0x61,0x00,0x00,0x00,0x00,0x00,
  0x00,0x00,0x00,0x00,0x0c,0x86,0xf3,0xff,0xff,0xff,0xff,0xff,0xff,0xff,0xff,0xff,0xc1,0x33,0x00,0x00,0x00,0x00,0x00,0x00,
  0x00,0x00,0x00,0x00,0x00,0x00,0x0e,0x61,0xa9,0xd9,0xf5,0xfa,0xe7,0xcb,0x8b,0x3c,0x00,0x00,0x00,0x00,0x00,0x00,0x00,0x00,
  0x00,0x00,0x00,0x00,0x78,0xff,0xff,0xff,0xff,0x40,0x00,0x00,0x10,0xff,0xff,0xff,0xff,0xa8,0x00,0x00,0x00,0x00,0x00,0x00,
  0x00,0x00,0x00,0x00,0x78,0xff,0xff,0xff,0xff,0x40,0x00,0x00,0x10,0xff,0xff,0xff,0xff,0xa8,0x00,0x00,0x00,0x00,0x00,0x00,
  0x00,0x00,0x00,0x00,0x78,0xff,0xff,0xff,0xff,0x40,0x00,0x00,0x10,0xff,0xff,0xff,0xff,0xa8,0x00,0x00,0x00,0x00,0x00,0x00,
  0x00,0x00,0x00,0x00,0x78,0xff,0xff,0xff,0xff,0x40,0x00,0x00,0x10,0xff,0xff,0xff,0xff,0xa8,0x00,0x00,0x00,0x00,0x00,0x00,
  0x00,0x00,0x00,0x00,0x00,0x00,0x00,0x00,0x00,0x00,0x00,0x00,0x00,0x00,0x00,0x00,0x00,0x00,0x00,0x00,0x00,0x00,0x00,0x00,
  0x00,0x00,0x00,0x00,0x00,0x00,0x00,0x00,0x00,0x00,0x00,0x00,0x00,0x00,0x00,0x00,0x00,0x00,0x00,0x00,0x00,0x00,0x00,0x00,
  0x00,0x00,0x00,0x00,0x00,0x00,0x10,0x65,0xad,0xdc,0xf4,0xf9,0xe5,0xcb,0x8c,0x41,0x00,0x00,0x00,0x00,0x00,0x00,0x00,0x00,
  0x00,0x00,0x00,0x00,0x08,0x82,0xf3,0xff,0xff,0xff,0xff,0xff,0xff,0xff,0xff,0xff,0xc7,0x3b,0x00,0x00,0x00,0x00,0x00,0x00,
  0x00,0x00,0x00,0x1d,0xd1,0xff,0xff,0xff,0xff,0xff,0xff,0xff,0xff,0xff,0xff,0xff,0xff,0xfb,0x6e,0x00,0x00,0x00,0x00,0x00,
  0x00,0x00,0x13,0xda,0xff,0xff,0xff,0xff,0xff,0xff,0xff,0xff,0xff,0xff,0xff,0xff,0xff,0xff,0xff,0x71,0x00,0x00,0x00,0x00,
  0x00,0x00,0xab,0xff,0xff,0xff,0xff,0xff,0xe1,0x60,0x17,0x07,0x2c,0x90,0xfc,0xff,0xff,0xff,0xff,0xfc,0x42,0x00,0x00,0x00,
  0x00,0x3d,0xff,0xff,0xff,0xff,0xff,0xd0,0x13,0x00,0x00,0x00,0x00,0x00,0x4e,0xfc,0xff,0xff,0xff,0xff,0xd1,0x02,0x00,0x00,
  0x00,0xae,0xff,0xff,0xff,0xff,0xfc,0x28,0x00,0x00,0x00,0x00,0x00,0x00,0x00,0x8c,0xff,0xff,0xff,0xff,0xff,0x4d,0x00,0x00,
  0x0a,0xf7,0xff,0xff,0xff,0xff,0xb1,0x00,0x00,0x00,0x00,0x00,0x00,0x00,0x00,0x1b,0xfe,0xff,0xff,0xff,0xff,0x99,0x00,0x00,
  0x3a,0xff,0xff,0xff,0xff,0xff,0x6e,0x00,0x00,0x00,0x00,0x00,0x00,0x00,0x00,0x00,0xd6,0xff,0xff,0xff,0xff,0xd5,0x00,0x00,
  0x59,0xff,0xff,0xff,0xff,0xff,0x4b,0x00,0x00,0x00,0x00,0x00,0x00,0x00,0x00,0x00,0xb4,0xff,0xff,0xff,0xff,0xee,0x00,0x00,
  0x60,0xff,0xff,0xff,0xff,0xff,0x3f,0x00,0x00,0x00,0x00,0x00,0x00,0x00,0x00,0x00,0xa8,0xff,0xff,0xff,0xff,0xfd,0x00,0x00,
  0x54,0xff,0xff,0xff,0xff,0xff,0x4b,0x00,0x00,0x00,0x00,0x00,0x00,0x00,0x00,0x00,0xb4,0xff,0xff,0xff,0xff,0xeb,0x00,0x00,
  0x35,0xff,0xff,0xff,0xff,0xff,0x6e,0x00,0x00,0x00,0x00,0x00,0x00,0x00,0x00,0x00,0xd9,0xff,0xff,0xff,0xff,0xd1,0x00,0x00,
  0x0a,0xfa,0xff,0xff,0xff,0xff,0xb1,0x00,0x00,0x00,0x00,0x00,0x00,0x00,0x00,0x1c,0xfe,0xff,0xff,0xff,0xff,0x92,0x00,0x00,
  0x00,0xba,0xff,0xff,0xff,0xff,0xfb,0x27,0x00,0x00,0x00,0x00,0x00,0x00,0x00,0x8d,0xff,0xff,0xff,0xff,0xff,0x43,0x00,0x00,
  0x00,0x53,0xff,0xff,0xff,0xff,0xff,0xd0,0x13,0x00,0x00,0x00,0x00,0x00,0x4e,0xfc,0xff,0xff,0xff,0xff,0xc7,0x00,0x00,0x00,
  0x00,0x02,0xc4,0xff,0xff,0xff,0xff,0xff,0xe0,0x5f,0x16,0x06,0x2a,0x8f,0xfb,0xff,0xff,0xff,0xff,0xfa,0x37,0x00,0x00,0x00,
  0x00,0x00,0x21,0xe7,0xff,0xff,0xff,0xff,0xff,0xff,0xff,0xff,0xff,0xff,0xff,0xff,0xff,0xff,0xff,0x62,0x00,0x00,0x00,0x00,
  0x00,0x00,0x00,0x29,0xda,0xff,0xff,0xff,0xff,0xff,0xff,0xff,0xff,0xff,0xff,0xff,0xff,0xf8,0x61,0x00,0x00,0x00,0x00,0x00,
  0x00,0x00,0x00,0x00,0x0c,0x86,0xf3,0xff,0xff,0xff,0xff,0xff,0xff,0xff,0xff,0xff,0xc1,0x33,0x00,0x00,0x00,0x00,0x00,0x00,
  0x00,0x00,0x00,0x00,0x00,0x00,0x0e,0x61,0xa9,0xd9,0xf5,0xfa,0xe7,0xcb,0x8b,0x3c,0x00,0x00,0x00,0x00,0x00,0x00,0x00,0x00,
  0x00,0x00,0x00,0x00,0x00,0x00,0x00,0xc8,0xff,0xff,0xff,0xff,0xb8,0x00,0x00,0x00,0x00,0x00,0x00,0x00,0x00,0x00,0x00,0x00,
  0x00,0x00,0x00,0x00,0x00,0xc8,0xff,0xff,0xff,0xff,0xb8,0x00,0x00,0x00,0x00,0x00,0x00,0x00,0x00,0x00,0x00,0x00,0x00,0x00,
  0x00,0x00,0x00,0xc8,0xff,0xff,0xff,0xff,0xb8,0x00,0x00,0x00,0x00,0x00,0x00,0x00,0x00,0x00,0x00,0x00,0x00,0x00,0x00,0x00,
  0x00,0xc8,0xff,0xff,0xff,0xff,0xb8,0x00,0x00,0x00,0x00,0x00,0x00,0x00,0x00,0x00,0x00,0x00,0x00,0x00,0x00,0x00,0x00,0xc8,
  0xff,0xff,0xff,0xff,0xb8,0x00,0x00,0x00,0x00,0x00,0x00,0x00,0x00,0x00,0x00,0x00,0x00,0x00,0x00,0x00,0x00,0x00,0x00,0x00,
  0x00,0x00,0x00,0x00,0x00,0x00,0x00,0x00,0x00,0x00,0x00,0x00,0x00,0x00,0x00,0x00,0x00,0x00,0x00,0x00,0x00,0x00,0x00,0x00,
  0x00,0x00,0x00,0x00,0x00,0x00,0x00,0x00,0x00,0x0c,0xff,0xff,0xff,0xff,0xff,0xff,0xff,0xff,0xff,0xff,0xff,0xff,0xff,0xff,
  0xff,0xff,0xff,0xff,0xff,0xfc,0x00,0x0c,0xff,0xff,0xff,0xff,0xff,0xff,0xff,0xff,0xff,0xff,0xff,0xff,0xff,0xff,0xff,0xff,
  0xff,0xff,0xff,0xfc,0x00,0x0c,0xff,0xff,0xff,0xff,0xff,0xff,0xff,0xff,0xff,0xff,0xff,0xff,0xff,0xff,0xff,0xff,0xff,0xff,
  0xff,0xfc,0x00,0x0c,0xff,0xff,0xff,0xff,0xff,0xff,0xff,0xff,0xff,0xff,0xff,0xff,0xff,0xff,0xff,0xff,0xff,0xff,0xff,0xfc,
  0x00,0x0c,0xff,0xff,0xff,0xff,0xff,0xff,0xff,0xff,0xff,0xff,0xff,0xff,0xff,0xff,0xff,0xff,0xff,0xff,0xff,0xfc,0x00,0x00,
  0x00,0x00,0x00,0x00,0x00,0x00,0x00,0x00,0x00,0x00,0x00,0x00,0x00,0x00,0x00,0x00,0x00,0x00,0x00,0x00,0x00,0x00,0x00,0x00,
  0x00,0x00,0x00,0x00,0x00,0x00,0x00,0x00,0x00,0x00,0x00,0x00,0x00,0x00,0x00,0x00,0x00,0x00,0x00,0x00,0x00,0x00,0x00,0x00,
  0x00,0x00,0x00,0xc8,0xff,0xff,0xff,0xff,0xb8,0x00,0x00,0x00,0x00,0x00,0x00,0x00,0x00,0x00,0x00,0x00,0x00,0x00,0x00,0x00,
  0x00,0xc8,0xff,0xff,0xff,0xff,0xb8,0x00,0x00,0x00,0x00,0x00,0x00,0x00,0x00,0x00,0x00,0x00,0x00,0x00,0x00,0x00,0x00,0xc8,
  0xff,0xff,0xff,0xff,0xb8,0x00,0x00,0x00,0x00,0x00,0x00,0x00,0x00,0x00,0x00,0x00,0x00,0x00,0x00,0x00,0x00,0xc8,0xff,0xff,
  0xff,0xff,0xb8,0x00,0x00,0x00,0x00,0x00,0x00,0x00,0x00,0x00,0x00,0x00,0x00,0x00,0x00,0x00,0x00,0xc8,0xff,0xff,0xff,0xff,
  0xb8,0x00,0x00,0x00,0x00,0x00,0x00,0x00,0x00,0x00,0x00,0x00,0x00,0x00,0x00,0x00,0x00,0x00,0x00,0x00,0x00,0x00,0x00,0x00,
  0x00,0x00,0x00,0x00,0x00,0x00,0x00,0x00,0x00,0x00,0x00,0x00,0x00,0x00,0x00,0x00,0x00,0x00,0x00,0x00,0x00,0x00,0x00,0x00,
  0x00,0x00,0x00,0x00,0x00,0x00,0x00,0x00,0x00,0x00,0x00,0x00,0x00,0x00,0x00,0x00,0x00,0x00,0x00,0x00,0x00,0x00,0x00,0x00,
  0x00,0x00,0x00,0x00,0x00,0x00,0x00,0x00,0x00,0x00,0x00,0x00,0x00,0x00,0x00,0x00,0x00,0x00,0x00,0x00,0x00,0x00,0x00,0x00,
  0x00,0x00,0x00,0x00,0x00,0x00,0x00,0x00,0x00,0x00,0x00,0x00,0x00,0x00,0x00,0x00,0x00,0x00,0x00,0x00,0x00,0x41,0x00,0x00,
  0x00,0x00,0x00,0x00,0x00,0x00,0x00,0x00,0x0a,0x5e,0xa3,0xd7,0xec,0xfb,0xee,0xd1,0x9f,0x51,0x06,0x00,0x76,0xff,0x98,0x02,
  0x00,0x00,0x00,0x00,0x00,0x00,0x01,0x70,0xe9,0xff,0xff,0xff,0xff,0xff,0xff,0xff,0xff,0xff,0xe3,0x9d,0xff,0xff,0xff,0x6f,
  0x00,0x00,0x00,0x00,0x00,0x0f,0xb4,0xff,0xff,0xff,0xff,0xff,0xff,0xff,0xff,0xff,0xff,0xff,0xff,0xff,0xff,0xff,0xa7,0x04,
  0x00,0x00,0x00,0x00,0x06,0xc2,0xff,0xff,0xff,0xff,0xff,0xff,0xff,0xff,0xff,0xff,0xff,0xff,0xff,0xff,0xff,0xcf,0x03,0x00,
  0x00,0x00,0x00,0x00,0x96,0xff,0xff,0xff,0xff,0xff,0xe2,0x65,0x1b,0x06,0x23,0x7e,0xf6,0xff,0xff,0xff,0xff,0xfe,0x47,0x00,
  0x00,0x00,0x00,0x2b,0xfd,0xff,0xff,0xff,0xff,0xcb,0x12,0x00,0x00,0x00,0x00,0x21,0xe7,0xff,0xff,0xff,0xff,0xff,0xda,0x02,
  0x00,0x00,0x00,0x9e,0xff,0xff,0xff,0xff,0xf5,0x1d,0x00,0x00,0x00,0x00,0x14,0xd9,0xff,0xff,0xff,0xff,0xff,0xff,0xff,0x52,
  0x00,0x00,0x01,0xe8,0xff,0xff,0xff,0xff,0x99,0x00,0x00,0x00,0x00,0x0b,0xca,0xff,0xff,0xe7,0xeb,0xff,0xff,0xff,0xff,0xa4,
  0x00,0x00,0x22,0xff,0xff,0xff,0xff,0xff,0x54,0x00,0x00,0x00,0x04,0xb7,0xff,0xff,0xf1,0x30,0xa2,0xff,0xff,0xff,0xff,0xe5,
  0x00,0x00,0x3a,0xff,0xff,0xff,0xff,0xff,0x34,0x00,0x00,0x01,0xa1,0xff,0xff,0xf9,0x41,0x00,0x72,0xff,0xff,0xff,0xff,0xfe,
  0x05,0x00,0x46,0xff,0xff,0xff,0xff,0xff,0x2e,0x00,0x00,0x8a,0xff,0xff,0xfd,0x56,0x00,0x00,0x5e,0xff,0xff,0xff,0xff,0xff,
  0x15,0x00,0x33,0xff,0xff,0xff,0xff,0xff,0x41,0x00,0x70,0xff,0xff,0xff,0x6c,0x00,0x00,0x00,0x66,0xff,0xff,0xff,0xff,0xff,
  0x06,0x00,0x13,0xfe,0xff,0xff,0xff,0xff,0x6d,0x58,0xfe,0xff,0xff,0x85,0x00,0x00,0x00,0x00,0x86,0xff,0xff,0xff,0xff,0xec,
  0x00,0x00,0x00,0xd2,0xff,0xff,0xff,0xff,0xd7,0xf9,0xff,0xff,0x9e,0x00,0x00,0x00,0x00,0x00,0xcc,0xff,0xff,0xff,0xff,0xae,
  0x00,0x00,0x00,0x81,0xff,0xff,0xff,0xff,0xff,0xff,0xff,0xb3,0x04,0x00,0x00,0x00,0x00,0x46,0xff,0xff,0xff,0xff,0xff,0x60,
  0x00,0x00,0x00,0x17,0xf8,0xff,0xff,0xff,0xff,0xff,0xc8,0x0a,0x00,0x00,0x00,0x00,0x28,0xe6,0xff,0xff,0xff,0xff,0xdd,0x06,
  0x00,0x00,0x00,0x00,0x7f,0xff,0xff,0xff,0xff,0xff,0xea,0x68,0x19,0x06,0x23,0x79,0xf1,0xff,0xff,0xff,0xff,0xfe,0x4d,0x00,
  0x00,0x00,0x00,0x00,0x0f,0xf1,0xff,0xff,0xff,0xff,0xff,0xff,0xff,0xff,0xff,0xff,0xff,0xff,0xff,0xff,0xff,0x7a,0x00,0x00,
  0x00,0x00,0x00,0x18,0xcc,0xff,0xff,0xff,0xff,0xff,0xff,0xff,0xff,0xff,0xff,0xff,0xff,0xff,0xff,0xfc,0x75,0x00,0x00,0x00,
  0x00,0x00,0x00,0xc4,0xff,0xff,0xfa,0xa4,0xf6,0xff,0xff,0xff,0xff,0xff,0xff,0xff,0xff,0xff,0xca,0x3e,0x00,0x00,0x00,0x00,
  0x00,0x00,0x00,0x1e,0xd9,0xf2,0x44,0x00,0x14,0x68,0xae,0xdd,0xf4,0xfa,0xe8,0xcd,0x8e,0x42,0x00,0x00,0x00,0x00,0x00,0x00,
  0x00,0x00,0x00,0x00,0x16,0x2f,0x00,0x00,0x00,0x00,0x00,0x00,0x00,0x00,0x00,0x00,0x00,0x00,0x00,0x00,0x00,0x00,0x00,0x00,
  0x00,0x00,0x00,0x00,0x00,0x00,0x00,0x6d,0xff,0xff,0xff,0xff,0xff,0x7d,0x00,0x00,0x00,0x00,0x00,0x00,0x00,0x00,0x00,0x00,
  0x00,0x00,0x00,0x00,0x00,0x00,0x00,0x00,0x88,0xff,0xff,0xff,0xff,0xe8,0x07,0x00,0x00,0x00,0x00,0x00,0x00,0x00,0x00,0x00,
  0x00,0x00,0x00,0x00,0x00,0x00,0x00,0x00,0x00,0xa0,0xff,0xff,0xff,0xff,0x63,0x00,0x00,0x00,0x00,0x00,0x00,0x00,0x00,0x00,
  0x00,0x00,0x00,0x00,0x00,0x00,0x00,0x00,0x00,0x04,0xb7,0xff,0xff,0xff,0xd5,0x01,0x00,0x00,0x00,0x00,0x00,0x00,0x00,0x00,
  0x00,0x00,0x00,0x00,0x00,0x00,0x00,0x00,0x00,0x00,0x0b,0xca,0xff,0xff,0xff,0x4a,0x00,0x00,0x00,0x00,0x00,0x00,0x00,0x00,
  0x00,0x00,0x00,0x00,0x00,0x00,0x00,0x00,0x00,0x00,0x00,0x15,0xda,0xff,0xff,0xbe,0x00,0x00,0x00,0x00,0x00,0x00,0x00,0x00,
  0x00,0x00,0x00,0x00,0x00,0x00,0x00,0x00,0x00,0x00,0x00,0x00,0x00,0x00,0x00,0x00,0x00,0x00,0x00,0x00,0x00,0x00,0x00,0x00,
  0x00,0x00,0x00,0x00,0x00,0x00,0x00,0x00,0x00,0x00,0x00,0x00,0x00,0x00,0x00,0x00,0x00,0x00,0x00,0x00,0x00,0x00,0x00,0x00,
  0x00,0x00,0x00,0x40,0xff,0xff,0xff,0xff,0xff,0x40,0x00,0x00,0x00,0x00,0x00,0x00,0x00,0xdc,0xff,0xff,0xff,0xff,0xa0,0x00,
  0x00,0x00,0x00,0x40,0xff,0xff,0xff,0xff,0xff,0x40,0x00,0x00,0x00,0x00,0x00,0x00,0x00,0xdc,0xff,0xff,0xff,0xff,0xa0,0x00,
  0x00,0x00,0x00,0x40,0xff,0xff,0xff,0xff,0xff,0x40,0x00,0x00,0x00,0x00,0x00,0x00,0x00,0xdc,0xff,0xff,0xff,0xff,0xa0,0x00,
  0x00,0x00,0x00,0x40,0xff,0xff,0xff,0xff,0xff,0x40,0x00,0x00,0x00,0x00,0x00,0x00,0x00,0xdc,0xff,0xff,0xff,0xff,0xa0,0x00,
  0x00,0x00,0x00,0x40,0xff,0xff,0xff,0xff,0xff,0x40,0x00,0x00,0x00,0x00,0x00,0x00,0x00,0xdc,0xff,0xff,0xff,0xff,0xa0,0x00,
  0x00,0x00,0x00,0x40,0xff,0xff,0xff,0xff,0xff,0x40,0x00,0x00,0x00,0x00,0x00,0x00,0x00,0xdc,0xff,0xff,0xff,0xff,0xa0,0x00,
  0x00,0x00,0x00,0x40,0xff,0xff,0xff,0xff,0xff,0x40,0x00,0x00,0x00,0x00,0x00,0x00,0x00,0xdc,0xff,0xff,0xff,0xff,0xa0,0x00,
  0x00,0x00,0x00,0x40,0xff,0xff,0xff,0xff,0xff,0x40,0x00,0x00,0x00,0x00,0x00,0x00,0x00,0xdc,0xff,0xff,0xff,0xff,0xa0,0x00,
  0x00,0x00,0x00,0x40,0xff,0xff,0xff,0xff,0xff,0x40,0x00,0x00,0x00,0x00,0x00,0x00,0x00,0xdc,0xff,0xff,0xff,0xff,0xa0,0x00,
  0x00,0x00,0x00,0x40,0xff,0xff,0xff,0xff,0xff,0x40,0x00,0x00,0x00,0x00,0x00,0x00,0x00,0xdf,0xff,0xff,0xff,0xff,0xa0,0x00,
  0x00,0x00,0x00,0x40,0xff,0xff,0xff,0xff,0xff,0x41,0x00,0x00,0x00,0x00,0x00,0x00,0x00,0xe2,0xff,0xff,0xff,0xff,0xa0,0x00,
  0x00,0x00,0x00,0x40,0xff,0xff,0xff,0xff,0xff,0x44,0x00,0x00,0x00,0x00,0x00,0x00,0x00,0xec,0xff,0xff,0xff,0xff,0xa0,0x00,
  0x00,0x00,0x00,0x40,0xff,0xff,0xff,0xff,0xff,0x4d,0x00,0x00,0x00,0x00,0x00,0x00,0x01,0xfa,0xff,0xff,0xff,0xff,0xa0,0x00,
  0x00,0x00,0x00,0x3c,0xff,0xff,0xff,0xff,0xff,0x5c,0x00,0x00,0x00,0x00,0x00,0x00,0x19,0xff,0xff,0xff,0xff,0xff,0xa0,0x00,
  0x00,0x00,0x00,0x2f,0xff,0xff,0xff,0xff,0xff,0x7b,0x00,0x00,0x00,0x00,0x00,0x00,0x63,0xff,0xff,0xff,0xff,0xff,0xa0,0x00,
  0x00,0x00,0x00,0x11,0xff,0xff,0xff,0xff,0xff,0xd9,0x07,0x00,0x00,0x00,0x00,0x22,0xe6,0xff,0xff,0xff,0xff,0xff,0xa0,0x00,
  0x00,0x00,0x00,0x00,0xdc,0xff,0xff,0xff,0xff,0xff,0xbc,0x34,0x09,0x1d,0x6c,0xe9,0xff,0xff,0xff,0xff,0xff,0xff,0xa0,0x00,
  0x00,0x00,0x00,0x00,0x80,0xff,0xff,0xff,0xff,0xff,0xff,0xff,0xff,0xff,0xff,0xff,0xff,0xfe,0xff,0xff,0xff,0xff,0xa0,0x00,
  0x00,0x00,0x00,0x00,0x08,0xd8,0xff,0xff,0xff,0xff,0xff,0xff,0xff,0xff,0xff,0xff,0xde,0x91,0xff,0xff,0xff,0xff,0xa0,0x00,
  0x00,0x00,0x00,0x00,0x00,0x1d,0xc6,0xff,0xff,0xff,0xff,0xff,0xff,0xff,0xff,0xba,0x20,0x78,0xff,0xff,0xff,0xff,0xa0,0x00,
  0x00,0x00,0x00,0x00,0x00,0x00,0x04,0x54,0xb1,0xde,0xf8,0xed,0xd2,0x94,0x43,0x00,0x00,0x78,0xff,0xff,0xff,0xff,0xa0,0x00,
  0x00,0x00,0x00,0x00,0x00,0x00,0x00,0x00,0x00,0x00,0x00,0x00,0x20,0xfc,0xff,0xff,0xff,0xff,0xc7,0x09,0x00,0x00,0x00,0x00,
  0x00,0x00,0x00,0x00,0x00,0x00,0x00,0x00,0x00,0x00,0x00,0x00,0x90,0xff,0xff,0xff,0xff,0xd8,0x13,0x00,0x00,0x00,0x00,0x00,
  0x00,0x00,0x00,0x00,0x00,0x00,0x00,0x00,0x00,0x00,0x00,0x0f,0xf3,0xff,0xff,0xff,0xe6,0x20,0x00,0x00,0x00,0x00,0x00,0x00,
  0x00,0x00,0x00,0x00,0x00,0x00,0x00,0x00,0x00,0x00,0x00,0x76,0xff,0xff,0xff,0xf1,0x2f,0x00,0x00,0x00,0x00,0x00,0x00,0x00,
  0x00,0x00,0x00,0x00,0x00,0x00,0x00,0x00,0x00,0x00,0x04,0xe3,0xff,0xff,0xf9,0x42,0x00,0x00,0x00,0x00,0x00,0x00,0x00,0x00,
  0x00,0x00,0x00,0x00,0x00,0x00,0x00,0x00,0x00,0x00,0x5b,0xff,0xff,0xfe,0x58,0x00,0x00,0x00,0x00,0x00,0x00,0x00,0x00,0x00,
  0x00,0x00,0x00,0x00,0x00,0x00,0x00,0x00,0x00,0x00,0x00,0x00,0x00,0x00,0x00,0x00,0x00,0x00,0x00,0x00,0x00,0x00,0x00,0x00,
  0x00,0x00,0x00,0x00,0x00,0x00,0x00,0x00,0x00,0x00,0x00,0x00,0x00,0x00,0x00,0x00,0x00,0x00,0x00,0x00,0x00,0x00,0x00,0x00,
  0x00,0x00,0x00,0x40,0xff,0xff,0xff,0xff,0xff,0x40,0x00,0x00,0x00,0x00,0x00,0x00,0x00,0xdc,0xff,0xff,0xff,0xff,0xa0,0x00,
  0x00,0x00,0x00,0x40,0xff,0xff,0xff,0xff,0xff,0x40,0x00,0x00,0x00,0x00,0x00,0x00,0x00,0xdc,0xff,0xff,0xff,0xff,0xa0,0x00,
  0x00,0x00,0x00,0x40,0xff,0xff,0xff,0xff,0xff,0x40,0x00,0x00,0x00,0x00,0x00,0x00,0x00,0xdc,0xff,0xff,0xff,0xff,0xa0,0x00,
  0x00,0x00,0x00,0x40,0xff,0xff,0xff,0xff,0xff,0x40,0x00,0x00,0x00,0x00,0x00,0x00,0x00,0xdc,0xff,0xff,0xff,0xff,0xa0,0x00,
  0x00,0x00,0x00,0x40,0xff,0xff,0xff,0xff,0xff,0x40,0x00,0x00,0x00,0x00,0x00,0x00,0x00,0xdc,0xff,0xff,0xff,0xff,0xa0,0x00,
  0x00,0x00,0x00,0x40,0xff,0xff,0xff,0xff,0xff,0x40,0x00,0x00,0x00,0x00,0x00,0x00,0x00,0xdc,0xff,0xff,0xff,0xff,0xa0,0x00,
  0x00,0x00,0x00,0x40,0xff,0xff,0xff,0xff,0xff,0x40,0x00,0x00,0x00,0x00,0x00,0x00,0x00,0xdc,0xff,0xff,0xff,0xff,0xa0,0x00,
  0x00,0x00,0x00,0x40,0xff,0xff,0xff,0xff,0xff,0x40,0x00,0x00,0x00,0x00,0x00,0x00,0x00,0xdc,0xff,0xff,0xff,0xff,0xa0,0x00,
  0x00,0x00,0x00,0x40,0xff,0xff,0xff,0xff,0xff,0x40,0x00,0x00,0x00,0x00,0x00,0x00,0x00,0xdc,0xff,0xff,0xff,0xff,0xa0,0x00,
  0x00,0x00,0x00,0x40,0xff,0xff,0xff,0xff,0xff,0x40,0x00,0x00,0x00,0x00,0x00,0x00,0x00,0xdf,0xff,0xff,0xff,0xff,0xa0,0x00,
  0x00,0x00,0x00,0x40,0xff,0xff,0xff,0xff,0xff,0x41,0x00,0x00,0x00,0x00,0x00,0x00,0x00,0xe2,0xff,0xff,0xff,0xff,0xa0,0x00,
  0x00,0x00,0x00,0x40,0xff,0xff,0xff,0xff,0xff,0x44,0x00,0x00,0x00,0x00,0x00,0x00,0x00,0xec,0xff,0xff,0xff,0xff,0xa0,0x00,
  0x00,0x00,0x00,0x40,0xff,0xff,0xff,0xff,0xff,0x4d,0x00,0x00,0x00,0x00,0x00,0x00,0x01,0xfa,0xff,0xff,0xff,0xff,0xa0,0x00,
  0x00,0x00,0x00,0x3c,0xff,0xff,0xff,0xff,0xff,0x5c,0x00,0x00,0x00,0x00,0x00,0x00,0x19,0xff,0xff,0xff,0xff,0xff,0xa0,0x00,
  0x00,0x00,0x00,0x2f,0xff,0xff,0xff,0xff,0xff,0x7b,0x00,0x00,0x00,0x00,0x00,0x00,0x63,0xff,0xff,0xff,0xff,0xff,0xa0,0x00,
  0x00,0x00,0x00,0x11,0xff,0xff,0xff,0xff,0xff,0xd9,0x07,0x00,0x00,0x00,0x00,0x22,0xe6,0xff,0xff,0xff,0xff,0xff,0xa0,0x00,
  0x00,0x00,0x00,0x00,0xdc,0xff,0xff,0xff,0xff,0xff,0xbc,0x34,0x09,0x1d,0x6c,0xe9,0xff,0xff,0xff,0xff,0xff,0xff,0xa0,0x00,
  0x00,0x00,0x00,0x00,0x80,0xff,0xff,0xff,0xff,0xff,0xff,0xff,0xff,0xff,0xff,0xff,0xff,0xfe,0xff,0xff,0xff,0xff,0xa0,0x00,
  0x00,0x00,0x00,0x00,0x08,0xd8,0xff,0xff,0xff,0xff,0xff,0xff,0xff,0xff,0xff,0xff,0xde,0x91,0xff,0xff,0xff,0xff,0xa0,0x00,
  0x00,0x00,0x00,0x00,0x00,0x1d,0xc6,0xff,0xff,0xff,0xff,0xff,0xff,0xff,0xff,0xba,0x20,0x78,0xff,0xff,0xff,0xff,0xa0,0x00,
  0x00,0x00,0x00,0x00,0x00,0x00,0x04,0x54,0xb1,0xde,0xf8,0xed,0xd2,0x94,0x43,0x00,0x00,0x78,0xff,0xff,0xff,0xff,0xa0,0x00,
  0x00,0x00,0x00,0x00,0x00,0x00,0x00,0x00,0x00,0x00,0xa8,0xff,0xff,0xff,0xff,0xf5,0x24,0x00,0x00,0x00,0x00,0x00,0x00,0x00,
  0x00,0x00,0x00,0x00,0x00,0x00,0x00,0x00,0x00,0x56,0xff,0xff,0xff,0xff,0xff,0xff,0xc4,0x02,0x00,0x00,0x00,0x00,0x00,0x00,
  0x00,0x00,0x00,0x00,0x00,0x00,0x00,0x00,0x18,0xec,0xff,0xff,0xff,0xff,0xff,0xff,0xff,0x73,0x00,0x00,0x00,0x00,0x00,0x00,
  0x00,0x00,0x00,0x00,0x00,0x00,0x00,0x00,0xb3,0xff,0xff,0xff,0xc6,0x7f,0xff,0xff,0xff,0xf7,0x28,0x00,0x00,0x00,0x00,0x00,
  0x00,0x00,0x00,0x00,0x00,0x00,0x00,0x62,0xff,0xff,0xff,0xf3,0x22,0x01,0xb8,0xff,0xff,0xff,0xc9,0x03,0x00,0x00,0x00,0x00,
  0x00,0x00,0x00,0x00,0x00,0x00,0x1e,0xf1,0xff,0xff,0xff,0x61,0x00,0x00,0x14,0xe4,0xff,0xff,0xff,0x79,0x00,0x00,0x00,0x00,
  0x00,0x00,0x00,0x00,0x00,0x00,0x00,0x00,0x00,0x00,0x00,0x00,0x00,0x00,0x00,0x00,0x00,0x00,0x00,0x00,0x00,0x00,0x00,0x00,
  0x00,0x00,0x00,0x00,0x00,0x00,0x00,0x00,0x00,0x00,0x00,0x00,0x00,0x00,0x00,0x00,0x00,0x00,0x00,0x00,0x00,0x00,0x00,0x00,
  0x00,0x00,0x00,0x40,0xff,0xff,0xff,0xff,0xff,0x40,0x00,0x00,0x00,0x00,0x00,0x00,0x00,0xdc,0xff,0xff,0xff,0xff,0xa0,0x00,
  0x00,0x00,0x00,0x40,0xff,0xff,0xff,0xff,0xff,0x40,0x00,0x00,0x00,0x00,0x00,0x00,0x00,0xdc,0xff,0xff,0xff,0xff,0xa0,0x00,
  0x00,0x00,0x00,0x40,0xff,0xff,0xff,0xff,0xff,0x40,0x00,0x00,0x00,0x00,0x00,0x00,0x00,0xdc,0xff,0xff,0xff,0xff,0xa0,0x00,
  0x00,0x00,0x00,0x40,0xff,0xff,0xff,0xff,0xff,0x40,0x00,0x00,0x00,0x00,0x00,0x00,0x00,0xdc,0xff,0xff,0xff,0xff,0xa0,0x00,
  0x00,0x00,0x00,0x40,0xff,0xff,0xff,0xff,0xff,0x40,0x00,0x00,0x00,0x00,0x00,0x00,0x00,0xdc,0xff,0xff,0xff,0xff,0xa0,0x00,
  0x00,0x00,0x00,0x40,0xff,0xff,0xff,0xff,0xff,0x40,0x00,0x00,0x00,0x00,0x00,0x00,0x00,0xdc,0xff,0xff,0xff,0xff,0xa0,0x00,
  0x00,0x00,0x00,0x40,0xff,0xff,0xff,0xff,0xff,0x40,0x00,0x00,0x00,0x00,0x00,0x00,0x00,0xdc,0xff,0xff,0xff,0xff,0xa0,0x00,
  0x00,0x00,0x00,0x40,0xff,0xff,0xff,0xff,0xff,0x40,0x00,0x00,0x00,0x00,0x00,0x00,0x00,0xdc,0xff,0xff,0xff,0xff,0xa0,0x00,
  0x00,0x00,0x00,0x40,0xff,0xff,0xff,0xff,0xff,0x40,0x00,0x00,0x00,0x00,0x00,0x00,0x00,0xdc,0xff,0xff,0xff,0xff,0xa0,0x00,
  0x00,0x00,0x00,0x40,0xff,0xff,0xff,0xff,0xff,0x40,0x00,0x00,0x00,0x00,0x00,0x00,0x00,0xdf,0xff,0xff,0xff,0xff,0xa0,0x00,
  0x00,0x00,0x00,0x40,0xff,0xff,0xff,0xff,0xff,0x41,0x00,0x00,0x00,0x00,0x00,0x00,0x00,0xe2,0xff,0xff,0xff,0xff,0xa0,0x00,
  0x00,0x00,0x00,0x40,0xff,0xff,0xff,0xff,0xff,0x44,0x00,0x00,0x00,0x00,0x00,0x00,0x00,0xec,0xff,0xff,0xff,0xff,0xa0,0x00,
  0x00,0x00,0x00,0x40,0xff,0xff,0xff,0xff,0xff,0x4d,0x00,0x00,0x00,0x00,0x00,0x00,0x01,0xfa,0xff,0xff,0xff,0xff,0xa0,0x00,
  0x00,0x00,0x00,0x3c,0xff,0xff,0xff,0xff,0xff,0x5c,0x00,0x00,0x00,0x00,0x00,0x00,0x19,0xff,0xff,0xff,0xff,0xff,0xa0,0x00,
  0x00,0x00,0x00,0x2f,0xff,0xff,0xff,0xff,0xff,0x7b,0x00,0x00,0x00,0x00,0x00,0x00,0x63,0xff,0xff,0xff,0xff,0xff,0xa0,0x00,
  0x00,0x00,0x00,0x11,0xff,0xff,0xff,0xff,0xff,0xd9,0x07,0x00,0x00,0x00,0x00,0x22,0xe6,0xff,0xff,0xff,0xff,0xff,0xa0,0x00,
  0x00,0x00,0x00,0x00,0xdc,0xff,0xff,0xff,0xff,0xff,0xbc,0x34,0x09,0x1d,0x6c,0xe9,0xff,0xff,0xff,0xff,0xff,0xff,0xa0,0x00,
  0x00,0x00,0x00,0x00,0x80,0xff,0xff,0xff,0xff,0xff,0xff,0xff,0xff,0xff,0xff,0xff,0xff,0xfe,0xff,0xff,0xff,0xff,0xa0,0x00,
  0x00,0x00,0x00,0x00,0x08,0xd8,0xff,0xff,0xff,0xff,0xff,0xff,0xff,0xff,0xff,0xff,0xde,0x91,0xff,0xff,0xff,0xff,0xa0,0x00,
  0x00,0x00,0x00,0x00,0x00,0x1d,0xc6,0xff,0xff,0xff,0xff,0xff,0xff,0xff,0xff,0xba,0x20,0x78,0xff,0xff,0xff,0xff,0xa0,0x00,
  0x00,0x00,0x00,0x00,0x00,0x00,0x04,0x54,0xb1,0xde,0xf8,0xed,0xd2,0x94,0x43,0x00,0x00,0x78,0xff,0xff,0xff,0xff,0xa0,0x00,
  0x00,0x00,0x00,0x00,0x00,0x00,0x60,0xff,0xff,0xff,0xff,0x58,0x00,0x00,0x00,0xf8,0xff,0xff,0xff,0xc0,0x00,0x00,0x00,0x00,
  0x00,0x00,0x00,0x00,0x00,0x00,0x60,0xff,0xff,0xff,0xff,0x58,0x00,0x00,0x00,0xf8,0xff,0xff,0xff,0xc0,0x00,0x00,0x00,0x00,
  0x00,0x00,0x00,0x00,0x00,0x00,0x60,0xff,0xff,0xff,0xff,0x58,0x00,0x00,0x00,0xf8,0xff,0xff,0xff,0xc0,0x00,0x00,0x00,0x00,
  0x00,0x00,0x00,0x00,0x00,0x00,0x60,0xff,0xff,0xff,0xff,0x58,0x00,0x00,0x00,0xf8,0xff,0xff,0xff,0xc0,0x00,0x00,0x00,0x00,
  0x00,0x00,0x00,0x00,0x00,0x00,0x00,0x00,0x00,0x00,0x00,0x00,0x00,0x00,0x00,0x00,0x00,0x00,0x00,0x00,0x00,0x00,0x00,0x00,
  0x00,0x00,0x00,0x00,0x00,0x00,0x00,0x00,0x00,0x00,0x00,0x00,0x00,0x00,0x00,0x00,0x00,0x00,0x00,0x00,0x00,0x00,0x00,0x00,
  0x00,0x00,0x00,0x40,0xff,0xff,0xff,0xff,0xff,0x40,0x00,0x00,0x00,0x00,0x00,0x00,0x00,0xdc,0xff,0xff,0xff,0xff,0xa0,0x00,
  0x00,0x00,0x00,0x40,0xff,0xff,0xff,0xff,0xff,0x40,0x00,0x00,0x00,0x00,0x00,0x00,0x00,0xdc,0xff,0xff,0xff,0xff,0xa0,0x00,
  0x00,0x00,0x00,0x40,0xff,0xff,0xff,0xff,0xff,0x40,0x00,0x00,0x00,0x00,0x00,0x00,0x00,0xdc,0xff,0xff,0xff,0xff,0xa0,0x00,
  0x00,0x00,0x00,0x40,0xff,0xff,0xff,0xff,0xff,0x40,0x00,0x00,0x00,0x00,0x00,0x00,0x00,0xdc,0xff,0xff,0xff,0xff,0xa0,0x00,
  0x00,0x00,0x00,0x40,0xff,0xff,0xff,0xff,0xff,0x40,0x00,0x00,0x00,0x00,0x00,0x00,0x00,0xdc,0xff,0xff,0xff,0xff,0xa0,0x00,
  0x00,0x00,0x00,0x40,0xff,0xff,0xff,0xff,0xff,0x40,0x00,0x00,0x00,0x00,0x00,0x00,0x00,0xdc,0xff,0xff,0xff,0xff,0xa0,0x00,
  0x00,0x00,0x00,0x40,0xff,0xff,0xff,0xff,0xff,0x40,0x00,0x00,0x00,0x00,0x00,0x00,0x00,0xdc,0xff,0xff,0xff,0xff,0xa0,0x00,
  0x00,0x00,0x00,0x40,0xff,0xff,0xff,0xff,0xff,0x40,0x00,0x00,0x00,0x00,0x00,0x00,0x00,0xdc,0xff,0xff,0xff,0xff,0xa0,0x00,
  0x00,0x00,0x00,0x40,0xff,0xff,0xff,0xff,0xff,0x40,0x00,0x00,0x00,0x00,0x00,0x00,0x00,0xdc,0xff,0xff,0xff,0xff,0xa0,0x00,
  0x00,0x00,0x00,0x40,0xff,0xff,0xff,0xff,0xff,0x40,0x00,0x00,0x00,0x00,0x00,0x00,0x00,0xdf,0xff,0xff,0xff,0xff,0xa0,0x00,
  0x00,0x00,0x00,0x40,0xff,0xff,0xff,0xff,0xff,0x41,0x00,0x00,0x00,0x00,0x00,0x00,0x00,0xe2,0xff,0xff,0xff,0xff,0xa0,0x00,
  0x00,0x00,0x00,0x40,0xff,0xff,0xff,0xff,0xff,0x44,0x00,0x00,0x00,0x00,0x00,0x00,0x00,0xec,0xff,0xff,0xff,0xff,0xa0,0x00,
  0x00,0x00,0x00,0x40,0xff,0xff,0xff,0xff,0xff,0x4d,0x00,0x00,0x00,0x00,0x00,0x00,0x01,0xfa,0xff,0xff,0xff,0xff,0xa0,0x00,
  0x00,0x00,0x00,0x3c,0xff,0xff,0xff,0xff,0xff,0x5c,0x00,0x00,0x00,0x00,0x00,0x00,0x19,0xff,0xff,0xff,0xff,0xff,0xa0,0x00,
  0x00,0x00,0x00,0x2f,0xff,0xff,0xff,0xff,0xff,0x7b,0x00,0x00,0x00,0x00,0x00,0x00,0x63,0xff,0xff,0xff,0xff,0xff,0xa0,0x00,
  0x00,0x00,0x00,0x11,0xff,0xff,0xff,0xff,0xff,0xd9,0x07,0x00,0x00,0x00,0x00,0x22,0xe6,0xff,0xff,0xff,0xff,0xff,0xa0,0x00,
  0x00,0x00,0x00,0x00,0xdc,0xff,0xff,0xff,0xff,0xff,0xbc,0x34,0x09,0x1d,0x6c,0xe9,0xff,0xff,0xff,0xff,0xff,0xff,0xa0,0x00,
  0x00,0x00,0x00,0x00,0x80,0xff,0xff,0xff,0xff,0xff,0xff,0xff,0xff,0xff,0xff,0xff,0xff,0xfe,0xff,0xff,0xff,0xff,0xa0,0x00,
  0x00,0x00,0x00,0x00,0x08,0xd8,0xff,0xff,0xff,0xff,0xff,0xff,0xff,0xff,0xff,0xff,0xde,0x91,0xff,0xff,0xff,0xff,0xa0,0x00,
  0x00,0x00,0x00,0x00,0x00,0x1d,0xc6,0xff,0xff,0xff,0xff,0xff,0xff,0xff,0xff,0xba,0x20,0x78,0xff,0xff,0xff,0xff,0xa0,0x00,
  0x00,0x00,0x00,0x00,0x00,0x00,0x04,0x54,0xb1,0xde,0xf8,0xed,0xd2,0x94,0x43,0x00,0x00,0x78,0xff,0xff,0xff,0xff,0xa0,0x00,
  0x00,0x00,0x00,0x00,0x00,0x00,0x00,0x00,0x00,0x00,0x00,0x5e,0xff,0xff,0xff,0xff,0xff,0x91,0x00,0x00,0x00,0x00,0x00,0x00,
  0x00,0x00,0x00,0x00,0x00,0x00,0x00,0x00,0x00,0xcf,0xff,0xff,0xff,0xff,0xaa,0x02,0x00,0x00,0x00,0x00,0x00,0x00,0x00,0x00,
  0x00,0x00,0x00,0x00,0x00,0x00,0x43,0xff,0xff,0xff,0xff,0xbf,0x07,0x00,0x00,0x00,0x00,0x00,0x00,0x00,0x00,0x00,0x00,0x00,
  0x00,0x00,0x00,0x00,0xb6,0xff,0xff,0xff,0xd1,0x0f,0x00,0x00,0x00,0x00,0x00,0x00,0x00,0x00,0x00,0x00,0x00,0x00,0x00,0x00,
  0x00,0x29,0xfe,0xff,0xff,0xe1,0x1a,0x00,0x00,0x00,0x00,0x00,0x00,0x00,0x00,0x00,0x00,0x00,0x00,0x00,0x00,0x00,0x00,0x9b,
  0xff,0xff,0xed,0x29,0x00,0x00,0x00,0x00,0x00,0x00,0x00,0x00,0x00,0x00,0x00,0x00,0x00,0x00,0x00,0x00,0x00,0x00,0x00,0x00,
  0x00,0x00,0x00,0x00,0x00,0x00,0x00,0x00,0x00,0x00,0x00,0x00,0x00,0x00,0x00,0x00,0x00,0x00,0x00,0x00,0x00,0x00,0x00,0x00,
  0x00,0x00,0x00,0x00,0x00,0x00,0x00,0x00,0x00,0x88,0xff,0xff,0xff,0xff,0xff,0x46,0x00,0x00,0x00,0x00,0x00,0x00,0x00,0x00,
  0x3e,0xff,0xff,0xff,0xff,0xff,0x6d,0x28,0xff,0xff,0xff,0xff,0xff,0x9c,0x00,0x00,0x00,0x00,0x00,0x00,0x00,0x00,0x91,0xff,
  0xff,0xff,0xff,0xfb,0x15,0x00,0xc8,0xff,0xff,0xff,0xff,0xec,0x04,0x00,0x00,0x00,0x00,0x00,0x00,0x01,0xe3,0xff,0xff,0xff,
  0xff,0xb3,0x00,0x00,0x68,0xff,0xff,0xff,0xff,0xff,0x47,0x00,0x00,0x00,0x00,0x00,0x00,0x38,0xff,0xff,0xff,0xff,0xff,0x56,
  0x00,0x00,0x10,0xf7,0xff,0xff,0xff,0xff,0x9c,0x00,0x00,0x00,0x00,0x00,0x00,0x8b,0xff,0xff,0xff,0xff,0xf1,0x08,0x00,0x00,
  0x00,0xa7,0xff,0xff,0xff,0xff,0xed,0x04,0x00,0x00,0x00,0x00,0x00,0xde,0xff,0xff,0xff,0xff,0x9d,0x00,0x00,0x00,0x00,0x47,
  0xff,0xff,0xff,0xff,0xff,0x47,0x00,0x00,0x00,0x00,0x32,0xff,0xff,0xff,0xff,0xff,0x40,0x00,0x00,0x00,0x00,0x02,0xe4,0xff,
  0xff,0xff,0xff,0x9d,0x00,0x00,0x00,0x00,0x85,0xff,0xff,0xff,0xff,0xe2,0x01,0x00,0x00,0x00,0x00,0x00,0x87,0xff,0xff,0xff,
  0xff,0xed,0x04,0x00,0x00,0x00,0xd8,0xff,0xff,0xff,0xff,0x86,0x00,0x00,0x00,0x00,0x00,0x00,0x27,0xff,0xff,0xff,0xff,0xff,
  0x48,0x00,0x00,0x2c,0xff,0xff,0xff,0xff,0xff,0x2a,0x00,0x00,0x00,0x00,0x00,0x00,0x00,0xc6,0xff,0xff,0xff,0xff,0x9d,0x00,
  0x00,0x7f,0xff,0xff,0xff,0xff,0xcd,0x00,0x00,0x00,0x00,0x00,0x00,0x00,0x00,0x66,0xff,0xff,0xff,0xff,0xed,0x05,0x00,0xd3,
  0xff,0xff,0xff,0xff,0x70,0x00,0x00,0x00,0x00,0x00,0x00,0x00,0x00,0x0f,0xf6,0xff,0xff,0xff,0xff,0x48,0x26,0xff,0xff,0xff,
  0xff,0xfc,0x17,0x00,0x00,0x00,0x00,0x00,0x00,0x00,0x00,0x00,0xa6,0xff,0xff,0xff,0xff,0x9e,0x7a,0xff,0xff,0xff,0xff,0xb7,
  0x00,0x00,0x00,0x00,0x00,0x00,0x00,0x00,0x00,0x00,0x46,0xff,0xff,0xff,0xff,0xee,0xd1,0xff,0xff,0xff,0xff,0x5a,0x00,0x00,
  0x00,0x00,0x00,0x00,0x00,0x00,0x00,0x00,0x02,0xe2,0xff,0xff,0xff,0xff,0xff,0xff,0xff,0xff,0xf3,0x0a,0x00,0x00,0x00,0x00,
  0x00,0x00,0x00,0x00,0x00,0x00,0x00,0x85,0xff,0xff,0xff,0xff,0xff,0xff,0xff,0xff,0xa0,0x00,0x00,0x00,0x00,0x00,0x00,0x00,
  0x00,0x00,0x00,0x00,0x00,0x25,0xff,0xff,0xff,0xff,0xff,0xff,0xff,0xff,0x43,0x00,0x00,0x00,0x00,0x00,0x00,0x00,0x00,0x00,
  0x00,0x00,0x00,0x00,0xc5,0xff,0xff,0xff,0xff,0xff,0xff,0xe4,0x02,0x00,0x00,0x00,0x00,0x00,0x00,0x00,0x00,0x00,0x00,0x00,
  0x00,0x00,0x65,0xff,0xff,0xff,0xff,0xff,0xff,0x8a,0x00,0x00,0x00,0x00,0x00,0x00,0x00,0x00,0x00,0x00,0x00,0x00,0x00,0x00,
  0x0e,0xf5,0xff,0xff,0xff,0xff,0xff,0x2d,0x00,0x00,0x00,0x00,0x00,0x00,0x00,0x00,0x00,0x00,0x00,0x00,0x00,0x00,0x0d,0xf6,
  0xff,0xff,0xff,0xff,0xce,0x00,0x00,0x00,0x00,0x00,0x00,0x00,0x00,0x00,0x00,0x00,0x00,0x00,0x00,0x00,0x68,0xff,0xff,0xff,
  0xff,0xff,0x70,0x00,0x00,0x00,0x00,0x00,0x00,0x00,0x00,0x00,0x00,0x00,0x00,0x00,0x00,0x14,0xeb,0xff,0xff,0xff,0xff,0xfa,
  0x16,0x00,0x00,0x00,0x00,0x00,0x00,0x00,0x00,0x00,0x15,0x1d,0x06,0x0b,0x46,0xd2,0xff,0xff,0xff,0xff,0xff,0xa1,0x00,0x00,
  0x00,0x00,0x00,0x00,0x00,0x00,0x00,0x00,0x4d,0xff,0xff,0xff,0xff,0xff,0xff,0xff,0xff,0xff,0xf9,0x26,0x00,0x00,0x00,0x00,
  0x00,0x00,0x00,0x00,0x00,0x00,0x2d,0xff,0xff,0xff,0xff,0xff,0xff,0xff,0xff,0xff,0x77,0x00,0x00,0x00,0x00,0x00,0x00,0x00,
  0x00,0x00,0x00,0x00,0x0e,0xff,0xff,0xff,0xff,0xff,0xff,0xff,0xfb,0x7d,0x00,0x00,0x00,0x00,0x00,0x00,0x00,0x00,0x00,0x00,
  0x00,0x00,0x00,0xba,0xe6,0xf8,0xfb,0xed,0xc7,0x86,0x24,0x00,0x00,0x00,0x00,0x00,0x00,0x00,0x00,0x00,0x00,0x00,0x00,0x00,
  0x00,0x48,0xff,0xff,0xff,0xff,0xff,0x34,0x00,0x00,0x00,0x00,0x00,0x00,0x00,0x00,0x00,0x00,0x00,0x00,0x00,0x00,0x00,0x00,
  0x00,0x48,0xff,0xff,0xff,0xff,0xff,0x34,0x00,0x00,0x00,0x00,0x00,0x00,0x00,0x00,0x00,0x00,0x00,0x00,0x00,0x00,0x00,0x00,
  0x00,0x48,0xff,0xff,0xff,0xff,0xff,0x34,0x00,0x00,0x00,0x00,0x00,0x00,0x00,0x00,0x00,0x00,0x00,0x00,0x00,0x00,0x00,0x00,
  0x00,0x48,0xff,0xff,0xff,0xff,0xff,0x34,0x00,0x00,0x00,0x00,0x00,0x00,0x00,0x00,0x00,0x00,0x00,0x00,0x00,0x00,0x00,0x00,
  0x00,0x48,0xff,0xff,0xff,0xff,0xff,0x34,0x00,0x00,0x00,0x00,0x00,0x00,0x00,0x00,0x00,0x00,0x00,0x00,0x00,0x00,0x00,0x00,
  0x00,0x48,0xff,0xff,0xff,0xff,0xff,0x34,0x00,0x00,0x00,0x00,0x00,0x00,0x00,0x00,0x00,0x00,0x00,0x00,0x00,0x00,0x00,0x00,
  0x00,0x48,0xff,0xff,0xff,0xff,0xff,0x34,0x00,0x00,0x00,0x00,0x00,0x00,0x00,0x00,0x00,0x00,0x00,0x00,0x00,0x00,0x00,0x00,
  0x00,0x48,0xff,0xff,0xff,0xff,0xff,0x34,0x00,0x00,0x00,0x00,0x00,0x00,0x00,0x00,0x00,0x00,0x00,0x00,0x00,0x00,0x00,0x00,
  0x00,0x48,0xff,0xff,0xff,0xff,0xff,0x34,0x00,0x0c,0x74,0xc6,0xeb,0xf8,0xe1,0xad,0x56,0x01,0x00,0x00,0x00,0x00,0x00,0x00,
  0x00,0x48,0xff,0xff,0xff,0xff,0xff,0x34,0x42,0xe2,0xff,0xff,0xff,0xff,0xff,0xff,0xff,0xcb,0x28,0x00,0x00,0x00,0x00,0x00,
  0x00,0x48,0xff,0xff,0xff,0xff,0xff,0x91,0xfa,0xff,0xff,0xff,0xff,0xff,0xff,0xff,0xff,0xff,0xec,0x35,0x00,0x00,0x00,0x00,
  0x00,0x48,0xff,0xff,0xff,0xff,0xff,0xff,0xff,0xff,0xff,0xff,0xff,0xff,0xff,0xff,0xff,0xff,0xff,0xe4,0x14,0x00,0x00,0x00,
  0x00,0x48,0xff,0xff,0xff,0xff,0xff,0xff,0xff,0xa7,0x33,0x08,0x16,0x63,0xe8,0xff,0xff,0xff,0xff,0xff,0xa0,0x00,0x00,0x00,
  0x00,0x48,0xff,0xff,0xff,0xff,0xff,0xff,0x87,0x00,0x00,0x00,0x00,0x00,0x22,0xeb,0xff,0xff,0xff,0xff,0xfa,0x1a,0x00,0x00,
  0x00,0x48,0xff,0xff,0xff,0xff,0xff,0xda,0x04,0x00,0x00,0x00,0x00,0x00,0x00,0x67,0xff,0xff,0xff,0xff,0xff,0x6d,0x00,0x00,
  0x00,0x48,0xff,0xff,0xff,0xff,0xff,0x7f,0x00,0x00,0x00,0x00,0x00,0x00,0x00,0x0d,0xfa,0xff,0xff,0xff,0xff,0xa8,0x00,0x00,
  0x00,0x48,0xff,0xff,0xff,0xff,0xff,0x4a,0x00,0x00,0x00,0x00,0x00,0x00,0x00,0x00,0xd3,0xff,0xff,0xff,0xff,0xd2,0x00,0x00,
  0x00,0x48,0xff,0xff,0xff,0xff,0xff,0x34,0x00,0x00,0x00,0x00,0x00,0x00,0x00,0x00,0xb7,0xff,0xff,0xff,0xff,0xe4,0x00,0x00,
  0x00,0x48,0xff,0xff,0xff,0xff,0xff,0x30,0x00,0x00,0x00,0x00,0x00,0x00,0x00,0x00,0xab,0xff,0xff,0xff,0xff,0xef,0x00,0x00,
  0x00,0x48,0xff,0xff,0xff,0xff,0xff,0x3c,0x00,0x00,0x00,0x00,0x00,0x00,0x00,0x00,0xb4,0xff,0xff,0xff,0xff,0xe0,0x00,0x00,
  0x00,0x48,0xff,0xff,0xff,0xff,0xff,0x5d,0x00,0x00,0x00,0x00,0x00,0x00,0x00,0x00,0xcd,0xff,0xff,0xff,0xff,0xce,0x00,0x00,
  0x00,0x48,0xff,0xff,0xff,0xff,0xff,0x99,0x00,0x00,0x00,0x00,0x00,0x00,0x00,0x09,0xf7,0xff,0xff,0xff,0xff,0xa0,0x00,0x00,
  0x00,0x48,0xff,0xff,0xff,0xff,0xff,0xf0,0x12,0x00,0x00,0x00,0x00,0x00,0x00,0x5f,0xff,0xff,0xff,0xff,0xff,0x65,0x00,0x00,
  0x00,0x48,0xff,0xff,0xff,0xff,0xff,0xff,0xb6,0x05,0x00,0x00,0x00,0x00,0x1c,0xe6,0xff,0xff,0xff,0xff,0xf6,0x13,0x00,0x00,
  0x00,0x48,0xff,0xff,0xff,0xff,0xff,0xff,0xff,0xc8,0x46,0x0e,0x0f,0x58,0xe3,0xff,0xff,0xff,0xff,0xff,0x95,0x00,0x00,0x00,
  0x00,0x48,0xff,0xff,0xff,0xff,0xff,0xff,0xff,0xff,0xff,0xff,0xff,0xff,0xff,0xff,0xff,0xff,0xff,0xde,0x0e,0x00,0x00,0x00,
  0x00,0x48,0xff,0xff,0xff,0xff,0xff,0x7a,0xf5,0xff,0xff,0xff,0xff,0xff,0xff,0xff,0xff,0xff,0xe8,0x2e,0x00,0x00,0x00,0x00,
  0x00,0x48,0xff,0xff,0xff,0xff,0xff,0x34,0x37,0xdc,0xff,0xff,0xff,0xff,0xff,0xff,0xff,0xc5,0x22,0x00,0x00,0x00,0x00,0x00,
  0x00,0x48,0xff,0xff,0xff,0xff,0xff,0x34,0x00,0x09,0x6f,0xc4,0xec,0xf8,0xe1,0xaa,0x51,0x01,0x00,0x00,0x00,0x00,0x00,0x00,
  0x00,0x48,0xff,0xff,0xff,0xff,0xff,0x34,0x00,0x00,0x00,0x00,0x00,0x00,0x00,0x00,0x00,0x00,0x00,0x00,0x00,0x00,0x00,0x00,
  0x00,0x48,0xff,0xff,0xff,0xff,0xff,0x34,0x00,0x00,0x00,0x00,0x00,0x00,0x00,0x00,0x00,0x00,0x00,0x00,0x00,0x00,0x00,0x00,
  0x00,0x48,0xff,0xff,0xff,0xff,0xff,0x34,0x00,0x00,0x00,0x00,0x00,0x00,0x00,0x00,0x00,0x00,0x00,0x00,0x00,0x00,0x00,0x00,
  0x00,0x48,0xff,0xff,0xff,0xff,0xff,0x34,0x00,0x00,0x00,0x00,0x00,0x00,0x00,0x00,0x00,0x00,0x00,0x00,0x00,0x00,0x00,0x00,
  0x00,0x48,0xff,0xff,0xff,0xff,0xff,0x34,0x00,0x00,0x00,0x00,0x00,0x00,0x00,0x00,0x00,0x00,0x00,0x00,0x00,0x00,0x00,0x00,
  0x00,0x48,0xff,0xff,0xff,0xff,0xff,0x34,0x00,0x00,0x00,0x00,0x00,0x00,0x00,0x00,0x00,0x00,0x00,0x00,0x00,0x00,0x00,0x00,
  0x00,0x48,0xff,0xff,0xff,0xff,0xff,0x34,0x00,0x00,0x00,0x00,0x00,0x00,0x00,0x00,0x00,0x00,0x00,0x00,0x00,0x00,0x00,0x00,
  0x00,0x48,0xff,0xff,0xff,0xff,0xff,0x34,0x00,0x00,0x00,0x00,0x00,0x00,0x00,0x00,0x00,0x00,0x00,0x00,0x00,0x00,0x00,0x00,
  0x00,0x00,0x00,0x84,0xff,0xff,0xff,0xff,0x34,0x00,0x00,0x1c,0xff,0xff,0xff,0xff,0x9c,0x00,0x00,0x00,0x00,0x00,0x00,0x00,
  0x00,0x84,0xff,0xff,0xff,0xff,0x34,0x00,0x00,0x1c,0xff,0xff,0xff,0xff,0x9c,0x00,0x00,0x00,0x00,0x00,0x00,0x00,0x00,0x84,
  0xff,0xff,0xff,0xff,0x34,0x00,0x00,0x1c,0xff,0xff,0xff,0xff,0x9c,0x00,0x00,0x00,0x00,0x00,0x00,0x00,0x00,0x84,0xff,0xff,
  0xff,0xff,0x34,0x00,0x00,0x1c,0xff,0xff,0xff,0xff,0x9c,0x00,0x00,0x00,0x00,0x00,0x00,0x00,0x00,0x00,0x00,0x00,0x00,0x00,
  0x00,0x00,0x00,0x00,0x00,0x00,0x00,0x00,0x00,0x00,0x00,0x00,0x00,0x00,0x00,0x00,0x00,0x00,0x00,0x00,0x00,0x00,0x00,0x00,
  0x00,0x00,0x00,0x00,0x00,0x00,0x00,0x00,0x00,0x00,0x00,0x88,0xff,0xff,0xff,0xff,0xff,0x46,0x00,0x00,0x00,0x00,0x00,0x00,
  0x00,0x00,0x3e,0xff,0xff,0xff,0xff,0xff,0x6d,0x28,0xff,0xff,0xff,0xff,0xff,0x9c,0x00,0x00,0x00,0x00,0x00,0x00,0x00,0x00,
  0x91,0xff,0xff,0xff,0xff,0xfb,0x15,0x00,0xc8,0xff,0xff,0xff,0xff,0xec,0x04,0x00,0x00,0x00,0x00,0x00,0x00,0x01,0xe3,0xff,
  0xff,0xff,0xff,0xb3,0x00,0x00,0x68,0xff,0xff,0xff,0xff,0xff,0x47,0x00,0x00,0x00,0x00,0x00,0x00,0x38,0xff,0xff,0xff,0xff,
  0xff,0x56,0x00,0x00,0x10,0xf7,0xff,0xff,0xff,0xff,0x9c,0x00,0x00,0x00,0x00,0x00,0x00,0x8b,0xff,0xff,0xff,0xff,0xf1,0x08,
  0x00,0x00,0x00,0xa7,0xff,0xff,0xff,0xff,0xed,0x04,0x00,0x00,0x00,0x00,0x00,0xde,0xff,0xff,0xff,0xff,0x9d,0x00,0x00,0x00,
  0x00,0x47,0xff,0xff,0xff,0xff,0xff,0x47,0x00,0x00,0x00,0x00,0x32,0xff,0xff,0xff,0xff,0xff,0x40,0x00,0x00,0x00,0x00,0x02,
  0xe4,0xff,0xff,0xff,0xff,0x9d,0x00,0x00,0x00,0x00,0x85,0xff,0xff,0xff,0xff,0xe2,0x01,0x00,0x00,0x00,0x00,0x00,0x87,0xff,
  0xff,0xff,0xff,0xed,0x04,0x00,0x00,0x00,0xd8,0xff,0xff,0xff,0xff,0x86,0x00,0x00,0x00,0x00,0x00,0x00,0x27,0xff,0xff,0xff,
  0xff,0xff,0x48,0x00,0x00,0x2c,0xff,0xff,0xff,0xff,0xff,0x2a,0x00,0x00,0x00,0x00,0x00,0x00,0x00,0xc6,0xff,0xff,0xff,0xff,
  0x9d,0x00,0x00,0x7f,0xff,0xff,0xff,0xff,0xcd,0x00,0x00,0x00,0x00,0x00,0x00,0x00,0x00,0x66,0xff,0xff,0xff,0xff,0xed,0x05,
  0x00,0xd3,0xff,0xff,0xff,0xff,0x70,0x00,0x00,0x00,0x00,0x00,0x00,0x00,0x00,0x0f,0xf6,0xff,0xff,0xff,0xff,0x48,0x26,0xff,
  0xff,0xff,0xff,0xfc,0x17,0x00,0x00,0x00,0x00,0x00,0x00,0x00,0x00,0x00,0xa6,0xff,0xff,0xff,0xff,0x9e,0x7a,0xff,0xff,0xff,
  0xff,0xb7,0x00,0x00,0x00,0x00,0x00,0x00,0x00,0x00,0x00,0x00,0x46,0xff,0xff,0xff,0xff,0xee,0xd1,0xff,0xff,0xff,0xff,0x5a,
  0x00,0x00,0x00,0x00,0x00,0x00,0x00,0x00,0x00,0x00,0x02,0xe2,0xff,0xff,0xff,0xff,0xff,0xff,0xff,0xff,0xf3,0x0a,0x00,0x00,
  0x00,0x00,0x00,0x00,0x00,0x00,0x00,0x00,0x00,0x85,0xff,0xff,0xff,0xff,0xff,0xff,0xff,0xff,0xa0,0x00,0x00,0x00,0x00,0x00,
  0x00,0x00,0x00,0x00,0x00,0x00,0x00,0x25,0xff,0xff,0xff,0xff,0xff,0xff,0xff,0xff,0x43,0x00,0x00,0x00,0x00,0x00,0x00,0x00,
  0x00,0x00,0x00,0x00,0x00,0x00,0xc5,0xff,0xff,0xff,0xff,0xff,0xff,0xe4,0x02,0x00,0x00,0x00,0x00,0x00,0x00,0x00,0x00,0x00,
  0x00,0x00,0x00,0x00,0x65,0xff,0xff,0xff,0xff,0xff,0xff,0x8a,0x00,0x00,0x00,0x00,0x00,0x00,0x00,0x00,0x00,0x00,0x00,0x00,
  0x00,0x00,0x0e,0xf5,0xff,0xff,0xff,0xff,0xff,0x2d,0x00,0x00,0x00,0x00,0x00,0x00,0x00,0x00,0x00,0x00,0x00,0x00,0x00,0x00,
  0x0d,0xf6,0xff,0xff,0xff,0xff,0xce,0x00,0x00,0x00,0x00,0x00,0x00,0x00,0x00,0x00,0x00,0x00,0x00,0x00,0x00,0x00,0x68,0xff,
  0xff,0xff,0xff,0xff,0x70,0x00,0x00,0x00,0x00,0x00,0x00,0x00,0x00,0x00,0x00,0x00,0x00,0x00,0x00,0x14,0xeb,0xff,0xff,0xff,
  0xff,0xfa,0x16,0x00,0x00,0x00,0x00,0x00,0x00,0x00,0x00,0x00,0x15,0x1d,0x06,0x0b,0x46,0xd2,0xff,0xff,0xff,0xff,0xff,0xa1,
  0x00,0x00,0x00,0x00,0x00,0x00,0x00,0x00,0x00,0x00,0x4d,0xff,0xff,0xff,0xff,0xff,0xff,0xff,0xff,0xff,0xf9,0x26,0x00,0x00,
  0x00,0x00,0x00,0x00,0x00,0x00,0x00,0x00,0x2d,0xff,0xff,0xff,0xff,0xff,0xff,0xff,0xff,0xff,0x77,0x00,0x00,0x00,0x00,0x00,
  0x00,0x00,0x00,0x00,0x00,0x00,0x0e,0xff,0xff,0xff,0xff,0xff,0xff,0xff,0xfb,0x7d,0x00,0x00,0x00,0x00,0x00,0x00,0x00,0x00,
  0x00,0x00,0x00,0x00,0x00,0xba,0xe6,0xf8,0xfb,0xed,0xc7,0x86,0x24,0x00,0x00,0x00,0x00,0x00,0x00,0x00,0x00,0x00,0x00,0x00,
  0x00,0x00,0x00,0x00,0x00,0x00,0x00,0x0c,0xff,0xff,0xff,0xff,0xac,0x00,0x00,0x00,0xa4,0xff,0xff,0xff,0xff,0x14,0x00,0x00,
  0x00,0x00,0x00,0x00,0x00,0x00,0x00,0x00,0x00,0x00,0x0c,0xff,0xff,0xff,0xff,0xac,0x00,0x00,0x00,0xa4,0xff,0xff,0xff,0xff,
  0x14,0x00,0x00,0x00,0x00,0x00,0x00,0x00,0x00,0x00,0x00,0x00,0x00,0x0c,0xff,0xff,0xff,0xff,0xac,0x00,0x00,0x00,0xa4,0xff,
  0xff,0xff,0xff,0x14,0x00,0x00,0x00,0x00,0x00,0x00,0x00,0x00,0x00,0x00,0x00,0x00,0x0c,0xff,0xff,0xff,0xff,0xac,0x00,0x00,
  0x00,0xa4,0xff,0xff,0xff,0xff,0x14,0x00,0x00,0x00,0x00,0x00,0x00,0x00,0x00,0x00,0x00,0x00,0x00,0x00,0x00,0x00,0x00,0x00,
  0x00,0x00,0x00,0x00,0x00,0x00,0x00,0x00,0x00,0x00,0x00,0x00,0x00,0x00,0x00,0x00,0x00,0x00,0x00,0x00,0x00,0x00,0x00,0x00,
  0x00,0x00,0x00,0x00,0x00,0x00,0x00,0x00,0x00,0x00,0x00,0x00,0x00,0x00,0x00,0x00,0x00,0x00,0x00,0x00,0x00,0x18,0xff,0xff,
  0xff,0xff,0xff,0xff,0xff,0xff,0xff,0xff,0xff,0xff,0xff,0xff,0xff,0xff,0xff,0xff,0xff,0xff,0xff,0x24,0x00,0x00,0x00,0x00,
  0x18,0xff,0xff,0xff,0xff,0xff,0xff,0xff,0xff,0xff,0xff,0xff,0xff,0xff,0xff,0xff,0xff,0xff,0xff,0xff,0xff,0xff,0x24,0x00,
  0x00,0x00,0x00,0x18,0xff,0xff,0xff,0xff,0xff,0xff,0xff,0xff,0xff,0xff,0xff,0xff,0xff,0xff,0xff,0xff,0xff,0xff,0xff,0xff,
  0xff,0x24,0x00,0x00,0x00,0x00,0x18,0xff,0xff,0xff,0xff,0xff,0xff,0xff,0xff,0xff,0xff,0xff,0xff,0xff,0xff,0xff,0xff,0xff,
  0xff,0xff,0xff,0xff,0x24,0x00,0x00,0x00,0x00,0x18,0xff,0xff,0xff,0xff,0xff,0xff,0xff,0xff,0xff,0xff,0xff,0xff,0xff,0xff,
  0xff,0xff,0xff,0xff,0xff,0xff,0xff,0x24,0x00,0x00,0x00,0x00,0x18,0xff,0xff,0xff,0xff,0xff,0xb0,0x00,0x00,0x00,0x00,0x00,
  0x00,0x00,0x00,0x00,0x00,0x00,0x00,0x00,0x00,0x00,0x00,0x00,0x00,0x00,0x00,0x18,0xff,0xff,0xff,0xff,0xff,0xb0,0x00,0x00,
  0x00,0x00,0x00,0x00,0x00,0x00,0x00,0x00,0x00,0x00,0x00,0x00,0x00,0x00,0x00,0x00,0x00,0x00,0x18,0xff,0xff,0xff,0xff,0xff,
  0xb0,0x00,0x00,0x00,0x00,0x00,0x00,0x00,0x00,0x00,0x00,0x00,0x00,0x00,0x00,0x00,0x00,0x00,0x00,0x00,0x00,0x18,0xff,0xff,
  0xff,0xff,0xff,0xb0,0x00,0x00,0x00,0x00,0x00,0x00,0x00,0x00,0x00,0x00,0x00,0x00,0x00,0x00,0x00,0x00,0x00,0x00,0x00,0x00,
  0x18,0xff,0xff,0xff,0xff,0xff,0xb0,0x00,0x00,0x00,0x00,0x00,0x00,0x00,0x00,0x00,0x00,0x00,0x00,0x00,0x00,0x00,0x00,0x00,
  0x00,0x00,0x00,0x18,0xff,0xff,0xff,0xff,0xff,0xb0,0x00,0x00,0x00,0x00,0x00,0x00,0x00,0x00,0x00,0x00,0x00,0x00,0x00,0x00,
  0x00,0x00,0x00,0x00,0x00,0x00,0x18,0xff,0xff,0xff,0xff,0xff,0xff,0xff,0xff,0xff,0xff,0xff,0xff,0xff,0xff,0xff,0xff,0xff,
  0xff,0xff,0xff,0x10,0x00,0x00,0x00,0x00,0x00,0x18,0xff,0xff,0xff,0xff,0xff,0xff,0xff,0xff,0xff,0xff,0xff,0xff,0xff,0xff,
  0xff,0xff,0xff,0xff,0xff,0xff,0x10,0x00,0x00,0x00,0x00,0x00,0x18,0xff,0xff,0xff,0xff,0xff,0xff,0xff,0xff,0xff,0xff,0xff,
  0xff,0xff,0xff,0xff,0xff,0xff,0xff,0xff,0xff,0x10,0x00,0x00,0x00,0x00,0x00,0x18,0xff,0xff,0xff,0xff,0xff,0xff,0xff,0xff,
  0xff,0xff,0xff,0xff,0xff,0xff,0xff,0xff,0xff,0xff,0xff,0xff,0x10,0x00,0x00,0x00,0x00,0x00,0x18,0xff,0xff,0xff,0xff,0xff,
  0xff,0xff,0xff,0xff,0xff,0xff,0xff,0xff,0xff,0xff,0xff,0xff,0xff,0xff,0xff,0x10,0x00,0x00,0x00,0x00,0x00,0x18,0xff,0xff,
  0xff,0xff,0xff,0xb0,0x00,0x00,0x00,0x00,0x00,0x00,0x00,0x00,0x00,0x00,0x00,0x00,0x00,0x00,0x00,0x00,0x00,0x00,0x00,0x00,
  0x18,0xff,0xff,0xff,0xff,0xff,0xb0,0x00,0x00,0x00,0x00,0x00,0x00,0x00,0x00,0x00,0x00,0x00,0x00,0x00,0x00,0x00,0x00,0x00,
  0x00,0x00,0x00,0x18,0xff,0xff,0xff,0xff,0xff,0xb0,0x00,0x00,0x00,0x00,0x00,0x00,0x00,0x00,0x00,0x00,0x00,0x00,0x00,0x00,
  0x00,0x00,0x00,0x00,0x00,0x00,0x18,0xff,0xff,0xff,0xff,0xff,0xb0,0x00,0x00,0x00,0x00,0x00,0x00,0x00,0x00,0x00,0x00,0x00,
  0x00,0x00,0x00,0x00,0x00,0x00,0x00,0x00,0x00,0x18,0xff,0xff,0xff,0xff,0xff,0xb0,0x00,0x00,0x00,0x00,0x00,0x00,0x00,0x00,
  0x00,0x00,0x00,0x00,0x00,0x00,0x00,0x00,0x00,0x00,0x00,0x00,0x18,0xff,0xff,0xff,0xff,0xff,0xb0,0x00,0x00,0x00,0x00,0x00,
  0x00,0x00,0x00,0x00,0x00,0x00,0x00,0x00,0x00,0x00,0x00,0x00,0x00,0x00,0x00,0x18,0xff,0xff,0xff,0xff,0xff,0xb0,0x00,0x00,
  0x00,0x00,0x00,0x00,0x00,0x00,0x00,0x00,0x00,0x00,0x00,0x00,0x00,0x00,0x00,0x00,0x00,0x00,0x18,0xff,0xff,0xff,0xff,0xff,
  0xb0,0x00,0x00,0x00,0x00,0x00,0x00,0x00,0x00,0x00,0x00,0x00,0x00,0x00,0x00,0x00,0x00,0x00,0x00,0x00,0x00,0x18,0xff,0xff,
  0xff,0xff,0xff,0xff,0xff,0xff,0xff,0xff,0xff,0xff,0xff,0xff,0xff,0xff,0xff,0xff,0xff,0xff,0xff,0xb0,0x00,0x00,0x00,0x00,
  0x18,0xff,0xff,0xff,0xff,0xff,0xff,0xff,0xff,0xff,0xff,0xff,0xff,0xff,0xff,0xff,0xff,0xff,0xff,0xff,0xff,0xff,0xb0,0x00,
  0x00,0x00,0x00,0x18,0xff,0xff,0xff,0xff,0xff,0xff,0xff,0xff,0xff,0xff,0xff,0xff,0xff,0xff,0xff,0xff,0xff,0xff,0xff,0xff,
  0xff,0xb0,0x00,0x00,0x00,0x00,0x18,0xff,0xff,0xff,0xff,0xff,0xff,0xff,0xff,0xff,0xff,0xff,0xff,0xff,0xff,0xff,0xff,0xff,
  0xff,0xff,0xff,0xff,0xb0,0x00,0x00,0x00,0x00,0x18,0xff,0xff,0xff,0xff,0xff,0xff,0xff,0xff,0xff,0xff,0xff,0xff,0xff,0xff,
  0xff,0xff,0xff,0xff,0xff,0xff,0xff,0xb0,0x00,0x00,0x00,0x00,0x00,0x00,0x00,0x00,0x00,0x00,0x00,0x00,0x11,0xf8,0xff,0xff,
  0xff,0xff,0xff,0x76,0x00,0x00,0x00,0x00,0x00,0x00,0x00,0x00,0x00,0x00,0x00,0x00,0x00,0x00,0x00,0x00,0x00,0x00,0x00,0x00,
  0x00,0x6c,0xff,0xff,0xff,0xff,0xff,0xff,0xda,0x00,0x00,0x00,0x00,0x00,0x00,0x00,0x00,0x00,0x00,0x00,0x00,0x00,0x00,0x00,
  0x00,0x00,0x00,0x00,0x00,0x00,0xce,0xff,0xff,0xff,0xff,0xff,0xff,0xff,0x40,0x00,0x00,0x00,0x00,0x00,0x00,0x00,0x00,0x00,
  0x00,0x00,0x00,0x00,0x00,0x00,0x00,0x00,0x00,0x00,0x30,0xff,0xff,0xff,0xff,0xff,0xff,0xff,0xff,0xa5,0x00,0x00,0x00,0x00,
  0x00,0x00,0x00,0x00,0x00,0x00,0x00,0x00,0x00,0x00,0x00,0x00,0x00,0x00,0x00,0x93,0xff,0xff,0xff,0xff,0xff,0xff,0xff,0xff,
  0xf8,0x13,0x00,0x00,0x00,0x00,0x00,0x00,0x00,0x00,0x00,0x00,0x00,0x00,0x00,0x00,0x00,0x00,0x00,0x07,0xee,0xff,0xff,0xff,
  0xf2,0xba,0xff,0xff,0xff,0xff,0x70,0x00,0x00,0x00,0x00,0x00,0x00,0x00,0x00,0x00,0x00,0x00,0x00,0x00,0x00,0x00,0x00,0x00,
  0x58,0xff,0xff,0xff,0xff,0xa8,0x5e,0xff,0xff,0xff,0xff,0xd5,0x00,0x00,0x00,0x00,0x00,0x00,0x00,0x00,0x00,0x00,0x00,0x00,
  0x00,0x00,0x00,0x00,0x00,0xbb,0xff,0xff,0xff,0xff,0x55,0x0f,0xf9,0xff,0xff,0xff,0xff,0x3a,0x00,0x00,0x00,0x00,0x00,0x00,
  0x00,0x00,0x00,0x00,0x00,0x00,0x00,0x00,0x00,0x1f,0xfd,0xff,0xff,0xff,0xf7,0x0c,0x00,0xb5,0xff,0xff,0xff,0xff,0xa0,0x00,
  0x00,0x00,0x00,0x00,0x00,0x00,0x00,0x00,0x00,0x00,0x00,0x00,0x00,0x00,0x80,0xff,0xff,0xff,0xff,0xb1,0x00,0x00,0x61,0xff,
  0xff,0xff,0xff,0xf5,0x0f,0x00,0x00,0x00,0x00,0x00,0x00,0x00,0x00,0x00,0x00,0x00,0x00,0x00,0x01,0xe0,0xff,0xff,0xff,0xff,
  0x5e,0x00,0x00,0x11,0xfa,0xff,0xff,0xff,0xff,0x6a,0x00,0x00,0x00,0x00,0x00,0x00,0x00,0x00,0x00,0x00,0x00,0x00,0x00,0x45,
  0xff,0xff,0xff,0xff,0xfb,0x11,0x00,0x00,0x00,0xb8,0xff,0xff,0xff,0xff,0xcf,0x00,0x00,0x00,0x00,0x00,0x00,0x00,0x00,0x00,
  0x00,0x00,0x00,0x00,0xa7,0xff,0xff,0xff,0xff,0xba,0x00,0x00,0x00,0x00,0x64,0xff,0xff,0xff,0xff,0xff,0x35,0x00,0x00,0x00,
  0x00,0x00,0x00,0x00,0x00,0x00,0x00,0x00,0x11,0xf8,0xff,0xff,0xff,0xff,0x67,0x00,0x00,0x00,0x00,0x13,0xfb,0xff,0xff,0xff,
  0xff,0x9a,0x00,0x00,0x00,0x00,0x00,0x00,0x00,0x00,0x00,0x00,0x00,0x6c,0xff,0xff,0xff,0xff,0xfd,0x17,0x00,0x00,0x00,0x00,
  0x00,0xbb,0xff,0xff,0xff,0xff,0xf3,0x0c,0x00,0x00,0x00,0x00,0x00,0x00,0x00,0x00,0x00,0x00,0xcf,0xff,0xff,0xff,0xff,0xc3,
  0x00,0x00,0x00,0x00,0x00,0x00,0x67,0xff,0xff,0xff,0xff,0xff,0x64,0x00,0x00,0x00,0x00,0x00,0x00,0x00,0x00,0x00,0x31,0xff,
  0xff,0xff,0xff,0xff,0x71,0x00,0x00,0x00,0x00,0x00,0x00,0x15,0xfc,0xff,0xff,0xff,0xff,0xca,0x00,0x00,0x00,0x00,0x00,0x00,
  0x00,0x00,0x00,0x94,0xff,0xff,0xff,0xff,0xff,0xff,0xff,0xff,0xff,0xff,0xff,0xff,0xff,0xff,0xff,0xff,0xff,0xff,0xff,0x2f,
  0x00,0x00,0x00,0x00,0x00,0x00,0x00,0x07,0xee,0xff,0xff,0xff,0xff,0xff,0xff,0xff,0xff,0xff,0xff,0xff,0xff,0xff,0xff,0xff,
  0xff,0xff,0xff,0xff,0x94,0x00,0x00,0x00,0x00,0x00,0x00,0x00,0x59,0xff,0xff,0xff,0xff,0xff,0xff,0xff,0xff,0xff,0xff,0xff,
  0xff,0xff,0xff,0xff,0xff,0xff,0xff,0xff,0xff,0xf0,0x09,0x00,0x00,0x00,0x00,0x00,0x00,0xbb,0xff,0xff,0xff,0xff,0xff,0xff,
  0xff,0xff,0xff,0xff,0xff,0xff,0xff,0xff,0xff,0xff,0xff,0xff,0xff,0xff,0xff,0x5f,0x00,0x00,0x00,0x00,0x00,0x1f,0xfe,0xff,
  0xff,0xff,0xff,0xff,0xff,0xff,0xff,0xff,0xff,0xff,0xff,0xff,0xff,0xff,0xff,0xff,0xff,0xff,0xff,0xff,0xc4,0x00,0x00,0x00,
  0x00,0x00,0x80,0xff,0xff,0xff,0xff,0xff,0x54,0x00,0x00,0x00,0x00,0x00,0x00,0x00,0x00,0x00,0x00,0x01,0xe1,0xff,0xff,0xff,
  0xff,0xff,0x2a,0x00,0x00,0x00,0x01,0xe0,0xff,0xff,0xff,0xff,0xf4,0x09,0x00,0x00,0x00,0x00,0x00,0x00,0x00,0x00,0x00,0x00,
  0x00,0x87,0xff,0xff,0xff,0xff,0xff,0x8e,0x00,0x00,0x00,0x45,0xff,0xff,0xff,0xff,0xff,0xa8,0x00,0x00,0x00,0x00,0x00,0x00,
  0x00,0x00,0x00,0x00,0x00,0x00,0x2b,0xff,0xff,0xff,0xff,0xff,0xec,0x07,0x00,0x00,0xa8,0xff,0xff,0xff,0xff,0xff,0x51,0x00,
  0x00,0x00,0x00,0x00,0x00,0x00,0x00,0x00,0x00,0x00,0x00,0x00,0xd0,0xff,0xff,0xff,0xff,0xff,0x59,0x00,0x11,0xf8,0xff,0xff,
  0xff,0xff,0xf2,0x08,0x00,0x00,0x00,0x00,0x00,0x00,0x00,0x00,0x00,0x00,0x00,0x00,0x00,0x75,0xff,0xff,0xff,0xff,0xff,0xbe,
  0x00,0x6d,0xff,0xff,0xff,0xff,0xff,0xa5,0x00,0x00,0x00,0x00,0x00,0x00,0x00,0x00,0x00,0x00,0x00,0x00,0x00,0x00,0x1b,0xfd,
  0xff,0xff,0xff,0xff,0xfe,0x24,0xcf,0xff,0xff,0xff,0xff,0xff,0x4f,0x00,0x00,0x00,0x00,0x00,0x00,0x00,0x00,0x00,0x00,0x00,
  0x00,0x00,0x00,0x00,0xbe,0xff,0xff,0xff,0xff,0xff,0x89,0x00,0x00,0x00,0xf8,0xff,0xff,0xff,0xff,0xff,0xff,0xff,0xff,0xff,
  0xff,0xff,0xff,0xff,0xff,0xff,0xff,0xff,0xff,0xff,0xff,0x70,0x00,0x00,0x00,0x00,0x00,0x00,0x00,0xf8,0xff,0xff,0xff,0xff,
  0xff,0xff,0xff,0xff,0xff,0xff,0xff,0xff,0xff,0xff,0xff,0xff,0xff,0xff,0xff,0xff,0x70,0x00,0x00,0x00,0x00,0x00,0x00,0x00,
  0xf8,0xff,0xff,0xff,0xff,0xff,0xff,0xff,0xff,0xff,0xff,0xff,0xff,0xff,0xff,0xff,0xff,0xff,0xff,0xff,0xff,0x70,0x00,0x00,
  0x00,0x00,0x00,0x00,0x00,0xf8,0xff,0xff,0xff,0xff,0xff,0xff,0xff,0xff,0xff,0xff,0xff,0xff,0xff,0xff,0xff,0xff,0xff,0xff,
  0xff,0xff,0x70,0x00,0x00,0x00,0x00,0x00,0x00,0x00,0xf8,0xff,0xff,0xff,0xff,0xff,0xff,0xff,0xff,0xff,0xff,0xff,0xff,0xff,
  0xff,0xff,0xff,0xff,0xff,0xff,0xff,0x70,0x00,0x00,0x00,0x00,0x00,0x00,0x00,0xf8,0xff,0xff,0xff,0xff,0xd0,0x00,0x00,0x00,
  0x00,0x00,0x00,0x00,0x00,0x00,0x00,0x00,0x00,0x00,0x00,0x00,0x00,0x00,0x00,0x00,0x00,0x00,0x00,0x00,0xf8,0xff,0xff,0xff,
  0xff,0xd0,0x00,0x00,0x00,0x00,0x00,0x00,0x00,0x00,0x00,0x00,0x00,0x00,0x00,0x00,0x00,0x00,0x00,0x00,0x00,0x00,0x00,0x00,
  0x00,0xf8,0xff,0xff,0xff,0xff,0xd0,0x00,0x00,0x00,0x00,0x00,0x00,0x00,0x00,0x00,0x00,0x00,0x00,0x00,0x00,0x00,0x00,0x00,
  0x00,0x00,0x00,0x00,0x00,0x00,0xf8,0xff,0xff,0xff,0xff,0xd0,0x00,0x00,0x00,0x00,0x00,0x00,0x00,0x00,0x00,0x00,0x00,0x00,
  0x00,0x00,0x00,0x00,0x00,0x00,0x00,0x00,0x00,0x00,0x00,0xf8,0xff,0xff,0xff,0xff,0xd0,0x00,0x00,0x00,0x00,0x00,0x00,0x00,
  0x00,0x00,0x00,0x00,0x00,0x00,0x00,0x00,0x00,0x00,0x00,0x00,0x00,0x00,0x00,0x00,0xf8,0xff,0xff,0xff,0xff,0xd0,0x00,0x00,
  0x00,0x00,0x00,0x00,0x00,0x00,0x00,0x00,0x00,0x00,0x00,0x00,0x00,0x00,0x00,0x00,0x00,0x00,0x00,0x00,0x00,0xf8,0xff,0xff,
  0xff,0xff,0xd0,0x00,0x00,0x00,0x00,0x00,0x00,0x00,0x00,0x00,0x00,0x00,0x00,0x00,0x00,0x00,0x00,0x00,0x00,0x00,0x00,0x00,
  0x00,0x00,0xf8,0xff,0xff,0xff,0xff,0xff,0xff,0xff,0xff,0xff,0xff,0xff,0xff,0xff,0xf7,0xe7,0xc9,0x99,0x53,0x06,0x00,0x00,
  0x00,0x00,0x00,0x00,0x00,0x00,0x00,0xf8,0xff,0xff,0xff,0xff,0xff,0xff,0xff,0xff,0xff,0xff,0xff,0xff,0xff,0xff,0xff,0xff,
  0xff,0xff,0xe5,0x53,0x00,0x00,0x00,0x00,0x00,0x00,0x00,0x00,0xf8,0xff,0xff,0xff,0xff,0xff,0xff,0xff,0xff,0xff,0xff,0xff,
  0xff,0xff,0xff,0xff,0xff,0xff,0xff,0xff,0xff,0x77,0x00,0x00,0x00,0x00,0x00,0x00,0x00,0xf8,0xff,0xff,0xff,0xff,0xff,0xff,
  0xff,0xff,0xff,0xff,0xff,0xff,0xff,0xff,0xff,0xff,0xff,0xff,0xff,0xff,0xff,0x53,0x00,0x00,0x00,0x00,0x00,0x00,0xf8,0xff,
  0xff,0xff,0xff,0xff,0xff,0xff,0xff,0xff,0xff,0xff,0xff,0xff,0xff,0xff,0xff,0xff,0xff,0xff,0xff,0xff,0xe8,0x0d,0x00,0x00,
  0x00,0x00,0x00,0xf8,0xff,0xff,0xff,0xff,0xd0,0x00,0x00,0x00,0x00,0x00,0x00,0x07,0x15,0x35,0x70,0xd8,0xff,0xff,0xff,0xff,
  0xff,0xff,0x6a,0x00,0x00,0x00,0x00,0x00,0xf8,0xff,0xff,0xff,0xff,0xd0,0x00,0x00,0x00,0x00,0x00,0x00,0x00,0x00,0x00,0x00,
  0x07,0xbb,0xff,0xff,0xff,0xff,0xff,0xb5,0x00,0x00,0x00,0x00,0x00,0xf8,0xff,0xff,0xff,0xff,0xd0,0x00,0x00,0x00,0x00,0x00,
  0x00,0x00,0x00,0x00,0x00,0x00,0x39,0xff,0xff,0xff,0xff,0xff,0xe1,0x00,0x00,0x00,0x00,0x00,0xf8,0xff,0xff,0xff,0xff,0xd0,
  0x00,0x00,0x00,0x00,0x00,0x00,0x00,0x00,0x00,0x00,0x00,0x18,0xff,0xff,0xff,0xff,0xff,0xef,0x00,0x00,0x00,0x00,0x00,0xf8,
  0xff,0xff,0xff,0xff,0xd0,0x00,0x00,0x00,0x00,0x00,0x00,0x00,0x00,0x00,0x00,0x00,0x41,0xff,0xff,0xff,0xff,0xff,0xe2,0x00,
  0x00,0x00,0x00,0x00,0xf8,0xff,0xff,0xff,0xff,0xd0,0x00,0x00,0x00,0x00,0x00,0x00,0x00,0x00,0x00,0x00,0x09,0xc6,0xff,0xff,
  0xff,0xff,0xff,0xba,0x00,0x00,0x00,0x00,0x00,0xf8,0xff,0xff,0xff,0xff,0xd0,0x00,0x00,0x00,0x00,0x00,0x00,0x02,0x0c,0x20,
  0x59,0xd1,0xff,0xff,0xff,0xff,0xff,0xff,0x73,0x00,0x00,0x00,0x00,0x00,0xf8,0xff,0xff,0xff,0xff,0xff,0xff,0xff,0xff,0xff,
  0xff,0xff,0xff,0xff,0xff,0xff,0xff,0xff,0xff,0xff,0xff,0xff,0xf0,0x13,0x00,0x00,0x00,0x00,0x00,0xf8,0xff,0xff,0xff,0xff,
  0xff,0xff,0xff,0xff,0xff,0xff,0xff,0xff,0xff,0xff,0xff,0xff,0xff,0xff,0xff,0xff,0xff,0x64,0x00,0x00,0x00,0x00,0x00,0x00,
  0xf8,0xff,0xff,0xff,0xff,0xff,0xff,0xff,0xff,0xff,0xff,0xff,0xff,0xff,0xff,0xff,0xff,0xff,0xff,0xff,0xff,0x8c,0x00,0x00,
  0x00,0x00,0x00,0x00,0x00,0xf8,0xff,0xff,0xff,0xff,0xff,0xff,0xff,0xff,0xff,0xff,0xff,0xff,0xff,0xff,0xff,0xff,0xff,0xff,
  0xf2,0x6a,0x00,0x00,0x00,0x00,0x00,0x00,0x00,0x00,0xf8,0xff,0xff,0xff,0xff,0xff,0xff,0xff,0xff,0xff,0xff,0xff,0xff,0xff,
  0xf9,0xec,0xd3,0xa9,0x69,0x11,0x00,0x00,0x00,0x00,0x00,0x00,0x00,0x00,0x10,0xff,0xff,0xff,0xff,0xff,0xff,0xff,0xff,0xff,
  0xff,0xff,0xff,0xfc,0xf5,0xe8,0xd3,0xac,0x65,0x0f,0x00,0x00,0x00,0x00,0x00,0x00,0x00,0x00,0x00,0x10,0xff,0xff,0xff,0xff,
  0xff,0xff,0xff,0xff,0xff,0xff,0xff,0xff,0xff,0xff,0xff,0xff,0xff,0xff,0xeb,0x5d,0x00,0x00,0x00,0x00,0x00,0x00,0x00,0x00,
  0x10,0xff,0xff,0xff,0xff,0xff,0xff,0xff,0xff,0xff,0xff,0xff,0xff,0xff,0xff,0xff,0xff,0xff,0xff,0xff,0xff,0x77,0x00,0x00,
  0x00,0x00,0x00,0x00,0x00,0x10,0xff,0xff,0xff,0xff,0xff,0xff,0xff,0xff,0xff,0xff,0xff,0xff,0xff,0xff,0xff,0xff,0xff,0xff,
  0xff,0xff,0xfe,0x41,0x00,0x00,0x00,0x00,0x00,0x00,0x10,0xff,0xff,0xff,0xff,0xff,0xff,0xff,0xff,0xff,0xff,0xff,0xff,0xff,
  0xff,0xff,0xff,0xff,0xff,0xff,0xff,0xff,0xcf,0x00,0x00,0x00,0x00,0x00,0x00,0x10,0xff,0xff,0xff,0xff,0xff,0xb8,0x00,0x00,
  0x00,0x00,0x02,0x04,0x08,0x13,0x42,0xad,0xff,0xff,0xff,0xff,0xff,0xff,0x31,0x00,0x00,0x00,0x00,0x00,0x10,0xff,0xff,0xff,
  0xff,0xff,0xb8,0x00,0x00,0x00,0x00,0x00,0x00,0x00,0x00,0x00,0x00,0xac,0xff,0xff,0xff,0xff,0xff,0x62,0x00,0x00,0x00,0x00,
  0x00,0x10,0xff,0xff,0xff,0xff,0xff,0xb8,0x00,0x00,0x00,0x00,0x00,0x00,0x00,0x00,0x00,0x00,0x41,0xff,0xff,0xff,0xff,0xff,
  0x7d,0x00,0x00,0x00,0x00,0x00,0x10,0xff,0xff,0xff,0xff,0xff,0xb8,0x00,0x00,0x00,0x00,0x00,0x00,0x00,0x00,0x00,0x00,0x26,
  0xff,0xff,0xff,0xff,0xff,0x71,0x00,0x00,0x00,0x00,0x00,0x10,0xff,0xff,0xff,0xff,0xff,0xb8,0x00,0x00,0x00,0x00,0x00,0x00,
  0x00,0x00,0x00,0x00,0x4a,0xff,0xff,0xff,0xff,0xff,0x40,0x00,0x00,0x00,0x00,0x00,0x10,0xff,0xff,0xff,0xff,0xff,0xb8,0x00,
  0x00,0x00,0x00,0x00,0x00,0x00,0x00,0x00,0x04,0xc5,0xff,0xff,0xff,0xff,0xe4,0x03,0x00,0x00,0x00,0x00,0x00,0x10,0xff,0xff,
  0xff,0xff,0xff,0xb8,0x00,0x00,0x00,0x00,0x00,0x02,0x09,0x19,0x53,0xca,0xff,0xff,0xff,0xff,0xff,0x5d,0x00,0x00,0x00,0x00,
  0x00,0x00,0x10,0xff,0xff,0xff,0xff,0xff,0xff,0xff,0xff,0xff,0xff,0xff,0xff,0xff,0xff,0xff,0xff,0xff,0xff,0xff,0xff,0x92,
  0x00,0x00,0x00,0x00,0x00,0x00,0x00,0x10,0xff,0xff,0xff,0xff,0xff,0xff,0xff,0xff,0xff,0xff,0xff,0xff,0xff,0xff,0xff,0xff,
  0xff,0xff,0xf6,0x73,0x02,0x00,0x00,0x00,0x00,0x00,0x00,0x00,0x10,0xff,0xff,0xff,0xff,0xff,0xff,0xff,0xff,0xff,0xff,0xff,
  0xff,0xff,0xff,0xff,0xff,0xff,0xff,0xe6,0x81,0x13,0x00,0x00,0x00,0x00,0x00,0x00,0x00,0x10,0xff,0xff,0xff,0xff,0xff,0xff,
  0xff,0xff,0xff,0xff,0xff,0xff,0xff,0xff,0xff,0xff,0xff,0xff,0xff,0xff,0xf0,0x55,0x00,0x00,0x00,0x00,0x00,0x00,0x10,0xff,
  0xff,0xff,0xff,0xff,0xff,0xff,0xff,0xff,0xff,0xff,0xff,0xff,0xff,0xff,0xff,0xff,0xff,0xff,0xff,0xff,0xfe,0x58,0x00,0x00,
  0x00,0x00,0x00,0x10,0xff,0xff,0xff,0xff,0xff,0xb8,0x00,0x00,0x00,0x00,0x00,0x04,0x0a,0x17,0x30,0x68,0xd8,0xff,0xff,0xff,
  0xff,0xff,0xf1,0x18,0x00,0x00,0x00,0x00,0x10,0xff,0xff,0xff,0xff,0xff,0xb8,0x00,0x00,0x00,0x00,0x00,0x00,0x00,0x00,0x00,
  0x00,0x0b,0xc7,0xff,0xff,0xff,0xff,0xff,0x81,0x00,0x00,0x00,0x00,0x10,0xff,0xff,0xff,0xff,0xff,0xb8,0x00,0x00,0x00,0x00,
  0x00,0x00,0x00,0x00,0x00,0x00,0x00,0x43,0xff,0xff,0xff,0xff,0xff,0xc5,0x00,0x00,0x00,0x00,0x10,0xff,0xff,0xff,0xff,0xff,
  0xb8,0x00,0x00,0x00,0x00,0x00,0x00,0x00,0x00,0x00,0x00,0x00,0x1a,0xff,0xff,0xff,0xff,0xff,0xe3,0x00,0x00,0x00,0x00,0x10,
  0xff,0xff,0xff,0xff,0xff,0xb8,0x00,0x00,0x00,0x00,0x00,0x00,0x00,0x00,0x00,0x00,0x00,0x38,0xff,0xff,0xff,0xff,0xff,0xd8,
  0x00,0x00,0x00,0x00,0x10,0xff,0xff,0xff,0xff,0xff,0xb8,0x00,0x00,0x00,0x00,0x00,0x00,0x00,0x00,0x00,0x00,0x02,0xb2,0xff,
  0xff,0xff,0xff,0xff,0xb8,0x00,0x00,0x00,0x00,0x10,0xff,0xff,0xff,0xff,0xff,0xb8,0x00,0x00,0x00,0x00,0x00,0x00,0x02,0x09,
  0x18,0x4e,0xbf,0xff,0xff,0xff,0xff,0xff,0xff,0x6c,0x00,0x00,0x00,0x00,0x10,0xff,0xff,0xff,0xff,0xff,0xff,0xff,0xff,0xff,
  0xff,0xff,0xff,0xff,0xff,0xff,0xff,0xff,0xff,0xff,0xff,0xff,0xff,0xf4,0x13,0x00,0x00,0x00,0x00,0x10,0xff,0xff,0xff,0xff,
  0xff,0xff,0xff,0xff,0xff,0xff,0xff,0xff,0xff,0xff,0xff,0xff,0xff,0xff,0xff,0xff,0xff,0xff,0x6c,0x00,0x00,0x00,0x00,0x00,
  0x10,0xff,0xff,0xff,0xff,0xff,0xff,0xff,0xff,0xff,0xff,0xff,0xff,0xff,0xff,0xff,0xff,0xff,0xff,0xff,0xff,0xff,0x9d,0x01,
  0x00,0x00,0x00,0x00,0x00,0x10,0xff,0xff,0xff,0xff,0xff,0xff,0xff,0xff,0xff,0xff,0xff,0xff,0xff,0xff,0xff,0xff,0xff,0xff,
  0xff,0xef,0x74,0x00,0x00,0x00,0x00,0x00,0x00,0x00,0x10,0xff,0xff,0xff,0xff,0xff,0xff,0xff,0xff,0xff,0xff,0xff,0xfc,0xf8,
  0xf4,0xee,0xe4,0xd1,0xa2,0x69,0x0f,0x00,0x00,0x00,0x00,0x00,0x00,0x00,0x00,0x00,0xcc,0xff,0xff,0xff,0xff,0xff,0xff,0xff,
  0xff,0xff,0xff,0xff,0xff,0xff,0xff,0xff,0xff,0xff,0xff,0x98,0x00,0x00,0x00,0xcc,0xff,0xff,0xff,0xff,0xff,0xff,0xff,0xff,
  0xff,0xff,0xff,0xff,0xff,0xff,0xff,0xff,0xff,0xff,0x98,0x00,0x00,0x00,0xcc,0xff,0xff,0xff,0xff,0xff,0xff,0xff,0xff,0xff,
  0xff,0xff,0xff,0xff,0xff,0xff,0xff,0xff,0xff,0x98,0x00,0x00,0x00,0xcc,0xff,0xff,0xff,0xff,0xff,0xff,0xff,0xff,0xff,0xff,
  0xff,0xff,0xff,0xff,0xff,0xff,0xff,0xff,0x98,0x00,0x00,0x00,0xcc,0xff,0xff,0xff,0xff,0xff,0xff,0xff,0xff,0xff,0xff,0xff,
  0xff,0xff,0xff,0xff,0xff,0xff,0xff,0x98,0x00,0x00,0x00,0xcc,0xff,0xff,0xff,0xff,0xfc,0x00,0x00,0x00,0x00,0x00,0x00,0x00,
  0x00,0x00,0x00,0x00,0x00,0x00,0x00,0x00,0x00,0x00,0xcc,0xff,0xff,0xff,0xff,0xfc,0x00,0x00,0x00,0x00,0x00,0x00,0x00,0x00,
  0x00,0x00,0x00,0x00,0x00,0x00,0x00,0x00,0x00,0xcc,0xff,0xff,0xff,0xff,0xfc,0x00,0x00,0x00,0x00,0x00,0x00,0x00,0x00,0x00,
  0x00,0x00,0x00,0x00,0x00,0x00,0x00,0x00,0xcc,0xff,0xff,0xff,0xff,0xfc,0x00,0x00,0x00,0x00,0x00,0x00,0x00,0x00,0x00,0x00,
  0x00,0x00,0x00,0x00,0x00,0x00,0x00,0xcc,0xff,0xff,0xff,0xff,0xfc,0x00,0x00,0x00,0x00,0x00,0x00,0x00,0x00,0x00,0x00,0x00,
  0x00,0x00,0x00,0x00,0x00,0x00,0xcc,0xff,0xff,0xff,0xff,0xfc,0x00,0x00,0x00,0x00,0x00,0x00,0x00,0x00,0x00,0x00,0x00,0x00,
  0x00,0x00,0x00,0x00,0x00,0xcc,0xff,0xff,0xff,0xff,0xfc,0x00,0x00,0x00,0x00,0x00,0x00,0x00,0x00,0x00,0x00,0x00,0x00,0x00,
  0x00,0x00,0x00,0x00,0xcc,0xff,0xff,0xff,0xff,0xfc,0x00,0x00,0x00,0x00,0x00,0x00,0x00,0x00,0x00,0x00,0x00,0x00,0x00,0x00,
  0x00,0x00,0x00,0xcc,0xff,0xff,0xff,0xff,0xfc,0x00,0x00,0x00,0x00,0x00,0x00,0x00,0x00,0x00,0x00,0x00,0x00,0x00,0x00,0x00,
  0x00,0x00,0xcc,0xff,0xff,0xff,0xff,0xfc,0x00,0x00,0x00,0x00,0x00,0x00,0x00,0x00,0x00,0x00,0x00,0x00,0x00,0x00,0x00,0x00,
  0x00,0xcc,0xff,0xff,0xff,0xff,0xfc,0x00,0x00,0x00,0x00,0x00,0x00,0x00,0x00,0x00,0x00,0x00,0x00,0x00,0x00,0x00,0x00,0x00,
  0xcc,0xff,0xff,0xff,0xff,0xfc,0x00,0x00,0x00,0x00,0x00,0x00,0x00,0x00,0x00,0x00,0x00,0x00,0x00,0x00,0x00,0x00,0x00,0xcc,
  0xff,0xff,0xff,0xff,0xfc,0x00,0x00,0x00,0x00,0x00,0x00,0x00,0x00,0x00,0x00,0x00,0x00,0x00,0x00,0x00,0x00,0x00,0xcc,0xff,
  0xff,0xff,0xff,0xfc,0x00,0x00,0x00,0x00,0x00,0x00,0x00,0x00,0x00,0x00,0x00,0x00,0x00,0x00,0x00,0x00,0x00,0xcc,0xff,0xff,
  0xff,0xff,0xfc,0x00,0x00,0x00,0x00,0x00,0x00,0x00,0x00,0x00,0x00,0x00,0x00,0x00,0x00,0x00,0x00,0x00,0xcc,0xff,0xff,0xff,
  0xff,0xfc,0x00,0x00,0x00,0x00,0x00,0x00,0x00,0x00,0x00,0x00,0x00,0x00,0x00,0x00,0x00,0x00,0x00,0xcc,0xff,0xff,0xff,0xff,
  0xfc,0x00,0x00,0x00,0x00,0x00,0x00,0x00,0x00,0x00,0x00,0x00,0x00,0x00,0x00,0x00,0x00,0x00,0xcc,0xff,0xff,0xff,0xff,0xfc,
  0x00,0x00,0x00,0x00,0x00,0x00,0x00,0x00,0x00,0x00,0x00,0x00,0x00,0x00,0x00,0x00,0x00,0xcc,0xff,0xff,0xff,0xff,0xfc,0x00,
  0x00,0x00,0x00,0x00,0x00,0x00,0x00,0x00,0x00,0x00,0x00,0x00,0x00,0x00,0x00,0x00,0xcc,0xff,0xff,0xff,0xff,0xfc,0x00,0x00,
  0x00,0x00,0x00,0x00,0x00,0x00,0x00,0x00,0x00,0x00,0x00,0x00,0x00,0x00,0x00,0xcc,0xff,0xff,0xff,0xff,0xfc,0x00,0x00,0x00,
  0x00,0x00,0x00,0x00,0x00,0x00,0x00,0x00,0x00,0x00,0x00,0x00,0x00,0x00,0xcc,0xff,0xff,0xff,0xff,0xfc,0x00,0x00,0x00,0x00,
  0x00,0x00,0x00,0x00,0x00,0x00,0x00,0x00,0x00,0x00,0x00,0x00,0x00,0xcc,0xff,0xff,0xff,0xff,0xfc,0x00,0x00,0x00,0x00,0x00,
  0x00,0x00,0x00,0x00,0x00,0x00,0x00,0x00,0x00,0x00,0x00,0x00,0xcc,0xff,0xff,0xff,0xff,0xfc,0x00,0x00,0x00,0x00,0x00,0x00,
  0x00,0x00,0x00,0x00,0x00,0x00,0x00,0x00,0x00,0x00,0x00,0x00,0x00,0x00,0xc8,0xff,0xff,0xff,0xff,0xff,0xff,0xff,0xff,0xff,
  0xff,0xff,0xff,0xff,0xff,0xff,0xff,0xff,0xff,0xff,0x00,0x00,0x00,0x00,0x00,0x00,0x00,0x00,0x00,0x00,0xc8,0xff,0xff,0xff,
  0xff,0xff,0xff,0xff,0xff,0xff,0xff,0xff,0xff,0xff,0xff,0xff,0xff,0xff,0xff,0xff,0x00,0x00,0x00,0x00,0x00,0x00,0x00,0x00,
  0x00,0x00,0xc8,0xff,0xff,0xff,0xff,0xff,0xff,0xff,0xff,0xff,0xff,0xff,0xff,0xff,0xff,0xff,0xff,0xff,0xff,0xff,0x00,0x00,
  0x00,0x00,0x00,0x00,0x00,0x00,0x00,0x00,0xc9,0xff,0xff,0xff,0xff,0xff,0xff,0xff,0xff,0xff,0xff,0xff,0xff,0xff,0xff,0xff,
  0xff,0xff,0xff,0xff,0x00,0x00,0x00,0x00,0x00,0x00,0x00,0x00,0x00,0x00,0xcc,0xff,0xff,0xff,0xff,0xff,0xff,0xff,0xff,0xff,
  0xff,0xff,0xff,0xff,0xff,0xff,0xff,0xff,0xff,0xff,0x00,0x00,0x00,0x00,0x00,0x00,0x00,0x00,0x00,0x00,0xce,0xff,0xff,0xff,
  0xff,0xb5,0x00,0x00,0x00,0x00,0x00,0x00,0x00,0x00,0xc4,0xff,0xff,0xff,0xff,0xff,0x00,0x00,0x00,0x00,0x00,0x00,0x00,0x00,
  0x00,0x00,0xd1,0xff,0xff,0xff,0xff,0xb2,0x00,0x00,0x00,0x00,0x00,0x00,0x00,0x00,0xc4,0xff,0xff,0xff,0xff,0xff,0x00,0x00,
  0x00,0x00,0x00,0x00,0x00,0x00,0x00,0x00,0xd9,0xff,0xff,0xff,0xff,0xaf,0x00,0x00,0x00,0x00,0x00,0x00,0x00,0x00,0xc4,0xff,
  0xff,0xff,0xff,0xff,0x00,0x00,0x00,0x00,0x00,0x00,0x00,0x00,0x00,0x00,0xe1,0xff,0xff,0xff,0xff,0xaa,0x00,0x00,0x00,0x00,
  0x00,0x00,0x00,0x00,0xc4,0xff,0xff,0xff,0xff,0xff,0x00,0x00,0x00,0x00,0x00,0x00,0x00,0x00,0x00,0x00,0xe9,0xff,0xff,0xff,
  0xff,0xa0,0x00,0x00,0x00,0x00,0x00,0x00,0x00,0x00,0xc4,0xff,0xff,0xff,0xff,0xff,0x00,0x00,0x00,0x00,0x00,0x00,0x00,0x00,
  0x00,0x00,0xf6,0xff,0xff,0xff,0xff,0x97,0x00,0x00,0x00,0x00,0x00,0x00,0x00,0x00,0xc4,0xff,0xff,0xff,0xff,0xff,0x00,0x00,
  0x00,0x00,0x00,0x00,0x00,0x00,0x00,0x05,0xff,0xff,0xff,0xff,0xff,0x8a,0x00,0x00,0x00,0x00,0x00,0x00,0x00,0x00,0xc4,0xff,
  0xff,0xff,0xff,0xff,0x00,0x00,0x00,0x00,0x00,0x00,0x00,0x00,0x00,0x14,0xff,0xff,0xff,0xff,0xff,0x78,0x00,0x00,0x00,0x00,
  0x00,0x00,0x00,0x00,0xc4,0xff,0xff,0xff,0xff,0xff,0x00,0x00,0x00,0x00,0x00,0x00,0x00,0x00,0x00,0x2a,0xff,0xff,0xff,0xff,
  0xff,0x67,0x00,0x00,0x00,0x00,0x00,0x00,0x00,0x00,0xc4,0xff,0xff,0xff,0xff,0xff,0x00,0x00,0x00,0x00,0x00,0x00,0x00,0x00,
  0x00,0x42,0xff,0xff,0xff,0xff,0xff,0x4f,0x00,0x00,0x00,0x00,0x00,0x00,0x00,0x00,0xc4,0xff,0xff,0xff,0xff,0xff,0x00,0x00,
  0x00,0x00,0x00,0x00,0x00,0x00,0x00,0x5c,0xff,0xff,0xff,0xff,0xff,0x35,0x00,0x00,0x00,0x00,0x00,0x00,0x00,0x00,0xc4,0xff,
  0xff,0xff,0xff,0xff,0x00,0x00,0x00,0x00,0x00,0x00,0x00,0x00,0x00,0x82,0xff,0xff,0xff,0xff,0xff,0x17,0x00,0x00,0x00,0x00,
  0x00,0x00,0x00,0x00,0xc4,0xff,0xff,0xff,0xff,0xff,0x00,0x00,0x00,0x00,0x00,0x00,0x00,0x00,0x00,0xa9,0xff,0xff,0xff,0xff,
  0xf1,0x00,0x00,0x00,0x00,0x00,0x00,0x00,0x00,0x00,0xc4,0xff,0xff,0xff,0xff,0xff,0x00,0x00,0x00,0x00,0x00,0x00,0x00,0x00,
  0x00,0xde,0xff,0xff,0xff,0xff,0xcb,0x00,0x00,0x00,0x00,0x00,0x00,0x00,0x00,0x00,0xc4,0xff,0xff,0xff,0xff,0xff,0x00,0x00,
  0x00,0x00,0x00,0x00,0x00,0x00,0x18,0xff,0xff,0xff,0xff,0xff,0x9a,0x00,0x00,0x00,0x00,0x00,0x00,0x00,0x00,0x00,0xc4,0xff,
  0xff,0xff,0xff,0xff,0x00,0x00,0x00,0x00,0x00,0x00,0x00,0x00,0x5e,0xff,0xff,0xff,0xff,0xff,0x66,0x00,0x00,0x00,0x00,0x00,
  0x00,0x00,0x00,0x00,0xc4,0xff,0xff,0xff,0xff,0xff,0x00,0x00,0x00,0x00,0x00,0x00,0x00,0x00,0xb1,0xff,0xff,0xff,0xff,0xff,
  0x25,0x00,0x00,0x00,0x00,0x00,0x00,0x00,0x00,0x00,0xc4,0xff,0xff,0xff,0xff,0xff,0x00,0x00,0x00,0x00,0x00,0x00,0x00,0x15,
  0xf8,0xff,0xff,0xff,0xff,0xde,0x00,0x00,0x00,0x00,0x00,0x00,0x00,0x00,0x00,0x00,0xc4,0xff,0xff,0xff,0xff,0xff,0x00,0x00,
  0x00,0x00,0x00,0x00,0x00,0x7a,0xff,0xff,0xff,0xff,0xff,0x88,0x00,0x00,0x00,0x00,0x00,0x00,0x00,0x00,0x00,0x00,0xc4,0xff,
  0xff,0xff,0xff,0xff,0x00,0x00,0x00,0x00,0x20,0xff,0xff,0xff,0xff,0xff,0xff,0xff,0xff,0xff,0xff,0xff,0xff,0xff,0xff,0xff,
  0xff,0xff,0xff,0xff,0xff,0xff,0xff,0xff,0xff,0xff,0xff,0xff,0x84,0x00,0x20,0xff,0xff,0xff,0xff,0xff,0xff,0xff,0xff,0xff,
  0xff,0xff,0xff,0xff,0xff,0xff,0xff,0xff,0xff,0xff,0xff,0xff,0xff,0xff,0xff,0xff,0xff,0xff,0x84,0x00,0x20,0xff,0xff,0xff,
  0xff,0xff,0xff,0xff,0xff,0xff,0xff,0xff,0xff,0xff,0xff,0xff,0xff,0xff,0xff,0xff,0xff,0xff,0xff,0xff,0xff,0xff,0xff,0xff,
  0x84,0x00,0x20,0xff,0xff,0xff,0xff,0xff,0xff,0xff,0xff,0xff,0xff,0xff,0xff,0xff,0xff,0xff,0xff,0xff,0xff,0xff,0xff,0xff,
  0xff,0xff,0xff,0xff,0xff,0xff,0x84,0x00,0x20,0xff,0xff,0xff,0xff,0xff,0xff,0xff,0xff,0xff,0xff,0xff,0xff,0xff,0xff,0xff,
  0xff,0xff,0xff,0xff,0xff,0xff,0xff,0xff,0xff,0xff,0xff,0xff,0x84,0x00,0x20,0xff,0xff,0xff,0xff,0xb0,0x00,0x00,0x00,0x00,
  0x00,0x00,0x00,0x00,0x00,0x00,0x00,0x00,0x00,0x00,0x00,0x00,0x00,0x48,0xff,0xff,0xff,0xff,0x84,0x00,0x20,0xff,0xff,0xff,
  0xff,0xb0,0x00,0x00,0x00,0x00,0x00,0x00,0x00,0x00,0x00,0x00,0x00,0x00,0x00,0x00,0x00,0x00,0x00,0x48,0xff,0xff,0xff,0xff,
  0x84,0x00,0x20,0xff,0xff,0xff,0xff,0xb0,0x00,0x00,0x00,0x00,0x00,0x00,0x00,0x00,0x00,0x00,0x00,0x00,0x00,0x00,0x00,0x00,
  0x00,0x48,0xff,0xff,0xff,0xff,0x84,0x00,0x20,0xff,0xff,0xff,0xff,0xb0,0x00,0x00,0x00,0x00,0x00,0x00,0x00,0x00,0x00,0x00,
  0x00,0x00,0x00,0x00,0x00,0x00,0x00,0x48,0xff,0xff,0xff,0xff,0x84,0x00,0x20,0xff,0xff,0xff,0xff,0xb0,0x00,0x00,0x00,0x00,
  0x00,0x00,0x00,0x00,0x00,0x00,0x00,0x00,0x00,0x00,0x00,0x00,0x00,0x48,0xff,0xff,0xff,0xff,0x84,0x00,0x20,0xff,0xff,0xff,
  0xff,0xb0,0x00,0x00,0x00,0x00,0x00,0x00,0x00,0x00,0x00,0x00,0x00,0x00,0x00,0x00,0x00,0x00,0x00,0x48,0xff,0xff,0xff,0xff,
  0x84,0x00,0x00,0x00,0x18,0xff,0xff,0xff,0xff,0xff,0xff,0xff,0xff,0xff,0xff,0xff,0xff,0xff,0xff,0xff,0xff,0xff,0xff,0xff,
  0xff,0xff,0x24,0x00,0x00,0x00,0x00,0x18,0xff,0xff,0xff,0xff,0xff,0xff,0xff,0xff,0xff,0xff,0xff,0xff,0xff,0xff,0xff,0xff,
  0xff,0xff,0xff,0xff,0xff,0x24,0x00,0x00,0x00,0x00,0x18,0xff,0xff,0xff,0xff,0xff,0xff,0xff,0xff,0xff,0xff,0xff,0xff,0xff,
  0xff,0xff,0xff,0xff,0xff,0xff,0xff,0xff,0x24,0x00,0x00,0x00,0x00,0x18,0xff,0xff,0xff,0xff,0xff,0xff,0xff,0xff,0xff,0xff,
  0xff,0xff,0xff,0xff,0xff,0xff,0xff,0xff,0xff,0xff,0xff,0x24,0x00,0x00,0x00,0x00,0x18,0xff,0xff,0xff,0xff,0xff,0xff,0xff,
  0xff,0xff,0xff,0xff,0xff,0xff,0xff,0xff,0xff,0xff,0xff,0xff,0xff,0xff,0x24,0x00,0x00,0x00,0x00,0x18,0xff,0xff,0xff,0xff,
  0xff,0xb0,0x00,0x00,0x00,0x00,0x00,0x00,0x00,0x00,0x00,0x00,0x00,0x00,0x00,0x00,0x00,0x00,0x00,0x00,0x00,0x00,0x18,0xff,
  0xff,0xff,0xff,0xff,0xb0,0x00,0x00,0x00,0x00,0x00,0x00,0x00,0x00,0x00,0x00,0x00,0x00,0x00,0x00,0x00,0x00,0x00,0x00,0x00,
  0x00,0x18,0xff,0xff,0xff,0xff,0xff,0xb0,0x00,0x00,0x00,0x00,0x00,0x00,0x00,0x00,0x00,0x00,0x00,0x00,0x00,0x00,0x00,0x00,
  0x00,0x00,0x00,0x00,0x18,0xff,0xff,0xff,0xff,0xff,0xb0,0x00,0x00,0x00,0x00,0x00,0x00,0x00,0x00,0x00,0x00,0x00,0x00,0x00,
  0x00,0x00,0x00,0x00,0x00,0x00,0x00,0x18,0xff,0xff,0xff,0xff,0xff,0xb0,0x00,0x00,0x00,0x00,0x00,0x00,0x00,0x00,0x00,0x00,
  0x00,0x00,0x00,0x00,0x00,0x00,0x00,0x00,0x00,0x00,0x18,0xff,0xff,0xff,0xff,0xff,0xb0,0x00,0x00,0x00,0x00,0x00,0x00,0x00,
  0x00,0x00,0x00,0x00,0x00,0x00,0x00,0x00,0x00,0x00,0x00,0x00,0x00,0x18,0xff,0xff,0xff,0xff,0xff,0xff,0xff,0xff,0xff,0xff,
  0xff,0xff,0xff,0xff,0xff,0xff,0xff,0xff,0xff,0xff,0x10,0x00,0x00,0x00,0x00,0x00,0x18,0xff,0xff,0xff,0xff,0xff,0xff,0xff,
  0xff,0xff,0xff,0xff,0xff,0xff,0xff,0xff,0xff,0xff,0xff,0xff,0xff,0x10,0x00,0x00,0x00,0x00,0x00,0x18,0xff,0xff,0xff,0xff,
  0xff,0xff,0xff,0xff,0xff,0xff,0xff,0xff,0xff,0xff,0xff,0xff,0xff,0xff,0xff,0xff,0x10,0x00,0x00,0x00,0x00,0x00,0x18,0xff,
  0xff,0xff,0xff,0xff,0xff,0xff,0xff,0xff,0xff,0xff,0xff,0xff,0xff,0xff,0xff,0xff,0xff,0xff,0xff,0x10,0x00,0x00,0x00,0x00,
  0x00,0x18,0xff,0xff,0xff,0xff,0xff,0xff,0xff,0xff,0xff,0xff,0xff,0xff,0xff,0xff,0xff,0xff,0xff,0xff,0xff,0xff,0x10,0x00,
  0x00,0x00,0x00,0x00,0x18,0xff,0xff,0xff,0xff,0xff,0xb0,0x00,0x00,0x00,0x00,0x00,0x00,0x00,0x00,0x00,0x00,0x00,0x00,0x00,
  0x00,0x00,0x00,0x00,0x00,0x00,0x00,0x18,0xff,0xff,0xff,0xff,0xff,0xb0,0x00,0x00,0x00,0x00,0x00,0x00,0x00,0x00,0x00,0x00,
  0x00,0x00,0x00,0x00,0x00,0x00,0x00,0x00,0x00,0x00,0x18,0xff,0xff,0xff,0xff,0xff,0xb0,0x00,0x00,0x00,0x00,0x00,0x00,0x00,
  0x00,0x00,0x00,0x00,0x00,0x00,0x00,0x00,0x00,0x00,0x00,0x00,0x00,0x18,0xff,0xff,0xff,0xff,0xff,0xb0,0x00,0x00,0x00,0x00,
  0x00,0x00,0x00,0x00,0x00,0x00,0x00,0x00,0x00,0x00,0x00,0x00,0x00,0x00,0x00,0x00,0x18,0xff,0xff,0xff,0xff,0xff,0xb0,0x00,
  0x00,0x00,0x00,0x00,0x00,0x00,0x00,0x00,0x00,0x00,0x00,0x00,0x00,0x00,0x00,0x00,0x00,0x00,0x00,0x18,0xff,0xff,0xff,0xff,
  0xff,0xb0,0x00,0x00,0x00,0x00,0x00,0x00,0x00,0x00,0x00,0x00,0x00,0x00,0x00,0x00,0x00,0x00,0x00,0x00,0x00,0x00,0x18,0xff,
  0xff,0xff,0xff,0xff,0xb0,0x00,0x00,0x00,0x00,0x00,0x00,0x00,0x00,0x00,0x00,0x00,0x00,0x00,0x00,0x00,0x00,0x00,0x00,0x00,
  0x00,0x18,0xff,0xff,0xff,0xff,0xff,0xb0,0x00,0x00,0x00,0x00,0x00,0x00,0x00,0x00,0x00,0x00,0x00,0x00,0x00,0x00,0x00,0x00,
  0x00,0x00,0x00,0x00,0x18,0xff,0xff,0xff,0xff,0xff,0xff,0xff,0xff,0xff,0xff,0xff,0xff,0xff,0xff,0xff,0xff,0xff,0xff,0xff,
  0xff,0xff,0xb0,0x00,0x00,0x00,0x00,0x18,0xff,0xff,0xff,0xff,0xff,0xff,0xff,0xff,0xff,0xff,0xff,0xff,0xff,0xff,0xff,0xff,
  0xff,0xff,0xff,0xff,0xff,0xb0,0x00,0x00,0x00,0x00,0x18,0xff,0xff,0xff,0xff,0xff,0xff,0xff,0xff,0xff,0xff,0xff,0xff,0xff,
  0xff,0xff,0xff,0xff,0xff,0xff,0xff,0xff,0xb0,0x00,0x00,0x00,0x00,0x18,0xff,0xff,0xff,0xff,0xff,0xff,0xff,0xff,0xff,0xff,
  0xff,0xff,0xff,0xff,0xff,0xff,0xff,0xff,0xff,0xff,0xff,0xb0,0x00,0x00,0x00,0x00,0x18,0xff,0xff,0xff,0xff,0xff,0xff,0xff,
  0xff,0xff,0xff,0xff,0xff,0xff,0xff,0xff,0xff,0xff,0xff,0xff,0xff,0xff,0xb0,0x00,0x00,0x3f,0xfb,0xf2,0xe5,0xc6,0x96,0x48,
  0x01,0x00,0x00,0x00,0x00,0x00,0x00,0x00,0xc0,0xff,0xff,0xff,0xff,0xe8,0x00,0x00,0x00,0x00,0x00,0x00,0x00,0x00,0x38,0x8b,
  0xc1,0xe2,0xf1,0xfa,0x67,0x40,0xff,0xff,0xff,0xff,0xff,0xff,0xc4,0x14,0x00,0x00,0x00,0x00,0x00,0x00,0xc0,0xff,0xff,0xff,
  0xff,0xe8,0x00,0x00,0x00,0x00,0x00,0x00,0x07,0xa6,0xff,0xff,0xff,0xff,0xff,0xff,0x68,0x40,0xff,0xff,0xff,0xff,0xff,0xff,
  0xff,0xc5,0x04,0x00,0x00,0x00,0x00,0x00,0xc0,0xff,0xff,0xff,0xff,0xe8,0x00,0x00,0x00,0x00,0x00,0x00,0x9f,0xff,0xff,0xff,
  0xff,0xff,0xff,0xff,0x68,0x3f,0xfa,0xff,0xff,0xff,0xff,0xff,0xff,0xff,0x76,0x00,0x00,0x00,0x00,0x00,0xc0,0xff,0xff,0xff,
  0xff,0xe8,0x00,0x00,0x00,0x00,0x00,0x4d,0xff,0xff,0xff,0xff,0xff,0xff,0xff,0xfb,0x67,0x00,0x00,0x06,0x2f,0xaa,0xff,0xff,
  0xff,0xff,0xf0,0x12,0x00,0x00,0x00,0x00,0xc0,0xff,0xff,0xff,0xff,0xe8,0x00,0x00,0x00,0x00,0x03,0xd7,0xff,0xff,0xff,0xff,
  0xc4,0x42,0x0c,0x00,0x00,0x00,0x00,0x00,0x00,0x00,0xb3,0xff,0xff,0xff,0xff,0x7b,0x00,0x00,0x00,0x00,0xc0,0xff,0xff,0xff,
  0xff,0xe8,0x00,0x00,0x00,0x00,0x54,0xff,0xff,0xff,0xff,0xd2,0x08,0x00,0x00,0x00,0x00,0x00,0x00,0x00,0x00,0x00,0x28,0xfe,
  0xff,0xff,0xff,0xe5,0x05,0x00,0x00,0x00,0xc0,0xff,0xff,0xff,0xff,0xe8,0x00,0x00,0x00,0x00,0xc3,0xff,0xff,0xff,0xff,0x4b,
  0x00,0x00,0x00,0x00,0x00,0x00,0x00,0x00,0x00,0x00,0x00,0xba,0xff,0xff,0xff,0xff,0x56,0x00,0x00,0x00,0xc0,0xff,0xff,0xff,
  0xff,0xe8,0x00,0x00,0x00,0x2e,0xff,0xff,0xff,0xff,0xde,0x01,0x00,0x00,0x00,0x00,0x00,0x00,0x00,0x00,0x00,0x00,0x00,0x57,
  0xff,0xff,0xff,0xff,0xc3,0x00,0x00,0x00,0xc0,0xff,0xff,0xff,0xff,0xe8,0x00,0x00,0x00,0x9b,0xff,0xff,0xff,0xff,0x7d,0x00,
  0x00,0x00,0x00,0x00,0x00,0x00,0x00,0x00,0x00,0x00,0x00,0x08,0xed,0xff,0xff,0xff,0xff,0x3a,0x00,0x00,0xc0,0xff,0xff,0xff,
  0xff,0xe8,0x00,0x00,0x1a,0xf8,0xff,0xff,0xff,0xfd,0x1f,0x00,0x00,0x00,0x00,0x00,0x00,0x00,0x00,0x00,0x00,0x00,0x00,0x00,
  0x8e,0xff,0xff,0xff,0xff,0xc4,0x01,0x00,0xc0,0xff,0xff,0xff,0xff,0xe8,0x00,0x00,0x9e,0xff,0xff,0xff,0xff,0xb6,0x00,0x00,
  0x00,0x00,0x00,0x00,0x00,0x00,0x00,0x00,0x00,0x00,0x00,0x00,0x1a,0xf5,0xff,0xff,0xff,0xff,0xb1,0x2f,0xc1,0xff,0xff,0xff,
  0xff,0xe8,0x25,0x94,0xff,0xff,0xff,0xff,0xfe,0x38,0x00,0x00,0x00,0x00,0x00,0x00,0x00,0x00,0x00,0x00,0x00,0x00,0x00,0x00,
  0x00,0x51,0xfa,0xff,0xff,0xff,0xff,0xff,0xff,0xff,0xff,0xff,0xff,0xff,0xff,0xff,0xff,0xff,0xff,0xff,0x74,0x00,0x00,0x00,
  0x00,0x00,0x00,0x00,0x00,0x00,0x00,0x00,0x00,0x00,0x00,0x00,0x00,0x00,0x38,0xf1,0xff,0xff,0xff,0xff,0xff,0xff,0xff,0xff,
  0xff,0xff,0xff,0xff,0xff,0xff,0xfc,0x57,0x00,0x00,0x00,0x00,0x00,0x00,0x00,0x00,0x00,0x00,0x00,0x00,0x00,0x00,0x00,0x00,
  0x00,0x55,0xe6,0xff,0xff,0xff,0xff,0xff,0xff,0xff,0xff,0xff,0xff,0xff,0xff,0xff,0xff,0xff,0xff,0xf2,0x72,0x00,0x00,0x00,
  0x00,0x00,0x00,0x00,0x00,0x00,0x00,0x00,0x00,0x00,0x00,0x00,0x69,0xff,0xff,0xff,0xff,0xff,0xff,0xff,0xff,0xff,0xff,0xff,
  0xff,0xff,0xff,0xff,0xff,0xff,0xff,0xff,0xff,0x91,0x00,0x00,0x00,0x00,0x00,0x00,0x00,0x00,0x00,0x00,0x00,0x00,0x00,0x36,
  0xfc,0xff,0xff,0xff,0xff,0xff,0xa7,0x23,0xc1,0xff,0xff,0xff,0xff,0xe8,0x18,0x8b,0xff,0xff,0xff,0xff,0xff,0xff,0x5a,0x00,
  0x00,0x00,0x00,0x00,0x00,0x00,0x00,0x00,0x00,0x00,0x04,0xd3,0xff,0xff,0xff,0xff,0xff,0xc5,0x02,0x00,0xc0,0xff,0xff,0xff,
  0xff,0xe8,0x00,0x00,0xa1,0xff,0xff,0xff,0xff,0xff,0xeb,0x12,0x00,0x00,0x00,0x00,0x00,0x00,0x00,0x00,0x00,0x00,0x6c,0xff,
  0xff,0xff,0xff,0xff,0xfe,0x31,0x00,0x00,0xc0,0xff,0xff,0xff,0xff,0xe8,0x00,0x00,0x14,0xf1,0xff,0xff,0xff,0xff,0xff,0x93,
  0x00,0x00,0x00,0x00,0x00,0x00,0x00,0x00,0x00,0x0b,0xea,0xff,0xff,0xff,0xff,0xff,0xac,0x00,0x00,0x00,0xc0,0xff,0xff,0xff,
  0xff,0xe8,0x00,0x00,0x00,0x7e,0xff,0xff,0xff,0xff,0xff,0xfa,0x21,0x00,0x00,0x00,0x00,0x00,0x00,0x00,0x00,0x76,0xff,0xff,
  0xff,0xff,0xff,0xfd,0x2b,0x00,0x00,0x00,0xc0,0xff,0xff,0xff,0xff,0xe8,0x00,0x00,0x00,0x0f,0xee,0xff,0xff,0xff,0xff,0xff,
  0x9d,0x00,0x00,0x00,0x00,0x00,0x00,0x00,0x09,0xe9,0xff,0xff,0xff,0xff,0xff,0xa2,0x00,0x00,0x00,0x00,0xc0,0xff,0xff,0xff,
  0xff,0xe8,0x00,0x00,0x00,0x00,0x7c,0xff,0xff,0xff,0xff,0xff,0xfb,0x1f,0x00,0x00,0x00,0x00,0x00,0x00,0x6e,0xff,0xff,0xff,
  0xff,0xff,0xff,0x2e,0x00,0x00,0x00,0x00,0xc0,0xff,0xff,0xff,0xff,0xe8,0x00,0x00,0x00,0x00,0x12,0xf5,0xff,0xff,0xff,0xff,
  0xff,0x95,0x00,0x00,0x00,0x00,0x00,0x05,0xe2,0xff,0xff,0xff,0xff,0xff,0xba,0x00,0x00,0x00,0x00,0x00,0xc0,0xff,0xff,0xff,
  0xff,0xe8,0x00,0x00,0x00,0x00,0x00,0x94,0xff,0xff,0xff,0xff,0xff,0xf7,0x18,0x00,0x00,0x00,0x00,0x63,0xff,0xff,0xff,0xff,
  0xff,0xff,0x47,0x00,0x00,0x00,0x00,0x00,0xc0,0xff,0xff,0xff,0xff,0xe8,0x00,0x00,0x00,0x00,0x00,0x23,0xfd,0xff,0xff,0xff,
  0xff,0xff,0x8a,0x00,0x00,0x00,0x03,0xdb,0xff,0xff,0xff,0xff,0xff,0xd3,0x00,0x00,0x00,0x00,0x00,0x00,0xc0,0xff,0xff,0xff,
  0xff,0xe8,0x00,0x00,0x00,0x00,0x00,0x00,0xad,0xff,0xff,0xff,0xff,0xff,0xf3,0x12,0x00,0x00,0x59,0xff,0xff,0xff,0xff,0xff,
  0xff,0x60,0x00,0x00,0x00,0x00,0x00,0x00,0xc0,0xff,0xff,0xff,0xff,0xe8,0x00,0x00,0x00,0x00,0x00,0x00,0x39,0xff,0xff,0xff,
  0xff,0xff,0xff,0x80,0x00,0x01,0xd2,0xff,0xff,0xff,0xff,0xff,0xe6,0x06,0x00,0x00,0x00,0x00,0x00,0x00,0xc0,0xff,0xff,0xff,
  0xff,0xe8,0x00,0x00,0x00,0x00,0x00,0x00,0x00,0xc6,0xff,0xff,0xff,0xff,0xff,0xee,0x0d,0x4f,0xff,0xff,0xff,0xff,0xff,0xff,
  0x79,0x00,0x00,0x00,0x00,0x00,0x00,0x00,0xc0,0xff,0xff,0xff,0xff,0xe8,0x00,0x00,0x00,0x00,0x00,0x00,0x00,0x52,0xff,0xff,
  0xff,0xff,0xff,0xff,0x76,0x00,0x00,0x00,0x00,0x00,0x00,0x08,0x5a,0xa1,0xd4,0xec,0xfb,0xf4,0xe5,0xc8,0x98,0x55,0x07,0x00,
  0x00,0x00,0x00,0x00,0x00,0x00,0x00,0x00,0x00,0x00,0x01,0x65,0xed,0xff,0xff,0xff,0xff,0xff,0xff,0xff,0xff,0xff,0xff,0xee,
  0x6c,0x02,0x00,0x00,0x00,0x00,0x00,0x00,0x00,0x00,0x04,0xa5,0xff,0xff,0xff,0xff,0xff,0xff,0xff,0xff,0xff,0xff,0xff,0xff,
  0xff,0xff,0xb3,0x07,0x00,0x00,0x00,0x00,0x00,0x00,0x00,0x96,0xff,0xff,0xff,0xff,0xff,0xff,0xff,0xff,0xff,0xff,0xff,0xff,
  0xff,0xff,0xff,0xff,0xa5,0x00,0x00,0x00,0x00,0x00,0x00,0x45,0xff,0xff,0xff,0xff,0xff,0xff,0xff,0xff,0xff,0xff,0xff,0xff,
  0xff,0xff,0xff,0xff,0xff,0xff,0x45,0x00,0x00,0x00,0x00,0x00,0xc6,0xff,0xff,0xff,0xff,0xff,0xf8,0x89,0x2d,0x0a,0x1b,0x45,
  0xb9,0xff,0xff,0xff,0xff,0xff,0xff,0xa6,0x00,0x00,0x00,0x00,0x2e,0xff,0xff,0xff,0xff,0xff,0xfd,0x48,0x00,0x00,0x00,0x00,
  0x00,0x00,0x90,0xff,0xff,0xff,0xff,0xff,0xd1,0x00,0x00,0x00,0x00,0x7a,0xff,0xff,0xff,0xff,0xff,0x96,0x00,0x00,0x00,0x00,
  0x00,0x00,0x00,0x10,0xfe,0xff,0xff,0xff,0xff,0xd4,0x00,0x00,0x00,0x00,0x09,0x33,0x61,0x8e,0xbc,0xe9,0x31,0x00,0x00,0x00,
  0x00,0x00,0x00,0x00,0x00,0xf8,0xff,0xff,0xff,0xff,0xa6,0x00,0x00,0x00,0x00,0x00,0x00,0x00,0x00,0x00,0x00,0x00,0x00,0x00,
  0x00,0x00,0x00,0x00,0x00,0x34,0xff,0xff,0xff,0xff,0xff,0x43,0x00,0x00,0x00,0x00,0x00,0x00,0x00,0x00,0x00,0x00,0x00,0x00,
  0x00,0x00,0x00,0x00,0x00,0x10,0xcc,0xff,0xff,0xff,0xff,0x9f,0x00,0x00,0x00,0x00,0x00,0x00,0x00,0x00,0x00,0x00,0x00,0x00,
  0x00,0x00,0x01,0x0b,0x2e,0x73,0xe4,0xff,0xff,0xff,0xff,0xa7,0x06,0x00,0x00,0x00,0x00,0x00,0x00,0x00,0x00,0x00,0x00,0x00,
  0x00,0x00,0x14,0xff,0xff,0xff,0xff,0xff,0xff,0xff,0xec,0x65,0x00,0x00,0x00,0x00,0x00,0x00,0x00,0x00,0x00,0x00,0x00,0x00,
  0x00,0x00,0x00,0x14,0xff,0xff,0xff,0xff,0xff,0xff,0xff,0xc2,0x49,0x00,0x00,0x00,0x00,0x00,0x00,0x00,0x00,0x00,0x00,0x00,
  0x00,0x00,0x00,0x00,0x14,0xff,0xff,0xff,0xff,0xff,0xff,0xff,0xff,0xff,0xbc,0x1a,0x00,0x00,0x00,0x00,0x00,0x00,0x00,0x00,
  0x00,0x00,0x00,0x00,0x00,0x14,0xff,0xff,0xff,0xff,0xff,0xff,0xff,0xff,0xff,0xff,0xe5,0x21,0x00,0x00,0x00,0x00,0x00,0x00,
  0x00,0x00,0x00,0x00,0x00,0x00,0x00,0x00,0x04,0x14,0x3e,0x90,0xf8,0xff,0xff,0xff,0xff,0xff,0xcc,0x03,0x00,0x00,0x00,0x00,
  0x00,0x00,0x00,0x00,0x00,0x00,0x00,0x00,0x00,0x00,0x00,0x00,0x00,0x2f,0xed,0xff,0xff,0xff,0xff,0xff,0x53,0x00,0x00,0x00,
  0x00,0x00,0x00,0x00,0x00,0x00,0x00,0x00,0x00,0x00,0x00,0x00,0x00,0x00,0x00,0x6a,0xff,0xff,0xff,0xff,0xff,0xa6,0x00,0x00,
  0x00,0x00,0x00,0x00,0x00,0x00,0x00,0x00,0x00,0x00,0x00,0x00,0x00,0x00,0x00,0x00,0x22,0xff,0xff,0xff,0xff,0xff,0xd2,0x00,
  0x00,0x00,0x00,0x00,0x0b,0x5f,0xc0,0x57,0x00,0x00,0x00,0x00,0x00,0x00,0x00,0x00,0x00,0x22,0xff,0xff,0xff,0xff,0xff,0xde,
  0x00,0x00,0x00,0x3d,0x9e,0xf3,0xff,0xff,0xca,0x01,0x00,0x00,0x00,0x00,0x00,0x00,0x00,0x00,0x6d,0xff,0xff,0xff,0xff,0xff,
  0xc9,0x00,0x00,0x06,0xeb,0xff,0xff,0xff,0xff,0xff,0x78,0x00,0x00,0x00,0x00,0x00,0x00,0x00,0x28,0xed,0xff,0xff,0xff,0xff,
  0xff,0xa2,0x00,0x00,0x00,0x8c,0xff,0xff,0xff,0xff,0xff,0xff,0xb1,0x4f,0x1e,0x06,0x0b,0x2f,0x7c,0xf1,0xff,0xff,0xff,0xff,
  0xff,0xff,0x53,0x00,0x00,0x00,0x17,0xf1,0xff,0xff,0xff,0xff,0xff,0xff,0xff,0xff,0xff,0xff,0xff,0xff,0xff,0xff,0xff,0xff,
  0xff,0xff,0xd4,0x04,0x00,0x00,0x00,0x00,0x67,0xff,0xff,0xff,0xff,0xff,0xff,0xff,0xff,0xff,0xff,0xff,0xff,0xff,0xff,0xff,
  0xff,0xff,0xf6,0x38,0x00,0x00,0x00,0x00,0x00,0x00,0x88,0xff,0xff,0xff,0xff,0xff,0xff,0xff,0xff,0xff,0xff,0xff,0xff,0xff,
  0xff,0xff,0xf1,0x47,0x00,0x00,0x00,0x00,0x00,0x00,0x00,0x00,0x54,0xdb,0xff,0xff,0xff,0xff,0xff,0xff,0xff,0xff,0xff,0xff,
  0xff,0xfc,0xad,0x1d,0x00,0x00,0x00,0x00,0x00,0x00,0x00,0x00,0x00,0x00,0x02,0x42,0x89,0xbb,0xdf,0xf1,0xfb,0xf7,0xe9,0xd4,
  0xa5,0x6f,0x1a,0x00,0x00,0x00,0x00,0x00,0x00,0x00,0x00,0x00,0x04,0xff,0xff,0xff,0xff,0xff,0x68,0x00,0x00,0x00,0x00,0x00,
  0x00,0x00,0x00,0x00,0x00,0x49,0xff,0xff,0xff,0xff,0xff,0xc4,0x00,0x00,0x00,0x00,0x00,0x04,0xff,0xff,0xff,0xff,0xff,0x68,
  0x00,0x00,0x00,0x00,0x00,0x00,0x00,0x00,0x00,0x04,0xd6,0xff,0xff,0xff,0xff,0xff,0xc4,0x00,0x00,0x00,0x00,0x00,0x04,0xff,
  0xff,0xff,0xff,0xff,0x68,0x00,0x00,0x00,0x00,0x00,0x00,0x00,0x00,0x00,0x6e,0xff,0xff,0xff,0xff,0xff,0xff,0xc4,0x00,0x00,
  0x00,0x00,0x00,0x04,0xff,0xff,0xff,0xff,0xff,0x68,0x00,0x00,0x00,0x00,0x00,0x00,0x00,0x00,0x12,0xed,0xff,0xff,0xff,0xff,
  0xff,0xff,0xc4,0x00,0x00,0x00,0x00,0x00,0x04,0xff,0xff,0xff,0xff,0xff,0x68,0x00,0x00,0x00,0x00,0x00,0x00,0x00,0x00,0x92,
  0xff,0xff,0xff,0xff,0xff,0xff,0xff,0xc4,0x00,0x00,0x00,0x00,0x00,0x04,0xff,0xff,0xff,0xff,0xff,0x68,0x00,0x00,0x00,0x00,
  0x00,0x00,0x00,0x29,0xfb,0xff,0xff,0xff,0xff,0xff,0xff,0xff,0xc4,0x00,0x00,0x00,0x00,0x00,0x04,0xff,0xff,0xff,0xff,0xff,
  0x68,0x00,0x00,0x00,0x00,0x00,0x00,0x00,0xb7,0xff,0xff,0xff,0xff,0xff,0xff,0xff,0xff,0xc4,0x00,0x00,0x00,0x00,0x00,0x04,
  0xff,0xff,0xff,0xff,0xff,0x68,0x00,0x00,0x00,0x00,0x00,0x00,0x48,0xff,0xff,0xff,0xff,0xff,0xff,0xff,0xff,0xff,0xc4,0x00,
  0x00,0x00,0x00,0x00,0x04,0xff,0xff,0xff,0xff,0xff,0x68,0x00,0x00,0x00,0x00,0x00,0x04,0xd6,0xff,0xff,0xff,0xff,0xf9,0xff,
  0xff,0xff,0xff,0xc4,0x00,0x00,0x00,0x00,0x00,0x04,0xff,0xff,0xff,0xff,0xff,0x68,0x00,0x00,0x00,0x00,0x00,0x6e,0xff,0xff,
  0xff,0xff,0xdf,0xac,0xff,0xff,0xff,0xff,0xc4,0x00,0x00,0x00,0x00,0x00,0x04,0xff,0xff,0xff,0xff,0xff,0x68,0x00,0x00,0x00,
  0x00,0x11,0xed,0xff,0xff,0xff,0xff,0x55,0xa4,0xff,0xff,0xff,0xff,0xc4,0x00,0x00,0x00,0x00,0x00,0x04,0xff,0xff,0xff,0xff,
  0xff,0x68,0x00,0x00,0x00,0x00,0x92,0xff,0xff,0xff,0xff,0xc2,0x00,0xa4,0xff,0xff,0xff,0xff,0xc4,0x00,0x00,0x00,0x00,0x00,
  0x04,0xff,0xff,0xff,0xff,0xff,0x68,0x00,0x00,0x00,0x28,0xfb,0xff,0xff,0xff,0xfd,0x32,0x00,0xa4,0xff,0xff,0xff,0xff,0xc4,
  0x00,0x00,0x00,0x00,0x00,0x04,0xff,0xff,0xff,0xff,0xff,0x68,0x00,0x00,0x00,0xb6,0xff,0xff,0xff,0xff,0x9e,0x00,0x00,0xa4,
  0xff,0xff,0xff,0xff,0xc4,0x00,0x00,0x00,0x00,0x00,0x04,0xff,0xff,0xff,0xff,0xff,0x68,0x00,0x00,0x48,0xff,0xff,0xff,0xff,
  0xf3,0x18,0x00,0x00,0xa4,0xff,0xff,0xff,0xff,0xc4,0x00,0x00,0x00,0x00,0x00,0x04,0xff,0xff,0xff,0xff,0xff,0x68,0x00,0x04,
  0xd6,0xff,0xff,0xff,0xff,0x79,0x00,0x00,0x00,0xa4,0xff,0xff,0xff,0xff,0xc4,0x00,0x00,0x00,0x00,0x00,0x04,0xff,0xff,0xff,
  0xff,0xff,0x68,0x00,0x6d,0xff,0xff,0xff,0xff,0xdf,0x08,0x00,0x00,0x00,0xa4,0xff,0xff,0xff,0xff,0xc4,0x00,0x00,0x00,0x00,
  0x00,0x04,0xff,0xff,0xff,0xff,0xff,0x68,0x11,0xed,0xff,0xff,0xff,0xff,0x55,0x00,0x00,0x00,0x00,0xa4,0xff,0xff,0xff,0xff,
  0xc4,0x00,0x00,0x00,0x00,0x00,0x04,0xff,0xff,0xff,0xff,0xff,0x68,0x92,0xff,0xff,0xff,0xff,0xc2,0x00,0x00,0x00,0x00,0x00,
  0xa4,0xff,0xff,0xff,0xff,0xc4,0x00,0x00,0x00,0x00,0x00,0x04,0xff,0xff,0xff,0xff,0xff,0x90,0xfb,0xff,0xff,0xff,0xfe,0x33,
  0x00,0x00,0x00,0x00,0x00,0xa4,0xff,0xff,0xff,0xff,0xc4,0x00,0x00,0x00,0x00,0x00,0x04,0xff,0xff,0xff,0xff,0xff,0xf9,0xff,
  0xff,0xff,0xff,0x9e,0x00,0x00,0x00,0x00,0x00,0x00,0xa4,0xff,0xff,0xff,0xff,0xc4,0x00,0x00,0x00,0x00,0x00,0x04,0xff,0xff,
  0xff,0xff,0xff,0xff,0xff,0xff,0xff,0xf3,0x19,0x00,0x00,0x00,0x00,0x00,0x00,0xa4,0xff,0xff,0xff,0xff,0xc4,0x00,0x00,0x00,
  0x00,0x00,0x04,0xff,0xff,0xff,0xff,0xff,0xff,0xff,0xff,0xff,0x7a,0x00,0x00,0x00,0x00,0x00,0x00,0x00,0xa4,0xff,0xff,0xff,
  0xff,0xc4,0x00,0x00,0x00,0x00,0x00,0x04,0xff,0xff,0xff,0xff,0xff,0xff,0xff,0xff,0xdf,0x08,0x00,0x00,0x00,0x00,0x00,0x00,
  0x00,0xa4,0xff,0xff,0xff,0xff,0xc4,0x00,0x00,0x00,0x00,0x00,0x04,0xff,0xff,0xff,0xff,0xff,0xff,0xff,0xff,0x55,0x00,0x00,
  0x00,0x00,0x00,0x00,0x00,0x00,0xa4,0xff,0xff,0xff,0xff,0xc4,0x00,0x00,0x00,0x00,0x00,0x04,0xff,0xff,0xff,0xff,0xff,0xff,
  0xff,0xc3,0x00,0x00,0x00,0x00,0x00,0x00,0x00,0x00,0x00,0xa4,0xff,0xff,0xff,0xff,0xc4,0x00,0x00,0x00,0x00,0x00,0x04,0xff,
  0xff,0xff,0xff,0xff,0xff,0xfe,0x33,0x00,0x00,0x00,0x00,0x00,0x00,0x00,0x00,0x00,0xa4,0xff,0xff,0xff,0xff,0xc4,0x00,0x00,
  0x00,0x00,0x00,0x04,0xff,0xff,0xff,0xff,0xff,0xff,0x9f,0x00,0x00,0x00,0x00,0x00,0x00,0x00,0x00,0x00,0x00,0xa4,0xff,0xff,
  0xff,0xff,0xc4,0x00,0x00,0x00,0x00,0x00,0x04,0xff,0xff,0xff,0xff,0xff,0xf3,0x19,0x00,0x00,0x00,0x00,0x00,0x00,0x00,0x00,
  0x00,0x00,0xa4,0xff,0xff,0xff,0xff,0xc4,0x00,0x00,0x00,0x00,0x00,0x00,0x00,0x00,0x00,0x00,0x00,0x99,0xff,0xff,0x1e,0x00,
  0x00,0x00,0x00,0x00,0x4c,0xff,0xff,0x6f,0x00,0x00,0x00,0x00,0x00,0x00,0x00,0x00,0x00,0x00,0x00,0x00,0x00,0x00,0x00,0x00,
  0x67,0xff,0xff,0x77,0x00,0x00,0x00,0x00,0x00,0xa6,0xff,0xff,0x3e,0x00,0x00,0x00,0x00,0x00,0x00,0x00,0x00,0x00,0x00,0x00,
  0x00,0x00,0x00,0x00,0x00,0x17,0xf8,0xff,0xf8,0x75,0x1e,0x08,0x26,0x92,0xff,0xff,0xe3,0x03,0x00,0x00,0x00,0x00,0x00,0x00,
  0x00,0x00,0x00,0x00,0x00,0x00,0x00,0x00,0x00,0x00,0x00,0x85,0xff,0xff,0xff,0xff,0xff,0xff,0xff,0xff,0xff,0x5a,0x00,0x00,
  0x00,0x00,0x00,0x00,0x00,0x00,0x00,0x00,0x00,0x00,0x00,0x00,0x00,0x00,0x00,0x00,0x03,0xa5,0xff,0xff,0xff,0xff,0xff,0xff,
  0xfe,0x7e,0x00,0x00,0x00,0x00,0x00,0x00,0x00,0x00,0x00,0x00,0x00,0x00,0x00,0x00,0x00,0x00,0x00,0x00,0x00,0x00,0x00,0x52,
  0xb8,0xec,0xfb,0xe7,0xab,0x3c,0x00,0x00,0x00,0x00,0x00,0x00,0x00,0x00,0x00,0x00,0x00,0x00,0x00,0x00,0x00,0x00,0x00,0x00,
  0x00,0x00,0x00,0x00,0x00,0x00,0x00,0x00,0x00,0x00,0x00,0x00,0x00,0x00,0x00,0x00,0x00,0x00,0x00,0x00,0x00,0x00,0x00,0x00,
  0x00,0x00,0x00,0x00,0x00,0x00,0x00,0x00,0x00,0x00,0x00,0x00,0x00,0x00,0x00,0x00,0x00,0x00,0x00,0x00,0x00,0x00,0x00,0x00,
  0x00,0x00,0x00,0x00,0x00,0x04,0xff,0xff,0xff,0xff,0xff,0x68,0x00,0x00,0x00,0x00,0x00,0x00,0x00,0x00,0x00,0x00,0x49,0xff,
  0xff,0xff,0xff,0xff,0xc4,0x00,0x00,0x00,0x00,0x00,0x04,0xff,0xff,0xff,0xff,0xff,0x68,0x00,0x00,0x00,0x00,0x00,0x00,0x00,
  0x00,0x00,0x04,0xd6,0xff,0xff,0xff,0xff,0xff,0xc4,0x00,0x00,0x00,0x00,0x00,0x04,0xff,0xff,0xff,0xff,0xff,0x68,0x00,0x00,
  0x00,0x00,0x00,0x00,0x00,0x00,0x00,0x6e,0xff,0xff,0xff,0xff,0xff,0xff,0xc4,0x00,0x00,0x00,0x00,0x00,0x04,0xff,0xff,0xff,
  0xff,0xff,0x68,0x00,0x00,0x00,0x00,0x00,0x00,0x00,0x00,0x12,0xed,0xff,0xff,0xff,0xff,0xff,0xff,0xc4,0x00,0x00,0x00,0x00,
  0x00,0x04,0xff,0xff,0xff,0xff,0xff,0x68,0x00,0x00,0x00,0x00,0x00,0x00,0x00,0x00,0x92,0xff,0xff,0xff,0xff,0xff,0xff,0xff,
  0xc4,0x00,0x00,0x00,0x00,0x00,0x04,0xff,0xff,0xff,0xff,0xff,0x68,0x00,0x00,0x00,0x00,0x00,0x00,0x00,0x29,0xfb,0xff,0xff,
  0xff,0xff,0xff,0xff,0xff,0xc4,0x00,0x00,0x00,0x00,0x00,0x04,0xff,0xff,0xff,0xff,0xff,0x68,0x00,0x00,0x00,0x00,0x00,0x00,
  0x00,0xb7,0xff,0xff,0xff,0xff,0xff,0xff,0xff,0xff,0xc4,0x00,0x00,0x00,0x00,0x00,0x04,0xff,0xff,0xff,0xff,0xff,0x68,0x00,
  0x00,0x00,0x00,0x00,0x00,0x48,0xff,0xff,0xff,0xff,0xff,0xff,0xff,0xff,0xff,0xc4,0x00,0x00,0x00,0x00,0x00,0x04,0xff,0xff,
  0xff,0xff,0xff,0x68,0x00,0x00,0x00,0x00,0x00,0x04,0xd6,0xff,0xff,0xff,0xff,0xf9,0xff,0xff,0xff,0xff,0xc4,0x00,0x00,0x00,
  0x00,0x00,0x04,0xff,0xff,0xff,0xff,0xff,0x68,0x00,0x00,0x00,0x00,0x00,0x6e,0xff,0xff,0xff,0xff,0xdf,0xac,0xff,0xff,0xff,
  0xff,0xc4,0x00,0x00,0x00,0x00,0x00,0x04,0xff,0xff,0xff,0xff,0xff,0x68,0x00,0x00,0x00,0x00,0x11,0xed,0xff,0xff,0xff,0xff,
  0x55,0xa4,0xff,0xff,0xff,0xff,0xc4,0x00,0x00,0x00,0x00,0x00,0x04,0xff,0xff,0xff,0xff,0xff,0x68,0x00,0x00,0x00,0x00,0x92,
  0xff,0xff,0xff,0xff,0xc2,0x00,0xa4,0xff,0xff,0xff,0xff,0xc4,0x00,0x00,0x00,0x00,0x00,0x04,0xff,0xff,0xff,0xff,0xff,0x68,
  0x00,0x00,0x00,0x28,0xfb,0xff,0xff,0xff,0xfd,0x32,0x00,0xa4,0xff,0xff,0xff,0xff,0xc4,0x00,0x00,0x00,0x00,0x00,0x04,0xff,
  0xff,0xff,0xff,0xff,0x68,0x00,0x00,0x00,0xb6,0xff,0xff,0xff,0xff,0x9e,0x00,0x00,0xa4,0xff,0xff,0xff,0xff,0xc4,0x00,0x00,
  0x00,0x00,0x00,0x04,0xff,0xff,0xff,0xff,0xff,0x68,0x00,0x00,0x48,0xff,0xff,0xff,0xff,0xf3,0x18,0x00,0x00,0xa4,0xff,0xff,
  0xff,0xff,0xc4,0x00,0x00,0x00,0x00,0x00,0x04,0xff,0xff,0xff,0xff,0xff,0x68,0x00,0x04,0xd6,0xff,0xff,0xff,0xff,0x79,0x00,
  0x00,0x00,0xa4,0xff,0xff,0xff,0xff,0xc4,0x00,0x00,0x00,0x00,0x00,0x04,0xff,0xff,0xff,0xff,0xff,0x68,0x00,0x6d,0xff,0xff,
  0xff,0xff,0xdf,0x08,0x00,0x00,0x00,0xa4,0xff,0xff,0xff,0xff,0xc4,0x00,0x00,0x00,0x00,0x00,0x04,0xff,0xff,0xff,0xff,0xff,
  0x68,0x11,0xed,0xff,0xff,0xff,0xff,0x55,0x00,0x00,0x00,0x00,0xa4,0xff,0xff,0xff,0xff,0xc4,0x00,0x00,0x00,0x00,0x00,0x04,
  0xff,0xff,0xff,0xff,0xff,0x68,0x92,0xff,0xff,0xff,0xff,0xc2,0x00,0x00,0x00,0x00,0x00,0xa4,0xff,0xff,0xff,0xff,0xc4,0x00,
  0x00,0x00,0x00,0x00,0x04,0xff,0xff,0xff,0xff,0xff,0x90,0xfb,0xff,0xff,0xff,0xfe,0x33,0x00,0x00,0x00,0x00,0x00,0xa4,0xff,
  0xff,0xff,0xff,0xc4,0x00,0x00,0x00,0x00,0x00,0x04,0xff,0xff,0xff,0xff,0xff,0xf9,0xff,0xff,0xff,0xff,0x9e,0x00,0x00,0x00,
  0x00,0x00,0x00,0xa4,0xff,0xff,0xff,0xff,0xc4,0x00,0x00,0x00,0x00,0x00,0x04,0xff,0xff,0xff,0xff,0xff,0xff,0xff,0xff,0xff,
  0xf3,0x19,0x00,0x00,0x00,0x00,0x00,0x00,0xa4,0xff,0xff,0xff,0xff,0xc4,0x00,0x00,0x00,0x00,0x00,0x04,0xff,0xff,0xff,0xff,
  0xff,0xff,0xff,0xff,0xff,0x7a,0x00,0x00,0x00,0x00,0x00,0x00,0x00,0xa4,0xff,0xff,0xff,0xff,0xc4,0x00,0x00,0x00,0x00,0x00,
  0x04,0xff,0xff,0xff,0xff,0xff,0xff,0xff,0xff,0xdf,0x08,0x00,0x00,0x00,0x00,0x00,0x00,0x00,0xa4,0xff,0xff,0xff,0xff,0xc4,
  0x00,0x00,0x00,0x00,0x00,0x04,0xff,0xff,0xff,0xff,0xff,0xff,0xff,0xff,0x55,0x00,0x00,0x00,0x00,0x00,0x00,0x00,0x00,0xa4,
  0xff,0xff,0xff,0xff,0xc4,0x00,0x00,0x00,0x00,0x00,0x04,0xff,0xff,0xff,0xff,0xff,0xff,0xff,0xc3,0x00,0x00,0x00,0x00,0x00,
  0x00,0x00,0x00,0x00,0xa4,0xff,0xff,0xff,0xff,0xc4,0x00,0x00,0x00,0x00,0x00,0x04,0xff,0xff,0xff,0xff,0xff,0xff,0xfe,0x33,
  0x00,0x00,0x00,0x00,0x00,0x00,0x00,0x00,0x00,0xa4,0xff,0xff,0xff,0xff,0xc4,0x00,0x00,0x00,0x00,0x00,0x04,0xff,0xff,0xff,
  0xff,0xff,0xff,0x9f,0x00,0x00,0x00,0x00,0x00,0x00,0x00,0x00,0x00,0x00,0xa4,0xff,0xff,0xff,0xff,0xc4,0x00,0x00,0x00,0x00,
  0x00,0x04,0xff,0xff,0xff,0xff,0xff,0xf3,0x19,0x00,0x00,0x00,0x00,0x00,0x00,0x00,0x00,0x00,0x00,0xa4,0xff,0xff,0xff,0xff,
  0xc4,0x00,0x00,0x00,0x00,0x00,0x00,0xfc,0xff,0xff,0xff,0xff,0xcc,0x00,0x00,0x00,0x00,0x00,0x00,0x00,0x00,0x18,0x73,0xb2,
  0xd7,0xee,0xf7,0xc2,0x00,0x00,0x00,0x00,0xfc,0xff,0xff,0xff,0xff,0xcc,0x00,0x00,0x00,0x00,0x00,0x00,0x00,0x5b,0xf7,0xff,
  0xff,0xff,0xff,0xff,0xc4,0x00,0x00,0x00,0x00,0xfc,0xff,0xff,0xff,0xff,0xcc,0x00,0x00,0x00,0x00,0x00,0x00,0x43,0xfd,0xff,
  0xff,0xff,0xff,0xff,0xff,0xc4,0x00,0x00,0x00,0x00,0xfc,0xff,0xff,0xff,0xff,0xcc,0x00,0x00,0x00,0x00,0x00,0x09,0xe3,0xff,
  0xff,0xff,0xff,0xff,0xff,0xfd,0xc1,0x00,0x00,0x00,0x00,0xfc,0xff,0xff,0xff,0xff,0xcc,0x00,0x00,0x00,0x00,0x00,0x7a,0xff,
  0xff,0xff,0xff,0xee,0x65,0x18,0x02,0x00,0x00,0x00,0x00,0x00,0xfc,0xff,0xff,0xff,0xff,0xcc,0x00,0x00,0x00,0x00,0x08,0xea,
  0xff,0xff,0xff,0xfc,0x39,0x00,0x00,0x00,0x00,0x00,0x00,0x00,0x00,0xfc,0xff,0xff,0xff,0xff,0xcc,0x00,0x00,0x00,0x00,0x63,
  0xff,0xff,0xff,0xff,0xa7,0x00,0x00,0x00,0x00,0x00,0x00,0x00,0x00,0x00,0xfc,0xff,0xff,0xff,0xff,0xcc,0x00,0x00,0x00,0x00,
  0xcf,0xff,0xff,0xff,0xff,0x3c,0x00,0x00,0x00,0x00,0x00,0x00,0x00,0x00,0x00,0xfc,0xff,0xff,0xff,0xff,0xcc,0x00,0x00,0x00,
  0x3c,0xff,0xff,0xff,0xff,0xd9,0x00,0x00,0x00,0x00,0x00,0x00,0x00,0x00,0x00,0x00,0xfc,0xff,0xff,0xff,0xff,0xcc,0x00,0x00,
  0x00,0xb2,0xff,0xff,0xff,0xff,0x79,0x00,0x00,0x00,0x00,0x00,0x00,0x00,0x00,0x00,0x00,0xfc,0xff,0xff,0xff,0xff,0xcc,0x00,
  0x00,0x3d,0xff,0xff,0xff,0xff,0xfa,0x18,0x00,0x00,0x00,0x00,0x00,0x00,0x00,0x00,0x00,0x00,0xfc,0xff,0xff,0xff,0xff,0xcc,
  0x1b,0x63,0xe9,0xff,0xff,0xff,0xff,0x92,0x00,0x00,0x00,0x00,0x00,0x00,0x00,0x00,0x00,0x00,0x00,0xfc,0xff,0xff,0xff,0xff,
  0xff,0xff,0xff,0xff,0xff,0xff,0xff,0xc6,0x0a,0x00,0x00,0x00,0x00,0x00,0x00,0x00,0x00,0x00,0x00,0x00,0xfc,0xff,0xff,0xff,
  0xff,0xff,0xff,0xff,0xff,0xff,0xff,0xa9,0x06,0x00,0x00,0x00,0x00,0x00,0x00,0x00,0x00,0x00,0x00,0x00,0x00,0xfc,0xff,0xff,
  0xff,0xff,0xff,0xff,0xff,0xff,0xff,0xff,0xff,0xb0,0x16,0x00,0x00,0x00,0x00,0x00,0x00,0x00,0x00,0x00,0x00,0x00,0xfc,0xff,
  0xff,0xff,0xff,0xff,0xff,0xff,0xff,0xff,0xff,0xff,0xff,0xdb,0x15,0x00,0x00,0x00,0x00,0x00,0x00,0x00,0x00,0x00,0x00,0xfc,
  0xff,0xff,0xff,0xff,0xcc,0x16,0x5b,0xec,0xff,0xff,0xff,0xff,0xff,0xb7,0x00,0x00,0x00,0x00,0x00,0x00,0x00,0x00,0x00,0x00,
  0xfc,0xff,0xff,0xff,0xff,0xcc,0x00,0x00,0x45,0xff,0xff,0xff,0xff,0xff,0xff,0x5b,0x00,0x00,0x00,0x00,0x00,0x00,0x00,0x00,
  0x00,0xfc,0xff,0xff,0xff,0xff,0xcc,0x00,0x00,0x00,0xa9,0xff,0xff,0xff,0xff,0xff,0xe5,0x0a,0x00,0x00,0x00,0x00,0x00,0x00,
  0x00,0x00,0xfc,0xff,0xff,0xff,0xff,0xcc,0x00,0x00,0x00,0x26,0xfc,0xff,0xff,0xff,0xff,0xff,0x78,0x00,0x00,0x00,0x00,0x00,
  0x00,0x00,0x00,0xfc,0xff,0xff,0xff,0xff,0xcc,0x00,0x00,0x00,0x00,0xa1,0xff,0xff,0xff,0xff,0xff,0xec,0x0c,0x00,0x00,0x00,
  0x00,0x00,0x00,0x00,0xfc,0xff,0xff,0xff,0xff,0xcc,0x00,0x00,0x00,0x00,0x22,0xfc,0xff,0xff,0xff,0xff,0xff,0x76,0x00,0x00,
  0x00,0x00,0x00,0x00,0x00,0xfc,0xff,0xff,0xff,0xff,0xcc,0x00,0x00,0x00,0x00,0x00,0xaa,0xff,0xff,0xff,0xff,0xff,0xe8,0x08,
  0x00,0x00,0x00,0x00,0x00,0x00,0xfc,0xff,0xff,0xff,0xff,0xcc,0x00,0x00,0x00,0x00,0x00,0x36,0xff,0xff,0xff,0xff,0xff,0xff,
  0x6b,0x00,0x00,0x00,0x00,0x00,0x00,0xfc,0xff,0xff,0xff,0xff,0xcc,0x00,0x00,0x00,0x00,0x00,0x00,0xc3,0xff,0xff,0xff,0xff,
  0xff,0xe1,0x05,0x00,0x00,0x00,0x00,0x00,0xfc,0xff,0xff,0xff,0xff,0xcc,0x00,0x00,0x00,0x00,0x00,0x00,0x50,0xff,0xff,0xff,
  0xff,0xff,0xff,0x61,0x00,0x00,0x00,0x00,0x00,0xfc,0xff,0xff,0xff,0xff,0xcc,0x00,0x00,0x00,0x00,0x00,0x00,0x02,0xda,0xff,
  0xff,0xff,0xff,0xff,0xd9,0x02,0x00,0x00,0x00,0x00,0xfc,0xff,0xff,0xff,0xff,0xcc,0x00,0x00,0x00,0x00,0x00,0x00,0x00,0x69,
  0xff,0xff,0xff,0xff,0xff,0xff,0x57,0x00,0x00,0x00,0x00,0xfc,0xff,0xff,0xff,0xff,0xcc,0x00,0x00,0x00,0x00,0x00,0x00,0x00,
  0x09,0xec,0xff,0xff,0xff,0xff,0xff,0xd1,0x01,0x00,0x00,0x00,0x00,0x08,0xff,0xff,0xff,0xff,0xff,0xff,0xff,0xff,0xff,0xff,
  0xff,0xff,0xff,0xff,0xff,0xff,0xff,0xff,0xff,0xff,0x04,0x00,0x00,0x00,0x00,0x00,0x00,0x08,0xff,0xff,0xff,0xff,0xff,0xff,
  0xff,0xff,0xff,0xff,0xff,0xff,0xff,0xff,0xff,0xff,0xff,0xff,0xff,0xff,0x04,0x00,0x00,0x00,0x00,0x00,0x00,0x08,0xff,0xff,
  0xff,0xff,0xff,0xff,0xff,0xff,0xff,0xff,0xff,0xff,0xff,0xff,0xff,0xff,0xff,0xff,0xff,0xff,0x04,0x00,0x00,0x00,0x00,0x00,
  0x00,0x08,0xff,0xff,0xff,0xff,0xff,0xff,0xff,0xff,0xff,0xff,0xff,0xff,0xff,0xff,0xff,0xff,0xff,0xff,0xff,0xff,0x04,0x00,
  0x00,0x00,0x00,0x00,0x00,0x08,0xff,0xff,0xff,0xff,0xff,0xff,0xff,0xff,0xff,0xff,0xff,0xff,0xff,0xff,0xff,0xff,0xff,0xff,
  0xff,0xff,0x04,0x00,0x00,0x00,0x00,0x00,0x00,0x08,0xff,0xff,0xff,0xff,0xff,0xa0,0x00,0x00,0x00,0x00,0x00,0x00,0x00,0x00,
  0xc4,0xff,0xff,0xff,0xff,0xff,0x04,0x00,0x00,0x00,0x00,0x00,0x00,0x08,0xff,0xff,0xff,0xff,0xff,0xa0,0x00,0x00,0x00,0x00,
  0x00,0x00,0x00,0x00,0xc4,0xff,0xff,0xff,0xff,0xff,0x04,0x00,0x00,0x00,0x00,0x00,0x00,0x08,0xff,0xff,0xff,0xff,0xff,0xa0,
  0x00,0x00,0x00,0x00,0x00,0x00,0x00,0x00,0xc4,0xff,0xff,0xff,0xff,0xff,0x04,0x00,0x00,0x00,0x00,0x00,0x00,0x08,0xff,0xff,
  0xff,0xff,0xff,0xa0,0x00,0x00,0x00,0x00,0x00,0x00,0x00,0x00,0xc4,0xff,0xff,0xff,0xff,0xff,0x04,0x00,0x00,0x00,0x00,0x00,
  0x00,0x08,0xff,0xff,0xff,0xff,0xff,0xa0,0x00,0x00,0x00,0x00,0x00,0x00,0x00,0x00,0xc4,0xff,0xff,0xff,0xff,0xff,0x04,0x00,
  0x00,0x00,0x00,0x00,0x00,0x08,0xff,0xff,0xff,0xff,0xff,0xa0,0x00,0x00,0x00,0x00,0x00,0x00,0x00,0x00,0xc4,0xff,0xff,0xff,
  0xff,0xff,0x04,0x00,0x00,0x00,0x00,0x00,0x00,0x08,0xff,0xff,0xff,0xff,0xff,0xa0,0x00,0x00,0x00,0x00,0x00,0x00,0x00,0x00,
  0xc4,0xff,0xff,0xff,0xff,0xff,0x04,0x00,0x00,0x00,0x00,0x00,0x00,0x08,0xff,0xff,0xff,0xff,0xff,0xa0,0x00,0x00,0x00,0x00,
  0x00,0x00,0x00,0x00,0xc4,0xff,0xff,0xff,0xff,0xff,0x04,0x00,0x00,0x00,0x00,0x00,0x00,0x08,0xff,0xff,0xff,0xff,0xff,0xa0,
  0x00,0x00,0x00,0x00,0x00,0x00,0x00,0x00,0xc4,0xff,0xff,0xff,0xff,0xff,0x04,0x00,0x00,0x00,0x00,0x00,0x00,0x08,0xff,0xff,
  0xff,0xff,0xff,0xa0,0x00,0x00,0x00,0x00,0x00,0x00,0x00,0x00,0xc4,0xff,0xff,0xff,0xff,0xff,0x04,0x00,0x00,0x00,0x00,0x00,
  0x00,0x08,0xff,0xff,0xff,0xff,0xff,0xa0,0x00,0x00,0x00,0x00,0x00,0x00,0x00,0x00,0xc4,0xff,0xff,0xff,0xff,0xff,0x04,0x00,
  0x00,0x00,0x00,0x00,0x00,0x08,0xff,0xff,0xff,0xff,0xff,0xa0,0x00,0x00,0x00,0x00,0x00,0x00,0x00,0x00,0xc4,0xff,0xff,0xff,
  0xff,0xff,0x04,0x00,0x00,0x00,0x00,0x00,0x00,0x07,0xff,0xff,0xff,0xff,0xff,0x9f,0x00,0x00,0x00,0x00,0x00,0x00,0x00,0x00,
  0xc4,0xff,0xff,0xff,0xff,0xff,0x04,0x00,0x00,0x00,0x00,0x00,0x00,0x06,0xff,0xff,0xff,0xff,0xff,0x9c,0x00,0x00,0x00,0x00,
  0x00,0x00,0x00,0x00,0xc4,0xff,0xff,0xff,0xff,0xff,0x04,0x00,0x00,0x00,0x00,0x00,0x00,0x05,0xff,0xff,0xff,0xff,0xff,0x99,
  0x00,0x00,0x00,0x00,0x00,0x00,0x00,0x00,0xc4,0xff,0xff,0xff,0xff,0xff,0x04,0x00,0x00,0x00,0x00,0x00,0x00,0x05,0xff,0xff,
  0xff,0xff,0xff,0x92,0x00,0x00,0x00,0x00,0x00,0x00,0x00,0x00,0xc4,0xff,0xff,0xff,0xff,0xff,0x04,0x00,0x00,0x00,0x00,0x00,
  0x00,0x08,0xff,0xff,0xff,0xff,0xff,0x89,0x00,0x00,0x00,0x00,0x00,0x00,0x00,0x00,0xc4,0xff,0xff,0xff,0xff,0xff,0x04,0x00,
  0x00,0x00,0x00,0x00,0x00,0x26,0xff,0xff,0xff,0xff,0xff,0x7a,0x00,0x00,0x00,0x00,0x00,0x00,0x00,0x00,0xc4,0xff,0xff,0xff,
  0xff,0xff,0x04,0x00,0x00,0x00,0x00,0x00,0x1e,0xa7,0xff,0xff,0xff,0xff,0xff,0x66,0x00,0x00,0x00,0x00,0x00,0x00,0x00,0x00,
  0xc4,0xff,0xff,0xff,0xff,0xff,0x04,0x00,0x00,0x5f,0xfa,0xfc,0xff,0xff,0xff,0xff,0xff,0xff,0xff,0x44,0x00,0x00,0x00,0x00,
  0x00,0x00,0x00,0x00,0xc4,0xff,0xff,0xff,0xff,0xff,0x04,0x00,0x00,0x60,0xff,0xff,0xff,0xff,0xff,0xff,0xff,0xff,0xf9,0x0e,
  0x00,0x00,0x00,0x00,0x00,0x00,0x00,0x00,0xc4,0xff,0xff,0xff,0xff,0xff,0x04,0x00,0x00,0x60,0xff,0xff,0xff,0xff,0xff,0xff,
  0xff,0xff,0x9b,0x00,0x00,0x00,0x00,0x00,0x00,0x00,0x00,0x00,0xc4,0xff,0xff,0xff,0xff,0xff,0x04,0x00,0x00,0x60,0xff,0xff,
  0xff,0xff,0xff,0xff,0xff,0xd0,0x10,0x00,0x00,0x00,0x00,0x00,0x00,0x00,0x00,0x00,0xc4,0xff,0xff,0xff,0xff,0xff,0x04,0x00,
  0x00,0x4e,0xdc,0xed,0xfa,0xfc,0xee,0xc4,0x73,0x08,0x00,0x00,0x00,0x00,0x00,0x00,0x00,0x00,0x00,0x00,0xc4,0xff,0xff,0xff,
  0xff,0xff,0x04,0x00,0x00,0x00,0x00,0x2c,0xff,0xff,0xff,0xff,0xff,0xff,0xff,0xff,0x9d,0x00,0x00,0x00,0x00,0x00,0x00,0x00,
  0x00,0x00,0x52,0xff,0xff,0xff,0xff,0xff,0xff,0xff,0xff,0x7c,0x00,0x00,0x00,0x00,0x2c,0xff,0xff,0xff,0xff,0xff,0xff,0xff,
  0xff,0xe0,0x00,0x00,0x00,0x00,0x00,0x00,0x00,0x00,0x00,0x94,0xff,0xff,0xff,0xff,0xff,0xff,0xff,0xff,0x7c,0x00,0x00,0x00,
  0x00,0x2c,0xff,0xff,0xff,0xff,0xff,0xff,0xff,0xff,0xff,0x24,0x00,0x00,0x00,0x00,0x00,0x00,0x00,0x00,0xd6,0xff,0xff,0xff,
  0xff,0xff,0xff,0xff,0xff,0x7c,0x00,0x00,0x00,0x00,0x2c,0xff,0xff,0xff,0xff,0xff,0xff,0xff,0xff,0xff,0x67,0x00,0x00,0x00,
  0x00,0x00,0x00,0x00,0x19,0xff,0xff,0xff,0xff,0xff,0xff,0xff,0xff,0xff,0x7c,0x00,0x00,0x00,0x00,0x2c,0xff,0xff,0xff,0xff,
  0xff,0xff,0xff,0xff,0xff,0xaa,0x00,0x00,0x00,0x00,0x00,0x00,0x00,0x5b,0xff,0xff,0xff,0xff,0xff,0xff,0xff,0xff,0xff,0x7c,
  0x00,0x00,0x00,0x00,0x2c,0xff,0xff,0xff,0xff,0xff,0xff,0xff,0xff,0xff,0xec,0x01,0x00,0x00,0x00,0x00,0x00,0x00,0x9d,0xff,
  0xff,0xff,0xff,0xff,0xff,0xff,0xff,0xff,0x7c,0x00,0x00,0x00,0x00,0x2c,0xff,0xff,0xff,0xff,0xff,0xea,0xff,0xff,0xff,0xff,
  0x31,0x00,0x00,0x00,0x00,0x00,0x00,0xdf,0xff,0xff,0xff,0xfc,0xed,0xff,0xff,0xff,0xff,0x7c,0x00,0x00,0x00,0x00,0x2c,0xff,
  0xff,0xff,0xff,0xff,0xac,0xff,0xff,0xff,0xff,0x74,0x00,0x00,0x00,0x00,0x00,0x22,0xff,0xff,0xff,0xff,0xcb,0xe0,0xff,0xff,
  0xff,0xff,0x7c,0x00,0x00,0x00,0x00,0x2c,0xff,0xff,0xff,0xff,0xff,0x6c,0xff,0xff,0xff,0xff,0xb8,0x00,0x00,0x00,0x00,0x00,
  0x64,0xff,0xff,0xff,0xff,0x8b,0xe0,0xff,0xff,0xff,0xff,0x7c,0x00,0x00,0x00,0x00,0x2c,0xff,0xff,0xff,0xff,0xff,0x38,0xf3,
  0xff,0xff,0xff,0xf5,0x06,0x00,0x00,0x00,0x00,0xa6,0xff,0xff,0xff,0xff,0x4b,0xe0,0xff,0xff,0xff,0xff,0x7c,0x00,0x00,0x00,
  0x00,0x2c,0xff,0xff,0xff,0xff,0xff,0x34,0xb9,0xff,0xff,0xff,0xff,0x3e,0x00,0x00,0x00,0x00,0xe7,0xff,0xff,0xff,0xfc,0x0e,
  0xe0,0xff,0xff,0xff,0xff,0x7c,0x00,0x00,0x00,0x00,0x2c,0xff,0xff,0xff,0xff,0xff,0x34,0x79,0xff,0xff,0xff,0xff,0x82,0x00,
  0x00,0x00,0x2b,0xff,0xff,0xff,0xff,0xcc,0x00,0xe0,0xff,0xff,0xff,0xff,0x7c,0x00,0x00,0x00,0x00,0x2c,0xff,0xff,0xff,0xff,
  0xff,0x34,0x3a,0xff,0xff,0xff,0xff,0xc5,0x00,0x00,0x00,0x6d,0xff,0xff,0xff,0xff,0x8c,0x00,0xe0,0xff,0xff,0xff,0xff,0x7c,
  0x00,0x00,0x00,0x00,0x2c,0xff,0xff,0xff,0xff,0xff,0x34,0x05,0xf5,0xff,0xff,0xff,0xfb,0x0d,0x00,0x00,0xb0,0xff,0xff,0xff,
  0xff,0x4c,0x00,0xe0,0xff,0xff,0xff,0xff,0x7c,0x00,0x00,0x00,0x00,0x2c,0xff,0xff,0xff,0xff,0xff,0x34,0x00,0xbb,0xff,0xff,
  0xff,0xff,0x4c,0x00,0x02,0xef,0xff,0xff,0xff,0xfd,0x0f,0x00,0xe0,0xff,0xff,0xff,0xff,0x7c,0x00,0x00,0x00,0x00,0x2c,0xff,
  0xff,0xff,0xff,0xff,0x34,0x00,0x7b,0xff,0xff,0xff,0xff,0x8f,0x00,0x34,0xff,0xff,0xff,0xff,0xcc,0x00,0x00,0xe0,0xff,0xff,
  0xff,0xff,0x7c,0x00,0x00,0x00,0x00,0x2c,0xff,0xff,0xff,0xff,0xff,0x34,0x00,0x3b,0xff,0xff,0xff,0xff,0xd2,0x00,0x77,0xff,
  0xff,0xff,0xff,0x8d,0x00,0x00,0xe0,0xff,0xff,0xff,0xff,0x7c,0x00,0x00,0x00,0x00,0x2c,0xff,0xff,0xff,0xff,0xff,0x34,0x00,
  0x06,0xf5,0xff,0xff,0xff,0xfe,0x17,0xb9,0xff,0xff,0xff,0xff,0x4d,0x00,0x00,0xe0,0xff,0xff,0xff,0xff,0x7c,0x00,0x00,0x00,
  0x00,0x2c,0xff,0xff,0xff,0xff,0xff,0x34,0x00,0x00,0xbc,0xff,0xff,0xff,0xff,0x5f,0xf5,0xff,0xff,0xff,0xfd,0x10,0x00,0x00,
  0xe0,0xff,0xff,0xff,0xff,0x7c,0x00,0x00,0x00,0x00,0x2c,0xff,0xff,0xff,0xff,0xff,0x34,0x00,0x00,0x7d,0xff,0xff,0xff,0xff,
  0xd7,0xff,0xff,0xff,0xff,0xcd,0x00,0x00,0x00,0xe0,0xff,0xff,0xff,0xff,0x7c,0x00,0x00,0x00,0x00,0x2c,0xff,0xff,0xff,0xff,
  0xff,0x34,0x00,0x00,0x3d,0xff,0xff,0xff,0xff,0xff,0xff,0xff,0xff,0xff,0x8e,0x00,0x00,0x00,0xe0,0xff,0xff,0xff,0xff,0x7c,
  0x00,0x00,0x00,0x00,0x2c,0xff,0xff,0xff,0xff,0xff,0x34,0x00,0x00,0x06,0xf6,0xff,0xff,0xff,0xff,0xff,0xff,0xff,0xff,0x4e,
  0x00,0x00,0x00,0xe0,0xff,0xff,0xff,0xff,0x7c,0x00,0x00,0x00,0x00,0x2c,0xff,0xff,0xff,0xff,0xff,0x34,0x00,0x00,0x00,0xbe,
  0xff,0xff,0xff,0xff,0xff,0xff,0xff,0xfd,0x10,0x00,0x00,0x00,0xe0,0xff,0xff,0xff,0xff,0x7c,0x00,0x00,0x00,0x00,0x2c,0xff,
  0xff,0xff,0xff,0xff,0x34,0x00,0x00,0x00,0x7e,0xff,0xff,0xff,0xff,0xff,0xff,0xff,0xce,0x00,0x00,0x00,0x00,0xe0,0xff,0xff,
  0xff,0xff,0x7c,0x00,0x00,0x00,0x00,0x2c,0xff,0xff,0xff,0xff,0xff,0x34,0x00,0x00,0x00,0x3f,0xff,0xff,0xff,0xff,0xff,0xff,
  0xff,0x8e,0x00,0x00,0x00,0x00,0xe0,0xff,0xff,0xff,0xff,0x7c,0x00,0x00,0x00,0x00,0x2c,0xff,0xff,0xff,0xff,0xff,0x34,0x00,
  0x00,0x00,0x07,0xf7,0xff,0xff,0xff,0xff,0xff,0xff,0x4f,0x00,0x00,0x00,0x00,0xe0,0xff,0xff,0xff,0xff,0x7c,0x00,0x00,0x00,
  0x00,0x2c,0xff,0xff,0xff,0xff,0xff,0x34,0x00,0x00,0x00,0x00,0xbf,0xff,0xff,0xff,0xff,0xff,0xfd,0x11,0x00,0x00,0x00,0x00,
  0xe0,0xff,0xff,0xff,0xff,0x7c,0x00,0x00,0x00,0x00,0x2c,0xff,0xff,0xff,0xff,0xff,0x34,0x00,0x00,0x00,0x00,0x80,0xff,0xff,
  0xff,0xff,0xff,0xcf,0x00,0x00,0x00,0x00,0x00,0xe0,0xff,0xff,0xff,0xff,0x7c,0x00,0x00,0x00,0x00,0x2c,0xff,0xff,0xff,0xff,
  0xff,0x34,0x00,0x00,0x00,0x00,0x40,0xff,0xff,0xff,0xff,0xff,0x8f,0x00,0x00,0x00,0x00,0x00,0xe0,0xff,0xff,0xff,0xff,0x7c,
  0x00,0x00,0x00,0x00,0x10,0xff,0xff,0xff,0xff,0xff,0xb8,0x00,0x00,0x00,0x00,0x00,0x00,0x00,0x00,0x00,0x00,0x00,0xf4,0xff,
  0xff,0xff,0xff,0xd4,0x00,0x00,0x00,0x00,0x00,0x10,0xff,0xff,0xff,0xff,0xff,0xb8,0x00,0x00,0x00,0x00,0x00,0x00,0x00,0x00,
  0x00,0x00,0x00,0xf4,0xff,0xff,0xff,0xff,0xd4,0x00,0x00,0x00,0x00,0x00,0x10,0xff,0xff,0xff,0xff,0xff,0xb8,0x00,0x00,0x00,
  0x00,0x00,0x00,0x00,0x00,0x00,0x00,0x00,0xf4,0xff,0xff,0xff,0xff,0xd4,0x00,0x00,0x00,0x00,0x00,0x10,0xff,0xff,0xff,0xff,
  0xff,0xb8,0x00,0x00,0x00,0x00,0x00,0x00,0x00,0x00,0x00,0x00,0x00,0xf4,0xff,0xff,0xff,0xff,0xd4,0x00,0x00,0x00,0x00,0x00,
  0x10,0xff,0xff,0xff,0xff,0xff,0xb8,0x00,0x00,0x00,0x00,0x00,0x00,0x00,0x00,0x00,0x00,0x00,0xf4,0xff,0xff,0xff,0xff,0xd4,
  0x00,0x00,0x00,0x00,0x00,0x10,0xff,0xff,0xff,0xff,0xff,0xb8,0x00,0x00,0x00,0x00,0x00,0x00,0x00,0x00,0x00,0x00,0x00,0xf4,
  0xff,0xff,0xff,0xff,0xd4,0x00,0x00,0x00,0x00,0x00,0x10,0xff,0xff,0xff,0xff,0xff,0xb8,0x00,0x00,0x00,0x00,0x00,0x00,0x00,
  0x00,0x00,0x00,0x00,0xf4,0xff,0xff,0xff,0xff,0xd4,0x00,0x00,0x00,0x00,0x00,0x10,0xff,0xff,0xff,0xff,0xff,0xb8,0x00,0x00,
  0x00,0x00,0x00,0x00,0x00,0x00,0x00,0x00,0x00,0xf4,0xff,0xff,0xff,0xff,0xd4,0x00,0x00,0x00,0x00,0x00,0x10,0xff,0xff,0xff,
  0xff,0xff,0xb8,0x00,0x00,0x00,0x00,0x00,0x00,0x00,0x00,0x00,0x00,0x00,0xf4,0xff,0xff,0xff,0xff,0xd4,0x00,0x00,0x00,0x00,
  0x00,0x10,0xff,0xff,0xff,0xff,0xff,0xb8,0x00,0x00,0x00,0x00,0x00,0x00,0x00,0x00,0x00,0x00,0x00,0xf4,0xff,0xff,0xff,0xff,
  0xd4,0x00,0x00,0x00,0x00,0x00,0x10,0xff,0xff,0xff,0xff,0xff,0xb8,0x00,0x00,0x00,0x00,0x00,0x00,0x00,0x00,0x00,0x00,0x00,
  0xf4,0xff,0xff,0xff,0xff,0xd4,0x00,0x00,0x00,0x00,0x00,0x10,0xff,0xff,0xff,0xff,0xff,0xff,0xff,0xff,0xff,0xff,0xff,0xff,
  0xff,0xff,0xff,0xff,0xff,0xff,0xff,0xff,0xff,0xff,0xd4,0x00,0x00,0x00,0x00,0x00,0x10,0xff,0xff,0xff,0xff,0xff,0xff,0xff,
  0xff,0xff,0xff,0xff,0xff,0xff,0xff,0xff,0xff,0xff,0xff,0xff,0xff,0xff,0xff,0xd4,0x00,0x00,0x00,0x00,0x00,0x10,0xff,0xff,
  0xff,0xff,0xff,0xff,0xff,0xff,0xff,0xff,0xff,0xff,0xff,0xff,0xff,0xff,0xff,0xff,0xff,0xff,0xff,0xff,0xd4,0x00,0x00,0x00,
  0x00,0x00,0x10,0xff,0xff,0xff,0xff,0xff,0xff,0xff,0xff,0xff,0xff,0xff,0xff,0xff,0xff,0xff,0xff,0xff,0xff,0xff,0xff,0xff,
  0xff,0xd4,0x00,0x00,0x00,0x00,0x00,0x10,0xff,0xff,0xff,0xff,0xff,0xff,0xff,0xff,0xff,0xff,0xff,0xff,0xff,0xff,0xff,0xff,
  0xff,0xff,0xff,0xff,0xff,0xff,0xd4,0x00,0x00,0x00,0x00,0x00,0x10,0xff,0xff,0xff,0xff,0xff,0xb8,0x00,0x00,0x00,0x00,0x00,
  0x00,0x00,0x00,0x00,0x00,0x00,0xf4,0xff,0xff,0xff,0xff,0xd4,0x00,0x00,0x00,0x00,0x00,0x10,0xff,0xff,0xff,0xff,0xff,0xb8,
  0x00,0x00,0x00,0x00,0x00,0x00,0x00,0x00,0x00,0x00,0x00,0xf4,0xff,0xff,0xff,0xff,0xd4,0x00,0x00,0x00,0x00,0x00,0x10,0xff,
  0xff,0xff,0xff,0xff,0xb8,0x00,0x00,0x00,0x00,0x00,0x00,0x00,0x00,0x00,0x00,0x00,0xf4,0xff,0xff,0xff,0xff,0xd4,0x00,0x00,
  0x00,0x00,0x00,0x10,0xff,0xff,0xff,0xff,0xff,0xb8,0x00,0x00,0x00,0x00,0x00,0x00,0x00,0x00,0x00,0x00,0x00,0xf4,0xff,0xff,
  0xff,0xff,0xd4,0x00,0x00,0x00,0x00,0x00,0x10,0xff,0xff,0xff,0xff,0xff,0xb8,0x00,0x00,0x00,0x00,0x00,0x00,0x00,0x00,0x00,
  0x00,0x00,0xf4,0xff,0xff,0xff,0xff,0xd4,0x00,0x00,0x00,0x00,0x00,0x10,0xff,0xff,0xff,0xff,0xff,0xb8,0x00,0x00,0x00,0x00,
  0x00,0x00,0x00,0x00,0x00,0x00,0x00,0xf4,0xff,0xff,0xff,0xff,0xd4,0x00,0x00,0x00,0x00,0x00,0x10,0xff,0xff,0xff,0xff,0xff,
  0xb8,0x00,0x00,0x00,0x00,0x00,0x00,0x00,0x00,0x00,0x00,0x00,0xf4,0xff,0xff,0xff,0xff,0xd4,0x00,0x00,0x00,0x00,0x00,0x10,
  0xff,0xff,0xff,0xff,0xff,0xb8,0x00,0x00,0x00,0x00,0x00,0x00,0x00,0x00,0x00,0x00,0x00,0xf4,0xff,0xff,0xff,0xff,0xd4,0x00,
  0x00,0x00,0x00,0x00,0x10,0xff,0xff,0xff,0xff,0xff,0xb8,0x00,0x00,0x00,0x00,0x00,0x00,0x00,0x00,0x00,0x00,0x00,0xf4,0xff,
  0xff,0xff,0xff,0xd4,0x00,0x00,0x00,0x00,0x00,0x10,0xff,0xff,0xff,0xff,0xff,0xb8,0x00,0x00,0x00,0x00,0x00,0x00,0x00,0x00,
  0x00,0x00,0x00,0xf4,0xff,0xff,0xff,0xff,0xd4,0x00,0x00,0x00,0x00,0x00,0x10,0xff,0xff,0xff,0xff,0xff,0xb8,0x00,0x00,0x00,
  0x00,0x00,0x00,0x00,0x00,0x00,0x00,0x00,0xf4,0xff,0xff,0xff,0xff,0xd4,0x00,0x00,0x00,0x00,0x00,0x10,0xff,0xff,0xff,0xff,
  0xff,0xb8,0x00,0x00,0x00,0x00,0x00,0x00,0x00,0x00,0x00,0x00,0x00,0xf4,0xff,0xff,0xff,0xff,0xd4,0x00,0x00,0x00,0x00,0x00,
  0x10,0xff,0xff,0xff,0xff,0xff,0xb8,0x00,0x00,0x00,0x00,0x00,0x00,0x00,0x00,0x00,0x00,0x00,0xf4,0xff,0xff,0xff,0xff,0xd4,
  0x00,0x00,0x00,0x00,0x00,0x00,0x00,0x00,0x00,0x00,0x00,0x00,0x03,0x44,0x89,0xbe,0xe0,0xf4,0xfc,0xec,0xd8,0xbf,0x83,0x3f,
  0x05,0x00,0x00,0x00,0x00,0x00,0x00,0x00,0x00,0x00,0x00,0x00,0x00,0x00,0x00,0x00,0x00,0x03,0x65,0xe4,0xff,0xff,0xff,0xff,
  0xff,0xff,0xff,0xff,0xff,0xff,0xff,0xe5,0x6c,0x07,0x00,0x00,0x00,0x00,0x00,0x00,0x00,0x00,0x00,0x00,0x00,0x00,0x00,0x1e,
  0xce,0xff,0xff,0xff,0xff,0xff,0xff,0xff,0xff,0xff,0xff,0xff,0xff,0xff,0xff,0xff,0xde,0x30,0x00,0x00,0x00,0x00,0x00,0x00,
  0x00,0x00,0x00,0x00,0x00,0x32,0xe8,0xff,0xff,0xff,0xff,0xff,0xff,0xff,0xff,0xff,0xff,0xff,0xff,0xff,0xff,0xff,0xff,0xff,
  0xf5,0x55,0x00,0x00,0x00,0x00,0x00,0x00,0x00,0x00,0x00,0x1c,0xe6,0xff,0xff,0xff,0xff,0xff,0xff,0xff,0xff,0xff,0xff,0xff,
  0xff,0xff,0xff,0xff,0xff,0xff,0xff,0xff,0xfb,0x3f,0x00,0x00,0x00,0x00,0x00,0x00,0x00,0x02,0xca,0xff,0xff,0xff,0xff,0xff,
  0xff,0xf8,0x97,0x47,0x1a,0x06,0x14,0x34,0x7c,0xe5,0xff,0xff,0xff,0xff,0xff,0xff,0xe9,0x1b,0x00,0x00,0x00,0x00,0x00,0x00,
  0x66,0xff,0xff,0xff,0xff,0xff,0xff,0xc9,0x1f,0x00,0x00,0x00,0x00,0x00,0x00,0x00,0x0a,0x95,0xff,0xff,0xff,0xff,0xff,0xff,
  0xa3,0x00,0x00,0x00,0x00,0x00,0x07,0xe8,0xff,0xff,0xff,0xff,0xff,0xc6,0x0a,0x00,0x00,0x00,0x00,0x00,0x00,0x00,0x00,0x00,
  0x00,0x89,0xff,0xff,0xff,0xff,0xff,0xfc,0x21,0x00,0x00,0x00,0x00,0x55,0xff,0xff,0xff,0xff,0xff,0xf4,0x21,0x00,0x00,0x00,
  0x00,0x00,0x00,0x00,0x00,0x00,0x00,0x00,0x04,0xcc,0xff,0xff,0xff,0xff,0xff,0x8f,0x00,0x00,0x00,0x00,0xa4,0xff,0xff,0xff,
  0xff,0xff,0x97,0x00,0x00,0x00,0x00,0x00,0x00,0x00,0x00,0x00,0x00,0x00,0x00,0x00,0x55,0xff,0xff,0xff,0xff,0xff,0xd4,0x00,
  0x00,0x00,0x00,0xe0,0xff,0xff,0xff,0xff,0xff,0x38,0x00,0x00,0x00,0x00,0x00,0x00,0x00,0x00,0x00,0x00,0x00,0x00,0x00,0x04,
  0xf3,0xff,0xff,0xff,0xff,0xfe,0x15,0x00,0x00,0x0a,0xff,0xff,0xff,0xff,0xff,0xf9,0x06,0x00,0x00,0x00,0x00,0x00,0x00,0x00,
  0x00,0x00,0x00,0x00,0x00,0x00,0x00,0xc0,0xff,0xff,0xff,0xff,0xff,0x48,0x00,0x00,0x29,0xff,0xff,0xff,0xff,0xff,0xd4,0x00,
  0x00,0x00,0x00,0x00,0x00,0x00,0x00,0x00,0x00,0x00,0x00,0x00,0x00,0x00,0x97,0xff,0xff,0xff,0xff,0xff,0x5d,0x00,0x00,0x38,
  0xff,0xff,0xff,0xff,0xff,0xc3,0x00,0x00,0x00,0x00,0x00,0x00,0x00,0x00,0x00,0x00,0x00,0x00,0x00,0x00,0x00,0x87,0xff,0xff,
  0xff,0xff,0xff,0x70,0x00,0x00,0x41,0xff,0xff,0xff,0xff,0xff,0xb7,0x00,0x00,0x00,0x00,0x00,0x00,0x00,0x00,0x00,0x00,0x00,
  0x00,0x00,0x00,0x00,0x7c,0xff,0xff,0xff,0xff,0xff,0x7e,0x00,0x00,0x34,0xff,0xff,0xff,0xff,0xff,0xc4,0x00,0x00,0x00,0x00,
  0x00,0x00,0x00,0x00,0x00,0x00,0x00,0x00,0x00,0x00,0x00,0x8a,0xff,0xff,0xff,0xff,0xff,0x71,0x00,0x00,0x21,0xff,0xff,0xff,
  0xff,0xff,0xd5,0x00,0x00,0x00,0x00,0x00,0x00,0x00,0x00,0x00,0x00,0x00,0x00,0x00,0x00,0x00,0x9b,0xff,0xff,0xff,0xff,0xff,
  0x5e,0x00,0x00,0x0e,0xff,0xff,0xff,0xff,0xff,0xfa,0x09,0x00,0x00,0x00,0x00,0x00,0x00,0x00,0x00,0x00,0x00,0x00,0x00,0x00,
  0x00,0xca,0xff,0xff,0xff,0xff,0xff,0x4a,0x00,0x00,0x00,0xde,0xff,0xff,0xff,0xff,0xff,0x40,0x00,0x00,0x00,0x00,0x00,0x00,
  0x00,0x00,0x00,0x00,0x00,0x00,0x00,0x0b,0xf9,0xff,0xff,0xff,0xff,0xff,0x17,0x00,0x00,0x00,0x9e,0xff,0xff,0xff,0xff,0xff,
  0xa3,0x00,0x00,0x00,0x00,0x00,0x00,0x00,0x00,0x00,0x00,0x00,0x00,0x00,0x67,0xff,0xff,0xff,0xff,0xff,0xd7,0x00,0x00,0x00,
  0x00,0x59,0xff,0xff,0xff,0xff,0xff,0xf9,0x2c,0x00,0x00,0x00,0x00,0x00,0x00,0x00,0x00,0x00,0x00,0x00,0x0b,0xdb,0xff,0xff,
  0xff,0xff,0xff,0x92,0x00,0x00,0x00,0x00,0x06,0xe4,0xff,0xff,0xff,0xff,0xff,0xd5,0x11,0x00,0x00,0x00,0x00,0x00,0x00,0x00,
  0x00,0x00,0x01,0xa2,0xff,0xff,0xff,0xff,0xff,0xfd,0x25,0x00,0x00,0x00,0x00,0x00,0x70,0xff,0xff,0xff,0xff,0xff,0xff,0xd7,
  0x2a,0x00,0x00,0x00,0x00,0x00,0x00,0x00,0x11,0xab,0xff,0xff,0xff,0xff,0xff,0xff,0xa8,0x00,0x00,0x00,0x00,0x00,0x00,0x08,
  0xcd,0xff,0xff,0xff,0xff,0xff,0xff,0xfc,0xa0,0x4b,0x19,0x05,0x13,0x38,0x84,0xed,0xff,0xff,0xff,0xff,0xff,0xff,0xec,0x1f,
  0x00,0x00,0x00,0x00,0x00,0x00,0x00,0x1f,0xec,0xff,0xff,0xff,0xff,0xff,0xff,0xff,0xff,0xff,0xff,0xff,0xff,0xff,0xff,0xff,
  0xff,0xff,0xff,0xff,0xfd,0x45,0x00,0x00,0x00,0x00,0x00,0x00,0x00,0x00,0x00,0x35,0xe6,0xff,0xff,0xff,0xff,0xff,0xff,0xff,
  0xff,0xff,0xff,0xff,0xff,0xff,0xff,0xff,0xff,0xff,0xf8,0x5c,0x00,0x00,0x00,0x00,0x00,0x00,0x00,0x00,0x00,0x00,0x00,0x1a,
  0xc6,0xff,0xff,0xff,0xff,0xff,0xff,0xff,0xff,0xff,0xff,0xff,0xff,0xff,0xff,0xff,0xe4,0x37,0x00,0x00,0x00,0x00,0x00,0x00,
  0x00,0x00,0x00,0x00,0x00,0x00,0x00,0x01,0x55,0xd3,0xff,0xff,0xff,0xff,0xff,0xff,0xff,0xff,0xff,0xff,0xff,0xea,0x74,0x09,
  0x00,0x00,0x00,0x00,0x00,0x00,0x00,0x00,0x00,0x00,0x00,0x00,0x00,0x00,0x00,0x00,0x01,0x33,0x76,0xb6,0xd5,0xe9,0xfa,0xef,
  0xdb,0xc3,0x89,0x45,0x08,0x00,0x00,0x00,0x00,0x00,0x00,0x00,0x00,0x00,0x00,0x00,0x04,0xff,0xff,0xff,0xff,0xff,0xff,0xff,
  0xff,0xff,0xff,0xff,0xff,0xff,0xff,0xff,0xff,0xff,0xff,0xff,0xff,0xff,0xff,0xc4,0x00,0x00,0x00,0x00,0x00,0x04,0xff,0xff,
  0xff,0xff,0xff,0xff,0xff,0xff,0xff,0xff,0xff,0xff,0xff,0xff,0xff,0xff,0xff,0xff,0xff,0xff,0xff,0xff,0xc4,0x00,0x00,0x00,
  0x00,0x00,0x04,0xff,0xff,0xff,0xff,0xff,0xff,0xff,0xff,0xff,0xff,0xff,0xff,0xff,0xff,0xff,0xff,0xff,0xff,0xff,0xff,0xff,
  0xff,0xc4,0x00,0x00,0x00,0x00,0x00,0x04,0xff,0xff,0xff,0xff,0xff,0xff,0xff,0xff,0xff,0xff,0xff,0xff,0xff,0xff,0xff,0xff,
  0xff,0xff,0xff,0xff,0xff,0xff,0xc4,0x00,0x00,0x00,0x00,0x00,0x04,0xff,0xff,0xff,0xff,0xff,0xff,0xff,0xff,0xff,0xff,0xff,
  0xff,0xff,0xff,0xff,0xff,0xff,0xff,0xff,0xff,0xff,0xff,0xc4,0x00,0x00,0x00,0x00,0x00,0x04,0xff,0xff,0xff,0xff,0xff,0xc4,
  0x00,0x00,0x00,0x00,0x00,0x00,0x00,0x00,0x00,0x00,0x04,0xff,0xff,0xff,0xff,0xff,0xc4,0x00,0x00,0x00,0x00,0x00,0x04,0xff,
  0xff,0xff,0xff,0xff,0xc4,0x00,0x00,0x00,0x00,0x00,0x00,0x00,0x00,0x00,0x00,0x04,0xff,0xff,0xff,0xff,0xff,0xc4,0x00,0x00,
  0x00,0x00,0x00,0x04,0xff,0xff,0xff,0xff,0xff,0xc4,0x00,0x00,0x00,0x00,0x00,0x00,0x00,0x00,0x00,0x00,0x04,0xff,0xff,0xff,
  0xff,0xff,0xc4,0x00,0x00,0x00,0x00,0x00,0x04,0xff,0xff,0xff,0xff,0xff,0xc4,0x00,0x00,0x00,0x00,0x00,0x00,0x00,0x00,0x00,
  0x00,0x04,0xff,0xff,0xff,0xff,0xff,0xc4,0x00,0x00,0x00,0x00,0x00,0x04,0xff,0xff,0xff,0xff,0xff,0xc4,0x00,0x00,0x00,0x00,
  0x00,0x00,0x00,0x00,0x00,0x00,0x04,0xff,0xff,0xff,0xff,0xff,0xc4,0x00,0x00,0x00,0x00,0x00,0x04,0xff,0xff,0xff,0xff,0xff,
  0xc4,0x00,0x00,0x00,0x00,0x00,0x00,0x00,0x00,0x00,0x00,0x04,0xff,0xff,0xff,0xff,0xff,0xc4,0x00,0x00,0x00,0x00,0x00,0x04,
  0xff,0xff,0xff,0xff,0xff,0xc4,0x00,0x00,0x00,0x00,0x00,0x00,0x00,0x00,0x00,0x00,0x04,0xff,0xff,0xff,0xff,0xff,0xc4,0x00,
  0x00,0x00,0x00,0x00,0x04,0xff,0xff,0xff,0xff,0xff,0xc4,0x00,0x00,0x00,0x00,0x00,0x00,0x00,0x00,0x00,0x00,0x04,0xff,0xff,
  0xff,0xff,0xff,0xc4,0x00,0x00,0x00,0x00,0x00,0x04,0xff,0xff,0xff,0xff,0xff,0xc4,0x00,0x00,0x00,0x00,0x00,0x00,0x00,0x00,
  0x00,0x00,0x04,0xff,0xff,0xff,0xff,0xff,0xc4,0x00,0x00,0x00,0x00,0x00,0x04,0xff,0xff,0xff,0xff,0xff,0xc4,0x00,0x00,0x00,
  0x00,0x00,0x00,0x00,0x00,0x00,0x00,0x04,0xff,0xff,0xff,0xff,0xff,0xc4,0x00,0x00,0x00,0x00,0x00,0x04,0xff,0xff,0xff,0xff,
  0xff,0xc4,0x00,0x00,0x00,0x00,0x00,0x00,0x00,0x00,0x00,0x00,0x04,0xff,0xff,0xff,0xff,0xff,0xc4,0x00,0x00,0x00,0x00,0x00,
  0x04,0xff,0xff,0xff,0xff,0xff,0xc4,0x00,0x00,0x00,0x00,0x00,0x00,0x00,0x00,0x00,0x00,0x04,0xff,0xff,0xff,0xff,0xff,0xc4,
  0x00,0x00,0x00,0x00,0x00,0x04,0xff,0xff,0xff,0xff,0xff,0xc4,0x00,0x00,0x00,0x00,0x00,0x00,0x00,0x00,0x00,0x00,0x04,0xff,
  0xff,0xff,0xff,0xff,0xc4,0x00,0x00,0x00,0x00,0x00,0x04,0xff,0xff,0xff,0xff,0xff,0xc4,0x00,0x00,0x00,0x00,0x00,0x00,0x00,
  0x00,0x00,0x00,0x04,0xff,0xff,0xff,0xff,0xff,0xc4,0x00,0x00,0x00,0x00,0x00,0x04,0xff,0xff,0xff,0xff,0xff,0xc4,0x00,0x00,
  0x00,0x00,0x00,0x00,0x00,0x00,0x00,0x00,0x04,0xff,0xff,0xff,0xff,0xff,0xc4,0x00,0x00,0x00,0x00,0x00,0x04,0xff,0xff,0xff,
  0xff,0xff,0xc4,0x00,0x00,0x00,0x00,0x00,0x00,0x00,0x00,0x00,0x00,0x04,0xff,0xff,0xff,0xff,0xff,0xc4,0x00,0x00,0x00,0x00,
  0x00,0x04,0xff,0xff,0xff,0xff,0xff,0xc4,0x00,0x00,0x00,0x00,0x00,0x00,0x00,0x00,0x00,0x00,0x04,0xff,0xff,0xff,0xff,0xff,
  0xc4,0x00,0x00,0x00,0x00,0x00,0x04,0xff,0xff,0xff,0xff,0xff,0xc4,0x00,0x00,0x00,0x00,0x00,0x00,0x00,0x00,0x00,0x00,0x04,
  0xff,0xff,0xff,0xff,0xff,0xc4,0x00,0x00,0x00,0x00,0x00,0x04,0xff,0xff,0xff,0xff,0xff,0xc4,0x00,0x00,0x00,0x00,0x00,0x00,
  0x00,0x00,0x00,0x00,0x04,0xff,0xff,0xff,0xff,0xff,0xc4,0x00,0x00,0x00,0x00,0x00,0x04,0xff,0xff,0xff,0xff,0xff,0xc4,0x00,
  0x00,0x00,0x00,0x00,0x00,0x00,0x00,0x00,0x00,0x04,0xff,0xff,0xff,0xff,0xff,0xc4,0x00,0x00,0x00,0x00,0x00,0x04,0xff,0xff,
  0xff,0xff,0xff,0xc4,0x00,0x00,0x00,0x00,0x00,0x00,0x00,0x00,0x00,0x00,0x04,0xff,0xff,0xff,0xff,0xff,0xc4,0x00,0x00,0x00,
  0x00,0x00,0x04,0xff,0xff,0xff,0xff,0xff,0xc4,0x00,0x00,0x00,0x00,0x00,0x00,0x00,0x00,0x00,0x00,0x04,0xff,0xff,0xff,0xff,
  0xff,0xc4,0x00,0x00,0x00,0x00,0x00,0x04,0xff,0xff,0xff,0xff,0xff,0xc4,0x00,0x00,0x00,0x00,0x00,0x00,0x00,0x00,0x00,0x00,
  0x04,0xff,0xff,0xff,0xff,0xff,0xc4,0x00,0x00,0x00,0x00,0x00,0x04,0xff,0xff,0xff,0xff,0xff,0xc4,0x00,0x00,0x00,0x00,0x00,
  0x00,0x00,0x00,0x00,0x00,0x04,0xff,0xff,0xff,0xff,0xff,0xc4,0x00,0x00,0x00,0x00,0x00,0x18,0xff,0xff,0xff,0xff,0xff,0xff,
  0xff,0xff,0xff,0xfe,0xfb,0xf8,0xee,0xe2,0xcd,0xaa,0x67,0x10,0x00,0x00,0x00,0x00,0x00,0x00,0x00,0x00,0x18,0xff,0xff,0xff,
  0xff,0xff,0xff,0xff,0xff,0xff,0xff,0xff,0xff,0xff,0xff,0xff,0xff,0xff,0xed,0x5e,0x00,0x00,0x00,0x00,0x00,0x00,0x00,0x18,
  0xff,0xff,0xff,0xff,0xff,0xff,0xff,0xff,0xff,0xff,0xff,0xff,0xff,0xff,0xff,0xff,0xff,0xff,0xff,0x7b,0x00,0x00,0x00,0x00,
  0x00,0x00,0x18,0xff,0xff,0xff,0xff,0xff,0xff,0xff,0xff,0xff,0xff,0xff,0xff,0xff,0xff,0xff,0xff,0xff,0xff,0xff,0xff,0x4f,
  0x00,0x00,0x00,0x00,0x00,0x18,0xff,0xff,0xff,0xff,0xff,0xff,0xff,0xff,0xff,0xff,0xff,0xff,0xff,0xff,0xff,0xff,0xff,0xff,
  0xff,0xff,0xe2,0x05,0x00,0x00,0x00,0x00,0x18,0xff,0xff,0xff,0xff,0xff,0xb0,0x00,0x00,0x00,0x02,0x08,0x12,0x2f,0x7b,0xef,
  0xff,0xff,0xff,0xff,0xff,0xff,0x51,0x00,0x00,0x00,0x00,0x18,0xff,0xff,0xff,0xff,0xff,0xb0,0x00,0x00,0x00,0x00,0x00,0x00,
  0x00,0x00,0x23,0xeb,0xff,0xff,0xff,0xff,0xff,0x94,0x00,0x00,0x00,0x00,0x18,0xff,0xff,0xff,0xff,0xff,0xb0,0x00,0x00,0x00,
  0x00,0x00,0x00,0x00,0x00,0x00,0x6d,0xff,0xff,0xff,0xff,0xff,0xbf,0x00,0x00,0x00,0x00,0x18,0xff,0xff,0xff,0xff,0xff,0xb0,
  0x00,0x00,0x00,0x00,0x00,0x00,0x00,0x00,0x00,0x30,0xff,0xff,0xff,0xff,0xff,0xd1,0x00,0x00,0x00,0x00,0x18,0xff,0xff,0xff,
  0xff,0xff,0xb0,0x00,0x00,0x00,0x00,0x00,0x00,0x00,0x00,0x00,0x2f,0xff,0xff,0xff,0xff,0xff,0xc8,0x00,0x00,0x00,0x00,0x18,
  0xff,0xff,0xff,0xff,0xff,0xb0,0x00,0x00,0x00,0x00,0x00,0x00,0x00,0x00,0x00,0x71,0xff,0xff,0xff,0xff,0xff,0xae,0x00,0x00,
  0x00,0x00,0x18,0xff,0xff,0xff,0xff,0xff,0xb0,0x00,0x00,0x00,0x00,0x00,0x00,0x00,0x00,0x29,0xec,0xff,0xff,0xff,0xff,0xff,
  0x87,0x00,0x00,0x00,0x00,0x18,0xff,0xff,0xff,0xff,0xff,0xb0,0x00,0x00,0x00,0x02,0x09,0x19,0x39,0x81,0xf2,0xff,0xff,0xff,
  0xff,0xff,0xff,0x2f,0x00,0x00,0x00,0x00,0x18,0xff,0xff,0xff,0xff,0xff,0xff,0xff,0xff,0xff,0xff,0xff,0xff,0xff,0xff,0xff,
  0xff,0xff,0xff,0xff,0xff,0xc4,0x00,0x00,0x00,0x00,0x00,0x18,0xff,0xff,0xff,0xff,0xff,0xff,0xff,0xff,0xff,0xff,0xff,0xff,
  0xff,0xff,0xff,0xff,0xff,0xff,0xff,0xf7,0x27,0x00,0x00,0x00,0x00,0x00,0x18,0xff,0xff,0xff,0xff,0xff,0xff,0xff,0xff,0xff,
  0xff,0xff,0xff,0xff,0xff,0xff,0xff,0xff,0xff,0xf4,0x47,0x00,0x00,0x00,0x00,0x00,0x00,0x18,0xff,0xff,0xff,0xff,0xff,0xff,
  0xff,0xff,0xff,0xff,0xff,0xff,0xff,0xff,0xff,0xff,0xff,0xc4,0x2f,0x00,0x00,0x00,0x00,0x00,0x00,0x00,0x18,0xff,0xff,0xff,
  0xff,0xff,0xff,0xff,0xff,0xff,0xff,0xfd,0xf7,0xeb,0xd9,0xbd,0x8f,0x3d,0x00,0x00,0x00,0x00,0x00,0x00,0x00,0x00,0x00,0x18,
  0xff,0xff,0xff,0xff,0xff,0xb0,0x00,0x00,0x00,0x00,0x00,0x00,0x00,0x00,0x00,0x00,0x00,0x00,0x00,0x00,0x00,0x00,0x00,0x00,
  0x00,0x00,0x18,0xff,0xff,0xff,0xff,0xff,0xb0,0x00,0x00,0x00,0x00,0x00,0x00,0x00,0x00,0x00,0x00,0x00,0x00,0x00,0x00,0x00,
  0x00,0x00,0x00,0x00,0x00,0x18,0xff,0xff,0xff,0xff,0xff,0xb0,0x00,0x00,0x00,0x00,0x00,0x00,0x00,0x00,0x00,0x00,0x00,0x00,
  0x00,0x00,0x00,0x00,0x00,0x00,0x00,0x00,0x18,0xff,0xff,0xff,0xff,0xff,0xb0,0x00,0x00,0x00,0x00,0x00,0x00,0x00,0x00,0x00,
  0x00,0x00,0x00,0x00,0x00,0x00,0x00,0x00,0x00,0x00,0x00,0x18,0xff,0xff,0xff,0xff,0xff,0xb0,0x00,0x00,0x00,0x00,0x00,0x00,
  0x00,0x00,0x00,0x00,0x00,0x00,0x00,0x00,0x00,0x00,0x00,0x00,0x00,0x00,0x18,0xff,0xff,0xff,0xff,0xff,0xb0,0x00,0x00,0x00,
  0x00,0x00,0x00,0x00,0x00,0x00,0x00,0x00,0x00,0x00,0x00,0x00,0x00,0x00,0x00,0x00,0x00,0x18,0xff,0xff,0xff,0xff,0xff,0xb0,
  0x00,0x00,0x00,0x00,0x00,0x00,0x00,0x00,0x00,0x00,0x00,0x00,0x00,0x00,0x00,0x00,0x00,0x00,0x00,0x00,0x18,0xff,0xff,0xff,
  0xff,0xff,0xb0,0x00,0x00,0x00,0x00,0x00,0x00,0x00,0x00,0x00,0x00,0x00,0x00,0x00,0x00,0x00,0x00,0x00,0x00,0x00,0x00,0x18,
  0xff,0xff,0xff,0xff,0xff,0xb0,0x00,0x00,0x00,0x00,0x00,0x00,0x00,0x00,0x00,0x00,0x00,0x00,0x00,0x00,0x00,0x00,0x00,0x00,
  0x00,0x00,0x18,0xff,0xff,0xff,0xff,0xff,0xb0,0x00,0x00,0x00,0x00,0x00,0x00,0x00,0x00,0x00,0x00,0x00,0x00,0x00,0x00,0x00,
  0x00,0x00,0x00,0x00,0x00,0x18,0xff,0xff,0xff,0xff,0xff,0xb0,0x00,0x00,0x00,0x00,0x00,0x00,0x00,0x00,0x00,0x00,0x00,0x00,
  0x00,0x00,0x00,0x00,0x00,0x00,0x00,0x00,0x00,0x00,0x00,0x00,0x00,0x00,0x00,0x02,0x36,0x7e,0xbe,0xd8,0xee,0xf9,0xe5,0xcf,
  0x98,0x51,0x09,0x00,0x00,0x00,0x00,0x00,0x00,0x00,0x00,0x00,0x00,0x00,0x00,0x00,0x00,0x00,0x00,0x4f,0xd4,0xff,0xff,0xff,
  0xff,0xff,0xff,0xff,0xff,0xff,0xff,0xe6,0x6a,0x04,0x00,0x00,0x00,0x00,0x00,0x00,0x00,0x00,0x00,0x00,0x00,0x00,0x10,0xb9,
  0xff,0xff,0xff,0xff,0xff,0xff,0xff,0xff,0xff,0xff,0xff,0xff,0xff,0xff,0xbe,0x13,0x00,0x00,0x00,0x00,0x00,0x00,0x00,0x00,
  0x00,0x00,0x22,0xd7,0xff,0xff,0xff,0xff,0xff,0xff,0xff,0xff,0xff,0xff,0xff,0xff,0xff,0xff,0xff,0xff,0xdc,0x16,0x00,0x00,
  0x00,0x00,0x00,0x00,0x00,0x00,0x0c,0xd8,0xff,0xff,0xff,0xff,0xff,0xff,0xff,0xff,0xff,0xff,0xff,0xff,0xff,0xff,0xff,0xff,
  0xff,0xff,0xc1,0x01,0x00,0x00,0x00,0x00,0x00,0x00,0x00,0xa6,0xff,0xff,0xff,0xff,0xff,0xff,0xdf,0x70,0x2a,0x0b,0x0a,0x2f,
  0x82,0xf1,0xff,0xff,0xff,0xff,0xff,0xff,0x62,0x00,0x00,0x00,0x00,0x00,0x00,0x42,0xff,0xff,0xff,0xff,0xff,0xff,0x9c,0x08,
  0x00,0x00,0x00,0x00,0x00,0x00,0x1f,0xd7,0xff,0xff,0xff,0xff,0xff,0xdc,0x02,0x00,0x00,0x00,0x00,0x00,0xb7,0xff,0xff,0xff,
  0xff,0xff,0xa5,0x00,0x00,0x00,0x00,0x00,0x00,0x00,0x00,0x00,0x1e,0xef,0xff,0xff,0xff,0xff,0xff,0x48,0x00,0x00,0x00,0x00,
  0x27,0xff,0xff,0xff,0xff,0xff,0xee,0x10,0x00,0x00,0x00,0x00,0x00,0x00,0x00,0x00,0x00,0x00,0x7b,0xff,0xff,0xff,0xff,0xff,
  0x9b,0x00,0x00,0x00,0x00,0x6b,0xff,0xff,0xff,0xff,0xff,0x94,0x00,0x00,0x00,0x00,0x00,0x00,0x00,0x00,0x00,0x00,0x00,0x1d,
  0xea,0xbf,0x92,0x65,0x39,0x0d,0x00,0x00,0x00,0x00,0xa8,0xff,0xff,0xff,0xff,0xff,0x46,0x00,0x00,0x00,0x00,0x00,0x00,0x00,
  0x00,0x00,0x00,0x00,0x00,0x00,0x00,0x00,0x00,0x00,0x00,0x00,0x00,0x00,0x00,0xdd,0xff,0xff,0xff,0xff,0xff,0x15,0x00,0x00,
  0x00,0x00,0x00,0x00,0x00,0x00,0x00,0x00,0x00,0x00,0x00,0x00,0x00,0x00,0x00,0x00,0x00,0x00,0x00,0x00,0xf4,0xff,0xff,0xff,
  0xff,0xf4,0x00,0x00,0x00,0x00,0x00,0x00,0x00,0x00,0x00,0x00,0x00,0x00,0x00,0x00,0x00,0x00,0x00,0x00,0x00,0x00,0x00,0x00,
  0x06,0xff,0xff,0xff,0xff,0xff,0xe6,0x00,0x00,0x00,0x00,0x00,0x00,0x00,0x00,0x00,0x00,0x00,0x00,0x00,0x00,0x00,0x00,0x00,
  0x00,0x00,0x00,0x00,0x00,0x16,0xff,0xff,0xff,0xff,0xff,0xdf,0x00,0x00,0x00,0x00,0x00,0x00,0x00,0x00,0x00,0x00,0x00,0x00,
  0x00,0x00,0x00,0x00,0x00,0x00,0x00,0x00,0x00,0x00,0x0e,0xff,0xff,0xff,0xff,0xff,0xea,0x00,0x00,0x00,0x00,0x00,0x00,0x00,
  0x00,0x00,0x00,0x00,0x00,0x00,0x00,0x00,0x00,0x00,0x00,0x00,0x00,0x00,0x00,0x00,0xfb,0xff,0xff,0xff,0xff,0xf8,0x00,0x00,
  0x00,0x00,0x00,0x00,0x00,0x00,0x00,0x00,0x00,0x00,0x00,0x00,0x00,0x00,0x00,0x00,0x00,0x00,0x00,0x00,0x00,0xe9,0xff,0xff,
  0xff,0xff,0xff,0x1c,0x00,0x00,0x00,0x00,0x00,0x00,0x00,0x00,0x00,0x00,0x00,0x00,0x00,0x00,0x00,0x00,0x00,0x00,0x00,0x00,
  0x00,0x00,0xbb,0xff,0xff,0xff,0xff,0xff,0x4b,0x00,0x00,0x00,0x00,0x00,0x00,0x00,0x00,0x00,0x00,0x00,0x01,0xcd,0x8c,0x30,
  0x00,0x00,0x00,0x00,0x00,0x00,0x00,0x7c,0xff,0xff,0xff,0xff,0xff,0x98,0x00,0x00,0x00,0x00,0x00,0x00,0x00,0x00,0x00,0x00,
  0x00,0x39,0xff,0xff,0xff,0xd5,0x7a,0x20,0x00,0x00,0x00,0x00,0x39,0xff,0xff,0xff,0xff,0xff,0xef,0x11,0x00,0x00,0x00,0x00,
  0x00,0x00,0x00,0x00,0x00,0x00,0xa6,0xff,0xff,0xff,0xff,0xff,0xaa,0x00,0x00,0x00,0x00,0x00,0xcd,0xff,0xff,0xff,0xff,0xff,
  0xa2,0x00,0x00,0x00,0x00,0x00,0x00,0x00,0x00,0x00,0x40,0xfe,0xff,0xff,0xff,0xff,0xff,0x4f,0x00,0x00,0x00,0x00,0x00,0x55,
  0xff,0xff,0xff,0xff,0xff,0xff,0x94,0x05,0x00,0x00,0x00,0x00,0x00,0x00,0x36,0xed,0xff,0xff,0xff,0xff,0xff,0xdf,0x05,0x00,
  0x00,0x00,0x00,0x00,0x02,0xbb,0xff,0xff,0xff,0xff,0xff,0xff,0xda,0x6a,0x24,0x09,0x0c,0x38,0x95,0xfa,0xff,0xff,0xff,0xff,
  0xff,0xff,0x5e,0x00,0x00,0x00,0x00,0x00,0x00,0x00,0x14,0xe3,0xff,0xff,0xff,0xff,0xff,0xff,0xff,0xff,0xff,0xff,0xff,0xff,
  0xff,0xff,0xff,0xff,0xff,0xff,0xb7,0x01,0x00,0x00,0x00,0x00,0x00,0x00,0x00,0x00,0x2d,0xe3,0xff,0xff,0xff,0xff,0xff,0xff,
  0xff,0xff,0xff,0xff,0xff,0xff,0xff,0xff,0xff,0xff,0xd7,0x13,0x00,0x00,0x00,0x00,0x00,0x00,0x00,0x00,0x00,0x00,0x19,0xca,
  0xff,0xff,0xff,0xff,0xff,0xff,0xff,0xff,0xff,0xff,0xff,0xff,0xff,0xff,0xc5,0x13,0x00,0x00,0x00,0x00,0x00,0x00,0x00,0x00,
  0x00,0x00,0x00,0x00,0x03,0x61,0xe2,0xff,0xff,0xff,0xff,0xff,0xff,0xff,0xff,0xff,0xff,0xe8,0x6c,0x02,0x00,0x00,0x00,0x00,
  0x00,0x00,0x00,0x00,0x00,0x00,0x00,0x00,0x00,0x00,0x00,0x06,0x45,0x8f,0xc8,0xe0,0xf6,0xf8,0xe8,0xc9,0x95,0x4f,0x04,0x00,
  0x00,0x00,0x00,0x00,0x00,0x00,0x00,0x24,0xff,0xff,0xff,0xff,0xff,0xff,0xff,0xff,0xff,0xff,0xff,0xff,0xff,0xff,0xff,0xff,
  0xff,0xff,0xff,0xff,0xff,0xff,0x9c,0x24,0xff,0xff,0xff,0xff,0xff,0xff,0xff,0xff,0xff,0xff,0xff,0xff,0xff,0xff,0xff,0xff,
  0xff,0xff,0xff,0xff,0xff,0xff,0x9c,0x24,0xff,0xff,0xff,0xff,0xff,0xff,0xff,0xff,0xff,0xff,0xff,0xff,0xff,0xff,0xff,0xff,
  0xff,0xff,0xff,0xff,0xff,0xff,0x9c,0x24,0xff,0xff,0xff,0xff,0xff,0xff,0xff,0xff,0xff,0xff,0xff,0xff,0xff,0xff,0xff,0xff,
  0xff,0xff,0xff,0xff,0xff,0xff,0x9c,0x24,0xff,0xff,0xff,0xff,0xff,0xff,0xff,0xff,0xff,0xff,0xff,0xff,0xff,0xff,0xff,0xff,
  0xff,0xff,0xff,0xff,0xff,0xff,0x9c,0x00,0x00,0x00,0x00,0x00,0x00,0x00,0x00,0x00,0xa4,0xff,0xff,0xff,0xff,0xff,0x24,0x00,
  0x00,0x00,0x00,0x00,0x00,0x00,0x00,0x00,0x00,0x00,0x00,0x00,0x00,0x00,0x00,0x00,0xa4,0xff,0xff,0xff,0xff,0xff,0x24,0x00,
  0x00,0x00,0x00,0x00,0x00,0x00,0x00,0x00,0x00,0x00,0x00,0x00,0x00,0x00,0x00,0x00,0xa4,0xff,0xff,0xff,0xff,0xff,0x24,0x00,
  0x00,0x00,0x00,0x00,0x00,0x00,0x00,0x00,0x00,0x00,0x00,0x00,0x00,0x00,0x00,0x00,0xa4,0xff,0xff,0xff,0xff,0xff,0x24,0x00,
  0x00,0x00,0x00,0x00,0x00,0x00,0x00,0x00,0x00,0x00,0x00,0x00,0x00,0x00,0x00,0x00,0xa4,0xff,0xff,0xff,0xff,0xff,0x24,0x00,
  0x00,0x00,0x00,0x00,0x00,0x00,0x00,0x00,0x00,0x00,0x00,0x00,0x00,0x00,0x00,0x00,0xa4,0xff,0xff,0xff,0xff,0xff,0x24,0x00,
  0x00,0x00,0x00,0x00,0x00,0x00,0x00,0x00,0x00,0x00,0x00,0x00,0x00,0x00,0x00,0x00,0xa4,0xff,0xff,0xff,0xff,0xff,0x24,0x00,
  0x00,0x00,0x00,0x00,0x00,0x00,0x00,0x00,0x00,0x00,0x00,0x00,0x00,0x00,0x00,0x00,0xa4,0xff,0xff,0xff,0xff,0xff,0x24,0x00,
  0x00,0x00,0x00,0x00,0x00,0x00,0x00,0x00,0x00,0x00,0x00,0x00,0x00,0x00,0x00,0x00,0xa4,0xff,0xff,0xff,0xff,0xff,0x24,0x00,
  0x00,0x00,0x00,0x00,0x00,0x00,0x00,0x00,0x00,0x00,0x00,0x00,0x00,0x00,0x00,0x00,0xa4,0xff,0xff,0xff,0xff,0xff,0x24,0x00,
  0x00,0x00,0x00,0x00,0x00,0x00,0x00,0x00,0x00,0x00,0x00,0x00,0x00,0x00,0x00,0x00,0xa4,0xff,0xff,0xff,0xff,0xff,0x24,0x00,
  0x00,0x00,0x00,0x00,0x00,0x00,0x00,0x00,0x00,0x00,0x00,0x00,0x00,0x00,0x00,0x00,0xa4,0xff,0xff,0xff,0xff,0xff,0x24,0x00,
  0x00,0x00,0x00,0x00,0x00,0x00,0x00,0x00,0x00,0x00,0x00,0x00,0x00,0x00,0x00,0x00,0xa4,0xff,0xff,0xff,0xff,0xff,0x24,0x00,
  0x00,0x00,0x00,0x00,0x00,0x00,0x00,0x00,0x00,0x00,0x00,0x00,0x00,0x00,0x00,0x00,0xa4,0xff,0xff,0xff,0xff,0xff,0x24,0x00,
  0x00,0x00,0x00,0x00,0x00,0x00,0x00,0x00,0x00,0x00,0x00,0x00,0x00,0x00,0x00,0x00,0xa4,0xff,0xff,0xff,0xff,0xff,0x24,0x00,
  0x00,0x00,0x00,0x00,0x00,0x00,0x00,0x00,0x00,0x00,0x00,0x00,0x00,0x00,0x00,0x00,0xa4,0xff,0xff,0xff,0xff,0xff,0x24,0x00,
  0x00,0x00,0x00,0x00,0x00,0x00,0x00,0x00,0x00,0x00,0x00,0x00,0x00,0x00,0x00,0x00,0xa4,0xff,0xff,0xff,0xff,0xff,0x24,0x00,
  0x00,0x00,0x00,0x00,0x00,0x00,0x00,0x00,0x00,0x00,0x00,0x00,0x00,0x00,0x00,0x00,0xa4,0xff,0xff,0xff,0xff,0xff,0x24,0x00,
  0x00,0x00,0x00,0x00,0x00,0x00,0x00,0x00,0x00,0x00,0x00,0x00,0x00,0x00,0x00,0x00,0xa4,0xff,0xff,0xff,0xff,0xff,0x24,0x00,
  0x00,0x00,0x00,0x00,0x00,0x00,0x00,0x00,0x00,0x00,0x00,0x00,0x00,0x00,0x00,0x00,0xa4,0xff,0xff,0xff,0xff,0xff,0x24,0x00,
  0x00,0x00,0x00,0x00,0x00,0x00,0x00,0x00,0x00,0x00,0x00,0x00,0x00,0x00,0x00,0x00,0xa4,0xff,0xff,0xff,0xff,0xff,0x24,0x00,
  0x00,0x00,0x00,0x00,0x00,0x00,0x00,0x00,0x00,0x00,0x00,0x00,0x00,0x00,0x00,0x00,0xa4,0xff,0xff,0xff,0xff,0xff,0x24,0x00,
  0x00,0x00,0x00,0x00,0x00,0x00,0x00,0x00,0x00,0x00,0x00,0x00,0x00,0x00,0x00,0x00,0xa4,0xff,0xff,0xff,0xff,0xff,0x24,0x00,
  0x00,0x00,0x00,0x00,0x00,0x00,0x00,0x00,0x00,0x00,0x00,0x00,0x00,0x00,0x00,0x00,0xa4,0xff,0xff,0xff,0xff,0xff,0x24,0x00,
  0x00,0x00,0x00,0x00,0x00,0x00,0x00,0xbb,0xff,0xff,0xff,0xff,0xff,0xb6,0x00,0x00,0x00,0x00,0x00,0x00,0x00,0x00,0x00,0x00,
  0x00,0x5e,0xff,0xff,0xff,0xff,0xff,0xaa,0x32,0xfe,0xff,0xff,0xff,0xff,0xff,0x34,0x00,0x00,0x00,0x00,0x00,0x00,0x00,0x00,
  0x00,0x00,0xca,0xff,0xff,0xff,0xff,0xff,0x39,0x00,0xa7,0xff,0xff,0xff,0xff,0xff,0xb2,0x00,0x00,0x00,0x00,0x00,0x00,0x00,
  0x00,0x00,0x35,0xff,0xff,0xff,0xff,0xff,0xc7,0x00,0x00,0x22,0xfa,0xff,0xff,0xff,0xff,0xff,0x31,0x00,0x00,0x00,0x00,0x00,
  0x00,0x00,0x00,0xa1,0xff,0xff,0xff,0xff,0xff,0x55,0x00,0x00,0x00,0x93,0xff,0xff,0xff,0xff,0xff,0xae,0x00,0x00,0x00,0x00,
  0x00,0x00,0x00,0x14,0xf8,0xff,0xff,0xff,0xff,0xe0,0x03,0x00,0x00,0x00,0x15,0xf2,0xff,0xff,0xff,0xff,0xfe,0x2d,0x00,0x00,
  0x00,0x00,0x00,0x00,0x78,0xff,0xff,0xff,0xff,0xff,0x72,0x00,0x00,0x00,0x00,0x00,0x7e,0xff,0xff,0xff,0xff,0xff,0xaa,0x00,
  0x00,0x00,0x00,0x00,0x03,0xe0,0xff,0xff,0xff,0xff,0xf1,0x0e,0x00,0x00,0x00,0x00,0x00,0x0b,0xe8,0xff,0xff,0xff,0xff,0xfd,
  0x2a,0x00,0x00,0x00,0x00,0x50,0xff,0xff,0xff,0xff,0xff,0x8e,0x00,0x00,0x00,0x00,0x00,0x00,0x00,0x6a,0xff,0xff,0xff,0xff,
  0xff,0xa6,0x00,0x00,0x00,0x00,0xbb,0xff,0xff,0xff,0xff,0xfc,0x20,0x00,0x00,0x00,0x00,0x00,0x00,0x00,0x04,0xda,0xff,0xff,
  0xff,0xff,0xfd,0x26,0x00,0x00,0x27,0xfe,0xff,0xff,0xff,0xff,0xab,0x00,0x00,0x00,0x00,0x00,0x00,0x00,0x00,0x00,0x56,0xff,
  0xff,0xff,0xff,0xff,0xa2,0x00,0x00,0x93,0xff,0xff,0xff,0xff,0xff,0x39,0x00,0x00,0x00,0x00,0x00,0x00,0x00,0x00,0x00,0x01,
  0xca,0xff,0xff,0xff,0xff,0xfc,0x23,0x0c,0xf1,0xff,0xff,0xff,0xff,0xc7,0x00,0x00,0x00,0x00,0x00,0x00,0x00,0x00,0x00,0x00,
  0x00,0x41,0xff,0xff,0xff,0xff,0xff,0x9e,0x6a,0xff,0xff,0xff,0xff,0xff,0x55,0x00,0x00,0x00,0x00,0x00,0x00,0x00,0x00,0x00,
  0x00,0x00,0x00,0xb7,0xff,0xff,0xff,0xff,0xfb,0xe0,0xff,0xff,0xff,0xff,0xe0,0x03,0x00,0x00,0x00,0x00,0x00,0x00,0x00,0x00,
  0x00,0x00,0x00,0x00,0x2f,0xfd,0xff,0xff,0xff,0xff,0xff,0xff,0xff,0xff,0xff,0x72,0x00,0x00,0x00,0x00,0x00,0x00,0x00,0x00,
  0x00,0x00,0x00,0x00,0x00,0x00,0xa3,0xff,0xff,0xff,0xff,0xff,0xff,0xff,0xff,0xf1,0x0e,0x00,0x00,0x00,0x00,0x00,0x00,0x00,
  0x00,0x00,0x00,0x00,0x00,0x00,0x00,0x1f,0xf8,0xff,0xff,0xff,0xff,0xff,0xff,0xff,0x8e,0x00,0x00,0x00,0x00,0x00,0x00,0x00,
  0x00,0x00,0x00,0x00,0x00,0x00,0x00,0x00,0x00,0x8f,0xff,0xff,0xff,0xff,0xff,0xff,0xfc,0x20,0x00,0x00,0x00,0x00,0x00,0x00,
  0x00,0x00,0x00,0x00,0x00,0x00,0x00,0x00,0x00,0x00,0x13,0xf1,0xff,0xff,0xff,0xff,0xff,0xab,0x00,0x00,0x00,0x00,0x00,0x00,
  0x00,0x00,0x00,0x00,0x00,0x00,0x00,0x00,0x00,0x00,0x00,0x00,0x94,0xff,0xff,0xff,0xff,0xff,0x39,0x00,0x00,0x00,0x00,0x00,
  0x00,0x00,0x00,0x00,0x00,0x00,0x00,0x00,0x00,0x00,0x00,0x00,0x00,0xc8,0xff,0xff,0xff,0xff,0xc7,0x00,0x00,0x00,0x00,0x00,
  0x00,0x00,0x00,0x00,0x00,0x00,0x00,0x00,0x00,0x00,0x00,0x00,0x00,0x29,0xff,0xff,0xff,0xff,0xff,0x55,0x00,0x00,0x00,0x00,
  0x00,0x00,0x00,0x00,0x00,0x00,0x00,0x00,0x00,0x00,0x00,0x00,0x00,0x00,0xab,0xff,0xff,0xff,0xff,0xdb,0x03,0x00,0x00,0x00,
  0x00,0x00,0x00,0x00,0x00,0x00,0x00,0x00,0x00,0x04,0x0c,0x03,0x07,0x2d,0x9b,0xff,0xff,0xff,0xff,0xff,0x61,0x00,0x00,0x00,
  0x00,0x00,0x00,0x00,0x00,0x00,0x00,0x00,0x00,0x00,0x40,0xff,0xff,0xff,0xff,0xff,0xff,0xff,0xff,0xff,0xd2,0x02,0x00,0x00,
  0x00,0x00,0x00,0x00,0x00,0x00,0x00,0x00,0x00,0x00,0x00,0x40,0xff,0xff,0xff,0xff,0xff,0xff,0xff,0xff,0xfd,0x3a,0x00,0x00,
  0x00,0x00,0x00,0x00,0x00,0x00,0x00,0x00,0x00,0x00,0x00,0x00,0x40,0xff,0xff,0xff,0xff,0xff,0xff,0xff,0xff,0x84,0x00,0x00,
  0x00,0x00,0x00,0x00,0x00,0x00,0x00,0x00,0x00,0x00,0x00,0x00,0x00,0x40,0xff,0xff,0xff,0xff,0xff,0xff,0xff,0x9c,0x02,0x00,
  0x00,0x00,0x00,0x00,0x00,0x00,0x00,0x00,0x00,0x00,0x00,0x00,0x00,0x00,0x2a,0xc8,0xe8,0xf9,0xfe,0xee,0xbb,0x51,0x00,0x00,
  0x00,0x00,0x00,0x00,0x00,0x00,0x00,0x00,0x00,0x00,0x00,0x00,0x00,0x00,0x00,0x00,0x00,0x00,0x00,0x00,0x00,0x00,0x00,0x00,
  0x00,0x00,0xc4,0xff,0xff,0xff,0xff,0xe8,0x00,0x00,0x00,0x00,0x00,0x00,0x00,0x00,0x00,0x00,0x00,0x00,0x00,0x00,0x00,0x00,
  0x00,0x00,0x00,0x00,0x00,0x00,0x00,0x00,0x00,0x00,0x00,0x00,0xc4,0xff,0xff,0xff,0xff,0xe8,0x00,0x00,0x00,0x00,0x00,0x00,
  0x00,0x00,0x00,0x00,0x00,0x00,0x00,0x00,0x00,0x00,0x00,0x00,0x00,0x00,0x00,0x00,0x00,0x00,0x00,0x00,0x00,0x00,0xc4,0xff,
  0xff,0xff,0xff,0xe8,0x00,0x00,0x00,0x00,0x00,0x00,0x00,0x00,0x00,0x00,0x00,0x00,0x00,0x00,0x00,0x00,0x00,0x00,0x00,0x00,
  0x00,0x00,0x0a,0x45,0x85,0xb8,0xd3,0xec,0xff,0xff,0xff,0xff,0xff,0xff,0xf0,0xd6,0xbd,0x91,0x50,0x11,0x00,0x00,0x00,0x00,
  0x00,0x00,0x00,0x00,0x00,0x00,0x00,0x00,0x00,0x00,0x19,0x89,0xf1,0xff,0xff,0xff,0xff,0xff,0xff,0xff,0xff,0xff,0xff,0xff,
  0xff,0xff,0xff,0xff,0xff,0xfb,0xa1,0x27,0x00,0x00,0x00,0x00,0x00,0x00,0x00,0x00,0x00,0x00,0x00,0x4f,0xf2,0xff,0xff,0xff,
  0xff,0xff,0xff,0xff,0xff,0xff,0xff,0xff,0xff,0xff,0xff,0xff,0xff,0xff,0xff,0xff,0xff,0xfc,0x71,0x00,0x00,0x00,0x00,0x00,
  0x00,0x00,0x00,0x00,0x69,0xfe,0xff,0xff,0xff,0xff,0xff,0xff,0xff,0xff,0xff,0xff,0xff,0xff,0xff,0xff,0xff,0xff,0xff,0xff,
  0xff,0xff,0xff,0xff,0xff,0x8c,0x00,0x00,0x00,0x00,0x00,0x00,0x00,0x3b,0xfa,0xff,0xff,0xff,0xff,0xff,0xff,0xff,0xff,0xff,
  0xff,0xff,0xff,0xff,0xff,0xff,0xff,0xff,0xff,0xff,0xff,0xff,0xff,0xff,0xff,0xff,0x54,0x00,0x00,0x00,0x00,0x00,0x02,0xd6,
  0xff,0xff,0xff,0xff,0xff,0xfc,0xab,0x54,0x21,0x0c,0xc4,0xff,0xff,0xff,0xff,0xe8,0x0a,0x1e,0x4e,0xa4,0xfa,0xff,0xff,0xff,
  0xff,0xff,0xeb,0x0a,0x00,0x00,0x00,0x00,0x54,0xff,0xff,0xff,0xff,0xff,0xf0,0x3f,0x00,0x00,0x00,0x00,0xc4,0xff,0xff,0xff,
  0xff,0xe8,0x00,0x00,0x00,0x00,0x32,0xe4,0xff,0xff,0xff,0xff,0xff,0x6f,0x00,0x00,0x00,0x00,0xae,0xff,0xff,0xff,0xff,0xff,
  0x57,0x00,0x00,0x00,0x00,0x00,0xc4,0xff,0xff,0xff,0xff,0xe8,0x00,0x00,0x00,0x00,0x00,0x34,0xfe,0xff,0xff,0xff,0xff,0xce,
  0x00,0x00,0x00,0x02,0xed,0xff,0xff,0xff,0xff,0xda,0x01,0x00,0x00,0x00,0x00,0x00,0xc4,0xff,0xff,0xff,0xff,0xe8,0x00,0x00,
  0x00,0x00,0x00,0x00,0xb0,0xff,0xff,0xff,0xff,0xfd,0x10,0x00,0x00,0x1d,0xff,0xff,0xff,0xff,0xff,0x93,0x00,0x00,0x00,0x00,
  0x00,0x00,0xc4,0xff,0xff,0xff,0xff,0xe8,0x00,0x00,0x00,0x00,0x00,0x00,0x66,0xff,0xff,0xff,0xff,0xff,0x3f,0x00,0x00,0x31,
  0xff,0xff,0xff,0xff,0xff,0x6a,0x00,0x00,0x00,0x00,0x00,0x00,0xc4,0xff,0xff,0xff,0xff,0xe8,0x00,0x00,0x00,0x00,0x00,0x00,
  0x43,0xff,0xff,0xff,0xff,0xff,0x53,0x00,0x00,0x3f,0xff,0xff,0xff,0xff,0xff,0x5c,0x00,0x00,0x00,0x00,0x00,0x00,0xc4,0xff,
  0xff,0xff,0xff,0xe8,0x00,0x00,0x00,0x00,0x00,0x00,0x37,0xff,0xff,0xff,0xff,0xff,0x62,0x00,0x00,0x30,0xff,0xff,0xff,0xff,
  0xff,0x66,0x00,0x00,0x00,0x00,0x00,0x00,0xc4,0xff,0xff,0xff,0xff,0xe8,0x00,0x00,0x00,0x00,0x00,0x00,0x42,0xff,0xff,0xff,
  0xff,0xff,0x54,0x00,0x00,0x1c,0xff,0xff,0xff,0xff,0xff,0x89,0x00,0x00,0x00,0x00,0x00,0x00,0xc4,0xff,0xff,0xff,0xff,0xe8,
  0x00,0x00,0x00,0x00,0x00,0x00,0x62,0xff,0xff,0xff,0xff,0xff,0x3f,0x00,0x00,0x00,0xe9,0xff,0xff,0xff,0xff,0xd2,0x00,0x00,
  0x00,0x00,0x00,0x00,0xc4,0xff,0xff,0xff,0xff,0xe8,0x00,0x00,0x00,0x00,0x00,0x00,0xa4,0xff,0xff,0xff,0xff,0xfd,0x11,0x00,
  0x00,0x00,0xaa,0xff,0xff,0xff,0xff,0xff,0x55,0x00,0x00,0x00,0x00,0x00,0xc4,0xff,0xff,0xff,0xff,0xe8,0x00,0x00,0x00,0x00,
  0x00,0x33,0xf9,0xff,0xff,0xff,0xff,0xcf,0x00,0x00,0x00,0x00,0x4b,0xff,0xff,0xff,0xff,0xff,0xf3,0x46,0x00,0x00,0x00,0x00,
  0xc4,0xff,0xff,0xff,0xff,0xe8,0x00,0x00,0x00,0x00,0x3b,0xe2,0xff,0xff,0xff,0xff,0xff,0x70,0x00,0x00,0x00,0x00,0x01,0xd3,
  0xff,0xff,0xff,0xff,0xff,0xfe,0xb1,0x56,0x22,0x0b,0xc4,0xff,0xff,0xff,0xff,0xe8,0x0d,0x24,0x59,0xad,0xfd,0xff,0xff,0xff,
  0xff,0xff,0xed,0x0b,0x00,0x00,0x00,0x00,0x00,0x37,0xfb,0xff,0xff,0xff,0xff,0xff,0xff,0xff,0xff,0xff,0xff,0xff,0xff,0xff,
  0xff,0xff,0xff,0xff,0xff,0xff,0xff,0xff,0xff,0xff,0xff,0xff,0x57,0x00,0x00,0x00,0x00,0x00,0x00,0x00,0x6e,0xff,0xff,0xff,
  0xff,0xff,0xff,0xff,0xff,0xff,0xff,0xff,0xff,0xff,0xff,0xff,0xff,0xff,0xff,0xff,0xff,0xff,0xff,0xff,0xff,0x90,0x00,0x00,
  0x00,0x00,0x00,0x00,0x00,0x00,0x00,0x59,0xf7,0xff,0xff,0xff,0xff,0xff,0xff,0xff,0xff,0xff,0xff,0xff,0xff,0xff,0xff,0xff,
  0xff,0xff,0xff,0xff,0xff,0xfd,0x76,0x00,0x00,0x00,0x00,0x00,0x00,0x00,0x00,0x00,0x00,0x00,0x1d,0x93,0xf7,0xff,0xff,0xff,
  0xff,0xff,0xff,0xff,0xff,0xff,0xff,0xff,0xff,0xff,0xff,0xff,0xff,0xfc,0xa4,0x2a,0x00,0x00,0x00,0x00,0x00,0x00,0x00,0x00,
  0x00,0x00,0x00,0x00,0x00,0x00,0x0c,0x49,0x8b,0xba,0xd4,0xee,0xff,0xff,0xff,0xff,0xff,0xff,0xf1,0xd8,0xbf,0x94,0x53,0x13,
  0x00,0x00,0x00,0x00,0x00,0x00,0x00,0x00,0x00,0x00,0x00,0x00,0x00,0x00,0x00,0x00,0x00,0x00,0x00,0x00,0x00,0x00,0xc4,0xff,
  0xff,0xff,0xff,0xe8,0x00,0x00,0x00,0x00,0x00,0x00,0x00,0x00,0x00,0x00,0x00,0x00,0x00,0x00,0x00,0x00,0x00,0x00,0x00,0x00,
  0x00,0x00,0x00,0x00,0x00,0x00,0x00,0x00,0xc4,0xff,0xff,0xff,0xff,0xe8,0x00,0x00,0x00,0x00,0x00,0x00,0x00,0x00,0x00,0x00,
  0x00,0x00,0x00,0x00,0x00,0x00,0x00,0x00,0x00,0x00,0x00,0x00,0x00,0x00,0x00,0x00,0x00,0x00,0xc4,0xff,0xff,0xff,0xff,0xe8,
  0x00,0x00,0x00,0x00,0x00,0x00,0x00,0x00,0x00,0x00,0x00,0x00,0x00,0x00,0x01,0xc0,0xff,0xff,0xff,0xff,0xff,0xea,0x14,0x00,
  0x00,0x00,0x00,0x00,0x00,0x00,0x00,0x00,0x48,0xff,0xff,0xff,0xff,0xff,0xff,0x6c,0x00,0x00,0x25,0xf7,0xff,0xff,0xff,0xff,
  0xff,0xa6,0x00,0x00,0x00,0x00,0x00,0x00,0x00,0x00,0x0d,0xe2,0xff,0xff,0xff,0xff,0xff,0xc4,0x02,0x00,0x00,0x00,0x77,0xff,
  0xff,0xff,0xff,0xff,0xff,0x4d,0x00,0x00,0x00,0x00,0x00,0x00,0x00,0x99,0xff,0xff,0xff,0xff,0xff,0xf8,0x28,0x00,0x00,0x00,
  0x00,0x03,0xcd,0xff,0xff,0xff,0xff,0xff,0xe5,0x0f,0x00,0x00,0x00,0x00,0x00,0x41,0xfe,0xff,0xff,0xff,0xff,0xff,0x7a,0x00,
  0x00,0x00,0x00,0x00,0x00,0x30,0xfb,0xff,0xff,0xff,0xff,0xff,0x9b,0x00,0x00,0x00,0x00,0x0a,0xdd,0xff,0xff,0xff,0xff,0xff,
  0xcf,0x04,0x00,0x00,0x00,0x00,0x00,0x00,0x00,0x87,0xff,0xff,0xff,0xff,0xff,0xff,0x43,0x00,0x00,0x00,0x91,0xff,0xff,0xff,
  0xff,0xff,0xfc,0x32,0x00,0x00,0x00,0x00,0x00,0x00,0x00,0x00,0x08,0xd9,0xff,0xff,0xff,0xff,0xff,0xde,0x0b,0x00,0x3a,0xfd,
  0xff,0xff,0xff,0xff,0xff,0x88,0x00,0x00,0x00,0x00,0x00,0x00,0x00,0x00,0x00,0x00,0x3d,0xfe,0xff,0xff,0xff,0xff,0xff,0x91,
  0x08,0xd8,0xff,0xff,0xff,0xff,0xff,0xd9,0x08,0x00,0x00,0x00,0x00,0x00,0x00,0x00,0x00,0x00,0x00,0x00,0x96,0xff,0xff,0xff,
  0xff,0xff,0xfd,0xb3,0xff,0xff,0xff,0xff,0xff,0xfe,0x3e,0x00,0x00,0x00,0x00,0x00,0x00,0x00,0x00,0x00,0x00,0x00,0x00,0x0d,
  0xe3,0xff,0xff,0xff,0xff,0xff,0xff,0xff,0xff,0xff,0xff,0xff,0x96,0x00,0x00,0x00,0x00,0x00,0x00,0x00,0x00,0x00,0x00,0x00,
  0x00,0x00,0x00,0x4c,0xff,0xff,0xff,0xff,0xff,0xff,0xff,0xff,0xff,0xff,0xe2,0x0d,0x00,0x00,0x00,0x00,0x00,0x00,0x00,0x00,
  0x00,0x00,0x00,0x00,0x00,0x00,0x00,0xa6,0xff,0xff,0xff,0xff,0xff,0xff,0xff,0xff,0xff,0x4a,0x00,0x00,0x00,0x00,0x00,0x00,
  0x00,0x00,0x00,0x00,0x00,0x00,0x00,0x00,0x00,0x00,0x15,0xeb,0xff,0xff,0xff,0xff,0xff,0xff,0xff,0xa4,0x00,0x00,0x00,0x00,
  0x00,0x00,0x00,0x00,0x00,0x00,0x00,0x00,0x00,0x00,0x00,0x00,0x00,0x00,0x5c,0xff,0xff,0xff,0xff,0xff,0xff,0xed,0x13,0x00,
  0x00,0x00,0x00,0x00,0x00,0x00,0x00,0x00,0x00,0x00,0x00,0x00,0x00,0x00,0x00,0x00,0x00,0x7c,0xff,0xff,0xff,0xff,0xff,0xff,
  0xfa,0x2d,0x00,0x00,0x00,0x00,0x00,0x00,0x00,0x00,0x00,0x00,0x00,0x00,0x00,0x00,0x00,0x00,0x00,0x2a,0xf9,0xff,0xff,0xff,
  0xff,0xff,0xff,0xff,0xcb,0x03,0x00,0x00,0x00,0x00,0x00,0x00,0x00,0x00,0x00,0x00,0x00,0x00,0x00,0x00,0x00,0x03,0xc8,0xff,
  0xff,0xff,0xff,0xff,0xff,0xff,0xff,0xff,0x76,0x00,0x00,0x00,0x00,0x00,0x00,0x00,0x00,0x00,0x00,0x00,0x00,0x00,0x00,0x00,
  0x74,0xff,0xff,0xff,0xff,0xff,0xff,0xff,0xff,0xff,0xff,0xf7,0x26,0x00,0x00,0x00,0x00,0x00,0x00,0x00,0x00,0x00,0x00,0x00,
  0x00,0x00,0x25,0xf6,0xff,0xff,0xff,0xff,0xff,0xff,0xff,0xff,0xff,0xff,0xff,0xc2,0x01,0x00,0x00,0x00,0x00,0x00,0x00,0x00,
  0x00,0x00,0x00,0x00,0x01,0xc2,0xff,0xff,0xff,0xff,0xff,0xf6,0x98,0xff,0xff,0xff,0xff,0xff,0xff,0x6b,0x00,0x00,0x00,0x00,
  0x00,0x00,0x00,0x00,0x00,0x00,0x00,0x6c,0xff,0xff,0xff,0xff,0xff,0xff,0x73,0x04,0xd0,0xff,0xff,0xff,0xff,0xff,0xf3,0x1f,
  0x00,0x00,0x00,0x00,0x00,0x00,0x00,0x00,0x00,0x20,0xf3,0xff,0xff,0xff,0xff,0xff,0xca,0x03,0x00,0x33,0xfc,0xff,0xff,0xff,
  0xff,0xff,0xb9,0x00,0x00,0x00,0x00,0x00,0x00,0x00,0x00,0x00,0xbb,0xff,0xff,0xff,0xff,0xff,0xfa,0x2d,0x00,0x00,0x00,0x8a,
  0xff,0xff,0xff,0xff,0xff,0xff,0x61,0x00,0x00,0x00,0x00,0x00,0x00,0x00,0x64,0xff,0xff,0xff,0xff,0xff,0xff,0x81,0x00,0x00,
  0x00,0x00,0x09,0xdb,0xff,0xff,0xff,0xff,0xff,0xef,0x19,0x00,0x00,0x00,0x00,0x00,0x1b,0xf0,0xff,0xff,0xff,0xff,0xff,0xd4,
  0x06,0x00,0x00,0x00,0x00,0x00,0x41,0xfe,0xff,0xff,0xff,0xff,0xff,0xaf,0x00,0x00,0x00,0x00,0x00,0xb3,0xff,0xff,0xff,0xff,
  0xff,0xfd,0x38,0x00,0x00,0x00,0x00,0x00,0x00,0x00,0x9a,0xff,0xff,0xff,0xff,0xff,0xff,0x56,0x00,0x00,0x00,0x5c,0xff,0xff,
  0xff,0xff,0xff,0xff,0x8f,0x00,0x00,0x00,0x00,0x00,0x00,0x00,0x00,0x0f,0xe5,0xff,0xff,0xff,0xff,0xff,0xe9,0x13,0x00,0x17,
  0xec,0xff,0xff,0xff,0xff,0xff,0xde,0x0a,0x00,0x00,0x00,0x00,0x00,0x00,0x00,0x00,0x00,0x50,0xff,0xff,0xff,0xff,0xff,0xff,
  0xa4,0x00,0xac,0xff,0xff,0xff,0xff,0xff,0xff,0x43,0x00,0x00,0x00,0x00,0x00,0x00,0x00,0x00,0x00,0x00,0x00,0xab,0xff,0xff,
  0xff,0xff,0xff,0xff,0x4c,0x00,0x00,0x00,0xfc,0xff,0xff,0xff,0xff,0xcc,0x00,0x00,0x00,0x00,0x00,0x00,0x00,0x00,0x00,0x00,
  0x00,0xff,0xff,0xff,0xff,0xff,0xc8,0x00,0x00,0x00,0x00,0x00,0x00,0xfc,0xff,0xff,0xff,0xff,0xcc,0x00,0x00,0x00,0x00,0x00,
  0x00,0x00,0x00,0x00,0x00,0x00,0xff,0xff,0xff,0xff,0xff,0xc8,0x00,0x00,0x00,0x00,0x00,0x00,0xfc,0xff,0xff,0xff,0xff,0xcc,
  0x00,0x00,0x00,0x00,0x00,0x00,0x00,0x00,0x00,0x00,0x00,0xff,0xff,0xff,0xff,0xff,0xc8,0x00,0x00,0x00,0x00,0x00,0x00,0xfc,
  0xff,0xff,0xff,0xff,0xcc,0x00,0x00,0x00,0x00,0x00,0x00,0x00,0x00,0x00,0x00,0x00,0xff,0xff,0xff,0xff,0xff,0xc8,0x00,0x00,
  0x00,0x00,0x00,0x00,0xfc,0xff,0xff,0xff,0xff,0xcc,0x00,0x00,0x00,0x00,0x00,0x00,0x00,0x00,0x00,0x00,0x00,0xff,0xff,0xff,
  0xff,0xff,0xc8,0x00,0x00,0x00,0x00,0x00,0x00,0xfc,0xff,0xff,0xff,0xff,0xcc,0x00,0x00,0x00,0x00,0x00,0x00,0x00,0x00,0x00,
  0x00,0x00,0xff,0xff,0xff,0xff,0xff,0xc8,0x00,0x00,0x00,0x00,0x00,0x00,0xfc,0xff,0xff,0xff,0xff,0xcc,0x00,0x00,0x00,0x00,
  0x00,0x00,0x00,0x00,0x00,0x00,0x00,0xff,0xff,0xff,0xff,0xff,0xc8,0x00,0x00,0x00,0x00,0x00,0x00,0xfc,0xff,0xff,0xff,0xff,
  0xcc,0x00,0x00,0x00,0x00,0x00,0x00,0x00,0x00,0x00,0x00,0x00,0xff,0xff,0xff,0xff,0xff,0xc8,0x00,0x00,0x00,0x00,0x00,0x00,
  0xfc,0xff,0xff,0xff,0xff,0xcc,0x00,0x00,0x00,0x00,0x00,0x00,0x00,0x00,0x00,0x00,0x00,0xff,0xff,0xff,0xff,0xff,0xc8,0x00,
  0x00,0x00,0x00,0x00,0x00,0xfc,0xff,0xff,0xff,0xff,0xcc,0x00,0x00,0x00,0x00,0x00,0x00,0x00,0x00,0x00,0x00,0x00,0xff,0xff,
  0xff,0xff,0xff,0xc8,0x00,0x00,0x00,0x00,0x00,0x00,0xfc,0xff,0xff,0xff,0xff,0xcc,0x00,0x00,0x00,0x00,0x00,0x00,0x00,0x00,
  0x00,0x00,0x00,0xff,0xff,0xff,0xff,0xff,0xc8,0x00,0x00,0x00,0x00,0x00,0x00,0xfc,0xff,0xff,0xff,0xff,0xcc,0x00,0x00,0x00,
  0x00,0x00,0x00,0x00,0x00,0x00,0x00,0x00,0xff,0xff,0xff,0xff,0xff,0xc8,0x00,0x00,0x00,0x00,0x00,0x00,0xfc,0xff,0xff,0xff,
  0xff,0xcc,0x00,0x00,0x00,0x00,0x00,0x00,0x00,0x00,0x00,0x00,0x00,0xff,0xff,0xff,0xff,0xff,0xc8,0x00,0x00,0x00,0x00,0x00,
  0x00,0xfc,0xff,0xff,0xff,0xff,0xcc,0x00,0x00,0x00,0x00,0x00,0x00,0x00,0x00,0x00,0x00,0x00,0xff,0xff,0xff,0xff,0xff,0xc8,
  0x00,0x00,0x00,0x00,0x00,0x00,0xfc,0xff,0xff,0xff,0xff,0xcc,0x00,0x00,0x00,0x00,0x00,0x00,0x00,0x00,0x00,0x00,0x00,0xff,
  0xff,0xff,0xff,0xff,0xc8,0x00,0x00,0x00,0x00,0x00,0x00,0xfc,0xff,0xff,0xff,0xff,0xcc,0x00,0x00,0x00,0x00,0x00,0x00,0x00,
  0x00,0x00,0x00,0x00,0xff,0xff,0xff,0xff,0xff,0xc8,0x00,0x00,0x00,0x00,0x00,0x00,0xfc,0xff,0xff,0xff,0xff,0xcc,0x00,0x00,
  0x00,0x00,0x00,0x00,0x00,0x00,0x00,0x00,0x00,0xff,0xff,0xff,0xff,0xff,0xc8,0x00,0x00,0x00,0x00,0x00,0x00,0xfc,0xff,0xff,
  0xff,0xff,0xcc,0x00,0x00,0x00,0x00,0x00,0x00,0x00,0x00,0x00,0x00,0x00,0xff,0xff,0xff,0xff,0xff,0xc8,0x00,0x00,0x00,0x00,
  0x00,0x00,0xfc,0xff,0xff,0xff,0xff,0xcc,0x00,0x00,0x00,0x00,0x00,0x00,0x00,0x00,0x00,0x00,0x00,0xff,0xff,0xff,0xff,0xff,
  0xc8,0x00,0x00,0x00,0x00,0x00,0x00,0xfc,0xff,0xff,0xff,0xff,0xcc,0x00,0x00,0x00,0x00,0x00,0x00,0x00,0x00,0x00,0x00,0x00,
  0xff,0xff,0xff,0xff,0xff,0xc8,0x00,0x00,0x00,0x00,0x00,0x00,0xfc,0xff,0xff,0xff,0xff,0xcc,0x00,0x00,0x00,0x00,0x00,0x00,
  0x00,0x00,0x00,0x00,0x00,0xff,0xff,0xff,0xff,0xff,0xc8,0x00,0x00,0x00,0x00,0x00,0x00,0xfc,0xff,0xff,0xff,0xff,0xcc,0x00,
  0x00,0x00,0x00,0x00,0x00,0x00,0x00,0x00,0x00,0x00,0xff,0xff,0xff,0xff,0xff,0xc8,0x00,0x00,0x00,0x00,0x00,0x00,0xfc,0xff,
  0xff,0xff,0xff,0xcc,0x00,0x00,0x00,0x00,0x00,0x00,0x00,0x00,0x00,0x00,0x00,0xff,0xff,0xff,0xff,0xff,0xc8,0x00,0x00,0x00,
  0x00,0x00,0x00,0xfc,0xff,0xff,0xff,0xff,0xcc,0x00,0x00,0x00,0x00,0x00,0x00,0x00,0x00,0x00,0x00,0x00,0xff,0xff,0xff,0xff,
  0xff,0xc8,0x00,0x00,0x00,0x00,0x00,0x00,0xfc,0xff,0xff,0xff,0xff,0xff,0xff,0xff,0xff,0xff,0xff,0xff,0xff,0xff,0xff,0xff,
  0xff,0xff,0xff,0xff,0xff,0xff,0xff,0xff,0xff,0x2c,0x00,0x00,0x00,0xfc,0xff,0xff,0xff,0xff,0xff,0xff,0xff,0xff,0xff,0xff,
  0xff,0xff,0xff,0xff,0xff,0xff,0xff,0xff,0xff,0xff,0xff,0xff,0xff,0xff,0x2c,0x00,0x00,0x00,0xfc,0xff,0xff,0xff,0xff,0xff,
  0xff,0xff,0xff,0xff,0xff,0xff,0xff,0xff,0xff,0xff,0xff,0xff,0xff,0xff,0xff,0xff,0xff,0xff,0xff,0x2c,0x00,0x00,0x00,0xfc,
  0xff,0xff,0xff,0xff,0xff,0xff,0xff,0xff,0xff,0xff,0xff,0xff,0xff,0xff,0xff,0xff,0xff,0xff,0xff,0xff,0xff,0xff,0xff,0xff,
  0x2c,0x00,0x00,0x00,0xfc,0xff,0xff,0xff,0xff,0xff,0xff,0xff,0xff,0xff,0xff,0xff,0xff,0xff,0xff,0xff,0xff,0xff,0xff,0xff,
  0xff,0xff,0xff,0xff,0xff,0x2c,0x00,0x00,0x00,0x00,0x00,0x00,0x00,0x00,0x00,0x00,0x00,0x00,0x00,0x00,0x00,0x00,0x00,0x00,
  0x00,0x00,0x00,0x00,0x00,0xa4,0xff,0xff,0xff,0xff,0x2c,0x00,0x00,0x00,0x00,0x00,0x00,0x00,0x00,0x00,0x00,0x00,0x00,0x00,
  0x00,0x00,0x00,0x00,0x00,0x00,0x00,0x00,0x00,0x00,0xa4,0xff,0xff,0xff,0xff,0x2c,0x00,0x00,0x00,0x00,0x00,0x00,0x00,0x00,
  0x00,0x00,0x00,0x00,0x00,0x00,0x00,0x00,0x00,0x00,0x00,0x00,0x00,0x00,0x00,0xa4,0xff,0xff,0xff,0xff,0x2c,0x00,0x00,0x00,
  0x00,0x00,0x00,0x00,0x00,0x00,0x00,0x00,0x00,0x00,0x00,0x00,0x00,0x00,0x00,0x00,0x00,0x00,0x00,0x00,0xa4,0xff,0xff,0xff,
  0xff,0x2c,0x00,0x00,0x00,0x00,0x00,0x00,0x00,0x00,0x00,0x00,0x00,0x00,0x00,0x00,0x00,0x00,0x00,0x00,0x00,0x00,0x00,0x00,
  0x00,0xa4,0xff,0xff,0xff,0xff,0x2c,0x00,0x00,0x00,0x00,0x00,0x00,0x00,0x00,0x00,0x00,0x00,0x00,0x00,0x00,0x00,0x00,0x00,
  0x00,0x00,0x00,0x00,0x00,0x00,0xa4,0xff,0xff,0xff,0xff,0x2c,0x00,0x00,0x90,0xff,0xff,0xff,0xff,0xff,0x38,0x00,0x00,0x00,
  0x00,0x00,0x00,0x00,0x00,0x00,0x00,0xb8,0xff,0xff,0xff,0xff,0xff,0x10,0x00,0x00,0x00,0x00,0x90,0xff,0xff,0xff,0xff,0xff,
  0x38,0x00,0x00,0x00,0x00,0x00,0x00,0x00,0x00,0x00,0x00,0xb8,0xff,0xff,0xff,0xff,0xff,0x10,0x00,0x00,0x00,0x00,0x90,0xff,
  0xff,0xff,0xff,0xff,0x38,0x00,0x00,0x00,0x00,0x00,0x00,0x00,0x00,0x00,0x00,0xb8,0xff,0xff,0xff,0xff,0xff,0x10,0x00,0x00,
  0x00,0x00,0x90,0xff,0xff,0xff,0xff,0xff,0x38,0x00,0x00,0x00,0x00,0x00,0x00,0x00,0x00,0x00,0x00,0xb8,0xff,0xff,0xff,0xff,
  0xff,0x10,0x00,0x00,0x00,0x00,0x90,0xff,0xff,0xff,0xff,0xff,0x38,0x00,0x00,0x00,0x00,0x00,0x00,0x00,0x00,0x00,0x00,0xb8,
  0xff,0xff,0xff,0xff,0xff,0x10,0x00,0x00,0x00,0x00,0x90,0xff,0xff,0xff,0xff,0xff,0x38,0x00,0x00,0x00,0x00,0x00,0x00,0x00,
  0x00,0x00,0x00,0xb8,0xff,0xff,0xff,0xff,0xff,0x10,0x00,0x00,0x00,0x00,0x90,0xff,0xff,0xff,0xff,0xff,0x38,0x00,0x00,0x00,
  0x00,0x00,0x00,0x00,0x00,0x00,0x00,0xb8,0xff,0xff,0xff,0xff,0xff,0x10,0x00,0x00,0x00,0x00,0x90,0xff,0xff,0xff,0xff,0xff,
  0x39,0x00,0x00,0x00,0x00,0x00,0x00,0x00,0x00,0x00,0x00,0xb8,0xff,0xff,0xff,0xff,0xff,0x10,0x00,0x00,0x00,0x00,0x90,0xff,
  0xff,0xff,0xff,0xff,0x3c,0x00,0x00,0x00,0x00,0x00,0x00,0x00,0x00,0x00,0x00,0xb8,0xff,0xff,0xff,0xff,0xff,0x10,0x00,0x00,
  0x00,0x00,0x8f,0xff,0xff,0xff,0xff,0xff,0x45,0x00,0x00,0x00,0x00,0x00,0x00,0x00,0x00,0x00,0x00,0xb8,0xff,0xff,0xff,0xff,
  0xff,0x10,0x00,0x00,0x00,0x00,0x83,0xff,0xff,0xff,0xff,0xff,0x58,0x00,0x00,0x00,0x00,0x00,0x00,0x00,0x00,0x00,0x00,0xb8,
  0xff,0xff,0xff,0xff,0xff,0x10,0x00,0x00,0x00,0x00,0x70,0xff,0xff,0xff,0xff,0xff,0x90,0x00,0x00,0x00,0x00,0x00,0x00,0x00,
  0x00,0x00,0x00,0xb8,0xff,0xff,0xff,0xff,0xff,0x10,0x00,0x00,0x00,0x00,0x4a,0xff,0xff,0xff,0xff,0xff,0xf4,0x36,0x00,0x00,
  0x00,0x00,0x00,0x00,0x00,0x00,0x27,0xdc,0xff,0xff,0xff,0xff,0xff,0x10,0x00,0x00,0x00,0x00,0x0b,0xf9,0xff,0xff,0xff,0xff,
  0xff,0xf4,0x81,0x31,0x0c,0x03,0x0e,0x28,0x5b,0xad,0xfa,0xff,0xff,0xff,0xff,0xff,0xff,0x10,0x00,0x00,0x00,0x00,0x00,0xa3,
  0xff,0xff,0xff,0xff,0xff,0xff,0xff,0xff,0xff,0xff,0xff,0xff,0xff,0xff,0xff,0xff,0xff,0xff,0xff,0xff,0xff,0x10,0x00,0x00,
  0x00,0x00,0x00,0x1d,0xf2,0xff,0xff,0xff,0xff,0xff,0xff,0xff,0xff,0xff,0xff,0xff,0xff,0xff,0xff,0xff,0xff,0xff,0xff,0xff,
  0xff,0x10,0x00,0x00,0x00,0x00,0x00,0x00,0x38,0xef,0xff,0xff,0xff,0xff,0xff,0xff,0xff,0xff,0xff,0xff,0xff,0xff,0xff,0xff,
  0xff,0xff,0xff,0xff,0xff,0x10,0x00,0x00,0x00,0x00,0x00,0x00,0x00,0x1c,0xa6,0xfd,0xff,0xff,0xff,0xff,0xff,0xff,0xff,0xff,
  0xff,0xfd,0xb7,0xd9,0xff,0xff,0xff,0xff,0xff,0x10,0x00,0x00,0x00,0x00,0x00,0x00,0x00,0x00,0x00,0x1b,0x74,0xaf,0xdd,0xf1,
  0xfc,0xf0,0xd4,0xa6,0x65,0x1a,0x00,0xb8,0xff,0xff,0xff,0xff,0xff,0x10,0x00,0x00,0x00,0x00,0x00,0x00,0x00,0x00,0x00,0x00,
  0x00,0x00,0x00,0x00,0x00,0x00,0x00,0x00,0x00,0x00,0x00,0xb8,0xff,0xff,0xff,0xff,0xff,0x10,0x00,0x00,0x00,0x00,0x00,0x00,
  0x00,0x00,0x00,0x00,0x00,0x00,0x00,0x00,0x00,0x00,0x00,0x00,0x00,0x00,0x00,0xb8,0xff,0xff,0xff,0xff,0xff,0x10,0x00,0x00,
  0x00,0x00,0x00,0x00,0x00,0x00,0x00,0x00,0x00,0x00,0x00,0x00,0x00,0x00,0x00,0x00,0x00,0x00,0x00,0xb8,0xff,0xff,0xff,0xff,
  0xff,0x10,0x00,0x00,0x00,0x00,0x00,0x00,0x00,0x00,0x00,0x00,0x00,0x00,0x00,0x00,0x00,0x00,0x00,0x00,0x00,0x00,0x00,0xb8,
  0xff,0xff,0xff,0xff,0xff,0x10,0x00,0x00,0x00,0x00,0x00,0x00,0x00,0x00,0x00,0x00,0x00,0x00,0x00,0x00,0x00,0x00,0x00,0x00,
  0x00,0x00,0x00,0xb8,0xff,0xff,0xff,0xff,0xff,0x10,0x00,0x00,0x00,0x00,0x00,0x00,0x00,0x00,0x00,0x00,0x00,0x00,0x00,0x00,
  0x00,0x00,0x00,0x00,0x00,0x00,0x00,0xb8,0xff,0xff,0xff,0xff,0xff,0x10,0x00,0x00,0x00,0x00,0x00,0x00,0x00,0x00,0x00,0x00,
  0x00,0x00,0x00,0x00,0x00,0x00,0x00,0x00,0x00,0x00,0x00,0xb8,0xff,0xff,0xff,0xff,0xff,0x10,0x00,0x00,0x00,0x00,0x00,0x00,
  0x00,0x00,0x00,0x00,0x00,0x00,0x00,0x00,0x00,0x00,0x00,0x00,0x00,0x00,0x00,0xb8,0xff,0xff,0xff,0xff,0xff,0x10,0x00,0x00,
  0x00,0x00,0x00,0x00,0x00,0x00,0x00,0x00,0x00,0x00,0x00,0x00,0x00,0x00,0x00,0x00,0x00,0x00,0x00,0xb8,0xff,0xff,0xff,0xff,
  0xff,0x10,0x00,0x00,0x00,0x00,0x00,0x00,0x00,0x00,0x00,0x00,0x00,0x00,0x00,0x00,0x00,0x00,0x00,0x00,0x00,0x00,0x00,0xb8,
  0xff,0xff,0xff,0xff,0xff,0x10,0x00,0x00,0x00,0x00,0x00,0xfc,0xff,0xff,0xff,0xff,0xcc,0x00,0x00,0x00,0x00,0x00,0x00,0x00,
  0x00,0xec,0xff,0xff,0xff,0xff,0xd4,0x00,0x00,0x00,0x00,0x00,0x00,0x00,0x00,0x9c,0xff,0xff,0xff,0xff,0xff,0x27,0x00,0x00,
  0x00,0x00,0x00,0xfc,0xff,0xff,0xff,0xff,0xcc,0x00,0x00,0x00,0x00,0x00,0x00,0x00,0x00,0xec,0xff,0xff,0xff,0xff,0xd4,0x00,
  0x00,0x00,0x00,0x00,0x00,0x00,0x00,0x9c,0xff,0xff,0xff,0xff,0xff,0x28,0x00,0x00,0x00,0x00,0x00,0xfc,0xff,0xff,0xff,0xff,
  0xcc,0x00,0x00,0x00,0x00,0x00,0x00,0x00,0x00,0xec,0xff,0xff,0xff,0xff,0xd4,0x00,0x00,0x00,0x00,0x00,0x00,0x00,0x00,0x9c,
  0xff,0xff,0xff,0xff,0xff,0x28,0x00,0x00,0x00,0x00,0x00,0xfc,0xff,0xff,0xff,0xff,0xcc,0x00,0x00,0x00,0x00,0x00,0x00,0x00,
  0x00,0xec,0xff,0xff,0xff,0xff,0xd4,0x00,0x00,0x00,0x00,0x00,0x00,0x00,0x00,0x9c,0xff,0xff,0xff,0xff,0xff,0x28,0x00,0x00,
  0x00,0x00,0x00,0xfc,0xff,0xff,0xff,0xff,0xcc,0x00,0x00,0x00,0x00,0x00,0x00,0x00,0x00,0xec,0xff,0xff,0xff,0xff,0xd4,0x00,
  0x00,0x00,0x00,0x00,0x00,0x00,0x00,0x9c,0xff,0xff,0xff,0xff,0xff,0x29,0x00,0x00,0x00,0x00,0x00,0xfc,0xff,0xff,0xff,0xff,
  0xcc,0x00,0x00,0x00,0x00,0x00,0x00,0x00,0x00,0xec,0xff,0xff,0xff,0xff,0xd4,0x00,0x00,0x00,0x00,0x00,0x00,0x00,0x00,0x9c,
  0xff,0xff,0xff,0xff,0xff,0x29,0x00,0x00,0x00,0x00,0x00,0xfc,0xff,0xff,0xff,0xff,0xcc,0x00,0x00,0x00,0x00,0x00,0x00,0x00,
  0x00,0xec,0xff,0xff,0xff,0xff,0xd4,0x00,0x00,0x00,0x00,0x00,0x00,0x00,0x00,0x9c,0xff,0xff,0xff,0xff,0xff,0x29,0x00,0x00,
  0x00,0x00,0x00,0xfc,0xff,0xff,0xff,0xff,0xcc,0x00,0x00,0x00,0x00,0x00,0x00,0x00,0x00,0xec,0xff,0xff,0xff,0xff,0xd4,0x00,
  0x00,0x00,0x00,0x00,0x00,0x00,0x00,0x9c,0xff,0xff,0xff,0xff,0xff,0x29,0x00,0x00,0x00,0x00,0x00,0xfc,0xff,0xff,0xff,0xff,
  0xcc,0x00,0x00,0x00,0x00,0x00,0x00,0x00,0x00,0xec,0xff,0xff,0xff,0xff,0xd4,0x00,0x00,0x00,0x00,0x00,0x00,0x00,0x00,0x9c,
  0xff,0xff,0xff,0xff,0xff,0x2a,0x00,0x00,0x00,0x00,0x00,0xfc,0xff,0xff,0xff,0xff,0xcc,0x00,0x00,0x00,0x00,0x00,0x00,0x00,
  0x00,0xec,0xff,0xff,0xff,0xff,0xd4,0x00,0x00,0x00,0x00,0x00,0x00,0x00,0x00,0x9c,0xff,0xff,0xff,0xff,0xff,0x2a,0x00,0x00,
  0x00,0x00,0x00,0xfc,0xff,0xff,0xff,0xff,0xcc,0x00,0x00,0x00,0x00,0x00,0x00,0x00,0x00,0xec,0xff,0xff,0xff,0xff,0xd4,0x00,
  0x00,0x00,0x00,0x00,0x00,0x00,0x00,0x9c,0xff,0xff,0xff,0xff,0xff,0x2a,0x00,0x00,0x00,0x00,0x00,0xfc,0xff,0xff,0xff,0xff,
  0xcc,0x00,0x00,0x00,0x00,0x00,0x00,0x00,0x00,0xec,0xff,0xff,0xff,0xff,0xd4,0x00,0x00,0x00,0x00,0x00,0x00,0x00,0x00,0x9c,
  0xff,0xff,0xff,0xff,0xff,0x2b,0x00,0x00,0x00,0x00,0x00,0xfc,0xff,0xff,0xff,0xff,0xcc,0x00,0x00,0x00,0x00,0x00,0x00,0x00,
  0x00,0xec,0xff,0xff,0xff,0xff,0xd4,0x00,0x00,0x00,0x00,0x00,0x00,0x00,0x00,0x9c,0xff,0xff,0xff,0xff,0xff,0x2b,0x00,0x00,
  0x00,0x00,0x00,0xfc,0xff,0xff,0xff,0xff,0xcc,0x00,0x00,0x00,0x00,0x00,0x00,0x00,0x00,0xec,0xff,0xff,0xff,0xff,0xd4,0x00,
  0x00,0x00,0x00,0x00,0x00,0x00,0x00,0x9c,0xff,0xff,0xff,0xff,0xff,0x2b,0x00,0x00,0x00,0x00,0x00,0xfc,0xff,0xff,0xff,0xff,
  0xcc,0x00,0x00,0x00,0x00,0x00,0x00,0x00,0x00,0xec,0xff,0xff,0xff,0xff,0xd4,0x00,0x00,0x00,0x00,0x00,0x00,0x00,0x00,0x9c,
  0xff,0xff,0xff,0xff,0xff,0x2b,0x00,0x00,0x00,0x00,0x00,0xfc,0xff,0xff,0xff,0xff,0xcc,0x00,0x00,0x00,0x00,0x00,0x00,0x00,
  0x00,0xec,0xff,0xff,0xff,0xff,0xd4,0x00,0x00,0x00,0x00,0x00,0x00,0x00,0x00,0x9c,0xff,0xff,0xff,0xff,0xff,0x2c,0x00,0x00,
  0x00,0x00,0x00,0xfc,0xff,0xff,0xff,0xff,0xcc,0x00,0x00,0x00,0x00,0x00,0x00,0x00,0x00,0xec,0xff,0xff,0xff,0xff,0xd4,0x00,
  0x00,0x00,0x00,0x00,0x00,0x00,0x00,0x9c,0xff,0xff,0xff,0xff,0xff,0x2c,0x00,0x00,0x00,0x00,0x00,0xfc,0xff,0xff,0xff,0xff,
  0xcc,0x00,0x00,0x00,0x00,0x00,0x00,0x00,0x00,0xec,0xff,0xff,0xff,0xff,0xd4,0x00,0x00,0x00,0x00,0x00,0x00,0x00,0x00,0x9c,
  0xff,0xff,0xff,0xff,0xff,0x2c,0x00,0x00,0x00,0x00,0x00,0xfc,0xff,0xff,0xff,0xff,0xcc,0x00,0x00,0x00,0x00,0x00,0x00,0x00,
  0x00,0xec,0xff,0xff,0xff,0xff,0xd4,0x00,0x00,0x00,0x00,0x00,0x00,0x00,0x00,0x9c,0xff,0xff,0xff,0xff,0xff,0x2c,0x00,0x00,
  0x00,0x00,0x00,0xfc,0xff,0xff,0xff,0xff,0xcc,0x00,0x00,0x00,0x00,0x00,0x00,0x00,0x00,0xec,0xff,0xff,0xff,0xff,0xd4,0x00,
  0x00,0x00,0x00,0x00,0x00,0x00,0x00,0x9c,0xff,0xff,0xff,0xff,0xff,0x2d,0x00,0x00,0x00,0x00,0x00,0xfc,0xff,0xff,0xff,0xff,
  0xcc,0x00,0x00,0x00,0x00,0x00,0x00,0x00,0x00,0xec,0xff,0xff,0xff,0xff,0xd4,0x00,0x00,0x00,0x00,0x00,0x00,0x00,0x00,0x9c,
  0xff,0xff,0xff,0xff,0xff,0x2d,0x00,0x00,0x00,0x00,0x00,0xfc,0xff,0xff,0xff,0xff,0xcc,0x00,0x00,0x00,0x00,0x00,0x00,0x00,
  0x00,0xec,0xff,0xff,0xff,0xff,0xd4,0x00,0x00,0x00,0x00,0x00,0x00,0x00,0x00,0x9c,0xff,0xff,0xff,0xff,0xff,0x2d,0x00,0x00,
  0x00,0x00,0x00,0xfc,0xff,0xff,0xff,0xff,0xcc,0x00,0x00,0x00,0x00,0x00,0x00,0x00,0x00,0xec,0xff,0xff,0xff,0xff,0xd4,0x00,
  0x00,0x00,0x00,0x00,0x00,0x00,0x00,0x9c,0xff,0xff,0xff,0xff,0xff,0x2e,0x00,0x00,0x00,0x00,0x00,0xfc,0xff,0xff,0xff,0xff,
  0xcc,0x00,0x00,0x00,0x00,0x00,0x00,0x00,0x00,0xec,0xff,0xff,0xff,0xff,0xd4,0x00,0x00,0x00,0x00,0x00,0x00,0x00,0x00,0x9c,
  0xff,0xff,0xff,0xff,0xff,0x2e,0x00,0x00,0x00,0x00,0x00,0xfc,0xff,0xff,0xff,0xff,0xff,0xff,0xff,0xff,0xff,0xff,0xff,0xff,
  0xff,0xff,0xff,0xff,0xff,0xff,0xff,0xff,0xff,0xff,0xff,0xff,0xff,0xff,0xff,0xff,0xff,0xff,0xff,0xff,0xff,0x2e,0x00,0x00,
  0x00,0x00,0x00,0xfc,0xff,0xff,0xff,0xff,0xff,0xff,0xff,0xff,0xff,0xff,0xff,0xff,0xff,0xff,0xff,0xff,0xff,0xff,0xff,0xff,
  0xff,0xff,0xff,0xff,0xff,0xff,0xff,0xff,0xff,0xff,0xff,0xff,0xff,0x2e,0x00,0x00,0x00,0x00,0x00,0xfc,0xff,0xff,0xff,0xff,
  0xff,0xff,0xff,0xff,0xff,0xff,0xff,0xff,0xff,0xff,0xff,0xff,0xff,0xff,0xff,0xff,0xff,0xff,0xff,0xff,0xff,0xff,0xff,0xff,
  0xff,0xff,0xff,0xff,0xff,0x2f,0x00,0x00,0x00,0x00,0x00,0xfc,0xff,0xff,0xff,0xff,0xff,0xff,0xff,0xff,0xff,0xff,0xff,0xff,
  0xff,0xff,0xff,0xff,0xff,0xff,0xff,0xff,0xff,0xff,0xff,0xff,0xff,0xff,0xff,0xff,0xff,0xff,0xff,0xff,0xff,0x2f,0x00,0x00,
  0x00,0x00,0x00,0xfc,0xff,0xff,0xff,0xff,0xff,0xff,0xff,0xff,0xff,0xff,0xff,0xff,0xff,0xff,0xff,0xff,0xff,0xff,0xff,0xff,
  0xff,0xff,0xff,0xff,0xff,0xff,0xff,0xff,0xff,0xff,0xff,0xff,0xff,0x2f,0x00,0x00,0x00,0x00,0x00,0x00,0x01,0x01,0x01,0x01,
  0x01,0x01,0x01,0x01,0x02,0x02,0x02,0x02,0x02,0x02,0x02,0x02,0x02,0x03,0x03,0x03,0x03,0x03,0x03,0x03,0x03,0x04,0x04,0x04,
  0x04,0x04,0x04,0x04,0x04,0x00,0x00,0x00,0x00,0x00,0x00,0xfc,0xff,0xff,0xff,0xff,0xcc,0x00,0x00,0x00,0x00,0x00,0x00,0x00,
  0x00,0xec,0xff,0xff,0xff,0xff,0xd4,0x00,0x00,0x00,0x00,0x00,0x00,0x00,0x00,0x9c,0xff,0xff,0xff,0xff,0xff,0x28,0x00,0x00,
  0x00,0x00,0x00,0x00,0xfc,0xff,0xff,0xff,0xff,0xcc,0x00,0x00,0x00,0x00,0x00,0x00,0x00,0x00,0xec,0xff,0xff,0xff,0xff,0xd4,
  0x00,0x00,0x00,0x00,0x00,0x00,0x00,0x00,0x9c,0xff,0xff,0xff,0xff,0xff,0x28,0x00,0x00,0x00,0x00,0x00,0x00,0xfc,0xff,0xff,
  0xff,0xff,0xcc,0x00,0x00,0x00,0x00,0x00,0x00,0x00,0x00,0xec,0xff,0xff,0xff,0xff,0xd4,0x00,0x00,0x00,0x00,0x00,0x00,0x00,
  0x00,0x9c,0xff,0xff,0xff,0xff,0xff,0x28,0x00,0x00,0x00,0x00,0x00,0x00,0xfc,0xff,0xff,0xff,0xff,0xcc,0x00,0x00,0x00,0x00,
  0x00,0x00,0x00,0x00,0xec,0xff,0xff,0xff,0xff,0xd4,0x00,0x00,0x00,0x00,0x00,0x00,0x00,0x00,0x9c,0xff,0xff,0xff,0xff,0xff,
  0x28,0x00,0x00,0x00,0x00,0x00,0x00,0xfc,0xff,0xff,0xff,0xff,0xcc,0x00,0x00,0x00,0x00,0x00,0x00,0x00,0x00,0xec,0xff,0xff,
  0xff,0xff,0xd4,0x00,0x00,0x00,0x00,0x00,0x00,0x00,0x00,0x9c,0xff,0xff,0xff,0xff,0xff,0x28,0x00,0x00,0x00,0x00,0x00,0x00,
  0xfc,0xff,0xff,0xff,0xff,0xcc,0x00,0x00,0x00,0x00,0x00,0x00,0x00,0x00,0xec,0xff,0xff,0xff,0xff,0xd4,0x00,0x00,0x00,0x00,
  0x00,0x00,0x00,0x00,0x9c,0xff,0xff,0xff,0xff,0xff,0x28,0x00,0x00,0x00,0x00,0x00,0x00,0xfc,0xff,0xff,0xff,0xff,0xcc,0x00,
  0x00,0x00,0x00,0x00,0x00,0x00,0x00,0xec,0xff,0xff,0xff,0xff,0xd4,0x00,0x00,0x00,0x00,0x00,0x00,0x00,0x00,0x9c,0xff,0xff,
  0xff,0xff,0xff,0x28,0x00,0x00,0x00,0x00,0x00,0x00,0xfc,0xff,0xff,0xff,0xff,0xcc,0x00,0x00,0x00,0x00,0x00,0x00,0x00,0x00,
  0xec,0xff,0xff,0xff,0xff,0xd4,0x00,0x00,0x00,0x00,0x00,0x00,0x00,0x00,0x9c,0xff,0xff,0xff,0xff,0xff,0x28,0x00,0x00,0x00,
  0x00,0x00,0x00,0xfc,0xff,0xff,0xff,0xff,0xcc,0x00,0x00,0x00,0x00,0x00,0x00,0x00,0x00,0xec,0xff,0xff,0xff,0xff,0xd4,0x00,
  0x00,0x00,0x00,0x00,0x00,0x00,0x00,0x9c,0xff,0xff,0xff,0xff,0xff,0x28,0x00,0x00,0x00,0x00,0x00,0x00,0xfc,0xff,0xff,0xff,
  0xff,0xcc,0x00,0x00,0x00,0x00,0x00,0x00,0x00,0x00,0xec,0xff,0xff,0xff,0xff,0xd4,0x00,0x00,0x00,0x00,0x00,0x00,0x00,0x00,
  0x9c,0xff,0xff,0xff,0xff,0xff,0x28,0x00,0x00,0x00,0x00,0x00,0x00,0xfc,0xff,0xff,0xff,0xff,0xcc,0x00,0x00,0x00,0x00,0x00,
  0x00,0x00,0x00,0xec,0xff,0xff,0xff,0xff,0xd4,0x00,0x00,0x00,0x00,0x00,0x00,0x00,0x00,0x9c,0xff,0xff,0xff,0xff,0xff,0x28,
  0x00,0x00,0x00,0x00,0x00,0x00,0xfc,0xff,0xff,0xff,0xff,0xcc,0x00,0x00,0x00,0x00,0x00,0x00,0x00,0x00,0xec,0xff,0xff,0xff,
  0xff,0xd4,0x00,0x00,0x00,0x00,0x00,0x00,0x00,0x00,0x9c,0xff,0xff,0xff,0xff,0xff,0x28,0x00,0x00,0x00,0x00,0x00,0x00,0xfc,
  0xff,0xff,0xff,0xff,0xcc,0x00,0x00,0x00,0x00,0x00,0x00,0x00,0x00,0xec,0xff,0xff,0xff,0xff,0xd4,0x00,0x00,0x00,0x00,0x00,
  0x00,0x00,0x00,0x9c,0xff,0xff,0xff,0xff,0xff,0x28,0x00,0x00,0x00,0x00,0x00,0x00,0xfc,0xff,0xff,0xff,0xff,0xcc,0x00,0x00,
  0x00,0x00,0x00,0x00,0x00,0x00,0xec,0xff,0xff,0xff,0xff,0xd4,0x00,0x00,0x00,0x00,0x00,0x00,0x00,0x00,0x9c,0xff,0xff,0xff,
  0xff,0xff,0x28,0x00,0x00,0x00,0x00,0x00,0x00,0xfc,0xff,0xff,0xff,0xff,0xcc,0x00,0x00,0x00,0x00,0x00,0x00,0x00,0x00,0xec,
  0xff,0xff,0xff,0xff,0xd4,0x00,0x00,0x00,0x00,0x00,0x00,0x00,0x00,0x9c,0xff,0xff,0xff,0xff,0xff,0x28,0x00,0x00,0x00,0x00,
  0x00,0x00,0xfc,0xff,0xff,0xff,0xff,0xcc,0x00,0x00,0x00,0x00,0x00,0x00,0x00,0x00,0xec,0xff,0xff,0xff,0xff,0xd4,0x00,0x00,
  0x00,0x00,0x00,0x00,0x00,0x00,0x9c,0xff,0xff,0xff,0xff,0xff,0x28,0x00,0x00,0x00,0x00,0x00,0x00,0xfc,0xff,0xff,0xff,0xff,
  0xcc,0x00,0x00,0x00,0x00,0x00,0x00,0x00,0x00,0xec,0xff,0xff,0xff,0xff,0xd4,0x00,0x00,0x00,0x00,0x00,0x00,0x00,0x00,0x9c,
  0xff,0xff,0xff,0xff,0xff,0x28,0x00,0x00,0x00,0x00,0x00,0x00,0xfc,0xff,0xff,0xff,0xff,0xcc,0x00,0x00,0x00,0x00,0x00,0x00,
  0x00,0x00,0xec,0xff,0xff,0xff,0xff,0xd4,0x00,0x00,0x00,0x00,0x00,0x00,0x00,0x00,0x9c,0xff,0xff,0xff,0xff,0xff,0x28,0x00,
  0x00,0x00,0x00,0x00,0x00,0xfc,0xff,0xff,0xff,0xff,0xcc,0x00,0x00,0x00,0x00,0x00,0x00,0x00,0x00,0xec,0xff,0xff,0xff,0xff,
  0xd4,0x00,0x00,0x00,0x00,0x00,0x00,0x00,0x00,0x9c,0xff,0xff,0xff,0xff,0xff,0x28,0x00,0x00,0x00,0x00,0x00,0x00,0xfc,0xff,
  0xff,0xff,0xff,0xcc,0x00,0x00,0x00,0x00,0x00,0x00,0x00,0x00,0xec,0xff,0xff,0xff,0xff,0xd4,0x00,0x00,0x00,0x00,0x00,0x00,
  0x00,0x00,0x9c,0xff,0xff,0xff,0xff,0xff,0x28,0x00,0x00,0x00,0x00,0x00,0x00,0xfc,0xff,0xff,0xff,0xff,0xcc,0x00,0x00,0x00,
  0x00,0x00,0x00,0x00,0x00,0xec,0xff,0xff,0xff,0xff,0xd4,0x00,0x00,0x00,0x00,0x00,0x00,0x00,0x00,0x9c,0xff,0xff,0xff,0xff,
  0xff,0x28,0x00,0x00,0x00,0x00,0x00,0x00,0xfc,0xff,0xff,0xff,0xff,0xcc,0x00,0x00,0x00,0x00,0x00,0x00,0x00,0x00,0xec,0xff,
  0xff,0xff,0xff,0xd4,0x00,0x00,0x00,0x00,0x00,0x00,0x00,0x00,0x9c,0xff,0xff,0xff,0xff,0xff,0x28,0x00,0x00,0x00,0x00,0x00,
  0x00,0xfc,0xff,0xff,0xff,0xff,0xcc,0x00,0x00,0x00,0x00,0x00,0x00,0x00,0x00,0xec,0xff,0xff,0xff,0xff,0xd4,0x00,0x00,0x00,
  0x00,0x00,0x00,0x00,0x00,0x9c,0xff,0xff,0xff,0xff,0xff,0x28,0x00,0x00,0x00,0x00,0x00,0x00,0xfc,0xff,0xff,0xff,0xff,0xcc,
  0x00,0x00,0x00,0x00,0x00,0x00,0x00,0x00,0xec,0xff,0xff,0xff,0xff,0xd4,0x00,0x00,0x00,0x00,0x00,0x00,0x00,0x00,0x9c,0xff,
  0xff,0xff,0xff,0xff,0x28,0x00,0x00,0x00,0x00,0x00,0x00,0xfc,0xff,0xff,0xff,0xff,0xff,0xff,0xff,0xff,0xff,0xff,0xff,0xff,
  0xff,0xff,0xff,0xff,0xff,0xff,0xff,0xff,0xff,0xff,0xff,0xff,0xff,0xff,0xff,0xff,0xff,0xff,0xff,0xff,0xff,0xff,0xff,0xbc,
  0x00,0x00,0x00,0x00,0xfc,0xff,0xff,0xff,0xff,0xff,0xff,0xff,0xff,0xff,0xff,0xff,0xff,0xff,0xff,0xff,0xff,0xff,0xff,0xff,
  0xff,0xff,0xff,0xff,0xff,0xff,0xff,0xff,0xff,0xff,0xff,0xff,0xff,0xff,0xff,0xff,0xbc,0x00,0x00,0x00,0x00,0xfc,0xff,0xff,
  0xff,0xff,0xff,0xff,0xff,0xff,0xff,0xff,0xff,0xff,0xff,0xff,0xff,0xff,0xff,0xff,0xff,0xff,0xff,0xff,0xff,0xff,0xff,0xff,
  0xff,0xff,0xff,0xff,0xff,0xff,0xff,0xff,0xff,0xbc,0x00,0x00,0x00,0x00,0xfc,0xff,0xff,0xff,0xff,0xff,0xff,0xff,0xff,0xff,
  0xff,0xff,0xff,0xff,0xff,0xff,0xff,0xff,0xff,0xff,0xff,0xff,0xff,0xff,0xff,0xff,0xff,0xff,0xff,0xff,0xff,0xff,0xff,0xff,
  0xff,0xff,0xbc,0x00,0x00,0x00,0x00,0xfc,0xff,0xff,0xff,0xff,0xff,0xff,0xff,0xff,0xff,0xff,0xff,0xff,0xff,0xff,0xff,0xff,
  0xff,0xff,0xff,0xff,0xff,0xff,0xff,0xff,0xff,0xff,0xff,0xff,0xff,0xff,0xff,0xff,0xff,0xff,0xff,0xbc,0x00,0x00,0x00,0x00,
  0x00,0x00,0x00,0x00,0x00,0x00,0x00,0x00,0x00,0x00,0x00,0x00,0x00,0x00,0x00,0x00,0x00,0x00,0x00,0x00,0x00,0x00,0x00,0x00,
  0x00,0x00,0x00,0x00,0x00,0x00,0x00,0x14,0xff,0xff,0xff,0xff,0xbc,0x00,0x00,0x00,0x00,0x00,0x00,0x00,0x00,0x00,0x00,0x00,
  0x00,0x00,0x00,0x00,0x00,0x00,0x00,0x00,0x00,0x00,0x00,0x00,0x00,0x00,0x00,0x00,0x00,0x00,0x00,0x00,0x00,0x00,0x00,0x00,
  0x14,0xff,0xff,0xff,0xff,0xbc,0x00,0x00,0x00,0x00,0x00,0x00,0x00,0x00,0x00,0x00,0x00,0x00,0x00,0x00,0x00,0x00,0x00,0x00,
  0x00,0x00,0x00,0x00,0x00,0x00,0x00,0x00,0x00,0x00,0x00,0x00,0x00,0x00,0x00,0x00,0x00,0x14,0xff,0xff,0xff,0xff,0xbc,0x00,
  0x00,0x00,0x00,0x00,0x00,0x00,0x00,0x00,0x00,0x00,0x00,0x00,0x00,0x00,0x00,0x00,0x00,0x00,0x00,0x00,0x00,0x00,0x00,0x00,
  0x00,0x00,0x00,0x00,0x00,0x00,0x00,0x00,0x00,0x00,0x14,0xff,0xff,0xff,0xff,0xbc,0x00,0x00,0x00,0x00,0x00,0x00,0x00,0x00,
  0x00,0x00,0x00,0x00,0x00,0x00,0x00,0x00,0x00,0x00,0x00,0x00,0x00,0x00,0x00,0x00,0x00,0x00,0x00,0x00,0x00,0x00,0x00,0x00,
  0x00,0x00,0x00,0x14,0xff,0xff,0xff,0xff,0xbc,0x00,0x00,0x00,0x00,0x00,0x00,0x00,0x00,0x00,0x00,0x00,0x00,0x00,0x00,0x00,
  0x00,0x00,0x00,0x00,0x00,0x00,0x00,0x00,0x00,0x00,0x00,0x00,0x00,0x00,0x00,0x00,0x00,0x00,0x00,0x00,0x14,0xff,0xff,0xff,
  0xff,0xbc,0x00,0x7c,0xff,0xff,0xff,0xff,0xff,0xff,0xff,0xff,0xff,0xff,0xff,0xff,0xff,0xd4,0x00,0x00,0x00,0x00,0x00,0x00,
  0x00,0x00,0x00,0x00,0x00,0x00,0x00,0x00,0x00,0x00,0x00,0x00,0x00,0x00,0x7c,0xff,0xff,0xff,0xff,0xff,0xff,0xff,0xff,0xff,
  0xff,0xff,0xff,0xff,0xd4,0x00,0x00,0x00,0x00,0x00,0x00,0x00,0x00,0x00,0x00,0x00,0x00,0x00,0x00,0x00,0x00,0x00,0x00,0x00,
  0x00,0x7c,0xff,0xff,0xff,0xff,0xff,0xff,0xff,0xff,0xff,0xff,0xff,0xff,0xff,0xd4,0x00,0x00,0x00,0x00,0x00,0x00,0x00,0x00,
  0x00,0x00,0x00,0x00,0x00,0x00,0x00,0x00,0x00,0x00,0x00,0x00,0x7c,0xff,0xff,0xff,0xff,0xff,0xff,0xff,0xff,0xff,0xff,0xff,
  0xff,0xff,0xd4,0x00,0x00,0x00,0x00,0x00,0x00,0x00,0x00,0x00,0x00,0x00,0x00,0x00,0x00,0x00,0x00,0x00,0x00,0x00,0x00,0x7c,
  0xff,0xff,0xff,0xff,0xff,0xff,0xff,0xff,0xff,0xff,0xff,0xff,0xff,0xd4,0x00,0x00,0x00,0x00,0x00,0x00,0x00,0x00,0x00,0x00,
  0x00,0x00,0x00,0x00,0x00,0x00,0x00,0x00,0x00,0x00,0x00,0x00,0x00,0x00,0x00,0x00,0x00,0x00,0x00,0xf4,0xff,0xff,0xff,0xff,
  0xd4,0x00,0x00,0x00,0x00,0x00,0x00,0x00,0x00,0x00,0x00,0x00,0x00,0x00,0x00,0x00,0x00,0x00,0x00,0x00,0x00,0x00,0x00,0x00,
  0x00,0x00,0x00,0x00,0x00,0x00,0xf4,0xff,0xff,0xff,0xff,0xd4,0x00,0x00,0x00,0x00,0x00,0x00,0x00,0x00,0x00,0x00,0x00,0x00,
  0x00,0x00,0x00,0x00,0x00,0x00,0x00,0x00,0x00,0x00,0x00,0x00,0x00,0x00,0x00,0x00,0x00,0xf4,0xff,0xff,0xff,0xff,0xd4,0x00,
  0x00,0x00,0x00,0x00,0x00,0x00,0x00,0x00,0x00,0x00,0x00,0x00,0x00,0x00,0x00,0x00,0x00,0x00,0x00,0x00,0x00,0x00,0x00,0x00,
  0x00,0x00,0x00,0x00,0xf4,0xff,0xff,0xff,0xff,0xd4,0x00,0x00,0x00,0x00,0x00,0x00,0x00,0x00,0x00,0x00,0x00,0x00,0x00,0x00,
  0x00,0x00,0x00,0x00,0x00,0x00,0x00,0x00,0x00,0x00,0x00,0x00,0x00,0x00,0x00,0xf4,0xff,0xff,0xff,0xff,0xd4,0x00,0x00,0x00,
  0x00,0x00,0x00,0x00,0x00,0x00,0x00,0x00,0x00,0x00,0x00,0x00,0x00,0x00,0x00,0x00,0x00,0x00,0x00,0x00,0x00,0x00,0x00,0x00,
  0x00,0x00,0xf4,0xff,0xff,0xff,0xff,0xd4,0x00,0x00,0x00,0x00,0x00,0x00,0x00,0x00,0x00,0x00,0x00,0x00,0x00,0x00,0x00,0x00,
  0x00,0x00,0x00,0x00,0x00,0x00,0x00,0x00,0x00,0x00,0x00,0x00,0x00,0xf4,0xff,0xff,0xff,0xff,0xd4,0x00,0x00,0x00,0x00,0x00,
  0x00,0x00,0x00,0x00,0x00,0x00,0x00,0x00,0x00,0x00,0x00,0x00,0x00,0x00,0x00,0x00,0x00,0x00,0x00,0x00,0x00,0x00,0x00,0x00,
  0xf4,0xff,0xff,0xff,0xff,0xff,0xff,0xff,0xff,0xff,0xff,0xff,0xff,0xfe,0xee,0xdc,0xc1,0x84,0x41,0x02,0x00,0x00,0x00,0x00,
  0x00,0x00,0x00,0x00,0x00,0x00,0x00,0x00,0x00,0x00,0x00,0xf4,0xff,0xff,0xff,0xff,0xff,0xff,0xff,0xff,0xff,0xff,0xff,0xff,
  0xff,0xff,0xff,0xff,0xff,0xff,0xd9,0x44,0x00,0x00,0x00,0x00,0x00,0x00,0x00,0x00,0x00,0x00,0x00,0x00,0x00,0x00,0xf4,0xff,
  0xff,0xff,0xff,0xff,0xff,0xff,0xff,0xff,0xff,0xff,0xff,0xff,0xff,0xff,0xff,0xff,0xff,0xff,0xfd,0x68,0x00,0x00,0x00,0x00,
  0x00,0x00,0x00,0x00,0x00,0x00,0x00,0x00,0x00,0xf4,0xff,0xff,0xff,0xff,0xff,0xff,0xff,0xff,0xff,0xff,0xff,0xff,0xff,0xff,
  0xff,0xff,0xff,0xff,0xff,0xff,0xfd,0x49,0x00,0x00,0x00,0x00,0x00,0x00,0x00,0x00,0x00,0x00,0x00,0x00,0xf4,0xff,0xff,0xff,
  0xff,0xff,0xff,0xff,0xff,0xff,0xff,0xff,0xff,0xff,0xff,0xff,0xff,0xff,0xff,0xff,0xff,0xff,0xe2,0x09,0x00,0x00,0x00,0x00,
  0x00,0x00,0x00,0x00,0x00,0x00,0x00,0xf4,0xff,0xff,0xff,0xff,0xd4,0x00,0x00,0x00,0x00,0x00,0x00,0x07,0x15,0x34,0x6f,0xd7,
  0xff,0xff,0xff,0xff,0xff,0xff,0x61,0x00,0x00,0x00,0x00,0x00,0x00,0x00,0x00,0x00,0x00,0x00,0xf4,0xff,0xff,0xff,0xff,0xd4,
  0x00,0x00,0x00,0x00,0x00,0x00,0x00,0x00,0x00,0x00,0x07,0xba,0xff,0xff,0xff,0xff,0xff,0xae,0x00,0x00,0x00,0x00,0x00,0x00,
  0x00,0x00,0x00,0x00,0x00,0xf4,0xff,0xff,0xff,0xff,0xd4,0x00,0x00,0x00,0x00,0x00,0x00,0x00,0x00,0x00,0x00,0x00,0x36,0xff,
  0xff,0xff,0xff,0xff,0xdb,0x00,0x00,0x00,0x00,0x00,0x00,0x00,0x00,0x00,0x00,0x00,0xf4,0xff,0xff,0xff,0xff,0xd4,0x00,0x00,
  0x00,0x00,0x00,0x00,0x00,0x00,0x00,0x00,0x00,0x14,0xff,0xff,0xff,0xff,0xff,0xeb,0x00,0x00,0x00,0x00,0x00,0x00,0x00,0x00,
  0x00,0x00,0x00,0xf4,0xff,0xff,0xff,0xff,0xd4,0x00,0x00,0x00,0x00,0x00,0x00,0x00,0x00,0x00,0x00,0x00,0x3e,0xff,0xff,0xff,
  0xff,0xff,0xdf,0x00,0x00,0x00,0x00,0x00,0x00,0x00,0x00,0x00,0x00,0x00,0xf4,0xff,0xff,0xff,0xff,0xd4,0x00,0x00,0x00,0x00,
  0x00,0x00,0x00,0x00,0x00,0x00,0x09,0xc5,0xff,0xff,0xff,0xff,0xff,0xb9,0x00,0x00,0x00,0x00,0x00,0x00,0x00,0x00,0x00,0x00,
  0x00,0xf4,0xff,0xff,0xff,0xff,0xd4,0x00,0x00,0x00,0x00,0x00,0x00,0x03,0x0d,0x24,0x5e,0xd3,0xff,0xff,0xff,0xff,0xff,0xff,
  0x74,0x00,0x00,0x00,0x00,0x00,0x00,0x00,0x00,0x00,0x00,0x00,0xf4,0xff,0xff,0xff,0xff,0xff,0xff,0xff,0xff,0xff,0xff,0xff,
  0xff,0xff,0xff,0xff,0xff,0xff,0xff,0xff,0xff,0xff,0xf2,0x15,0x00,0x00,0x00,0x00,0x00,0x00,0x00,0x00,0x00,0x00,0x00,0xf4,
  0xff,0xff,0xff,0xff,0xff,0xff,0xff,0xff,0xff,0xff,0xff,0xff,0xff,0xff,0xff,0xff,0xff,0xff,0xff,0xff,0xff,0x6a,0x00,0x00,
  0x00,0x00,0x00,0x00,0x00,0x00,0x00,0x00,0x00,0x00,0xf4,0xff,0xff,0xff,0xff,0xff,0xff,0xff,0xff,0xff,0xff,0xff,0xff,0xff,
  0xff,0xff,0xff,0xff,0xff,0xff,0xff,0x96,0x00,0x00,0x00,0x00,0x00,0x00,0x00,0x00,0x00,0x00,0x00,0x00,0x00,0xf4,0xff,0xff,
  0xff,0xff,0xff,0xff,0xff,0xff,0xff,0xff,0xff,0xff,0xff,0xff,0xff,0xff,0xff,0xff,0xf8,0x77,0x00,0x00,0x00,0x00,0x00,0x00,
  0x00,0x00,0x00,0x00,0x00,0x00,0x00,0x00,0xf4,0xff,0xff,0xff,0xff,0xff,0xff,0xff,0xff,0xff,0xff,0xff,0xff,0xff,0xfa,0xee,
  0xd7,0xb0,0x74,0x19,0x00,0x00,0x00,0x00,0x00,0x00,0x00,0x00,0x00,0xf0,0xff,0xff,0xff,0xff,0xd8,0x00,0x00,0x00,0x00,0x00,
  0x00,0x00,0x00,0x00,0x00,0x00,0x00,0x00,0x00,0x00,0x00,0x00,0x00,0x00,0x00,0x00,0xb4,0xff,0xff,0xff,0xff,0xff,0x14,0x00,
  0x00,0x00,0x00,0x00,0xf0,0xff,0xff,0xff,0xff,0xd8,0x00,0x00,0x00,0x00,0x00,0x00,0x00,0x00,0x00,0x00,0x00,0x00,0x00,0x00,
  0x00,0x00,0x00,0x00,0x00,0x00,0x00,0xb4,0xff,0xff,0xff,0xff,0xff,0x14,0x00,0x00,0x00,0x00,0x00,0xf0,0xff,0xff,0xff,0xff,
  0xd8,0x00,0x00,0x00,0x00,0x00,0x00,0x00,0x00,0x00,0x00,0x00,0x00,0x00,0x00,0x00,0x00,0x00,0x00,0x00,0x00,0x00,0xb4,0xff,
  0xff,0xff,0xff,0xff,0x14,0x00,0x00,0x00,0x00,0x00,0xf0,0xff,0xff,0xff,0xff,0xd8,0x00,0x00,0x00,0x00,0x00,0x00,0x00,0x00,
  0x00,0x00,0x00,0x00,0x00,0x00,0x00,0x00,0x00,0x00,0x00,0x00,0x00,0xb4,0xff,0xff,0xff,0xff,0xff,0x14,0x00,0x00,0x00,0x00,
  0x00,0xf0,0xff,0xff,0xff,0xff,0xd8,0x00,0x00,0x00,0x00,0x00,0x00,0x00,0x00,0x00,0x00,0x00,0x00,0x00,0x00,0x00,0x00,0x00,
  0x00,0x00,0x00,0x00,0xb4,0xff,0xff,0xff,0xff,0xff,0x14,0x00,0x00,0x00,0x00,0x00,0xf0,0xff,0xff,0xff,0xff,0xd8,0x00,0x00,
  0x00,0x00,0x00,0x00,0x00,0x00,0x00,0x00,0x00,0x00,0x00,0x00,0x00,0x00,0x00,0x00,0x00,0x00,0x00,0xb4,0xff,0xff,0xff,0xff,
  0xff,0x14,0x00,0x00,0x00,0x00,0x00,0xf0,0xff,0xff,0xff,0xff,0xd8,0x00,0x00,0x00,0x00,0x00,0x00,0x00,0x00,0x00,0x00,0x00,
  0x00,0x00,0x00,0x00,0x00,0x00,0x00,0x00,0x00,0x00,0xb4,0xff,0xff,0xff,0xff,0xff,0x14,0x00,0x00,0x00,0x00,0x00,0xf0,0xff,
  0xff,0xff,0xff,0xd8,0x00,0x00,0x00,0x00,0x00,0x00,0x00,0x00,0x00,0x00,0x00,0x00,0x00,0x00,0x00,0x00,0x00,0x00,0x00,0x00,
  0x00,0xb4,0xff,0xff,0xff,0xff,0xff,0x14,0x00,0x00,0x00,0x00,0x00,0xf0,0xff,0xff,0xff,0xff,0xd8,0x00,0x00,0x00,0x00,0x00,
  0x00,0x00,0x00,0x00,0x00,0x00,0x00,0x00,0x00,0x00,0x00,0x00,0x00,0x00,0x00,0x00,0xb4,0xff,0xff,0xff,0xff,0xff,0x14,0x00,
  0x00,0x00,0x00,0x00,0xf0,0xff,0xff,0xff,0xff,0xd8,0x00,0x00,0x00,0x00,0x00,0x00,0x00,0x00,0x00,0x00,0x00,0x00,0x00,0x00,
  0x00,0x00,0x00,0x00,0x00,0x00,0x00,0xb4,0xff,0xff,0xff,0xff,0xff,0x14,0x00,0x00,0x00,0x00,0x00,0xf0,0xff,0xff,0xff,0xff,
  0xd8,0x00,0x00,0x00,0x00,0x00,0x00,0x00,0x00,0x00,0x00,0x00,0x00,0x00,0x00,0x00,0x00,0x00,0x00,0x00,0x00,0x00,0xb4,0xff,
  0xff,0xff,0xff,0xff,0x14,0x00,0x00,0x00,0x00,0x00,0xf0,0xff,0xff,0xff,0xff,0xd8,0x00,0x00,0x00,0x00,0x00,0x00,0x00,0x00,
  0x00,0x00,0x00,0x00,0x00,0x00,0x00,0x00,0x00,0x00,0x00,0x00,0x00,0xb4,0xff,0xff,0xff,0xff,0xff,0x14,0x00,0x00,0x00,0x00,
  0x00,0xf0,0xff,0xff,0xff,0xff,0xff,0xff,0xff,0xff,0xff,0xff,0xff,0xff,0xfe,0xee,0xdb,0xc0,0x82,0x3f,0x01,0x00,0x00,0x00,
  0x00,0x00,0x00,0x00,0xb4,0xff,0xff,0xff,0xff,0xff,0x14,0x00,0x00,0x00,0x00,0x00,0xf0,0xff,0xff,0xff,0xff,0xff,0xff,0xff,
  0xff,0xff,0xff,0xff,0xff,0xff,0xff,0xff,0xff,0xff,0xff,0xd8,0x42,0x00,0x00,0x00,0x00,0x00,0x00,0xb4,0xff,0xff,0xff,0xff,
  0xff,0x14,0x00,0x00,0x00,0x00,0x00,0xf0,0xff,0xff,0xff,0xff,0xff,0xff,0xff,0xff,0xff,0xff,0xff,0xff,0xff,0xff,0xff,0xff,
  0xff,0xff,0xff,0xfd,0x66,0x00,0x00,0x00,0x00,0x00,0xb4,0xff,0xff,0xff,0xff,0xff,0x14,0x00,0x00,0x00,0x00,0x00,0xf0,0xff,
  0xff,0xff,0xff,0xff,0xff,0xff,0xff,0xff,0xff,0xff,0xff,0xff,0xff,0xff,0xff,0xff,0xff,0xff,0xff,0xfd,0x46,0x00,0x00,0x00,
  0x00,0xb4,0xff,0xff,0xff,0xff,0xff,0x14,0x00,0x00,0x00,0x00,0x00,0xf0,0xff,0xff,0xff,0xff,0xff,0xff,0xff,0xff,0xff,0xff,
  0xff,0xff,0xff,0xff,0xff,0xff,0xff,0xff,0xff,0xff,0xff,0xe0,0x08,0x00,0x00,0x00,0xb4,0xff,0xff,0xff,0xff,0xff,0x14,0x00,
  0x00,0x00,0x00,0x00,0xf0,0xff,0xff,0xff,0xff,0xd8,0x00,0x00,0x00,0x00,0x00,0x00,0x07,0x14,0x33,0x6d,0xd5,0xff,0xff,0xff,
  0xff,0xff,0xff,0x60,0x00,0x00,0x00,0xb4,0xff,0xff,0xff,0xff,0xff,0x14,0x00,0x00,0x00,0x00,0x00,0xf0,0xff,0xff,0xff,0xff,
  0xd8,0x00,0x00,0x00,0x00,0x00,0x00,0x00,0x00,0x00,0x00,0x06,0xb6,0xff,0xff,0xff,0xff,0xff,0xb0,0x00,0x00,0x00,0xb4,0xff,
  0xff,0xff,0xff,0xff,0x14,0x00,0x00,0x00,0x00,0x00,0xf0,0xff,0xff,0xff,0xff,0xd8,0x00,0x00,0x00,0x00,0x00,0x00,0x00,0x00,
  0x00,0x00,0x00,0x2f,0xff,0xff,0xff,0xff,0xff,0xde,0x00,0x00,0x00,0xb4,0xff,0xff,0xff,0xff,0xff,0x14,0x00,0x00,0x00,0x00,
  0x00,0xf0,0xff,0xff,0xff,0xff,0xd8,0x00,0x00,0x00,0x00,0x00,0x00,0x00,0x00,0x00,0x00,0x00,0x0d,0xff,0xff,0xff,0xff,0xff,
  0xee,0x00,0x00,0x00,0xb4,0xff,0xff,0xff,0xff,0xff,0x14,0x00,0x00,0x00,0x00,0x00,0xf0,0xff,0xff,0xff,0xff,0xd8,0x00,0x00,
  0x00,0x00,0x00,0x00,0x00,0x00,0x00,0x00,0x00,0x36,0xff,0xff,0xff,0xff,0xff,0xe3,0x00,0x00,0x00,0xb4,0xff,0xff,0xff,0xff,
  0xff,0x14,0x00,0x00,0x00,0x00,0x00,0xf0,0xff,0xff,0xff,0xff,0xd8,0x00,0x00,0x00,0x00,0x00,0x00,0x00,0x00,0x00,0x00,0x07,
  0xc0,0xff,0xff,0xff,0xff,0xff,0xbe,0x00,0x00,0x00,0xb4,0xff,0xff,0xff,0xff,0xff,0x14,0x00,0x00,0x00,0x00,0x00,0xf0,0xff,
  0xff,0xff,0xff,0xd8,0x00,0x00,0x00,0x00,0x00,0x00,0x02,0x0b,0x1f,0x57,0xce,0xff,0xff,0xff,0xff,0xff,0xff,0x7a,0x00,0x00,
  0x00,0xb4,0xff,0xff,0xff,0xff,0xff,0x14,0x00,0x00,0x00,0x00,0x00,0xf0,0xff,0xff,0xff,0xff,0xff,0xff,0xff,0xff,0xff,0xff,
  0xff,0xff,0xff,0xff,0xff,0xff,0xff,0xff,0xff,0xff,0xff,0xf5,0x19,0x00,0x00,0x00,0xb4,0xff,0xff,0xff,0xff,0xff,0x14,0x00,
  0x00,0x00,0x00,0x00,0xf0,0xff,0xff,0xff,0xff,0xff,0xff,0xff,0xff,0xff,0xff,0xff,0xff,0xff,0xff,0xff,0xff,0xff,0xff,0xff,
  0xff,0xff,0x73,0x00,0x00,0x00,0x00,0xb4,0xff,0xff,0xff,0xff,0xff,0x14,0x00,0x00,0x00,0x00,0x00,0xf0,0xff,0xff,0xff,0xff,
  0xff,0xff,0xff,0xff,0xff,0xff,0xff,0xff,0xff,0xff,0xff,0xff,0xff,0xff,0xff,0xff,0xa0,0x00,0x00,0x00,0x00,0x00,0xb4,0xff,
  0xff,0xff,0xff,0xff,0x14,0x00,0x00,0x00,0x00,0x00,0xf0,0xff,0xff,0xff,0xff,0xff,0xff,0xff,0xff,0xff,0xff,0xff,0xff,0xff,
  0xff,0xff,0xff,0xff,0xff,0xfb,0x83,0x02,0x00,0x00,0x00,0x00,0x00,0xb4,0xff,0xff,0xff,0xff,0xff,0x14,0x00,0x00,0x00,0x00,
  0x00,0xf0,0xff,0xff,0xff,0xff,0xff,0xff,0xff,0xff,0xff,0xff,0xff,0xff,0xff,0xfb,0xf0,0xd9,0xb4,0x7b,0x1f,0x00,0x00,0x00,
  0x00,0x00,0x00,0x00,0xb4,0xff,0xff,0xff,0xff,0xff,0x14,0x00,0x00,0x00,0x00,0x00,0xf8,0xff,0xff,0xff,0xff,0xd0,0x00,0x00,
  0x00,0x00,0x00,0x00,0x00,0x00,0x00,0x00,0x00,0x00,0x00,0x00,0x00,0x00,0x00,0x00,0x00,0x00,0x00,0x00,0x00,0xf8,0xff,0xff,
  0xff,0xff,0xd0,0x00,0x00,0x00,0x00,0x00,0x00,0x00,0x00,0x00,0x00,0x00,0x00,0x00,0x00,0x00,0x00,0x00,0x00,0x00,0x00,0x00,
  0x00,0x00,0xf8,0xff,0xff,0xff,0xff,0xd0,0x00,0x00,0x00,0x00,0x00,0x00,0x00,0x00,0x00,0x00,0x00,0x00,0x00,0x00,0x00,0x00,
  0x00,0x00,0x00,0x00,0x00,0x00,0x00,0xf8,0xff,0xff,0xff,0xff,0xd0,0x00,0x00,0x00,0x00,0x00,0x00,0x00,0x00,0x00,0x00,0x00,
  0x00,0x00,0x00,0x00,0x00,0x00,0x00,0x00,0x00,0x00,0x00,0x00,0xf8,0xff,0xff,0xff,0xff,0xd0,0x00,0x00,0x00,0x00,0x00,0x00,
  0x00,0x00,0x00,0x00,0x00,0x00,0x00,0x00,0x00,0x00,0x00,0x00,0x00,0x00,0x00,0x00,0x00,0xf8,0xff,0xff,0xff,0xff,0xd0,0x00,
  0x00,0x00,0x00,0x00,0x00,0x00,0x00,0x00,0x00,0x00,0x00,0x00,0x00,0x00,0x00,0x00,0x00,0x00,0x00,0x00,0x00,0x00,0xf8,0xff,
  0xff,0xff,0xff,0xd0,0x00,0x00,0x00,0x00,0x00,0x00,0x00,0x00,0x00,0x00,0x00,0x00,0x00,0x00,0x00,0x00,0x00,0x00,0x00,0x00,
  0x00,0x00,0x00,0xf8,0xff,0xff,0xff,0xff,0xd0,0x00,0x00,0x00,0x00,0x00,0x00,0x00,0x00,0x00,0x00,0x00,0x00,0x00,0x00,0x00,
  0x00,0x00,0x00,0x00,0x00,0x00,0x00,0x00,0xf8,0xff,0xff,0xff,0xff,0xd0,0x00,0x00,0x00,0x00,0x00,0x00,0x00,0x00,0x00,0x00,
  0x00,0x00,0x00,0x00,0x00,0x00,0x00,0x00,0x00,0x00,0x00,0x00,0x00,0xf8,0xff,0xff,0xff,0xff,0xd0,0x00,0x00,0x00,0x00,0x00,
  0x00,0x00,0x00,0x00,0x00,0x00,0x00,0x00,0x00,0x00,0x00,0x00,0x00,0x00,0x00,0x00,0x00,0x00,0xf8,0xff,0xff,0xff,0xff,0xd0,
  0x00,0x00,0x00,0x00,0x00,0x00,0x00,0x00,0x00,0x00,0x00,0x00,0x00,0x00,0x00,0x00,0x00,0x00,0x00,0x00,0x00,0x00,0x00,0xf8,
  0xff,0xff,0xff,0xff,0xd0,0x00,0x00,0x00,0x00,0x00,0x00,0x00,0x00,0x00,0x00,0x00,0x00,0x00,0x00,0x00,0x00,0x00,0x00,0x00,
  0x00,0x00,0x00,0x00,0xf8,0xff,0xff,0xff,0xff,0xff,0xff,0xff,0xff,0xff,0xff,0xff,0xff,0xfe,0xf0,0xe0,0xbf,0x88,0x40,0x00,
  0x00,0x00,0x00,0x00,0x00,0x00,0x00,0x00,0x00,0xf8,0xff,0xff,0xff,0xff,0xff,0xff,0xff,0xff,0xff,0xff,0xff,0xff,0xff,0xff,
  0xff,0xff,0xff,0xff,0xd0,0x3d,0x00,0x00,0x00,0x00,0x00,0x00,0x00,0x00,0xf8,0xff,0xff,0xff,0xff,0xff,0xff,0xff,0xff,0xff,
  0xff,0xff,0xff,0xff,0xff,0xff,0xff,0xff,0xff,0xff,0xfb,0x64,0x00,0x00,0x00,0x00,0x00,0x00,0x00,0xf8,0xff,0xff,0xff,0xff,
  0xff,0xff,0xff,0xff,0xff,0xff,0xff,0xff,0xff,0xff,0xff,0xff,0xff,0xff,0xff,0xff,0xfc,0x42,0x00,0x00,0x00,0x00,0x00,0x00,
  0xf8,0xff,0xff,0xff,0xff,0xff,0xff,0xff,0xff,0xff,0xff,0xff,0xff,0xff,0xff,0xff,0xff,0xff,0xff,0xff,0xff,0xff,0xdb,0x04,
  0x00,0x00,0x00,0x00,0x00,0xf8,0xff,0xff,0xff,0xff,0xd0,0x00,0x00,0x00,0x00,0x00,0x00,0x07,0x16,0x36,0x73,0xda,0xff,0xff,
  0xff,0xff,0xff,0xff,0x59,0x00,0x00,0x00,0x00,0x00,0xf8,0xff,0xff,0xff,0xff,0xd0,0x00,0x00,0x00,0x00,0x00,0x00,0x00,0x00,
  0x00,0x00,0x09,0xbe,0xff,0xff,0xff,0xff,0xff,0xa6,0x00,0x00,0x00,0x00,0x00,0xf8,0xff,0xff,0xff,0xff,0xd0,0x00,0x00,0x00,
  0x00,0x00,0x00,0x00,0x00,0x00,0x00,0x00,0x3a,0xff,0xff,0xff,0xff,0xff,0xd2,0x00,0x00,0x00,0x00,0x00,0xf8,0xff,0xff,0xff,
  0xff,0xd0,0x00,0x00,0x00,0x00,0x00,0x00,0x00,0x00,0x00,0x00,0x00,0x19,0xff,0xff,0xff,0xff,0xff,0xe6,0x00,0x00,0x00,0x00,
  0x00,0xf8,0xff,0xff,0xff,0xff,0xd0,0x00,0x00,0x00,0x00,0x00,0x00,0x00,0x00,0x00,0x00,0x00,0x42,0xff,0xff,0xff,0xff,0xff,
  0xdc,0x00,0x00,0x00,0x00,0x00,0xf8,0xff,0xff,0xff,0xff,0xd0,0x00,0x00,0x00,0x00,0x00,0x00,0x00,0x00,0x00,0x00,0x0a,0xc9,
  0xff,0xff,0xff,0xff,0xff,0xb7,0x00,0x00,0x00,0x00,0x00,0xf8,0xff,0xff,0xff,0xff,0xd0,0x00,0x00,0x00,0x00,0x00,0x00,0x02,
  0x0c,0x20,0x5a,0xd3,0xff,0xff,0xff,0xff,0xff,0xff,0x74,0x00,0x00,0x00,0x00,0x00,0xf8,0xff,0xff,0xff,0xff,0xff,0xff,0xff,
  0xff,0xff,0xff,0xff,0xff,0xff,0xff,0xff,0xff,0xff,0xff,0xff,0xff,0xff,0xf3,0x16,0x00,0x00,0x00,0x00,0x00,0xf8,0xff,0xff,
  0xff,0xff,0xff,0xff,0xff,0xff,0xff,0xff,0xff,0xff,0xff,0xff,0xff,0xff,0xff,0xff,0xff,0xff,0xff,0x6e,0x00,0x00,0x00,0x00,
  0x00,0x00,0xf8,0xff,0xff,0xff,0xff,0xff,0xff,0xff,0xff,0xff,0xff,0xff,0xff,0xff,0xff,0xff,0xff,0xff,0xff,0xff,0xff,0x99,
  0x00,0x00,0x00,0x00,0x00,0x00,0x00,0xf8,0xff,0xff,0xff,0xff,0xff,0xff,0xff,0xff,0xff,0xff,0xff,0xff,0xff,0xff,0xff,0xff,
  0xff,0xff,0xf7,0x77,0x00,0x00,0x00,0x00,0x00,0x00,0x00,0x00,0xf8,0xff,0xff,0xff,0xff,0xff,0xff,0xff,0xff,0xff,0xff,0xff,
  0xff,0xff,0xfa,0xee,0xd6,0xaf,0x72,0x18,0x00,0x00,0x00,0x00,0x00,0x00,0x00,0x00,0x00,0x00,0x00,0x00,0x00,0x00,0x22,0x78,
  0xb1,0xdd,0xef,0xfc,0xf3,0xdd,0xb6,0x7b,0x2a,0x00,0x00,0x00,0x00,0x00,0x00,0x00,0x00,0x00,0x00,0x00,0x00,0x00,0x00,0x00,
  0x23,0xb2,0xfd,0xff,0xff,0xff,0xff,0xff,0xff,0xff,0xff,0xff,0xff,0xbf,0x38,0x00,0x00,0x00,0x00,0x00,0x00,0x00,0x00,0x00,
  0x00,0x00,0x00,0x5e,0xf4,0xff,0xff,0xff,0xff,0xff,0xff,0xff,0xff,0xff,0xff,0xff,0xff,0xff,0xfd,0x88,0x02,0x00,0x00,0x00,
  0x00,0x00,0x00,0x00,0x00,0x00,0x67,0xfe,0xff,0xff,0xff,0xff,0xff,0xff,0xff,0xff,0xff,0xff,0xff,0xff,0xff,0xff,0xff,0xff,
  0xa8,0x03,0x00,0x00,0x00,0x00,0x00,0x00,0x00,0x3b,0xfc,0xff,0xff,0xff,0xff,0xff,0xff,0xff,0xff,0xff,0xff,0xff,0xff,0xff,
  0xff,0xff,0xff,0xff,0xff,0x86,0x00,0x00,0x00,0x00,0x00,0x00,0x04,0xdd,0xff,0xff,0xff,0xff,0xff,0xff,0xd1,0x5e,0x1c,0x05,
  0x13,0x3e,0x95,0xfa,0xff,0xff,0xff,0xff,0xff,0xfd,0x3c,0x00,0x00,0x00,0x00,0x00,0x61,0xff,0xff,0xff,0xff,0xff,0xff,0xa1,
  0x05,0x00,0x00,0x00,0x00,0x00,0x00,0x2e,0xe5,0xff,0xff,0xff,0xff,0xff,0xd9,0x02,0x00,0x00,0x00,0x00,0xc7,0xff,0xff,0xff,
  0xff,0xff,0xbe,0x05,0x00,0x00,0x00,0x00,0x00,0x00,0x00,0x00,0x2d,0xf6,0xff,0xff,0xff,0xff,0xff,0x4e,0x00,0x00,0x00,0x14,
  0xfd,0xff,0xff,0xff,0xff,0xfe,0x26,0x00,0x00,0x00,0x00,0x00,0x00,0x00,0x00,0x00,0x00,0x7a,0xff,0xff,0xff,0xff,0xff,0xbd,
  0x00,0x00,0x00,0x01,0x20,0x4d,0x7a,0xa7,0xd3,0xb1,0x00,0x00,0x00,0x00,0x00,0x00,0x00,0x00,0x00,0x00,0x00,0x0b,0xf4,0xff,
  0xff,0xff,0xff,0xfc,0x0c,0x00,0x00,0x00,0x00,0x00,0x00,0x00,0x00,0x00,0x00,0x00,0x00,0x00,0x00,0x00,0x00,0x00,0x00,0x00,
  0x00,0x00,0xac,0xff,0xff,0xff,0xff,0xff,0x44,0x00,0x00,0x00,0x00,0x00,0x00,0x00,0x00,0x00,0x00,0x00,0x00,0x00,0x00,0x00,
  0x00,0x00,0x00,0x00,0x00,0x00,0x78,0xff,0xff,0xff,0xff,0xff,0x7b,0x00,0x00,0x00,0x00,0x00,0x00,0x00,0x00,0x00,0x00,0x00,
  0x00,0x5c,0xff,0xff,0xff,0xff,0xff,0xff,0xff,0xff,0xff,0xff,0xff,0xff,0xff,0xff,0x94,0x00,0x00,0x00,0x00,0x00,0x00,0x00,
  0x00,0x00,0x00,0x00,0x00,0x5c,0xff,0xff,0xff,0xff,0xff,0xff,0xff,0xff,0xff,0xff,0xff,0xff,0xff,0xff,0xa6,0x00,0x00,0x00,
  0x00,0x00,0x00,0x00,0x00,0x00,0x00,0x00,0x00,0x5c,0xff,0xff,0xff,0xff,0xff,0xff,0xff,0xff,0xff,0xff,0xff,0xff,0xff,0xff,
  0xb6,0x00,0x00,0x00,0x00,0x00,0x00,0x00,0x00,0x00,0x00,0x00,0x00,0x5c,0xff,0xff,0xff,0xff,0xff,0xff,0xff,0xff,0xff,0xff,
  0xff,0xff,0xff,0xff,0xb1,0x00,0x00,0x00,0x00,0x00,0x00,0x00,0x00,0x00,0x00,0x00,0x00,0x5c,0xff,0xff,0xff,0xff,0xff,0xff,
  0xff,0xff,0xff,0xff,0xff,0xff,0xff,0xff,0xa4,0x00,0x00,0x00,0x00,0x00,0x00,0x00,0x00,0x00,0x00,0x00,0x00,0x00,0x00,0x00,
  0x00,0x00,0x00,0x00,0x00,0x00,0x7b,0xff,0xff,0xff,0xff,0xff,0x85,0x00,0x00,0x00,0x00,0x00,0x07,0x4f,0xa7,0x8f,0x00,0x00,
  0x00,0x00,0x00,0x00,0x00,0x00,0x00,0x00,0x00,0x00,0xaf,0xff,0xff,0xff,0xff,0xff,0x5d,0x00,0x00,0x03,0x46,0x9e,0xef,0xff,
  0xff,0xd9,0x00,0x00,0x00,0x00,0x00,0x00,0x00,0x00,0x00,0x00,0x00,0x0a,0xf4,0xff,0xff,0xff,0xff,0xff,0x1f,0x00,0x00,0x23,
  0xff,0xff,0xff,0xff,0xff,0xff,0x3a,0x00,0x00,0x00,0x00,0x00,0x00,0x00,0x00,0x00,0x00,0x69,0xff,0xff,0xff,0xff,0xff,0xd4,
  0x00,0x00,0x00,0x00,0xd0,0xff,0xff,0xff,0xff,0xff,0xc9,0x05,0x00,0x00,0x00,0x00,0x00,0x00,0x00,0x00,0x1a,0xe9,0xff,0xff,
  0xff,0xff,0xff,0x6e,0x00,0x00,0x00,0x00,0x6a,0xff,0xff,0xff,0xff,0xff,0xff,0xaf,0x0d,0x00,0x00,0x00,0x00,0x00,0x00,0x20,
  0xd2,0xff,0xff,0xff,0xff,0xff,0xe9,0x0d,0x00,0x00,0x00,0x00,0x07,0xe3,0xff,0xff,0xff,0xff,0xff,0xff,0xe3,0x73,0x29,0x08,
  0x0b,0x31,0x85,0xf1,0xff,0xff,0xff,0xff,0xff,0xff,0x60,0x00,0x00,0x00,0x00,0x00,0x00,0x48,0xfe,0xff,0xff,0xff,0xff,0xff,
  0xff,0xff,0xff,0xff,0xff,0xff,0xff,0xff,0xff,0xff,0xff,0xff,0xff,0xa7,0x00,0x00,0x00,0x00,0x00,0x00,0x00,0x00,0x7c,0xff,
  0xff,0xff,0xff,0xff,0xff,0xff,0xff,0xff,0xff,0xff,0xff,0xff,0xff,0xff,0xff,0xff,0xbb,0x0a,0x00,0x00,0x00,0x00,0x00,0x00,
  0x00,0x00,0x00,0x6e,0xfa,0xff,0xff,0xff,0xff,0xff,0xff,0xff,0xff,0xff,0xff,0xff,0xff,0xff,0xff,0x9c,0x07,0x00,0x00,0x00,
  0x00,0x00,0x00,0x00,0x00,0x00,0x00,0x00,0x2b,0xb8,0xfe,0xff,0xff,0xff,0xff,0xff,0xff,0xff,0xff,0xff,0xff,0xcf,0x4a,0x00,
  0x00,0x00,0x00,0x00,0x00,0x00,0x00,0x00,0x00,0x00,0x00,0x00,0x00,0x00,0x21,0x76,0xad,0xda,0xed,0xfb,0xf5,0xe5,0xbe,0x89,
  0x39,0x01,0x00,0x00,0x00,0x00,0x00,0x00,0x00,0x00,0x00,0x00,0x10,0xff,0xff,0xff,0xff,0xff,0xb8,0x00,0x00,0x00,0x00,0x00,
  0x00,0x00,0x00,0x00,0x00,0x00,0x03,0x40,0x81,0xbe,0xd9,0xec,0xfa,0xe9,0xd4,0xb1,0x6c,0x23,0x00,0x00,0x00,0x00,0x00,0x00,
  0x00,0x00,0x00,0x00,0x00,0x10,0xff,0xff,0xff,0xff,0xff,0xb8,0x00,0x00,0x00,0x00,0x00,0x00,0x00,0x00,0x00,0x02,0x5c,0xd9,
  0xff,0xff,0xff,0xff,0xff,0xff,0xff,0xff,0xff,0xff,0xff,0xad,0x28,0x00,0x00,0x00,0x00,0x00,0x00,0x00,0x00,0x00,0x10,0xff,
  0xff,0xff,0xff,0xff,0xb8,0x00,0x00,0x00,0x00,0x00,0x00,0x00,0x00,0x0e,0xb7,0xff,0xff,0xff,0xff,0xff,0xff,0xff,0xff,0xff,
  0xff,0xff,0xff,0xff,0xff,0xfc,0x70,0x00,0x00,0x00,0x00,0x00,0x00,0x00,0x00,0x10,0xff,0xff,0xff,0xff,0xff,0xb8,0x00,0x00,
  0x00,0x00,0x00,0x00,0x00,0x12,0xd4,0xff,0xff,0xff,0xff,0xff,0xff,0xff,0xff,0xff,0xff,0xff,0xff,0xff,0xff,0xff,0xff,0xff,
  0x92,0x00,0x00,0x00,0x00,0x00,0x00,0x00,0x10,0xff,0xff,0xff,0xff,0xff,0xb8,0x00,0x00,0x00,0x00,0x00,0x00,0x02,0xb9,0xff,
  0xff,0xff,0xff,0xff,0xff,0xff,0xff,0xff,0xff,0xff,0xff,0xff,0xff,0xff,0xff,0xff,0xff,0xff,0x6d,0x00,0x00,0x00,0x00,0x00,
  0x00,0x10,0xff,0xff,0xff,0xff,0xff,0xb8,0x00,0x00,0x00,0x00,0x00,0x00,0x75,0xff,0xff,0xff,0xff,0xff,0xff,0xf3,0x87,0x35,
  0x11,0x08,0x22,0x62,0xc9,0xff,0xff,0xff,0xff,0xff,0xff,0xf8,0x30,0x00,0x00,0x00,0x00,0x00,0x10,0xff,0xff,0xff,0xff,0xff,
  0xb8,0x00,0x00,0x00,0x00,0x00,0x12,0xf0,0xff,0xff,0xff,0xff,0xff,0xcd,0x1b,0x00,0x00,0x00,0x00,0x00,0x00,0x01,0x6e,0xfd,
  0xff,0xff,0xff,0xff,0xff,0xb3,0x00,0x00,0x00,0x00,0x00,0x10,0xff,0xff,0xff,0xff,0xff,0xb8,0x00,0x00,0x00,0x00,0x00,0x81,
  0xff,0xff,0xff,0xff,0xff,0xde,0x0e,0x00,0x00,0x00,0x00,0x00,0x00,0x00,0x00,0x00,0x68,0xff,0xff,0xff,0xff,0xff,0xfe,0x26,
  0x00,0x00,0x00,0x00,0x10,0xff,0xff,0xff,0xff,0xff,0xb8,0x00,0x00,0x00,0x00,0x00,0xdb,0xff,0xff,0xff,0xff,0xff,0x48,0x00,
  0x00,0x00,0x00,0x00,0x00,0x00,0x00,0x00,0x00,0x00,0xba,0xff,0xff,0xff,0xff,0xff,0x88,0x00,0x00,0x00,0x00,0x10,0xff,0xff,
  0xff,0xff,0xff,0xb8,0x00,0x00,0x00,0x00,0x2e,0xff,0xff,0xff,0xff,0xff,0xdd,0x01,0x00,0x00,0x00,0x00,0x00,0x00,0x00,0x00,
  0x00,0x00,0x00,0x4a,0xff,0xff,0xff,0xff,0xff,0xc5,0x00,0x00,0x00,0x00,0x10,0xff,0xff,0xff,0xff,0xff,0xb8,0x00,0x00,0x00,
  0x00,0x61,0xff,0xff,0xff,0xff,0xff,0x90,0x00,0x00,0x00,0x00,0x00,0x00,0x00,0x00,0x00,0x00,0x00,0x00,0x04,0xf6,0xff,0xff,
  0xff,0xff,0xf8,0x07,0x00,0x00,0x00,0x10,0xff,0xff,0xff,0xff,0xff,0xb8,0x00,0x00,0x00,0x00,0x8e,0xff,0xff,0xff,0xff,0xff,
  0x60,0x00,0x00,0x00,0x00,0x00,0x00,0x00,0x00,0x00,0x00,0x00,0x00,0x00,0xc6,0xff,0xff,0xff,0xff,0xff,0x2c,0x00,0x00,0x00,
  0x10,0xff,0xff,0xff,0xff,0xff,0xff,0xff,0xff,0xff,0xff,0xff,0xff,0xff,0xff,0xff,0xff,0x3e,0x00,0x00,0x00,0x00,0x00,0x00,
  0x00,0x00,0x00,0x00,0x00,0x00,0x00,0xa8,0xff,0xff,0xff,0xff,0xff,0x3d,0x00,0x00,0x00,0x10,0xff,0xff,0xff,0xff,0xff,0xff,
  0xff,0xff,0xff,0xff,0xff,0xff,0xff,0xff,0xff,0xff,0x30,0x00,0x00,0x00,0x00,0x00,0x00,0x00,0x00,0x00,0x00,0x00,0x00,0x00,
  0x99,0xff,0xff,0xff,0xff,0xff,0x4e,0x00,0x00,0x00,0x10,0xff,0xff,0xff,0xff,0xff,0xff,0xff,0xff,0xff,0xff,0xff,0xff,0xff,
  0xff,0xff,0xff,0x27,0x00,0x00,0x00,0x00,0x00,0x00,0x00,0x00,0x00,0x00,0x00,0x00,0x00,0x94,0xff,0xff,0xff,0xff,0xff,0x5c,
  0x00,0x00,0x00,0x10,0xff,0xff,0xff,0xff,0xff,0xff,0xff,0xff,0xff,0xff,0xff,0xff,0xff,0xff,0xff,0xff,0x32,0x00,0x00,0x00,
  0x00,0x00,0x00,0x00,0x00,0x00,0x00,0x00,0x00,0x00,0xa1,0xff,0xff,0xff,0xff,0xff,0x53,0x00,0x00,0x00,0x10,0xff,0xff,0xff,
  0xff,0xff,0xff,0xff,0xff,0xff,0xff,0xff,0xff,0xff,0xff,0xff,0xff,0x42,0x00,0x00,0x00,0x00,0x00,0x00,0x00,0x00,0x00,0x00,
  0x00,0x00,0x00,0xb2,0xff,0xff,0xff,0xff,0xff,0x47,0x00,0x00,0x00,0x10,0xff,0xff,0xff,0xff,0xff,0xb8,0x00,0x00,0x00,0x00,
  0x92,0xff,0xff,0xff,0xff,0xff,0x6c,0x00,0x00,0x00,0x00,0x00,0x00,0x00,0x00,0x00,0x00,0x00,0x00,0x00,0xda,0xff,0xff,0xff,
  0xff,0xff,0x28,0x00,0x00,0x00,0x10,0xff,0xff,0xff,0xff,0xff,0xb8,0x00,0x00,0x00,0x00,0x6b,0xff,0xff,0xff,0xff,0xff,0xa1,
  0x00,0x00,0x00,0x00,0x00,0x00,0x00,0x00,0x00,0x00,0x00,0x00,0x0d,0xfc,0xff,0xff,0xff,0xff,0xfc,0x06,0x00,0x00,0x00,0x10,
  0xff,0xff,0xff,0xff,0xff,0xb8,0x00,0x00,0x00,0x00,0x31,0xff,0xff,0xff,0xff,0xff,0xf0,0x07,0x00,0x00,0x00,0x00,0x00,0x00,
  0x00,0x00,0x00,0x00,0x00,0x59,0xff,0xff,0xff,0xff,0xff,0xc8,0x00,0x00,0x00,0x00,0x10,0xff,0xff,0xff,0xff,0xff,0xb8,0x00,
  0x00,0x00,0x00,0x01,0xe5,0xff,0xff,0xff,0xff,0xff,0x6b,0x00,0x00,0x00,0x00,0x00,0x00,0x00,0x00,0x00,0x00,0x00,0xc1,0xff,
  0xff,0xff,0xff,0xff,0x82,0x00,0x00,0x00,0x00,0x10,0xff,0xff,0xff,0xff,0xff,0xb8,0x00,0x00,0x00,0x00,0x00,0x83,0xff,0xff,
  0xff,0xff,0xff,0xef,0x20,0x00,0x00,0x00,0x00,0x00,0x00,0x00,0x00,0x00,0x5a,0xff,0xff,0xff,0xff,0xff,0xfe,0x24,0x00,0x00,
  0x00,0x00,0x10,0xff,0xff,0xff,0xff,0xff,0xb8,0x00,0x00,0x00,0x00,0x00,0x17,0xf3,0xff,0xff,0xff,0xff,0xff,0xdd,0x28,0x00,
  0x00,0x00,0x00,0x00,0x00,0x00,0x4c,0xf8,0xff,0xff,0xff,0xff,0xff,0xb3,0x00,0x00,0x00,0x00,0x00,0x10,0xff,0xff,0xff,0xff,
  0xff,0xb8,0x00,0x00,0x00,0x00,0x00,0x00,0x76,0xff,0xff,0xff,0xff,0xff,0xff,0xf9,0x93,0x3d,0x14,0x05,0x1a,0x4d,0xac,0xff,
  0xff,0xff,0xff,0xff,0xff,0xfb,0x2a,0x00,0x00,0x00,0x00,0x00,0x10,0xff,0xff,0xff,0xff,0xff,0xb8,0x00,0x00,0x00,0x00,0x00,
  0x00,0x02,0xbf,0xff,0xff,0xff,0xff,0xff,0xff,0xff,0xff,0xff,0xff,0xff,0xff,0xff,0xff,0xff,0xff,0xff,0xff,0xff,0x76,0x00,
  0x00,0x00,0x00,0x00,0x00,0x10,0xff,0xff,0xff,0xff,0xff,0xb8,0x00,0x00,0x00,0x00,0x00,0x00,0x00,0x13,0xd6,0xff,0xff,0xff,
  0xff,0xff,0xff,0xff,0xff,0xff,0xff,0xff,0xff,0xff,0xff,0xff,0xff,0xff,0x9c,0x01,0x00,0x00,0x00,0x00,0x00,0x00,0x10,0xff,
  0xff,0xff,0xff,0xff,0xb8,0x00,0x00,0x00,0x00,0x00,0x00,0x00,0x00,0x16,0xc6,0xff,0xff,0xff,0xff,0xff,0xff,0xff,0xff,0xff,
  0xff,0xff,0xff,0xff,0xff,0xfe,0x86,0x01,0x00,0x00,0x00,0x00,0x00,0x00,0x00,0x10,0xff,0xff,0xff,0xff,0xff,0xb8,0x00,0x00,
  0x00,0x00,0x00,0x00,0x00,0x00,0x00,0x05,0x77,0xed,0xff,0xff,0xff,0xff,0xff,0xff,0xff,0xff,0xff,0xff,0xff,0xc8,0x3e,0x00,
  0x00,0x00,0x00,0x00,0x00,0x00,0x00,0x00,0x10,0xff,0xff,0xff,0xff,0xff,0xb8,0x00,0x00,0x00,0x00,0x00,0x00,0x00,0x00,0x00,
  0x00,0x00,0x09,0x56,0x97,0xc5,0xe6,0xf5,0xfd,0xf4,0xe3,0xba,0x85,0x33,0x00,0x00,0x00,0x00,0x00,0x00,0x00,0x00,0x00,0x00,
  0x00,0x00,0x00,0x00,0x00,0x0d,0x5d,0x9a,0xc3,0xdd,0xf0,0xf9,0xfe,0xff,0xff,0xff,0xff,0xff,0xff,0xff,0xff,0xff,0xff,0xff,
  0xd4,0x00,0x00,0x00,0x00,0x00,0x00,0x00,0x00,0x67,0xf1,0xff,0xff,0xff,0xff,0xff,0xff,0xff,0xff,0xff,0xff,0xff,0xff,0xff,
  0xff,0xff,0xff,0xff,0xff,0xd4,0x00,0x00,0x00,0x00,0x00,0x00,0x00,0x82,0xff,0xff,0xff,0xff,0xff,0xff,0xff,0xff,0xff,0xff,
  0xff,0xff,0xff,0xff,0xff,0xff,0xff,0xff,0xff,0xff,0xd4,0x00,0x00,0x00,0x00,0x00,0x00,0x47,0xff,0xff,0xff,0xff,0xff,0xff,
  0xff,0xff,0xff,0xff,0xff,0xff,0xff,0xff,0xff,0xff,0xff,0xff,0xff,0xff,0xff,0xd4,0x00,0x00,0x00,0x00,0x00,0x00,0xd1,0xff,
  0xff,0xff,0xff,0xff,0xff,0xff,0xff,0xff,0xff,0xff,0xff,0xff,0xff,0xff,0xff,0xff,0xff,0xff,0xff,0xff,0xd4,0x00,0x00,0x00,
  0x00,0x00,0x32,0xff,0xff,0xff,0xff,0xff,0xff,0xd4,0x52,0x1c,0x0c,0x05,0x02,0x00,0x00,0x00,0x00,0x00,0xf4,0xff,0xff,0xff,
  0xff,0xd4,0x00,0x00,0x00,0x00,0x00,0x6f,0xff,0xff,0xff,0xff,0xff,0xe5,0x0f,0x00,0x00,0x00,0x00,0x00,0x00,0x00,0x00,0x00,
  0x00,0xf4,0xff,0xff,0xff,0xff,0xd4,0x00,0x00,0x00,0x00,0x00,0x8d,0xff,0xff,0xff,0xff,0xff,0x81,0x00,0x00,0x00,0x00,0x00,
  0x00,0x00,0x00,0x00,0x00,0x00,0xf4,0xff,0xff,0xff,0xff,0xd4,0x00,0x00,0x00,0x00,0x00,0x91,0xff,0xff,0xff,0xff,0xff,0x65,
  0x00,0x00,0x00,0x00,0x00,0x00,0x00,0x00,0x00,0x00,0x00,0xf4,0xff,0xff,0xff,0xff,0xd4,0x00,0x00,0x00,0x00,0x00,0x7c,0xff,
  0xff,0xff,0xff,0xff,0x87,0x00,0x00,0x00,0x00,0x00,0x00,0x00,0x00,0x00,0x00,0x00,0xf4,0xff,0xff,0xff,0xff,0xd4,0x00,0x00,
  0x00,0x00,0x00,0x46,0xff,0xff,0xff,0xff,0xff,0xeb,0x15,0x00,0x00,0x00,0x00,0x00,0x00,0x00,0x00,0x00,0x00,0xf4,0xff,0xff,
  0xff,0xff,0xd4,0x00,0x00,0x00,0x00,0x00,0x07,0xe8,0xff,0xff,0xff,0xff,0xff,0xde,0x61,0x25,0x11,0x07,0x02,0x00,0x00,0x00,
  0x00,0x00,0xf4,0xff,0xff,0xff,0xff,0xd4,0x00,0x00,0x00,0x00,0x00,0x00,0x6e,0xff,0xff,0xff,0xff,0xff,0xff,0xff,0xff,0xff,
  0xff,0xff,0xff,0xff,0xff,0xff,0xff,0xff,0xff,0xff,0xff,0xff,0xd4,0x00,0x00,0x00,0x00,0x00,0x00,0x01,0xb1,0xff,0xff,0xff,
  0xff,0xff,0xff,0xff,0xff,0xff,0xff,0xff,0xff,0xff,0xff,0xff,0xff,0xff,0xff,0xff,0xff,0xd4,0x00,0x00,0x00,0x00,0x00,0x00,
  0x00,0x06,0x96,0xfe,0xff,0xff,0xff,0xff,0xff,0xff,0xff,0xff,0xff,0xff,0xff,0xff,0xff,0xff,0xff,0xff,0xff,0xff,0xd4,0x00,
  0x00,0x00,0x00,0x00,0x00,0x00,0x00,0x00,0x31,0x9a,0xeb,0xff,0xff,0xff,0xff,0xff,0xff,0xff,0xff,0xff,0xff,0xff,0xff,0xff,
  0xff,0xff,0xff,0xd4,0x00,0x00,0x00,0x00,0x00,0x00,0x00,0x00,0x00,0x00,0x00,0x02,0x94,0xff,0xff,0xff,0xff,0xff,0xff,0xff,
  0xff,0xff,0xff,0xff,0xff,0xff,0xff,0xff,0xd4,0x00,0x00,0x00,0x00,0x00,0x00,0x00,0x00,0x00,0x00,0x12,0xc0,0xff,0xff,0xff,
  0xff,0xff,0xfb,0x90,0x3b,0x13,0x03,0x00,0xf4,0xff,0xff,0xff,0xff,0xd4,0x00,0x00,0x00,0x00,0x00,0x00,0x00,0x00,0x00,0x17,
  0xd4,0xff,0xff,0xff,0xff,0xff,0xfc,0x4f,0x00,0x00,0x00,0x00,0x00,0xf4,0xff,0xff,0xff,0xff,0xd4,0x00,0x00,0x00,0x00,0x00,
  0x00,0x00,0x00,0x05,0xc6,0xff,0xff,0xff,0xff,0xff,0xff,0x6f,0x00,0x00,0x00,0x00,0x00,0x00,0xf4,0xff,0xff,0xff,0xff,0xd4,
  0x00,0x00,0x00,0x00,0x00,0x00,0x00,0x00,0x87,0xff,0xff,0xff,0xff,0xff,0xff,0xab,0x00,0x00,0x00,0x00,0x00,0x00,0x00,0xf4,
  0xff,0xff,0xff,0xff,0xd4,0x00,0x00,0x00,0x00,0x00,0x00,0x00,0x38,0xfd,0xff,0xff,0xff,0xff,0xff,0xe3,0x10,0x00,0x00,0x00,
  0x00,0x00,0x00,0x00,0xf4,0xff,0xff,0xff,0xff,0xd4,0x00,0x00,0x00,0x00,0x00,0x00,0x06,0xd5,0xff,0xff,0xff,0xff,0xff,0xfe,
  0x44,0x00,0x00,0x00,0x00,0x00,0x00,0x00,0x00,0xf4,0xff,0xff,0xff,0xff,0xd4,0x00,0x00,0x00,0x00,0x00,0x00,0x7d,0xff,0xff,
  0xff,0xff,0xff,0xff,0x99,0x00,0x00,0x00,0x00,0x00,0x00,0x00,0x00,0x00,0xf4,0xff,0xff,0xff,0xff,0xd4,0x00,0x00,0x00,0x00,
  0x00,0x25,0xf7,0xff,0xff,0xff,0xff,0xff,0xe3,0x0e,0x00,0x00,0x00,0x00,0x00,0x00,0x00,0x00,0x00,0xf4,0xff,0xff,0xff,0xff,
  0xd4,0x00,0x00,0x00,0x00,0x00,0xbc,0xff,0xff,0xff,0xff,0xff,0xff,0x4a,0x00,0x00,0x00,0x00,0x00,0x00,0x00,0x00,0x00,0x00,
  0xf4,0xff,0xff,0xff,0xff,0xd4,0x00,0x00,0x00,0x00,0x5d,0xff,0xff,0xff,0xff,0xff,0xff,0xa2,0x00,0x00,0x00,0x00,0x00,0x00,
  0x00,0x00,0x00,0x00,0x00,0xf4,0xff,0xff,0xff,0xff,0xd4,0x00,0x00,0x00,0x12,0xea,0xff,0xff,0xff,0xff,0xff,0xe8,0x12,0x00,
  0x00,0x00,0x00,0x00,0x00,0x00,0x00,0x00,0x00,0x00,0xf4,0xff,0xff,0xff,0xff,0xd4,0x00,0x00,0x00,0x9c,0xff,0xff,0xff,0xff,
  0xff,0xff,0x53,0x00,0x00,0x00,0x00,0x00,0x00,0x00,0x00,0x00,0x00,0x00,0x00,0xf4,0xff,0xff,0xff,0xff,0xd4,0x00,0x00,0x00,
  0x00,0x00,0x00,0x00,0x00,0x05,0x52,0xa0,0xce,0xec,0xf9,0xfb,0xf2,0xdb,0xb6,0x78,0x1d,0x00,0x00,0x00,0x00,0x00,0x00,0x00,
  0x00,0x00,0x38,0xd9,0xff,0xff,0xff,0xff,0xff,0xff,0xff,0xff,0xff,0xff,0xf9,0x80,0x02,0x00,0x00,0x00,0x00,0x00,0x00,0x3a,
  0xf6,0xff,0xff,0xff,0xff,0xff,0xff,0xff,0xff,0xff,0xff,0xff,0xff,0xff,0x91,0x00,0x00,0x00,0x00,0x00,0x0a,0xe3,0xff,0xff,
  0xff,0xff,0xff,0xff,0xff,0xff,0xff,0xff,0xff,0xff,0xff,0xff,0xff,0x26,0x00,0x00,0x00,0x00,0x73,0xff,0xff,0xff,0xff,0xff,
  0x97,0x27,0x07,0x0f,0x40,0xc4,0xff,0xff,0xff,0xff,0xff,0x6d,0x00,0x00,0x00,0x00,0xd4,0xff,0xff,0xff,0xff,0xa1,0x00,0x00,
  0x00,0x00,0x00,0x11,0xf5,0xff,0xff,0xff,0xff,0x93,0x00,0x00,0x00,0x00,0x1a,0x4e,0x81,0xb5,0xe7,0x26,0x00,0x00,0x00,0x00,
  0x00,0x00,0xc2,0xff,0xff,0xff,0xff,0xa8,0x00,0x00,0x00,0x00,0x00,0x00,0x00,0x00,0x00,0x00,0x00,0x00,0x00,0x00,0x00,0x00,
  0xb1,0xff,0xff,0xff,0xff,0xb0,0x00,0x00,0x00,0x00,0x00,0x00,0x00,0x00,0x00,0x00,0x00,0x00,0x0a,0x3c,0x77,0xbc,0xfb,0xff,
  0xff,0xff,0xff,0xb2,0x00,0x00,0x00,0x00,0x00,0x00,0x00,0x00,0x31,0x71,0xa6,0xd8,0xfd,0xff,0xff,0xff,0xff,0xff,0xff,0xff,
  0xff,0xb0,0x00,0x00,0x00,0x00,0x00,0x05,0x76,0xe1,0xff,0xff,0xff,0xff,0xff,0xff,0xff,0xff,0xff,0xff,0xff,0xff,0xff,0xaf,
  0x00,0x00,0x00,0x00,0x13,0xd1,0xff,0xff,0xff,0xff,0xff,0xff,0xe2,0xad,0x76,0x39,0xb3,0xff,0xff,0xff,0xff,0xad,0x00,0x00,
  0x00,0x00,0xbe,0xff,0xff,0xff,0xff,0xeb,0x6d,0x1c,0x00,0x00,0x00,0x00,0xb3,0xff,0xff,0xff,0xff,0xab,0x00,0x00,0x00,0x3c,
  0xff,0xff,0xff,0xff,0xff,0x33,0x00,0x00,0x00,0x00,0x00,0x00,0xc0,0xff,0xff,0xff,0xff,0xa9,0x00,0x00,0x00,0x78,0xff,0xff,
  0xff,0xff,0xf6,0x01,0x00,0x00,0x00,0x00,0x00,0x09,0xec,0xff,0xff,0xff,0xff,0xa8,0x00,0x00,0x00,0x8c,0xff,0xff,0xff,0xff,
  0xff,0x42,0x00,0x00,0x00,0x00,0x00,0x93,0xff,0xff,0xff,0xff,0xff,0xac,0x00,0x00,0x00,0x6f,0xff,0xff,0xff,0xff,0xff,0xe9,
  0x5a,0x12,0x14,0x4a,0xc0,0xff,0xff,0xff,0xff,0xff,0xff,0xb8,0x00,0x00,0x00,0x20,0xfb,0xff,0xff,0xff,0xff,0xff,0xff,0xff,
  0xff,0xff,0xff,0xff,0xff,0xff,0xff,0xff,0xff,0xcf,0x00,0x00,0x00,0x00,0x85,0xff,0xff,0xff,0xff,0xff,0xff,0xff,0xff,0xff,
  0xff,0xff,0xaa,0xff,0xff,0xff,0xff,0xf6,0x08,0x00,0x00,0x00,0x01,0x8b,0xfe,0xff,0xff,0xff,0xff,0xff,0xff,0xff,0xe2,0x51,
  0x03,0xf1,0xff,0xff,0xff,0xff,0x4a,0x00,0x00,0x00,0x00,0x00,0x31,0x97,0xd5,0xf3,0xf9,0xe3,0xb4,0x64,0x08,0x00,0x00,0xae,
  0xff,0xff,0xff,0xff,0xb1,0x00,0x00,0x00,0x00,0x00,0x00,0x00,0x00,0x00,0x00,0x00,0x00,0x00,0x00,0x00,0x00,0x00,0x00,0x2b,
  0xe0,0xff,0xff,0xff,0x1b,0x00,0x00,0x00,0x00,0x00,0x00,0x00,0x00,0x00,0x01,0x3b,0x82,0xb5,0xd8,0xef,0xfa,0xff,0xff,0xff,
  0xff,0xff,0xff,0xff,0xed,0x01,0x00,0x00,0x00,0x00,0x00,0x00,0x00,0x00,0x58,0xd9,0xff,0xff,0xff,0xff,0xff,0xff,0xff,0xff,
  0xff,0xff,0xff,0xff,0xff,0x9c,0x00,0x00,0x00,0x00,0x00,0x00,0x00,0x05,0xa6,0xff,0xff,0xff,0xff,0xff,0xff,0xff,0xff,0xff,
  0xff,0xff,0xff,0xff,0xff,0xea,0x1d,0x00,0x00,0x00,0x00,0x00,0x00,0x00,0xa1,0xff,0xff,0xff,0xff,0xff,0xff,0xff,0xff,0xff,
  0xff,0xff,0xf9,0xe8,0xc3,0x82,0x19,0x00,0x00,0x00,0x00,0x00,0x00,0x00,0x4e,0xff,0xff,0xff,0xff,0xea,0x8c,0x4e,0x21,0x11,
  0x02,0x01,0x01,0x00,0x00,0x00,0x00,0x00,0x00,0x00,0x00,0x00,0x00,0x00,0x00,0xce,0xff,0xff,0xff,0xb8,0x11,0x00,0x00,0x00,
  0x00,0x00,0x00,0x00,0x00,0x00,0x00,0x00,0x00,0x00,0x00,0x00,0x00,0x00,0x00,0x31,0xff,0xff,0xff,0xd5,0x09,0x00,0x00,0x00,
  0x00,0x00,0x00,0x00,0x00,0x00,0x00,0x00,0x00,0x00,0x00,0x00,0x00,0x00,0x00,0x00,0x7d,0xff,0xff,0xff,0x4f,0x00,0x00,0x00,
  0x00,0x00,0x00,0x00,0x00,0x00,0x00,0x00,0x00,0x00,0x00,0x00,0x00,0x00,0x00,0x00,0x00,0xb7,0xff,0xff,0xf4,0x05,0x00,0x02,
  0x50,0xa5,0xda,0xf5,0xf8,0xdf,0xb4,0x62,0x0b,0x00,0x00,0x00,0x00,0x00,0x00,0x00,0x00,0x00,0xe5,0xff,0xff,0xc4,0x00,0x2c,
  0xcf,0xff,0xff,0xff,0xff,0xff,0xff,0xff,0xff,0xe2,0x50,0x00,0x00,0x00,0x00,0x00,0x00,0x00,0x07,0xfe,0xff,0xff,0xa3,0x36,
  0xf1,0xff,0xff,0xff,0xff,0xff,0xff,0xff,0xff,0xff,0xff,0xff,0x76,0x00,0x00,0x00,0x00,0x00,0x00,0x1d,0xff,0xff,0xff,0xa6,
  0xe7,0xff,0xff,0xff,0xff,0xff,0xff,0xff,0xff,0xff,0xff,0xff,0xff,0xff,0x6d,0x00,0x00,0x00,0x00,0x00,0x2b,0xff,0xff,0xff,
  0xfc,0xff,0xff,0xff,0xf1,0x71,0x1c,0x08,0x2f,0x9d,0xff,0xff,0xff,0xff,0xff,0xf9,0x34,0x00,0x00,0x00,0x00,0x31,0xff,0xff,
  0xff,0xff,0xff,0xff,0xed,0x2c,0x00,0x00,0x00,0x00,0x00,0x6b,0xff,0xff,0xff,0xff,0xff,0xc4,0x00,0x00,0x00,0x00,0x31,0xff,
  0xff,0xff,0xff,0xff,0xff,0x5a,0x00,0x00,0x00,0x00,0x00,0x00,0x00,0xad,0xff,0xff,0xff,0xff,0xff,0x40,0x00,0x00,0x00,0x2c,
  0xff,0xff,0xff,0xff,0xff,0xe0,0x02,0x00,0x00,0x00,0x00,0x00,0x00,0x00,0x33,0xff,0xff,0xff,0xff,0xff,0x91,0x00,0x00,0x00,
  0x25,0xff,0xff,0xff,0xff,0xff,0x9a,0x00,0x00,0x00,0x00,0x00,0x00,0x00,0x00,0x00,0xe9,0xff,0xff,0xff,0xff,0xd1,0x00,0x00,
  0x00,0x17,0xff,0xff,0xff,0xff,0xff,0x73,0x00,0x00,0x00,0x00,0x00,0x00,0x00,0x00,0x00,0xc1,0xff,0xff,0xff,0xff,0xed,0x00,
  0x00,0x00,0x04,0xfe,0xff,0xff,0xff,0xff,0x67,0x00,0x00,0x00,0x00,0x00,0x00,0x00,0x00,0x00,0xb4,0xff,0xff,0xff,0xff,0xfd,
  0x00,0x00,0x00,0x00,0xea,0xff,0xff,0xff,0xff,0x73,0x00,0x00,0x00,0x00,0x00,0x00,0x00,0x00,0x00,0xc1,0xff,0xff,0xff,0xff,
  0xeb,0x00,0x00,0x00,0x00,0xc3,0xff,0xff,0xff,0xff,0x99,0x00,0x00,0x00,0x00,0x00,0x00,0x00,0x00,0x00,0xe9,0xff,0xff,0xff,
  0xff,0xd0,0x00,0x00,0x00,0x00,0x94,0xff,0xff,0xff,0xff,0xdd,0x01,0x00,0x00,0x00,0x00,0x00,0x00,0x00,0x33,0xff,0xff,0xff,
  0xff,0xff,0x8e,0x00,0x00,0x00,0x00,0x4d,0xff,0xff,0xff,0xff,0xff,0x52,0x00,0x00,0x00,0x00,0x00,0x00,0x00,0xac,0xff,0xff,
  0xff,0xff,0xff,0x3c,0x00,0x00,0x00,0x00,0x07,0xe6,0xff,0xff,0xff,0xff,0xe8,0x24,0x00,0x00,0x00,0x00,0x00,0x69,0xff,0xff,
  0xff,0xff,0xff,0xbe,0x00,0x00,0x00,0x00,0x00,0x00,0x68,0xff,0xff,0xff,0xff,0xff,0xec,0x69,0x18,0x07,0x2f,0x9b,0xfe,0xff,
  0xff,0xff,0xff,0xf6,0x2f,0x00,0x00,0x00,0x00,0x00,0x00,0x01,0xb0,0xff,0xff,0xff,0xff,0xff,0xff,0xff,0xff,0xff,0xff,0xff,
  0xff,0xff,0xff,0xff,0x5b,0x00,0x00,0x00,0x00,0x00,0x00,0x00,0x00,0x08,0xb1,0xff,0xff,0xff,0xff,0xff,0xff,0xff,0xff,0xff,
  0xff,0xff,0xff,0xf8,0x5b,0x00,0x00,0x00,0x00,0x00,0x00,0x00,0x00,0x00,0x00,0x01,0x6d,0xec,0xff,0xff,0xff,0xff,0xff,0xff,
  0xff,0xff,0xff,0xc0,0x33,0x00,0x00,0x00,0x00,0x00,0x00,0x00,0x00,0x00,0x00,0x00,0x00,0x00,0x0d,0x61,0xac,0xdd,0xf5,0xf9,
  0xe5,0xca,0x8a,0x3c,0x00,0x00,0x00,0x00,0x00,0x00,0x00,0x00,0x00,0x00,0x10,0xff,0xff,0xff,0xff,0xff,0xff,0xff,0xff,0xff,
  0xff,0xff,0xff,0xf9,0xeb,0xc8,0x90,0x34,0x00,0x00,0x00,0x00,0x00,0x00,0x00,0x10,0xff,0xff,0xff,0xff,0xff,0xff,0xff,0xff,
  0xff,0xff,0xff,0xff,0xff,0xff,0xff,0xff,0xff,0x9e,0x05,0x00,0x00,0x00,0x00,0x00,0x10,0xff,0xff,0xff,0xff,0xff,0xff,0xff,
  0xff,0xff,0xff,0xff,0xff,0xff,0xff,0xff,0xff,0xff,0xff,0x90,0x00,0x00,0x00,0x00,0x00,0x10,0xff,0xff,0xff,0xff,0xff,0xff,
  0xff,0xff,0xff,0xff,0xff,0xff,0xff,0xff,0xff,0xff,0xff,0xff,0xf9,0x0e,0x00,0x00,0x00,0x00,0x10,0xff,0xff,0xff,0xff,0xff,
  0x74,0x00,0x00,0x00,0x03,0x0c,0x25,0x5c,0xdc,0xff,0xff,0xff,0xff,0xff,0x3d,0x00,0x00,0x00,0x00,0x10,0xff,0xff,0xff,0xff,
  0xff,0x74,0x00,0x00,0x00,0x00,0x00,0x00,0x00,0x3f,0xff,0xff,0xff,0xff,0xff,0x49,0x00,0x00,0x00,0x00,0x10,0xff,0xff,0xff,
  0xff,0xff,0x74,0x00,0x00,0x00,0x00,0x00,0x00,0x00,0x4f,0xff,0xff,0xff,0xff,0xff,0x22,0x00,0x00,0x00,0x00,0x10,0xff,0xff,
  0xff,0xff,0xff,0x74,0x00,0x00,0x00,0x03,0x0f,0x2e,0x71,0xec,0xff,0xff,0xff,0xff,0xb8,0x00,0x00,0x00,0x00,0x00,0x10,0xff,
  0xff,0xff,0xff,0xff,0xff,0xff,0xff,0xff,0xff,0xff,0xff,0xff,0xff,0xff,0xff,0xff,0xd5,0x19,0x00,0x00,0x00,0x00,0x00,0x10,
  0xff,0xff,0xff,0xff,0xff,0xff,0xff,0xff,0xff,0xff,0xff,0xff,0xff,0xff,0xff,0xfa,0x86,0x10,0x00,0x00,0x00,0x00,0x00,0x00,
  0x10,0xff,0xff,0xff,0xff,0xff,0xff,0xff,0xff,0xff,0xff,0xff,0xff,0xff,0xff,0xff,0xff,0xe4,0x69,0x00,0x00,0x00,0x00,0x00,
  0x00,0x10,0xff,0xff,0xff,0xff,0xff,0xff,0xff,0xff,0xff,0xff,0xff,0xff,0xff,0xff,0xff,0xff,0xff,0xff,0x96,0x00,0x00,0x00,
  0x00,0x00,0x10,0xff,0xff,0xff,0xff,0xff,0x74,0x00,0x00,0x01,0x07,0x15,0x2e,0x61,0xd1,0xff,0xff,0xff,0xff,0xff,0x4b,0x00,
  0x00,0x00,0x00,0x10,0xff,0xff,0xff,0xff,0xff,0x74,0x00,0x00,0x00,0x00,0x00,0x00,0x00,0x0d,0xec,0xff,0xff,0xff,0xff,0xbc,
  0x00,0x00,0x00,0x00,0x10,0xff,0xff,0xff,0xff,0xff,0x74,0x00,0x00,0x00,0x00,0x00,0x00,0x00,0x00,0xbf,0xff,0xff,0xff,0xff,
  0xf6,0x00,0x00,0x00,0x00,0x10,0xff,0xff,0xff,0xff,0xff,0x74,0x00,0x00,0x00,0x00,0x00,0x00,0x00,0x07,0xe6,0xff,0xff,0xff,
  0xff,0xfd,0x02,0x00,0x00,0x00,0x10,0xff,0xff,0xff,0xff,0xff,0x74,0x00,0x00,0x00,0x00,0x05,0x19,0x4a,0xbe,0xff,0xff,0xff,
  0xff,0xff,0xe2,0x00,0x00,0x00,0x00,0x10,0xff,0xff,0xff,0xff,0xff,0xff,0xff,0xff,0xff,0xff,0xff,0xff,0xff,0xff,0xff,0xff,
  0xff,0xff,0xff,0x95,0x00,0x00,0x00,0x00,0x10,0xff,0xff,0xff,0xff,0xff,0xff,0xff,0xff,0xff,0xff,0xff,0xff,0xff,0xff,0xff,
  0xff,0xff,0xff,0xeb,0x19,0x00,0x00,0x00,0x00,0x10,0xff,0xff,0xff,0xff,0xff,0xff,0xff,0xff,0xff,0xff,0xff,0xff,0xff,0xff,
  0xff,0xff,0xff,0xe0,0x32,0x00,0x00,0x00,0x00,0x00,0x10,0xff,0xff,0xff,0xff,0xff,0xff,0xff,0xff,0xff,0xff,0xff,0xff,0xff,
  0xf8,0xe6,0xb8,0x6b,0x0c,0x00,0x00,0x00,0x00,0x00,0x00,0x58,0xff,0xff,0xff,0xff,0xff,0xff,0xff,0xff,0xff,0xff,0xff,0xff,
  0xff,0xa8,0x00,0x00,0x58,0xff,0xff,0xff,0xff,0xff,0xff,0xff,0xff,0xff,0xff,0xff,0xff,0xff,0xa8,0x00,0x00,0x58,0xff,0xff,
  0xff,0xff,0xff,0xff,0xff,0xff,0xff,0xff,0xff,0xff,0xff,0xa8,0x00,0x00,0x58,0xff,0xff,0xff,0xff,0xff,0xff,0xff,0xff,0xff,
  0xff,0xff,0xff,0xff,0xa8,0x00,0x00,0x58,0xff,0xff,0xff,0xff,0xff,0x24,0x00,0x00,0x00,0x00,0x00,0x00,0x00,0x00,0x00,0x00,
  0x58,0xff,0xff,0xff,0xff,0xff,0x24,0x00,0x00,0x00,0x00,0x00,0x00,0x00,0x00,0x00,0x00,0x58,0xff,0xff,0xff,0xff,0xff,0x24,
  0x00,0x00,0x00,0x00,0x00,0x00,0x00,0x00,0x00,0x00,0x58,0xff,0xff,0xff,0xff,0xff,0x24,0x00,0x00,0x00,0x00,0x00,0x00,0x00,
  0x00,0x00,0x00,0x58,0xff,0xff,0xff,0xff,0xff,0x24,0x00,0x00,0x00,0x00,0x00,0x00,0x00,0x00,0x00,0x00,0x58,0xff,0xff,0xff,
  0xff,0xff,0x24,0x00,0x00,0x00,0x00,0x00,0x00,0x00,0x00,0x00,0x00,0x58,0xff,0xff,0xff,0xff,0xff,0x24,0x00,0x00,0x00,0x00,
  0x00,0x00,0x00,0x00,0x00,0x00,0x58,0xff,0xff,0xff,0xff,0xff,0x24,0x00,0x00,0x00,0x00,0x00,0x00,0x00,0x00,0x00,0x00,0x58,
  0xff,0xff,0xff,0xff,0xff,0x24,0x00,0x00,0x00,0x00,0x00,0x00,0x00,0x00,0x00,0x00,0x58,0xff,0xff,0xff,0xff,0xff,0x24,0x00,
  0x00,0x00,0x00,0x00,0x00,0x00,0x00,0x00,0x00,0x58,0xff,0xff,0xff,0xff,0xff,0x24,0x00,0x00,0x00,0x00,0x00,0x00,0x00,0x00,
  0x00,0x00,0x58,0xff,0xff,0xff,0xff,0xff,0x24,0x00,0x00,0x00,0x00,0x00,0x00,0x00,0x00,0x00,0x00,0x58,0xff,0xff,0xff,0xff,
  0xff,0x24,0x00,0x00,0x00,0x00,0x00,0x00,0x00,0x00,0x00,0x00,0x58,0xff,0xff,0xff,0xff,0xff,0x24,0x00,0x00,0x00,0x00,0x00,
  0x00,0x00,0x00,0x00,0x00,0x58,0xff,0xff,0xff,0xff,0xff,0x24,0x00,0x00,0x00,0x00,0x00,0x00,0x00,0x00,0x00,0x00,0x58,0xff,
  0xff,0xff,0xff,0xff,0x24,0x00,0x00,0x00,0x00,0x00,0x00,0x00,0x00,0x00,0x00,0x58,0xff,0xff,0xff,0xff,0xff,0x24,0x00,0x00,
  0x00,0x00,0x00,0x00,0x00,0x00,0x00,0x00,0x00,0x00,0x00,0x00,0x7c,0xff,0xff,0xff,0xff,0xff,0xff,0xff,0xff,0xff,0xff,0xff,
  0xff,0xff,0xff,0xff,0xff,0x44,0x00,0x00,0x00,0x00,0x00,0x00,0x00,0x00,0x82,0xff,0xff,0xff,0xff,0xff,0xff,0xff,0xff,0xff,
  0xff,0xff,0xff,0xff,0xff,0xff,0xff,0x44,0x00,0x00,0x00,0x00,0x00,0x00,0x00,0x00,0x8b,0xff,0xff,0xff,0xff,0xff,0xff,0xff,
  0xff,0xff,0xff,0xff,0xff,0xff,0xff,0xff,0xff,0x44,0x00,0x00,0x00,0x00,0x00,0x00,0x00,0x00,0x96,0xff,0xff,0xff,0xff,0xff,
  0xff,0xff,0xff,0xff,0xff,0xff,0xff,0xff,0xff,0xff,0xff,0x44,0x00,0x00,0x00,0x00,0x00,0x00,0x00,0x00,0xa3,0xff,0xff,0xff,
  0xff,0x30,0x00,0x00,0x00,0x00,0x00,0x25,0xff,0xff,0xff,0xff,0xff,0x44,0x00,0x00,0x00,0x00,0x00,0x00,0x00,0x00,0xb2,0xff,
  0xff,0xff,0xff,0x23,0x00,0x00,0x00,0x00,0x00,0x25,0xff,0xff,0xff,0xff,0xff,0x44,0x00,0x00,0x00,0x00,0x00,0x00,0x00,0x00,
  0xc6,0xff,0xff,0xff,0xff,0x14,0x00,0x00,0x00,0x00,0x00,0x25,0xff,0xff,0xff,0xff,0xff,0x44,0x00,0x00,0x00,0x00,0x00,0x00,
  0x00,0x00,0xdd,0xff,0xff,0xff,0xfc,0x02,0x00,0x00,0x00,0x00,0x00,0x25,0xff,0xff,0xff,0xff,0xff,0x44,0x00,0x00,0x00,0x00,
  0x00,0x00,0x00,0x01,0xf7,0xff,0xff,0xff,0xe7,0x00,0x00,0x00,0x00,0x00,0x00,0x26,0xff,0xff,0xff,0xff,0xff,0x44,0x00,0x00,
  0x00,0x00,0x00,0x00,0x00,0x1a,0xff,0xff,0xff,0xff,0xc7,0x00,0x00,0x00,0x00,0x00,0x00,0x26,0xff,0xff,0xff,0xff,0xff,0x44,
  0x00,0x00,0x00,0x00,0x00,0x00,0x00,0x43,0xff,0xff,0xff,0xff,0xa3,0x00,0x00,0x00,0x00,0x00,0x00,0x26,0xff,0xff,0xff,0xff,
  0xff,0x44,0x00,0x00,0x00,0x00,0x00,0x00,0x00,0x79,0xff,0xff,0xff,0xff,0x76,0x00,0x00,0x00,0x00,0x00,0x00,0x27,0xff,0xff,
  0xff,0xff,0xff,0x44,0x00,0x00,0x00,0x00,0x00,0x00,0x00,0xc0,0xff,0xff,0xff,0xff,0x3f,0x00,0x00,0x00,0x00,0x00,0x00,0x27,
  0xff,0xff,0xff,0xff,0xff,0x44,0x00,0x00,0x00,0x00,0x00,0x00,0x14,0xfb,0xff,0xff,0xff,0xf6,0x08,0x00,0x00,0x00,0x00,0x00,
  0x00,0x27,0xff,0xff,0xff,0xff,0xff,0x44,0x00,0x00,0x00,0x00,0x00,0x00,0x72,0xff,0xff,0xff,0xff,0xad,0x00,0x00,0x00,0x00,
  0x00,0x00,0x00,0x28,0xff,0xff,0xff,0xff,0xff,0x44,0x00,0x00,0x00,0x00,0x00,0x08,0xe3,0xff,0xff,0xff,0xff,0x48,0x00,0x00,
  0x00,0x00,0x00,0x00,0x00,0x28,0xff,0xff,0xff,0xff,0xff,0x44,0x00,0x00,0x00,0x00,0x00,0x88,0xff,0xff,0xff,0xff,0xc6,0x01,
  0x00,0x00,0x00,0x00,0x00,0x00,0x00,0x28,0xff,0xff,0xff,0xff,0xff,0x44,0x00,0x00,0x24,0xff,0xff,0xff,0xff,0xff,0xff,0xff,
  0xff,0xff,0xff,0xff,0xff,0xff,0xff,0xff,0xff,0xff,0xff,0xff,0xff,0xff,0xff,0xff,0xff,0x80,0x24,0xff,0xff,0xff,0xff,0xff,
  0xff,0xff,0xff,0xff,0xff,0xff,0xff,0xff,0xff,0xff,0xff,0xff,0xff,0xff,0xff,0xff,0xff,0xff,0xff,0x80,0x24,0xff,0xff,0xff,
  0xff,0xff,0xff,0xff,0xff,0xff,0xff,0xff,0xff,0xff,0xff,0xff,0xff,0xff,0xff,0xff,0xff,0xff,0xff,0xff,0xff,0x80,0x24,0xff,
  0xff,0xff,0xff,0xff,0xff,0xff,0xff,0xff,0xff,0xff,0xff,0xff,0xff,0xff,0xff,0xff,0xff,0xff,0xff,0xff,0xff,0xff,0xff,0x80,
  0x24,0xff,0xff,0xff,0xff,0x50,0x00,0x00,0x00,0x00,0x00,0x00,0x00,0x00,0x00,0x00,0x00,0x00,0x00,0x00,0x00,0xfc,0xff,0xff,
  0xff,0x80,0x24,0xff,0xff,0xff,0xff,0x50,0x00,0x00,0x00,0x00,0x00,0x00,0x00,0x00,0x00,0x00,0x00,0x00,0x00,0x00,0x00,0xfc,
  0xff,0xff,0xff,0x80,0x24,0xff,0xff,0xff,0xff,0x50,0x00,0x00,0x00,0x00,0x00,0x00,0x00,0x00,0x00,0x00,0x00,0x00,0x00,0x00,
  0x00,0xfc,0xff,0xff,0xff,0x80,0x24,0xff,0xff,0xff,0xff,0x50,0x00,0x00,0x00,0x00,0x00,0x00,0x00,0x00,0x00,0x00,0x00,0x00,
  0x00,0x00,0x00,0xfc,0xff,0xff,0xff,0x80,0x24,0xff,0xff,0xff,0xff,0x50,0x00,0x00,0x00,0x00,0x00,0x00,0x00,0x00,0x00,0x00,
  0x00,0x00,0x00,0x00,0x00,0xfc,0xff,0xff,0xff,0x80,0x00,0x00,0x00,0x00,0x00,0x00,0x13,0x6f,0xb9,0xe1,0xf8,0xf0,0xda,0xa9,
  0x60,0x0a,0x00,0x00,0x00,0x00,0x00,0x00,0x00,0x00,0x00,0x00,0x00,0x71,0xf0,0xff,0xff,0xff,0xff,0xff,0xff,0xff,0xff,0xe6,
  0x5f,0x00,0x00,0x00,0x00,0x00,0x00,0x00,0x00,0x05,0xa3,0xff,0xff,0xff,0xff,0xff,0xff,0xff,0xff,0xff,0xff,0xff,0xff,0x8e,
  0x01,0x00,0x00,0x00,0x00,0x00,0x00,0x8f,0xff,0xff,0xff,0xff,0xff,0xff,0xff,0xff,0xff,0xff,0xff,0xff,0xff,0xff,0x75,0x00,
  0x00,0x00,0x00,0x00,0x42,0xff,0xff,0xff,0xff,0xff,0xe6,0x5d,0x12,0x0a,0x47,0xd2,0xff,0xff,0xff,0xff,0xf9,0x29,0x00,0x00,
  0x00,0x00,0xbe,0xff,0xff,0xff,0xff,0xee,0x22,0x00,0x00,0x00,0x00,0x0d,0xd5,0xff,0xff,0xff,0xff,0x96,0x00,0x00,0x00,0x21,
  0xff,0xff,0xff,0xff,0xff,0x75,0x00,0x00,0x00,0x00,0x00,0x00,0x4a,0xff,0xff,0xff,0xff,0xf1,0x08,0x00,0x00,0x60,0xff,0xff,
  0xff,0xff,0xff,0x26,0x00,0x00,0x00,0x00,0x00,0x00,0x05,0xf6,0xff,0xff,0xff,0xff,0x36,0x00,0x00,0x92,0xff,0xff,0xff,0xff,
  0xff,0x06,0x00,0x00,0x00,0x00,0x00,0x00,0x00,0xd7,0xff,0xff,0xff,0xff,0x67,0x00,0x00,0xa7,0xff,0xff,0xff,0xff,0xff,0xff,
  0xff,0xff,0xff,0xff,0xff,0xff,0xff,0xff,0xff,0xff,0xff,0xff,0x89,0x00,0x00,0xb7,0xff,0xff,0xff,0xff,0xff,0xff,0xff,0xff,
  0xff,0xff,0xff,0xff,0xff,0xff,0xff,0xff,0xff,0xff,0x94,0x00,0x00,0xaf,0xff,0xff,0xff,0xff,0xff,0xff,0xff,0xff,0xff,0xff,
  0xff,0xff,0xff,0xff,0xff,0xff,0xff,0xff,0x9e,0x00,0x00,0x9c,0xff,0xff,0xff,0xff,0xef,0x00,0x00,0x00,0x00,0x00,0x00,0x00,
  0x00,0x00,0x00,0x00,0x00,0x00,0x00,0x00,0x00,0x6e,0xff,0xff,0xff,0xff,0xff,0x18,0x00,0x00,0x00,0x00,0x00,0x00,0x00,0x00,
  0x00,0x00,0x00,0x00,0x00,0x00,0x00,0x31,0xff,0xff,0xff,0xff,0xff,0x70,0x00,0x00,0x00,0x00,0x00,0x00,0x00,0x00,0x00,0x00,
  0x00,0x00,0x00,0x00,0x00,0x00,0xd3,0xff,0xff,0xff,0xff,0xef,0x27,0x00,0x00,0x00,0x00,0x00,0x6b,0xe3,0xb4,0x85,0x56,0x27,
  0x02,0x00,0x00,0x00,0x59,0xff,0xff,0xff,0xff,0xff,0xed,0x6b,0x1a,0x06,0x21,0x7d,0xfb,0xff,0xff,0xff,0xff,0xf8,0x1e,0x00,
  0x00,0x00,0x00,0xb3,0xff,0xff,0xff,0xff,0xff,0xff,0xff,0xff,0xff,0xff,0xff,0xff,0xff,0xff,0xff,0x7a,0x00,0x00,0x00,0x00,
  0x00,0x09,0xbe,0xff,0xff,0xff,0xff,0xff,0xff,0xff,0xff,0xff,0xff,0xff,0xff,0xff,0x9b,0x01,0x00,0x00,0x00,0x00,0x00,0x00,
  0x08,0x7e,0xf5,0xff,0xff,0xff,0xff,0xff,0xff,0xff,0xff,0xff,0xeb,0x65,0x00,0x00,0x00,0x00,0x00,0x00,0x00,0x00,0x00,0x00,
  0x18,0x68,0xb2,0xd9,0xef,0xfc,0xf1,0xd6,0xa7,0x5e,0x0a,0x00,0x00,0x00,0x00,0x00,0x00,0x47,0xef,0xfc,0xf0,0xce,0x77,0x0d,
  0x00,0x00,0x00,0x00,0x88,0xff,0xff,0xff,0xff,0xec,0x00,0x00,0x00,0x00,0x00,0x4d,0xb5,0xe3,0xfb,0xf6,0xa4,0x00,0x00,0x50,
  0xff,0xff,0xff,0xff,0xff,0xd0,0x0c,0x00,0x00,0x00,0x88,0xff,0xff,0xff,0xff,0xec,0x00,0x00,0x00,0x00,0x7b,0xff,0xff,0xff,
  0xff,0xff,0xb4,0x00,0x00,0x50,0xff,0xff,0xff,0xff,0xff,0xff,0x90,0x00,0x00,0x00,0x88,0xff,0xff,0xff,0xff,0xec,0x00,0x00,
  0x00,0x2f,0xfd,0xff,0xff,0xff,0xff,0xff,0xb4,0x00,0x00,0x50,0xff,0xff,0xff,0xff,0xff,0xff,0xf9,0x19,0x00,0x00,0x88,0xff,
  0xff,0xff,0xff,0xec,0x00,0x00,0x00,0xb0,0xff,0xff,0xff,0xff,0xff,0xff,0xb4,0x00,0x00,0x00,0x06,0x1e,0x7d,0xff,0xff,0xff,
  0xff,0x81,0x00,0x00,0x88,0xff,0xff,0xff,0xff,0xec,0x00,0x00,0x20,0xfd,0xff,0xff,0xff,0xc5,0x32,0x0c,0x01,0x00,0x00,0x00,
  0x00,0x00,0x00,0xba,0xff,0xff,0xff,0xe4,0x04,0x00,0x88,0xff,0xff,0xff,0xff,0xec,0x00,0x00,0x84,0xff,0xff,0xff,0xfb,0x22,
  0x00,0x00,0x00,0x00,0x00,0x00,0x00,0x00,0x00,0x47,0xff,0xff,0xff,0xff,0x5e,0x00,0x88,0xff,0xff,0xff,0xff,0xec,0x00,0x0c,
  0xeb,0xff,0xff,0xff,0xaa,0x00,0x00,0x00,0x00,0x00,0x00,0x00,0x00,0x00,0x00,0x01,0xd4,0xff,0xff,0xff,0xe9,0x43,0x8d,0xff,
  0xff,0xff,0xff,0xec,0x1a,0xaa,0xff,0xff,0xff,0xff,0x38,0x00,0x00,0x00,0x00,0x00,0x00,0x00,0x00,0x00,0x00,0x00,0x3d,0xfb,
  0xff,0xff,0xff,0xff,0xff,0xff,0xff,0xff,0xff,0xff,0xff,0xff,0xff,0xff,0xff,0x9b,0x00,0x00,0x00,0x00,0x00,0x00,0x00,0x00,
  0x00,0x00,0x00,0x00,0x00,0x46,0xe0,0xff,0xff,0xff,0xff,0xff,0xff,0xff,0xff,0xff,0xff,0xff,0xff,0xfc,0x89,0x04,0x00,0x00,
  0x00,0x00,0x00,0x00,0x00,0x00,0x00,0x00,0x00,0x00,0x05,0x92,0xf9,0xff,0xff,0xff,0xff,0xff,0xff,0xff,0xff,0xff,0xff,0xff,
  0xff,0xff,0xc9,0x2b,0x00,0x00,0x00,0x00,0x00,0x00,0x00,0x00,0x00,0x00,0x00,0x03,0xb6,0xff,0xff,0xff,0xff,0xff,0xff,0xff,
  0xff,0xff,0xff,0xff,0xff,0xff,0xff,0xff,0xff,0xed,0x2f,0x00,0x00,0x00,0x00,0x00,0x00,0x00,0x00,0x00,0x00,0x85,0xff,0xff,
  0xff,0xff,0xe1,0x3a,0x8d,0xff,0xff,0xff,0xff,0xec,0x21,0xa5,0xff,0xff,0xff,0xff,0xd9,0x0c,0x00,0x00,0x00,0x00,0x00,0x00,
  0x00,0x00,0x30,0xfd,0xff,0xff,0xff,0xff,0x47,0x00,0x88,0xff,0xff,0xff,0xff,0xec,0x00,0x03,0xcc,0xff,0xff,0xff,0xff,0x8e,
  0x00,0x00,0x00,0x00,0x00,0x00,0x00,0x00,0xba,0xff,0xff,0xff,0xff,0xb7,0x00,0x00,0x88,0xff,0xff,0xff,0xff,0xec,0x00,0x00,
  0x48,0xff,0xff,0xff,0xff,0xf9,0x21,0x00,0x00,0x00,0x00,0x00,0x00,0x42,0xff,0xff,0xff,0xff,0xff,0x3e,0x00,0x00,0x88,0xff,
  0xff,0xff,0xff,0xec,0x00,0x00,0x00,0xd6,0xff,0xff,0xff,0xff,0xa1,0x00,0x00,0x00,0x00,0x00,0x00,0xc2,0xff,0xff,0xff,0xff,
  0xd0,0x00,0x00,0x00,0x88,0xff,0xff,0xff,0xff,0xec,0x00,0x00,0x00,0x6a,0xff,0xff,0xff,0xff,0xfc,0x26,0x00,0x00,0x00,0x00,
  0x43,0xff,0xff,0xff,0xff,0xff,0x61,0x00,0x00,0x00,0x88,0xff,0xff,0xff,0xff,0xec,0x00,0x00,0x00,0x0c,0xf1,0xff,0xff,0xff,
  0xff,0xa3,0x00,0x00,0x00,0x00,0xc2,0xff,0xff,0xff,0xff,0xeb,0x08,0x00,0x00,0x00,0x88,0xff,0xff,0xff,0xff,0xec,0x00,0x00,
  0x00,0x00,0x90,0xff,0xff,0xff,0xff,0xfd,0x27,0x00,0x00,0x44,0xff,0xff,0xff,0xff,0xff,0x85,0x00,0x00,0x00,0x00,0x88,0xff,
  0xff,0xff,0xff,0xec,0x00,0x00,0x00,0x00,0x25,0xfe,0xff,0xff,0xff,0xff,0xa5,0x00,0x00,0xc3,0xff,0xff,0xff,0xff,0xfb,0x1b,
  0x00,0x00,0x00,0x00,0x88,0xff,0xff,0xff,0xff,0xec,0x00,0x00,0x00,0x00,0x00,0xb6,0xff,0xff,0xff,0xff,0xfd,0x29,0x00,0x00,
  0x00,0x00,0x00,0x24,0x84,0xc5,0xed,0xfb,0xf1,0xdb,0xad,0x61,0x0b,0x00,0x00,0x00,0x00,0x00,0x00,0x00,0x00,0x09,0x96,0xfc,
  0xff,0xff,0xff,0xff,0xff,0xff,0xff,0xff,0xe5,0x4c,0x00,0x00,0x00,0x00,0x00,0x00,0x0c,0xcb,0xff,0xff,0xff,0xff,0xff,0xff,
  0xff,0xff,0xff,0xff,0xff,0xfc,0x51,0x00,0x00,0x00,0x00,0x00,0xa2,0xff,0xff,0xff,0xff,0xff,0xff,0xff,0xff,0xff,0xff,0xff,
  0xff,0xff,0xec,0x09,0x00,0x00,0x00,0x2d,0xfe,0xff,0xff,0xff,0xff,0x97,0x27,0x08,0x24,0x9d,0xff,0xff,0xff,0xff,0xff,0x4d,
  0x00,0x00,0x00,0x87,0xff,0xff,0xff,0xff,0xa9,0x00,0x00,0x00,0x00,0x00,0xcf,0xff,0xff,0xff,0xff,0x66,0x00,0x00,0x00,0x0d,
  0x42,0x79,0xb0,0xe6,0x28,0x00,0x00,0x00,0x00,0x01,0xd2,0xff,0xff,0xff,0xff,0x44,0x00,0x00,0x00,0x00,0x00,0x00,0x00,0x00,
  0x00,0x00,0x01,0x08,0x2a,0xa5,0xff,0xff,0xff,0xff,0xcf,0x03,0x00,0x00,0x00,0x00,0x00,0x00,0x00,0x00,0x00,0x00,0x8c,0xff,
  0xff,0xff,0xff,0xff,0xff,0xcb,0x1d,0x00,0x00,0x00,0x00,0x00,0x00,0x00,0x00,0x00,0x00,0x00,0x8c,0xff,0xff,0xff,0xff,0xf9,
  0x6d,0x03,0x00,0x00,0x00,0x00,0x00,0x00,0x00,0x00,0x00,0x00,0x00,0x00,0x8c,0xff,0xff,0xff,0xff,0xff,0xf2,0x8c,0x0e,0x00,
  0x00,0x00,0x00,0x00,0x00,0x00,0x00,0x00,0x00,0x00,0x8c,0xff,0xff,0xff,0xff,0xff,0xff,0xff,0xdb,0x1c,0x00,0x00,0x00,0x00,
  0x00,0x00,0x00,0x00,0x00,0x00,0x00,0x05,0x22,0x79,0xf8,0xff,0xff,0xff,0xff,0xba,0x00,0x00,0x00,0x00,0x00,0x00,0x00,0x00,
  0x00,0x00,0x00,0x00,0x00,0x00,0x66,0xff,0xff,0xff,0xff,0xff,0x23,0x00,0x07,0x34,0x67,0x9a,0xcd,0xba,0x00,0x00,0x00,0x00,
  0x00,0x00,0x2b,0xff,0xff,0xff,0xff,0xff,0x4e,0x00,0x5b,0xff,0xff,0xff,0xff,0xff,0x64,0x00,0x00,0x00,0x00,0x00,0x79,0xff,
  0xff,0xff,0xff,0xff,0x46,0x00,0x0a,0xea,0xff,0xff,0xff,0xff,0xfd,0x8b,0x25,0x08,0x24,0x86,0xfc,0xff,0xff,0xff,0xff,0xfa,
  0x14,0x00,0x00,0x65,0xff,0xff,0xff,0xff,0xff,0xff,0xff,0xff,0xff,0xff,0xff,0xff,0xff,0xff,0xff,0x98,0x00,0x00,0x00,0x00,
  0x96,0xff,0xff,0xff,0xff,0xff,0xff,0xff,0xff,0xff,0xff,0xff,0xff,0xff,0xc5,0x0c,0x00,0x00,0x00,0x00,0x00,0x6c,0xef,0xff,
  0xff,0xff,0xff,0xff,0xff,0xff,0xff,0xff,0xfd,0x94,0x0b,0x00,0x00,0x00,0x00,0x00,0x00,0x00,0x10,0x65,0xad,0xda,0xf2,0xfc,
  0xf3,0xe1,0xb6,0x7a,0x1f,0x00,0x00,0x00,0x00,0x00,0x00,0x00,0x44,0xff,0xff,0xff,0xff,0xff,0x04,0x00,0x00,0x00,0x00,0x00,
  0x00,0x05,0xd5,0xff,0xff,0xff,0xff,0xd8,0x00,0x00,0x00,0x00,0x00,0x44,0xff,0xff,0xff,0xff,0xff,0x04,0x00,0x00,0x00,0x00,
  0x00,0x00,0x76,0xff,0xff,0xff,0xff,0xff,0xd8,0x00,0x00,0x00,0x00,0x00,0x44,0xff,0xff,0xff,0xff,0xff,0x04,0x00,0x00,0x00,
  0x00,0x00,0x1c,0xf4,0xff,0xff,0xff,0xff,0xff,0xd8,0x00,0x00,0x00,0x00,0x00,0x44,0xff,0xff,0xff,0xff,0xff,0x04,0x00,0x00,
  0x00,0x00,0x00,0xad,0xff,0xff,0xff,0xff,0xff,0xff,0xd8,0x00,0x00,0x00,0x00,0x00,0x44,0xff,0xff,0xff,0xff,0xff,0x04,0x00,
  0x00,0x00,0x00,0x48,0xff,0xff,0xff,0xff,0xff,0xff,0xff,0xd8,0x00,0x00,0x00,0x00,0x00,0x44,0xff,0xff,0xff,0xff,0xff,0x04,
  0x00,0x00,0x00,0x07,0xdb,0xff,0xff,0xff,0xff,0xff,0xff,0xff,0xd8,0x00,0x00,0x00,0x00,0x00,0x44,0xff,0xff,0xff,0xff,0xff,
  0x04,0x00,0x00,0x00,0x7f,0xff,0xff,0xff,0xff,0xff,0xff,0xff,0xff,0xd8,0x00,0x00,0x00,0x00,0x00,0x44,0xff,0xff,0xff,0xff,
  0xff,0x04,0x00,0x00,0x23,0xf7,0xff,0xff,0xfe,0xa7,0xff,0xff,0xff,0xff,0xd8,0x00,0x00,0x00,0x00,0x00,0x44,0xff,0xff,0xff,
  0xff,0xff,0x04,0x00,0x00,0xb5,0xff,0xff,0xff,0x9a,0x70,0xff,0xff,0xff,0xff,0xd8,0x00,0x00,0x00,0x00,0x00,0x44,0xff,0xff,
  0xff,0xff,0xff,0x04,0x00,0x52,0xff,0xff,0xff,0xec,0x13,0x70,0xff,0xff,0xff,0xff,0xd8,0x00,0x00,0x00,0x00,0x00,0x44,0xff,
  0xff,0xff,0xff,0xff,0x04,0x0b,0xe2,0xff,0xff,0xff,0x63,0x00,0x70,0xff,0xff,0xff,0xff,0xd8,0x00,0x00,0x00,0x00,0x00,0x44,
  0xff,0xff,0xff,0xff,0xff,0x04,0x89,0xff,0xff,0xff,0xc6,0x01,0x00,0x70,0xff,0xff,0xff,0xff,0xd8,0x00,0x00,0x00,0x00,0x00,
  0x44,0xff,0xff,0xff,0xff,0xff,0x2d,0xfa,0xff,0xff,0xfc,0x30,0x00,0x00,0x70,0xff,0xff,0xff,0xff,0xd8,0x00,0x00,0x00,0x00,
  0x00,0x44,0xff,0xff,0xff,0xff,0xff,0xc2,0xff,0xff,0xff,0x91,0x00,0x00,0x00,0x70,0xff,0xff,0xff,0xff,0xd8,0x00,0x00,0x00,
  0x00,0x00,0x44,0xff,0xff,0xff,0xff,0xff,0xff,0xff,0xff,0xe7,0x0e,0x00,0x00,0x00,0x70,0xff,0xff,0xff,0xff,0xd8,0x00,0x00,
  0x00,0x00,0x00,0x44,0xff,0xff,0xff,0xff,0xff,0xff,0xff,0xff,0x5a,0x00,0x00,0x00,0x00,0x70,0xff,0xff,0xff,0xff,0xd8,0x00,
  0x00,0x00,0x00,0x00,0x44,0xff,0xff,0xff,0xff,0xff,0xff,0xff,0xbe,0x00,0x00,0x00,0x00,0x00,0x70,0xff,0xff,0xff,0xff,0xd8,
  0x00,0x00,0x00,0x00,0x00,0x44,0xff,0xff,0xff,0xff,0xff,0xff,0xfa,0x29,0x00,0x00,0x00,0x00,0x00,0x70,0xff,0xff,0xff,0xff,
  0xd8,0x00,0x00,0x00,0x00,0x00,0x44,0xff,0xff,0xff,0xff,0xff,0xff,0x88,0x00,0x00,0x00,0x00,0x00,0x00,0x70,0xff,0xff,0xff,
  0xff,0xd8,0x00,0x00,0x00,0x00,0x00,0x44,0xff,0xff,0xff,0xff,0xff,0xe1,0x0a,0x00,0x00,0x00,0x00,0x00,0x00,0x70,0xff,0xff,
  0xff,0xff,0xd8,0x00,0x00,0x00,0x00,0x00,0x44,0xff,0xff,0xff,0xff,0xff,0x51,0x00,0x00,0x00,0x00,0x00,0x00,0x00,0x70,0xff,
  0xff,0xff,0xff,0xd8,0x00,0x00,0x00,0x00,0x00,0x00,0x00,0x00,0x00,0x8d,0xff,0xff,0x2a,0x00,0x00,0x00,0x00,0x00,0x40,0xff,
  0xff,0x7b,0x00,0x00,0x00,0x00,0x00,0x00,0x00,0x00,0x00,0x00,0x00,0x00,0x5b,0xff,0xff,0x83,0x00,0x00,0x00,0x00,0x00,0x9a,
  0xff,0xff,0x4a,0x00,0x00,0x00,0x00,0x00,0x00,0x00,0x00,0x00,0x00,0x00,0x00,0x10,0xf4,0xff,0xfb,0x7c,0x20,0x08,0x24,0x8a,
  0xff,0xff,0xeb,0x07,0x00,0x00,0x00,0x00,0x00,0x00,0x00,0x00,0x00,0x00,0x00,0x00,0x00,0x79,0xff,0xff,0xff,0xff,0xff,0xff,
  0xff,0xff,0xff,0x66,0x00,0x00,0x00,0x00,0x00,0x00,0x00,0x00,0x00,0x00,0x00,0x00,0x00,0x00,0x01,0x9b,0xff,0xff,0xff,0xff,
  0xff,0xff,0xff,0x89,0x00,0x00,0x00,0x00,0x00,0x00,0x00,0x00,0x00,0x00,0x00,0x00,0x00,0x00,0x00,0x00,0x00,0x4b,0xb4,0xeb,
  0xfb,0xe9,0xaf,0x42,0x00,0x00,0x00,0x00,0x00,0x00,0x00,0x00,0x00,0x00,0x00,0x00,0x00,0x00,0x00,0x00,0x00,0x00,0x00,0x00,
  0x00,0x00,0x00,0x00,0x00,0x00,0x00,0x00,0x00,0x00,0x00,0x00,0x00,0x00,0x00,0x00,0x00,0x00,0x00,0x00,0x00,0x00,0x00,0x00,
  0x00,0x00,0x00,0x00,0x00,0x00,0x00,0x00,0x00,0x00,0x00,0x00,0x00,0x00,0x00,0x00,0x00,0x44,0xff,0xff,0xff,0xff,0xff,0x04,
  0x00,0x00,0x00,0x00,0x00,0x00,0x05,0xd5,0xff,0xff,0xff,0xff,0xd8,0x00,0x00,0x00,0x00,0x00,0x44,0xff,0xff,0xff,0xff,0xff,
  0x04,0x00,0x00,0x00,0x00,0x00,0x00,0x76,0xff,0xff,0xff,0xff,0xff,0xd8,0x00,0x00,0x00,0x00,0x00,0x44,0xff,0xff,0xff,0xff,
  0xff,0x04,0x00,0x00,0x00,0x00,0x00,0x1c,0xf4,0xff,0xff,0xff,0xff,0xff,0xd8,0x00,0x00,0x00,0x00,0x00,0x44,0xff,0xff,0xff,
  0xff,0xff,0x04,0x00,0x00,0x00,0x00,0x00,0xad,0xff,0xff,0xff,0xff,0xff,0xff,0xd8,0x00,0x00,0x00,0x00,0x00,0x44,0xff,0xff,
  0xff,0xff,0xff,0x04,0x00,0x00,0x00,0x00,0x48,0xff,0xff,0xff,0xff,0xff,0xff,0xff,0xd8,0x00,0x00,0x00,0x00,0x00,0x44,0xff,
  0xff,0xff,0xff,0xff,0x04,0x00,0x00,0x00,0x07,0xdb,0xff,0xff,0xff,0xff,0xff,0xff,0xff,0xd8,0x00,0x00,0x00,0x00,0x00,0x44,
  0xff,0xff,0xff,0xff,0xff,0x04,0x00,0x00,0x00,0x7f,0xff,0xff,0xff,0xff,0xff,0xff,0xff,0xff,0xd8,0x00,0x00,0x00,0x00,0x00,
  0x44,0xff,0xff,0xff,0xff,0xff,0x04,0x00,0x00,0x23,0xf7,0xff,0xff,0xfe,0xa7,0xff,0xff,0xff,0xff,0xd8,0x00,0x00,0x00,0x00,
  0x00,0x44,0xff,0xff,0xff,0xff,0xff,0x04,0x00,0x00,0xb5,0xff,0xff,0xff,0x9a,0x70,0xff,0xff,0xff,0xff,0xd8,0x00,0x00,0x00,
  0x00,0x00,0x44,0xff,0xff,0xff,0xff,0xff,0x04,0x00,0x52,0xff,0xff,0xff,0xec,0x13,0x70,0xff,0xff,0xff,0xff,0xd8,0x00,0x00,
  0x00,0x00,0x00,0x44,0xff,0xff,0xff,0xff,0xff,0x04,0x0b,0xe2,0xff,0xff,0xff,0x63,0x00,0x70,0xff,0xff,0xff,0xff,0xd8,0x00,
  0x00,0x00,0x00,0x00,0x44,0xff,0xff,0xff,0xff,0xff,0x04,0x89,0xff,0xff,0xff,0xc6,0x01,0x00,0x70,0xff,0xff,0xff,0xff,0xd8,
  0x00,0x00,0x00,0x00,0x00,0x44,0xff,0xff,0xff,0xff,0xff,0x2d,0xfa,0xff,0xff,0xfc,0x30,0x00,0x00,0x70,0xff,0xff,0xff,0xff,
  0xd8,0x00,0x00,0x00,0x00,0x00,0x44,0xff,0xff,0xff,0xff,0xff,0xc2,0xff,0xff,0xff,0x91,0x00,0x00,0x00,0x70,0xff,0xff,0xff,
  0xff,0xd8,0x00,0x00,0x00,0x00,0x00,0x44,0xff,0xff,0xff,0xff,0xff,0xff,0xff,0xff,0xe7,0x0e,0x00,0x00,0x00,0x70,0xff,0xff,
  0xff,0xff,0xd8,0x00,0x00,0x00,0x00,0x00,0x44,0xff,0xff,0xff,0xff,0xff,0xff,0xff,0xff,0x5a,0x00,0x00,0x00,0x00,0x70,0xff,
  0xff,0xff,0xff,0xd8,0x00,0x00,0x00,0x00,0x00,0x44,0xff,0xff,0xff,0xff,0xff,0xff,0xff,0xbe,0x00,0x00,0x00,0x00,0x00,0x70,
  0xff,0xff,0xff,0xff,0xd8,0x00,0x00,0x00,0x00,0x00,0x44,0xff,0xff,0xff,0xff,0xff,0xff,0xfa,0x29,0x00,0x00,0x00,0x00,0x00,
  0x70,0xff,0xff,0xff,0xff,0xd8,0x00,0x00,0x00,0x00,0x00,0x44,0xff,0xff,0xff,0xff,0xff,0xff,0x88,0x00,0x00,0x00,0x00,0x00,
  0x00,0x70,0xff,0xff,0xff,0xff,0xd8,0x00,0x00,0x00,0x00,0x00,0x44,0xff,0xff,0xff,0xff,0xff,0xe1,0x0a,0x00,0x00,0x00,0x00,
  0x00,0x00,0x70,0xff,0xff,0xff,0xff,0xd8,0x00,0x00,0x00,0x00,0x00,0x44,0xff,0xff,0xff,0xff,0xff,0x51,0x00,0x00,0x00,0x00,
  0x00,0x00,0x00,0x70,0xff,0xff,0xff,0xff,0xd8,0x00,0x00,0x00,0x00,0x00,0x58,0xff,0xff,0xff,0xff,0xff,0x20,0x00,0x00,0x00,
  0x00,0x0d,0x76,0xcf,0xef,0xfb,0xee,0x2a,0x00,0x00,0x00,0x58,0xff,0xff,0xff,0xff,0xff,0x20,0x00,0x00,0x00,0x09,0xce,0xff,
  0xff,0xff,0xff,0xff,0x30,0x00,0x00,0x00,0x58,0xff,0xff,0xff,0xff,0xff,0x20,0x00,0x00,0x00,0x84,0xff,0xff,0xff,0xff,0xff,
  0xff,0x31,0x00,0x00,0x00,0x58,0xff,0xff,0xff,0xff,0xff,0x20,0x00,0x00,0x0e,0xf2,0xff,0xff,0xff,0xff,0xff,0xff,0x33,0x00,
  0x00,0x00,0x58,0xff,0xff,0xff,0xff,0xff,0x20,0x00,0x00,0x64,0xff,0xff,0xff,0xff,0x77,0x1c,0x05,0x00,0x00,0x00,0x00,0x58,
  0xff,0xff,0xff,0xff,0xff,0x20,0x00,0x00,0xc2,0xff,0xff,0xff,0xbd,0x00,0x00,0x00,0x00,0x00,0x00,0x00,0x58,0xff,0xff,0xff,
  0xff,0xff,0x20,0x00,0x21,0xfe,0xff,0xff,0xff,0x57,0x00,0x00,0x00,0x00,0x00,0x00,0x00,0x58,0xff,0xff,0xff,0xff,0xff,0x20,
  0x00,0x93,0xff,0xff,0xff,0xf1,0x0a,0x00,0x00,0x00,0x00,0x00,0x00,0x00,0x58,0xff,0xff,0xff,0xff,0xff,0x38,0x78,0xfc,0xff,
  0xff,0xff,0x91,0x00,0x00,0x00,0x00,0x00,0x00,0x00,0x00,0x58,0xff,0xff,0xff,0xff,0xff,0xff,0xff,0xff,0xff,0xff,0xe7,0x13,
  0x00,0x00,0x00,0x00,0x00,0x00,0x00,0x00,0x58,0xff,0xff,0xff,0xff,0xff,0xff,0xff,0xff,0xff,0xd3,0x2a,0x00,0x00,0x00,0x00,
  0x00,0x00,0x00,0x00,0x00,0x58,0xff,0xff,0xff,0xff,0xff,0xff,0xff,0xff,0xff,0xf9,0xa3,0x15,0x00,0x00,0x00,0x00,0x00,0x00,
  0x00,0x00,0x58,0xff,0xff,0xff,0xff,0xff,0xff,0xff,0xff,0xff,0xff,0xff,0xe4,0x21,0x00,0x00,0x00,0x00,0x00,0x00,0x00,0x58,
  0xff,0xff,0xff,0xff,0xff,0x2a,0x44,0xe2,0xff,0xff,0xff,0xff,0xd8,0x09,0x00,0x00,0x00,0x00,0x00,0x00,0x58,0xff,0xff,0xff,
  0xff,0xff,0x20,0x00,0x39,0xfe,0xff,0xff,0xff,0xff,0x89,0x00,0x00,0x00,0x00,0x00,0x00,0x58,0xff,0xff,0xff,0xff,0xff,0x20,
  0x00,0x00,0xa4,0xff,0xff,0xff,0xff,0xf9,0x21,0x00,0x00,0x00,0x00,0x00,0x58,0xff,0xff,0xff,0xff,0xff,0x20,0x00,0x00,0x25,
  0xfc,0xff,0xff,0xff,0xff,0xa4,0x00,0x00,0x00,0x00,0x00,0x58,0xff,0xff,0xff,0xff,0xff,0x20,0x00,0x00,0x00,0xa0,0xff,0xff,
  0xff,0xff,0xfe,0x2f,0x00,0x00,0x00,0x00,0x58,0xff,0xff,0xff,0xff,0xff,0x20,0x00,0x00,0x00,0x23,0xfb,0xff,0xff,0xff,0xff,
  0xb5,0x00,0x00,0x00,0x00,0x58,0xff,0xff,0xff,0xff,0xff,0x20,0x00,0x00,0x00,0x00,0x9e,0xff,0xff,0xff,0xff,0xff,0x3e,0x00,
  0x00,0x00,0x58,0xff,0xff,0xff,0xff,0xff,0x20,0x00,0x00,0x00,0x00,0x21,0xfb,0xff,0xff,0xff,0xff,0xc6,0x00,0x00,0x00,0x00,
  0x00,0xa4,0xff,0xff,0xff,0xff,0xff,0xff,0xff,0xff,0xff,0xff,0xff,0xff,0xff,0xff,0xff,0xff,0xff,0xbc,0x00,0x00,0x00,0x00,
  0x00,0x00,0xa4,0xff,0xff,0xff,0xff,0xff,0xff,0xff,0xff,0xff,0xff,0xff,0xff,0xff,0xff,0xff,0xff,0xff,0xbc,0x00,0x00,0x00,
  0x00,0x00,0x00,0xa4,0xff,0xff,0xff,0xff,0xff,0xff,0xff,0xff,0xff,0xff,0xff,0xff,0xff,0xff,0xff,0xff,0xff,0xbc,0x00,0x00,
  0x00,0x00,0x00,0x00,0xa4,0xff,0xff,0xff,0xff,0xff,0xff,0xff,0xff,0xff,0xff,0xff,0xff,0xff,0xff,0xff,0xff,0xff,0xbc,0x00,
  0x00,0x00,0x00,0x00,0x00,0xa4,0xff,0xff,0xff,0xff,0xc8,0x00,0x00,0x00,0x00,0x00,0x00,0x00,0xbc,0xff,0xff,0xff,0xff,0xbc,
  0x00,0x00,0x00,0x00,0x00,0x00,0xa4,0xff,0xff,0xff,0xff,0xc8,0x00,0x00,0x00,0x00,0x00,0x00,0x00,0xbc,0xff,0xff,0xff,0xff,
  0xbc,0x00,0x00,0x00,0x00,0x00,0x00,0xa4,0xff,0xff,0xff,0xff,0xc8,0x00,0x00,0x00,0x00,0x00,0x00,0x00,0xbc,0xff,0xff,0xff,
  0xff,0xbc,0x00,0x00,0x00,0x00,0x00,0x00,0xa4,0xff,0xff,0xff,0xff,0xc8,0x00,0x00,0x00,0x00,0x00,0x00,0x00,0xbc,0xff,0xff,
  0xff,0xff,0xbc,0x00,0x00,0x00,0x00,0x00,0x00,0xa4,0xff,0xff,0xff,0xff,0xc8,0x00,0x00,0x00,0x00,0x00,0x00,0x00,0xbc,0xff,
  0xff,0xff,0xff,0xbc,0x00,0x00,0x00,0x00,0x00,0x00,0xa4,0xff,0xff,0xff,0xff,0xc8,0x00,0x00,0x00,0x00,0x00,0x00,0x00,0xbc,
  0xff,0xff,0xff,0xff,0xbc,0x00,0x00,0x00,0x00,0x00,0x00,0xa4,0xff,0xff,0xff,0xff,0xc8,0x00,0x00,0x00,0x00,0x00,0x00,0x00,
  0xbc,0xff,0xff,0xff,0xff,0xbc,0x00,0x00,0x00,0x00,0x00,0x00,0xa4,0xff,0xff,0xff,0xff,0xc8,0x00,0x00,0x00,0x00,0x00,0x00,
  0x00,0xbc,0xff,0xff,0xff,0xff,0xbc,0x00,0x00,0x00,0x00,0x00,0x00,0xa5,0xff,0xff,0xff,0xff,0xc8,0x00,0x00,0x00,0x00,0x00,
  0x00,0x00,0xbc,0xff,0xff,0xff,0xff,0xbc,0x00,0x00,0x00,0x00,0x00,0x00,0xa9,0xff,0xff,0xff,0xff,0xc6,0x00,0x00,0x00,0x00,
  0x00,0x00,0x00,0xbc,0xff,0xff,0xff,0xff,0xbc,0x00,0x00,0x00,0x00,0x00,0x00,0xb1,0xff,0xff,0xff,0xff,0xbf,0x00,0x00,0x00,
  0x00,0x00,0x00,0x00,0xbc,0xff,0xff,0xff,0xff,0xbc,0x00,0x00,0x00,0x00,0x00,0x00,0xc6,0xff,0xff,0xff,0xff,0xb0,0x00,0x00,
  0x00,0x00,0x00,0x00,0x00,0xbc,0xff,0xff,0xff,0xff,0xbc,0x00,0x00,0x0b,0x0a,0x03,0x39,0xf6,0xff,0xff,0xff,0xff,0x93,0x00,
  0x00,0x00,0x00,0x00,0x00,0x00,0xbc,0xff,0xff,0xff,0xff,0xbc,0x00,0x00,0x84,0xff,0xff,0xff,0xff,0xff,0xff,0xff,0xff,0x5d,
  0x00,0x00,0x00,0x00,0x00,0x00,0x00,0xbc,0xff,0xff,0xff,0xff,0xbc,0x00,0x00,0x84,0xff,0xff,0xff,0xff,0xff,0xff,0xff,0xed,
  0x0d,0x00,0x00,0x00,0x00,0x00,0x00,0x00,0xbc,0xff,0xff,0xff,0xff,0xbc,0x00,0x00,0x84,0xff,0xff,0xff,0xff,0xff,0xff,0xfe,
  0x53,0x00,0x00,0x00,0x00,0x00,0x00,0x00,0x00,0xbc,0xff,0xff,0xff,0xff,0xbc,0x00,0x00,0x5d,0xcd,0xea,0xf9,0xfc,0xeb,0xbf,
  0x47,0x00,0x00,0x00,0x00,0x00,0x00,0x00,0x00,0x00,0xbc,0xff,0xff,0xff,0xff,0xbc,0x00,0x00,0x00,0x00,0x00,0xf8,0xff,0xff,
  0xff,0xff,0xff,0xf5,0x0b,0x00,0x00,0x00,0x00,0x00,0x00,0x00,0x00,0x0c,0xf5,0xff,0xff,0xff,0xff,0xff,0xf4,0x00,0x00,0x00,
  0x00,0x00,0x00,0xf8,0xff,0xff,0xff,0xff,0xff,0xff,0x5b,0x00,0x00,0x00,0x00,0x00,0x00,0x00,0x00,0x5c,0xff,0xff,0xff,0xff,
  0xff,0xff,0xf4,0x00,0x00,0x00,0x00,0x00,0x00,0xf8,0xff,0xff,0xff,0xff,0xff,0xff,0xb5,0x00,0x00,0x00,0x00,0x00,0x00,0x00,
  0x00,0xb7,0xff,0xff,0xff,0xff,0xff,0xff,0xf4,0x00,0x00,0x00,0x00,0x00,0x00,0xf8,0xff,0xff,0xff,0xff,0xff,0xff,0xfb,0x14,
  0x00,0x00,0x00,0x00,0x00,0x00,0x16,0xfb,0xff,0xff,0xff,0xff,0xff,0xff,0xf4,0x00,0x00,0x00,0x00,0x00,0x00,0xf8,0xff,0xff,
  0xff,0xff,0xff,0xff,0xff,0x6a,0x00,0x00,0x00,0x00,0x00,0x00,0x6d,0xff,0xff,0xff,0xff,0xff,0xff,0xff,0xf4,0x00,0x00,0x00,
  0x00,0x00,0x00,0xf8,0xff,0xff,0xff,0xff,0xff,0xff,0xff,0xc4,0x00,0x00,0x00,0x00,0x00,0x00,0xc8,0xff,0xff,0xff,0xff,0xff,
  0xff,0xff,0xf4,0x00,0x00,0x00,0x00,0x00,0x00,0xf8,0xff,0xff,0xff,0xff,0xff,0xff,0xff,0xfe,0x1f,0x00,0x00,0x00,0x00,0x23,
  0xff,0xff,0xff,0xff,0xff,0xff,0xff,0xff,0xf4,0x00,0x00,0x00,0x00,0x00,0x00,0xf8,0xff,0xff,0xff,0xe1,0xff,0xff,0xff,0xff,
  0x78,0x00,0x00,0x00,0x00,0x7d,0xff,0xff,0xff,0xff,0xe0,0xff,0xff,0xff,0xf4,0x00,0x00,0x00,0x00,0x00,0x00,0xf8,0xff,0xff,
  0xff,0xb8,0xd1,0xff,0xff,0xff,0xd3,0x00,0x00,0x00,0x00,0xd7,0xff,0xff,0xff,0xcb,0xb8,0xff,0xff,0xff,0xf4,0x00,0x00,0x00,
  0x00,0x00,0x00,0xf8,0xff,0xff,0xff,0xb8,0x78,0xff,0xff,0xff,0xff,0x2d,0x00,0x00,0x33,0xff,0xff,0xff,0xff,0x6e,0xb8,0xff,
  0xff,0xff,0xf4,0x00,0x00,0x00,0x00,0x00,0x00,0xf8,0xff,0xff,0xff,0xb8,0x20,0xfe,0xff,0xff,0xff,0x87,0x00,0x00,0x8e,0xff,
  0xff,0xff,0xfb,0x15,0xb8,0xff,0xff,0xff,0xf4,0x00,0x00,0x00,0x00,0x00,0x00,0xf8,0xff,0xff,0xff,0xb8,0x00,0xc5,0xff,0xff,
  0xff,0xe0,0x01,0x02,0xe5,0xff,0xff,0xff,0xb3,0x00,0xb8,0xff,0xff,0xff,0xf4,0x00,0x00,0x00,0x00,0x00,0x00,0xf8,0xff,0xff,
  0xff,0xb8,0x00,0x6c,0xff,0xff,0xff,0xff,0x3c,0x43,0xff,0xff,0xff,0xff,0x55,0x00,0xb8,0xff,0xff,0xff,0xf4,0x00,0x00,0x00,
  0x00,0x00,0x00,0xf8,0xff,0xff,0xff,0xb8,0x00,0x16,0xfc,0xff,0xff,0xff,0x96,0x9e,0xff,0xff,0xff,0xf0,0x08,0x00,0xb8,0xff,
  0xff,0xff,0xf4,0x00,0x00,0x00,0x00,0x00,0x00,0xf8,0xff,0xff,0xff,0xb8,0x00,0x00,0xb9,0xff,0xff,0xff,0xeb,0xf0,0xff,0xff,
  0xff,0x9b,0x00,0x00,0xb8,0xff,0xff,0xff,0xf4,0x00,0x00,0x00,0x00,0x00,0x00,0xf8,0xff,0xff,0xff,0xb8,0x00,0x00,0x60,0xff,
  0xff,0xff,0xff,0xff,0xff,0xff,0xff,0x3d,0x00,0x00,0xb8,0xff,0xff,0xff,0xf4,0x00,0x00,0x00,0x00,0x00,0x00,0xf8,0xff,0xff,
  0xff,0xb8,0x00,0x00,0x0e,0xf7,0xff,0xff,0xff,0xff,0xff,0xff,0xde,0x01,0x00,0x00,0xb8,0xff,0xff,0xff,0xf4,0x00,0x00,0x00,
  0x00,0x00,0x00,0xf8,0xff,0xff,0xff,0xb8,0x00,0x00,0x00,0xad,0xff,0xff,0xff,0xff,0xff,0xff,0x82,0x00,0x00,0x00,0xb8,0xff,
  0xff,0xff,0xf4,0x00,0x00,0x00,0x00,0x00,0x00,0xf8,0xff,0xff,0xff,0xb8,0x00,0x00,0x00,0x54,0xff,0xff,0xff,0xff,0xff,0xff,
  0x25,0x00,0x00,0x00,0xb8,0xff,0xff,0xff,0xf4,0x00,0x00,0x00,0x00,0x00,0x00,0xf8,0xff,0xff,0xff,0xb8,0x00,0x00,0x00,0x08,
  0xf1,0xff,0xff,0xff,0xff,0xc7,0x00,0x00,0x00,0x00,0xb8,0xff,0xff,0xff,0xf4,0x00,0x00,0x00,0x00,0x00,0x00,0xf8,0xff,0xff,
  0xff,0xb8,0x00,0x00,0x00,0x00,0xa1,0xff,0xff,0xff,0xff,0x6a,0x00,0x00,0x00,0x00,0xb8,0xff,0xff,0xff,0xf4,0x00,0x00,0x00,
  0x00,0x00,0x58,0xff,0xff,0xff,0xff,0xff,0x24,0x00,0x00,0x00,0x00,0x00,0x00,0x00,0xff,0xff,0xff,0xff,0xff,0x80,0x00,0x00,
  0x00,0x00,0x58,0xff,0xff,0xff,0xff,0xff,0x24,0x00,0x00,0x00,0x00,0x00,0x00,0x00,0xff,0xff,0xff,0xff,0xff,0x80,0x00,0x00,
  0x00,0x00,0x58,0xff,0xff,0xff,0xff,0xff,0x24,0x00,0x00,0x00,0x00,0x00,0x00,0x00,0xff,0xff,0xff,0xff,0xff,0x80,0x00,0x00,
  0x00,0x00,0x58,0xff,0xff,0xff,0xff,0xff,0x24,0x00,0x00,0x00,0x00,0x00,0x00,0x00,0xff,0xff,0xff,0xff,0xff,0x80,0x00,0x00,
  0x00,0x00,0x58,0xff,0xff,0xff,0xff,0xff,0x24,0x00,0x00,0x00,0x00,0x00,0x00,0x00,0xff,0xff,0xff,0xff,0xff,0x80,0x00,0x00,
  0x00,0x00,0x58,0xff,0xff,0xff,0xff,0xff,0x24,0x00,0x00,0x00,0x00,0x00,0x00,0x00,0xff,0xff,0xff,0xff,0xff,0x80,0x00,0x00,
  0x00,0x00,0x58,0xff,0xff,0xff,0xff,0xff,0x24,0x00,0x00,0x00,0x00,0x00,0x00,0x00,0xff,0xff,0xff,0xff,0xff,0x80,0x00,0x00,
  0x00,0x00,0x58,0xff,0xff,0xff,0xff,0xff,0x24,0x00,0x00,0x00,0x00,0x00,0x00,0x00,0xff,0xff,0xff,0xff,0xff,0x80,0x00,0x00,
  0x00,0x00,0x58,0xff,0xff,0xff,0xff,0xff,0xff,0xff,0xff,0xff,0xff,0xff,0xff,0xff,0xff,0xff,0xff,0xff,0xff,0x80,0x00,0x00,
  0x00,0x00,0x58,0xff,0xff,0xff,0xff,0xff,0xff,0xff,0xff,0xff,0xff,0xff,0xff,0xff,0xff,0xff,0xff,0xff,0xff,0x80,0x00,0x00,
  0x00,0x00,0x58,0xff,0xff,0xff,0xff,0xff,0xff,0xff,0xff,0xff,0xff,0xff,0xff,0xff,0xff,0xff,0xff,0xff,0xff,0x80,0x00,0x00,
  0x00,0x00,0x58,0xff,0xff,0xff,0xff,0xff,0xff,0xff,0xff,0xff,0xff,0xff,0xff,0xff,0xff,0xff,0xff,0xff,0xff,0x80,0x00,0x00,
  0x00,0x00,0x58,0xff,0xff,0xff,0xff,0xff,0x24,0x00,0x00,0x00,0x00,0x00,0x00,0x00,0xff,0xff,0xff,0xff,0xff,0x80,0x00,0x00,
  0x00,0x00,0x58,0xff,0xff,0xff,0xff,0xff,0x24,0x00,0x00,0x00,0x00,0x00,0x00,0x00,0xff,0xff,0xff,0xff,0xff,0x80,0x00,0x00,
  0x00,0x00,0x58,0xff,0xff,0xff,0xff,0xff,0x24,0x00,0x00,0x00,0x00,0x00,0x00,0x00,0xff,0xff,0xff,0xff,0xff,0x80,0x00,0x00,
  0x00,0x00,0x58,0xff,0xff,0xff,0xff,0xff,0x24,0x00,0x00,0x00,0x00,0x00,0x00,0x00,0xff,0xff,0xff,0xff,0xff,0x80,0x00,0x00,
  0x00,0x00,0x58,0xff,0xff,0xff,0xff,0xff,0x24,0x00,0x00,0x00,0x00,0x00,0x00,0x00,0xff,0xff,0xff,0xff,0xff,0x80,0x00,0x00,
  0x00,0x00,0x58,0xff,0xff,0xff,0xff,0xff,0x24,0x00,0x00,0x00,0x00,0x00,0x00,0x00,0xff,0xff,0xff,0xff,0xff,0x80,0x00,0x00,
  0x00,0x00,0x58,0xff,0xff,0xff,0xff,0xff,0x24,0x00,0x00,0x00,0x00,0x00,0x00,0x00,0xff,0xff,0xff,0xff,0xff,0x80,0x00,0x00,
  0x00,0x00,0x58,0xff,0xff,0xff,0xff,0xff,0x24,0x00,0x00,0x00,0x00,0x00,0x00,0x00,0xff,0xff,0xff,0xff,0xff,0x80,0x00,0x00,
  0x00,0x00,0x58,0xff,0xff,0xff,0xff,0xff,0x24,0x00,0x00,0x00,0x00,0x00,0x00,0x00,0xff,0xff,0xff,0xff,0xff,0x80,0x00,0x00,
  0x00,0x00,0x00,0x00,0x00,0x00,0x00,0x10,0x65,0xad,0xdc,0xf4,0xf9,0xe5,0xcb,0x8c,0x41,0x00,0x00,0x00,0x00,0x00,0x00,0x00,
  0x00,0x00,0x00,0x00,0x00,0x08,0x82,0xf3,0xff,0xff,0xff,0xff,0xff,0xff,0xff,0xff,0xff,0xc7,0x3b,0x00,0x00,0x00,0x00,0x00,
  0x00,0x00,0x00,0x00,0x1d,0xd1,0xff,0xff,0xff,0xff,0xff,0xff,0xff,0xff,0xff,0xff,0xff,0xff,0xfb,0x6e,0x00,0x00,0x00,0x00,
  0x00,0x00,0x00,0x13,0xda,0xff,0xff,0xff,0xff,0xff,0xff,0xff,0xff,0xff,0xff,0xff,0xff,0xff,0xff,0xff,0x71,0x00,0x00,0x00,
  0x00,0x00,0x00,0xab,0xff,0xff,0xff,0xff,0xff,0xe1,0x60,0x17,0x07,0x2c,0x90,0xfc,0xff,0xff,0xff,0xff,0xfc,0x42,0x00,0x00,
  0x00,0x00,0x3d,0xff,0xff,0xff,0xff,0xff,0xd0,0x13,0x00,0x00,0x00,0x00,0x00,0x4e,0xfc,0xff,0xff,0xff,0xff,0xd1,0x02,0x00,
  0x00,0x00,0xae,0xff,0xff,0xff,0xff,0xfc,0x28,0x00,0x00,0x00,0x00,0x00,0x00,0x00,0x8c,0xff,0xff,0xff,0xff,0xff,0x4d,0x00,
  0x00,0x0a,0xf7,0xff,0xff,0xff,0xff,0xb1,0x00,0x00,0x00,0x00,0x00,0x00,0x00,0x00,0x1b,0xfe,0xff,0xff,0xff,0xff,0x99,0x00,
  0x00,0x3a,0xff,0xff,0xff,0xff,0xff,0x6e,0x00,0x00,0x00,0x00,0x00,0x00,0x00,0x00,0x00,0xd6,0xff,0xff,0xff,0xff,0xd5,0x00,
  0x00,0x59,0xff,0xff,0xff,0xff,0xff,0x4b,0x00,0x00,0x00,0x00,0x00,0x00,0x00,0x00,0x00,0xb4,0xff,0xff,0xff,0xff,0xee,0x00,
  0x00,0x60,0xff,0xff,0xff,0xff,0xff,0x3f,0x00,0x00,0x00,0x00,0x00,0x00,0x00,0x00,0x00,0xa8,0xff,0xff,0xff,0xff,0xfd,0x00,
  0x00,0x54,0xff,0xff,0xff,0xff,0xff,0x4b,0x00,0x00,0x00,0x00,0x00,0x00,0x00,0x00,0x00,0xb4,0xff,0xff,0xff,0xff,0xeb,0x00,
  0x00,0x35,0xff,0xff,0xff,0xff,0xff,0x6e,0x00,0x00,0x00,0x00,0x00,0x00,0x00,0x00,0x00,0xd9,0xff,0xff,0xff,0xff,0xd1,0x00,
  0x00,0x0a,0xfa,0xff,0xff,0xff,0xff,0xb1,0x00,0x00,0x00,0x00,0x00,0x00,0x00,0x00,0x1c,0xfe,0xff,0xff,0xff,0xff,0x92,0x00,
  0x00,0x00,0xba,0xff,0xff,0xff,0xff,0xfb,0x27,0x00,0x00,0x00,0x00,0x00,0x00,0x00,0x8d,0xff,0xff,0xff,0xff,0xff,0x43,0x00,
  0x00,0x00,0x53,0xff,0xff,0xff,0xff,0xff,0xd0,0x13,0x00,0x00,0x00,0x00,0x00,0x4e,0xfc,0xff,0xff,0xff,0xff,0xc7,0x00,0x00,
  0x00,0x00,0x02,0xc4,0xff,0xff,0xff,0xff,0xff,0xe0,0x5f,0x16,0x06,0x2a,0x8f,0xfb,0xff,0xff,0xff,0xff,0xfa,0x37,0x00,0x00,
  0x00,0x00,0x00,0x21,0xe7,0xff,0xff,0xff,0xff,0xff,0xff,0xff,0xff,0xff,0xff,0xff,0xff,0xff,0xff,0xff,0x62,0x00,0x00,0x00,
  0x00,0x00,0x00,0x00,0x29,0xda,0xff,0xff,0xff,0xff,0xff,0xff,0xff,0xff,0xff,0xff,0xff,0xff,0xf8,0x61,0x00,0x00,0x00,0x00,
  0x00,0x00,0x00,0x00,0x00,0x0c,0x86,0xf3,0xff,0xff,0xff,0xff,0xff,0xff,0xff,0xff,0xff,0xc1,0x33,0x00,0x00,0x00,0x00,0x00,
  0x00,0x00,0x00,0x00,0x00,0x00,0x00,0x0e,0x61,0xa9,0xd9,0xf5,0xfa,0xe7,0xcb,0x8b,0x3c,0x00,0x00,0x00,0x00,0x00,0x00,0x00,
  0x00,0x00,0x58,0xff,0xff,0xff,0xff,0xff,0xff,0xff,0xff,0xff,0xff,0xff,0xff,0xff,0xff,0xff,0xff,0xff,0xff,0x14,0x00,0x00,
  0x00,0x00,0x58,0xff,0xff,0xff,0xff,0xff,0xff,0xff,0xff,0xff,0xff,0xff,0xff,0xff,0xff,0xff,0xff,0xff,0xff,0x14,0x00,0x00,
  0x00,0x00,0x58,0xff,0xff,0xff,0xff,0xff,0xff,0xff,0xff,0xff,0xff,0xff,0xff,0xff,0xff,0xff,0xff,0xff,0xff,0x14,0x00,0x00,
  0x00,0x00,0x58,0xff,0xff,0xff,0xff,0xff,0xff,0xff,0xff,0xff,0xff,0xff,0xff,0xff,0xff,0xff,0xff,0xff,0xff,0x14,0x00,0x00,
  0x00,0x00,0x58,0xff,0xff,0xff,0xff,0xff,0x24,0x00,0x00,0x00,0x00,0x00,0x00,0x68,0xff,0xff,0xff,0xff,0xff,0x14,0x00,0x00,
  0x00,0x00,0x58,0xff,0xff,0xff,0xff,0xff,0x24,0x00,0x00,0x00,0x00,0x00,0x00,0x68,0xff,0xff,0xff,0xff,0xff,0x14,0x00,0x00,
  0x00,0x00,0x58,0xff,0xff,0xff,0xff,0xff,0x24,0x00,0x00,0x00,0x00,0x00,0x00,0x68,0xff,0xff,0xff,0xff,0xff,0x14,0x00,0x00,
  0x00,0x00,0x58,0xff,0xff,0xff,0xff,0xff,0x24,0x00,0x00,0x00,0x00,0x00,0x00,0x68,0xff,0xff,0xff,0xff,0xff,0x14,0x00,0x00,
  0x00,0x00,0x58,0xff,0xff,0xff,0xff,0xff,0x24,0x00,0x00,0x00,0x00,0x00,0x00,0x68,0xff,0xff,0xff,0xff,0xff,0x14,0x00,0x00,
  0x00,0x00,0x58,0xff,0xff,0xff,0xff,0xff,0x24,0x00,0x00,0x00,0x00,0x00,0x00,0x68,0xff,0xff,0xff,0xff,0xff,0x14,0x00,0x00,
  0x00,0x00,0x58,0xff,0xff,0xff,0xff,0xff,0x24,0x00,0x00,0x00,0x00,0x00,0x00,0x68,0xff,0xff,0xff,0xff,0xff,0x14,0x00,0x00,
  0x00,0x00,0x58,0xff,0xff,0xff,0xff,0xff,0x24,0x00,0x00,0x00,0x00,0x00,0x00,0x68,0xff,0xff,0xff,0xff,0xff,0x14,0x00,0x00,
  0x00,0x00,0x58,0xff,0xff,0xff,0xff,0xff,0x24,0x00,0x00,0x00,0x00,0x00,0x00,0x68,0xff,0xff,0xff,0xff,0xff,0x14,0x00,0x00,
  0x00,0x00,0x58,0xff,0xff,0xff,0xff,0xff,0x24,0x00,0x00,0x00,0x00,0x00,0x00,0x68,0xff,0xff,0xff,0xff,0xff,0x14,0x00,0x00,
  0x00,0x00,0x58,0xff,0xff,0xff,0xff,0xff,0x24,0x00,0x00,0x00,0x00,0x00,0x00,0x68,0xff,0xff,0xff,0xff,0xff,0x14,0x00,0x00,
  0x00,0x00,0x58,0xff,0xff,0xff,0xff,0xff,0x24,0x00,0x00,0x00,0x00,0x00,0x00,0x68,0xff,0xff,0xff,0xff,0xff,0x14,0x00,0x00,
  0x00,0x00,0x58,0xff,0xff,0xff,0xff,0xff,0x24,0x00,0x00,0x00,0x00,0x00,0x00,0x68,0xff,0xff,0xff,0xff,0xff,0x14,0x00,0x00,
  0x00,0x00,0x58,0xff,0xff,0xff,0xff,0xff,0x24,0x00,0x00,0x00,0x00,0x00,0x00,0x68,0xff,0xff,0xff,0xff,0xff,0x14,0x00,0x00,
  0x00,0x00,0x58,0xff,0xff,0xff,0xff,0xff,0x24,0x00,0x00,0x00,0x00,0x00,0x00,0x68,0xff,0xff,0xff,0xff,0xff,0x14,0x00,0x00,
  0x00,0x00,0x58,0xff,0xff,0xff,0xff,0xff,0x24,0x00,0x00,0x00,0x00,0x00,0x00,0x68,0xff,0xff,0xff,0xff,0xff,0x14,0x00,0x00,
  0x00,0x00,0x58,0xff,0xff,0xff,0xff,0xff,0x24,0x00,0x00,0x00,0x00,0x00,0x00,0x68,0xff,0xff,0xff,0xff,0xff,0x14,0x00,0x00,
  0x00,0x00,0x48,0xff,0xff,0xff,0xff,0xd4,0x00,0x00,0x35,0x8e,0xd1,0xec,0xf8,0xe1,0xad,0x56,0x01,0x00,0x00,0x00,0x00,0x00,
  0x00,0x00,0x48,0xff,0xff,0xff,0xff,0xd4,0x0a,0x9e,0xff,0xff,0xff,0xff,0xff,0xff,0xff,0xff,0xcb,0x28,0x00,0x00,0x00,0x00,
  0x00,0x00,0x48,0xff,0xff,0xff,0xff,0xd6,0xb0,0xff,0xff,0xff,0xff,0xff,0xff,0xff,0xff,0xff,0xff,0xec,0x35,0x00,0x00,0x00,
  0x00,0x00,0x48,0xff,0xff,0xff,0xff,0xff,0xff,0xff,0xff,0xff,0xff,0xff,0xff,0xff,0xff,0xff,0xff,0xff,0xe4,0x14,0x00,0x00,
  0x00,0x00,0x48,0xff,0xff,0xff,0xff,0xff,0xff,0xff,0xae,0x37,0x09,0x15,0x64,0xeb,0xff,0xff,0xff,0xff,0xff,0xa0,0x00,0x00,
  0x00,0x00,0x48,0xff,0xff,0xff,0xff,0xff,0xff,0x91,0x00,0x00,0x00,0x00,0x00,0x26,0xed,0xff,0xff,0xff,0xff,0xfa,0x1a,0x00,
  0x00,0x00,0x48,0xff,0xff,0xff,0xff,0xff,0xdc,0x05,0x00,0x00,0x00,0x00,0x00,0x00,0x68,0xff,0xff,0xff,0xff,0xff,0x6d,0x00,
  0x00,0x00,0x48,0xff,0xff,0xff,0xff,0xff,0x7d,0x00,0x00,0x00,0x00,0x00,0x00,0x00,0x0c,0xf8,0xff,0xff,0xff,0xff,0xa8,0x00,
  0x00,0x00,0x48,0xff,0xff,0xff,0xff,0xff,0x45,0x00,0x00,0x00,0x00,0x00,0x00,0x00,0x00,0xcc,0xff,0xff,0xff,0xff,0xd2,0x00,
  0x00,0x00,0x48,0xff,0xff,0xff,0xff,0xff,0x2d,0x00,0x00,0x00,0x00,0x00,0x00,0x00,0x00,0xb1,0xff,0xff,0xff,0xff,0xe4,0x00,
  0x00,0x00,0x48,0xff,0xff,0xff,0xff,0xff,0x28,0x00,0x00,0x00,0x00,0x00,0x00,0x00,0x00,0xa7,0xff,0xff,0xff,0xff,0xef,0x00,
  0x00,0x00,0x48,0xff,0xff,0xff,0xff,0xff,0x36,0x00,0x00,0x00,0x00,0x00,0x00,0x00,0x00,0xb2,0xff,0xff,0xff,0xff,0xe0,0x00,
  0x00,0x00,0x48,0xff,0xff,0xff,0xff,0xff,0x5b,0x00,0x00,0x00,0x00,0x00,0x00,0x00,0x00,0xcc,0xff,0xff,0xff,0xff,0xce,0x00,
  0x00,0x00,0x48,0xff,0xff,0xff,0xff,0xff,0x9a,0x00,0x00,0x00,0x00,0x00,0x00,0x00,0x08,0xf6,0xff,0xff,0xff,0xff,0xa0,0x00,
  0x00,0x00,0x48,0xff,0xff,0xff,0xff,0xff,0xf0,0x14,0x00,0x00,0x00,0x00,0x00,0x00,0x59,0xff,0xff,0xff,0xff,0xff,0x65,0x00,
  0x00,0x00,0x48,0xff,0xff,0xff,0xff,0xff,0xff,0xb3,0x05,0x00,0x00,0x00,0x00,0x18,0xe2,0xff,0xff,0xff,0xff,0xf6,0x13,0x00,
  0x00,0x00,0x48,0xff,0xff,0xff,0xff,0xff,0xff,0xff,0xc6,0x43,0x0a,0x10,0x57,0xe0,0xff,0xff,0xff,0xff,0xff,0x95,0x00,0x00,
  0x00,0x00,0x48,0xff,0xff,0xff,0xff,0xff,0xff,0xff,0xff,0xff,0xff,0xff,0xff,0xff,0xff,0xff,0xff,0xff,0xde,0x0e,0x00,0x00,
  0x00,0x00,0x48,0xff,0xff,0xff,0xff,0xff,0x7a,0xf5,0xff,0xff,0xff,0xff,0xff,0xff,0xff,0xff,0xff,0xe8,0x2e,0x00,0x00,0x00,
  0x00,0x00,0x48,0xff,0xff,0xff,0xff,0xff,0x34,0x37,0xdc,0xff,0xff,0xff,0xff,0xff,0xff,0xff,0xc5,0x22,0x00,0x00,0x00,0x00,
  0x00,0x00,0x48,0xff,0xff,0xff,0xff,0xff,0x34,0x00,0x09,0x6f,0xc4,0xec,0xf8,0xe1,0xaa,0x51,0x01,0x00,0x00,0x00,0x00,0x00,
  0x00,0x00,0x48,0xff,0xff,0xff,0xff,0xff,0x34,0x00,0x00,0x00,0x00,0x00,0x00,0x00,0x00,0x00,0x00,0x00,0x00,0x00,0x00,0x00,
  0x00,0x00,0x48,0xff,0xff,0xff,0xff,0xff,0x34,0x00,0x00,0x00,0x00,0x00,0x00,0x00,0x00,0x00,0x00,0x00,0x00,0x00,0x00,0x00,
  0x00,0x00,0x48,0xff,0xff,0xff,0xff,0xff,0x34,0x00,0x00,0x00,0x00,0x00,0x00,0x00,0x00,0x00,0x00,0x00,0x00,0x00,0x00,0x00,
  0x00,0x00,0x48,0xff,0xff,0xff,0xff,0xff,0x34,0x00,0x00,0x00,0x00,0x00,0x00,0x00,0x00,0x00,0x00,0x00,0x00,0x00,0x00,0x00,
  0x00,0x00,0x48,0xff,0xff,0xff,0xff,0xff,0x34,0x00,0x00,0x00,0x00,0x00,0x00,0x00,0x00,0x00,0x00,0x00,0x00,0x00,0x00,0x00,
  0x00,0x00,0x48,0xff,0xff,0xff,0xff,0xff,0x34,0x00,0x00,0x00,0x00,0x00,0x00,0x00,0x00,0x00,0x00,0x00,0x00,0x00,0x00,0x00,
  0x00,0x00,0x48,0xff,0xff,0xff,0xff,0xff,0x34,0x00,0x00,0x00,0x00,0x00,0x00,0x00,0x00,0x00,0x00,0x00,0x00,0x00,0x00,0x00,
  0x00,0x00,0x48,0xff,0xff,0xff,0xff,0xff,0x34,0x00,0x00,0x00,0x00,0x00,0x00,0x00,0x00,0x00,0x00,0x00,0x00,0x00,0x00,0x00,
  0x00,0x00,0x00,0x00,0x00,0x00,0x00,0x3f,0x8d,0xcb,0xe6,0xfa,0xf5,0xe4,0xbc,0x7f,0x27,0x00,0x00,0x00,0x00,0x00,0x00,0x00,
  0x00,0x00,0x00,0x2f,0xc2,0xff,0xff,0xff,0xff,0xff,0xff,0xff,0xff,0xff,0xfd,0xa1,0x0e,0x00,0x00,0x00,0x00,0x00,0x00,0x00,
  0x50,0xf4,0xff,0xff,0xff,0xff,0xff,0xff,0xff,0xff,0xff,0xff,0xff,0xff,0xd5,0x12,0x00,0x00,0x00,0x00,0x00,0x37,0xf9,0xff,
  0xff,0xff,0xff,0xff,0xff,0xff,0xff,0xff,0xff,0xff,0xff,0xff,0xff,0xba,0x00,0x00,0x00,0x00,0x05,0xdf,0xff,0xff,0xff,0xff,
  0xff,0xa2,0x31,0x08,0x19,0x5a,0xe0,0xff,0xff,0xff,0xff,0xff,0x52,0x00,0x00,0x00,0x62,0xff,0xff,0xff,0xff,0xff,0x87,0x00,
  0x00,0x00,0x00,0x00,0x24,0xf2,0xff,0xff,0xff,0xff,0xc0,0x00,0x00,0x00,0xc3,0xff,0xff,0xff,0xff,0xe6,0x05,0x00,0x00,0x00,
  0x00,0x00,0x00,0x9a,0xd3,0xa4,0x74,0x45,0x15,0x00,0x00,0x09,0xf9,0xff,0xff,0xff,0xff,0x99,0x00,0x00,0x00,0x00,0x00,0x00,
  0x00,0x00,0x00,0x00,0x00,0x00,0x00,0x00,0x00,0x32,0xff,0xff,0xff,0xff,0xff,0x6b,0x00,0x00,0x00,0x00,0x00,0x00,0x00,0x00,
  0x00,0x00,0x00,0x00,0x00,0x00,0x00,0x46,0xff,0xff,0xff,0xff,0xff,0x58,0x00,0x00,0x00,0x00,0x00,0x00,0x00,0x00,0x00,0x00,
  0x00,0x00,0x00,0x00,0x00,0x53,0xff,0xff,0xff,0xff,0xff,0x53,0x00,0x00,0x00,0x00,0x00,0x00,0x00,0x00,0x00,0x00,0x00,0x00,
  0x00,0x00,0x00,0x46,0xff,0xff,0xff,0xff,0xff,0x5d,0x00,0x00,0x00,0x00,0x00,0x00,0x00,0x00,0x00,0x00,0x00,0x00,0x00,0x00,
  0x00,0x33,0xff,0xff,0xff,0xff,0xff,0x7a,0x00,0x00,0x00,0x00,0x00,0x00,0x00,0x00,0x00,0x00,0x00,0x00,0x00,0x00,0x00,0x0a,
  0xf9,0xff,0xff,0xff,0xff,0xab,0x00,0x00,0x00,0x00,0x00,0x00,0x00,0x46,0xe0,0xb1,0x81,0x52,0x22,0x01,0x00,0x00,0xc4,0xff,
  0xff,0xff,0xff,0xf3,0x0f,0x00,0x00,0x00,0x00,0x00,0x00,0x92,0xff,0xff,0xff,0xff,0xfd,0x15,0x00,0x00,0x63,0xff,0xff,0xff,
  0xff,0xff,0x9e,0x00,0x00,0x00,0x00,0x00,0x21,0xf4,0xff,0xff,0xff,0xff,0xbe,0x00,0x00,0x00,0x06,0xe0,0xff,0xff,0xff,0xff,
  0xff,0xb1,0x38,0x09,0x19,0x5c,0xe4,0xff,0xff,0xff,0xff,0xff,0x46,0x00,0x00,0x00,0x00,0x39,0xfa,0xff,0xff,0xff,0xff,0xff,
  0xff,0xff,0xff,0xff,0xff,0xff,0xff,0xff,0xff,0xa8,0x00,0x00,0x00,0x00,0x00,0x00,0x54,0xf6,0xff,0xff,0xff,0xff,0xff,0xff,
  0xff,0xff,0xff,0xff,0xff,0xff,0xc0,0x0d,0x00,0x00,0x00,0x00,0x00,0x00,0x00,0x33,0xc7,0xff,0xff,0xff,0xff,0xff,0xff,0xff,
  0xff,0xff,0xfa,0x89,0x07,0x00,0x00,0x00,0x00,0x00,0x00,0x00,0x00,0x00,0x00,0x43,0x92,0xd0,0xea,0xfb,0xf3,0xe0,0xb3,0x73,
  0x19,0x00,0x00,0x00,0x00,0x00,0x98,0xff,0xff,0xff,0xff,0xff,0xff,0xff,0xff,0xff,0xff,0xff,0xff,0xff,0xff,0xff,0xff,0xff,
  0xff,0x30,0x98,0xff,0xff,0xff,0xff,0xff,0xff,0xff,0xff,0xff,0xff,0xff,0xff,0xff,0xff,0xff,0xff,0xff,0xff,0x30,0x98,0xff,
  0xff,0xff,0xff,0xff,0xff,0xff,0xff,0xff,0xff,0xff,0xff,0xff,0xff,0xff,0xff,0xff,0xff,0x30,0x98,0xff,0xff,0xff,0xff,0xff,
  0xff,0xff,0xff,0xff,0xff,0xff,0xff,0xff,0xff,0xff,0xff,0xff,0xff,0x30,0x00,0x00,0x00,0x00,0x00,0x00,0x00,0xf4,0xff,0xff,
  0xff,0xff,0x8c,0x00,0x00,0x00,0x00,0x00,0x00,0x00,0x00,0x00,0x00,0x00,0x00,0x00,0x00,0xf4,0xff,0xff,0xff,0xff,0x8c,0x00,
  0x00,0x00,0x00,0x00,0x00,0x00,0x00,0x00,0x00,0x00,0x00,0x00,0x00,0xf4,0xff,0xff,0xff,0xff,0x8c,0x00,0x00,0x00,0x00,0x00,
  0x00,0x00,0x00,0x00,0x00,0x00,0x00,0x00,0x00,0xf4,0xff,0xff,0xff,0xff,0x8c,0x00,0x00,0x00,0x00,0x00,0x00,0x00,0x00,0x00,
  0x00,0x00,0x00,0x00,0x00,0xf4,0xff,0xff,0xff,0xff,0x8c,0x00,0x00,0x00,0x00,0x00,0x00,0x00,0x00,0x00,0x00,0x00,0x00,0x00,
  0x00,0xf4,0xff,0xff,0xff,0xff,0x8c,0x00,0x00,0x00,0x00,0x00,0x00,0x00,0x00,0x00,0x00,0x00,0x00,0x00,0x00,0xf4,0xff,0xff,
  0xff,0xff,0x8c,0x00,0x00,0x00,0x00,0x00,0x00,0x00,0x00,0x00,0x00,0x00,0x00,0x00,0x00,0xf4,0xff,0xff,0xff,0xff,0x8c,0x00,
  0x00,0x00,0x00,0x00,0x00,0x00,0x00,0x00,0x00,0x00,0x00,0x00,0x00,0xf4,0xff,0xff,0xff,0xff,0x8c,0x00,0x00,0x00,0x00,0x00,
  0x00,0x00,0x00,0x00,0x00,0x00,0x00,0x00,0x00,0xf4,0xff,0xff,0xff,0xff,0x8c,0x00,0x00,0x00,0x00,0x00,0x00,0x00,0x00,0x00,
  0x00,0x00,0x00,0x00,0x00,0xf4,0xff,0xff,0xff,0xff,0x8c,0x00,0x00,0x00,0x00,0x00,0x00,0x00,0x00,0x00,0x00,0x00,0x00,0x00,
  0x00,0xf4,0xff,0xff,0xff,0xff,0x8c,0x00,0x00,0x00,0x00,0x00,0x00,0x00,0x00,0x00,0x00,0x00,0x00,0x00,0x00,0xf4,0xff,0xff,
  0xff,0xff,0x8c,0x00,0x00,0x00,0x00,0x00,0x00,0x00,0x00,0x00,0x00,0x00,0x00,0x00,0x00,0xf4,0xff,0xff,0xff,0xff,0x8c,0x00,
  0x00,0x00,0x00,0x00,0x00,0x00,0x00,0x00,0x00,0x00,0x00,0x00,0x00,0xf4,0xff,0xff,0xff,0xff,0x8c,0x00,0x00,0x00,0x00,0x00,
  0x00,0x00,0x00,0x00,0x00,0x00,0x00,0x00,0x00,0xf4,0xff,0xff,0xff,0xff,0x8c,0x00,0x00,0x00,0x00,0x00,0x00,0x00,0x00,0x00,
  0x00,0x00,0x00,0x00,0x00,0xf4,0xff,0xff,0xff,0xff,0x8c,0x00,0x00,0x00,0x00,0x00,0x00,0x00,0x88,0xff,0xff,0xff,0xff,0xff,
  0x46,0x00,0x00,0x00,0x00,0x00,0x00,0x00,0x00,0x3e,0xff,0xff,0xff,0xff,0xff,0x6d,0x28,0xff,0xff,0xff,0xff,0xff,0x9c,0x00,
  0x00,0x00,0x00,0x00,0x00,0x00,0x00,0x91,0xff,0xff,0xff,0xff,0xfb,0x15,0x00,0xc8,0xff,0xff,0xff,0xff,0xec,0x04,0x00,0x00,
  0x00,0x00,0x00,0x00,0x01,0xe3,0xff,0xff,0xff,0xff,0xb3,0x00,0x00,0x68,0xff,0xff,0xff,0xff,0xff,0x47,0x00,0x00,0x00,0x00,
  0x00,0x00,0x38,0xff,0xff,0xff,0xff,0xff,0x56,0x00,0x00,0x10,0xf7,0xff,0xff,0xff,0xff,0x9c,0x00,0x00,0x00,0x00,0x00,0x00,
  0x8b,0xff,0xff,0xff,0xff,0xf1,0x08,0x00,0x00,0x00,0xa7,0xff,0xff,0xff,0xff,0xed,0x04,0x00,0x00,0x00,0x00,0x00,0xde,0xff,
  0xff,0xff,0xff,0x9d,0x00,0x00,0x00,0x00,0x47,0xff,0xff,0xff,0xff,0xff,0x47,0x00,0x00,0x00,0x00,0x32,0xff,0xff,0xff,0xff,
  0xff,0x40,0x00,0x00,0x00,0x00,0x02,0xe4,0xff,0xff,0xff,0xff,0x9d,0x00,0x00,0x00,0x00,0x85,0xff,0xff,0xff,0xff,0xe2,0x01,
  0x00,0x00,0x00,0x00,0x00,0x87,0xff,0xff,0xff,0xff,0xed,0x04,0x00,0x00,0x00,0xd8,0xff,0xff,0xff,0xff,0x86,0x00,0x00,0x00,
  0x00,0x00,0x00,0x27,0xff,0xff,0xff,0xff,0xff,0x48,0x00,0x00,0x2c,0xff,0xff,0xff,0xff,0xff,0x2a,0x00,0x00,0x00,0x00,0x00,
  0x00,0x00,0xc6,0xff,0xff,0xff,0xff,0x9d,0x00,0x00,0x7f,0xff,0xff,0xff,0xff,0xcd,0x00,0x00,0x00,0x00,0x00,0x00,0x00,0x00,
  0x66,0xff,0xff,0xff,0xff,0xed,0x05,0x00,0xd3,0xff,0xff,0xff,0xff,0x70,0x00,0x00,0x00,0x00,0x00,0x00,0x00,0x00,0x0f,0xf6,
  0xff,0xff,0xff,0xff,0x48,0x26,0xff,0xff,0xff,0xff,0xfc,0x17,0x00,0x00,0x00,0x00,0x00,0x00,0x00,0x00,0x00,0xa6,0xff,0xff,
  0xff,0xff,0x9e,0x7a,0xff,0xff,0xff,0xff,0xb7,0x00,0x00,0x00,0x00,0x00,0x00,0x00,0x00,0x00,0x00,0x46,0xff,0xff,0xff,0xff,
  0xee,0xd1,0xff,0xff,0xff,0xff,0x5a,0x00,0x00,0x00,0x00,0x00,0x00,0x00,0x00,0x00,0x00,0x02,0xe2,0xff,0xff,0xff,0xff,0xff,
  0xff,0xff,0xff,0xf3,0x0a,0x00,0x00,0x00,0x00,0x00,0x00,0x00,0x00,0x00,0x00,0x00,0x85,0xff,0xff,0xff,0xff,0xff,0xff,0xff,
  0xff,0xa0,0x00,0x00,0x00,0x00,0x00,0x00,0x00,0x00,0x00,0x00,0x00,0x00,0x25,0xff,0xff,0xff,0xff,0xff,0xff,0xff,0xff,0x43,
  0x00,0x00,0x00,0x00,0x00,0x00,0x00,0x00,0x00,0x00,0x00,0x00,0x00,0xc5,0xff,0xff,0xff,0xff,0xff,0xff,0xe4,0x02,0x00,0x00,
  0x00,0x00,0x00,0x00,0x00,0x00,0x00,0x00,0x00,0x00,0x00,0x65,0xff,0xff,0xff,0xff,0xff,0xff,0x8a,0x00,0x00,0x00,0x00,0x00,
  0x00,0x00,0x00,0x00,0x00,0x00,0x00,0x00,0x00,0x0e,0xf5,0xff,0xff,0xff,0xff,0xff,0x2d,0x00,0x00,0x00,0x00,0x00,0x00,0x00,
  0x00,0x00,0x00,0x00,0x00,0x00,0x00,0x0d,0xf6,0xff,0xff,0xff,0xff,0xce,0x00,0x00,0x00,0x00,0x00,0x00,0x00,0x00,0x00,0x00,
  0x00,0x00,0x00,0x00,0x00,0x68,0xff,0xff,0xff,0xff,0xff,0x70,0x00,0x00,0x00,0x00,0x00,0x00,0x00,0x00,0x00,0x00,0x00,0x00,
  0x00,0x00,0x14,0xeb,0xff,0xff,0xff,0xff,0xfa,0x16,0x00,0x00,0x00,0x00,0x00,0x00,0x00,0x00,0x00,0x15,0x1d,0x06,0x0b,0x46,
  0xd2,0xff,0xff,0xff,0xff,0xff,0xa1,0x00,0x00,0x00,0x00,0x00,0x00,0x00,0x00,0x00,0x00,0x4d,0xff,0xff,0xff,0xff,0xff,0xff,
  0xff,0xff,0xff,0xf9,0x26,0x00,0x00,0x00,0x00,0x00,0x00,0x00,0x00,0x00,0x00,0x2d,0xff,0xff,0xff,0xff,0xff,0xff,0xff,0xff,
  0xff,0x77,0x00,0x00,0x00,0x00,0x00,0x00,0x00,0x00,0x00,0x00,0x00,0x0e,0xff,0xff,0xff,0xff,0xff,0xff,0xff,0xfb,0x7d,0x00,
  0x00,0x00,0x00,0x00,0x00,0x00,0x00,0x00,0x00,0x00,0x00,0x00,0xba,0xe6,0xf8,0xfb,0xed,0xc7,0x86,0x24,0x00,0x00,0x00,0x00,
  0x00,0x00,0x00,0x00,0x00,0x00,0x00,0x00,0x00,0x00,0x00,0x00,0x00,0x00,0x00,0x00,0x00,0x00,0x00,0x00,0x00,0x00,0x30,0xff,
  0xff,0xff,0xff,0xff,0x40,0x00,0x00,0x00,0x00,0x00,0x00,0x00,0x00,0x00,0x00,0x00,0x00,0x00,0x00,0x00,0x00,0x00,0x00,0x00,
  0x00,0x00,0x00,0x00,0x00,0x00,0x00,0x00,0x00,0x30,0xff,0xff,0xff,0xff,0xff,0x40,0x00,0x00,0x00,0x00,0x00,0x00,0x00,0x00,
  0x00,0x00,0x00,0x00,0x00,0x00,0x00,0x00,0x00,0x00,0x00,0x00,0x00,0x00,0x00,0x00,0x00,0x00,0x00,0x00,0x30,0xff,0xff,0xff,
  0xff,0xff,0x40,0x00,0x00,0x00,0x00,0x00,0x00,0x00,0x00,0x00,0x00,0x00,0x00,0x00,0x00,0x00,0x00,0x00,0x00,0x00,0x00,0x00,
  0x00,0x00,0x00,0x00,0x00,0x00,0x00,0x30,0xff,0xff,0xff,0xff,0xff,0x40,0x00,0x00,0x00,0x00,0x00,0x00,0x00,0x00,0x00,0x00,
  0x00,0x00,0x00,0x00,0x00,0x00,0x00,0x00,0x00,0x00,0x00,0x00,0x00,0x00,0x00,0x00,0x00,0x00,0x30,0xff,0xff,0xff,0xff,0xff,
  0x40,0x00,0x00,0x00,0x00,0x00,0x00,0x00,0x00,0x00,0x00,0x00,0x00,0x00,0x00,0x00,0x00,0x00,0x00,0x00,0x00,0x00,0x00,0x00,
  0x00,0x00,0x00,0x00,0x00,0x30,0xff,0xff,0xff,0xff,0xff,0x40,0x00,0x00,0x00,0x00,0x00,0x00,0x00,0x00,0x00,0x00,0x00,0x00,
  0x00,0x00,0x00,0x00,0x00,0x00,0x00,0x00,0x00,0x00,0x00,0x00,0x00,0x00,0x00,0x00,0x30,0xff,0xff,0xff,0xff,0xff,0x40,0x00,
  0x00,0x00,0x00,0x00,0x00,0x00,0x00,0x00,0x00,0x00,0x00,0x00,0x00,0x00,0x00,0x00,0x00,0x00,0x00,0x00,0x00,0x00,0x00,0x00,
  0x00,0x00,0x00,0x30,0xff,0xff,0xff,0xff,0xff,0x40,0x00,0x00,0x00,0x00,0x00,0x00,0x00,0x00,0x00,0x00,0x00,0x00,0x00,0x00,
  0x00,0x00,0x00,0x00,0x00,0x00,0x20,0x8f,0xdb,0xf7,0xe2,0xa2,0x30,0x00,0x30,0xff,0xff,0xff,0xff,0xff,0x40,0x00,0x24,0x8f,
  0xd8,0xf5,0xe9,0xbb,0x58,0x01,0x00,0x00,0x00,0x00,0x00,0x00,0x00,0x00,0x00,0x00,0x5f,0xf3,0xff,0xff,0xff,0xff,0xff,0xfb,
  0x71,0x30,0xff,0xff,0xff,0xff,0xff,0x40,0x59,0xf4,0xff,0xff,0xff,0xff,0xff,0xff,0xb2,0x0d,0x00,0x00,0x00,0x00,0x00,0x00,
  0x00,0x00,0x69,0xff,0xff,0xff,0xff,0xff,0xff,0xff,0xff,0xff,0x97,0xff,0xff,0xff,0xff,0xff,0x85,0xfc,0xff,0xff,0xff,0xff,
  0xff,0xff,0xff,0xff,0xb5,0x02,0x00,0x00,0x00,0x00,0x00,0x00,0x3f,0xfd,0xff,0xff,0xff,0xff,0xff,0xff,0xff,0xff,0xff,0xff,
  0xff,0xff,0xff,0xff,0xff,0xfe,0xff,0xff,0xff,0xff,0xff,0xff,0xff,0xff,0xff,0xff,0x73,0x00,0x00,0x00,0x00,0x00,0x07,0xe0,
  0xff,0xff,0xff,0xff,0xff,0xa4,0x1f,0x11,0x79,0xfc,0xff,0xff,0xff,0xff,0xff,0xff,0xff,0xfe,0x7d,0x13,0x16,0x84,0xff,0xff,
  0xff,0xff,0xff,0xf0,0x13,0x00,0x00,0x00,0x00,0x62,0xff,0xff,0xff,0xff,0xff,0xb2,0x00,0x00,0x00,0x00,0x69,0xff,0xff,0xff,
  0xff,0xff,0xff,0xff,0x81,0x00,0x00,0x00,0x00,0x8d,0xff,0xff,0xff,0xff,0xff,0x71,0x00,0x00,0x00,0x00,0xc6,0xff,0xff,0xff,
  0xff,0xfb,0x20,0x00,0x00,0x00,0x00,0x00,0xcd,0xff,0xff,0xff,0xff,0xff,0xeb,0x09,0x00,0x00,0x00,0x00,0x10,0xf4,0xff,0xff,
  0xff,0xff,0xcc,0x00,0x00,0x00,0x0a,0xfa,0xff,0xff,0xff,0xff,0xbb,0x00,0x00,0x00,0x00,0x00,0x00,0x76,0xff,0xff,0xff,0xff,
  0xff,0x99,0x00,0x00,0x00,0x00,0x00,0x00,0xac,0xff,0xff,0xff,0xff,0xfc,0x0b,0x00,0x00,0x37,0xff,0xff,0xff,0xff,0xff,0x80,
  0x00,0x00,0x00,0x00,0x00,0x00,0x46,0xff,0xff,0xff,0xff,0xff,0x5e,0x00,0x00,0x00,0x00,0x00,0x00,0x72,0xff,0xff,0xff,0xff,
  0xff,0x38,0x00,0x00,0x4b,0xff,0xff,0xff,0xff,0xff,0x60,0x00,0x00,0x00,0x00,0x00,0x00,0x2f,0xff,0xff,0xff,0xff,0xff,0x3b,
  0x00,0x00,0x00,0x00,0x00,0x00,0x52,0xff,0xff,0xff,0xff,0xff,0x4d,0x00,0x00,0x57,0xff,0xff,0xff,0xff,0xff,0x57,0x00,0x00,
  0x00,0x00,0x00,0x00,0x27,0xff,0xff,0xff,0xff,0xff,0x2f,0x00,0x00,0x00,0x00,0x00,0x00,0x47,0xff,0xff,0xff,0xff,0xff,0x5b,
  0x00,0x00,0x4b,0xff,0xff,0xff,0xff,0xff,0x60,0x00,0x00,0x00,0x00,0x00,0x00,0x32,0xff,0xff,0xff,0xff,0xff,0x35,0x00,0x00,
  0x00,0x00,0x00,0x00,0x52,0xff,0xff,0xff,0xff,0xff,0x50,0x00,0x00,0x38,0xff,0xff,0xff,0xff,0xff,0x7d,0x00,0x00,0x00,0x00,
  0x00,0x00,0x52,0xff,0xff,0xff,0xff,0xff,0x4f,0x00,0x00,0x00,0x00,0x00,0x00,0x75,0xff,0xff,0xff,0xff,0xff,0x3c,0x00,0x00,
  0x0c,0xfd,0xff,0xff,0xff,0xff,0xb3,0x00,0x00,0x00,0x00,0x00,0x00,0x89,0xff,0xff,0xff,0xff,0xff,0x85,0x00,0x00,0x00,0x00,
  0x00,0x00,0xb5,0xff,0xff,0xff,0xff,0xfd,0x0e,0x00,0x00,0x00,0xd1,0xff,0xff,0xff,0xff,0xf7,0x15,0x00,0x00,0x00,0x00,0x05,
  0xe0,0xff,0xff,0xff,0xff,0xff,0xdc,0x03,0x00,0x00,0x00,0x00,0x1f,0xfa,0xff,0xff,0xff,0xff,0xcd,0x00,0x00,0x00,0x00,0x78,
  0xff,0xff,0xff,0xff,0xff,0x99,0x00,0x00,0x00,0x00,0x77,0xff,0xff,0xff,0xff,0xff,0xff,0xff,0x75,0x00,0x00,0x00,0x00,0xac,
  0xff,0xff,0xff,0xff,0xff,0x6c,0x00,0x00,0x00,0x00,0x18,0xf4,0xff,0xff,0xff,0xff,0xff,0x8d,0x16,0x12,0x7b,0xfd,0xff,0xff,
  0xff,0xff,0xff,0xff,0xff,0xfc,0x7b,0x12,0x19,0x9b,0xff,0xff,0xff,0xff,0xff,0xe8,0x0d,0x00,0x00,0x00,0x00,0x00,0x78,0xff,
  0xff,0xff,0xff,0xff,0xff,0xff,0xff,0xff,0xff,0xff,0xff,0xff,0xff,0xff,0xff,0xff,0xff,0xff,0xff,0xff,0xff,0xff,0xff,0xff,
  0xff,0xff,0x53,0x00,0x00,0x00,0x00,0x00,0x00,0x04,0xb6,0xff,0xff,0xff,0xff,0xff,0xff,0xff,0xff,0xff,0x9a,0xff,0xff,0xff,
  0xff,0xff,0xa1,0xff,0xff,0xff,0xff,0xff,0xff,0xff,0xff,0xff,0x86,0x00,0x00,0x00,0x00,0x00,0x00,0x00,0x00,0x0b,0xac,0xff,
  0xff,0xff,0xff,0xff,0xff,0xf5,0x62,0x30,0xff,0xff,0xff,0xff,0xff,0x40,0x69,0xf9,0xff,0xff,0xff,0xff,0xff,0xfb,0x7b,0x00,
  0x00,0x00,0x00,0x00,0x00,0x00,0x00,0x00,0x00,0x00,0x4f,0xb4,0xe6,0xf8,0xdc,0x91,0x22,0x00,0x30,0xff,0xff,0xff,0xff,0xff,
  0x40,0x00,0x2d,0xa0,0xe3,0xf8,0xde,0x9a,0x2e,0x00,0x00,0x00,0x00,0x00,0x00,0x00,0x00,0x00,0x00,0x00,0x00,0x00,0x00,0x00,
  0x00,0x00,0x00,0x00,0x00,0x30,0xff,0xff,0xff,0xff,0xff,0x40,0x00,0x00,0x00,0x00,0x00,0x00,0x00,0x00,0x00,0x00,0x00,0x00,
  0x00,0x00,0x00,0x00,0x00,0x00,0x00,0x00,0x00,0x00,0x00,0x00,0x00,0x00,0x00,0x00,0x30,0xff,0xff,0xff,0xff,0xff,0x40,0x00,
  0x00,0x00,0x00,0x00,0x00,0x00,0x00,0x00,0x00,0x00,0x00,0x00,0x00,0x00,0x00,0x00,0x00,0x00,0x00,0x00,0x00,0x00,0x00,0x00,
  0x00,0x00,0x00,0x30,0xff,0xff,0xff,0xff,0xff,0x40,0x00,0x00,0x00,0x00,0x00,0x00,0x00,0x00,0x00,0x00,0x00,0x00,0x00,0x00,
  0x00,0x00,0x00,0x00,0x00,0x00,0x00,0x00,0x00,0x00,0x00,0x00,0x00,0x00,0x30,0xff,0xff,0xff,0xff,0xff,0x40,0x00,0x00,0x00,
  0x00,0x00,0x00,0x00,0x00,0x00,0x00,0x00,0x00,0x00,0x00,0x00,0x00,0x00,0x00,0x00,0x00,0x00,0x00,0x00,0x00,0x00,0x00,0x00,
  0x00,0x30,0xff,0xff,0xff,0xff,0xff,0x40,0x00,0x00,0x00,0x00,0x00,0x00,0x00,0x00,0x00,0x00,0x00,0x00,0x00,0x00,0x00,0x00,
  0x00,0x00,0x00,0x00,0x00,0x00,0x00,0x00,0x00,0x00,0x00,0x00,0x30,0xff,0xff,0xff,0xff,0xff,0x40,0x00,0x00,0x00,0x00,0x00,
  0x00,0x00,0x00,0x00,0x00,0x00,0x00,0x00,0x00,0x00,0x00,0x00,0x00,0x00,0x00,0x00,0x00,0x00,0x00,0x00,0x00,0x00,0x00,0x30,
  0xff,0xff,0xff,0xff,0xff,0x40,0x00,0x00,0x00,0x00,0x00,0x00,0x00,0x00,0x00,0x00,0x00,0x00,0x00,0x00,0x00,0x00,0x00,0x00,
  0x00,0x00,0x00,0x00,0x00,0x00,0x00,0x00,0x00,0x00,0x30,0xff,0xff,0xff,0xff,0xff,0x40,0x00,0x00,0x00,0x00,0x00,0x00,0x00,
  0x00,0x00,0x00,0x00,0x00,0x00,0x00,0x25,0xf4,0xff,0xff,0xff,0xff,0xff,0x90,0x00,0x00,0x00,0x00,0x00,0x00,0x8e,0xff,0xff,
  0xff,0xff,0xff,0xd7,0x09,0x00,0x66,0xff,0xff,0xff,0xff,0xff,0xfd,0x36,0x00,0x00,0x00,0x00,0x3a,0xfd,0xff,0xff,0xff,0xff,
  0xfa,0x32,0x00,0x00,0x00,0xb1,0xff,0xff,0xff,0xff,0xff,0xd1,0x04,0x00,0x00,0x09,0xd9,0xff,0xff,0xff,0xff,0xff,0x77,0x00,
  0x00,0x00,0x00,0x15,0xe8,0xff,0xff,0xff,0xff,0xff,0x78,0x00,0x00,0x8e,0xff,0xff,0xff,0xff,0xff,0xc0,0x02,0x00,0x00,0x00,
  0x00,0x00,0x4a,0xff,0xff,0xff,0xff,0xff,0xf7,0x24,0x3b,0xfd,0xff,0xff,0xff,0xff,0xef,0x1e,0x00,0x00,0x00,0x00,0x00,0x00,
  0x00,0x95,0xff,0xff,0xff,0xff,0xff,0xbf,0xda,0xff,0xff,0xff,0xff,0xff,0x59,0x00,0x00,0x00,0x00,0x00,0x00,0x00,0x00,0x09,
  0xd7,0xff,0xff,0xff,0xff,0xff,0xff,0xff,0xff,0xff,0xff,0xa4,0x00,0x00,0x00,0x00,0x00,0x00,0x00,0x00,0x00,0x00,0x32,0xfa,
  0xff,0xff,0xff,0xff,0xff,0xff,0xff,0xff,0xe0,0x0f,0x00,0x00,0x00,0x00,0x00,0x00,0x00,0x00,0x00,0x00,0x00,0x79,0xff,0xff,
  0xff,0xff,0xff,0xff,0xff,0xfd,0x3d,0x00,0x00,0x00,0x00,0x00,0x00,0x00,0x00,0x00,0x00,0x00,0x00,0x02,0xc1,0xff,0xff,0xff,
  0xff,0xff,0xff,0x86,0x00,0x00,0x00,0x00,0x00,0x00,0x00,0x00,0x00,0x00,0x00,0x00,0x00,0x00,0x85,0xff,0xff,0xff,0xff,0xff,
  0xff,0x95,0x00,0x00,0x00,0x00,0x00,0x00,0x00,0x00,0x00,0x00,0x00,0x00,0x00,0x35,0xfb,0xff,0xff,0xff,0xff,0xff,0xff,0xff,
  0x47,0x00,0x00,0x00,0x00,0x00,0x00,0x00,0x00,0x00,0x00,0x00,0x09,0xd8,0xff,0xff,0xff,0xff,0xff,0xff,0xff,0xff,0xe5,0x12,
  0x00,0x00,0x00,0x00,0x00,0x00,0x00,0x00,0x00,0x00,0x93,0xff,0xff,0xff,0xff,0xff,0xff,0xff,0xff,0xff,0xff,0xaa,0x00,0x00,
  0x00,0x00,0x00,0x00,0x00,0x00,0x00,0x45,0xfe,0xff,0xff,0xff,0xff,0xe1,0xf4,0xff,0xff,0xff,0xff,0xff,0x5c,0x00,0x00,0x00,
  0x00,0x00,0x00,0x00,0x11,0xe4,0xff,0xff,0xff,0xff,0xff,0x44,0x6e,0xff,0xff,0xff,0xff,0xff,0xf0,0x1d,0x00,0x00,0x00,0x00,
  0x00,0x00,0xa7,0xff,0xff,0xff,0xff,0xff,0x9b,0x00,0x02,0xc5,0xff,0xff,0xff,0xff,0xff,0xbd,0x01,0x00,0x00,0x00,0x00,0x57,
  0xff,0xff,0xff,0xff,0xff,0xe4,0x0f,0x00,0x00,0x29,0xf8,0xff,0xff,0xff,0xff,0xff,0x71,0x00,0x00,0x00,0x1a,0xee,0xff,0xff,
  0xff,0xff,0xff,0x4b,0x00,0x00,0x00,0x00,0x7c,0xff,0xff,0xff,0xff,0xff,0xf7,0x2b,0x00,0x01,0xb9,0xff,0xff,0xff,0xff,0xff,
  0xa3,0x00,0x00,0x00,0x00,0x00,0x05,0xd0,0xff,0xff,0xff,0xff,0xff,0xcf,0x05,0x6b,0xff,0xff,0xff,0xff,0xff,0xe8,0x12,0x00,
  0x00,0x00,0x00,0x00,0x00,0x33,0xfc,0xff,0xff,0xff,0xff,0xff,0x87,0x00,0x00,0x54,0xff,0xff,0xff,0xff,0xff,0x2c,0x00,0x00,
  0x00,0x00,0x00,0x00,0x00,0xff,0xff,0xff,0xff,0xff,0x7c,0x00,0x00,0x00,0x00,0x00,0x54,0xff,0xff,0xff,0xff,0xff,0x2c,0x00,
  0x00,0x00,0x00,0x00,0x00,0x00,0xff,0xff,0xff,0xff,0xff,0x7c,0x00,0x00,0x00,0x00,0x00,0x54,0xff,0xff,0xff,0xff,0xff,0x2c,
  0x00,0x00,0x00,0x00,0x00,0x00,0x00,0xff,0xff,0xff,0xff,0xff,0x7c,0x00,0x00,0x00,0x00,0x00,0x54,0xff,0xff,0xff,0xff,0xff,
  0x2c,0x00,0x00,0x00,0x00,0x00,0x00,0x00,0xff,0xff,0xff,0xff,0xff,0x7c,0x00,0x00,0x00,0x00,0x00,0x54,0xff,0xff,0xff,0xff,
  0xff,0x2c,0x00,0x00,0x00,0x00,0x00,0x00,0x00,0xff,0xff,0xff,0xff,0xff,0x7c,0x00,0x00,0x00,0x00,0x00,0x54,0xff,0xff,0xff,
  0xff,0xff,0x2c,0x00,0x00,0x00,0x00,0x00,0x00,0x00,0xff,0xff,0xff,0xff,0xff,0x7c,0x00,0x00,0x00,0x00,0x00,0x54,0xff,0xff,
  0xff,0xff,0xff,0x2c,0x00,0x00,0x00,0x00,0x00,0x00,0x00,0xff,0xff,0xff,0xff,0xff,0x7c,0x00,0x00,0x00,0x00,0x00,0x54,0xff,
  0xff,0xff,0xff,0xff,0x2c,0x00,0x00,0x00,0x00,0x00,0x00,0x00,0xff,0xff,0xff,0xff,0xff,0x7c,0x00,0x00,0x00,0x00,0x00,0x54,
  0xff,0xff,0xff,0xff,0xff,0x2c,0x00,0x00,0x00,0x00,0x00,0x00,0x00,0xff,0xff,0xff,0xff,0xff,0x7c,0x00,0x00,0x00,0x00,0x00,
  0x54,0xff,0xff,0xff,0xff,0xff,0x2c,0x00,0x00,0x00,0x00,0x00,0x00,0x00,0xff,0xff,0xff,0xff,0xff,0x7c,0x00,0x00,0x00,0x00,
  0x00,0x54,0xff,0xff,0xff,0xff,0xff,0x2c,0x00,0x00,0x00,0x00,0x00,0x00,0x00,0xff,0xff,0xff,0xff,0xff,0x7c,0x00,0x00,0x00,
  0x00,0x00,0x54,0xff,0xff,0xff,0xff,0xff,0x2c,0x00,0x00,0x00,0x00,0x00,0x00,0x00,0xff,0xff,0xff,0xff,0xff,0x7c,0x00,0x00,
  0x00,0x00,0x00,0x54,0xff,0xff,0xff,0xff,0xff,0x2c,0x00,0x00,0x00,0x00,0x00,0x00,0x00,0xff,0xff,0xff,0xff,0xff,0x7c,0x00,
  0x00,0x00,0x00,0x00,0x54,0xff,0xff,0xff,0xff,0xff,0x2c,0x00,0x00,0x00,0x00,0x00,0x00,0x00,0xff,0xff,0xff,0xff,0xff,0x7c,
  0x00,0x00,0x00,0x00,0x00,0x54,0xff,0xff,0xff,0xff,0xff,0x2c,0x00,0x00,0x00,0x00,0x00,0x00,0x00,0xff,0xff,0xff,0xff,0xff,
  0x7c,0x00,0x00,0x00,0x00,0x00,0x54,0xff,0xff,0xff,0xff,0xff,0x2c,0x00,0x00,0x00,0x00,0x00,0x00,0x00,0xff,0xff,0xff,0xff,
  0xff,0x7c,0x00,0x00,0x00,0x00,0x00,0x54,0xff,0xff,0xff,0xff,0xff,0x2c,0x00,0x00,0x00,0x00,0x00,0x00,0x00,0xff,0xff,0xff,
  0xff,0xff,0x7c,0x00,0x00,0x00,0x00,0x00,0x54,0xff,0xff,0xff,0xff,0xff,0xff,0xff,0xff,0xff,0xff,0xff,0xff,0xff,0xff,0xff,
  0xff,0xff,0xff,0xff,0xff,0xa8,0x00,0x00,0x00,0x54,0xff,0xff,0xff,0xff,0xff,0xff,0xff,0xff,0xff,0xff,0xff,0xff,0xff,0xff,
  0xff,0xff,0xff,0xff,0xff,0xff,0xa8,0x00,0x00,0x00,0x54,0xff,0xff,0xff,0xff,0xff,0xff,0xff,0xff,0xff,0xff,0xff,0xff,0xff,
  0xff,0xff,0xff,0xff,0xff,0xff,0xff,0xa8,0x00,0x00,0x00,0x54,0xff,0xff,0xff,0xff,0xff,0xff,0xff,0xff,0xff,0xff,0xff,0xff,
  0xff,0xff,0xff,0xff,0xff,0xff,0xff,0xff,0xa8,0x00,0x00,0x00,0x00,0x00,0x00,0x00,0x00,0x00,0x00,0x00,0x00,0x00,0x00,0x00,
  0x00,0x00,0x00,0x00,0x00,0xc8,0xff,0xff,0xff,0xa8,0x00,0x00,0x00,0x00,0x00,0x00,0x00,0x00,0x00,0x00,0x00,0x00,0x00,0x00,
  0x00,0x00,0x00,0x00,0x00,0x00,0xc8,0xff,0xff,0xff,0xa8,0x00,0x00,0x00,0x00,0x00,0x00,0x00,0x00,0x00,0x00,0x00,0x00,0x00,
  0x00,0x00,0x00,0x00,0x00,0x00,0x00,0xc8,0xff,0xff,0xff,0xa8,0x00,0x00,0x00,0x00,0x00,0x00,0x00,0x00,0x00,0x00,0x00,0x00,
  0x00,0x00,0x00,0x00,0x00,0x00,0x00,0x00,0xc8,0xff,0xff,0xff,0xa8,0x00,0x00,0x00,0x00,0x00,0x00,0x00,0x00,0x00,0x00,0x00,
  0x00,0x00,0x00,0x00,0x00,0x00,0x00,0x00,0x00,0xc8,0xff,0xff,0xff,0xa8,0x00,0x00,0x00,0xc4,0xff,0xff,0xff,0xff,0xc8,0x00,
  0x00,0x00,0x00,0x00,0x00,0x00,0xdc,0xff,0xff,0xff,0xff,0xa0,0x00,0x00,0x00,0x00,0xc4,0xff,0xff,0xff,0xff,0xc8,0x00,0x00,
  0x00,0x00,0x00,0x00,0x00,0xdc,0xff,0xff,0xff,0xff,0xa0,0x00,0x00,0x00,0x00,0xc4,0xff,0xff,0xff,0xff,0xc8,0x00,0x00,0x00,
  0x00,0x00,0x00,0x00,0xdc,0xff,0xff,0xff,0xff,0xa0,0x00,0x00,0x00,0x00,0xc4,0xff,0xff,0xff,0xff,0xc8,0x00,0x00,0x00,0x00,
  0x00,0x00,0x00,0xdc,0xff,0xff,0xff,0xff,0xa0,0x00,0x00,0x00,0x00,0xc3,0xff,0xff,0xff,0xff,0xc8,0x00,0x00,0x00,0x00,0x00,
  0x00,0x00,0xdc,0xff,0xff,0xff,0xff,0xa0,0x00,0x00,0x00,0x00,0xbf,0xff,0xff,0xff,0xff,0xd2,0x00,0x00,0x00,0x00,0x00,0x00,
  0x00,0xdc,0xff,0xff,0xff,0xff,0xa0,0x00,0x00,0x00,0x00,0xae,0xff,0xff,0xff,0xff,0xf0,0x01,0x00,0x00,0x00,0x00,0x00,0x00,
  0xdc,0xff,0xff,0xff,0xff,0xa0,0x00,0x00,0x00,0x00,0x89,0xff,0xff,0xff,0xff,0xff,0x5b,0x00,0x00,0x00,0x00,0x00,0x00,0xdc,
  0xff,0xff,0xff,0xff,0xa0,0x00,0x00,0x00,0x00,0x4b,0xff,0xff,0xff,0xff,0xff,0xfb,0x8a,0x2b,0x09,0x10,0x31,0x73,0xf1,0xff,
  0xff,0xff,0xff,0xa0,0x00,0x00,0x00,0x00,0x05,0xdc,0xff,0xff,0xff,0xff,0xff,0xff,0xff,0xff,0xff,0xff,0xff,0xff,0xff,0xff,
  0xff,0xff,0xa0,0x00,0x00,0x00,0x00,0x00,0x37,0xf4,0xff,0xff,0xff,0xff,0xff,0xff,0xff,0xff,0xff,0xff,0xff,0xff,0xff,0xff,
  0xff,0xa0,0x00,0x00,0x00,0x00,0x00,0x00,0x2e,0xce,0xff,0xff,0xff,0xff,0xff,0xff,0xff,0xff,0xff,0xff,0xff,0xff,0xff,0xff,
  0xa0,0x00,0x00,0x00,0x00,0x00,0x00,0x00,0x01,0x4b,0xa1,0xd9,0xf6,0xfb,0xe7,0xbf,0x8b,0x4e,0xe1,0xff,0xff,0xff,0xff,0xa0,
  0x00,0x00,0x00,0x00,0x00,0x00,0x00,0x00,0x00,0x00,0x00,0x00,0x00,0x00,0x00,0x00,0x00,0xdc,0xff,0xff,0xff,0xff,0xa0,0x00,
  0x00,0x00,0x00,0x00,0x00,0x00,0x00,0x00,0x00,0x00,0x00,0x00,0x00,0x00,0x00,0x00,0xdc,0xff,0xff,0xff,0xff,0xa0,0x00,0x00,
  0x00,0x00,0x00,0x00,0x00,0x00,0x00,0x00,0x00,0x00,0x00,0x00,0x00,0x00,0x00,0xdc,0xff,0xff,0xff,0xff,0xa0,0x00,0x00,0x00,
  0x00,0x00,0x00,0x00,0x00,0x00,0x00,0x00,0x00,0x00,0x00,0x00,0x00,0x00,0xdc,0xff,0xff,0xff,0xff,0xa0,0x00,0x00,0x00,0x00,
  0x00,0x00,0x00,0x00,0x00,0x00,0x00,0x00,0x00,0x00,0x00,0x00,0x00,0xdc,0xff,0xff,0xff,0xff,0xa0,0x00,0x00,0x00,0x00,0x00,
  0x00,0x00,0x00,0x00,0x00,0x00,0x00,0x00,0x00,0x00,0x00,0x00,0xdc,0xff,0xff,0xff,0xff,0xa0,0x00,0x00,0x00,0x00,0x00,0x00,
  0x00,0x00,0x00,0x00,0x00,0x00,0x00,0x00,0x00,0x00,0x00,0xdc,0xff,0xff,0xff,0xff,0xa0,0x00,0x00,0x00,0x00,0x00,0x00,0x00,
  0x00,0x00,0x00,0x00,0x00,0x00,0x00,0x00,0x00,0x00,0xdc,0xff,0xff,0xff,0xff,0xa0,0x00,0x00,0x00,0x00,0x44,0xff,0xff,0xff,
  0xff,0xc8,0x00,0x00,0x00,0x00,0x00,0x00,0xdc,0xff,0xff,0xff,0xff,0x34,0x00,0x00,0x00,0x00,0x00,0x74,0xff,0xff,0xff,0xff,
  0x9c,0x00,0x00,0x00,0x00,0x44,0xff,0xff,0xff,0xff,0xc8,0x00,0x00,0x00,0x00,0x00,0x00,0xdc,0xff,0xff,0xff,0xff,0x34,0x00,
  0x00,0x00,0x00,0x00,0x74,0xff,0xff,0xff,0xff,0x9c,0x00,0x00,0x00,0x00,0x44,0xff,0xff,0xff,0xff,0xc8,0x00,0x00,0x00,0x00,
  0x00,0x00,0xdc,0xff,0xff,0xff,0xff,0x34,0x00,0x00,0x00,0x00,0x00,0x74,0xff,0xff,0xff,0xff,0x9c,0x00,0x00,0x00,0x00,0x44,
  0xff,0xff,0xff,0xff,0xc8,0x00,0x00,0x00,0x00,0x00,0x00,0xdc,0xff,0xff,0xff,0xff,0x34,0x00,0x00,0x00,0x00,0x00,0x74,0xff,
  0xff,0xff,0xff,0x9c,0x00,0x00,0x00,0x00,0x44,0xff,0xff,0xff,0xff,0xc8,0x00,0x00,0x00,0x00,0x00,0x00,0xdc,0xff,0xff,0xff,
  0xff,0x34,0x00,0x00,0x00,0x00,0x00,0x74,0xff,0xff,0xff,0xff,0x9c,0x00,0x00,0x00,0x00,0x44,0xff,0xff,0xff,0xff,0xc8,0x00,
  0x00,0x00,0x00,0x00,0x00,0xdc,0xff,0xff,0xff,0xff,0x34,0x00,0x00,0x00,0x00,0x00,0x74,0xff,0xff,0xff,0xff,0x9c,0x00,0x00,
  0x00,0x00,0x44,0xff,0xff,0xff,0xff,0xc8,0x00,0x00,0x00,0x00,0x00,0x00,0xdc,0xff,0xff,0xff,0xff,0x34,0x00,0x00,0x00,0x00,
  0x00,0x74,0xff,0xff,0xff,0xff,0x9c,0x00,0x00,0x00,0x00,0x44,0xff,0xff,0xff,0xff,0xc8,0x00,0x00,0x00,0x00,0x00,0x00,0xdc,
  0xff,0xff,0xff,0xff,0x34,0x00,0x00,0x00,0x00,0x00,0x74,0xff,0xff,0xff,0xff,0x9c,0x00,0x00,0x00,0x00,0x44,0xff,0xff,0xff,
  0xff,0xc8,0x00,0x00,0x00,0x00,0x00,0x00,0xdc,0xff,0xff,0xff,0xff,0x34,0x00,0x00,0x00,0x00,0x00,0x74,0xff,0xff,0xff,0xff,
  0x9c,0x00,0x00,0x00,0x00,0x44,0xff,0xff,0xff,0xff,0xc8,0x00,0x00,0x00,0x00,0x00,0x00,0xdc,0xff,0xff,0xff,0xff,0x34,0x00,
  0x00,0x00,0x00,0x00,0x74,0xff,0xff,0xff,0xff,0x9c,0x00,0x00,0x00,0x00,0x44,0xff,0xff,0xff,0xff,0xc8,0x00,0x00,0x00,0x00,
  0x00,0x00,0xdc,0xff,0xff,0xff,0xff,0x34,0x00,0x00,0x00,0x00,0x00,0x74,0xff,0xff,0xff,0xff,0x9c,0x00,0x00,0x00,0x00,0x44,
  0xff,0xff,0xff,0xff,0xc8,0x00,0x00,0x00,0x00,0x00,0x00,0xdc,0xff,0xff,0xff,0xff,0x34,0x00,0x00,0x00,0x00,0x00,0x74,0xff,
  0xff,0xff,0xff,0x9c,0x00,0x00,0x00,0x00,0x44,0xff,0xff,0xff,0xff,0xc8,0x00,0x00,0x00,0x00,0x00,0x00,0xdc,0xff,0xff,0xff,
  0xff,0x34,0x00,0x00,0x00,0x00,0x00,0x74,0xff,0xff,0xff,0xff,0x9c,0x00,0x00,0x00,0x00,0x44,0xff,0xff,0xff,0xff,0xc8,0x00,
  0x00,0x00,0x00,0x00,0x00,0xdc,0xff,0xff,0xff,0xff,0x34,0x00,0x00,0x00,0x00,0x00,0x74,0xff,0xff,0xff,0xff,0x9c,0x00,0x00,
  0x00,0x00,0x44,0xff,0xff,0xff,0xff,0xc8,0x00,0x00,0x00,0x00,0x00,0x00,0xdc,0xff,0xff,0xff,0xff,0x34,0x00,0x00,0x00,0x00,
  0x00,0x74,0xff,0xff,0xff,0xff,0x9c,0x00,0x00,0x00,0x00,0x44,0xff,0xff,0xff,0xff,0xc8,0x00,0x00,0x00,0x00,0x00,0x00,0xdc,
  0xff,0xff,0xff,0xff,0x34,0x00,0x00,0x00,0x00,0x00,0x74,0xff,0xff,0xff,0xff,0x9c,0x00,0x00,0x00,0x00,0x44,0xff,0xff,0xff,
  0xff,0xc8,0x00,0x00,0x00,0x00,0x00,0x00,0xdc,0xff,0xff,0xff,0xff,0x34,0x00,0x00,0x00,0x00,0x00,0x74,0xff,0xff,0xff,0xff,
  0x9c,0x00,0x00,0x00,0x00,0x44,0xff,0xff,0xff,0xff,0xff,0xff,0xff,0xff,0xff,0xff,0xff,0xff,0xff,0xff,0xff,0xff,0xff,0xff,
  0xff,0xff,0xff,0xff,0xff,0xff,0xff,0xff,0xff,0x9c,0x00,0x00,0x00,0x00,0x44,0xff,0xff,0xff,0xff,0xff,0xff,0xff,0xff,0xff,
  0xff,0xff,0xff,0xff,0xff,0xff,0xff,0xff,0xff,0xff,0xff,0xff,0xff,0xff,0xff,0xff,0xff,0xff,0x9c,0x00,0x00,0x00,0x00,0x44,
  0xff,0xff,0xff,0xff,0xff,0xff,0xff,0xff,0xff,0xff,0xff,0xff,0xff,0xff,0xff,0xff,0xff,0xff,0xff,0xff,0xff,0xff,0xff,0xff,
  0xff,0xff,0xff,0x9c,0x00,0x00,0x00,0x00,0x44,0xff,0xff,0xff,0xff,0xff,0xff,0xff,0xff,0xff,0xff,0xff,0xff,0xff,0xff,0xff,
  0xff,0xff,0xff,0xff,0xff,0xff,0xff,0xff,0xff,0xff,0xff,0xff,0x9c,0x00,0x00,0x00,0x00,0x40,0xff,0xff,0xff,0xff,0xd0,0x00,
  0x00,0x00,0x00,0x00,0x00,0xe0,0xff,0xff,0xff,0xff,0x30,0x00,0x00,0x00,0x00,0x00,0x70,0xff,0xff,0xff,0xff,0xa0,0x00,0x00,
  0x00,0x00,0x00,0x40,0xff,0xff,0xff,0xff,0xd0,0x00,0x00,0x00,0x00,0x00,0x00,0xe0,0xff,0xff,0xff,0xff,0x30,0x00,0x00,0x00,
  0x00,0x00,0x70,0xff,0xff,0xff,0xff,0xa0,0x00,0x00,0x00,0x00,0x00,0x40,0xff,0xff,0xff,0xff,0xd0,0x00,0x00,0x00,0x00,0x00,
  0x00,0xe0,0xff,0xff,0xff,0xff,0x30,0x00,0x00,0x00,0x00,0x00,0x70,0xff,0xff,0xff,0xff,0xa0,0x00,0x00,0x00,0x00,0x00,0x40,
  0xff,0xff,0xff,0xff,0xd0,0x00,0x00,0x00,0x00,0x00,0x00,0xe0,0xff,0xff,0xff,0xff,0x30,0x00,0x00,0x00,0x00,0x00,0x70,0xff,
  0xff,0xff,0xff,0xa0,0x00,0x00,0x00,0x00,0x00,0x40,0xff,0xff,0xff,0xff,0xd0,0x00,0x00,0x00,0x00,0x00,0x00,0xe0,0xff,0xff,
  0xff,0xff,0x30,0x00,0x00,0x00,0x00,0x00,0x70,0xff,0xff,0xff,0xff,0xa0,0x00,0x00,0x00,0x00,0x00,0x40,0xff,0xff,0xff,0xff,
  0xd0,0x00,0x00,0x00,0x00,0x00,0x00,0xe0,0xff,0xff,0xff,0xff,0x30,0x00,0x00,0x00,0x00,0x00,0x70,0xff,0xff,0xff,0xff,0xa0,
  0x00,0x00,0x00,0x00,0x00,0x40,0xff,0xff,0xff,0xff,0xd0,0x00,0x00,0x00,0x00,0x00,0x00,0xe0,0xff,0xff,0xff,0xff,0x30,0x00,
  0x00,0x00,0x00,0x00,0x70,0xff,0xff,0xff,0xff,0xa0,0x00,0x00,0x00,0x00,0x00,0x40,0xff,0xff,0xff,0xff,0xd0,0x00,0x00,0x00,
  0x00,0x00,0x00,0xe0,0xff,0xff,0xff,0xff,0x30,0x00,0x00,0x00,0x00,0x00,0x70,0xff,0xff,0xff,0xff,0xa0,0x00,0x00,0x00,0x00,
  0x00,0x40,0xff,0xff,0xff,0xff,0xd0,0x00,0x00,0x00,0x00,0x00,0x00,0xe0,0xff,0xff,0xff,0xff,0x30,0x00,0x00,0x00,0x00,0x00,
  0x70,0xff,0xff,0xff,0xff,0xa0,0x00,0x00,0x00,0x00,0x00,0x40,0xff,0xff,0xff,0xff,0xd0,0x00,0x00,0x00,0x00,0x00,0x00,0xe0,
  0xff,0xff,0xff,0xff,0x30,0x00,0x00,0x00,0x00,0x00,0x70,0xff,0xff,0xff,0xff,0xa0,0x00,0x00,0x00,0x00,0x00,0x40,0xff,0xff,
  0xff,0xff,0xd0,0x00,0x00,0x00,0x00,0x00,0x00,0xe0,0xff,0xff,0xff,0xff,0x30,0x00,0x00,0x00,0x00,0x00,0x70,0xff,0xff,0xff,
  0xff,0xa0,0x00,0x00,0x00,0x00,0x00,0x40,0xff,0xff,0xff,0xff,0xd0,0x00,0x00,0x00,0x00,0x00,0x00,0xe0,0xff,0xff,0xff,0xff,
  0x30,0x00,0x00,0x00,0x00,0x00,0x70,0xff,0xff,0xff,0xff,0xa0,0x00,0x00,0x00,0x00,0x00,0x40,0xff,0xff,0xff,0xff,0xd0,0x00,
  0x00,0x00,0x00,0x00,0x00,0xe0,0xff,0xff,0xff,0xff,0x30,0x00,0x00,0x00,0x00,0x00,0x70,0xff,0xff,0xff,0xff,0xa0,0x00,0x00,
  0x00,0x00,0x00,0x40,0xff,0xff,0xff,0xff,0xd0,0x00,0x00,0x00,0x00,0x00,0x00,0xe0,0xff,0xff,0xff,0xff,0x30,0x00,0x00,0x00,
  0x00,0x00,0x70,0xff,0xff,0xff,0xff,0xa0,0x00,0x00,0x00,0x00,0x00,0x40,0xff,0xff,0xff,0xff,0xd0,0x00,0x00,0x00,0x00,0x00,
  0x00,0xe0,0xff,0xff,0xff,0xff,0x30,0x00,0x00,0x00,0x00,0x00,0x70,0xff,0xff,0xff,0xff,0xa0,0x00,0x00,0x00,0x00,0x00,0x40,
  0xff,0xff,0xff,0xff,0xd0,0x00,0x00,0x00,0x00,0x00,0x00,0xe0,0xff,0xff,0xff,0xff,0x30,0x00,0x00,0x00,0x00,0x00,0x70,0xff,
  0xff,0xff,0xff,0xa0,0x00,0x00,0x00,0x00,0x00,0x40,0xff,0xff,0xff,0xff,0xd0,0x00,0x00,0x00,0x00,0x00,0x00,0xe0,0xff,0xff,
  0xff,0xff,0x30,0x00,0x00,0x00,0x00,0x00,0x70,0xff,0xff,0xff,0xff,0xa0,0x00,0x00,0x00,0x00,0x00,0x40,0xff,0xff,0xff,0xff,
  0xff,0xff,0xff,0xff,0xff,0xff,0xff,0xff,0xff,0xff,0xff,0xff,0xff,0xff,0xff,0xff,0xff,0xff,0xff,0xff,0xff,0xff,0xff,0xff,
  0xff,0xe0,0x00,0x00,0x00,0x40,0xff,0xff,0xff,0xff,0xff,0xff,0xff,0xff,0xff,0xff,0xff,0xff,0xff,0xff,0xff,0xff,0xff,0xff,
  0xff,0xff,0xff,0xff,0xff,0xff,0xff,0xff,0xff,0xff,0xff,0xe0,0x00,0x00,0x00,0x40,0xff,0xff,0xff,0xff,0xff,0xff,0xff,0xff,
  0xff,0xff,0xff,0xff,0xff,0xff,0xff,0xff,0xff,0xff,0xff,0xff,0xff,0xff,0xff,0xff,0xff,0xff,0xff,0xff,0xff,0xe0,0x00,0x00,
  0x00,0x40,0xff,0xff,0xff,0xff,0xff,0xff,0xff,0xff,0xff,0xff,0xff,0xff,0xff,0xff,0xff,0xff,0xff,0xff,0xff,0xff,0xff,0xff,
  0xff,0xff,0xff,0xff,0xff,0xff,0xff,0xe0,0x00,0x00,0x00,0x00,0x00,0x00,0x00,0x00,0x00,0x00,0x00,0x00,0x00,0x00,0x00,0x00,
  0x00,0x00,0x00,0x00,0x00,0x00,0x00,0x00,0x00,0x00,0x00,0x00,0x00,0x90,0xff,0xff,0xff,0xe0,0x00,0x00,0x00,0x00,0x00,0x00,
  0x00,0x00,0x00,0x00,0x00,0x00,0x00,0x00,0x00,0x00,0x00,0x00,0x00,0x00,0x00,0x00,0x00,0x00,0x00,0x00,0x00,0x00,0x00,0x90,
  0xff,0xff,0xff,0xe0,0x00,0x00,0x00,0x00,0x00,0x00,0x00,0x00,0x00,0x00,0x00,0x00,0x00,0x00,0x00,0x00,0x00,0x00,0x00,0x00,
  0x00,0x00,0x00,0x00,0x00,0x00,0x00,0x00,0x00,0x90,0xff,0xff,0xff,0xe0,0x00,0x00,0x00,0x00,0x00,0x00,0x00,0x00,0x00,0x00,
  0x00,0x00,0x00,0x00,0x00,0x00,0x00,0x00,0x00,0x00,0x00,0x00,0x00,0x00,0x00,0x00,0x00,0x00,0x00,0x90,0xff,0xff,0xff,0xe0,
  0x00,0x00,0x00,0x00,0x00,0x00,0x00,0x00,0x00,0x00,0x00,0x00,0x00,0x00,0x00,0x00,0x00,0x00,0x00,0x00,0x00,0x00,0x00,0x00,
  0x00,0x00,0x00,0x00,0x00,0x90,0xff,0xff,0xff,0xe0,0x00,0x38,0xff,0xff,0xff,0xff,0xff,0xff,0xff,0xff,0xff,0xff,0xff,0xff,
  0x0c,0x00,0x00,0x00,0x00,0x00,0x00,0x00,0x00,0x00,0x00,0x00,0x00,0x00,0x00,0x00,0x38,0xff,0xff,0xff,0xff,0xff,0xff,0xff,
  0xff,0xff,0xff,0xff,0xff,0x0c,0x00,0x00,0x00,0x00,0x00,0x00,0x00,0x00,0x00,0x00,0x00,0x00,0x00,0x00,0x00,0x38,0xff,0xff,
  0xff,0xff,0xff,0xff,0xff,0xff,0xff,0xff,0xff,0xff,0x0c,0x00,0x00,0x00,0x00,0x00,0x00,0x00,0x00,0x00,0x00,0x00,0x00,0x00,
  0x00,0x00,0x38,0xff,0xff,0xff,0xff,0xff,0xff,0xff,0xff,0xff,0xff,0xff,0xff,0x0c,0x00,0x00,0x00,0x00,0x00,0x00,0x00,0x00,
  0x00,0x00,0x00,0x00,0x00,0x00,0x00,0x00,0x00,0x00,0x00,0x00,0x00,0x00,0x70,0xff,0xff,0xff,0xff,0xff,0x0c,0x00,0x00,0x00,
  0x00,0x00,0x00,0x00,0x00,0x00,0x00,0x00,0x00,0x00,0x00,0x00,0x00,0x00,0x00,0x00,0x00,0x00,0x00,0x70,0xff,0xff,0xff,0xff,
  0xff,0x0c,0x00,0x00,0x00,0x00,0x00,0x00,0x00,0x00,0x00,0x00,0x00,0x00,0x00,0x00,0x00,0x00,0x00,0x00,0x00,0x00,0x00,0x00,
  0x70,0xff,0xff,0xff,0xff,0xff,0x0c,0x00,0x00,0x00,0x00,0x00,0x00,0x00,0x00,0x00,0x00,0x00,0x00,0x00,0x00,0x00,0x00,0x00,
  0x00,0x00,0x00,0x00,0x00,0x70,0xff,0xff,0xff,0xff,0xff,0x0c,0x00,0x00,0x00,0x00,0x00,0x00,0x00,0x00,0x00,0x00,0x00,0x00,
  0x00,0x00,0x00,0x00,0x00,0x00,0x00,0x00,0x00,0x00,0x70,0xff,0xff,0xff,0xff,0xff,0x0c,0x00,0x00,0x00,0x00,0x00,0x00,0x00,
  0x00,0x00,0x00,0x00,0x00,0x00,0x00,0x00,0x00,0x00,0x00,0x00,0x00,0x00,0x00,0x70,0xff,0xff,0xff,0xff,0xff,0xff,0xff,0xff,
  0xff,0xff,0xff,0xfa,0xf0,0xde,0xbd,0x87,0x28,0x00,0x00,0x00,0x00,0x00,0x00,0x00,0x00,0x00,0x00,0x00,0x70,0xff,0xff,0xff,
  0xff,0xff,0xff,0xff,0xff,0xff,0xff,0xff,0xff,0xff,0xff,0xff,0xff,0xfc,0x77,0x00,0x00,0x00,0x00,0x00,0x00,0x00,0x00,0x00,
  0x00,0x70,0xff,0xff,0xff,0xff,0xff,0xff,0xff,0xff,0xff,0xff,0xff,0xff,0xff,0xff,0xff,0xff,0xff,0xff,0x64,0x00,0x00,0x00,
  0x00,0x00,0x00,0x00,0x00,0x00,0x70,0xff,0xff,0xff,0xff,0xff,0xff,0xff,0xff,0xff,0xff,0xff,0xff,0xff,0xff,0xff,0xff,0xff,
  0xff,0xf1,0x0e,0x00,0x00,0x00,0x00,0x00,0x00,0x00,0x00,0x70,0xff,0xff,0xff,0xff,0xff,0x0c,0x00,0x00,0x00,0x04,0x11,0x2a,
  0x60,0xda,0xff,0xff,0xff,0xff,0xff,0x5c,0x00,0x00,0x00,0x00,0x00,0x00,0x00,0x00,0x70,0xff,0xff,0xff,0xff,0xff,0x0c,0x00,
  0x00,0x00,0x00,0x00,0x00,0x00,0x30,0xff,0xff,0xff,0xff,0xff,0x85,0x00,0x00,0x00,0x00,0x00,0x00,0x00,0x00,0x70,0xff,0xff,
  0xff,0xff,0xff,0x0c,0x00,0x00,0x00,0x00,0x00,0x00,0x00,0x34,0xff,0xff,0xff,0xff,0xff,0x85,0x00,0x00,0x00,0x00,0x00,0x00,
  0x00,0x00,0x70,0xff,0xff,0xff,0xff,0xff,0x0c,0x00,0x00,0x00,0x00,0x02,0x11,0x41,0xd0,0xff,0xff,0xff,0xff,0xff,0x61,0x00,
  0x00,0x00,0x00,0x00,0x00,0x00,0x00,0x70,0xff,0xff,0xff,0xff,0xff,0xff,0xff,0xff,0xff,0xff,0xff,0xff,0xff,0xff,0xff,0xff,
  0xff,0xff,0xf7,0x17,0x00,0x00,0x00,0x00,0x00,0x00,0x00,0x00,0x70,0xff,0xff,0xff,0xff,0xff,0xff,0xff,0xff,0xff,0xff,0xff,
  0xff,0xff,0xff,0xff,0xff,0xff,0xff,0x7e,0x00,0x00,0x00,0x00,0x00,0x00,0x00,0x00,0x00,0x70,0xff,0xff,0xff,0xff,0xff,0xff,
  0xff,0xff,0xff,0xff,0xff,0xff,0xff,0xff,0xff,0xff,0xfe,0x8c,0x01,0x00,0x00,0x00,0x00,0x00,0x00,0x00,0x00,0x00,0x70,0xff,
  0xff,0xff,0xff,0xff,0xff,0xff,0xff,0xff,0xff,0xff,0xfd,0xf2,0xe1,0xba,0x82,0x28,0x00,0x00,0x00,0x00,0x00,0x00,0x18,0xff,
  0xff,0xff,0xff,0xff,0x68,0x00,0x00,0x00,0x00,0x00,0x00,0x00,0x00,0x00,0x00,0x00,0x00,0x00,0x00,0x00,0x00,0x00,0xf0,0xff,
  0xff,0xff,0xff,0x8c,0x00,0x00,0x00,0x00,0x18,0xff,0xff,0xff,0xff,0xff,0x68,0x00,0x00,0x00,0x00,0x00,0x00,0x00,0x00,0x00,
  0x00,0x00,0x00,0x00,0x00,0x00,0x00,0x00,0xf0,0xff,0xff,0xff,0xff,0x8c,0x00,0x00,0x00,0x00,0x18,0xff,0xff,0xff,0xff,0xff,
  0x68,0x00,0x00,0x00,0x00,0x00,0x00,0x00,0x00,0x00,0x00,0x00,0x00,0x00,0x00,0x00,0x00,0x00,0xf0,0xff,0xff,0xff,0xff,0x8c,
  0x00,0x00,0x00,0x00,0x18,0xff,0xff,0xff,0xff,0xff,0x68,0x00,0x00,0x00,0x00,0x00,0x00,0x00,0x00,0x00,0x00,0x00,0x00,0x00,
  0x00,0x00,0x00,0x00,0xf0,0xff,0xff,0xff,0xff,0x8c,0x00,0x00,0x00,0x00,0x18,0xff,0xff,0xff,0xff,0xff,0x68,0x00,0x00,0x00,
  0x00,0x00,0x00,0x00,0x00,0x00,0x00,0x00,0x00,0x00,0x00,0x00,0x00,0x00,0xf0,0xff,0xff,0xff,0xff,0x8c,0x00,0x00,0x00,0x00,
  0x18,0xff,0xff,0xff,0xff,0xff,0x68,0x00,0x00,0x00,0x00,0x00,0x00,0x00,0x00,0x00,0x00,0x00,0x00,0x00,0x00,0x00,0x00,0x00,
  0xf0,0xff,0xff,0xff,0xff,0x8c,0x00,0x00,0x00,0x00,0x18,0xff,0xff,0xff,0xff,0xff,0x68,0x00,0x00,0x00,0x00,0x00,0x00,0x00,
  0x00,0x00,0x00,0x00,0x00,0x00,0x00,0x00,0x00,0x00,0xf0,0xff,0xff,0xff,0xff,0x8c,0x00,0x00,0x00,0x00,0x18,0xff,0xff,0xff,
  0xff,0xff,0x68,0x00,0x00,0x00,0x00,0x00,0x00,0x00,0x00,0x00,0x00,0x00,0x00,0x00,0x00,0x00,0x00,0x00,0xf0,0xff,0xff,0xff,
  0xff,0x8c,0x00,0x00,0x00,0x00,0x18,0xff,0xff,0xff,0xff,0xff,0x68,0x00,0x00,0x00,0x00,0x00,0x00,0x00,0x00,0x00,0x00,0x00,
  0x00,0x00,0x00,0x00,0x00,0x00,0xf0,0xff,0xff,0xff,0xff,0x8c,0x00,0x00,0x00,0x00,0x18,0xff,0xff,0xff,0xff,0xff,0xff,0xff,
  0xff,0xff,0xff,0xff,0xfc,0xf5,0xe6,0xca,0x9e,0x4e,0x01,0x00,0x00,0x00,0x00,0x00,0xf0,0xff,0xff,0xff,0xff,0x8c,0x00,0x00,
  0x00,0x00,0x18,0xff,0xff,0xff,0xff,0xff,0xff,0xff,0xff,0xff,0xff,0xff,0xff,0xff,0xff,0xff,0xff,0xff,0xbe,0x11,0x00,0x00,
  0x00,0x00,0xf0,0xff,0xff,0xff,0xff,0x8c,0x00,0x00,0x00,0x00,0x18,0xff,0xff,0xff,0xff,0xff,0xff,0xff,0xff,0xff,0xff,0xff,
  0xff,0xff,0xff,0xff,0xff,0xff,0xff,0xc1,0x02,0x00,0x00,0x00,0xf0,0xff,0xff,0xff,0xff,0x8c,0x00,0x00,0x00,0x00,0x18,0xff,
  0xff,0xff,0xff,0xff,0xff,0xff,0xff,0xff,0xff,0xff,0xff,0xff,0xff,0xff,0xff,0xff,0xff,0xff,0x5f,0x00,0x00,0x00,0xf0,0xff,
  0xff,0xff,0xff,0x8c,0x00,0x00,0x00,0x00,0x18,0xff,0xff,0xff,0xff,0xff,0x68,0x00,0x00,0x00,0x03,0x0a,0x1d,0x45,0xa6,0xff,
  0xff,0xff,0xff,0xff,0xbb,0x00,0x00,0x00,0xf0,0xff,0xff,0xff,0xff,0x8c,0x00,0x00,0x00,0x00,0x18,0xff,0xff,0xff,0xff,0xff,
  0x68,0x00,0x00,0x00,0x00,0x00,0x00,0x00,0x00,0xd3,0xff,0xff,0xff,0xff,0xe5,0x00,0x00,0x00,0xf0,0xff,0xff,0xff,0xff,0x8c,
  0x00,0x00,0x00,0x00,0x18,0xff,0xff,0xff,0xff,0xff,0x68,0x00,0x00,0x00,0x00,0x00,0x00,0x00,0x00,0xd9,0xff,0xff,0xff,0xff,
  0xe4,0x00,0x00,0x00,0xf0,0xff,0xff,0xff,0xff,0x8c,0x00,0x00,0x00,0x00,0x18,0xff,0xff,0xff,0xff,0xff,0x68,0x00,0x00,0x00,
  0x00,0x00,0x0a,0x2f,0x9e,0xff,0xff,0xff,0xff,0xff,0xc2,0x00,0x00,0x00,0xf0,0xff,0xff,0xff,0xff,0x8c,0x00,0x00,0x00,0x00,
  0x18,0xff,0xff,0xff,0xff,0xff,0xff,0xff,0xff,0xff,0xff,0xff,0xff,0xff,0xff,0xff,0xff,0xff,0xff,0xff,0x70,0x00,0x00,0x00,
  0xf0,0xff,0xff,0xff,0xff,0x8c,0x00,0x00,0x00,0x00,0x18,0xff,0xff,0xff,0xff,0xff,0xff,0xff,0xff,0xff,0xff,0xff,0xff,0xff,
  0xff,0xff,0xff,0xff,0xff,0xd0,0x06,0x00,0x00,0x00,0xf0,0xff,0xff,0xff,0xff,0x8c,0x00,0x00,0x00,0x00,0x18,0xff,0xff,0xff,
  0xff,0xff,0xff,0xff,0xff,0xff,0xff,0xff,0xff,0xff,0xff,0xff,0xff,0xff,0xb3,0x12,0x00,0x00,0x00,0x00,0xf0,0xff,0xff,0xff,
  0xff,0x8c,0x00,0x00,0x00,0x00,0x18,0xff,0xff,0xff,0xff,0xff,0xff,0xff,0xff,0xff,0xff,0xff,0xff,0xf6,0xe6,0xc1,0x8b,0x35,
  0x00,0x00,0x00,0x00,0x00,0x00,0xf0,0xff,0xff,0xff,0xff,0x8c,0x00,0x00,0x00,0x00,0x04,0xff,0xff,0xff,0xff,0xff,0x7c,0x00,
  0x00,0x00,0x00,0x00,0x00,0x00,0x00,0x00,0x00,0x00,0x00,0x00,0x00,0x00,0x00,0x00,0x00,0x04,0xff,0xff,0xff,0xff,0xff,0x7c,
  0x00,0x00,0x00,0x00,0x00,0x00,0x00,0x00,0x00,0x00,0x00,0x00,0x00,0x00,0x00,0x00,0x00,0x00,0x04,0xff,0xff,0xff,0xff,0xff,
  0x7c,0x00,0x00,0x00,0x00,0x00,0x00,0x00,0x00,0x00,0x00,0x00,0x00,0x00,0x00,0x00,0x00,0x00,0x00,0x04,0xff,0xff,0xff,0xff,
  0xff,0x7c,0x00,0x00,0x00,0x00,0x00,0x00,0x00,0x00,0x00,0x00,0x00,0x00,0x00,0x00,0x00,0x00,0x00,0x00,0x04,0xff,0xff,0xff,
  0xff,0xff,0x7c,0x00,0x00,0x00,0x00,0x00,0x00,0x00,0x00,0x00,0x00,0x00,0x00,0x00,0x00,0x00,0x00,0x00,0x00,0x04,0xff,0xff,
  0xff,0xff,0xff,0x7c,0x00,0x00,0x00,0x00,0x00,0x00,0x00,0x00,0x00,0x00,0x00,0x00,0x00,0x00,0x00,0x00,0x00,0x00,0x04,0xff,
  0xff,0xff,0xff,0xff,0x7c,0x00,0x00,0x00,0x00,0x00,0x00,0x00,0x00,0x00,0x00,0x00,0x00,0x00,0x00,0x00,0x00,0x00,0x00,0x04,
  0xff,0xff,0xff,0xff,0xff,0x7c,0x00,0x00,0x00,0x00,0x00,0x00,0x00,0x00,0x00,0x00,0x00,0x00,0x00,0x00,0x00,0x00,0x00,0x00,
  0x04,0xff,0xff,0xff,0xff,0xff,0x7c,0x00,0x00,0x00,0x00,0x00,0x00,0x00,0x00,0x00,0x00,0x00,0x00,0x00,0x00,0x00,0x00,0x00,
  0x00,0x04,0xff,0xff,0xff,0xff,0xff,0xff,0xff,0xff,0xff,0xff,0xff,0xfd,0xf6,0xe7,0xcc,0xa1,0x56,0x03,0x00,0x00,0x00,0x00,
  0x00,0x00,0x04,0xff,0xff,0xff,0xff,0xff,0xff,0xff,0xff,0xff,0xff,0xff,0xff,0xff,0xff,0xff,0xff,0xff,0xcd,0x1b,0x00,0x00,
  0x00,0x00,0x00,0x04,0xff,0xff,0xff,0xff,0xff,0xff,0xff,0xff,0xff,0xff,0xff,0xff,0xff,0xff,0xff,0xff,0xff,0xff,0xd2,0x07,
  0x00,0x00,0x00,0x00,0x04,0xff,0xff,0xff,0xff,0xff,0xff,0xff,0xff,0xff,0xff,0xff,0xff,0xff,0xff,0xff,0xff,0xff,0xff,0xff,
  0x74,0x00,0x00,0x00,0x00,0x04,0xff,0xff,0xff,0xff,0xff,0x7c,0x00,0x00,0x00,0x02,0x09,0x1c,0x44,0xa0,0xff,0xff,0xff,0xff,
  0xff,0xcf,0x00,0x00,0x00,0x00,0x04,0xff,0xff,0xff,0xff,0xff,0x7c,0x00,0x00,0x00,0x00,0x00,0x00,0x00,0x00,0xc4,0xff,0xff,
  0xff,0xff,0xf9,0x00,0x00,0x00,0x00,0x04,0xff,0xff,0xff,0xff,0xff,0x7c,0x00,0x00,0x00,0x00,0x00,0x00,0x00,0x00,0xc8,0xff,
  0xff,0xff,0xff,0xf8,0x00,0x00,0x00,0x00,0x04,0xff,0xff,0xff,0xff,0xff,0x7c,0x00,0x00,0x00,0x00,0x00,0x08,0x27,0x89,0xff,
  0xff,0xff,0xff,0xff,0xd7,0x00,0x00,0x00,0x00,0x04,0xff,0xff,0xff,0xff,0xff,0xff,0xff,0xff,0xff,0xff,0xff,0xff,0xff,0xff,
  0xff,0xff,0xff,0xff,0xff,0x85,0x00,0x00,0x00,0x00,0x04,0xff,0xff,0xff,0xff,0xff,0xff,0xff,0xff,0xff,0xff,0xff,0xff,0xff,
  0xff,0xff,0xff,0xff,0xff,0xdf,0x0e,0x00,0x00,0x00,0x00,0x04,0xff,0xff,0xff,0xff,0xff,0xff,0xff,0xff,0xff,0xff,0xff,0xff,
  0xff,0xff,0xff,0xff,0xff,0xc0,0x1c,0x00,0x00,0x00,0x00,0x00,0x04,0xff,0xff,0xff,0xff,0xff,0xff,0xff,0xff,0xff,0xff,0xff,
  0xff,0xf7,0xe9,0xc6,0x92,0x3f,0x00,0x00,0x00,0x00,0x00,0x00,0x00,0x00,0x00,0x00,0x07,0x58,0xa7,0xd8,0xf1,0xfb,0xeb,0xd6,
  0xa1,0x5d,0x08,0x00,0x00,0x00,0x00,0x00,0x00,0x00,0x00,0x00,0x00,0x48,0xdf,0xff,0xff,0xff,0xff,0xff,0xff,0xff,0xff,0xff,
  0xe5,0x5f,0x00,0x00,0x00,0x00,0x00,0x00,0x00,0x00,0x63,0xfd,0xff,0xff,0xff,0xff,0xff,0xff,0xff,0xff,0xff,0xff,0xff,0xff,
  0x8c,0x00,0x00,0x00,0x00,0x00,0x00,0x38,0xfb,0xff,0xff,0xff,0xff,0xff,0xff,0xff,0xff,0xff,0xff,0xff,0xff,0xff,0xff,0x6c,
  0x00,0x00,0x00,0x00,0x00,0xcc,0xff,0xff,0xff,0xff,0xff,0xab,0x34,0x0a,0x23,0x65,0xe9,0xff,0xff,0xff,0xff,0xf7,0x1f,0x00,
  0x00,0x00,0x3c,0xff,0xff,0xff,0xff,0xff,0x9d,0x00,0x00,0x00,0x00,0x00,0x1f,0xf0,0xff,0xff,0xff,0xff,0x8e,0x00,0x00,0x00,
  0x04,0x2d,0x5d,0x8d,0xbc,0xe9,0x1d,0x00,0x00,0x00,0x00,0x00,0x00,0x8a,0xff,0xff,0xff,0xff,0xec,0x01,0x00,0x00,0x00,0x00,
  0x00,0x00,0x00,0x00,0x00,0x00,0x00,0x00,0x00,0x00,0x00,0x4b,0xff,0xff,0xff,0xff,0xff,0x2a,0x00,0x00,0x00,0x00,0x00,0x00,
  0x00,0x00,0x00,0x0c,0xff,0xff,0xff,0xff,0xff,0xff,0xff,0xff,0xff,0xff,0xff,0x57,0x00,0x00,0x00,0x00,0x00,0x00,0x00,0x00,
  0x00,0x0c,0xff,0xff,0xff,0xff,0xff,0xff,0xff,0xff,0xff,0xff,0xff,0x6a,0x00,0x00,0x00,0x00,0x00,0x00,0x00,0x00,0x00,0x0c,
  0xff,0xff,0xff,0xff,0xff,0xff,0xff,0xff,0xff,0xff,0xff,0x77,0x00,0x00,0x00,0x00,0x00,0x00,0x00,0x00,0x00,0x0c,0xff,0xff,
  0xff,0xff,0xff,0xff,0xff,0xff,0xff,0xff,0xff,0x69,0x00,0x00,0x00,0x00,0x00,0x00,0x00,0x00,0x00,0x00,0x00,0x00,0x00,0x00,
  0x00,0x69,0xff,0xff,0xff,0xff,0xff,0x56,0x00,0x00,0x00,0x00,0x00,0x00,0x00,0x00,0x00,0x00,0x00,0x00,0x00,0x00,0x00,0x9c,
  0xff,0xff,0xff,0xff,0xff,0x2a,0x00,0x00,0x13,0x41,0x70,0x9f,0xce,0xb0,0x00,0x00,0x00,0x00,0x00,0x00,0x08,0xea,0xff,0xff,
  0xff,0xff,0xee,0x01,0x00,0x00,0xb3,0xff,0xff,0xff,0xff,0xfc,0x37,0x00,0x00,0x00,0x00,0x00,0x86,0xff,0xff,0xff,0xff,0xff,
  0x96,0x00,0x00,0x00,0x3f,0xff,0xff,0xff,0xff,0xff,0xea,0x65,0x1a,0x06,0x2b,0x99,0xff,0xff,0xff,0xff,0xff,0xfb,0x25,0x00,
  0x00,0x00,0x00,0xa0,0xff,0xff,0xff,0xff,0xff,0xff,0xff,0xff,0xff,0xff,0xff,0xff,0xff,0xff,0xff,0x78,0x00,0x00,0x00,0x00,
  0x00,0x07,0xbb,0xff,0xff,0xff,0xff,0xff,0xff,0xff,0xff,0xff,0xff,0xff,0xff,0xff,0x9a,0x01,0x00,0x00,0x00,0x00,0x00,0x00,
  0x03,0x80,0xf5,0xff,0xff,0xff,0xff,0xff,0xff,0xff,0xff,0xff,0xe8,0x67,0x00,0x00,0x00,0x00,0x00,0x00,0x00,0x00,0x00,0x00,
  0x15,0x6b,0xb0,0xdc,0xf3,0xfc,0xed,0xd8,0xa5,0x60,0x0a,0x00,0x00,0x00,0x00,0x00,0x00,0x00,0x00,0x2c,0xff,0xff,0xff,0xff,
  0xff,0x54,0x00,0x00,0x00,0x00,0x00,0x00,0x00,0x00,0x05,0x56,0x9d,0xd3,0xeb,0xfa,0xed,0xd6,0x9d,0x53,0x03,0x00,0x00,0x00,
  0x00,0x00,0x00,0x00,0x00,0x2c,0xff,0xff,0xff,0xff,0xff,0x54,0x00,0x00,0x00,0x00,0x00,0x00,0x00,0x54,0xe5,0xff,0xff,0xff,
  0xff,0xff,0xff,0xff,0xff,0xff,0xd9,0x49,0x00,0x00,0x00,0x00,0x00,0x00,0x00,0x2c,0xff,0xff,0xff,0xff,0xff,0x54,0x00,0x00,
  0x00,0x00,0x00,0x00,0x8f,0xff,0xff,0xff,0xff,0xff,0xff,0xff,0xff,0xff,0xff,0xff,0xff,0xfe,0x7a,0x00,0x00,0x00,0x00,0x00,
  0x00,0x2c,0xff,0xff,0xff,0xff,0xff,0x54,0x00,0x00,0x00,0x00,0x00,0x7e,0xff,0xff,0xff,0xff,0xff,0xff,0xff,0xff,0xff,0xff,
  0xff,0xff,0xff,0xff,0xff,0x66,0x00,0x00,0x00,0x00,0x00,0x2c,0xff,0xff,0xff,0xff,0xff,0x54,0x00,0x00,0x00,0x00,0x2e,0xfb,
  0xff,0xff,0xff,0xff,0xf2,0x71,0x1e,0x05,0x1a,0x68,0xeb,0xff,0xff,0xff,0xff,0xf9,0x24,0x00,0x00,0x00,0x00,0x2c,0xff,0xff,
  0xff,0xff,0xff,0x54,0x00,0x00,0x00,0x00,0xa3,0xff,0xff,0xff,0xff,0xfe,0x40,0x00,0x00,0x00,0x00,0x00,0x2b,0xf8,0xff,0xff,
  0xff,0xff,0x9b,0x00,0x00,0x00,0x00,0x2c,0xff,0xff,0xff,0xff,0xff,0x54,0x00,0x00,0x00,0x06,0xf7,0xff,0xff,0xff,0xff,0xb7,
  0x00,0x00,0x00,0x00,0x00,0x00,0x00,0x9c,0xff,0xff,0xff,0xff,0xf7,0x07,0x00,0x00,0x00,0x2c,0xff,0xff,0xff,0xff,0xff,0x54,
  0x00,0x00,0x00,0x32,0xff,0xff,0xff,0xff,0xff,0x6e,0x00,0x00,0x00,0x00,0x00,0x00,0x00,0x55,0xff,0xff,0xff,0xff,0xff,0x3d,
  0x00,0x00,0x00,0x2c,0xff,0xff,0xff,0xff,0xff,0xff,0xff,0xff,0xff,0xff,0xff,0xff,0xff,0xff,0xff,0x46,0x00,0x00,0x00,0x00,
  0x00,0x00,0x00,0x2f,0xff,0xff,0xff,0xff,0xff,0x6e,0x00,0x00,0x00,0x2c,0xff,0xff,0xff,0xff,0xff,0xff,0xff,0xff,0xff,0xff,
  0xff,0xff,0xff,0xff,0xff,0x35,0x00,0x00,0x00,0x00,0x00,0x00,0x00,0x1c,0xff,0xff,0xff,0xff,0xff,0x82,0x00,0x00,0x00,0x2c,
  0xff,0xff,0xff,0xff,0xff,0xff,0xff,0xff,0xff,0xff,0xff,0xff,0xff,0xff,0xff,0x33,0x00,0x00,0x00,0x00,0x00,0x00,0x00,0x13,
  0xff,0xff,0xff,0xff,0xff,0x93,0x00,0x00,0x00,0x2c,0xff,0xff,0xff,0xff,0xff,0xff,0xff,0xff,0xff,0xff,0xff,0xff,0xff,0xff,
  0xff,0x3d,0x00,0x00,0x00,0x00,0x00,0x00,0x00,0x1a,0xff,0xff,0xff,0xff,0xff,0x8e,0x00,0x00,0x00,0x2c,0xff,0xff,0xff,0xff,
  0xff,0x54,0x00,0x00,0x00,0x3a,0xff,0xff,0xff,0xff,0xff,0x54,0x00,0x00,0x00,0x00,0x00,0x00,0x00,0x31,0xff,0xff,0xff,0xff,
  0xff,0x78,0x00,0x00,0x00,0x2c,0xff,0xff,0xff,0xff,0xff,0x54,0x00,0x00,0x00,0x12,0xfe,0xff,0xff,0xff,0xff,0x7c,0x00,0x00,
  0x00,0x00,0x00,0x00,0x00,0x5f,0xff,0xff,0xff,0xff,0xff,0x50,0x00,0x00,0x00,0x2c,0xff,0xff,0xff,0xff,0xff,0x54,0x00,0x00,
  0x00,0x00,0xc4,0xff,0xff,0xff,0xff,0xc5,0x00,0x00,0x00,0x00,0x00,0x00,0x00,0xaf,0xff,0xff,0xff,0xff,0xfd,0x14,0x00,0x00,
  0x00,0x2c,0xff,0xff,0xff,0xff,0xff,0x54,0x00,0x00,0x00,0x00,0x5d,0xff,0xff,0xff,0xff,0xff,0x4e,0x00,0x00,0x00,0x00,0x00,
  0x3d,0xfe,0xff,0xff,0xff,0xff,0xb8,0x00,0x00,0x00,0x00,0x2c,0xff,0xff,0xff,0xff,0xff,0x54,0x00,0x00,0x00,0x00,0x02,0xd0,
  0xff,0xff,0xff,0xff,0xf7,0x7e,0x24,0x06,0x16,0x68,0xef,0xff,0xff,0xff,0xff,0xff,0x3f,0x00,0x00,0x00,0x00,0x2c,0xff,0xff,
  0xff,0xff,0xff,0x54,0x00,0x00,0x00,0x00,0x00,0x2c,0xf6,0xff,0xff,0xff,0xff,0xff,0xff,0xff,0xff,0xff,0xff,0xff,0xff,0xff,
  0xff,0x99,0x00,0x00,0x00,0x00,0x00,0x2c,0xff,0xff,0xff,0xff,0xff,0x54,0x00,0x00,0x00,0x00,0x00,0x00,0x4b,0xf6,0xff,0xff,
  0xff,0xff,0xff,0xff,0xff,0xff,0xff,0xff,0xff,0xff,0xb0,0x06,0x00,0x00,0x00,0x00,0x00,0x2c,0xff,0xff,0xff,0xff,0xff,0x54,
  0x00,0x00,0x00,0x00,0x00,0x00,0x00,0x36,0xcc,0xff,0xff,0xff,0xff,0xff,0xff,0xff,0xff,0xff,0xf5,0x7b,0x02,0x00,0x00,0x00,
  0x00,0x00,0x00,0x2c,0xff,0xff,0xff,0xff,0xff,0x54,0x00,0x00,0x00,0x00,0x00,0x00,0x00,0x00,0x01,0x48,0x93,0xcf,0xe8,0xfa,
  0xf6,0xe3,0xb7,0x73,0x17,0x00,0x00,0x00,0x00,0x00,0x00,0x00,0x00,0x00,0x00,0x00,0x1b,0x87,0xc2,0xe3,0xf6,0xfd,0xff,0xff,
  0xff,0xff,0xff,0xff,0xff,0xff,0xff,0xff,0xa4,0x00,0x00,0x00,0x00,0x00,0x00,0x5d,0xf5,0xff,0xff,0xff,0xff,0xff,0xff,0xff,
  0xff,0xff,0xff,0xff,0xff,0xff,0xff,0xff,0xa4,0x00,0x00,0x00,0x00,0x00,0x3d,0xfb,0xff,0xff,0xff,0xff,0xff,0xff,0xff,0xff,
  0xff,0xff,0xff,0xff,0xff,0xff,0xff,0xff,0xa4,0x00,0x00,0x00,0x00,0x00,0xba,0xff,0xff,0xff,0xff,0xff,0xff,0xff,0xff,0xff,
  0xff,0xff,0xff,0xff,0xff,0xff,0xff,0xff,0xa4,0x00,0x00,0x00,0x00,0x14,0xfe,0xff,0xff,0xff,0xff,0xfc,0x77,0x26,0x08,0x00,
  0x00,0x00,0x00,0xcc,0xff,0xff,0xff,0xff,0xa4,0x00,0x00,0x00,0x00,0x35,0xff,0xff,0xff,0xff,0xff,0x92,0x00,0x00,0x00,0x00,
  0x00,0x00,0x00,0xcc,0xff,0xff,0xff,0xff,0xa4,0x00,0x00,0x00,0x00,0x46,0xff,0xff,0xff,0xff,0xff,0x64,0x00,0x00,0x00,0x00,
  0x00,0x00,0x00,0xcc,0xff,0xff,0xff,0xff,0xa4,0x00,0x00,0x00,0x00,0x32,0xff,0xff,0xff,0xff,0xff,0x9c,0x00,0x00,0x00,0x00,
  0x00,0x00,0x00,0xcc,0xff,0xff,0xff,0xff,0xa4,0x00,0x00,0x00,0x00,0x06,0xf5,0xff,0xff,0xff,0xff,0xff,0x8b,0x30,0x0c,0x01,
  0x00,0x00,0x00,0xcc,0xff,0xff,0xff,0xff,0xa4,0x00,0x00,0x00,0x00,0x00,0x99,0xff,0xff,0xff,0xff,0xff,0xff,0xff,0xff,0xff,
  0xff,0xff,0xff,0xff,0xff,0xff,0xff,0xff,0xa4,0x00,0x00,0x00,0x00,0x00,0x14,0xe4,0xff,0xff,0xff,0xff,0xff,0xff,0xff,0xff,
  0xff,0xff,0xff,0xff,0xff,0xff,0xff,0xff,0xa4,0x00,0x00,0x00,0x00,0x00,0x00,0x25,0xcf,0xff,0xff,0xff,0xff,0xff,0xff,0xff,
  0xff,0xff,0xff,0xff,0xff,0xff,0xff,0xff,0xa4,0x00,0x00,0x00,0x00,0x00,0x00,0x00,0x02,0x45,0xc3,0xff,0xff,0xff,0xff,0xff,
  0xff,0xff,0xff,0xff,0xff,0xff,0xff,0xff,0xa4,0x00,0x00,0x00,0x00,0x00,0x00,0x00,0x00,0x93,0xff,0xff,0xff,0xff,0xff,0xd5,
  0x4f,0x16,0x04,0xcc,0xff,0xff,0xff,0xff,0xa4,0x00,0x00,0x00,0x00,0x00,0x00,0x00,0x7e,0xff,0xff,0xff,0xff,0xff,0xd0,0x0c,
  0x00,0x00,0x00,0xcc,0xff,0xff,0xff,0xff,0xa4,0x00,0x00,0x00,0x00,0x00,0x00,0x3e,0xfd,0xff,0xff,0xff,0xff,0xe8,0x1c,0x00,
  0x00,0x00,0x00,0xcc,0xff,0xff,0xff,0xff,0xa4,0x00,0x00,0x00,0x00,0x00,0x0f,0xe1,0xff,0xff,0xff,0xff,0xff,0x4f,0x00,0x00,
  0x00,0x00,0x00,0xcc,0xff,0xff,0xff,0xff,0xa4,0x00,0x00,0x00,0x00,0x00,0xa4,0xff,0xff,0xff,0xff,0xff,0xa3,0x00,0x00,0x00,
  0x00,0x00,0x00,0xcc,0xff,0xff,0xff,0xff,0xa4,0x00,0x00,0x00,0x00,0x57,0xff,0xff,0xff,0xff,0xff,0xe6,0x11,0x00,0x00,0x00,
  0x00,0x00,0x00,0xcc,0xff,0xff,0xff,0xff,0xa4,0x00,0x00,0x00,0x1c,0xee,0xff,0xff,0xff,0xff,0xff,0x4d,0x00,0x00,0x00,0x00,
  0x00,0x00,0x00,0xcc,0xff,0xff,0xff,0xff,0xa4,0x00,0x00,0x01,0xbc,0xff,0xff,0xff,0xff,0xff,0xa1,0x00,0x00,0x00,0x00,0x00,
  0x00,0x00,0x00,0xcc,0xff,0xff,0xff,0xff,0xa4,0x00,0x00,0x00,0x00,0x00,0x00,0x88,0xff,0xff,0xff,0xff,0x30,0x00,0x00,0x20,
  0xff,0xff,0xff,0xff,0x98,0x00,0x00,0x00,0x00,0x00,0x00,0x00,0x00,0x88,0xff,0xff,0xff,0xff,0x30,0x00,0x00,0x20,0xff,0xff,
  0xff,0xff,0x98,0x00,0x00,0x00,0x00,0x00,0x00,0x00,0x00,0x88,0xff,0xff,0xff,0xff,0x30,0x00,0x00,0x20,0xff,0xff,0xff,0xff,
  0x98,0x00,0x00,0x00,0x00,0x00,0x00,0x00,0x00,0x88,0xff,0xff,0xff,0xff,0x30,0x00,0x00,0x20,0xff,0xff,0xff,0xff,0x98,0x00,
  0x00,0x00,0x00,0x00,0x00,0x00,0x00,0x00,0x00,0x00,0x00,0x00,0x00,0x00,0x00,0x00,0x00,0x00,0x00,0x00,0x00,0x00,0x00,0x00,
  0x00,0x00,0x00,0x00,0x00,0x00,0x00,0x00,0x00,0x00,0x00,0x00,0x00,0x00,0x00,0x00,0x00,0x00,0x00,0x00,0x00,0x00,0x00,0x00,
  0x00,0x00,0x00,0x00,0x00,0x13,0x6f,0xb9,0xe1,0xf8,0xf0,0xda,0xa9,0x60,0x0a,0x00,0x00,0x00,0x00,0x00,0x00,0x00,0x00,0x00,
  0x00,0x00,0x71,0xf0,0xff,0xff,0xff,0xff,0xff,0xff,0xff,0xff,0xe6,0x5f,0x00,0x00,0x00,0x00,0x00,0x00,0x00,0x00,0x05,0xa3,
  0xff,0xff,0xff,0xff,0xff,0xff,0xff,0xff,0xff,0xff,0xff,0xff,0x8e,0x01,0x00,0x00,0x00,0x00,0x00,0x00,0x8f,0xff,0xff,0xff,
  0xff,0xff,0xff,0xff,0xff,0xff,0xff,0xff,0xff,0xff,0xff,0x75,0x00,0x00,0x00,0x00,0x00,0x42,0xff,0xff,0xff,0xff,0xff,0xe6,
  0x5d,0x12,0x0a,0x47,0xd2,0xff,0xff,0xff,0xff,0xf9,0x29,0x00,0x00,0x00,0x00,0xbe,0xff,0xff,0xff,0xff,0xee,0x22,0x00,0x00,
  0x00,0x00,0x0d,0xd5,0xff,0xff,0xff,0xff,0x96,0x00,0x00,0x00,0x21,0xff,0xff,0xff,0xff,0xff,0x75,0x00,0x00,0x00,0x00,0x00,
  0x00,0x4a,0xff,0xff,0xff,0xff,0xf1,0x08,0x00,0x00,0x60,0xff,0xff,0xff,0xff,0xff,0x26,0x00,0x00,0x00,0x00,0x00,0x00,0x05,
  0xf6,0xff,0xff,0xff,0xff,0x36,0x00,0x00,0x92,0xff,0xff,0xff,0xff,0xff,0x06,0x00,0x00,0x00,0x00,0x00,0x00,0x00,0xd7,0xff,
  0xff,0xff,0xff,0x67,0x00,0x00,0xa7,0xff,0xff,0xff,0xff,0xff,0xff,0xff,0xff,0xff,0xff,0xff,0xff,0xff,0xff,0xff,0xff,0xff,
  0xff,0x89,0x00,0x00,0xb7,0xff,0xff,0xff,0xff,0xff,0xff,0xff,0xff,0xff,0xff,0xff,0xff,0xff,0xff,0xff,0xff,0xff,0xff,0x94,
  0x00,0x00,0xaf,0xff,0xff,0xff,0xff,0xff,0xff,0xff,0xff,0xff,0xff,0xff,0xff,0xff,0xff,0xff,0xff,0xff,0xff,0x9e,0x00,0x00,
  0x9c,0xff,0xff,0xff,0xff,0xef,0x00,0x00,0x00,0x00,0x00,0x00,0x00,0x00,0x00,0x00,0x00,0x00,0x00,0x00,0x00,0x00,0x6e,0xff,
  0xff,0xff,0xff,0xff,0x18,0x00,0x00,0x00,0x00,0x00,0x00,0x00,0x00,0x00,0x00,0x00,0x00,0x00,0x00,0x00,0x31,0xff,0xff,0xff,
  0xff,0xff,0x70,0x00,0x00,0x00,0x00,0x00,0x00,0x00,0x00,0x00,0x00,0x00,0x00,0x00,0x00,0x00,0x00,0xd3,0xff,0xff,0xff,0xff,
  0xef,0x27,0x00,0x00,0x00,0x00,0x00,0x6b,0xe3,0xb4,0x85,0x56,0x27,0x02,0x00,0x00,0x00,0x59,0xff,0xff,0xff,0xff,0xff,0xed,
  0x6b,0x1a,0x06,0x21,0x7d,0xfb,0xff,0xff,0xff,0xff,0xf8,0x1e,0x00,0x00,0x00,0x00,0xb3,0xff,0xff,0xff,0xff,0xff,0xff,0xff,
  0xff,0xff,0xff,0xff,0xff,0xff,0xff,0xff,0x7a,0x00,0x00,0x00,0x00,0x00,0x09,0xbe,0xff,0xff,0xff,0xff,0xff,0xff,0xff,0xff,
  0xff,0xff,0xff,0xff,0xff,0x9b,0x01,0x00,0x00,0x00,0x00,0x00,0x00,0x08,0x7e,0xf5,0xff,0xff,0xff,0xff,0xff,0xff,0xff,0xff,
  0xff,0xeb,0x65,0x00,0x00,0x00,0x00,0x00,0x00,0x00,0x00,0x00,0x00,0x18,0x68,0xb2,0xd9,0xef,0xfc,0xf1,0xd6,0xa7,0x5e,0x0a,
  0x00,0x00,0x00,0x00,0x00,0x14,0xff,0xff,0xff,0xff,0xff,0xff,0xff,0xff,0xff,0xff,0xff,0xff,0xff,0xff,0xff,0xff,0xff,0xff,
  0xff,0xff,0xff,0xff,0x2c,0x14,0xff,0xff,0xff,0xff,0xff,0xff,0xff,0xff,0xff,0xff,0xff,0xff,0xff,0xff,0xff,0xff,0xff,0xff,
  0xff,0xff,0xff,0xff,0x2c,0x14,0xff,0xff,0xff,0xff,0xff,0xff,0xff,0xff,0xff,0xff,0xff,0xff,0xff,0xff,0xff,0xff,0xff,0xff,
  0xff,0xff,0xff,0xff,0x2c,0x14,0xff,0xff,0xff,0xff,0xff,0xff,0xff,0xff,0xff,0xff,0xff,0xff,0xff,0xff,0xff,0xff,0xff,0xff,
  0xff,0xff,0xff,0xff,0x2c,0x14,0xff,0xff,0xff,0xff,0xff,0xff,0xff,0xff,0xff,0xff,0xff,0xff,0xff,0xff,0xff,0xff,0xff,0xff,
  0xff,0xff,0xff,0xff,0x2c,0x00,0x00,0x00,0x00,0x00,0x00,0x00,0x00,0x00,0x00,0x00,0x00,0x00,0x00,0x00,0x00,0x00,0x00,0x00,
  0x00,0x00,0x00,0x00,0x00,0x00,0x00,0x00,0x00,0x00,0x00,0x00,0x00,0x00,0x00,0x00,0x00,0x00,0x00,0x00,0x00,0x00,0x00,0x00,
  0x00,0x00,0x00,0x00,0x00,0x00,0x00,0x00,0x00,0x00,0x00,0x00,0x00,0x00,0x00,0x00,0x00,0x00,0x00,0x00,0x00,0x00,0x00,0x00,
  0x00,0x00,0x00,0x00,0x00,0x00,0x00,0x00,0x00,0x00,0x00,0x00,0x00,0x00,0x00,0x00,0x00,0x00,0x00,0x00,0x00,0x00,0x00,0x00,
  0x00,0x00,0x00,0x00,0x00,0x00,0x00,0x00,0x00,0x00,0x00,0x00,0x00,0x00,0x00,0x00,0x00,0x00,0x00,0x00,0x00,0x00,0x00,0x00,
  0x00,0x00,0x00,0x00,0x00,0x00,0x00,0x00,0x00,0x00,0x00,0x00,0x00,0x00,0x00,0x00,0x00,0x00,0x00,0x00,0x00,0x00,0x00,0x00,
  0x00,0x00,0x00,0x00,0x00,0x00,0x00,0x00,0x00,0x00,0x00,0x00,0x00,0x00,0x00,0x00,0x00,0x00,0x00,0x00,0x00,0x00,0x00,0x00,
  0x00,0x00,0x00,0x00,0x00,0x00,0x00,0x00,0x00,0x00,0x00,0x00,0x00,0x00,0x00,0x00,0x00,0x00,0x00,0x00,0x00,0x00,0x00,0x00,
  0x00,0x00,0x00,0x00,0x00,0xff,0xff,0xff,0xff,0xff,0xff,0xff,0xff,0xff,0xff,0xff,0xff,0xff,0xff,0xff,0xff,0xff,0xff,0xff,
  0xff,0xff,0xff,0xff,0xff,0xff,0xff,0xff,0xff,0xff,0xff,0xff,0xff,0xff,0xff,0xff,0xff,0xff,0xff,0xff,0xff,0xff,0xff,0xff,
  0xff,0xff,0xff,0xff,0xff,0xff,0xff,0xff,0xff,0xff,0xff,0xff,0xff,0xff,0xff,0xff,0xff,0xff,0xff,0xff,0xff,0xff,0xff,0xff,
  0xff,0xff,0xff,0xff,0xff,0xff,0xff,0xff,0xff,0xff,0xff,0xff,0xff,0xff,0xff,0xff,0xff,0xff,0xff,0xff,0xff,0xff,0xff,0xff,
  0xff,0xff,0xff,0xff,0xff,0xff,0xff,0xff,0xff,0xff,0xff,0xff,0xff,0xff,0xff,0xff,0xff,0xff,0xff,0xff,0xff,0xff,0xff,0xff,
  0xff,0xff,0xff,0xff,0xff,0xff,0xff,0xff,0xff,0xff,0xff,0xff,0xff,0xff,0xff,0xff,0xff,0xff,0xff,0xff,0xff,0xff,0xff,0xff,
  0xff,0xff,0xff,0xff,0xff,0xff,0xff,0xff,0xff,0xff,0xff,0xff,0xff,0xff,0xff,0xff,0xff,0xff,0xff,0xff,0xff,0xff,0xff,0xff,
  0xff,0xff,0xff,0xff,0xff,0xff,0xff,0xff,0xff,0xff,0xff,0xff,0xff,0xff,0xff,0xff,0xff,0xff,0xff,0xff,0xff,0xff,0xff,0xff,
  0xff,0xff,0xff,0xff,0xff,0xff,0xff,0xff,0xff,0xff,0xff,0xff,0xff,0x00,0x00,0x00,0x00,0x00,0x00,0x00,0x00,0x00,0x00,0x00,
  0x00,0x00,0x00,0x00,0x00,0x00,0x00,0x00,0x00,0x00,0x00,0x00,0x00,0x00,0x00,0x00,0x00,0x00,0x00,0x00,0x00,0x00,0x00,0x00,
  0x00,0x00,0x00,0x00,0x00,0x00,0x00,0x00,0x00,0x00,0x00,0x00,0x00,0x00,0x00,0x00,0x00,0x00,0x00,0x00,0x00,0x00,0x00,0x00,
  0x00,0x00,0x00,0x00,0x00,0x00,0x00,0x00,0x00,0x00,0x00,0x00,0x00,0x00,0x00,0x00,0x00,0x00,0x00,0x00,0x00,0x00,0x00,0x00,
  0x00,0x00,0x00,0x00,0x00,0x00,0x00,0x00,0x00,0x00,0x00,0x00,0x00,0x00,0x00,0x00,0x00,0x00,0x00,0x00,0x00,0x00,0x00,0x00,
  0x00,0x00,0x00,0x00,0x00,0x00,0x00,0x00,0x00,0x00,0x00,0x00,0x00,0x00,0x00,0x00,0x00,0x00,0x00,0x00,0x00,0x00,0x00,0x00,
  0x00,0x00,0x00,0x00,0x00,0x00,0x00,0x00,0x00,0x00,0x00,0x00,0x00,0x00,0x00,0x00,0x00,0x00,0x00,0x00,0x00,0x00,0x00,0x00,
  0x00,0x00,0x00,0x00,0x00,0x00,0x00,0x00,0x00,0x00,0x00,0x00,0x00,0x00,0x00,0x00,0x00,0x00,0x00,0x00,0x00,0x00,0x00,0x00,
  0x00,0x00,0x00,0x00,0x00,0x00,0x00,0x00,0x00,0x00,0x00,0x00,0x00,0x00,0x00,0x00,0x00,0x00,0x00,0x00,0x00,0x00,0x00,0x00,
  0x00,0x00,0x00,0x00,0x00,0x00,0x00,0x00,0x00,0x00,0x00,0x00,0x00,0x00,0x00,0x00,0x00,0x00,0x00,0x00,0x00,0x00,0x00,0x00,
  0x00,0x00,0x00,0x00,0x00,0x00,0x00,0x00,0x00,0x00,0x00,0x00,0x00,0x00,0x00,0x00,0x00,0x00,0x00,0x00,0x00,0x00,0x00,0x00,
  0x00,0x00,0x00,0x00,0x00,0x00,0x00,0x00,0x00,0x00,0x00,0x00,0x00,0x00,0x00,0x00,0x00,0x00,0x00,0x00,0x00,0x00,0x00,0x00,
  0x00,0x00,0x00,0x00,0x00,0x00,0x00,0x00,0x00,0x00,0x00,0x00,0x00,0x00,0x00,0x00,0x00,0x00,0x00,0x00,0x00,0x00,0x00,0x00,
  0x00,0x00,0x00,0x00,0x00,0x00,0x00,0x00,0x00,0x00,0x00,0x00,0x00,0x00,0x00,0x00,0x00,0x00,0x00,0x00,0x00,0x00,0x00,0x00,
  0x14,0xff,0xff,0xff,0xff,0xff,0x6c,0x00,0x00,0x00,0x00,0x00,0x00,0x00,0xbc,0xff,0xff,0xff,0xff,0xc0,0x00,0x00,0x00,0x00,
  0x00,0x00,0x00,0x68,0xff,0xff,0xff,0xff,0xff,0x18,0x00,0x00,0x00,0x00,0x00,0x00,0x14,0xff,0xff,0xff,0xff,0xff,0x6c,0x00,
  0x00,0x00,0x00,0x00,0x00,0x00,0xbc,0xff,0xff,0xff,0xff,0xc0,0x00,0x00,0x00,0x00,0x00,0x00,0x00,0x68,0xff,0xff,0xff,0xff,
  0xff,0x18,0x00,0x00,0x00,0x00,0x00,0x00,0x14,0xff,0xff,0xff,0xff,0xff,0x6c,0x00,0x00,0x00,0x00,0x00,0x00,0x00,0xbc,0xff,
  0xff,0xff,0xff,0xc0,0x00,0x00,0x00,0x00,0x00,0x00,0x00,0x68,0xff,0xff,0xff,0xff,0xff,0x18,0x00,0x00,0x00,0x00,0x00,0x00,
  0x14,0xff,0xff,0xff,0xff,0xff,0x6c,0x00,0x00,0x00,0x00,0x00,0x00,0x00,0xbc,0xff,0xff,0xff,0xff,0xc0,0x00,0x00,0x00,0x00,
  0x00,0x00,0x00,0x68,0xff,0xff,0xff,0xff,0xff,0x18,0x00,0x00,0x00,0x00,0x00,0x00,0x14,0xff,0xff,0xff,0xff,0xff,0x6c,0x00,
  0x00,0x00,0x00,0x00,0x00,0x00,0xbc,0xff,0xff,0xff,0xff,0xc0,0x00,0x00,0x00,0x00,0x00,0x00,0x00,0x68,0xff,0xff,0xff,0xff,
  0xff,0x18,0x00,0x00,0x00,0x00,0x00,0x00,0x14,0xff,0xff,0xff,0xff,0xff,0x6c,0x00,0x00,0x00,0x00,0x00,0x00,0x00,0xbc,0xff,
  0xff,0xff,0xff,0xc0,0x00,0x00,0x00,0x00,0x00,0x00,0x00,0x68,0xff,0xff,0xff,0xff,0xff,0x18,0x00,0x00,0x00,0x00,0x00,0x00,
  0x00,0x00,0x00,0x00,0xb4,0xff,0xff,0xff,0xaa,0x00,0x00,0x00,0x00,0x00,0x00,0x00,0x67,0xff,0xff,0xff,0xf7,0x20,0x00,0x00,
  0x00,0x00,0x00,0x00,0x24,0xf4,0xff,0xff,0xff,0x86,0x00,0x00,0x00,0x00,0x00,0x00,0x03,0xc6,0xff,0xff,0xff,0xe7,0x0c,0x00,
  0x00,0x00,0x00,0x00,0x00,0x7c,0xff,0xff,0xff,0xff,0x61,0x00,0x00,0x00,0x00,0x00,0x00,0x32,0xfa,0xff,0xff,0xff,0xcd,0x02,
  0x00,0x00,0x00,0x00,0x00,0x08,0xd6,0xff,0xff,0xff,0xff,0x3d,0x00,0x00,0x00,0x00,0x00,0x00,0x91,0xff,0xff,0xff,0xff,0xab,
  0x00,0x00,0x00,0x00,0x00,0x00,0x41,0xfe,0xff,0xff,0xff,0xf9,0x20,0x00,0x00,0x00,0x00,0x00,0x00,0x27,0xf6,0xff,0xff,0xff,
  0xff,0x37,0x00,0x00,0x00,0x00,0x00,0x00,0x00,0x71,0xff,0xff,0xff,0xff,0xc4,0x00,0x00,0x00,0x00,0x00,0x00,0x00,0x02,0xc1,
  0xff,0xff,0xff,0xff,0x54,0x00,0x00,0x00,0x00,0x00,0x00,0x00,0x22,0xf4,0xff,0xff,0xff,0xdc,0x06,0x00,0x00,0x00,0x00,0x00,
  0x00,0x00,0x69,0xff,0xff,0xff,0xff,0x71,0x00,0x00,0x00,0x00,0x00,0x00,0x00,0x00,0xba,0xff,0xff,0xff,0xee,0x11,0x00,0x00,
  0x00,0x00,0x00,0x00,0x00,0x1d,0xf0,0xff,0xff,0xff,0x8e,0x00,0x00,0x00,0x00,0x00,0x00,0x00,0x00,0x60,0xff,0xff,0xff,0xf9,
  0x23,0x00,0x00,0x00,0x00,0x00,0x00,0x00,0x00,0xb2,0xff,0xff,0xff,0xac,0x00,0x00,0x00,0x00,0x00,0x00,0x00,0x00,0x00,0x00,
  0x00,0x00,0x00,0x00,0x00,0x41,0xff,0xff,0xff,0xf6,0x27,0x00,0x00,0x00,0x00,0x00,0x00,0x00,0x00,0xb2,0xff,0xff,0xff,0xc8,
  0x03,0x00,0x00,0x00,0x00,0x00,0x00,0x00,0x27,0xfb,0xff,0xff,0xff,0x7a,0x00,0x00,0x00,0x00,0x00,0x00,0x00,0x00,0x94,0xff,
  0xff,0xff,0xf9,0x2e,0x00,0x00,0x00,0x00,0x00,0x00,0x00,0x14,0xf0,0xff,0xff,0xff,0xcf,0x05,0x00,0x00,0x00,0x00,0x00,0x00,
  0x00,0x76,0xff,0xff,0xff,0xff,0x83,0x00,0x00,0x00,0x00,0x00,0x00,0x00,0x07,0xdf,0xff,0xff,0xff,0xfb,0x35,0x00,0x00,0x00,
  0x00,0x00,0x00,0x00,0x58,0xff,0xff,0xff,0xff,0xd6,0x08,0x00,0x00,0x00,0x00,0x00,0x00,0x00,0xc8,0xff,0xff,0xff,0xff,0x8c,
  0x00,0x00,0x00,0x00,0x00,0x00,0x00,0xb0,0xff,0xff,0xff,0xff,0xaa,0x00,0x00,0x00,0x00,0x00,0x00,0x41,0xff,0xff,0xff,0xff,
  0xe6,0x13,0x00,0x00,0x00,0x00,0x00,0x02,0xd0,0xff,0xff,0xff,0xff,0x49,0x00,0x00,0x00,0x00,0x00,0x00,0x66,0xff,0xff,0xff,
  0xff,0x97,0x00,0x00,0x00,0x00,0x00,0x00,0x0e,0xe9,0xff,0xff,0xff,0xda,0x0b,0x00,0x00,0x00,0x00,0x00,0x00,0x8a,0xff,0xff,
  0xff,0xfc,0x38,0x00,0x00,0x00,0x00,0x00,0x00,0x22,0xf8,0xff,0xff,0xff,0x83,0x00,0x00,0x00,0x00,0x00,0x00,0x00,0xae,0xff,
  0xff,0xff,0xcc,0x05,0x00,0x00,0x00,0x00,0x00,0x00,0x3f,0xff,0xff,0xff,0xf7,0x29,0x00,0x00,0x00,0x00,0x00,0x00,0x00,0x00,
  0x00,0x00,0x00,0x00,0x00,0x00,0x00,0x00,0x00,0x00,0x00,0x00,0x00,0x00,0x00,0x00,0x00,0x00,0x00,0x00,0x0c,0x1c,0x01,0x00,
  0x00,0x00,0x00,0x00,0x00,0x00,0x00,0x00,0x00,0x00,0x00,0x00,0x00,0x00,0x00,0x00,0x00,0x00,0x00,0x00,0x00,0x00,0x00,0x00,
  0x00,0x00,0x00,0x00,0x00,0x00,0x00,0x00,0x00,0x00,0x00,0x19,0xdd,0xc8,0x00,0x00,0x00,0x00,0x00,0x00,0x00,0x00,0x00,0x00,
  0x00,0x00,0x00,0x00,0x00,0x00,0x00,0x00,0x00,0x00,0x00,0x00,0x00,0x00,0x00,0x00,0x00,0x00,0x00,0x00,0x00,0x00,0x00,0x00,
  0x00,0x00,0x16,0xd5,0xff,0x43,0x00,0x00,0x00,0x00,0x00,0x00,0x00,0x00,0x00,0x00,0x00,0x00,0x00,0x00,0x00,0x00,0x00,0x00,
  0x00,0x00,0x00,0x00,0x00,0x00,0x00,0x00,0x00,0x00,0x00,0x00,0x00,0x00,0x00,0x00,0x00,0x1a,0xd6,0xff,0xb6,0x00,0x00,0x00,
  0x00,0x00,0x00,0x00,0x00,0x00,0x00,0x00,0x00,0x00,0x00,0x00,0x00,0x00,0x00,0x00,0x00,0x00,0x00,0x00,0x00,0x00,0x00,0x00,
  0x00,0x00,0x00,0x00,0x00,0x00,0x00,0x00,0x2a,0xe0,0xff,0xf3,0x22,0x00,0x00,0x00,0x00,0x00,0x00,0x00,0x00,0x00,0x00,0x00,
  0x00,0x00,0x00,0x00,0x00,0x00,0x00,0x00,0x00,0x00,0x00,0x00,0x00,0x00,0x00,0x00,0x00,0x00,0x00,0x00,0x00,0x00,0x00,0x5c,
  0xf2,0xff,0xff,0x5e,0x00,0x00,0x00,0x00,0x00,0x00,0x00,0x00,0x00,0x00,0x00,0x00,0x00,0x00,0x00,0x00,0x00,0x00,0x00,0x00,
  0x00,0x00,0x00,0x00,0x00,0x00,0x00,0x00,0x00,0x00,0x00,0x00,0x00,0x20,0xab,0xff,0xff,0xff,0xa9,0x14,0x14,0x14,0x14,0x14,
  0x14,0x14,0x14,0x14,0x14,0x14,0x14,0x14,0x14,0x14,0x14,0x14,0x14,0x14,0x14,0x14,0x14,0x14,0x14,0x14,0x14,0x14,0x14,0x14,
  0x14,0x08,0x00,0x00,0x54,0xfa,0xff,0xff,0xff,0xff,0xff,0xff,0xff,0xff,0xff,0xff,0xff,0xff,0xff,0xff,0xff,0xff,0xff,0xff,
  0xff,0xff,0xff,0xff,0xff,0xff,0xff,0xff,0xff,0xff,0xff,0xff,0xff,0xff,0xff,0xff,0xff,0x70,0x00,0x00,0x2d,0xcc,0xff,0xff,
  0xff,0xff,0xed,0xe4,0xe4,0xe4,0xe4,0xe4,0xe4,0xe4,0xe4,0xe4,0xe4,0xe4,0xe4,0xe4,0xe4,0xe4,0xe4,0xe4,0xe4,0xe4,0xe4,0xe4,
  0xe4,0xe4,0xe4,0xe4,0xe4,0xe4,0xe4,0xe4,0xe4,0x63,0x00,0x00,0x00,0x01,0x63,0xf3,0xff,0xff,0xc5,0x07,0x00,0x00,0x00,0x00,
  0x00,0x00,0x00,0x00,0x00,0x00,0x00,0x00,0x00,0x00,0x00,0x00,0x00,0x00,0x00,0x00,0x00,0x00,0x00,0x00,0x00,0x00,0x00,0x00,
  0x00,0x00,0x00,0x00,0x00,0x00,0x00,0x25,0xce,0xff,0xff,0x97,0x00,0x00,0x00,0x00,0x00,0x00,0x00,0x00,0x00,0x00,0x00,0x00,
  0x00,0x00,0x00,0x00,0x00,0x00,0x00,0x00,0x00,0x00,0x00,0x00,0x00,0x00,0x00,0x00,0x00,0x00,0x00,0x00,0x00,0x00,0x00,0x00,
  0x0b,0xb5,0xff,0xff,0x47,0x00,0x00,0x00,0x00,0x00,0x00,0x00,0x00,0x00,0x00,0x00,0x00,0x00,0x00,0x00,0x00,0x00,0x00,0x00,
  0x00,0x00,0x00,0x00,0x00,0x00,0x00,0x00,0x00,0x00,0x00,0x00,0x00,0x00,0x00,0x00,0x00,0x05,0xab,0xff,0xda,0x06,0x00,0x00,
  0x00,0x00,0x00,0x00,0x00,0x00,0x00,0x00,0x00,0x00,0x00,0x00,0x00,0x00,0x00,0x00,0x00,0x00,0x00,0x00,0x00,0x00,0x00,0x00,
  0x00,0x00,0x00,0x00,0x00,0x00,0x00,0x00,0x00,0x00,0x04,0xb0,0xff,0x6d,0x00,0x00,0x00,0x00,0x00,0x00,0x00,0x00,0x00,0x00,
  0x00,0x00,0x00,0x00,0x00,0x00,0x00,0x00,0x00,0x00,0x00,0x00,0x00,0x00,0x00,0x00,0x00,0x00,0x00,0x00,0x00,0x00,0x00,0x00,
  0x00,0x00,0x00,0x07,0xb9,0xd6,0x06,0x00,0x00,0x00,0x00,0x00,0x00,0x00,0x00,0x00,0x00,0x00,0x00,0x00,0x00,0x00,0x00,0x00,
  0x00,0x00,0x00,0x00,0x00,0x00,0x00,0x00,0x00,0x00,0x00,0x00,0x00,0x00,0x00,0x00,0x00,0x00,0x00,0x00,0x00,0x00,0x00,0x00,
  0x00,0x00,0x00,0x00,0x00,0x00,0x00,0x00,0x00,0x00,0x00,0x00,0x00,0x00,0x00,0x00,0x00,0x00,0x00,0x00,0x00,0x00,0x00,0x00,
  0x00,0x00,0x00,0x00,0x00,0x00,0x00,0x00,0x00,0x00,0x00,0x00,0x00,0x00,0x00,0x00,0x00,0x00,0x00,0x00,0x00,0x00,0x00,0x00,
  0x00,0x00,0x00,0x00,0x00,0x00,0x00,0x00,0x00,0x00,0x00,0x00,0x00,0x00,0x00,0x00,0x00,0x00,0x00,0x00,0x00,0x00,0x00,0x00,
  0x00,0x00,0x00,0x00,0x00,0x00,0x00,0x00,0x00,0x00,0x00,0x00,0x00,0x00,0x00,0x00,0x00,0x00,0x00,0x00,0x00,0x00,0x00,0x00,
  0x00,0x00,0x00,0x00,0x00,0x00,0x00,0x00,0x00,0x00,0x00,0x00,0x00,0x00,0x00,0x00,0x00,0x00,0x00,0x00,0x00,0x00,0x00,0x00,
  0x00,0x00,0x00,0x00,0x00,0x00,0x00,0x00,0x00,0x00,0x00,0x00,0x00,0x00,0x00,0x02,0x1c,0x0b,0x00,0x00,0x00,0x00,0x00,0x00,
  0x00,0x00,0x00,0x00,0x00,0x00,0x00,0x00,0x00,0x00,0x00,0x00,0x00,0x00,0x00,0x00,0x00,0x00,0x00,0x00,0x00,0x00,0x00,0x00,
  0x00,0x00,0x00,0x00,0x00,0x00,0x00,0x00,0xcc,0xda,0x17,0x00,0x00,0x00,0x00,0x00,0x00,0x00,0x00,0x00,0x00,0x00,0x00,0x00,
  0x00,0x00,0x00,0x00,0x00,0x00,0x00,0x00,0x00,0x00,0x00,0x00,0x00,0x00,0x00,0x00,0x00,0x00,0x00,0x00,0x00,0x00,0x00,0x00,
  0x48,0xff,0xd2,0x14,0x00,0x00,0x00,0x00,0x00,0x00,0x00,0x00,0x00,0x00,0x00,0x00,0x00,0x00,0x00,0x00,0x00,0x00,0x00,0x00,
  0x00,0x00,0x00,0x00,0x00,0x00,0x00,0x00,0x00,0x00,0x00,0x00,0x00,0x00,0x00,0x00,0x00,0xbd,0xff,0xd3,0x18,0x00,0x00,0x00,
  0x00,0x00,0x00,0x00,0x00,0x00,0x00,0x00,0x00,0x00,0x00,0x00,0x00,0x00,0x00,0x00,0x00,0x00,0x00,0x00,0x00,0x00,0x00,0x00,
  0x00,0x00,0x00,0x00,0x00,0x00,0x00,0x00,0x00,0x26,0xf5,0xff,0xdd,0x27,0x00,0x00,0x00,0x00,0x00,0x00,0x00,0x00,0x00,0x00,
  0x00,0x00,0x00,0x00,0x00,0x00,0x00,0x00,0x00,0x00,0x00,0x00,0x00,0x00,0x00,0x00,0x00,0x00,0x00,0x00,0x00,0x00,0x00,0x00,
  0x00,0x00,0x64,0xff,0xff,0xf0,0x5a,0x00,0x00,0x00,0x00,0x00,0x09,0x14,0x14,0x14,0x14,0x14,0x14,0x14,0x14,0x14,0x14,0x14,
  0x14,0x14,0x14,0x14,0x14,0x14,0x14,0x14,0x14,0x14,0x14,0x14,0x14,0x14,0x14,0x14,0x14,0x14,0x14,0xae,0xff,0xff,0xff,0xaa,
  0x1f,0x00,0x00,0x00,0x74,0xff,0xff,0xff,0xff,0xff,0xff,0xff,0xff,0xff,0xff,0xff,0xff,0xff,0xff,0xff,0xff,0xff,0xff,0xff,
  0xff,0xff,0xff,0xff,0xff,0xff,0xff,0xff,0xff,0xff,0xff,0xff,0xff,0xff,0xff,0xff,0xf9,0x50,0x00,0x00,0x67,0xe4,0xe4,0xe4,
  0xe4,0xe4,0xe4,0xe4,0xe4,0xe4,0xe4,0xe4,0xe4,0xe4,0xe4,0xe4,0xe4,0xe4,0xe4,0xe4,0xe4,0xe4,0xe4,0xe4,0xe4,0xe4,0xe4,0xe4,
  0xe4,0xe4,0xe4,0xed,0xff,0xff,0xff,0xff,0xc9,0x2b,0x00,0x00,0x00,0x00,0x00,0x00,0x00,0x00,0x00,0x00,0x00,0x00,0x00,0x00,
  0x00,0x00,0x00,0x00,0x00,0x00,0x00,0x00,0x00,0x00,0x00,0x00,0x00,0x00,0x00,0x00,0x00,0x00,0x08,0xc8,0xff,0xff,0xf2,0x60,
  0x01,0x00,0x00,0x00,0x00,0x00,0x00,0x00,0x00,0x00,0x00,0x00,0x00,0x00,0x00,0x00,0x00,0x00,0x00,0x00,0x00,0x00,0x00,0x00,
  0x00,0x00,0x00,0x00,0x00,0x00,0x00,0x00,0x00,0x00,0x9a,0xff,0xff,0xcc,0x23,0x00,0x00,0x00,0x00,0x00,0x00,0x00,0x00,0x00,
  0x00,0x00,0x00,0x00,0x00,0x00,0x00,0x00,0x00,0x00,0x00,0x00,0x00,0x00,0x00,0x00,0x00,0x00,0x00,0x00,0x00,0x00,0x00,0x00,
  0x00,0x48,0xff,0xff,0xb1,0x0a,0x00,0x00,0x00,0x00,0x00,0x00,0x00,0x00,0x00,0x00,0x00,0x00,0x00,0x00,0x00,0x00,0x00,0x00,
  0x00,0x00,0x00,0x00,0x00,0x00,0x00,0x00,0x00,0x00,0x00,0x00,0x00,0x00,0x00,0x00,0x06,0xdb,0xff,0xa7,0x04,0x00,0x00,0x00,
  0x00,0x00,0x00,0x00,0x00,0x00,0x00,0x00,0x00,0x00,0x00,0x00,0x00,0x00,0x00,0x00,0x00,0x00,0x00,0x00,0x00,0x00,0x00,0x00,
  0x00,0x00,0x00,0x00,0x00,0x00,0x00,0x00,0x6f,0xff,0xac,0x03,0x00,0x00,0x00,0x00,0x00,0x00,0x00,0x00,0x00,0x00,0x00,0x00,
  0x00,0x00,0x00,0x00,0x00,0x00,0x00,0x00,0x00,0x00,0x00,0x00,0x00,0x00,0x00,0x00,0x00,0x00,0x00,0x00,0x00,0x00,0x00,0x06,
  0xd6,0xb6,0x06,0x00,0x00,0x00,0x00,0x00,0x00,0x00,0x00,0x00,0x00,0x00,0x00,0x00,0x00,0x00,0x00,0x00,0x00,0x00,0x00,0x00,
  0x00,0x00,0x00,0x00,0x00,0x00,0x00,0x00,0x00,0x00,0x00,0x00,0x00,0x00,0x00,0x00,0x00,0x00,0x00,0x00,0x00,0x00,0x00,0x00,
  0x00,0x00,0x00,0x00,0x00,0x00,0x00,0x00,0x00,0x00,0x00,0x00,0x00,0x00,0x00,0x00,0x00,0x00,0x00,0x00,0x00,0x00,0x00,0x00,
  0x00,0x00,0x00,0x00,0x00,0x00,0x00,0x00,0x00,0x00,0x00,0x00,0x00,0x00,0x00,0x00,0x00,0x00,0x00,0x00,0x00,0x00,0x00,0x00,
  0x00,0x00,0x00,0x00,0x00,0x00,0x00,0x00,0x00,0x00,0x00,0x00,0x00,0x00,0x00,0x00,0x00,0x00,0x00,0x00,0x00,0x00,0x00,0x00,
  0x00,0x00,0x00,0x00,0x00,0x00,0x00,0x00,0x00,0x00,0x00,
};
