// Сгенерировано tools/make_vlw.py из Arial Bold.ttf 28px
#pragma once
#include <Arduino.h>

const uint8_t font_b28[] PROGMEM = {
  0x00,0x00,0x00,0xeb,0x00,0x00,0x00,0x0b,0x00,0x00,0x00,0x1c,0x00,0x00,0x00,0x00,0x00,0x00,0x00,0x14,0x00,0x00,0x00,0x06,
  0x00,0x00,0x00,0x20,0x00,0x00,0x00,0x00,0x00,0x00,0x00,0x00,0x00,0x00,0x00,0x08,0x00,0x00,0x00,0x00,0x00,0x00,0x00,0x00,
  0x00,0x00,0x00,0x00,0x00,0x00,0x00,0x21,0x00,0x00,0x00,0x14,0x00,0x00,0x00,0x09,0x00,0x00,0x00,0x09,0x00,0x00,0x00,0x14,
  0x00,0x00,0x00,0x00,0x00,0x00,0x00,0x00,0x00,0x00,0x00,0x22,0x00,0x00,0x00,0x14,0x00,0x00,0x00,0x0d,0x00,0x00,0x00,0x0d,
  0x00,0x00,0x00,0x14,0x00,0x00,0x00,0x00,0x00,0x00,0x00,0x00,0x00,0x00,0x00,0x23,0x00,0x00,0x00,0x14,0x00,0x00,0x00,0x10,
  0x00,0x00,0x00,0x10,0x00,0x00,0x00,0x14,0x00,0x00,0x00,0x00,0x00,0x00,0x00,0x00,0x00,0x00,0x00,0x24,0x00,0x00,0x00,0x17,
  0x00,0x00,0x00,0x10,0x00,0x00,0x00,0x10,0x00,0x00,0x00,0x15,0x00,0x00,0x00,0x00,0x00,0x00,0x00,0x00,0x00,0x00,0x00,0x25,
  0x00,0x00,0x00,0x15,0x00,0x00,0x00,0x19,0x00,0x00,0x00,0x19,0x00,0x00,0x00,0x14,0x00,0x00,0x00,0x00,0x00,0x00,0x00,0x00,
  0x00,0x00,0x00,0x26,0x00,0x00,0x00,0x14,0x00,0x00,0x00,0x14,0x00,0x00,0x00,0x14,0x00,0x00,0x00,0x14,0x00,0x00,0x00,0x00,
  0x00,0x00,0x00,0x00,0x00,0x00,0x00,0x27,0x00,0x00,0x00,0x14,0x00,0x00,0x00,0x07,0x00,0x00,0x00,0x07,0x00,0x00,0x00,0x14,
  0x00,0x00,0x00,0x00,0x00,0x00,0x00,0x00,0x00,0x00,0x00,0x28,0x00,0x00,0x00,0x1a,0x00,0x00,0x00,0x09,0x00,0x00,0x00,0x09,
  0x00,0x00,0x00,0x14,0x00,0x00,0x00,0x00,0x00,0x00,0x00,0x00,0x00,0x00,0x00,0x29,0x00,0x00,0x00,0x1a,0x00,0x00,0x00,0x09,
  0x00,0x00,0x00,0x09,0x00,0x00,0x00,0x14,0x00,0x00,0x00,0x00,0x00,0x00,0x00,0x00,0x00,0x00,0x00,0x2a,0x00,0x00,0x00,0x14,
  0x00,0x00,0x00,0x0b,0x00,0x00,0x00,0x0b,0x00,0x00,0x00,0x14,0x00,0x00,0x00,0x00,0x00,0x00,0x00,0x00,0x00,0x00,0x00,0x2b,
  0x00,0x00,0x00,0x11,0x00,0x00,0x00,0x10,0x00,0x00,0x00,0x10,0x00,0x00,0x00,0x11,0x00,0x00,0x00,0x00,0x00,0x00,0x00,0x00,
  0x00,0x00,0x00,0x2c,0x00,0x00,0x00,0x09,0x00,0x00,0x00,0x08,0x00,0x00,0x00,0x08,0x00,0x00,0x00,0x04,0x00,0x00,0x00,0x00,
  0x00,0x00,0x00,0x00,0x00,0x00,0x00,0x2d,0x00,0x00,0x00,0x09,0x00,0x00,0x00,0x0a,0x00,0x00,0x00,0x09,0x00,0x00,0x00,0x09,
  0x00,0x00,0x00,0x00,0x00,0x00,0x00,0x00,0x00,0x00,0x00,0x2e,0x00,0x00,0x00,0x04,0x00,0x00,0x00,0x08,0x00,0x00,0x00,0x08,
  0x00,0x00,0x00,0x04,0x00,0x00,0x00,0x00,0x00,0x00,0x00,0x00,0x00,0x00,0x00,0x2f,0x00,0x00,0x00,0x14,0x00,0x00,0x00,0x09,
  0x00,0x00,0x00,0x08,0x00,0x00,0x00,0x14,0xff,0xff,0xff,0xff,0x00,0x00,0x00,0x00,0x00,0x00,0x00,0x30,0x00,0x00,0x00,0x14,
  0x00,0x00,0x00,0x10,0x00,0x00,0x00,0x10,0x00,0x00,0x00,0x14,0x00,0x00,0x00,0x00,0x00,0x00,0x00,0x00,0x00,0x00,0x00,0x31,
  0x00,0x00,0x00,0x14,0x00,0x00,0x00,0x10,0x00,0x00,0x00,0x10,0x00,0x00,0x00,0x14,0x00,0x00,0x00,0x00,0x00,0x00,0x00,0x00,
  0x00,0x00,0x00,0x32,0x00,0x00,0x00,0x14,0x00,0x00,0x00,0x10,0x00,0x00,0x00,0x10,0x00,0x00,0x00,0x14,0x00,0x00,0x00,0x00,
  0x00,0x00,0x00,0x00,0x00,0x00,0x00,0x33,0x00,0x00,0x00,0x14,0x00,0x00,0x00,0x10,0x00,0x00,0x00,0x10,0x00,0x00,0x00,0x14,
  0x00,0x00,0x00,0x00,0x00,0x00,0x00,0x00,0x00,0x00,0x00,0x34,0x00,0x00,0x00,0x14,0x00,0x00,0x00,0x10,0x00,0x00,0x00,0x10,
  0x00,0x00,0x00,0x14,0x00,0x00,0x00,0x00,0x00,0x00,0x00,0x00,0x00,0x00,0x00,0x35,0x00,0x00,0x00,0x14,0x00,0x00,0x00,0x10,
  0x00,0x00,0x00,0x10,0x00,0x00,0x00,0x14,0x00,0x00,0x00,0x00,0x00,0x00,0x00,0x00,0x00,0x00,0x00,0x36,0x00,0x00,0x00,0x14,
  0x00,0x00,0x00,0x10,0x00,0x00,0x00,0x10,0x00,0x00,0x00,0x14,0x00,0x00,0x00,0x00,0x00,0x00,0x00,0x00,0x00,0x00,0x00,0x37,
  0x00,0x00,0x00,0x14,0x00,0x00,0x00,0x10,0x00,0x00,0x00,0x10,0x00,0x00,0x00,0x14,0x00,0x00,0x00,0x00,0x00,0x00,0x00,0x00,
  0x00,0x00,0x00,0x38,0x00,0x00,0x00,0x14,0x00,0x00,0x00,0x10,0x00,0x00,0x00,0x10,0x00,0x00,0x00,0x14,0x00,0x00,0x00,0x00,
  0x00,0x00,0x00,0x00,0x00,0x00,0x00,0x39,0x00,0x00,0x00,0x14,0x00,0x00,0x00,0x10,0x00,0x00,0x00,0x10,0x00,0x00,0x00,0x14,
  0x00,0x00,0x00,0x00,0x00,0x00,0x00,0x00,0x00,0x00,0x00,0x3a,0x00,0x00,0x00,0x0f,0x00,0x00,0x00,0x09,0x00,0x00,0x00,0x09,
  0x00,0x00,0x00,0x0f,0x00,0x00,0x00,0x00,0x00,0x00,0x00,0x00,0x00,0x00,0x00,0x3b,0x00,0x00,0x00,0x14,0x00,0x00,0x00,0x09,
  0x00,0x00,0x00,0x09,0x00,0x00,0x00,0x0f,0x00,0x00,0x00,0x00,0x00,0x00,0x00,0x00,0x00,0x00,0x00,0x3c,0x00,0x00,0x00,0x11,
  0x00,0x00,0x00,0x10,0x00,0x00,0x00,0x10,0x00,0x00,0x00,0x11,0x00,0x00,0x00,0x00,0x00,0x00,0x00,0x00,0x00,0x00,0x00,0x3d,
  0x00,0x00,0x00,0x0f,0x00,0x00,0x00,0x10,0x00,0x00,0x00,0x10,0x00,0x00,0x00,0x0f,0x00,0x00,0x00,0x00,0x00,0x00,0x00,0x00,
  0x00,0x00,0x00,0x3e,0x00,0x00,0x00,0x11,0x00,0x00,0x00,0x10,0x00,0x00,0x00,0x10,0x00,0x00,0x00,0x11,0x00,0x00,0x00,0x00,
  0x00,0x00,0x00,0x00,0x00,0x00,0x00,0x3f,0x00,0x00,0x00,0x14,0x00,0x00,0x00,0x11,0x00,0x00,0x00,0x11,0x00,0x00,0x00,0x14,
  0x00,0x00,0x00,0x00,0x00,0x00,0x00,0x00,0x00,0x00,0x00,0x40,0x00,0x00,0x00,0x1b,0x00,0x00,0x00,0x1c,0x00,0x00,0x00,0x1b,
  0x00,0x00,0x00,0x14,0x00,0x00,0x00,0x00,0x00,0x00,0x00,0x00,0x00,0x00,0x00,0x41,0x00,0x00,0x00,0x14,0x00,0x00,0x00,0x15,
  0x00,0x00,0x00,0x14,0x00,0x00,0x00,0x14,0x00,0x00,0x00,0x00,0x00,0x00,0x00,0x00,0x00,0x00,0x00,0x42,0x00,0x00,0x00,0x14,
  0x00,0x00,0x00,0x14,0x00,0x00,0x00,0x14,0x00,0x00,0x00,0x14,0x00,0x00,0x00,0x00,0x00,0x00,0x00,0x00,0x00,0x00,0x00,0x43,
  0x00,0x00,0x00,0x14,0x00,0x00,0x00,0x14,0x00,0x00,0x00,0x14,0x00,0x00,0x00,0x14,0x00,0x00,0x00,0x00,0x00,0x00,0x00,0x00,
  0x00,0x00,0x00,0x44,0x00,0x00,0x00,0x14,0x00,0x00,0x00,0x14,0x00,0x00,0x00,0x14,0x00,0x00,0x00,0x14,0x00,0x00,0x00,0x00,
  0x00,0x00,0x00,0x00,0x00,0x00,0x00,0x45,0x00,0x00,0x00,0x14,0x00,0x00,0x00,0x13,0x00,0x00,0x00,0x13,0x00,0x00,0x00,0x14,
  0x00,0x00,0x00,0x00,0x00,0x00,0x00,0x00,0x00,0x00,0x00,0x46,0x00,0x00,0x00,0x14,0x00,0x00,0x00,0x11,0x00,0x00,0x00,0x11,
  0x00,0x00,0x00,0x14,0x00,0x00,0x00,0x00,0x00,0x00,0x00,0x00,0x00,0x00,0x00,0x47,0x00,0x00,0x00,0x14,0x00,0x00,0x00,0x16,
  0x00,0x00,0x00,0x16,0x00,0x00,0x00,0x14,0x00,0x00,0x00,0x00,0x00,0x00,0x00,0x00,0x00,0x00,0x00,0x48,0x00,0x00,0x00,0x14,
  0x00,0x00,0x00,0x14,0x00,0x00,0x00,0x14,0x00,0x00,0x00,0x14,0x00,0x00,0x00,0x00,0x00,0x00,0x00,0x00,0x00,0x00,0x00,0x49,
  0x00,0x00,0x00,0x14,0x00,0x00,0x00,0x08,0x00,0x00,0x00,0x08,0x00,0x00,0x00,0x14,0x00,0x00,0x00,0x00,0x00,0x00,0x00,0x00,
  0x00,0x00,0x00,0x4a,0x00,0x00,0x00,0x14,0x00,0x00,0x00,0x10,0x00,0x00,0x00,0x10,0x00,0x00,0x00,0x14,0x00,0x00,0x00,0x00,
  0x00,0x00,0x00,0x00,0x00,0x00,0x00,0x4b,0x00,0x00,0x00,0x14,0x00,0x00,0x00,0x15,0x00,0x00,0x00,0x14,0x00,0x00,0x00,0x14,
  0x00,0x00,0x00,0x00,0x00,0x00,0x00,0x00,0x00,0x00,0x00,0x4c,0x00,0x00,0x00,0x14,0x00,0x00,0x00,0x11,0x00,0x00,0x00,0x11,
  0x00,0x00,0x00,0x14,0x00,0x00,0x00,0x00,0x00,0x00,0x00,0x00,0x00,0x00,0x00,0x4d,0x00,0x00,0x00,0x14,0x00,0x00,0x00,0x17,
  0x00,0x00,0x00,0x17,0x00,0x00,0x00,0x14,0x00,0x00,0x00,0x00,0x00,0x00,0x00,0x00,0x00,0x00,0x00,0x4e,0x00,0x00,0x00,0x14,
  0x00,0x00,0x00,0x14,0x00,0x00,0x00,0x14,0x00,0x00,0x00,0x14,0x00,0x00,0x00,0x00,0x00,0x00,0x00,0x00,0x00,0x00,0x00,0x4f,
  0x00,0x00,0x00,0x14,0x00,0x00,0x00,0x16,0x00,0x00,0x00,0x16,0x00,0x00,0x00,0x14,0x00,0x00,0x00,0x00,0x00,0x00,0x00,0x00,
  0x00,0x00,0x00,0x50,0x00,0x00,0x00,0x14,0x00,0x00,0x00,0x13,0x00,0x00,0x00,0x13,0x00,0x00,0x00,0x14,0x00,0x00,0x00,0x00,
  0x00,0x00,0x00,0x00,0x00,0x00,0x00,0x51,0x00,0x00,0x00,0x16,0x00,0x00,0x00,0x16,0x00,0x00,0x00,0x16,0x00,0x00,0x00,0x14,
  0x00,0x00,0x00,0x00,0x00,0x00,0x00,0x00,0x00,0x00,0x00,0x52,0x00,0x00,0x00,0x14,0x00,0x00,0x00,0x15,0x00,0x00,0x00,0x14,
  0x00,0x00,0x00,0x14,0x00,0x00,0x00,0x00,0x00,0x00,0x00,0x00,0x00,0x00,0x00,0x53,0x00,0x00,0x00,0x14,0x00,0x00,0x00,0x13,
  0x00,0x00,0x00,0x13,0x00,0x00,0x00,0x14,0x00,0x00,0x00,0x00,0x00,0x00,0x00,0x00,0x00,0x00,0x00,0x54,0x00,0x00,0x00,0x14,
  0x00,0x00,0x00,0x11,0x00,0x00,0x00,0x11,0x00,0x00,0x00,0x14,0x00,0x00,0x00,0x00,0x00,0x00,0x00,0x00,0x00,0x00,0x00,0x55,
  0x00,0x00,0x00,0x14,0x00,0x00,0x00,0x14,0x00,0x00,0x00,0x14,0x00,0x00,0x00,0x14,0x00,0x00,0x00,0x00,0x00,0x00,0x00,0x00,
  0x00,0x00,0x00,0x56,0x00,0x00,0x00,0x14,0x00,0x00,0x00,0x14,0x00,0x00,0x00,0x13,0x00,0x00,0x00,0x14,0xff,0xff,0xff,0xff,
  0x00,0x00,0x00,0x00,0x00,0x00,0x00,0x57,0x00,0x00,0x00,0x14,0x00,0x00,0x00,0x1b,0x00,0x00,0x00,0x1a,0x00,0x00,0x00,0x14,
  0x00,0x00,0x00,0x00,0x00,0x00,0x00,0x00,0x00,0x00,0x00,0x58,0x00,0x00,0x00,0x14,0x00,0x00,0x00,0x13,0x00,0x00,0x00,0x13,
  0x00,0x00,0x00,0x14,0x00,0x00,0x00,0x00,0x00,0x00,0x00,0x00,0x00,0x00,0x00,0x59,0x00,0x00,0x00,0x14,0x00,0x00,0x00,0x14,
  0x00,0x00,0x00,0x13,0x00,0x00,0x00,0x14,0xff,0xff,0xff,0xff,0x00,0x00,0x00,0x00,0x00,0x00,0x00,0x5a,0x00,0x00,0x00,0x14,
  0x00,0x00,0x00,0x11,0x00,0x00,0x00,0x11,0x00,0x00,0x00,0x14,0x00,0x00,0x00,0x00,0x00,0x00,0x00,0x00,0x00,0x00,0x00,0x5b,
  0x00,0x00,0x00,0x1a,0x00,0x00,0x00,0x09,0x00,0x00,0x00,0x09,0x00,0x00,0x00,0x14,0x00,0x00,0x00,0x00,0x00,0x00,0x00,0x00,
  0x00,0x00,0x00,0x5c,0x00,0x00,0x00,0x14,0x00,0x00,0x00,0x09,0x00,0x00,0x00,0x08,0x00,0x00,0x00,0x14,0xff,0xff,0xff,0xff,
  0x00,0x00,0x00,0x00,0x00,0x00,0x00,0x5d,0x00,0x00,0x00,0x1a,0x00,0x00,0x00,0x09,0x00,0x00,0x00,0x09,0x00,0x00,0x00,0x14,
  0x00,0x00,0x00,0x00,0x00,0x00,0x00,0x00,0x00,0x00,0x00,0x5e,0x00,0x00,0x00,0x14,0x00,0x00,0x00,0x10,0x00,0x00,0x00,0x10,
  0x00,0x00,0x00,0x14,0x00,0x00,0x00,0x00,0x00,0x00,0x00,0x00,0x00,0x00,0x00,0x5f,0x00,0x00,0x00,0x06,0x00,0x00,0x00,0x11,
  0x00,0x00,0x00,0x10,0x00,0x00,0x00,0x00,0xff,0xff,0xff,0xff,0x00,0x00,0x00,0x00,0x00,0x00,0x00,0x60,0x00,0x00,0x00,0x14,
  0x00,0x00,0x00,0x09,0x00,0x00,0x00,0x09,0x00,0x00,0x00,0x14,0x00,0x00,0x00,0x00,0x00,0x00,0x00,0x00,0x00,0x00,0x00,0x61,
  0x00,0x00,0x00,0x0f,0x00,0x00,0x00,0x10,0x00,0x00,0x00,0x10,0x00,0x00,0x00,0x0f,0x00,0x00,0x00,0x00,0x00,0x00,0x00,0x00,
  0x00,0x00,0x00,0x62,0x00,0x00,0x00,0x14,0x00,0x00,0x00,0x11,0x00,0x00,0x00,0x11,0x00,0x00,0x00,0x14,0x00,0x00,0x00,0x00,
  0x00,0x00,0x00,0x00,0x00,0x00,0x00,0x63,0x00,0x00,0x00,0x0f,0x00,0x00,0x00,0x10,0x00,0x00,0x00,0x10,0x00,0x00,0x00,0x0f,
  0x00,0x00,0x00,0x00,0x00,0x00,0x00,0x00,0x00,0x00,0x00,0x64,0x00,0x00,0x00,0x14,0x00,0x00,0x00,0x11,0x00,0x00,0x00,0x11,
  0x00,0x00,0x00,0x14,0x00,0x00,0x00,0x00,0x00,0x00,0x00,0x00,0x00,0x00,0x00,0x65,0x00,0x00,0x00,0x0f,0x00,0x00,0x00,0x10,
  0x00,0x00,0x00,0x10,0x00,0x00,0x00,0x0f,0x00,0x00,0x00,0x00,0x00,0x00,0x00,0x00,0x00,0x00,0x00,0x66,0x00,0x00,0x00,0x14,
  0x00,0x00,0x00,0x0b,0x00,0x00,0x00,0x09,0x00,0x00,0x00,0x14,0x00,0x00,0x00,0x00,0x00,0x00,0x00,0x00,0x00,0x00,0x00,0x67,
  0x00,0x00,0x00,0x15,0x00,0x00,0x00,0x11,0x00,0x00,0x00,0x11,0x00,0x00,0x00,0x0f,0x00,0x00,0x00,0x00,0x00,0x00,0x00,0x00,
  0x00,0x00,0x00,0x68,0x00,0x00,0x00,0x14,0x00,0x00,0x00,0x11,0x00,0x00,0x00,0x11,0x00,0x00,0x00,0x14,0x00,0x00,0x00,0x00,
  0x00,0x00,0x00,0x00,0x00,0x00,0x00,0x69,0x00,0x00,0x00,0x14,0x00,0x00,0x00,0x08,0x00,0x00,0x00,0x08,0x00,0x00,0x00,0x14,
  0x00,0x00,0x00,0x00,0x00,0x00,0x00,0x00,0x00,0x00,0x00,0x6a,0x00,0x00,0x00,0x1a,0x00,0x00,0x00,0x0a,0x00,0x00,0x00,0x08,
  0x00,0x00,0x00,0x14,0xff,0xff,0xff,0xfe,0x00,0x00,0x00,0x00,0x00,0x00,0x00,0x6b,0x00,0x00,0x00,0x14,0x00,0x00,0x00,0x10,
  0x00,0x00,0x00,0x10,0x00,0x00,0x00,0x14,0x00,0x00,0x00,0x00,0x00,0x00,0x00,0x00,0x00,0x00,0x00,0x6c,0x00,0x00,0x00,0x14,
  0x00,0x00,0x00,0x08,0x00,0x00,0x00,0x08,0x00,0x00,0x00,0x14,0x00,0x00,0x00,0x00,0x00,0x00,0x00,0x00,0x00,0x00,0x00,0x6d,
  0x00,0x00,0x00,0x0f,0x00,0x00,0x00,0x19,0x00,0x00,0x00,0x19,0x00,0x00,0x00,0x0f,0x00,0x00,0x00,0x00,0x00,0x00,0x00,0x00,
  0x00,0x00,0x00,0x6e,0x00,0x00,0x00,0x0f,0x00,0x00,0x00,0x11,0x00,0x00,0x00,0x11,0x00,0x00,0x00,0x0f,0x00,0x00,0x00,0x00,
  0x00,0x00,0x00,0x00,0x00,0x00,0x00,0x6f,0x00,0x00,0x00,0x0f,0x00,0x00,0x00,0x11,0x00,0x00,0x00,0x11,0x00,0x00,0x00,0x0f,
  0x00,0x00,0x00,0x00,0x00,0x00,0x00,0x00,0x00,0x00,0x00,0x70,0x00,0x00,0x00,0x15,0x00,0x00,0x00,0x11,0x00,0x00,0x00,0x11,
  0x00,0x00,0x00,0x0f,0x00,0x00,0x00,0x00,0x00,0x00,0x00,0x00,0x00,0x00,0x00,0x71,0x00,0x00,0x00,0x15,0x00,0x00,0x00,0x11,
  0x00,0x00,0x00,0x11,0x00,0x00,0x00,0x0f,0x00,0x00,0x00,0x00,0x00,0x00,0x00,0x00,0x00,0x00,0x00,0x72,0x00,0x00,0x00,0x0f,
  0x00,0x00,0x00,0x0c,0x00,0x00,0x00,0x0b,0x00,0x00,0x00,0x0f,0x00,0x00,0x00,0x00,0x00,0x00,0x00,0x00,0x00,0x00,0x00,0x73,
  0x00,0x00,0x00,0x0f,0x00,0x00,0x00,0x10,0x00,0x00,0x00,0x10,0x00,0x00,0x00,0x0f,0x00,0x00,0x00,0x00,0x00,0x00,0x00,0x00,
  0x00,0x00,0x00,0x74,0x00,0x00,0x00,0x14,0x00,0x00,0x00,0x09,0x00,0x00,0x00,0x09,0x00,0x00,0x00,0x14,0x00,0x00,0x00,0x00,
  0x00,0x00,0x00,0x00,0x00,0x00,0x00,0x75,0x00,0x00,0x00,0x0f,0x00,0x00,0x00,0x11,0x00,0x00,0x00,0x11,0x00,0x00,0x00,0x0f,
  0x00,0x00,0x00,0x00,0x00,0x00,0x00,0x00,0x00,0x00,0x00,0x76,0x00,0x00,0x00,0x0f,0x00,0x00,0x00,0x10,0x00,0x00,0x00,0x10,
  0x00,0x00,0x00,0x0f,0x00,0x00,0x00,0x00,0x00,0x00,0x00,0x00,0x00,0x00,0x00,0x77,0x00,0x00,0x00,0x0f,0x00,0x00,0x00,0x16,
  0x00,0x00,0x00,0x16,0x00,0x00,0x00,0x0f,0x00,0x00,0x00,0x00,0x00,0x00,0x00,0x00,0x00,0x00,0x00,0x78,0x00,0x00,0x00,0x0f,
  0x00,0x00,0x00,0x10,0x00,0x00,0x00,0x10,0x00,0x00,0x00,0x0f,0x00,0x00,0x00,0x00,0x00,0x00,0x00,0x00,0x00,0x00,0x00,0x79,
  0x00,0x00,0x00,0x15,0x00,0x00,0x00,0x10,0x00,0x00,0x00,0x10,0x00,0x00,0x00,0x0f,0x00,0x00,0x00,0x00,0x00,0x00,0x00,0x00,
  0x00,0x00,0x00,0x7a,0x00,0x00,0x00,0x0f,0x00,0x00,0x00,0x0e,0x00,0x00,0x00,0x0e,0x00,0x00,0x00,0x0f,0x00,0x00,0x00,0x00,
  0x00,0x00,0x00,0x00,0x00,0x00,0x00,0x7b,0x00,0x00,0x00,0x1a,0x00,0x00,0x00,0x0b,0x00,0x00,0x00,0x0b,0x00,0x00,0x00,0x14,
  0x00,0x00,0x00,0x00,0x00,0x00,0x00,0x00,0x00,0x00,0x00,0x7c,0x00,0x00,0x00,0x1a,0x00,0x00,0x00,0x08,0x00,0x00,0x00,0x08,
  0x00,0x00,0x00,0x14,0x00,0x00,0x00,0x00,0x00,0x00,0x00,0x00,0x00,0x00,0x00,0x7d,0x00,0x00,0x00,0x1a,0x00,0x00,0x00,0x0b,
  0x00,0x00,0x00,0x0b,0x00,0x00,0x00,0x14,0x00,0x00,0x00,0x00,0x00,0x00,0x00,0x00,0x00,0x00,0x00,0x7e,0x00,0x00,0x00,0x0d,
  0x00,0x00,0x00,0x10,0x00,0x00,0x00,0x10,0x00,0x00,0x00,0x0d,0x00,0x00,0x00,0x00,0x00,0x00,0x00,0x00,0x00,0x00,0x00,0xab,
  0x00,0x00,0x00,0x0e,0x00,0x00,0x00,0x10,0x00,0x00,0x00,0x10,0x00,0x00,0x00,0x0e,0x00,0x00,0x00,0x00,0x00,0x00,0x00,0x00,
  0x00,0x00,0x00,0xb7,0x00,0x00,0x00,0x0c,0x00,0x00,0x00,0x09,0x00,0x00,0x00,0x09,0x00,0x00,0x00,0x0c,0x00,0x00,0x00,0x00,
  0x00,0x00,0x00,0x00,0x00,0x00,0x00,0xbb,0x00,0x00,0x00,0x0e,0x00,0x00,0x00,0x10,0x00,0x00,0x00,0x10,0x00,0x00,0x00,0x0e,
  0x00,0x00,0x00,0x00,0x00,0x00,0x00,0x00,0x00,0x00,0x00,0xc0,0x00,0x00,0x00,0x1a,0x00,0x00,0x00,0x15,0x00,0x00,0x00,0x14,
  0x00,0x00,0x00,0x1a,0x00,0x00,0x00,0x00,0x00,0x00,0x00,0x00,0x00,0x00,0x00,0xc1,0x00,0x00,0x00,0x1a,0x00,0x00,0x00,0x15,
  0x00,0x00,0x00,0x14,0x00,0x00,0x00,0x1a,0x00,0x00,0x00,0x00,0x00,0x00,0x00,0x00,0x00,0x00,0x00,0xc2,0x00,0x00,0x00,0x1a,
  0x00,0x00,0x00,0x15,0x00,0x00,0x00,0x14,0x00,0x00,0x00,0x1a,0x00,0x00,0x00,0x00,0x00,0x00,0x00,0x00,0x00,0x00,0x00,0xc3,
  0x00,0x00,0x00,0x19,0x00,0x00,0x00,0x15,0x00,0x00,0x00,0x14,0x00,0x00,0x00,0x19,0x00,0x00,0x00,0x00,0x00,0x00,0x00,0x00,
  0x00,0x00,0x00,0xc4,0x00,0x00,0x00,0x19,0x00,0x00,0x00,0x15,0x00,0x00,0x00,0x14,0x00,0x00,0x00,0x19,0x00,0x00,0x00,0x00,
  0x00,0x00,0x00,0x00,0x00,0x00,0x00,0xc5,0x00,0x00,0x00,0x17,0x00,0x00,0x00,0x15,0x00,0x00,0x00,0x14,0x00,0x00,0x00,0x17,
  0x00,0x00,0x00,0x00,0x00,0x00,0x00,0x00,0x00,0x00,0x00,0xc6,0x00,0x00,0x00,0x14,0x00,0x00,0x00,0x1e,0x00,0x00,0x00,0x1c,
  0x00,0x00,0x00,0x14,0xff,0xff,0xff,0xfe,0x00,0x00,0x00,0x00,0x00,0x00,0x00,0xc7,0x00,0x00,0x00,0x19,0x00,0x00,0x00,0x14,
  0x00,0x00,0x00,0x14,0x00,0x00,0x00,0x14,0x00,0x00,0x00,0x00,0x00,0x00,0x00,0x00,0x00,0x00,0x00,0xc8,0x00,0x00,0x00,0x1a,
  0x00,0x00,0x00,0x13,0x00,0x00,0x00,0x13,0x00,0x00,0x00,0x1a,0x00,0x00,0x00,0x00,0x00,0x00,0x00,0x00,0x00,0x00,0x00,0xc9,
  0x00,0x00,0x00,0x1a,0x00,0x00,0x00,0x13,0x00,0x00,0x00,0x13,0x00,0x00,0x00,0x1a,0x00,0x00,0x00,0x00,0x00,0x00,0x00,0x00,
  0x00,0x00,0x00,0xca,0x00,0x00,0x00,0x1a,0x00,0x00,0x00,0x13,0x00,0x00,0x00,0x13,0x00,0x00,0x00,0x1a,0x00,0x00,0x00,0x00,
  0x00,0x00,0x00,0x00,0x00,0x00,0x00,0xcb,0x00,0x00,0x00,0x19,0x00,0x00,0x00,0x13,0x00,0x00,0x00,0x13,0x00,0x00,0x00,0x19,
  0x00,0x00,0x00,0x00,0x00,0x00,0x00,0x00,0x00,0x00,0x00,0xcc,0x00,0x00,0x00,0x1a,0x00,0x00,0x00,0x09,0x00,0x00,0x00,0x08,
  0x00,0x00,0x00,0x1a,0xff,0xff,0xff,0xff,0x00,0x00,0x00,0x00,0x00,0x00,0x00,0xcd,0x00,0x00,0x00,0x1a,0x00,0x00,0x00,0x08,
  0x00,0x00,0x00,0x08,0x00,0x00,0x00,0x1a,0x00,0x00,0x00,0x00,0x00,0x00,0x00,0x00,0x00,0x00,0x00,0xce,0x00,0x00,0x00,0x1a,
  0x00,0x00,0x00,0x0a,0x00,0x00,0x00,0x08,0x00,0x00,0x00,0x1a,0xff,0xff,0xff,0xff,0x00,0x00,0x00,0x00,0x00,0x00,0x00,0xcf,
  0x00,0x00,0x00,0x19,0x00,0x00,0x00,0x0a,0x00,0x00,0x00,0x08,0x00,0x00,0x00,0x19,0xff,0xff,0xff,0xff,0x00,0x00,0x00,0x00,
  0x00,0x00,0x00,0xd0,0x00,0x00,0x00,0x14,0x00,0x00,0x00,0x15,0x00,0x00,0x00,0x14,0x00,0x00,0x00,0x14,0xff,0xff,0xff,0xff,
  0x00,0x00,0x00,0x00,0x00,0x00,0x00,0xd1,0x00,0x00,0x00,0x19,0x00,0x00,0x00,0x14,0x00,0x00,0x00,0x14,0x00,0x00,0x00,0x19,
  0x00,0x00,0x00,0x00,0x00,0x00,0x00,0x00,0x00,0x00,0x00,0xd2,0x00,0x00,0x00,0x1a,0x00,0x00,0x00,0x16,0x00,0x00,0x00,0x16,
  0x00,0x00,0x00,0x1a,0x00,0x00,0x00,0x00,0x00,0x00,0x00,0x00,0x00,0x00,0x00,0xd3,0x00,0x00,0x00,0x1a,0x00,0x00,0x00,0x16,
  0x00,0x00,0x00,0x16,0x00,0x00,0x00,0x1a,0x00,0x00,0x00,0x00,0x00,0x00,0x00,0x00,0x00,0x00,0x00,0xd4,0x00,0x00,0x00,0x1a,
  0x00,0x00,0x00,0x16,0x00,0x00,0x00,0x16,0x00,0x00,0x00,0x1a,0x00,0x00,0x00,0x00,0x00,0x00,0x00,0x00,0x00,0x00,0x00,0xd5,
  0x00,0x00,0x00,0x19,0x00,0x00,0x00,0x16,0x00,0x00,0x00,0x16,0x00,0x00,0x00,0x19,0x00,0x00,0x00,0x00,0x00,0x00,0x00,0x00,
  0x00,0x00,0x00,0xd6,0x00,0x00,0x00,0x19,0x00,0x00,0x00,0x16,0x00,0x00,0x00,0x16,0x00,0x00,0x00,0x19,0x00,0x00,0x00,0x00,
  0x00,0x00,0x00,0x00,0x00,0x00,0x00,0xd7,0x00,0x00,0x00,0x11,0x00,0x00,0x00,0x10,0x00,0x00,0x00,0x10,0x00,0x00,0x00,0x11,
  0x00,0x00,0x00,0x00,0x00,0x00,0x00,0x00,0x00,0x00,0x00,0xd8,0x00,0x00,0x00,0x16,0x00,0x00,0x00,0x16,0x00,0x00,0x00,0x16,
  0x00,0x00,0x00,0x15,0x00,0x00,0x00,0x00,0x00,0x00,0x00,0x00,0x00,0x00,0x00,0xd9,0x00,0x00,0x00,0x1a,0x00,0x00,0x00,0x14,
  0x00,0x00,0x00,0x14,0x00,0x00,0x00,0x1a,0x00,0x00,0x00,0x00,0x00,0x00,0x00,0x00,0x00,0x00,0x00,0xda,0x00,0x00,0x00,0x1a,
  0x00,0x00,0x00,0x14,0x00,0x00,0x00,0x14,0x00,0x00,0x00,0x1a,0x00,0x00,0x00,0x00,0x00,0x00,0x00,0x00,0x00,0x00,0x00,0xdb,
  0x00,0x00,0x00,0x1a,0x00,0x00,0x00,0x14,0x00,0x00,0x00,0x14,0x00,0x00,0x00,0x1a,0x00,0x00,0x00,0x00,0x00,0x00,0x00,0x00,
  0x00,0x00,0x00,0xdc,0x00,0x00,0x00,0x19,0x00,0x00,0x00,0x14,0x00,0x00,0x00,0x14,0x00,0x00,0x00,0x19,0x00,0x00,0x00,0x00,
  0x00,0x00,0x00,0x00,0x00,0x00,0x00,0xdd,0x00,0x00,0x00,0x1a,0x00,0x00,0x00,0x14,0x00,0x00,0x00,0x13,0x00,0x00,0x00,0x1a,
  0xff,0xff,0xff,0xff,0x00,0x00,0x00,0x00,0x00,0x00,0x00,0xde,0x00,0x00,0x00,0x14,0x00,0x00,0x00,0x13,0x00,0x00,0x00,0x13,
  0x00,0x00,0x00,0x14,0x00,0x00,0x00,0x00,0x00,0x00,0x00,0x00,0x00,0x00,0x00,0xdf,0x00,0x00,0x00,0x14,0x00,0x00,0x00,0x11,
  0x00,0x00,0x00,0x11,0x00,0x00,0x00,0x14,0x00,0x00,0x00,0x00,0x00,0x00,0x00,0x00,0x00,0x00,0x00,0xe0,0x00,0x00,0x00,0x14,
  0x00,0x00,0x00,0x10,0x00,0x00,0x00,0x10,0x00,0x00,0x00,0x14,0x00,0x00,0x00,0x00,0x00,0x00,0x00,0x00,0x00,0x00,0x00,0xe1,
  0x00,0x00,0x00,0x14,0x00,0x00,0x00,0x10,0x00,0x00,0x00,0x10,0x00,0x00,0x00,0x14,0x00,0x00,0x00,0x00,0x00,0x00,0x00,0x00,
  0x00,0x00,0x00,0xe2,0x00,0x00,0x00,0x14,0x00,0x00,0x00,0x10,0x00,0x00,0x00,0x10,0x00,0x00,0x00,0x14,0x00,0x00,0x00,0x00,
  0x00,0x00,0x00,0x00,0x00,0x00,0x00,0xe3,0x00,0x00,0x00,0x13,0x00,0x00,0x00,0x10,0x00,0x00,0x00,0x10,0x00,0x00,0x00,0x13,
  0x00,0x00,0x00,0x00,0x00,0x00,0x00,0x00,0x00,0x00,0x00,0xe4,0x00,0x00,0x00,0x13,0x00,0x00,0x00,0x10,0x00,0x00,0x00,0x10,
  0x00,0x00,0x00,0x13,0x00,0x00,0x00,0x00,0x00,0x00,0x00,0x00,0x00,0x00,0x00,0xe5,0x00,0x00,0x00,0x14,0x00,0x00,0x00,0x10,
  0x00,0x00,0x00,0x10,0x00,0x00,0x00,0x14,0x00,0x00,0x00,0x00,0x00,0x00,0x00,0x00,0x00,0x00,0x00,0xe6,0x00,0x00,0x00,0x0f,
  0x00,0x00,0x00,0x19,0x00,0x00,0x00,0x19,0x00,0x00,0x00,0x0f,0x00,0x00,0x00,0x00,0x00,0x00,0x00,0x00,0x00,0x00,0x00,0xe7,
  0x00,0x00,0x00,0x14,0x00,0x00,0x00,0x10,0x00,0x00,0x00,0x10,0x00,0x00,0x00,0x0f,0x00,0x00,0x00,0x00,0x00,0x00,0x00,0x00,
  0x00,0x00,0x00,0xe8,0x00,0x00,0x00,0x14,0x00,0x00,0x00,0x10,0x00,0x00,0x00,0x10,0x00,0x00,0x00,0x14,0x00,0x00,0x00,0x00,
  0x00,0x00,0x00,0x00,0x00,0x00,0x00,0xe9,0x00,0x00,0x00,0x14,0x00,0x00,0x00,0x10,0x00,0x00,0x00,0x10,0x00,0x00,0x00,0x14,
  0x00,0x00,0x00,0x00,0x00,0x00,0x00,0x00,0x00,0x00,0x00,0xea,0x00,0x00,0x00,0x14,0x00,0x00,0x00,0x10,0x00,0x00,0x00,0x10,
  0x00,0x00,0x00,0x14,0x00,0x00,0x00,0x00,0x00,0x00,0x00,0x00,0x00,0x00,0x00,0xeb,0x00,0x00,0x00,0x13,0x00,0x00,0x00,0x10,
  0x00,0x00,0x00,0x10,0x00,0x00,0x00,0x13,0x00,0x00,0x00,0x00,0x00,0x00,0x00,0x00,0x00,0x00,0x00,0xec,0x00,0x00,0x00,0x14,
  0x00,0x00,0x00,0x09,0x00,0x00,0x00,0x08,0x00,0x00,0x00,0x14,0xff,0xff,0xff,0xff,0x00,0x00,0x00,0x00,0x00,0x00,0x00,0xed,
  0x00,0x00,0x00,0x14,0x00,0x00,0x00,0x08,0x00,0x00,0x00,0x08,0x00,0x00,0x00,0x14,0x00,0x00,0x00,0x00,0x00,0x00,0x00,0x00,
  0x00,0x00,0x00,0xee,0x00,0x00,0x00,0x14,0x00,0x00,0x00,0x0a,0x00,0x00,0x00,0x08,0x00,0x00,0x00,0x14,0xff,0xff,0xff,0xff,
  0x00,0x00,0x00,0x00,0x00,0x00,0x00,0xef,0x00,0x00,0x00,0x13,0x00,0x00,0x00,0x0a,0x00,0x00,0x00,0x08,0x00,0x00,0x00,0x13,
  0xff,0xff,0xff,0xff,0x00,0x00,0x00,0x00,0x00,0x00,0x00,0xf0,0x00,0x00,0x00,0x14,0x00,0x00,0x00,0x11,0x00,0x00,0x00,0x11,
  0x00,0x00,0x00,0x14,0x00,0x00,0x00,0x00,0x00,0x00,0x00,0x00,0x00,0x00,0x00,0xf1,0x00,0x00,0x00,0x13,0x00,0x00,0x00,0x11,
  0x00,0x00,0x00,0x11,0x00,0x00,0x00,0x13,0x00,0x00,0x00,0x00,0x00,0x00,0x00,0x00,0x00,0x00,0x00,0xf2,0x00,0x00,0x00,0x14,
  0x00,0x00,0x00,0x11,0x00,0x00,0x00,0x11,0x00,0x00,0x00,0x14,0x00,0x00,0x00,0x00,0x00,0x00,0x00,0x00,0x00,0x00,0x00,0xf3,
  0x00,0x00,0x00,0x14,0x00,0x00,0x00,0x11,0x00,0x00,0x00,0x11,0x00,0x00,0x00,0x14,0x00,0x00,0x00,0x00,0x00,0x00,0x00,0x00,
  0x00,0x00,0x00,0xf4,0x00,0x00,0x00,0x14,0x00,0x00,0x00,0x11,0x00,0x00,0x00,0x11,0x00,0x00,0x00,0x14,0x00,0x00,0x00,0x00,
  0x00,0x00,0x00,0x00,0x00,0x00,0x00,0xf5,0x00,0x00,0x00,0x13,0x00,0x00,0x00,0x11,0x00,0x00,0x00,0x11,0x00,0x00,0x00,0x13,
  0x00,0x00,0x00,0x00,0x00,0x00,0x00,0x00,0x00,0x00,0x00,0xf6,0x00,0x00,0x00,0x13,0x00,0x00,0x00,0x11,0x00,0x00,0x00,0x11,
  0x00,0x00,0x00,0x13,0x00,0x00,0x00,0x00,0x00,0x00,0x00,0x00,0x00,0x00,0x00,0xf7,0x00,0x00,0x00,0x13,0x00,0x00,0x00,0x0f,
  0x00,0x00,0x00,0x0f,0x00,0x00,0x00,0x13,0x00,0x00,0x00,0x00,0x00,0x00,0x00,0x00,0x00,0x00,0x00,0xf8,0x00,0x00,0x00,0x11,
  0x00,0x00,0x00,0x11,0x00,0x00,0x00,0x11,0x00,0x00,0x00,0x10,0x00,0x00,0x00,0x00,0x00,0x00,0x00,0x00,0x00,0x00,0x00,0xf9,
  0x00,0x00,0x00,0x14,0x00,0x00,0x00,0x11,0x00,0x00,0x00,0x11,0x00,0x00,0x00,0x14,0x00,0x00,0x00,0x00,0x00,0x00,0x00,0x00,
  0x00,0x00,0x00,0xfa,0x00,0x00,0x00,0x14,0x00,0x00,0x00,0x11,0x00,0x00,0x00,0x11,0x00,0x00,0x00,0x14,0x00,0x00,0x00,0x00,
  0x00,0x00,0x00,0x00,0x00,0x00,0x00,0xfb,0x00,0x00,0x00,0x14,0x00,0x00,0x00,0x11,0x00,0x00,0x00,0x11,0x00,0x00,0x00,0x14,
  0x00,0x00,0x00,0x00,0x00,0x00,0x00,0x00,0x00,0x00,0x00,0xfc,0x00,0x00,0x00,0x13,0x00,0x00,0x00,0x11,0x00,0x00,0x00,0x11,
  0x00,0x00,0x00,0x13,0x00,0x00,0x00,0x00,0x00,0x00,0x00,0x00,0x00,0x00,0x00,0xfd,0x00,0x00,0x00,0x1a,0x00,0x00,0x00,0x10,
  0x00,0x00,0x00,0x10,0x00,0x00,0x00,0x14,0x00,0x00,0x00,0x00,0x00,0x00,0x00,0x00,0x00,0x00,0x00,0xfe,0x00,0x00,0x00,0x1a,
  0x00,0x00,0x00,0x11,0x00,0x00,0x00,0x11,0x00,0x00,0x00,0x14,0x00,0x00,0x00,0x00,0x00,0x00,0x00,0x00,0x00,0x00,0x00,0xff,
  0x00,0x00,0x00,0x19,0x00,0x00,0x00,0x10,0x00,0x00,0x00,0x10,0x00,0x00,0x00,0x13,0x00,0x00,0x00,0x00,0x00,0x00,0x00,0x00,
  0x00,0x00,0x04,0x01,0x00,0x00,0x00,0x19,0x00,0x00,0x00,0x13,0x00,0x00,0x00,0x13,0x00,0x00,0x00,0x19,0x00,0x00,0x00,0x00,
  0x00,0x00,0x00,0x00,0x00,0x00,0x04,0x10,0x00,0x00,0x00,0x14,0x00,0x00,0x00,0x15,0x00,0x00,0x00,0x14,0x00,0x00,0x00,0x14,
  0x00,0x00,0x00,0x00,0x00,0x00,0x00,0x00,0x00,0x00,0x04,0x11,0x00,0x00,0x00,0x14,0x00,0x00,0x00,0x14,0x00,0x00,0x00,0x14,
  0x00,0x00,0x00,0x14,0x00,0x00,0x00,0x00,0x00,0x00,0x00,0x00,0x00,0x00,0x04,0x12,0x00,0x00,0x00,0x14,0x00,0x00,0x00,0x14,
  0x00,0x00,0x00,0x14,0x00,0x00,0x00,0x14,0x00,0x00,0x00,0x00,0x00,0x00,0x00,0x00,0x00,0x00,0x04,0x13,0x00,0x00,0x00,0x14,
  0x00,0x00,0x00,0x10,0x00,0x00,0x00,0x10,0x00,0x00,0x00,0x14,0x00,0x00,0x00,0x00,0x00,0x00,0x00,0x00,0x00,0x00,0x04,0x14,
  0x00,0x00,0x00,0x18,0x00,0x00,0x00,0x15,0x00,0x00,0x00,0x14,0x00,0x00,0x00,0x14,0xff,0xff,0xff,0xff,0x00,0x00,0x00,0x00,
  0x00,0x00,0x04,0x15,0x00,0x00,0x00,0x14,0x00,0x00,0x00,0x13,0x00,0x00,0x00,0x13,0x00,0x00,0x00,0x14,0x00,0x00,0x00,0x00,
  0x00,0x00,0x00,0x00,0x00,0x00,0x04,0x16,0x00,0x00,0x00,0x14,0x00,0x00,0x00,0x19,0x00,0x00,0x00,0x19,0x00,0x00,0x00,0x14,
  0x00,0x00,0x00,0x00,0x00,0x00,0x00,0x00,0x00,0x00,0x04,0x17,0x00,0x00,0x00,0x14,0x00,0x00,0x00,0x12,0x00,0x00,0x00,0x12,
  0x00,0x00,0x00,0x14,0x00,0x00,0x00,0x00,0x00,0x00,0x00,0x00,0x00,0x00,0x04,0x18,0x00,0x00,0x00,0x14,0x00,0x00,0x00,0x14,
  0x00,0x00,0x00,0x14,0x00,0x00,0x00,0x14,0x00,0x00,0x00,0x00,0x00,0x00,0x00,0x00,0x00,0x00,0x04,0x19,0x00,0x00,0x00,0x1a,
  0x00,0x00,0x00,0x14,0x00,0x00,0x00,0x14,0x00,0x00,0x00,0x1a,0x00,0x00,0x00,0x00,0x00,0x00,0x00,0x00,0x00,0x00,0x04,0x1a,
  0x00,0x00,0x00,0x14,0x00,0x00,0x00,0x11,0x00,0x00,0x00,0x11,0x00,0x00,0x00,0x14,0x00,0x00,0x00,0x00,0x00,0x00,0x00,0x00,
  0x00,0x00,0x04,0x1b,0x00,0x00,0x00,0x14,0x00,0x00,0x00,0x14,0x00,0x00,0x00,0x14,0x00,0x00,0x00,0x14,0x00,0x00,0x00,0x00,
  0x00,0x00,0x00,0x00,0x00,0x00,0x04,0x1c,0x00,0x00,0x00,0x14,0x00,0x00,0x00,0x17,0x00,0x00,0x00,0x17,0x00,0x00,0x00,0x14,
  0x00,0x00,0x00,0x00,0x00,0x00,0x00,0x00,0x00,0x00,0x04,0x1d,0x00,0x00,0x00,0x14,0x00,0x00,0x00,0x14,0x00,0x00,0x00,0x14,
  0x00,0x00,0x00,0x14,0x00,0x00,0x00,0x00,0x00,0x00,0x00,0x00,0x00,0x00,0x04,0x1e,0x00,0x00,0x00,0x14,0x00,0x00,0x00,0x16,
  0x00,0x00,0x00,0x16,0x00,0x00,0x00,0x14,0x00,0x00,0x00,0x00,0x00,0x00,0x00,0x00,0x00,0x00,0x04,0x1f,0x00,0x00,0x00,0x14,
  0x00,0x00,0x00,0x14,0x00,0x00,0x00,0x14,0x00,0x00,0x00,0x14,0x00,0x00,0x00,0x00,0x00,0x00,0x00,0x00,0x00,0x00,0x04,0x20,
  0x00,0x00,0x00,0x14,0x00,0x00,0x00,0x13,0x00,0x00,0x00,0x13,0x00,0x00,0x00,0x14,0x00,0x00,0x00,0x00,0x00,0x00,0x00,0x00,
  0x00,0x00,0x04,0x21,0x00,0x00,0x00,0x14,0x00,0x00,0x00,0x14,0x00,0x00,0x00,0x14,0x00,0x00,0x00,0x14,0x00,0x00,0x00,0x00,
  0x00,0x00,0x00,0x00,0x00,0x00,0x04,0x22,0x00,0x00,0x00,0x14,0x00,0x00,0x00,0x11,0x00,0x00,0x00,0x11,0x00,0x00,0x00,0x14,
  0x00,0x00,0x00,0x00,0x00,0x00,0x00,0x00,0x00,0x00,0x04,0x23,0x00,0x00,0x00,0x14,0x00,0x00,0x00,0x12,0x00,0x00,0x00,0x11,
  0x00,0x00,0x00,0x14,0x00,0x00,0x00,0x00,0x00,0x00,0x00,0x00,0x00,0x00,0x04,0x24,0x00,0x00,0x00,0x14,0x00,0x00,0x00,0x18,
  0x00,0x00,0x00,0x18,0x00,0x00,0x00,0x14,0x00,0x00,0x00,0x00,0x00,0x00,0x00,0x00,0x00,0x00,0x04,0x25,0x00,0x00,0x00,0x14,
  0x00,0x00,0x00,0x13,0x00,0x00,0x00,0x13,0x00,0x00,0x00,0x14,0x00,0x00,0x00,0x00,0x00,0x00,0x00,0x00,0x00,0x00,0x04,0x26,
  0x00,0x00,0x00,0x18,0x00,0x00,0x00,0x14,0x00,0x00,0x00,0x14,0x00,0x00,0x00,0x14,0x00,0x00,0x00,0x00,0x00,0x00,0x00,0x00,
  0x00,0x00,0x04,0x27,0x00,0x00,0x00,0x14,0x00,0x00,0x00,0x14,0x00,0x00,0x00,0x14,0x00,0x00,0x00,0x14,0x00,0x00,0x00,0x00,
  0x00,0x00,0x00,0x00,0x00,0x00,0x04,0x28,0x00,0x00,0x00,0x15,0x00,0x00,0x00,0x1c,0x00,0x00,0x00,0x1c,0x00,0x00,0x00,0x14,
  0x00,0x00,0x00,0x00,0x00,0x00,0x00,0x00,0x00,0x00,0x04,0x29,0x00,0x00,0x00,0x18,0x00,0x00,0x00,0x1d,0x00,0x00,0x00,0x1d,
  0x00,0x00,0x00,0x14,0x00,0x00,0x00,0x00,0x00,0x00,0x00,0x00,0x00,0x00,0x04,0x2a,0x00,0x00,0x00,0x14,0x00,0x00,0x00,0x18,
  0x00,0x00,0x00,0x18,0x00,0x00,0x00,0x14,0x00,0x00,0x00,0x00,0x00,0x00,0x00,0x00,0x00,0x00,0x04,0x2b,0x00,0x00,0x00,0x14,
  0x00,0x00,0x00,0x1b,0x00,0x00,0x00,0x1b,0x00,0x00,0x00,0x14,0x00,0x00,0x00,0x00,0x00,0x00,0x00,0x00,0x00,0x00,0x04,0x2c,
  0x00,0x00,0x00,0x14,0x00,0x00,0x00,0x14,0x00,0x00,0x00,0x14,0x00,0x00,0x00,0x14,0x00,0x00,0x00,0x00,0x00,0x00,0x00,0x00,
  0x00,0x00,0x04,0x2d,0x00,0x00,0x00,0x14,0x00,0x00,0x00,0x14,0x00,0x00,0x00,0x14,0x00,0x00,0x00,0x14,0x00,0x00,0x00,0x00,
  0x00,0x00,0x00,0x00,0x00,0x00,0x04,0x2e,0x00,0x00,0x00,0x14,0x00,0x00,0x00,0x1d,0x00,0x00,0x00,0x1d,0x00,0x00,0x00,0x14,
  0x00,0x00,0x00,0x00,0x00,0x00,0x00,0x00,0x00,0x00,0x04,0x2f,0x00,0x00,0x00,0x14,0x00,0x00,0x00,0x14,0x00,0x00,0x00,0x14,
  0x00,0x00,0x00,0x14,0x00,0x00,0x00,0x00,0x00,0x00,0x00,0x00,0x00,0x00,0x04,0x30,0x00,0x00,0x00,0x0f,0x00,0x00,0x00,0x10,
  0x00,0x00,0x00,0x10,0x00,0x00,0x00,0x0f,0x00,0x00,0x00,0x00,0x00,0x00,0x00,0x00,0x00,0x00,0x04,0x31,0x00,0x00,0x00,0x15,
  0x00,0x00,0x00,0x11,0x00,0x00,0x00,0x11,0x00,0x00,0x00,0x15,0x00,0x00,0x00,0x00,0x00,0x00,0x00,0x00,0x00,0x00,0x04,0x32,
  0x00,0x00,0x00,0x0f,0x00,0x00,0x00,0x11,0x00,0x00,0x00,0x11,0x00,0x00,0x00,0x0f,0x00,0x00,0x00,0x00,0x00,0x00,0x00,0x00,
  0x00,0x00,0x04,0x33,0x00,0x00,0x00,0x0f,0x00,0x00,0x00,0x0c,0x00,0x00,0x00,0x0c,0x00,0x00,0x00,0x0f,0x00,0x00,0x00,0x00,
  0x00,0x00,0x00,0x00,0x00,0x00,0x04,0x34,0x00,0x00,0x00,0x13,0x00,0x00,0x00,0x13,0x00,0x00,0x00,0x12,0x00,0x00,0x00,0x0f,
  0xff,0xff,0xff,0xff,0x00,0x00,0x00,0x00,0x00,0x00,0x04,0x35,0x00,0x00,0x00,0x0f,0x00,0x00,0x00,0x10,0x00,0x00,0x00,0x10,
  0x00,0x00,0x00,0x0f,0x00,0x00,0x00,0x00,0x00,0x00,0x00,0x00,0x00,0x00,0x04,0x36,0x00,0x00,0x00,0x0f,0x00,0x00,0x00,0x15,
  0x00,0x00,0x00,0x14,0x00,0x00,0x00,0x0f,0xff,0xff,0xff,0xff,0x00,0x00,0x00,0x00,0x00,0x00,0x04,0x37,0x00,0x00,0x00,0x0f,
  0x00,0x00,0x00,0x0e,0x00,0x00,0x00,0x0e,0x00,0x00,0x00,0x0f,0x00,0x00,0x00,0x00,0x00,0x00,0x00,0x00,0x00,0x00,0x04,0x38,
  0x00,0x00,0x00,0x0f,0x00,0x00,0x00,0x11,0x00,0x00,0x00,0x11,0x00,0x00,0x00,0x0f,0x00,0x00,0x00,0x00,0x00,0x00,0x00,0x00,
  0x00,0x00,0x04,0x39,0x00,0x00,0x00,0x14,0x00,0x00,0x00,0x11,0x00,0x00,0x00,0x11,0x00,0x00,0x00,0x14,0x00,0x00,0x00,0x00,
  0x00,0x00,0x00,0x00,0x00,0x00,0x04,0x3a,0x00,0x00,0x00,0x0f,0x00,0x00,0x00,0x0f,0x00,0x00,0x00,0x0e,0x00,0x00,0x00,0x0f,
  0x00,0x00,0x00,0x00,0x00,0x00,0x00,0x00,0x00,0x00,0x04,0x3b,0x00,0x00,0x00,0x0f,0x00,0x00,0x00,0x12,0x00,0x00,0x00,0x12,
  0x00,0x00,0x00,0x0f,0x00,0x00,0x00,0x00,0x00,0x00,0x00,0x00,0x00,0x00,0x04,0x3c,0x00,0x00,0x00,0x0f,0x00,0x00,0x00,0x15,
  0x00,0x00,0x00,0x15,0x00,0x00,0x00,0x0f,0x00,0x00,0x00,0x00,0x00,0x00,0x00,0x00,0x00,0x00,0x04,0x3d,0x00,0x00,0x00,0x0f,
  0x00,0x00,0x00,0x11,0x00,0x00,0x00,0x11,0x00,0x00,0x00,0x0f,0x00,0x00,0x00,0x00,0x00,0x00,0x00,0x00,0x00,0x00,0x04,0x3e,
  0x00,0x00,0x00,0x0f,0x00,0x00,0x00,0x11,0x00,0x00,0x00,0x11,0x00,0x00,0x00,0x0f,0x00,0x00,0x00,0x00,0x00,0x00,0x00,0x00,
  0x00,0x00,0x04,0x3f,0x00,0x00,0x00,0x0f,0x00,0x00,0x00,0x11,0x00,0x00,0x00,0x11,0x00,0x00,0x00,0x0f,0x00,0x00,0x00,0x00,
  0x00,0x00,0x00,0x00,0x00,0x00,0x04,0x40,0x00,0x00,0x00,0x15,0x00,0x00,0x00,0x11,0x00,0x00,0x00,0x11,0x00,0x00,0x00,0x0f,
  0x00,0x00,0x00,0x00,0x00,0x00,0x00,0x00,0x00,0x00,0x04,0x41,0x00,0x00,0x00,0x0f,0x00,0x00,0x00,0x10,0x00,0x00,0x00,0x10,
  0x00,0x00,0x00,0x0f,0x00,0x00,0x00,0x00,0x00,0x00,0x00,0x00,0x00,0x00,0x04,0x42,0x00,0x00,0x00,0x0f,0x00,0x00,0x00,0x0e,
  0x00,0x00,0x00,0x0e,0x00,0x00,0x00,0x0f,0x00,0x00,0x00,0x00,0x00,0x00,0x00,0x00,0x00,0x00,0x04,0x43,0x00,0x00,0x00,0x15,
  0x00,0x00,0x00,0x10,0x00,0x00,0x00,0x10,0x00,0x00,0x00,0x0f,0x00,0x00,0x00,0x00,0x00,0x00,0x00,0x00,0x00,0x00,0x04,0x44,
  0x00,0x00,0x00,0x1a,0x00,0x00,0x00,0x19,0x00,0x00,0x00,0x18,0x00,0x00,0x00,0x14,0x00,0x00,0x00,0x00,0x00,0x00,0x00,0x00,
  0x00,0x00,0x04,0x45,0x00,0x00,0x00,0x0f,0x00,0x00,0x00,0x10,0x00,0x00,0x00,0x10,0x00,0x00,0x00,0x0f,0x00,0x00,0x00,0x00,
  0x00,0x00,0x00,0x00,0x00,0x00,0x04,0x46,0x00,0x00,0x00,0x13,0x00,0x00,0x00,0x11,0x00,0x00,0x00,0x11,0x00,0x00,0x00,0x0f,
  0x00,0x00,0x00,0x00,0x00,0x00,0x00,0x00,0x00,0x00,0x04,0x47,0x00,0x00,0x00,0x0f,0x00,0x00,0x00,0x10,0x00,0x00,0x00,0x10,
  0x00,0x00,0x00,0x0f,0x00,0x00,0x00,0x00,0x00,0x00,0x00,0x00,0x00,0x00,0x04,0x48,0x00,0x00,0x00,0x0f,0x00,0x00,0x00,0x17,
  0x00,0x00,0x00,0x17,0x00,0x00,0x00,0x0f,0x00,0x00,0x00,0x00,0x00,0x00,0x00,0x00,0x00,0x00,0x04,0x49,0x00,0x00,0x00,0x13,
  0x00,0x00,0x00,0x18,0x00,0x00,0x00,0x18,0x00,0x00,0x00,0x0f,0x00,0x00,0x00,0x00,0x00,0x00,0x00,0x00,0x00,0x00,0x04,0x4a,
  0x00,0x00,0x00,0x0f,0x00,0x00,0x00,0x14,0x00,0x00,0x00,0x14,0x00,0x00,0x00,0x0f,0x00,0x00,0x00,0x00,0x00,0x00,0x00,0x00,
  0x00,0x00,0x04,0x4b,0x00,0x00,0x00,0x0f,0x00,0x00,0x00,0x18,0x00,0x00,0x00,0x18,0x00,0x00,0x00,0x0f,0x00,0x00,0x00,0x00,
  0x00,0x00,0x00,0x00,0x00,0x00,0x04,0x4c,0x00,0x00,0x00,0x0f,0x00,0x00,0x00,0x11,0x00,0x00,0x00,0x11,0x00,0x00,0x00,0x0f,
  0x00,0x00,0x00,0x00,0x00,0x00,0x00,0x00,0x00,0x00,0x04,0x4d,0x00,0x00,0x00,0x0f,0x00,0x00,0x00,0x0f,0x00,0x00,0x00,0x0f,
  0x00,0x00,0x00,0x0f,0x00,0x00,0x00,0x00,0x00,0x00,0x00,0x00,0x00,0x00,0x04,0x4e,0x00,0x00,0x00,0x0f,0x00,0x00,0x00,0x18,
  0x00,0x00,0x00,0x18,0x00,0x00,0x00,0x0f,0x00,0x00,0x00,0x00,0x00,0x00,0x00,0x00,0x00,0x00,0x04,0x4f,0x00,0x00,0x00,0x0f,
  0x00,0x00,0x00,0x11,0x00,0x00,0x00,0x10,0x00,0x00,0x00,0x0f,0xff,0xff,0xff,0xff,0x00,0x00,0x00,0x00,0x00,0x00,0x04,0x51,
  0x00,0x00,0x00,0x13,0x00,0x00,0x00,0x10,0x00,0x00,0x00,0x10,0x00,0x00,0x00,0x13,0x00,0x00,0x00,0x00,0x00,0x00,0x00,0x00,
  0x00,0x00,0x20,0x13,0x00,0x00,0x00,0x09,0x00,0x00,0x00,0x11,0x00,0x00,0x00,0x10,0x00,0x00,0x00,0x09,0xff,0xff,0xff,0xff,
  0x00,0x00,0x00,0x00,0x00,0x00,0x20,0x14,0x00,0x00,0x00,0x09,0x00,0x00,0x00,0x1c,0x00,0x00,0x00,0x1c,0x00,0x00,0x00,0x09,
  0x00,0x00,0x00,0x00,0x00,0x00,0x00,0x00,0x00,0x00,0x20,0x26,0x00,0x00,0x00,0x04,0x00,0x00,0x00,0x1c,0x00,0x00,0x00,0x1c,
  0x00,0x00,0x00,0x04,0x00,0x00,0x00,0x00,0x00,0x00,0x00,0x00,0x00,0x00,0x20,0x39,0x00,0x00,0x00,0x0e,0x00,0x00,0x00,0x09,
  0x00,0x00,0x00,0x09,0x00,0x00,0x00,0x0e,0x00,0x00,0x00,0x00,0x00,0x00,0x00,0x00,0x00,0x00,0x20,0x3a,0x00,0x00,0x00,0x0e,
  0x00,0x00,0x00,0x09,0x00,0x00,0x00,0x09,0x00,0x00,0x00,0x0e,0x00,0x00,0x00,0x00,0x00,0x00,0x00,0x00,0x00,0x00,0x21,0x90,
  0x00,0x00,0x00,0x0c,0x00,0x00,0x00,0x1c,0x00,0x00,0x00,0x1c,0x00,0x00,0x00,0x0c,0x00,0x00,0x00,0x00,0x00,0x00,0x00,0x00,
  0x00,0x00,0x21,0x92,0x00,0x00,0x00,0x0c,0x00,0x00,0x00,0x1c,0x00,0x00,0x00,0x1c,0x00,0x00,0x00,0x0c,0x00,0x00,0x00,0x00,
  0x00,0x00,0x00,0x00,0x00,0x00,0x7c,0xff,0xff,0xff,0xac,0x00,0x00,0x00,0x00,0x7c,0xff,0xff,0xff,0xac,0x00,0x00,0x00,0x00,
  0x7c,0xff,0xff,0xff,0xac,0x00,0x00,0x00,0x00,0x7c,0xff,0xff,0xff,0xac,0x00,0x00,0x00,0x00,0x77,0xff,0xff,0xff,0xa7,0x00,
  0x00,0x00,0x00,0x5f,0xff,0xff,0xff,0x8f,0x00,0x00,0x00,0x00,0x45,0xff,0xff,0xff,0x75,0x00,0x00,0x00,0x00,0x2a,0xff,0xff,
  0xff,0x5a,0x00,0x00,0x00,0x00,0x0f,0xff,0xff,0xff,0x40,0x00,0x00,0x00,0x00,0x00,0xf4,0xff,0xff,0x26,0x00,0x00,0x00,0x00,
  0x00,0xda,0xff,0xff,0x0c,0x00,0x00,0x00,0x00,0x00,0xbf,0xff,0xf1,0x00,0x00,0x00,0x00,0x00,0x00,0xa4,0xff,0xd7,0x00,0x00,
  0x00,0x00,0x00,0x00,0x89,0xff,0xbd,0x00,0x00,0x00,0x00,0x00,0x00,0x00,0x00,0x00,0x00,0x00,0x00,0x00,0x00,0x00,0x00,0x00,
  0x00,0x00,0x00,0x00,0x00,0x00,0x50,0xff,0xff,0xff,0x84,0x00,0x00,0x00,0x00,0x50,0xff,0xff,0xff,0x84,0x00,0x00,0x00,0x00,
  0x50,0xff,0xff,0xff,0x84,0x00,0x00,0x00,0x00,0x50,0xff,0xff,0xff,0x84,0x00,0x00,0x00,0x78,0xff,0xff,0xff,0xb8,0x00,0x4c,
  0xff,0xff,0xff,0xe0,0x00,0x00,0x78,0xff,0xff,0xff,0xb8,0x00,0x4c,0xff,0xff,0xff,0xe0,0x00,0x00,0x78,0xff,0xff,0xff,0xb8,
  0x00,0x4c,0xff,0xff,0xff,0xe0,0x00,0x00,0x6c,0xff,0xff,0xff,0xad,0x00,0x40,0xff,0xff,0xff,0xd5,0x00,0x00,0x3e,0xff,0xff,
  0xff,0x84,0x00,0x12,0xff,0xff,0xff,0xac,0x00,0x00,0x0d,0xfe,0xff,0xff,0x59,0x00,0x00,0xe0,0xff,0xff,0x81,0x00,0x00,0x00,
  0xd9,0xff,0xff,0x2d,0x00,0x00,0xad,0xff,0xff,0x55,0x00,0x00,0x00,0x00,0x00,0x00,0x00,0x00,0x00,0x00,0x00,0x00,0x00,0x00,
  0x00,0x00,0x00,0x00,0x00,0x00,0x00,0x00,0x00,0x00,0x00,0x00,0x00,0x00,0x00,0x00,0x00,0x00,0x00,0x00,0x00,0x00,0x00,0x00,
  0x00,0x00,0x00,0x00,0x00,0x00,0x00,0x00,0x00,0x00,0x00,0x00,0x00,0x00,0x00,0x00,0x00,0x00,0x00,0x00,0x00,0x00,0x00,0x00,
  0x00,0x00,0x00,0x00,0x00,0x00,0x00,0x00,0x00,0x00,0x00,0x00,0x00,0x00,0x00,0x00,0x00,0x00,0x00,0x00,0x00,0x00,0x00,0x00,
  0x00,0x00,0x00,0x00,0x00,0x00,0x00,0x00,0x00,0x00,0x00,0x00,0x00,0x00,0x00,0x00,0x00,0x00,0x00,0x00,0x00,0x00,0x00,0x00,
  0x00,0x00,0x00,0x00,0x00,0x00,0x00,0x00,0x00,0x00,0x00,0x00,0x00,0x00,0x00,0x00,0x00,0x00,0x00,0x00,0x00,0x00,0x00,0x00,
  0x00,0x00,0x00,0x00,0x00,0x00,0x00,0x00,0x00,0x00,0x00,0x00,0x00,0x00,0x00,0x00,0x00,0x00,0x00,0x00,0x00,0x00,0x00,0x00,
  0x00,0x00,0x00,0x00,0x00,0x00,0x00,0x00,0x00,0x00,0x00,0x00,0x00,0x00,0x00,0x00,0x00,0xe3,0xff,0xff,0x2c,0x00,0x00,0xd3,
  0xff,0xff,0x58,0x00,0x00,0x00,0x00,0x00,0x18,0xff,0xff,0xf4,0x03,0x00,0x0a,0xfc,0xff,0xff,0x22,0x00,0x00,0x00,0x00,0x00,
  0x4e,0xff,0xff,0xc1,0x00,0x00,0x3c,0xff,0xff,0xeb,0x00,0x00,0x00,0x00,0x00,0x00,0x84,0xff,0xff,0x8c,0x00,0x00,0x71,0xff,
  0xff,0xb5,0x00,0x00,0x00,0x00,0x00,0x00,0xb9,0xff,0xff,0x56,0x00,0x00,0xa6,0xff,0xff,0x7f,0x00,0x00,0xc0,0xff,0xff,0xff,
  0xff,0xff,0xff,0xff,0xff,0xff,0xff,0xff,0xff,0xff,0xff,0x40,0xc0,0xff,0xff,0xff,0xff,0xff,0xff,0xff,0xff,0xff,0xff,0xff,
  0xff,0xff,0xff,0x40,0xc0,0xff,0xff,0xff,0xff,0xff,0xff,0xff,0xff,0xff,0xff,0xff,0xff,0xff,0xff,0x40,0x00,0x00,0x00,0x90,
  0xff,0xff,0x80,0x00,0x00,0x77,0xff,0xff,0xa8,0x00,0x00,0x00,0x00,0x00,0x00,0xc6,0xff,0xff,0x4b,0x00,0x00,0xac,0xff,0xff,
  0x72,0x00,0x00,0x00,0x00,0x00,0x04,0xf6,0xff,0xff,0x17,0x00,0x00,0xe1,0xff,0xff,0x3c,0x00,0x00,0x00,0x00,0x00,0x31,0xff,
  0xff,0xe2,0x00,0x00,0x15,0xff,0xff,0xfc,0x0a,0x00,0x00,0x00,0xc0,0xff,0xff,0xff,0xff,0xff,0xff,0xff,0xff,0xff,0xff,0xff,
  0xff,0xff,0xff,0x40,0xc0,0xff,0xff,0xff,0xff,0xff,0xff,0xff,0xff,0xff,0xff,0xff,0xff,0xff,0xff,0x40,0xc0,0xff,0xff,0xff,
  0xff,0xff,0xff,0xff,0xff,0xff,0xff,0xff,0xff,0xff,0xff,0x40,0x00,0x0a,0xfc,0xff,0xfe,0x0e,0x00,0x00,0xe6,0xff,0xff,0x2c,
  0x00,0x00,0x00,0x00,0x00,0x3d,0xff,0xff,0xd7,0x00,0x00,0x1b,0xff,0xff,0xf4,0x03,0x00,0x00,0x00,0x00,0x00,0x72,0xff,0xff,
  0xa1,0x00,0x00,0x50,0xff,0xff,0xc1,0x00,0x00,0x00,0x00,0x00,0x00,0xa8,0xff,0xff,0x6c,0x00,0x00,0x85,0xff,0xff,0x8c,0x00,
  0x00,0x00,0x00,0x00,0x00,0xdd,0xff,0xff,0x36,0x00,0x00,0xba,0xff,0xff,0x56,0x00,0x00,0x00,0x00,0x00,0x00,0x00,0x00,0x00,
  0x00,0x00,0x50,0xff,0xac,0x00,0x00,0x00,0x00,0x00,0x00,0x00,0x00,0x00,0x00,0x03,0x63,0xc2,0xf5,0xff,0xfd,0xd4,0x80,0x0f,
  0x00,0x00,0x00,0x00,0x00,0x00,0x0e,0xc0,0xff,0xff,0xff,0xff,0xff,0xff,0xff,0xdf,0x20,0x00,0x00,0x00,0x00,0x00,0xa8,0xff,
  0xff,0xff,0xff,0xff,0xff,0xff,0xff,0xff,0xc4,0x03,0x00,0x00,0x00,0x28,0xff,0xff,0xff,0xbb,0x6b,0xff,0xb3,0x90,0xff,0xff,
  0xff,0x4e,0x00,0x00,0x00,0x69,0xff,0xff,0xff,0x19,0x50,0xff,0xac,0x02,0xdb,0xff,0xff,0x9d,0x00,0x00,0x00,0x7b,0xff,0xff,
  0xf6,0x01,0x50,0xff,0xac,0x00,0x00,0x00,0x00,0x00,0x00,0x00,0x00,0x66,0xff,0xff,0xff,0x56,0x50,0xff,0xac,0x00,0x00,0x00,
  0x00,0x00,0x00,0x00,0x00,0x26,0xff,0xff,0xff,0xf8,0xb9,0xff,0xac,0x00,0x00,0x00,0x00,0x00,0x00,0x00,0x00,0x00,0xac,0xff,
  0xff,0xff,0xff,0xff,0xe8,0x83,0x2b,0x00,0x00,0x00,0x00,0x00,0x00,0x00,0x12,0xce,0xff,0xff,0xff,0xff,0xff,0xff,0xff,0xb9,
  0x27,0x00,0x00,0x00,0x00,0x00,0x00,0x08,0x84,0xf1,0xff,0xff,0xff,0xff,0xff,0xff,0xf0,0x31,0x00,0x00,0x00,0x00,0x00,0x00,
  0x00,0x0a,0x80,0xff,0xff,0xff,0xff,0xff,0xff,0xcc,0x00,0x00,0x00,0x00,0x00,0x00,0x00,0x00,0x50,0xff,0xaf,0x50,0xe8,0xff,
  0xff,0xff,0x26,0x00,0x00,0x00,0x00,0x00,0x00,0x00,0x50,0xff,0xac,0x00,0x47,0xff,0xff,0xff,0x4b,0x00,0x01,0xf0,0xff,0xff,
  0xaf,0x00,0x50,0xff,0xac,0x00,0x0f,0xff,0xff,0xff,0x47,0x00,0x00,0xb2,0xff,0xff,0xfa,0x27,0x50,0xff,0xac,0x00,0x40,0xff,
  0xff,0xff,0x1e,0x00,0x00,0x50,0xff,0xff,0xff,0xd9,0x76,0xff,0xae,0x35,0xd9,0xff,0xff,0xc3,0x00,0x00,0x00,0x00,0xbb,0xff,
  0xff,0xff,0xff,0xff,0xff,0xff,0xff,0xff,0xf7,0x31,0x00,0x00,0x00,0x00,0x11,0xc2,0xff,0xff,0xff,0xff,0xff,0xff,0xff,0xea,
  0x41,0x00,0x00,0x00,0x00,0x00,0x00,0x02,0x5e,0xbf,0xf4,0xff,0xfc,0xce,0x7b,0x11,0x00,0x00,0x00,0x00,0x00,0x00,0x00,0x00,
  0x00,0x00,0x50,0xff,0xac,0x00,0x00,0x00,0x00,0x00,0x00,0x00,0x00,0x00,0x00,0x00,0x00,0x00,0x50,0xff,0xac,0x00,0x00,0x00,
  0x00,0x00,0x00,0x00,0x00,0x00,0x0b,0x89,0xde,0xfa,0xea,0xa7,0x24,0x00,0x00,0x00,0x00,0x00,0x00,0x05,0xdf,0xff,0xdb,0x03,
  0x00,0x00,0x00,0x00,0x00,0x00,0x05,0xc5,0xff,0xff,0xff,0xff,0xff,0xee,0x23,0x00,0x00,0x00,0x00,0x00,0x68,0xff,0xff,0x5d,
  0x00,0x00,0x00,0x00,0x00,0x00,0x00,0x5c,0xff,0xff,0xb6,0x0f,0x83,0xff,0xff,0xa4,0x00,0x00,0x00,0x00,0x06,0xe2,0xff,0xd9,
  0x03,0x00,0x00,0x00,0x00,0x00,0x00,0x00,0xa4,0xff,0xff,0x55,0x00,0x1d,0xff,0xff,0xeb,0x00,0x00,0x00,0x00,0x6c,0xff,0xff,
  0x5b,0x00,0x00,0x00,0x00,0x00,0x00,0x00,0x00,0xc0,0xff,0xff,0x3c,0x00,0x04,0xff,0xff,0xff,0x08,0x00,0x00,0x08,0xe5,0xff,
  0xd7,0x02,0x00,0x00,0x00,0x00,0x00,0x00,0x00,0x00,0xc1,0xff,0xff,0x3b,0x00,0x04,0xff,0xff,0xff,0x07,0x00,0x00,0x70,0xff,
  0xff,0x59,0x00,0x00,0x00,0x00,0x00,0x00,0x00,0x00,0x00,0xa4,0xff,0xff,0x55,0x00,0x1d,0xff,0xff,0xeb,0x00,0x00,0x09,0xe7,
  0xff,0xd5,0x02,0x00,0x00,0x00,0x00,0x00,0x00,0x00,0x00,0x00,0x5e,0xff,0xff,0xb5,0x0f,0x81,0xff,0xff,0xa3,0x00,0x00,0x74,
  0xff,0xff,0x56,0x00,0x00,0x00,0x00,0x00,0x00,0x00,0x00,0x00,0x00,0x06,0xc8,0xff,0xff,0xff,0xff,0xff,0xee,0x23,0x00,0x0b,
  0xea,0xff,0xd4,0x01,0x00,0x00,0x00,0x00,0x00,0x00,0x00,0x00,0x00,0x00,0x00,0x0c,0x8a,0xde,0xfa,0xec,0xa9,0x25,0x00,0x00,
  0x78,0xff,0xff,0x54,0x00,0x00,0x00,0x00,0x00,0x00,0x00,0x00,0x00,0x00,0x00,0x00,0x00,0x00,0x00,0x00,0x00,0x00,0x00,0x00,
  0x0d,0xec,0xff,0xd2,0x01,0x00,0x00,0x00,0x00,0x00,0x00,0x00,0x00,0x00,0x00,0x00,0x00,0x00,0x00,0x00,0x00,0x00,0x00,0x00,
  0x00,0x7d,0xff,0xff,0x52,0x00,0x00,0x3d,0xba,0xf1,0xf8,0xd2,0x6b,0x01,0x00,0x00,0x00,0x00,0x00,0x00,0x00,0x00,0x00,0x00,
  0x00,0x0f,0xee,0xff,0xd0,0x01,0x00,0x4a,0xfc,0xff,0xff,0xff,0xff,0xff,0x93,0x00,0x00,0x00,0x00,0x00,0x00,0x00,0x00,0x00,
  0x00,0x00,0x81,0xff,0xff,0x50,0x00,0x00,0xd8,0xff,0xff,0x45,0x1e,0xe4,0xff,0xfe,0x27,0x00,0x00,0x00,0x00,0x00,0x00,0x00,
  0x00,0x00,0x11,0xf0,0xff,0xce,0x00,0x00,0x20,0xff,0xff,0xd9,0x00,0x00,0x99,0xff,0xff,0x6e,0x00,0x00,0x00,0x00,0x00,0x00,
  0x00,0x00,0x00,0x85,0xff,0xff,0x4d,0x00,0x00,0x3c,0xff,0xff,0xc0,0x00,0x00,0x80,0xff,0xff,0x8b,0x00,0x00,0x00,0x00,0x00,
  0x00,0x00,0x00,0x13,0xf2,0xff,0xcc,0x00,0x00,0x00,0x3d,0xff,0xff,0xbf,0x00,0x00,0x81,0xff,0xff,0x8b,0x00,0x00,0x00,0x00,
  0x00,0x00,0x00,0x00,0x89,0xff,0xff,0x4b,0x00,0x00,0x00,0x20,0xff,0xff,0xd9,0x00,0x00,0x9a,0xff,0xff,0x6f,0x00,0x00,0x00,
  0x00,0x00,0x00,0x00,0x16,0xf4,0xff,0xca,0x00,0x00,0x00,0x00,0x00,0xd9,0xff,0xff,0x47,0x1f,0xe6,0xff,0xff,0x28,0x00,0x00,
  0x00,0x00,0x00,0x00,0x00,0x8d,0xff,0xff,0x49,0x00,0x00,0x00,0x00,0x00,0x4d,0xfc,0xff,0xff,0xff,0xff,0xff,0x96,0x00,0x00,
  0x00,0x00,0x00,0x00,0x00,0x18,0xf6,0xff,0xc8,0x00,0x00,0x00,0x00,0x00,0x00,0x00,0x40,0xbb,0xf2,0xf9,0xd4,0x6e,0x01,0x00,
  0x00,0x00,0x00,0x00,0x00,0x00,0x0e,0x7d,0xcb,0xf1,0xfb,0xe8,0xb2,0x49,0x00,0x00,0x00,0x00,0x00,0x00,0x00,0x00,0x00,0x00,
  0x00,0x21,0xdf,0xff,0xff,0xff,0xff,0xff,0xff,0xff,0x8e,0x00,0x00,0x00,0x00,0x00,0x00,0x00,0x00,0x00,0x00,0xc6,0xff,0xff,
  0xff,0xff,0xff,0xff,0xff,0xff,0xff,0x56,0x00,0x00,0x00,0x00,0x00,0x00,0x00,0x00,0x24,0xff,0xff,0xff,0xe0,0x35,0x09,0x43,
  0xee,0xff,0xff,0xba,0x00,0x00,0x00,0x00,0x00,0x00,0x00,0x00,0x37,0xff,0xff,0xff,0x91,0x00,0x00,0x00,0x8f,0xff,0xff,0xd7,
  0x00,0x00,0x00,0x00,0x00,0x00,0x00,0x00,0x11,0xfa,0xff,0xff,0xe5,0x13,0x00,0x07,0xcd,0xff,0xff,0xb3,0x00,0x00,0x00,0x00,
  0x00,0x00,0x00,0x00,0x00,0xa8,0xff,0xff,0xff,0xc0,0x26,0xc5,0xff,0xff,0xff,0x47,0x00,0x00,0x00,0x00,0x00,0x00,0x00,0x00,
  0x00,0x20,0xf2,0xff,0xff,0xff,0xfe,0xff,0xff,0xff,0x83,0x00,0x00,0x00,0x00,0x00,0x00,0x00,0x00,0x00,0x00,0x00,0x76,0xff,
  0xff,0xff,0xff,0xff,0xf0,0x5c,0x00,0x00,0x00,0x00,0x00,0x00,0x00,0x00,0x00,0x00,0x0c,0x95,0xfc,0xff,0xff,0xff,0xff,0xff,
  0x7e,0x00,0x00,0x00,0x00,0x00,0x00,0x00,0x00,0x00,0x00,0x18,0xd4,0xff,0xff,0xff,0xff,0xff,0xff,0xff,0xfb,0x3f,0x00,0x16,
  0x49,0x13,0x00,0x00,0x00,0x00,0x04,0xca,0xff,0xff,0xff,0xd1,0x3b,0xbf,0xff,0xff,0xff,0xea,0x1e,0x72,0xff,0xff,0xdc,0x28,
  0x00,0x00,0x5c,0xff,0xff,0xff,0xd8,0x10,0x00,0x11,0xd8,0xff,0xff,0xff,0xcd,0xdd,0xff,0xff,0xed,0x04,0x00,0x00,0xa8,0xff,
  0xff,0xff,0x5b,0x00,0x00,0x00,0x22,0xeb,0xff,0xff,0xff,0xff,0xff,0xff,0x90,0x00,0x00,0x00,0xbe,0xff,0xff,0xff,0x38,0x00,
  0x00,0x00,0x00,0x3a,0xf7,0xff,0xff,0xff,0xff,0xf0,0x18,0x00,0x00,0x00,0xa4,0xff,0xff,0xff,0x7b,0x00,0x00,0x00,0x00,0x00,
  0x8e,0xff,0xff,0xff,0xff,0xdf,0x25,0x00,0x00,0x00,0x50,0xff,0xff,0xff,0xf8,0x6f,0x19,0x08,0x37,0xa4,0xff,0xff,0xff,0xff,
  0xff,0xff,0xf3,0x66,0x01,0x00,0x00,0xb4,0xff,0xff,0xff,0xff,0xff,0xff,0xff,0xff,0xff,0xff,0xff,0xff,0xff,0xff,0xff,0xff,
  0x77,0x00,0x00,0x0a,0xaa,0xff,0xff,0xff,0xff,0xff,0xff,0xff,0xff,0xf9,0x77,0x3d,0xdf,0xff,0xff,0xbc,0x05,0x00,0x00,0x00,
  0x00,0x3e,0x9d,0xd8,0xf2,0xfb,0xec,0xc7,0x83,0x1a,0x00,0x00,0x0d,0x81,0xc6,0x0f,0x00,0x00,0xbc,0xff,0xff,0xff,0x70,0x00,
  0x00,0xbc,0xff,0xff,0xff,0x70,0x00,0x00,0xbc,0xff,0xff,0xff,0x70,0x00,0x00,0xb0,0xff,0xff,0xff,0x65,0x00,0x00,0x82,0xff,
  0xff,0xff,0x3c,0x00,0x00,0x50,0xff,0xff,0xff,0x11,0x00,0x00,0x1d,0xff,0xff,0xe5,0x00,0x00,0x00,0x00,0x00,0x00,0x00,0x00,
  0x00,0x00,0x00,0x00,0x00,0x00,0x00,0x00,0x00,0x00,0x00,0x00,0x00,0x00,0x00,0x00,0x00,0x00,0x00,0x00,0x00,0x00,0x00,0x00,
  0x00,0x00,0x00,0x00,0x00,0x00,0x00,0x00,0x00,0x00,0x00,0x00,0x00,0x00,0x00,0x00,0x00,0x00,0x00,0x00,0x00,0x00,0x00,0x00,
  0x00,0x00,0x00,0x00,0x00,0x00,0x00,0x00,0x00,0x00,0x00,0x00,0x00,0x00,0x00,0x00,0x00,0x00,0x00,0x00,0x00,0x00,0x00,0x00,
  0x00,0x00,0x00,0x00,0x00,0x00,0x00,0x00,0x00,0x00,0x00,0x00,0x00,0x00,0x00,0x00,0x00,0x00,0x83,0xff,0xff,0x33,0x00,0x00,
  0x00,0x00,0x26,0xf8,0xff,0xc2,0x00,0x00,0x00,0x00,0x00,0xba,0xff,0xff,0x58,0x00,0x00,0x00,0x00,0x38,0xff,0xff,0xed,0x07,
  0x00,0x00,0x00,0x00,0xad,0xff,0xff,0x98,0x00,0x00,0x00,0x00,0x21,0xfd,0xff,0xff,0x42,0x00,0x00,0x00,0x00,0x7b,0xff,0xff,
  0xf3,0x05,0x00,0x00,0x00,0x00,0xcb,0xff,0xff,0xbf,0x00,0x00,0x00,0x00,0x0c,0xfc,0xff,0xff,0x91,0x00,0x00,0x00,0x00,0x3b,
  0xff,0xff,0xff,0x64,0x00,0x00,0x00,0x00,0x5f,0xff,0xff,0xff,0x48,0x00,0x00,0x00,0x00,0x78,0xff,0xff,0xff,0x3a,0x00,0x00,
  0x00,0x00,0x83,0xff,0xff,0xff,0x2b,0x00,0x00,0x00,0x00,0x83,0xff,0xff,0xff,0x28,0x00,0x00,0x00,0x00,0x76,0xff,0xff,0xff,
  0x34,0x00,0x00,0x00,0x00,0x59,0xff,0xff,0xff,0x45,0x00,0x00,0x00,0x00,0x31,0xff,0xff,0xff,0x66,0x00,0x00,0x00,0x00,0x05,
  0xf7,0xff,0xff,0x89,0x00,0x00,0x00,0x00,0x00,0xbb,0xff,0xff,0xbe,0x00,0x00,0x00,0x00,0x00,0x6d,0xff,0xff,0xf3,0x03,0x00,
  0x00,0x00,0x00,0x12,0xf7,0xff,0xff,0x3c,0x00,0x00,0x00,0x00,0x00,0xa2,0xff,0xff,0x8a,0x00,0x00,0x00,0x00,0x00,0x38,0xff,
  0xff,0xde,0x01,0x00,0x00,0x00,0x00,0x00,0xb3,0xff,0xff,0x44,0x00,0x00,0x00,0x00,0x00,0x25,0xf9,0xff,0xb1,0x00,0x00,0x00,
  0x00,0x00,0x00,0x8a,0xff,0xfd,0x27,0x01,0xda,0xff,0xd1,0x04,0x00,0x00,0x00,0x00,0x00,0x6b,0xff,0xff,0x72,0x00,0x00,0x00,
  0x00,0x00,0x0d,0xf4,0xff,0xf3,0x1b,0x00,0x00,0x00,0x00,0x00,0x9d,0xff,0xff,0x94,0x00,0x00,0x00,0x00,0x00,0x42,0xff,0xff,
  0xf3,0x0f,0x00,0x00,0x00,0x00,0x03,0xea,0xff,0xff,0x71,0x00,0x00,0x00,0x00,0x00,0xa5,0xff,0xff,0xd4,0x00,0x00,0x00,0x00,
  0x00,0x6c,0xff,0xff,0xff,0x22,0x00,0x00,0x00,0x00,0x3e,0xff,0xff,0xff,0x61,0x00,0x00,0x00,0x00,0x11,0xff,0xff,0xff,0x95,
  0x00,0x00,0x00,0x00,0x00,0xf5,0xff,0xff,0xb8,0x00,0x00,0x00,0x00,0x00,0xe7,0xff,0xff,0xd1,0x00,0x00,0x00,0x00,0x00,0xd8,
  0xff,0xff,0xdb,0x00,0x00,0x00,0x00,0x00,0xd7,0xff,0xff,0xd1,0x00,0x00,0x00,0x00,0x00,0xe8,0xff,0xff,0xbd,0x00,0x00,0x00,
  0x00,0x00,0xf8,0xff,0xff,0xa8,0x00,0x00,0x00,0x00,0x13,0xff,0xff,0xff,0x79,0x00,0x00,0x00,0x00,0x42,0xff,0xff,0xff,0x42,
  0x00,0x00,0x00,0x00,0x71,0xff,0xff,0xfd,0x0d,0x00,0x00,0x00,0x00,0xa3,0xff,0xff,0xc0,0x00,0x00,0x00,0x00,0x00,0xe4,0xff,
  0xff,0x6b,0x00,0x00,0x00,0x00,0x31,0xff,0xff,0xf4,0x0f,0x00,0x00,0x00,0x00,0x87,0xff,0xff,0x94,0x00,0x00,0x00,0x00,0x06,
  0xe8,0xff,0xf6,0x1a,0x00,0x00,0x00,0x00,0x5f,0xff,0xff,0x84,0x00,0x00,0x00,0x00,0x01,0xd3,0xff,0xdd,0x09,0x00,0x00,0x00,
  0x00,0x00,0x00,0x00,0x00,0xe9,0xff,0x79,0x00,0x00,0x00,0x00,0x00,0x00,0x00,0x00,0xd6,0xff,0x62,0x00,0x00,0x00,0x00,0x0e,
  0xd7,0x8b,0x28,0xb5,0xff,0x42,0x1f,0x89,0xae,0x00,0x69,0xff,0xff,0xff,0xf3,0xff,0xbe,0xfc,0xff,0xfe,0x1f,0x0b,0x3e,0x70,
  0xb5,0xff,0xff,0xf7,0x8e,0x5f,0x2b,0x02,0x00,0x00,0x11,0xd3,0xff,0xf9,0xff,0x7d,0x00,0x00,0x00,0x00,0x09,0xc5,0xff,0xd3,
  0x59,0xff,0xff,0x5d,0x00,0x00,0x00,0x6f,0xff,0xff,0x3f,0x00,0xc1,0xff,0xe2,0x0a,0x00,0x00,0x00,0x63,0x99,0x00,0x00,0x30,
  0xb4,0x17,0x00,0x00,0x00,0x00,0x00,0x00,0x00,0x00,0x00,0x00,0x00,0x00,0x00,0x00,0x00,0x00,0x00,0x00,0x00,0x00,0x00,0x00,
  0x00,0x00,0x00,0x00,0x00,0x00,0x00,0x00,0x00,0x00,0x00,0x00,0x00,0x00,0x00,0x00,0x00,0x00,0x00,0x00,0x00,0x00,0x00,0x00,
  0x00,0x00,0x00,0x00,0x00,0x00,0x00,0x00,0x00,0x00,0x00,0x00,0x00,0x00,0x00,0x00,0x00,0x00,0x00,0x00,0x00,0x00,0x00,0x00,
  0x00,0x00,0x00,0x00,0x00,0x00,0x00,0x00,0x00,0x00,0x00,0x00,0x00,0x00,0x00,0x00,0x00,0x00,0x00,0x00,0x00,0x00,0x00,0x00,
  0x00,0x00,0x00,0x00,0x00,0x00,0x00,0x00,0x00,0x00,0x00,0x00,0x00,0x00,0x00,0x00,0x00,0x00,0x00,0x00,0x00,0x00,0x00,0x00,
  0x00,0x00,0x00,0x00,0x00,0x00,0x00,0x00,0x00,0x00,0x00,0x98,0xff,0xff,0xe8,0x00,0x00,0x00,0x00,0x00,0x00,0x00,0x00,0x00,
  0x00,0x00,0x00,0x98,0xff,0xff,0xe8,0x00,0x00,0x00,0x00,0x00,0x00,0x00,0x00,0x00,0x00,0x00,0x00,0x98,0xff,0xff,0xe8,0x00,
  0x00,0x00,0x00,0x00,0x00,0x00,0x00,0x00,0x00,0x00,0x00,0x98,0xff,0xff,0xe8,0x00,0x00,0x00,0x00,0x00,0x00,0x00,0x00,0x00,
  0x00,0x00,0x00,0x98,0xff,0xff,0xe8,0x00,0x00,0x00,0x00,0x00,0x00,0x00,0xd8,0xff,0xff,0xff,0xff,0xff,0xff,0xff,0xff,0xff,
  0xff,0xff,0xff,0xff,0x2c,0x00,0xd8,0xff,0xff,0xff,0xff,0xff,0xff,0xff,0xff,0xff,0xff,0xff,0xff,0xff,0x2c,0x00,0xd8,0xff,
  0xff,0xff,0xff,0xff,0xff,0xff,0xff,0xff,0xff,0xff,0xff,0xff,0x2c,0x00,0xd8,0xff,0xff,0xff,0xff,0xff,0xff,0xff,0xff,0xff,
  0xff,0xff,0xff,0xff,0x2c,0x00,0x00,0x00,0x00,0x00,0x00,0x98,0xff,0xff,0xe8,0x00,0x00,0x00,0x00,0x00,0x00,0x00,0x00,0x00,
  0x00,0x00,0x00,0x98,0xff,0xff,0xe8,0x00,0x00,0x00,0x00,0x00,0x00,0x00,0x00,0x00,0x00,0x00,0x00,0x98,0xff,0xff,0xe8,0x00,
  0x00,0x00,0x00,0x00,0x00,0x00,0x00,0x00,0x00,0x00,0x00,0x98,0xff,0xff,0xe8,0x00,0x00,0x00,0x00,0x00,0x00,0x00,0x00,0x00,
  0x00,0x00,0x00,0x98,0xff,0xff,0xe8,0x00,0x00,0x00,0x00,0x00,0x00,0x00,0x00,0x00,0x00,0x00,0x00,0x00,0x00,0x00,0x00,0x00,
  0x00,0x00,0x00,0x00,0x00,0x00,0x00,0x00,0x00,0x00,0x00,0x00,0x00,0x00,0x00,0x00,0x00,0x00,0x00,0x00,0x00,0x00,0x00,0x00,
  0x00,0x00,0x00,0x00,0x00,0x00,0x00,0x00,0x00,0x00,0x00,0x00,0x00,0x00,0x14,0xff,0xff,0xff,0xc0,0x00,0x00,0x00,0x14,0xff,
  0xff,0xff,0xc0,0x00,0x00,0x00,0x14,0xff,0xff,0xff,0xbf,0x00,0x00,0x00,0x14,0xff,0xff,0xff,0xb9,0x00,0x00,0x00,0x00,0x00,
  0x4a,0xff,0xaa,0x00,0x00,0x00,0x00,0x00,0x90,0xff,0x82,0x00,0x00,0x00,0x09,0x76,0xfd,0xfe,0x2c,0x00,0x00,0x00,0x38,0xff,
  0xff,0x82,0x00,0x00,0x00,0x00,0x00,0xba,0x62,0x00,0x00,0x00,0x00,0x00,0x6c,0xff,0xff,0xff,0xff,0xff,0xff,0xff,0x20,0x00,
  0x6c,0xff,0xff,0xff,0xff,0xff,0xff,0xff,0x20,0x00,0x6c,0xff,0xff,0xff,0xff,0xff,0xff,0xff,0x20,0x00,0x6c,0xff,0xff,0xff,
  0xff,0xff,0xff,0xff,0x20,0x00,0x00,0x00,0x00,0x00,0x00,0x00,0x00,0x00,0x00,0x00,0x00,0x00,0x00,0x00,0x00,0x00,0x00,0x00,
  0x00,0x00,0x00,0x00,0x00,0x00,0x00,0x00,0x00,0x00,0x00,0x00,0x00,0x00,0x00,0x00,0x00,0x00,0x00,0x00,0x00,0x00,0x00,0x00,
  0x00,0x00,0x00,0x00,0x00,0x00,0x00,0x00,0x00,0xfc,0xff,0xff,0xdc,0x00,0x00,0x00,0x00,0xfc,0xff,0xff,0xdc,0x00,0x00,0x00,
  0x00,0xfc,0xff,0xff,0xdc,0x00,0x00,0x00,0x00,0xfc,0xff,0xff,0xdc,0x00,0x00,0x00,0x00,0x00,0x00,0x00,0x34,0xff,0xff,0xaf,
  0x00,0x00,0x00,0x00,0x00,0x74,0xff,0xff,0x6f,0x00,0x00,0x00,0x00,0x00,0xb3,0xff,0xff,0x2f,0x00,0x00,0x00,0x00,0x02,0xf0,
  0xff,0xed,0x01,0x00,0x00,0x00,0x00,0x33,0xff,0xff,0xae,0x00,0x00,0x00,0x00,0x00,0x72,0xff,0xff,0x6e,0x00,0x00,0x00,0x00,
  0x00,0xb2,0xff,0xff,0x2e,0x00,0x00,0x00,0x00,0x02,0xef,0xff,0xec,0x01,0x00,0x00,0x00,0x00,0x31,0xff,0xff,0xae,0x00,0x00,
  0x00,0x00,0x00,0x71,0xff,0xff,0x6d,0x00,0x00,0x00,0x00,0x00,0xb0,0xff,0xff,0x2d,0x00,0x00,0x00,0x00,0x01,0xed,0xff,0xec,
  0x01,0x00,0x00,0x00,0x00,0x2f,0xff,0xff,0xad,0x00,0x00,0x00,0x00,0x00,0x6f,0xff,0xff,0x6d,0x00,0x00,0x00,0x00,0x00,0xaf,
  0xff,0xff,0x2c,0x00,0x00,0x00,0x00,0x01,0xec,0xff,0xeb,0x01,0x00,0x00,0x00,0x00,0x2e,0xff,0xff,0xac,0x00,0x00,0x00,0x00,
  0x00,0x6d,0xff,0xff,0x6c,0x00,0x00,0x00,0x00,0x00,0xad,0xff,0xff,0x2c,0x00,0x00,0x00,0x00,0x01,0xeb,0xff,0xea,0x01,0x00,
  0x00,0x00,0x00,0x00,0x00,0x00,0x00,0x2b,0x9f,0xe1,0xf9,0xec,0xbb,0x58,0x00,0x00,0x00,0x00,0x00,0x00,0x00,0x00,0x5c,0xfb,
  0xff,0xff,0xff,0xff,0xff,0xff,0xaa,0x04,0x00,0x00,0x00,0x00,0x00,0x2e,0xfb,0xff,0xff,0xff,0xff,0xff,0xff,0xff,0xff,0x84,
  0x00,0x00,0x00,0x00,0x00,0xba,0xff,0xff,0xff,0xff,0xff,0xff,0xff,0xff,0xff,0xf9,0x1b,0x00,0x00,0x00,0x1a,0xfd,0xff,0xff,
  0xfe,0x67,0x0a,0x31,0xdf,0xff,0xff,0xff,0x73,0x00,0x00,0x00,0x61,0xff,0xff,0xff,0xb3,0x00,0x00,0x00,0x59,0xff,0xff,0xff,
  0xbd,0x00,0x00,0x00,0x8e,0xff,0xff,0xff,0x6e,0x00,0x00,0x00,0x0e,0xff,0xff,0xff,0xe8,0x00,0x00,0x00,0xb4,0xff,0xff,0xff,
  0x4d,0x00,0x00,0x00,0x00,0xec,0xff,0xff,0xff,0x0e,0x00,0x00,0xc3,0xff,0xff,0xff,0x3c,0x00,0x00,0x00,0x00,0xdc,0xff,0xff,
  0xff,0x1d,0x00,0x00,0xce,0xff,0xff,0xff,0x36,0x00,0x00,0x00,0x00,0xd6,0xff,0xff,0xff,0x29,0x00,0x00,0xce,0xff,0xff,0xff,
  0x35,0x00,0x00,0x00,0x00,0xd7,0xff,0xff,0xff,0x29,0x00,0x00,0xc4,0xff,0xff,0xff,0x3b,0x00,0x00,0x00,0x00,0xdd,0xff,0xff,
  0xff,0x1d,0x00,0x00,0xb6,0xff,0xff,0xff,0x4a,0x00,0x00,0x00,0x00,0xed,0xff,0xff,0xff,0x0e,0x00,0x00,0x94,0xff,0xff,0xff,
  0x69,0x00,0x00,0x00,0x0f,0xff,0xff,0xff,0xe8,0x00,0x00,0x00,0x6a,0xff,0xff,0xff,0xb4,0x00,0x00,0x00,0x54,0xff,0xff,0xff,
  0xbc,0x00,0x00,0x00,0x25,0xff,0xff,0xff,0xfe,0x68,0x0a,0x30,0xdd,0xff,0xff,0xff,0x72,0x00,0x00,0x00,0x00,0xcb,0xff,0xff,
  0xff,0xff,0xff,0xff,0xff,0xff,0xff,0xf9,0x1b,0x00,0x00,0x00,0x00,0x3c,0xfd,0xff,0xff,0xff,0xff,0xff,0xff,0xff,0xff,0x85,
  0x00,0x00,0x00,0x00,0x00,0x00,0x5c,0xf9,0xff,0xff,0xff,0xff,0xff,0xff,0xad,0x05,0x00,0x00,0x00,0x00,0x00,0x00,0x00,0x27,
  0x9a,0xdf,0xf9,0xed,0xbd,0x5b,0x01,0x00,0x00,0x00,0x00,0x00,0x00,0x00,0x00,0x00,0x00,0x00,0x52,0xff,0xff,0xff,0x04,0x00,
  0x00,0x00,0x00,0x00,0x00,0x00,0x00,0x00,0x00,0x0c,0xdc,0xff,0xff,0xff,0x04,0x00,0x00,0x00,0x00,0x00,0x00,0x00,0x00,0x00,
  0x0b,0xba,0xff,0xff,0xff,0xff,0x04,0x00,0x00,0x00,0x00,0x00,0x00,0x00,0x00,0x31,0xd2,0xff,0xff,0xff,0xff,0xff,0x04,0x00,
  0x00,0x00,0x00,0x00,0x00,0x22,0x93,0xfb,0xff,0xff,0xff,0xff,0xff,0xff,0x04,0x00,0x00,0x00,0x00,0x00,0x00,0xc8,0xff,0xff,
  0xff,0xfb,0xf4,0xff,0xff,0xff,0x04,0x00,0x00,0x00,0x00,0x00,0x00,0xc8,0xff,0xff,0xf7,0x51,0xd4,0xff,0xff,0xff,0x04,0x00,
  0x00,0x00,0x00,0x00,0x00,0xc8,0xff,0xd5,0x30,0x00,0xd4,0xff,0xff,0xff,0x04,0x00,0x00,0x00,0x00,0x00,0x00,0xa5,0x6b,0x04,
  0x00,0x00,0xd4,0xff,0xff,0xff,0x04,0x00,0x00,0x00,0x00,0x00,0x00,0x00,0x00,0x00,0x00,0x00,0xd4,0xff,0xff,0xff,0x04,0x00,
  0x00,0x00,0x00,0x00,0x00,0x00,0x00,0x00,0x00,0x00,0xd4,0xff,0xff,0xff,0x04,0x00,0x00,0x00,0x00,0x00,0x00,0x00,0x00,0x00,
  0x00,0x00,0xd4,0xff,0xff,0xff,0x04,0x00,0x00,0x00,0x00,0x00,0x00,0x00,0x00,0x00,0x00,0x00,0xd4,0xff,0xff,0xff,0x04,0x00,
  0x00,0x00,0x00,0x00,0x00,0x00,0x00,0x00,0x00,0x00,0xd4,0xff,0xff,0xff,0x04,0x00,0x00,0x00,0x00,0x00,0x00,0x00,0x00,0x00,
  0x00,0x00,0xd4,0xff,0xff,0xff,0x04,0x00,0x00,0x00,0x00,0x00,0x00,0x00,0x00,0x00,0x00,0x00,0xd4,0xff,0xff,0xff,0x04,0x00,
  0x00,0x00,0x00,0x00,0x00,0x00,0x00,0x00,0x00,0x00,0xd4,0xff,0xff,0xff,0x04,0x00,0x00,0x00,0x00,0x00,0x00,0x00,0x00,0x00,
  0x00,0x00,0xd4,0xff,0xff,0xff,0x04,0x00,0x00,0x00,0x00,0x00,0x00,0x00,0x00,0x00,0x00,0x00,0xd4,0xff,0xff,0xff,0x04,0x00,
  0x00,0x00,0x00,0x00,0x00,0x00,0x00,0x00,0x00,0x00,0xd4,0xff,0xff,0xff,0x04,0x00,0x00,0x00,0x00,0x00,0x00,0x00,0x00,0x3b,
  0xa4,0xe0,0xf9,0xf3,0xd4,0x92,0x25,0x00,0x00,0x00,0x00,0x00,0x00,0x01,0x93,0xff,0xff,0xff,0xff,0xff,0xff,0xff,0xf8,0x62,
  0x00,0x00,0x00,0x00,0x00,0x81,0xff,0xff,0xff,0xff,0xff,0xff,0xff,0xff,0xff,0xfd,0x46,0x00,0x00,0x00,0x19,0xf7,0xff,0xff,
  0xff,0xff,0xff,0xff,0xff,0xff,0xff,0xff,0xcd,0x00,0x00,0x00,0x6d,0xff,0xff,0xff,0xe6,0x4b,0x0c,0x20,0xa1,0xff,0xff,0xff,
  0xff,0x13,0x00,0x00,0xaa,0xff,0xff,0xff,0x58,0x00,0x00,0x00,0x04,0xe1,0xff,0xff,0xff,0x25,0x00,0x00,0x8a,0xc5,0xdd,0xf4,
  0x13,0x00,0x00,0x00,0x00,0xbb,0xff,0xff,0xfe,0x0f,0x00,0x00,0x00,0x00,0x00,0x00,0x00,0x00,0x00,0x00,0x02,0xe2,0xff,0xff,
  0xcd,0x00,0x00,0x00,0x00,0x00,0x00,0x00,0x00,0x00,0x00,0x00,0x5e,0xff,0xff,0xff,0x5e,0x00,0x00,0x00,0x00,0x00,0x00,0x00,
  0x00,0x00,0x00,0x37,0xf3,0xff,0xff,0xc0,0x02,0x00,0x00,0x00,0x00,0x00,0x00,0x00,0x00,0x00,0x3e,0xf1,0xff,0xff,0xe5,0x1b,
  0x00,0x00,0x00,0x00,0x00,0x00,0x00,0x00,0x00,0x52,0xf7,0xff,0xff,0xe6,0x29,0x00,0x00,0x00,0x00,0x00,0x00,0x00,0x00,0x00,
  0x67,0xfd,0xff,0xff,0xdb,0x22,0x00,0x00,0x00,0x00,0x00,0x00,0x00,0x00,0x00,0x75,0xff,0xff,0xff,0xc9,0x15,0x00,0x00,0x00,
  0x00,0x00,0x00,0x00,0x00,0x00,0x71,0xff,0xff,0xff,0xbd,0x0b,0x00,0x00,0x00,0x00,0x00,0x00,0x00,0x00,0x00,0x52,0xfe,0xff,
  0xff,0xda,0x0d,0x00,0x00,0x00,0x00,0x00,0x00,0x00,0x00,0x00,0x15,0xf0,0xff,0xff,0xff,0xff,0xff,0xff,0xff,0xff,0xff,0xff,
  0xff,0x2c,0x00,0x00,0x8a,0xff,0xff,0xff,0xff,0xff,0xff,0xff,0xff,0xff,0xff,0xff,0xff,0x2c,0x00,0x02,0xee,0xff,0xff,0xff,
  0xff,0xff,0xff,0xff,0xff,0xff,0xff,0xff,0xff,0x2c,0x00,0x2e,0xff,0xff,0xff,0xff,0xff,0xff,0xff,0xff,0xff,0xff,0xff,0xff,
  0xff,0x2c,0x00,0x00,0x00,0x00,0x00,0x49,0xad,0xe4,0xf9,0xe9,0xb4,0x4f,0x00,0x00,0x00,0x00,0x00,0x00,0x00,0x02,0xa1,0xff,
  0xff,0xff,0xff,0xff,0xff,0xff,0xa6,0x06,0x00,0x00,0x00,0x00,0x00,0x85,0xff,0xff,0xff,0xff,0xff,0xff,0xff,0xff,0xff,0x92,
  0x00,0x00,0x00,0x00,0x13,0xf5,0xff,0xff,0xff,0xff,0xff,0xff,0xff,0xff,0xff,0xfc,0x21,0x00,0x00,0x00,0x60,0xff,0xff,0xff,
  0xbd,0x2c,0x09,0x40,0xe7,0xff,0xff,0xff,0x63,0x00,0x00,0x00,0x58,0xb2,0xd3,0xed,0x12,0x00,0x00,0x00,0x77,0xff,0xff,0xff,
  0x6b,0x00,0x00,0x00,0x00,0x00,0x00,0x00,0x00,0x00,0x00,0x00,0x90,0xff,0xff,0xff,0x3b,0x00,0x00,0x00,0x00,0x00,0x00,0x00,
  0x00,0x03,0x18,0x70,0xfb,0xff,0xff,0xc2,0x00,0x00,0x00,0x00,0x00,0x00,0x00,0x00,0x00,0xa9,0xff,0xff,0xff,0xff,0xcf,0x15,
  0x00,0x00,0x00,0x00,0x00,0x00,0x00,0x00,0x00,0xc9,0xff,0xff,0xff,0xe8,0x38,0x00,0x00,0x00,0x00,0x00,0x00,0x00,0x00,0x00,
  0x00,0xea,0xff,0xff,0xff,0xff,0xff,0xa9,0x09,0x00,0x00,0x00,0x00,0x00,0x00,0x00,0x00,0x2d,0x08,0x21,0x9b,0xff,0xff,0xff,
  0xa8,0x00,0x00,0x00,0x00,0x00,0x00,0x00,0x00,0x00,0x00,0x00,0x01,0xca,0xff,0xff,0xff,0x22,0x00,0x00,0x8a,0xb6,0xd7,0xda,
  0x00,0x00,0x00,0x00,0x00,0x9d,0xff,0xff,0xff,0x55,0x00,0x00,0xc7,0xff,0xff,0xff,0x3f,0x00,0x00,0x00,0x03,0xd3,0xff,0xff,
  0xff,0x52,0x00,0x00,0x81,0xff,0xff,0xff,0xe3,0x49,0x0b,0x27,0xa8,0xff,0xff,0xff,0xff,0x26,0x00,0x00,0x1d,0xf7,0xff,0xff,
  0xff,0xff,0xff,0xff,0xff,0xff,0xff,0xff,0xc2,0x00,0x00,0x00,0x00,0x73,0xff,0xff,0xff,0xff,0xff,0xff,0xff,0xff,0xff,0xf0,
  0x2b,0x00,0x00,0x00,0x00,0x00,0x83,0xff,0xff,0xff,0xff,0xff,0xff,0xff,0xe1,0x35,0x00,0x00,0x00,0x00,0x00,0x00,0x00,0x37,
  0xa6,0xe4,0xfa,0xef,0xc4,0x72,0x0c,0x00,0x00,0x00,0x00,0x00,0x00,0x00,0x00,0x00,0x00,0x00,0x00,0x26,0xf6,0xff,0xff,0x70,
  0x00,0x00,0x00,0x00,0x00,0x00,0x00,0x00,0x00,0x00,0x02,0xc6,0xff,0xff,0xff,0x70,0x00,0x00,0x00,0x00,0x00,0x00,0x00,0x00,
  0x00,0x00,0x74,0xff,0xff,0xff,0xff,0x70,0x00,0x00,0x00,0x00,0x00,0x00,0x00,0x00,0x00,0x27,0xf7,0xff,0xff,0xff,0xff,0x70,
  0x00,0x00,0x00,0x00,0x00,0x00,0x00,0x00,0x02,0xc7,0xff,0xff,0xff,0xff,0xff,0x70,0x00,0x00,0x00,0x00,0x00,0x00,0x00,0x00,
  0x76,0xff,0xff,0xff,0xff,0xff,0xff,0x70,0x00,0x00,0x00,0x00,0x00,0x00,0x00,0x28,0xf7,0xff,0xff,0xbb,0xff,0xff,0xff,0x70,
  0x00,0x00,0x00,0x00,0x00,0x00,0x03,0xc8,0xff,0xff,0xc7,0x4a,0xff,0xff,0xff,0x70,0x00,0x00,0x00,0x00,0x00,0x00,0x77,0xff,
  0xff,0xf7,0x27,0x48,0xff,0xff,0xff,0x70,0x00,0x00,0x00,0x00,0x00,0x29,0xf8,0xff,0xff,0x72,0x00,0x48,0xff,0xff,0xff,0x70,
  0x00,0x00,0x00,0x00,0x03,0xc9,0xff,0xff,0xc5,0x02,0x00,0x48,0xff,0xff,0xff,0x70,0x00,0x00,0x00,0x00,0x79,0xff,0xff,0xf6,
  0x26,0x00,0x00,0x48,0xff,0xff,0xff,0x70,0x00,0x00,0x00,0x2b,0xf8,0xff,0xff,0x71,0x00,0x00,0x00,0x48,0xff,0xff,0xff,0x70,
  0x00,0x00,0x00,0x7b,0xff,0xff,0xff,0xff,0xff,0xff,0xff,0xff,0xff,0xff,0xff,0xff,0xff,0xf0,0x00,0x7c,0xff,0xff,0xff,0xff,
  0xff,0xff,0xff,0xff,0xff,0xff,0xff,0xff,0xff,0xf0,0x00,0x7c,0xff,0xff,0xff,0xff,0xff,0xff,0xff,0xff,0xff,0xff,0xff,0xff,
  0xff,0xf0,0x00,0x00,0x00,0x00,0x00,0x00,0x00,0x00,0x00,0x48,0xff,0xff,0xff,0x70,0x00,0x00,0x00,0x00,0x00,0x00,0x00,0x00,
  0x00,0x00,0x00,0x48,0xff,0xff,0xff,0x70,0x00,0x00,0x00,0x00,0x00,0x00,0x00,0x00,0x00,0x00,0x00,0x48,0xff,0xff,0xff,0x70,
  0x00,0x00,0x00,0x00,0x00,0x00,0x00,0x00,0x00,0x00,0x00,0x48,0xff,0xff,0xff,0x70,0x00,0x00,0x00,0x00,0x00,0x00,0x6a,0xff,
  0xff,0xff,0xff,0xff,0xff,0xff,0xff,0xff,0xd8,0x00,0x00,0x00,0x00,0x00,0x95,0xff,0xff,0xff,0xff,0xff,0xff,0xff,0xff,0xff,
  0xd8,0x00,0x00,0x00,0x00,0x00,0xc0,0xff,0xff,0xff,0xff,0xff,0xff,0xff,0xff,0xff,0xd8,0x00,0x00,0x00,0x00,0x00,0xeb,0xff,
  0xff,0xff,0xff,0xff,0xff,0xff,0xff,0xff,0xd8,0x00,0x00,0x00,0x00,0x16,0xff,0xff,0xff,0x83,0x00,0x00,0x00,0x00,0x00,0x00,
  0x00,0x00,0x00,0x00,0x00,0x41,0xff,0xff,0xff,0x5a,0x00,0x00,0x00,0x00,0x00,0x00,0x00,0x00,0x00,0x00,0x00,0x6c,0xff,0xff,
  0xff,0x31,0x00,0x00,0x00,0x00,0x00,0x00,0x00,0x00,0x00,0x00,0x00,0x97,0xff,0xff,0xff,0x75,0xd0,0xf6,0xea,0xb1,0x46,0x00,
  0x00,0x00,0x00,0x00,0x00,0xc3,0xff,0xff,0xff,0xff,0xff,0xff,0xff,0xff,0xff,0x98,0x02,0x00,0x00,0x00,0x00,0xed,0xff,0xff,
  0xff,0xff,0xff,0xff,0xff,0xff,0xff,0xff,0x87,0x00,0x00,0x00,0x19,0xff,0xff,0xff,0xff,0xff,0xff,0xff,0xff,0xff,0xff,0xff,
  0xfb,0x23,0x00,0x00,0x2b,0xc5,0xde,0xf5,0xa4,0x37,0x0d,0x17,0x64,0xf4,0xff,0xff,0xff,0x78,0x00,0x00,0x00,0x00,0x00,0x00,
  0x00,0x00,0x00,0x00,0x00,0x71,0xff,0xff,0xff,0xa6,0x00,0x00,0x00,0x00,0x00,0x00,0x00,0x00,0x00,0x00,0x00,0x44,0xff,0xff,
  0xff,0xb2,0x00,0x00,0x81,0xcf,0xe1,0xf4,0x48,0x00,0x00,0x00,0x00,0x7a,0xff,0xff,0xff,0x99,0x00,0x00,0x7a,0xff,0xff,0xff,
  0xe8,0x53,0x0e,0x15,0x6a,0xf8,0xff,0xff,0xff,0x58,0x00,0x00,0x1e,0xf9,0xff,0xff,0xff,0xff,0xff,0xff,0xff,0xff,0xff,0xff,
  0xe1,0x06,0x00,0x00,0x00,0x7e,0xff,0xff,0xff,0xff,0xff,0xff,0xff,0xff,0xff,0xfa,0x43,0x00,0x00,0x00,0x00,0x00,0x8c,0xff,
  0xff,0xff,0xff,0xff,0xff,0xff,0xf0,0x4f,0x00,0x00,0x00,0x00,0x00,0x00,0x00,0x39,0xa3,0xe1,0xf9,0xf1,0xd0,0x85,0x18,0x00,
  0x00,0x00,0x00,0x00,0x00,0x00,0x00,0x01,0x56,0xb3,0xe6,0xf9,0xe6,0xa4,0x2b,0x00,0x00,0x00,0x00,0x00,0x00,0x00,0x11,0xc0,
  0xff,0xff,0xff,0xff,0xff,0xff,0xf8,0x52,0x00,0x00,0x00,0x00,0x00,0x06,0xce,0xff,0xff,0xff,0xff,0xff,0xff,0xff,0xff,0xf7,
  0x23,0x00,0x00,0x00,0x00,0x80,0xff,0xff,0xff,0xff,0xff,0xff,0xff,0xff,0xff,0xff,0x9e,0x00,0x00,0x00,0x05,0xeb,0xff,0xff,
  0xff,0xa7,0x26,0x0b,0x5c,0xfc,0xff,0xff,0xf0,0x02,0x00,0x00,0x48,0xff,0xff,0xff,0xd0,0x01,0x00,0x00,0x00,0xa5,0xe7,0xce,
  0xb6,0x16,0x00,0x00,0x7c,0xff,0xff,0xff,0x7c,0x00,0x00,0x00,0x00,0x00,0x00,0x00,0x00,0x00,0x00,0x00,0xa7,0xff,0xff,0xff,
  0x4e,0x65,0xcf,0xf7,0xec,0xb2,0x41,0x00,0x00,0x00,0x00,0x00,0xbb,0xff,0xff,0xff,0xc7,0xff,0xff,0xff,0xff,0xff,0xff,0x85,
  0x00,0x00,0x00,0x00,0xc8,0xff,0xff,0xff,0xff,0xff,0xff,0xff,0xff,0xff,0xff,0xff,0x69,0x00,0x00,0x00,0xcb,0xff,0xff,0xff,
  0xff,0xff,0xff,0xff,0xff,0xff,0xff,0xff,0xee,0x0d,0x00,0x00,0xbf,0xff,0xff,0xff,0xff,0x7f,0x18,0x0e,0x55,0xee,0xff,0xff,
  0xff,0x53,0x00,0x00,0xaf,0xff,0xff,0xff,0xb0,0x00,0x00,0x00,0x00,0x6a,0xff,0xff,0xff,0x81,0x00,0x00,0x88,0xff,0xff,0xff,
  0x8d,0x00,0x00,0x00,0x00,0x3b,0xff,0xff,0xff,0x8e,0x00,0x00,0x57,0xff,0xff,0xff,0xca,0x02,0x00,0x00,0x00,0x5e,0xff,0xff,
  0xff,0x7c,0x00,0x00,0x0e,0xf7,0xff,0xff,0xff,0xa5,0x26,0x0a,0x43,0xe3,0xff,0xff,0xff,0x47,0x00,0x00,0x00,0x9c,0xff,0xff,
  0xff,0xff,0xff,0xff,0xff,0xff,0xff,0xff,0xe3,0x06,0x00,0x00,0x00,0x13,0xe5,0xff,0xff,0xff,0xff,0xff,0xff,0xff,0xff,0xfe,
  0x52,0x00,0x00,0x00,0x00,0x00,0x25,0xdc,0xff,0xff,0xff,0xff,0xff,0xff,0xfa,0x66,0x00,0x00,0x00,0x00,0x00,0x00,0x00,0x09,
  0x73,0xc9,0xf0,0xf8,0xdc,0x98,0x26,0x00,0x00,0x00,0x00,0x00,0xd0,0xff,0xff,0xff,0xff,0xff,0xff,0xff,0xff,0xff,0xff,0xff,
  0xff,0x54,0x00,0x00,0xd0,0xff,0xff,0xff,0xff,0xff,0xff,0xff,0xff,0xff,0xff,0xff,0xff,0x54,0x00,0x00,0xd0,0xff,0xff,0xff,
  0xff,0xff,0xff,0xff,0xff,0xff,0xff,0xff,0xff,0x54,0x00,0x00,0xd0,0xff,0xff,0xff,0xff,0xff,0xff,0xff,0xff,0xff,0xff,0xff,
  0xcf,0x0e,0x00,0x00,0x00,0x00,0x00,0x00,0x00,0x00,0x00,0x00,0x73,0xff,0xff,0xeb,0x1d,0x00,0x00,0x00,0x00,0x00,0x00,0x00,
  0x00,0x00,0x00,0x34,0xfa,0xff,0xff,0x50,0x00,0x00,0x00,0x00,0x00,0x00,0x00,0x00,0x00,0x00,0x04,0xd1,0xff,0xff,0xaa,0x00,
  0x00,0x00,0x00,0x00,0x00,0x00,0x00,0x00,0x00,0x00,0x73,0xff,0xff,0xf7,0x1d,0x00,0x00,0x00,0x00,0x00,0x00,0x00,0x00,0x00,
  0x00,0x0e,0xed,0xff,0xff,0x95,0x00,0x00,0x00,0x00,0x00,0x00,0x00,0x00,0x00,0x00,0x00,0x7e,0xff,0xff,0xfb,0x1f,0x00,0x00,
  0x00,0x00,0x00,0x00,0x00,0x00,0x00,0x00,0x06,0xe7,0xff,0xff,0xa2,0x00,0x00,0x00,0x00,0x00,0x00,0x00,0x00,0x00,0x00,0x00,
  0x59,0xff,0xff,0xff,0x44,0x00,0x00,0x00,0x00,0x00,0x00,0x00,0x00,0x00,0x00,0x00,0xb3,0xff,0xff,0xec,0x04,0x00,0x00,0x00,
  0x00,0x00,0x00,0x00,0x00,0x00,0x00,0x0e,0xf9,0xff,0xff,0x9b,0x00,0x00,0x00,0x00,0x00,0x00,0x00,0x00,0x00,0x00,0x00,0x4e,
  0xff,0xff,0xff,0x58,0x00,0x00,0x00,0x00,0x00,0x00,0x00,0x00,0x00,0x00,0x00,0x8c,0xff,0xff,0xff,0x23,0x00,0x00,0x00,0x00,
  0x00,0x00,0x00,0x00,0x00,0x00,0x00,0xbe,0xff,0xff,0xee,0x00,0x00,0x00,0x00,0x00,0x00,0x00,0x00,0x00,0x00,0x00,0x00,0xe6,
  0xff,0xff,0xc6,0x00,0x00,0x00,0x00,0x00,0x00,0x00,0x00,0x00,0x00,0x00,0x03,0xfe,0xff,0xff,0xb3,0x00,0x00,0x00,0x00,0x00,
  0x00,0x00,0x00,0x00,0x00,0x00,0x13,0xff,0xff,0xff,0xa1,0x00,0x00,0x00,0x00,0x00,0x00,0x00,0x00,0x00,0x00,0x00,0x02,0x5b,
  0xb8,0xe9,0xfa,0xf0,0xca,0x7c,0x10,0x00,0x00,0x00,0x00,0x00,0x00,0x08,0xb8,0xff,0xff,0xff,0xff,0xff,0xff,0xff,0xe2,0x2a,
  0x00,0x00,0x00,0x00,0x00,0x98,0xff,0xff,0xff,0xff,0xff,0xff,0xff,0xff,0xff,0xdd,0x08,0x00,0x00,0x00,0x15,0xfc,0xff,0xff,
  0xf2,0x55,0x0d,0x2b,0xc7,0xff,0xff,0xff,0x60,0x00,0x00,0x00,0x4a,0xff,0xff,0xff,0x7d,0x00,0x00,0x00,0x24,0xff,0xff,0xff,
  0x99,0x00,0x00,0x00,0x51,0xff,0xff,0xff,0x51,0x00,0x00,0x00,0x00,0xf9,0xff,0xff,0xa0,0x00,0x00,0x00,0x27,0xff,0xff,0xff,
  0x7b,0x00,0x00,0x00,0x26,0xff,0xff,0xff,0x76,0x00,0x00,0x00,0x00,0xba,0xff,0xff,0xef,0x4e,0x0b,0x2c,0xc7,0xff,0xff,0xf2,
  0x15,0x00,0x00,0x00,0x00,0x14,0xcd,0xff,0xff,0xff,0xff,0xff,0xff,0xff,0xf1,0x44,0x00,0x00,0x00,0x00,0x00,0x00,0x1a,0xdd,
  0xff,0xff,0xff,0xff,0xff,0xfe,0x60,0x00,0x00,0x00,0x00,0x00,0x00,0x43,0xf2,0xff,0xff,0xff,0xff,0xff,0xff,0xff,0xff,0xa5,
  0x03,0x00,0x00,0x00,0x1e,0xf2,0xff,0xff,0xe6,0x4a,0x0e,0x26,0xab,0xff,0xff,0xff,0x89,0x00,0x00,0x00,0x8a,0xff,0xff,0xff,
  0x49,0x00,0x00,0x00,0x04,0xd4,0xff,0xff,0xf5,0x0f,0x00,0x00,0xc3,0xff,0xff,0xf8,0x03,0x00,0x00,0x00,0x00,0x8e,0xff,0xff,
  0xff,0x3a,0x00,0x00,0xd3,0xff,0xff,0xfd,0x07,0x00,0x00,0x00,0x00,0x93,0xff,0xff,0xff,0x45,0x00,0x00,0xb5,0xff,0xff,0xff,
  0x53,0x00,0x00,0x00,0x04,0xd6,0xff,0xff,0xff,0x23,0x00,0x00,0x65,0xff,0xff,0xff,0xeb,0x56,0x0f,0x23,0xa7,0xff,0xff,0xff,
  0xd2,0x00,0x00,0x00,0x04,0xcc,0xff,0xff,0xff,0xff,0xff,0xff,0xff,0xff,0xff,0xfd,0x44,0x00,0x00,0x00,0x00,0x13,0xc1,0xff,
  0xff,0xff,0xff,0xff,0xff,0xff,0xf7,0x5d,0x00,0x00,0x00,0x00,0x00,0x00,0x01,0x54,0xb0,0xe5,0xfa,0xf4,0xd4,0x8e,0x21,0x00,
  0x00,0x00,0x00,0x00,0x00,0x00,0x05,0x67,0xc0,0xee,0xf8,0xe0,0x9e,0x30,0x00,0x00,0x00,0x00,0x00,0x00,0x00,0x1b,0xcd,0xff,
  0xff,0xff,0xff,0xff,0xff,0xfc,0x79,0x00,0x00,0x00,0x00,0x00,0x08,0xcf,0xff,0xff,0xff,0xff,0xff,0xff,0xff,0xff,0xff,0x6d,
  0x00,0x00,0x00,0x00,0x72,0xff,0xff,0xff,0xff,0xff,0xff,0xff,0xff,0xff,0xff,0xf4,0x1c,0x00,0x00,0x00,0xd0,0xff,0xff,0xff,
  0x8e,0x19,0x10,0x5c,0xee,0xff,0xff,0xff,0x7c,0x00,0x00,0x06,0xfe,0xff,0xff,0xd4,0x00,0x00,0x00,0x00,0x56,0xff,0xff,0xff,
  0xce,0x00,0x00,0x16,0xff,0xff,0xff,0xb2,0x00,0x00,0x00,0x00,0x15,0xff,0xff,0xff,0xf9,0x04,0x00,0x0a,0xff,0xff,0xff,0xdd,
  0x03,0x00,0x00,0x00,0x39,0xff,0xff,0xff,0xff,0x25,0x00,0x00,0xdd,0xff,0xff,0xff,0xa1,0x22,0x09,0x3e,0xd7,0xff,0xff,0xff,
  0xff,0x35,0x00,0x00,0x85,0xff,0xff,0xff,0xff,0xff,0xff,0xff,0xff,0xff,0xff,0xff,0xff,0x42,0x00,0x00,0x12,0xe2,0xff,0xff,
  0xff,0xff,0xff,0xff,0xff,0xff,0xff,0xff,0xff,0x3f,0x00,0x00,0x00,0x2e,0xe4,0xff,0xff,0xff,0xff,0xff,0xeb,0xdb,0xff,0xff,
  0xff,0x32,0x00,0x00,0x00,0x00,0x12,0x88,0xda,0xf9,0xe8,0x9f,0x1e,0xd3,0xff,0xff,0xff,0x1e,0x00,0x00,0x00,0x00,0x00,0x00,
  0x00,0x00,0x00,0x00,0x09,0xfa,0xff,0xff,0xf2,0x01,0x00,0x00,0x72,0xbf,0xd9,0xf3,0x20,0x00,0x00,0x00,0x5c,0xff,0xff,0xff,
  0xbf,0x00,0x00,0x00,0x80,0xff,0xff,0xff,0xb7,0x20,0x0f,0x5a,0xee,0xff,0xff,0xff,0x67,0x00,0x00,0x00,0x2f,0xff,0xff,0xff,
  0xff,0xff,0xff,0xff,0xff,0xff,0xff,0xe6,0x0e,0x00,0x00,0x00,0x00,0xb3,0xff,0xff,0xff,0xff,0xff,0xff,0xff,0xff,0xfc,0x4c,
  0x00,0x00,0x00,0x00,0x00,0x15,0xd6,0xff,0xff,0xff,0xff,0xff,0xff,0xf2,0x54,0x00,0x00,0x00,0x00,0x00,0x00,0x00,0x0c,0x7f,
  0xd4,0xf7,0xf3,0xd2,0x87,0x19,0x00,0x00,0x00,0x00,0x00,0x00,0x00,0x40,0xff,0xff,0xff,0x98,0x00,0x00,0x00,0x00,0x40,0xff,
  0xff,0xff,0x98,0x00,0x00,0x00,0x00,0x40,0xff,0xff,0xff,0x98,0x00,0x00,0x00,0x00,0x40,0xff,0xff,0xff,0x98,0x00,0x00,0x00,
  0x00,0x00,0x00,0x00,0x00,0x00,0x00,0x00,0x00,0x00,0x00,0x00,0x00,0x00,0x00,0x00,0x00,0x00,0x00,0x00,0x00,0x00,0x00,0x00,
  0x00,0x00,0x00,0x00,0x00,0x00,0x00,0x00,0x00,0x00,0x00,0x00,0x00,0x00,0x00,0x00,0x00,0x00,0x00,0x00,0x00,0x00,0x00,0x00,
  0x00,0x00,0x00,0x00,0x00,0x00,0x00,0x00,0x00,0x00,0x00,0x00,0x00,0x00,0x00,0x00,0x40,0xff,0xff,0xff,0x98,0x00,0x00,0x00,
  0x00,0x40,0xff,0xff,0xff,0x98,0x00,0x00,0x00,0x00,0x40,0xff,0xff,0xff,0x98,0x00,0x00,0x00,0x00,0x40,0xff,0xff,0xff,0x98,
  0x00,0x00,0x00,0x00,0x5c,0xff,0xff,0xff,0x7c,0x00,0x00,0x00,0x00,0x5c,0xff,0xff,0xff,0x7c,0x00,0x00,0x00,0x00,0x5c,0xff,
  0xff,0xff,0x7c,0x00,0x00,0x00,0x00,0x5c,0xff,0xff,0xff,0x7c,0x00,0x00,0x00,0x00,0x00,0x00,0x00,0x00,0x00,0x00,0x00,0x00,
  0x00,0x00,0x00,0x00,0x00,0x00,0x00,0x00,0x00,0x00,0x00,0x00,0x00,0x00,0x00,0x00,0x00,0x00,0x00,0x00,0x00,0x00,0x00,0x00,
  0x00,0x00,0x00,0x00,0x00,0x00,0x00,0x00,0x00,0x00,0x00,0x00,0x00,0x00,0x00,0x00,0x00,0x00,0x00,0x00,0x00,0x00,0x00,0x00,
  0x00,0x00,0x00,0x00,0x00,0x00,0x00,0x5c,0xff,0xff,0xff,0x7c,0x00,0x00,0x00,0x00,0x5c,0xff,0xff,0xff,0x7c,0x00,0x00,0x00,
  0x00,0x5c,0xff,0xff,0xff,0x7b,0x00,0x00,0x00,0x00,0x5c,0xff,0xff,0xff,0x75,0x00,0x00,0x00,0x00,0x00,0x00,0x92,0xff,0x66,
  0x00,0x00,0x00,0x00,0x00,0x02,0xd6,0xff,0x3e,0x00,0x00,0x00,0x00,0x1b,0xa9,0xff,0xe3,0x04,0x00,0x00,0x00,0x00,0x7d,0xff,
  0xf9,0x44,0x00,0x00,0x00,0x00,0x00,0x1e,0xc8,0x38,0x00,0x00,0x00,0x00,0x00,0x00,0x00,0x00,0x00,0x00,0x00,0x00,0x00,0x00,
  0x00,0x00,0x04,0x56,0xc3,0x0b,0x00,0x00,0x00,0x00,0x00,0x00,0x00,0x00,0x00,0x00,0x16,0x7c,0xe5,0xff,0xff,0x0c,0x00,0x00,
  0x00,0x00,0x00,0x00,0x00,0x00,0x35,0xa2,0xf9,0xff,0xff,0xff,0xff,0x0c,0x00,0x00,0x00,0x00,0x00,0x06,0x5b,0xc8,0xff,0xff,
  0xff,0xff,0xff,0xff,0xff,0x0c,0x00,0x00,0x00,0x19,0x80,0xe7,0xff,0xff,0xff,0xff,0xff,0xff,0xe6,0x8e,0x33,0x00,0x00,0x34,
  0xa6,0xfa,0xff,0xff,0xff,0xff,0xff,0xf2,0xa1,0x46,0x03,0x00,0x00,0x00,0x00,0xb4,0xff,0xff,0xff,0xff,0xfb,0xb5,0x59,0x09,
  0x00,0x00,0x00,0x00,0x00,0x00,0x00,0xb4,0xff,0xff,0xff,0xe4,0x41,0x00,0x00,0x00,0x00,0x00,0x00,0x00,0x00,0x00,0x00,0xb4,
  0xff,0xff,0xff,0xff,0xff,0xcc,0x6d,0x14,0x00,0x00,0x00,0x00,0x00,0x00,0x00,0x2f,0xa0,0xf8,0xff,0xff,0xff,0xff,0xff,0xfa,
  0xaf,0x50,0x05,0x00,0x00,0x00,0x00,0x00,0x00,0x15,0x7c,0xe4,0xff,0xff,0xff,0xff,0xff,0xff,0xeb,0x92,0x33,0x00,0x00,0x00,
  0x00,0x00,0x00,0x04,0x57,0xc5,0xff,0xff,0xff,0xff,0xff,0xff,0xff,0x0c,0x00,0x00,0x00,0x00,0x00,0x00,0x00,0x00,0x32,0xa0,
  0xf8,0xff,0xff,0xff,0xff,0x0c,0x00,0x00,0x00,0x00,0x00,0x00,0x00,0x00,0x00,0x00,0x15,0x7b,0xe4,0xff,0xff,0x0c,0x00,0x00,
  0x00,0x00,0x00,0x00,0x00,0x00,0x00,0x00,0x00,0x00,0x04,0x57,0xc4,0x0b,0x00,0x00,0x00,0x00,0x00,0x00,0x00,0x00,0x00,0x00,
  0x00,0x00,0x00,0x00,0x00,0x00,0x00,0x00,0x00,0x00,0x00,0x00,0x00,0x00,0x00,0x00,0x00,0x00,0x00,0x00,0x00,0x00,0x00,0xd8,
  0xff,0xff,0xff,0xff,0xff,0xff,0xff,0xff,0xff,0xff,0xff,0xff,0xff,0x2c,0x00,0xd8,0xff,0xff,0xff,0xff,0xff,0xff,0xff,0xff,
  0xff,0xff,0xff,0xff,0xff,0x2c,0x00,0xd8,0xff,0xff,0xff,0xff,0xff,0xff,0xff,0xff,0xff,0xff,0xff,0xff,0xff,0x2c,0x00,0xd8,
  0xff,0xff,0xff,0xff,0xff,0xff,0xff,0xff,0xff,0xff,0xff,0xff,0xff,0x2c,0x00,0x00,0x00,0x00,0x00,0x00,0x00,0x00,0x00,0x00,
  0x00,0x00,0x00,0x00,0x00,0x00,0x00,0x00,0x00,0x00,0x00,0x00,0x00,0x00,0x00,0x00,0x00,0x00,0x00,0x00,0x00,0x00,0x00,0x00,
  0x00,0x00,0x00,0x00,0x00,0x00,0x00,0x00,0x00,0x00,0x00,0x00,0x00,0x00,0x00,0xd8,0xff,0xff,0xff,0xff,0xff,0xff,0xff,0xff,
  0xff,0xff,0xff,0xff,0xff,0x2c,0x00,0xd8,0xff,0xff,0xff,0xff,0xff,0xff,0xff,0xff,0xff,0xff,0xff,0xff,0xff,0x2c,0x00,0xd8,
  0xff,0xff,0xff,0xff,0xff,0xff,0xff,0xff,0xff,0xff,0xff,0xff,0xff,0x2c,0x00,0xd8,0xff,0xff,0xff,0xff,0xff,0xff,0xff,0xff,
  0xff,0xff,0xff,0xff,0xff,0x2c,0x00,0x00,0x00,0x00,0x00,0x00,0x00,0x00,0x00,0x00,0x00,0x00,0x00,0x00,0x00,0x00,0x00,0x00,
  0x00,0x00,0x00,0x00,0x00,0x00,0x00,0x00,0x00,0x00,0x00,0x00,0x00,0x00,0x00,0x00,0x00,0x00,0x00,0x00,0x00,0x00,0x00,0x00,
  0x00,0x00,0x00,0x00,0x00,0x00,0x00,0x00,0x00,0x00,0x00,0x00,0x00,0x00,0x00,0x00,0x00,0x00,0x00,0x00,0x00,0x00,0x00,0x98,
  0x7c,0x16,0x00,0x00,0x00,0x00,0x00,0x00,0x00,0x00,0x00,0x00,0x00,0x00,0x00,0xb4,0xff,0xf8,0xa2,0x35,0x00,0x00,0x00,0x00,
  0x00,0x00,0x00,0x00,0x00,0x00,0x00,0xb4,0xff,0xff,0xff,0xff,0xc7,0x5a,0x06,0x00,0x00,0x00,0x00,0x00,0x00,0x00,0x00,0xb4,
  0xff,0xff,0xff,0xff,0xff,0xff,0xe7,0x80,0x19,0x00,0x00,0x00,0x00,0x00,0x00,0x17,0x70,0xcd,0xff,0xff,0xff,0xff,0xff,0xff,
  0xfa,0xa6,0x39,0x00,0x00,0x00,0x00,0x00,0x00,0x00,0x2a,0x87,0xe2,0xff,0xff,0xff,0xff,0xff,0xff,0xcc,0x5f,0x01,0x00,0x00,
  0x00,0x00,0x00,0x00,0x01,0x41,0x9e,0xf1,0xff,0xff,0xff,0xff,0xff,0x0c,0x00,0x00,0x00,0x00,0x00,0x00,0x00,0x00,0x00,0x15,
  0xb6,0xff,0xff,0xff,0xff,0x0c,0x00,0x00,0x00,0x00,0x00,0x00,0x02,0x45,0xa3,0xf4,0xff,0xff,0xff,0xff,0xff,0x0c,0x00,0x00,
  0x00,0x00,0x2c,0x8a,0xe5,0xff,0xff,0xff,0xff,0xff,0xff,0xc3,0x55,0x01,0x00,0x16,0x70,0xce,0xff,0xff,0xff,0xff,0xff,0xff,
  0xf7,0x9f,0x30,0x00,0x00,0x00,0x00,0xb4,0xff,0xff,0xff,0xff,0xff,0xff,0xe3,0x7a,0x14,0x00,0x00,0x00,0x00,0x00,0x00,0xb4,
  0xff,0xff,0xff,0xff,0xc4,0x56,0x04,0x00,0x00,0x00,0x00,0x00,0x00,0x00,0x00,0xb4,0xff,0xf8,0xa0,0x31,0x00,0x00,0x00,0x00,
  0x00,0x00,0x00,0x00,0x00,0x00,0x00,0x98,0x7c,0x15,0x00,0x00,0x00,0x00,0x00,0x00,0x00,0x00,0x00,0x00,0x00,0x00,0x00,0x00,
  0x00,0x00,0x00,0x00,0x00,0x00,0x00,0x00,0x00,0x00,0x00,0x00,0x00,0x00,0x00,0x00,0x00,0x00,0x00,0x00,0x00,0x00,0x00,0x00,
  0x00,0x00,0x00,0x00,0x00,0x00,0x00,0x00,0x00,0x00,0x0c,0x6e,0xbd,0xea,0xfa,0xf0,0xd1,0x93,0x2f,0x00,0x00,0x00,0x00,0x00,
  0x00,0x00,0x3a,0xe3,0xff,0xff,0xff,0xff,0xff,0xff,0xff,0xfe,0x91,0x04,0x00,0x00,0x00,0x00,0x31,0xf3,0xff,0xff,0xff,0xff,
  0xff,0xff,0xff,0xff,0xff,0xff,0xa1,0x00,0x00,0x00,0x01,0xd1,0xff,0xff,0xff,0xb2,0x37,0x0c,0x19,0x60,0xe9,0xff,0xff,0xff,
  0x4b,0x00,0x00,0x3f,0xff,0xff,0xff,0xb0,0x02,0x00,0x00,0x00,0x00,0x3b,0xff,0xff,0xff,0xaa,0x00,0x00,0x78,0xff,0xff,0xff,
  0x2f,0x00,0x00,0x00,0x00,0x00,0x00,0xf5,0xff,0xff,0xca,0x00,0x00,0x00,0x00,0x00,0x00,0x00,0x00,0x00,0x00,0x00,0x00,0x39,
  0xff,0xff,0xff,0xab,0x00,0x00,0x00,0x00,0x00,0x00,0x00,0x00,0x00,0x00,0x00,0x40,0xeb,0xff,0xff,0xff,0x3f,0x00,0x00,0x00,
  0x00,0x00,0x00,0x00,0x00,0x00,0x01,0x7b,0xfc,0xff,0xff,0xff,0x78,0x00,0x00,0x00,0x00,0x00,0x00,0x00,0x00,0x00,0x04,0xaa,
  0xff,0xff,0xff,0xfa,0x66,0x00,0x00,0x00,0x00,0x00,0x00,0x00,0x00,0x00,0x00,0x8a,0xff,0xff,0xff,0xe7,0x3a,0x00,0x00,0x00,
  0x00,0x00,0x00,0x00,0x00,0x00,0x00,0x08,0xf2,0xff,0xff,0xe1,0x1c,0x00,0x00,0x00,0x00,0x00,0x00,0x00,0x00,0x00,0x00,0x00,
  0x2b,0xff,0xff,0xff,0x67,0x00,0x00,0x00,0x00,0x00,0x00,0x00,0x00,0x00,0x00,0x00,0x00,0x3a,0xff,0xff,0xff,0x49,0x00,0x00,
  0x00,0x00,0x00,0x00,0x00,0x00,0x00,0x00,0x00,0x00,0x00,0x00,0x00,0x00,0x00,0x00,0x00,0x00,0x00,0x00,0x00,0x00,0x00,0x00,
  0x00,0x00,0x00,0x00,0x00,0x00,0x00,0x00,0x00,0x00,0x00,0x00,0x00,0x00,0x00,0x00,0x00,0x00,0x00,0x00,0x38,0xff,0xff,0xff,
  0xa0,0x00,0x00,0x00,0x00,0x00,0x00,0x00,0x00,0x00,0x00,0x00,0x00,0x38,0xff,0xff,0xff,0xa0,0x00,0x00,0x00,0x00,0x00,0x00,
  0x00,0x00,0x00,0x00,0x00,0x00,0x38,0xff,0xff,0xff,0xa0,0x00,0x00,0x00,0x00,0x00,0x00,0x00,0x00,0x00,0x00,0x00,0x00,0x38,
  0xff,0xff,0xff,0xa0,0x00,0x00,0x00,0x00,0x00,0x00,0x00,0x00,0x00,0x00,0x00,0x00,0x00,0x00,0x00,0x1d,0x6b,0xa8,0xd3,0xec,
  0xfa,0xf7,0xe7,0xc3,0x8f,0x45,0x02,0x00,0x00,0x00,0x00,0x00,0x00,0x00,0x00,0x00,0x00,0x00,0x00,0x00,0x00,0x36,0xb1,0xfe,
  0xff,0xff,0xff,0xff,0xff,0xff,0xff,0xff,0xff,0xff,0xdf,0x61,0x01,0x00,0x00,0x00,0x00,0x00,0x00,0x00,0x00,0x00,0x00,0x07,
  0x92,0xfd,0xff,0xff,0xff,0xff,0xff,0xff,0xff,0xff,0xff,0xff,0xff,0xff,0xff,0xff,0xbc,0x14,0x00,0x00,0x00,0x00,0x00,0x00,
  0x00,0x00,0x10,0xc0,0xff,0xff,0xff,0xf3,0xa7,0x5d,0x2f,0x11,0x04,0x0c,0x1c,0x46,0x80,0xde,0xff,0xff,0xff,0xd2,0x11,0x00,
  0x00,0x00,0x00,0x00,0x00,0x04,0xbd,0xff,0xff,0xfb,0x88,0x13,0x00,0x00,0x00,0x00,0x00,0x00,0x00,0x00,0x00,0x02,0x5f,0xf0,
  0xff,0xff,0xaf,0x00,0x00,0x00,0x00,0x00,0x00,0x89,0xff,0xff,0xea,0x37,0x00,0x00,0x43,0xad,0xe2,0xf5,0xc7,0x40,0x00,0xbc,
  0xff,0xff,0xd5,0x25,0xe7,0xff,0xff,0x49,0x00,0x00,0x00,0x00,0x2d,0xfb,0xff,0xf0,0x29,0x00,0x05,0x95,0xff,0xff,0xff,0xff,
  0xff,0xf8,0x39,0xda,0xff,0xff,0xa0,0x00,0x34,0xfc,0xff,0xc0,0x00,0x00,0x00,0x00,0xac,0xff,0xff,0x55,0x00,0x00,0x97,0xff,
  0xff,0xff,0xff,0xff,0xff,0xff,0xca,0xf7,0xff,0xff,0x6b,0x00,0x00,0x9c,0xff,0xfe,0x18,0x00,0x00,0x20,0xfd,0xff,0xbf,0x00,
  0x00,0x58,0xff,0xff,0xff,0xff,0xff,0xff,0xff,0xff,0xff,0xff,0xff,0xff,0x36,0x00,0x00,0x3f,0xff,0xff,0x4f,0x00,0x00,0x74,
  0xff,0xff,0x4a,0x00,0x07,0xe3,0xff,0xff,0xff,0xb8,0x3a,0x0b,0x23,0xa7,0xff,0xff,0xff,0xfa,0x07,0x00,0x00,0x12,0xff,0xff,
  0x6e,0x00,0x00,0xbc,0xff,0xeb,0x02,0x00,0x59,0xff,0xff,0xff,0xa7,0x02,0x00,0x00,0x00,0x05,0xea,0xff,0xff,0xcc,0x00,0x00,
  0x00,0x05,0xff,0xff,0x75,0x00,0x00,0xec,0xff,0xa8,0x00,0x00,0xab,0xff,0xff,0xf6,0x14,0x00,0x00,0x00,0x00,0x00,0xce,0xff,
  0xff,0x97,0x00,0x00,0x00,0x23,0xff,0xff,0x63,0x00,0x12,0xff,0xff,0x79,0x00,0x00,0xe1,0xff,0xff,0xb1,0x00,0x00,0x00,0x00,
  0x00,0x08,0xf3,0xff,0xff,0x63,0x00,0x00,0x00,0x63,0xff,0xff,0x38,0x00,0x22,0xff,0xff,0x5f,0x00,0x00,0xfb,0xff,0xff,0x8c,
  0x00,0x00,0x00,0x00,0x00,0x60,0xff,0xff,0xff,0x2e,0x00,0x00,0x00,0xca,0xff,0xef,0x04,0x00,0x27,0xff,0xff,0x58,0x00,0x02,
  0xfe,0xff,0xff,0xb0,0x00,0x00,0x00,0x00,0x1a,0xe5,0xff,0xff,0xf5,0x03,0x00,0x00,0x68,0xff,0xff,0x8a,0x00,0x00,0x19,0xff,
  0xff,0x68,0x00,0x00,0xe8,0xff,0xff,0xfe,0x71,0x12,0x0d,0x55,0xe1,0xff,0xff,0xff,0xc8,0x00,0x00,0x49,0xf5,0xff,0xec,0x16,
  0x00,0x00,0x03,0xf6,0xff,0x93,0x00,0x00,0xa7,0xff,0xff,0xff,0xff,0xff,0xff,0xff,0xff,0xff,0xff,0xff,0xc4,0x16,0x7f,0xfb,
  0xff,0xfe,0x53,0x00,0x00,0x00,0x00,0xca,0xff,0xd9,0x00,0x00,0x34,0xfc,0xff,0xff,0xff,0xff,0xff,0xff,0xf2,0xff,0xff,0xff,
  0xff,0xff,0xff,0xff,0xff,0x69,0x00,0x00,0x00,0x00,0x00,0x83,0xff,0xff,0x3e,0x00,0x00,0x6a,0xfe,0xff,0xff,0xff,0xff,0xf9,
  0x49,0xcc,0xff,0xff,0xff,0xff,0xff,0xe6,0x4e,0x00,0x00,0x00,0x00,0x00,0x00,0x2b,0xff,0xff,0xc6,0x02,0x00,0x00,0x3d,0xb4,
  0xee,0xf5,0xbc,0x36,0x00,0x33,0xd2,0xf8,0xe3,0xbc,0x67,0x0f,0x00,0x00,0x00,0x00,0x00,0x00,0x00,0x00,0xb9,0xff,0xff,0x83,
  0x00,0x00,0x00,0x00,0x00,0x00,0x00,0x00,0x00,0x00,0x00,0x00,0x00,0x00,0x00,0x00,0x00,0x3a,0xf4,0xff,0xe7,0x09,0x00,0x00,
  0x2d,0xfa,0xff,0xff,0x82,0x02,0x00,0x00,0x00,0x00,0x00,0x00,0x00,0x00,0x00,0x00,0x00,0x00,0x00,0x00,0x37,0xf0,0xff,0xff,
  0x64,0x00,0x00,0x00,0x00,0x72,0xff,0xff,0xff,0xc4,0x3d,0x00,0x00,0x00,0x00,0x00,0x00,0x00,0x00,0x00,0x00,0x00,0x12,0x96,
  0xfc,0xff,0xff,0xaf,0x00,0x00,0x00,0x00,0x00,0x00,0x83,0xff,0xff,0xff,0xff,0xd7,0x89,0x4f,0x28,0x0e,0x04,0x0c,0x21,0x36,
  0x6a,0xb5,0xf6,0xff,0xff,0xff,0xbf,0x0a,0x00,0x00,0x00,0x00,0x00,0x00,0x00,0x57,0xea,0xff,0xff,0xff,0xff,0xff,0xff,0xff,
  0xff,0xff,0xff,0xff,0xff,0xff,0xff,0xff,0xff,0x95,0x07,0x00,0x00,0x00,0x00,0x00,0x00,0x00,0x00,0x00,0x0f,0x81,0xe5,0xff,
  0xff,0xff,0xff,0xff,0xff,0xff,0xff,0xff,0xff,0xff,0xff,0xbc,0x37,0x00,0x00,0x00,0x00,0x00,0x00,0x00,0x00,0x00,0x00,0x00,
  0x00,0x00,0x04,0x3e,0x81,0xb2,0xd7,0xee,0xf9,0xfa,0xec,0xd6,0xa9,0x72,0x1f,0x00,0x00,0x00,0x00,0x00,0x00,0x00,0x00,0x00,
  0x00,0x00,0x00,0x00,0x00,0x63,0xff,0xff,0xff,0xff,0x4a,0x00,0x00,0x00,0x00,0x00,0x00,0x00,0x00,0x00,0x00,0x00,0x00,0x00,
  0x00,0x00,0xc7,0xff,0xff,0xff,0xff,0xb1,0x00,0x00,0x00,0x00,0x00,0x00,0x00,0x00,0x00,0x00,0x00,0x00,0x00,0x00,0x2a,0xff,
  0xff,0xff,0xff,0xff,0xfc,0x1b,0x00,0x00,0x00,0x00,0x00,0x00,0x00,0x00,0x00,0x00,0x00,0x00,0x00,0x8f,0xff,0xff,0xff,0xff,
  0xff,0xff,0x7e,0x00,0x00,0x00,0x00,0x00,0x00,0x00,0x00,0x00,0x00,0x00,0x00,0x06,0xeb,0xff,0xff,0xbe,0xe9,0xff,0xff,0xe2,
  0x02,0x00,0x00,0x00,0x00,0x00,0x00,0x00,0x00,0x00,0x00,0x00,0x57,0xff,0xff,0xff,0x64,0x95,0xff,0xff,0xff,0x4b,0x00,0x00,
  0x00,0x00,0x00,0x00,0x00,0x00,0x00,0x00,0x00,0xbb,0xff,0xff,0xfb,0x13,0x3d,0xff,0xff,0xff,0xb2,0x00,0x00,0x00,0x00,0x00,
  0x00,0x00,0x00,0x00,0x00,0x20,0xfe,0xff,0xff,0xb6,0x00,0x01,0xe3,0xff,0xff,0xfc,0x1c,0x00,0x00,0x00,0x00,0x00,0x00,0x00,
  0x00,0x00,0x83,0xff,0xff,0xff,0x5f,0x00,0x00,0x8d,0xff,0xff,0xff,0x7f,0x00,0x00,0x00,0x00,0x00,0x00,0x00,0x00,0x02,0xe3,
  0xff,0xff,0xf9,0x0f,0x00,0x00,0x35,0xff,0xff,0xff,0xe3,0x03,0x00,0x00,0x00,0x00,0x00,0x00,0x00,0x4b,0xff,0xff,0xff,0xb1,
  0x00,0x00,0x00,0x00,0xdc,0xff,0xff,0xff,0x4c,0x00,0x00,0x00,0x00,0x00,0x00,0x00,0xaf,0xff,0xff,0xff,0x5b,0x00,0x00,0x00,
  0x00,0x84,0xff,0xff,0xff,0xb3,0x00,0x00,0x00,0x00,0x00,0x00,0x17,0xfb,0xff,0xff,0xff,0xff,0xff,0xff,0xff,0xff,0xff,0xff,
  0xff,0xff,0xfc,0x1d,0x00,0x00,0x00,0x00,0x00,0x77,0xff,0xff,0xff,0xff,0xff,0xff,0xff,0xff,0xff,0xff,0xff,0xff,0xff,0xff,
  0x80,0x00,0x00,0x00,0x00,0x00,0xd9,0xff,0xff,0xff,0xff,0xff,0xff,0xff,0xff,0xff,0xff,0xff,0xff,0xff,0xff,0xe3,0x03,0x00,
  0x00,0x00,0x3f,0xff,0xff,0xff,0xc9,0x00,0x00,0x00,0x00,0x00,0x00,0x00,0x00,0xde,0xff,0xff,0xff,0x4d,0x00,0x00,0x00,0xa3,
  0xff,0xff,0xff,0x74,0x00,0x00,0x00,0x00,0x00,0x00,0x00,0x00,0x86,0xff,0xff,0xff,0xb4,0x00,0x00,0x0f,0xf6,0xff,0xff,0xff,
  0x20,0x00,0x00,0x00,0x00,0x00,0x00,0x00,0x00,0x2c,0xff,0xff,0xff,0xfd,0x1d,0x00,0x6b,0xff,0xff,0xff,0xca,0x00,0x00,0x00,
  0x00,0x00,0x00,0x00,0x00,0x00,0x00,0xd3,0xff,0xff,0xff,0x81,0x00,0xce,0xff,0xff,0xff,0x76,0x00,0x00,0x00,0x00,0x00,0x00,
  0x00,0x00,0x00,0x00,0x79,0xff,0xff,0xff,0xe4,0x03,0x00,0x00,0xf4,0xff,0xff,0xff,0xff,0xff,0xff,0xff,0xfe,0xf8,0xeb,0xcc,
  0x88,0x18,0x00,0x00,0x00,0x00,0x00,0x00,0xf4,0xff,0xff,0xff,0xff,0xff,0xff,0xff,0xff,0xff,0xff,0xff,0xff,0xf0,0x3e,0x00,
  0x00,0x00,0x00,0x00,0xf4,0xff,0xff,0xff,0xff,0xff,0xff,0xff,0xff,0xff,0xff,0xff,0xff,0xff,0xec,0x18,0x00,0x00,0x00,0x00,
  0xf4,0xff,0xff,0xff,0xff,0xff,0xff,0xff,0xff,0xff,0xff,0xff,0xff,0xff,0xff,0x85,0x00,0x00,0x00,0x00,0xf4,0xff,0xff,0xff,
  0x18,0x00,0x00,0x01,0x03,0x0b,0x38,0xc7,0xff,0xff,0xff,0xc5,0x00,0x00,0x00,0x00,0xf4,0xff,0xff,0xff,0x18,0x00,0x00,0x00,
  0x00,0x00,0x00,0x2d,0xff,0xff,0xff,0xd0,0x00,0x00,0x00,0x00,0xf4,0xff,0xff,0xff,0x18,0x00,0x00,0x00,0x00,0x00,0x00,0x33,
  0xff,0xff,0xff,0xa8,0x00,0x00,0x00,0x00,0xf4,0xff,0xff,0xff,0x18,0x00,0x00,0x00,0x03,0x0e,0x44,0xd2,0xff,0xff,0xff,0x44,
  0x00,0x00,0x00,0x00,0xf4,0xff,0xff,0xff,0xff,0xff,0xff,0xff,0xff,0xff,0xff,0xff,0xff,0xff,0x94,0x00,0x00,0x00,0x00,0x00,
  0xf4,0xff,0xff,0xff,0xff,0xff,0xff,0xff,0xff,0xff,0xff,0xff,0xff,0x85,0x01,0x00,0x00,0x00,0x00,0x00,0xf4,0xff,0xff,0xff,
  0xff,0xff,0xff,0xff,0xff,0xff,0xff,0xff,0xff,0xfb,0xa4,0x0c,0x00,0x00,0x00,0x00,0xf4,0xff,0xff,0xff,0xff,0xff,0xff,0xff,
  0xff,0xff,0xff,0xff,0xff,0xff,0xff,0xca,0x05,0x00,0x00,0x00,0xf4,0xff,0xff,0xff,0x18,0x00,0x00,0x00,0x04,0x0d,0x25,0x71,
  0xf5,0xff,0xff,0xff,0x6a,0x00,0x00,0x00,0xf4,0xff,0xff,0xff,0x18,0x00,0x00,0x00,0x00,0x00,0x00,0x00,0x7b,0xff,0xff,0xff,
  0xb4,0x00,0x00,0x00,0xf4,0xff,0xff,0xff,0x18,0x00,0x00,0x00,0x00,0x00,0x00,0x00,0x73,0xff,0xff,0xff,0xce,0x00,0x00,0x00,
  0xf4,0xff,0xff,0xff,0x18,0x00,0x00,0x00,0x00,0x05,0x17,0x60,0xef,0xff,0xff,0xff,0xb1,0x00,0x00,0x00,0xf4,0xff,0xff,0xff,
  0xff,0xff,0xff,0xff,0xff,0xff,0xff,0xff,0xff,0xff,0xff,0xff,0x5f,0x00,0x00,0x00,0xf4,0xff,0xff,0xff,0xff,0xff,0xff,0xff,
  0xff,0xff,0xff,0xff,0xff,0xff,0xff,0xd1,0x05,0x00,0x00,0x00,0xf4,0xff,0xff,0xff,0xff,0xff,0xff,0xff,0xff,0xff,0xff,0xff,
  0xff,0xff,0xd9,0x21,0x00,0x00,0x00,0x00,0xf4,0xff,0xff,0xff,0xff,0xff,0xff,0xfe,0xfb,0xf7,0xf0,0xe2,0xb8,0x6c,0x08,0x00,
  0x00,0x00,0x00,0x00,0x00,0x00,0x00,0x00,0x23,0x7f,0xc4,0xe5,0xf9,0xef,0xd4,0x95,0x38,0x00,0x00,0x00,0x00,0x00,0x00,0x00,
  0x00,0x00,0x09,0x95,0xfb,0xff,0xff,0xff,0xff,0xff,0xff,0xff,0xff,0xae,0x10,0x00,0x00,0x00,0x00,0x00,0x00,0x13,0xca,0xff,
  0xff,0xff,0xff,0xff,0xff,0xff,0xff,0xff,0xff,0xff,0xd8,0x13,0x00,0x00,0x00,0x00,0x02,0xb8,0xff,0xff,0xff,0xff,0xff,0xff,
  0xff,0xff,0xff,0xff,0xff,0xff,0xff,0xab,0x00,0x00,0x00,0x00,0x62,0xff,0xff,0xff,0xff,0xda,0x5e,0x1a,0x07,0x23,0x74,0xec,
  0xff,0xff,0xff,0xff,0x30,0x00,0x00,0x01,0xd8,0xff,0xff,0xff,0xc7,0x0d,0x00,0x00,0x00,0x00,0x00,0x2b,0xee,0xff,0xff,0xff,
  0x91,0x00,0x00,0x2d,0xff,0xff,0xff,0xfe,0x27,0x00,0x00,0x00,0x00,0x00,0x00,0x00,0x7e,0xcf,0x8f,0x4f,0x11,0x00,0x00,0x6a,
  0xff,0xff,0xff,0xc9,0x00,0x00,0x00,0x00,0x00,0x00,0x00,0x00,0x00,0x00,0x00,0x00,0x00,0x00,0x00,0x8e,0xff,0xff,0xff,0x98,
  0x00,0x00,0x00,0x00,0x00,0x00,0x00,0x00,0x00,0x00,0x00,0x00,0x00,0x00,0x00,0xa0,0xff,0xff,0xff,0x85,0x00,0x00,0x00,0x00,
  0x00,0x00,0x00,0x00,0x00,0x00,0x00,0x00,0x00,0x00,0x00,0xa5,0xff,0xff,0xff,0x88,0x00,0x00,0x00,0x00,0x00,0x00,0x00,0x00,
  0x00,0x00,0x00,0x00,0x00,0x00,0x00,0x93,0xff,0xff,0xff,0x9b,0x00,0x00,0x00,0x00,0x00,0x00,0x00,0x00,0x00,0x00,0x00,0x00,
  0x00,0x00,0x00,0x76,0xff,0xff,0xff,0xcd,0x00,0x00,0x00,0x00,0x00,0x00,0x00,0x00,0x4a,0xd5,0x94,0x53,0x13,0x00,0x00,0x39,
  0xff,0xff,0xff,0xff,0x28,0x00,0x00,0x00,0x00,0x00,0x00,0x00,0xad,0xff,0xff,0xff,0x9e,0x00,0x00,0x04,0xe4,0xff,0xff,0xff,
  0xc5,0x0b,0x00,0x00,0x00,0x00,0x00,0x51,0xff,0xff,0xff,0xff,0x4b,0x00,0x00,0x00,0x70,0xff,0xff,0xff,0xff,0xd7,0x59,0x16,
  0x08,0x2c,0x90,0xfa,0xff,0xff,0xff,0xd9,0x02,0x00,0x00,0x00,0x05,0xc5,0xff,0xff,0xff,0xff,0xff,0xff,0xff,0xff,0xff,0xff,
  0xff,0xff,0xff,0x4d,0x00,0x00,0x00,0x00,0x00,0x19,0xd4,0xff,0xff,0xff,0xff,0xff,0xff,0xff,0xff,0xff,0xff,0xff,0x8a,0x00,
  0x00,0x00,0x00,0x00,0x00,0x00,0x0e,0xa3,0xfe,0xff,0xff,0xff,0xff,0xff,0xff,0xff,0xf8,0x76,0x00,0x00,0x00,0x00,0x00,0x00,
  0x00,0x00,0x00,0x00,0x2d,0x8a,0xcd,0xeb,0xfb,0xed,0xc7,0x83,0x1d,0x00,0x00,0x00,0x00,0x00,0x00,0x00,0xf8,0xff,0xff,0xff,
  0xff,0xff,0xff,0xff,0xf9,0xe8,0xc7,0x7f,0x16,0x00,0x00,0x00,0x00,0x00,0x00,0x00,0xf8,0xff,0xff,0xff,0xff,0xff,0xff,0xff,
  0xff,0xff,0xff,0xff,0xf7,0x60,0x00,0x00,0x00,0x00,0x00,0x00,0xf8,0xff,0xff,0xff,0xff,0xff,0xff,0xff,0xff,0xff,0xff,0xff,
  0xff,0xff,0x70,0x00,0x00,0x00,0x00,0x00,0xf8,0xff,0xff,0xff,0xff,0xff,0xff,0xff,0xff,0xff,0xff,0xff,0xff,0xff,0xfb,0x37,
  0x00,0x00,0x00,0x00,0xf8,0xff,0xff,0xff,0x14,0x00,0x02,0x07,0x16,0x44,0xab,0xff,0xff,0xff,0xff,0xba,0x00,0x00,0x00,0x00,
  0xf8,0xff,0xff,0xff,0x14,0x00,0x00,0x00,0x00,0x00,0x00,0x84,0xff,0xff,0xff,0xff,0x27,0x00,0x00,0x00,0xf8,0xff,0xff,0xff,
  0x14,0x00,0x00,0x00,0x00,0x00,0x00,0x06,0xe3,0xff,0xff,0xff,0x68,0x00,0x00,0x00,0xf8,0xff,0xff,0xff,0x14,0x00,0x00,0x00,
  0x00,0x00,0x00,0x00,0x9b,0xff,0xff,0xff,0xa0,0x00,0x00,0x00,0xf8,0xff,0xff,0xff,0x14,0x00,0x00,0x00,0x00,0x00,0x00,0x00,
  0x71,0xff,0xff,0xff,0xb8,0x00,0x00,0x00,0xf8,0xff,0xff,0xff,0x14,0x00,0x00,0x00,0x00,0x00,0x00,0x00,0x63,0xff,0xff,0xff,
  0xc8,0x00,0x00,0x00,0xf8,0xff,0xff,0xff,0x14,0x00,0x00,0x00,0x00,0x00,0x00,0x00,0x63,0xff,0xff,0xff,0xcd,0x00,0x00,0x00,
  0xf8,0xff,0xff,0xff,0x14,0x00,0x00,0x00,0x00,0x00,0x00,0x00,0x71,0xff,0xff,0xff,0xbd,0x00,0x00,0x00,0xf8,0xff,0xff,0xff,
  0x14,0x00,0x00,0x00,0x00,0x00,0x00,0x00,0x98,0xff,0xff,0xff,0xa7,0x00,0x00,0x00,0xf8,0xff,0xff,0xff,0x14,0x00,0x00,0x00,
  0x00,0x00,0x00,0x01,0xd9,0xff,0xff,0xff,0x70,0x00,0x00,0x00,0xf8,0xff,0xff,0xff,0x14,0x00,0x00,0x00,0x00,0x00,0x00,0x5e,
  0xff,0xff,0xff,0xff,0x2c,0x00,0x00,0x00,0xf8,0xff,0xff,0xff,0x14,0x00,0x00,0x02,0x0c,0x2f,0x87,0xf9,0xff,0xff,0xff,0xbb,
  0x00,0x00,0x00,0x00,0xf8,0xff,0xff,0xff,0xff,0xff,0xff,0xff,0xff,0xff,0xff,0xff,0xff,0xff,0xfc,0x3a,0x00,0x00,0x00,0x00,
  0xf8,0xff,0xff,0xff,0xff,0xff,0xff,0xff,0xff,0xff,0xff,0xff,0xff,0xff,0x72,0x00,0x00,0x00,0x00,0x00,0xf8,0xff,0xff,0xff,
  0xff,0xff,0xff,0xff,0xff,0xff,0xff,0xff,0xf4,0x66,0x00,0x00,0x00,0x00,0x00,0x00,0xf8,0xff,0xff,0xff,0xff,0xff,0xff,0xff,
  0xf5,0xe5,0xba,0x74,0x11,0x00,0x00,0x00,0x00,0x00,0x00,0x00,0xf8,0xff,0xff,0xff,0xff,0xff,0xff,0xff,0xff,0xff,0xff,0xff,
  0xff,0xff,0xe8,0x00,0x00,0x00,0x00,0xf8,0xff,0xff,0xff,0xff,0xff,0xff,0xff,0xff,0xff,0xff,0xff,0xff,0xff,0xe8,0x00,0x00,
  0x00,0x00,0xf8,0xff,0xff,0xff,0xff,0xff,0xff,0xff,0xff,0xff,0xff,0xff,0xff,0xff,0xe8,0x00,0x00,0x00,0x00,0xf8,0xff,0xff,
  0xff,0xff,0xff,0xff,0xff,0xff,0xff,0xff,0xff,0xff,0xff,0xe8,0x00,0x00,0x00,0x00,0xf8,0xff,0xff,0xff,0x14,0x00,0x00,0x00,
  0x00,0x00,0x00,0x00,0x00,0x00,0x00,0x00,0x00,0x00,0x00,0xf8,0xff,0xff,0xff,0x14,0x00,0x00,0x00,0x00,0x00,0x00,0x00,0x00,
  0x00,0x00,0x00,0x00,0x00,0x00,0xf8,0xff,0xff,0xff,0x14,0x00,0x00,0x00,0x00,0x00,0x00,0x00,0x00,0x00,0x00,0x00,0x00,0x00,
  0x00,0xf8,0xff,0xff,0xff,0x14,0x00,0x00,0x00,0x00,0x00,0x00,0x00,0x00,0x00,0x00,0x00,0x00,0x00,0x00,0xf8,0xff,0xff,0xff,
  0xff,0xff,0xff,0xff,0xff,0xff,0xff,0xff,0xff,0xff,0x24,0x00,0x00,0x00,0x00,0xf8,0xff,0xff,0xff,0xff,0xff,0xff,0xff,0xff,
  0xff,0xff,0xff,0xff,0xff,0x24,0x00,0x00,0x00,0x00,0xf8,0xff,0xff,0xff,0xff,0xff,0xff,0xff,0xff,0xff,0xff,0xff,0xff,0xff,
  0x24,0x00,0x00,0x00,0x00,0xf8,0xff,0xff,0xff,0xff,0xff,0xff,0xff,0xff,0xff,0xff,0xff,0xff,0xff,0x24,0x00,0x00,0x00,0x00,
  0xf8,0xff,0xff,0xff,0x14,0x00,0x00,0x00,0x00,0x00,0x00,0x00,0x00,0x00,0x00,0x00,0x00,0x00,0x00,0xf8,0xff,0xff,0xff,0x14,
  0x00,0x00,0x00,0x00,0x00,0x00,0x00,0x00,0x00,0x00,0x00,0x00,0x00,0x00,0xf8,0xff,0xff,0xff,0x14,0x00,0x00,0x00,0x00,0x00,
  0x00,0x00,0x00,0x00,0x00,0x00,0x00,0x00,0x00,0xf8,0xff,0xff,0xff,0x14,0x00,0x00,0x00,0x00,0x00,0x00,0x00,0x00,0x00,0x00,
  0x00,0x00,0x00,0x00,0xf8,0xff,0xff,0xff,0xff,0xff,0xff,0xff,0xff,0xff,0xff,0xff,0xff,0xff,0xff,0x48,0x00,0x00,0x00,0xf8,
  0xff,0xff,0xff,0xff,0xff,0xff,0xff,0xff,0xff,0xff,0xff,0xff,0xff,0xff,0x48,0x00,0x00,0x00,0xf8,0xff,0xff,0xff,0xff,0xff,
  0xff,0xff,0xff,0xff,0xff,0xff,0xff,0xff,0xff,0x48,0x00,0x00,0x00,0xf8,0xff,0xff,0xff,0xff,0xff,0xff,0xff,0xff,0xff,0xff,
  0xff,0xff,0xff,0xff,0x48,0x00,0x00,0x00,0xf0,0xff,0xff,0xff,0xff,0xff,0xff,0xff,0xff,0xff,0xff,0xff,0xff,0xd0,0x00,0x00,
  0x00,0xf0,0xff,0xff,0xff,0xff,0xff,0xff,0xff,0xff,0xff,0xff,0xff,0xff,0xd0,0x00,0x00,0x00,0xf0,0xff,0xff,0xff,0xff,0xff,
  0xff,0xff,0xff,0xff,0xff,0xff,0xff,0xd0,0x00,0x00,0x00,0xf0,0xff,0xff,0xff,0xff,0xff,0xff,0xff,0xff,0xff,0xff,0xff,0xff,
  0xd0,0x00,0x00,0x00,0xf0,0xff,0xff,0xff,0x1c,0x00,0x00,0x00,0x00,0x00,0x00,0x00,0x00,0x00,0x00,0x00,0x00,0xf0,0xff,0xff,
  0xff,0x1c,0x00,0x00,0x00,0x00,0x00,0x00,0x00,0x00,0x00,0x00,0x00,0x00,0xf0,0xff,0xff,0xff,0x1c,0x00,0x00,0x00,0x00,0x00,
  0x00,0x00,0x00,0x00,0x00,0x00,0x00,0xf0,0xff,0xff,0xff,0x1c,0x00,0x00,0x00,0x00,0x00,0x00,0x00,0x00,0x00,0x00,0x00,0x00,
  0xf0,0xff,0xff,0xff,0xff,0xff,0xff,0xff,0xff,0xff,0xff,0xff,0x7c,0x00,0x00,0x00,0x00,0xf0,0xff,0xff,0xff,0xff,0xff,0xff,
  0xff,0xff,0xff,0xff,0xff,0x7c,0x00,0x00,0x00,0x00,0xf0,0xff,0xff,0xff,0xff,0xff,0xff,0xff,0xff,0xff,0xff,0xff,0x7c,0x00,
  0x00,0x00,0x00,0xf0,0xff,0xff,0xff,0xff,0xff,0xff,0xff,0xff,0xff,0xff,0xff,0x7c,0x00,0x00,0x00,0x00,0xf0,0xff,0xff,0xff,
  0x1c,0x00,0x00,0x00,0x00,0x00,0x00,0x00,0x00,0x00,0x00,0x00,0x00,0xf0,0xff,0xff,0xff,0x1c,0x00,0x00,0x00,0x00,0x00,0x00,
  0x00,0x00,0x00,0x00,0x00,0x00,0xf0,0xff,0xff,0xff,0x1c,0x00,0x00,0x00,0x00,0x00,0x00,0x00,0x00,0x00,0x00,0x00,0x00,0xf0,
  0xff,0xff,0xff,0x1c,0x00,0x00,0x00,0x00,0x00,0x00,0x00,0x00,0x00,0x00,0x00,0x00,0xf0,0xff,0xff,0xff,0x1c,0x00,0x00,0x00,
  0x00,0x00,0x00,0x00,0x00,0x00,0x00,0x00,0x00,0xf0,0xff,0xff,0xff,0x1c,0x00,0x00,0x00,0x00,0x00,0x00,0x00,0x00,0x00,0x00,
  0x00,0x00,0xf0,0xff,0xff,0xff,0x1c,0x00,0x00,0x00,0x00,0x00,0x00,0x00,0x00,0x00,0x00,0x00,0x00,0xf0,0xff,0xff,0xff,0x1c,
  0x00,0x00,0x00,0x00,0x00,0x00,0x00,0x00,0x00,0x00,0x00,0x00,0x00,0x00,0x00,0x00,0x0e,0x5e,0xb0,0xd5,0xed,0xfb,0xed,0xd0,
  0x9c,0x46,0x01,0x00,0x00,0x00,0x00,0x00,0x00,0x00,0x00,0x00,0x01,0x6f,0xf1,0xff,0xff,0xff,0xff,0xff,0xff,0xff,0xff,0xff,
  0xc6,0x25,0x00,0x00,0x00,0x00,0x00,0x00,0x00,0x05,0xac,0xff,0xff,0xff,0xff,0xff,0xff,0xff,0xff,0xff,0xff,0xff,0xff,0xea,
  0x27,0x00,0x00,0x00,0x00,0x00,0x00,0x9c,0xff,0xff,0xff,0xff,0xff,0xff,0xff,0xff,0xff,0xff,0xff,0xff,0xff,0xff,0xd0,0x02,
  0x00,0x00,0x00,0x00,0x48,0xff,0xff,0xff,0xff,0xf7,0x90,0x3a,0x0f,0x09,0x27,0x7b,0xee,0xff,0xff,0xff,0xff,0x56,0x00,0x00,
  0x00,0x00,0xc8,0xff,0xff,0xff,0xeb,0x2f,0x00,0x00,0x00,0x00,0x00,0x00,0x2a,0xea,0xff,0xff,0xff,0xad,0x00,0x00,0x00,0x25,
  0xff,0xff,0xff,0xff,0x4d,0x00,0x00,0x00,0x00,0x00,0x00,0x00,0x00,0x6d,0xd5,0x95,0x55,0x15,0x00,0x00,0x00,0x67,0xff,0xff,
  0xff,0xdb,0x00,0x00,0x00,0x00,0x00,0x00,0x00,0x00,0x00,0x00,0x00,0x00,0x00,0x00,0x00,0x00,0x00,0x90,0xff,0xff,0xff,0xa0,
  0x00,0x00,0x00,0x00,0x00,0x00,0x00,0x00,0x00,0x00,0x00,0x00,0x00,0x00,0x00,0x00,0x00,0xa1,0xff,0xff,0xff,0x89,0x00,0x00,
  0x00,0x00,0x00,0xa4,0xff,0xff,0xff,0xff,0xff,0xff,0xff,0xff,0x14,0x00,0x00,0xa1,0xff,0xff,0xff,0x8f,0x00,0x00,0x00,0x00,
  0x00,0xa4,0xff,0xff,0xff,0xff,0xff,0xff,0xff,0xff,0x14,0x00,0x00,0x8c,0xff,0xff,0xff,0xac,0x00,0x00,0x00,0x00,0x00,0xa4,
  0xff,0xff,0xff,0xff,0xff,0xff,0xff,0xff,0x14,0x00,0x00,0x5f,0xff,0xff,0xff,0xe9,0x04,0x00,0x00,0x00,0x00,0xa4,0xff,0xff,
  0xff,0xff,0xff,0xff,0xff,0xff,0x14,0x00,0x00,0x1c,0xff,0xff,0xff,0xff,0x64,0x00,0x00,0x00,0x00,0x00,0x00,0x00,0x00,0x00,
  0xff,0xff,0xff,0xff,0x14,0x00,0x00,0x00,0xbd,0xff,0xff,0xff,0xf4,0x3e,0x00,0x00,0x00,0x00,0x00,0x00,0x00,0x0b,0xff,0xff,
  0xff,0xff,0x14,0x00,0x00,0x00,0x3f,0xff,0xff,0xff,0xff,0xfb,0x98,0x3b,0x0e,0x05,0x19,0x48,0x93,0xed,0xff,0xff,0xff,0xff,
  0x14,0x00,0x00,0x00,0x00,0x94,0xff,0xff,0xff,0xff,0xff,0xff,0xff,0xff,0xff,0xff,0xff,0xff,0xff,0xff,0xff,0xdc,0x08,0x00,
  0x00,0x00,0x00,0x04,0xa4,0xff,0xff,0xff,0xff,0xff,0xff,0xff,0xff,0xff,0xff,0xff,0xff,0xff,0xbd,0x18,0x00,0x00,0x00,0x00,
  0x00,0x00,0x01,0x65,0xea,0xff,0xff,0xff,0xff,0xff,0xff,0xff,0xff,0xff,0xda,0x5b,0x00,0x00,0x00,0x00,0x00,0x00,0x00,0x00,
  0x00,0x00,0x08,0x5c,0xa6,0xd7,0xf3,0xfd,0xf1,0xcf,0x95,0x45,0x01,0x00,0x00,0x00,0x00,0x00,0x00,0x00,0xf4,0xff,0xff,0xff,
  0x18,0x00,0x00,0x00,0x00,0x00,0x00,0x00,0xf8,0xff,0xff,0xff,0x14,0x00,0x00,0x00,0xf4,0xff,0xff,0xff,0x18,0x00,0x00,0x00,
  0x00,0x00,0x00,0x00,0xf8,0xff,0xff,0xff,0x14,0x00,0x00,0x00,0xf4,0xff,0xff,0xff,0x18,0x00,0x00,0x00,0x00,0x00,0x00,0x00,
  0xf8,0xff,0xff,0xff,0x14,0x00,0x00,0x00,0xf4,0xff,0xff,0xff,0x18,0x00,0x00,0x00,0x00,0x00,0x00,0x00,0xf8,0xff,0xff,0xff,
  0x14,0x00,0x00,0x00,0xf4,0xff,0xff,0xff,0x18,0x00,0x00,0x00,0x00,0x00,0x00,0x00,0xf8,0xff,0xff,0xff,0x14,0x00,0x00,0x00,
  0xf4,0xff,0xff,0xff,0x18,0x00,0x00,0x00,0x00,0x00,0x00,0x00,0xf8,0xff,0xff,0xff,0x14,0x00,0x00,0x00,0xf4,0xff,0xff,0xff,
  0x18,0x00,0x00,0x00,0x00,0x00,0x00,0x00,0xf8,0xff,0xff,0xff,0x14,0x00,0x00,0x00,0xf4,0xff,0xff,0xff,0x18,0x00,0x00,0x00,
  0x00,0x00,0x00,0x00,0xf8,0xff,0xff,0xff,0x14,0x00,0x00,0x00,0xf4,0xff,0xff,0xff,0xff,0xff,0xff,0xff,0xff,0xff,0xff,0xff,
  0xff,0xff,0xff,0xff,0x14,0x00,0x00,0x00,0xf4,0xff,0xff,0xff,0xff,0xff,0xff,0xff,0xff,0xff,0xff,0xff,0xff,0xff,0xff,0xff,
  0x14,0x00,0x00,0x00,0xf4,0xff,0xff,0xff,0xff,0xff,0xff,0xff,0xff,0xff,0xff,0xff,0xff,0xff,0xff,0xff,0x14,0x00,0x00,0x00,
  0xf4,0xff,0xff,0xff,0xff,0xff,0xff,0xff,0xff,0xff,0xff,0xff,0xff,0xff,0xff,0xff,0x14,0x00,0x00,0x00,0xf4,0xff,0xff,0xff,
  0x18,0x00,0x00,0x00,0x00,0x00,0x00,0x00,0xf8,0xff,0xff,0xff,0x14,0x00,0x00,0x00,0xf4,0xff,0xff,0xff,0x18,0x00,0x00,0x00,
  0x00,0x00,0x00,0x00,0xf8,0xff,0xff,0xff,0x14,0x00,0x00,0x00,0xf4,0xff,0xff,0xff,0x18,0x00,0x00,0x00,0x00,0x00,0x00,0x00,
  0xf8,0xff,0xff,0xff,0x14,0x00,0x00,0x00,0xf4,0xff,0xff,0xff,0x18,0x00,0x00,0x00,0x00,0x00,0x00,0x00,0xf8,0xff,0xff,0xff,
  0x14,0x00,0x00,0x00,0xf4,0xff,0xff,0xff,0x18,0x00,0x00,0x00,0x00,0x00,0x00,0x00,0xf8,0xff,0xff,0xff,0x14,0x00,0x00,0x00,
  0xf4,0xff,0xff,0xff,0x18,0x00,0x00,0x00,0x00,0x00,0x00,0x00,0xf8,0xff,0xff,0xff,0x14,0x00,0x00,0x00,0xf4,0xff,0xff,0xff,
  0x18,0x00,0x00,0x00,0x00,0x00,0x00,0x00,0xf8,0xff,0xff,0xff,0x14,0x00,0x00,0x00,0xf4,0xff,0xff,0xff,0x18,0x00,0x00,0x00,
  0x00,0x00,0x00,0x00,0xf8,0xff,0xff,0xff,0x14,0x00,0x00,0x14,0xff,0xff,0xff,0xf8,0x00,0x00,0x00,0x14,0xff,0xff,0xff,0xf8,
  0x00,0x00,0x00,0x14,0xff,0xff,0xff,0xf8,0x00,0x00,0x00,0x14,0xff,0xff,0xff,0xf8,0x00,0x00,0x00,0x14,0xff,0xff,0xff,0xf8,
  0x00,0x00,0x00,0x14,0xff,0xff,0xff,0xf8,0x00,0x00,0x00,0x14,0xff,0xff,0xff,0xf8,0x00,0x00,0x00,0x14,0xff,0xff,0xff,0xf8,
  0x00,0x00,0x00,0x14,0xff,0xff,0xff,0xf8,0x00,0x00,0x00,0x14,0xff,0xff,0xff,0xf8,0x00,0x00,0x00,0x14,0xff,0xff,0xff,0xf8,
  0x00,0x00,0x00,0x14,0xff,0xff,0xff,0xf8,0x00,0x00,0x00,0x14,0xff,0xff,0xff,0xf8,0x00,0x00,0x00,0x14,0xff,0xff,0xff,0xf8,
  0x00,0x00,0x00,0x14,0xff,0xff,0xff,0xf8,0x00,0x00,0x00,0x14,0xff,0xff,0xff,0xf8,0x00,0x00,0x00,0x14,0xff,0xff,0xff,0xf8,
  0x00,0x00,0x00,0x14,0xff,0xff,0xff,0xf8,0x00,0x00,0x00,0x14,0xff,0xff,0xff,0xf8,0x00,0x00,0x00,0x14,0xff,0xff,0xff,0xf8,
  0x00,0x00,0x00,0x00,0x00,0x00,0x00,0x00,0x00,0x00,0x00,0xbc,0xff,0xff,0xff,0x4c,0x00,0x00,0x00,0x00,0x00,0x00,0x00,0x00,
  0x00,0x00,0x00,0xbc,0xff,0xff,0xff,0x4c,0x00,0x00,0x00,0x00,0x00,0x00,0x00,0x00,0x00,0x00,0x00,0xbc,0xff,0xff,0xff,0x4c,
  0x00,0x00,0x00,0x00,0x00,0x00,0x00,0x00,0x00,0x00,0x00,0xbc,0xff,0xff,0xff,0x4c,0x00,0x00,0x00,0x00,0x00,0x00,0x00,0x00,
  0x00,0x00,0x00,0xbc,0xff,0xff,0xff,0x4c,0x00,0x00,0x00,0x00,0x00,0x00,0x00,0x00,0x00,0x00,0x00,0xbc,0xff,0xff,0xff,0x4c,
  0x00,0x00,0x00,0x00,0x00,0x00,0x00,0x00,0x00,0x00,0x00,0xbc,0xff,0xff,0xff,0x4c,0x00,0x00,0x00,0x00,0x00,0x00,0x00,0x00,
  0x00,0x00,0x00,0xbc,0xff,0xff,0xff,0x4c,0x00,0x00,0x00,0x00,0x00,0x00,0x00,0x00,0x00,0x00,0x00,0xbc,0xff,0xff,0xff,0x4c,
  0x00,0x00,0x00,0x00,0x00,0x00,0x00,0x00,0x00,0x00,0x00,0xbc,0xff,0xff,0xff,0x4c,0x00,0x00,0x00,0x00,0x00,0x00,0x00,0x00,
  0x00,0x00,0x00,0xbc,0xff,0xff,0xff,0x4c,0x00,0x00,0x00,0x00,0x00,0x00,0x00,0x00,0x00,0x00,0x00,0xbc,0xff,0xff,0xff,0x4c,
  0x00,0x00,0x7d,0xff,0xff,0xff,0x53,0x00,0x00,0x00,0x00,0xbe,0xff,0xff,0xff,0x4a,0x00,0x00,0x6e,0xff,0xff,0xff,0x6e,0x00,
  0x00,0x00,0x00,0xcc,0xff,0xff,0xff,0x44,0x00,0x00,0x4a,0xff,0xff,0xff,0xb3,0x00,0x00,0x00,0x05,0xf3,0xff,0xff,0xff,0x30,
  0x00,0x00,0x15,0xfd,0xff,0xff,0xff,0x73,0x0b,0x1c,0x9a,0xff,0xff,0xff,0xfc,0x0b,0x00,0x00,0x00,0xb9,0xff,0xff,0xff,0xff,
  0xff,0xff,0xff,0xff,0xff,0xff,0xb1,0x00,0x00,0x00,0x00,0x35,0xfd,0xff,0xff,0xff,0xff,0xff,0xff,0xff,0xff,0xf9,0x2c,0x00,
  0x00,0x00,0x00,0x00,0x63,0xfc,0xff,0xff,0xff,0xff,0xff,0xff,0xf4,0x45,0x00,0x00,0x00,0x00,0x00,0x00,0x00,0x30,0xa3,0xe3,
  0xfa,0xf4,0xd2,0x8d,0x1e,0x00,0x00,0x00,0x00,0x00,0x00,0x00,0xe8,0xff,0xff,0xff,0x24,0x00,0x00,0x00,0x00,0x00,0x00,0x3a,
  0xf3,0xff,0xff,0xff,0xf8,0x48,0x00,0x00,0x00,0xe8,0xff,0xff,0xff,0x24,0x00,0x00,0x00,0x00,0x00,0x38,0xf2,0xff,0xff,0xff,
  0xf8,0x49,0x00,0x00,0x00,0x00,0xe8,0xff,0xff,0xff,0x24,0x00,0x00,0x00,0x00,0x35,0xf0,0xff,0xff,0xff,0xf9,0x4b,0x00,0x00,
  0x00,0x00,0x00,0xe8,0xff,0xff,0xff,0x24,0x00,0x00,0x00,0x33,0xef,0xff,0xff,0xff,0xf9,0x4b,0x00,0x00,0x00,0x00,0x00,0x00,
  0xe8,0xff,0xff,0xff,0x24,0x00,0x00,0x30,0xee,0xff,0xff,0xff,0xf9,0x4d,0x00,0x00,0x00,0x00,0x00,0x00,0x00,0xe8,0xff,0xff,
  0xff,0x24,0x00,0x2e,0xec,0xff,0xff,0xff,0xfa,0x4e,0x00,0x00,0x00,0x00,0x00,0x00,0x00,0x00,0xe8,0xff,0xff,0xff,0x24,0x2c,
  0xea,0xff,0xff,0xff,0xfa,0x4f,0x00,0x00,0x00,0x00,0x00,0x00,0x00,0x00,0x00,0xe8,0xff,0xff,0xff,0x4d,0xe9,0xff,0xff,0xff,
  0xff,0x6e,0x00,0x00,0x00,0x00,0x00,0x00,0x00,0x00,0x00,0x00,0xe8,0xff,0xff,0xff,0xf5,0xff,0xff,0xff,0xff,0xff,0xc6,0x02,
  0x00,0x00,0x00,0x00,0x00,0x00,0x00,0x00,0x00,0xe8,0xff,0xff,0xff,0xff,0xff,0xff,0xff,0xff,0xff,0xff,0x6d,0x00,0x00,0x00,
  0x00,0x00,0x00,0x00,0x00,0x00,0xe8,0xff,0xff,0xff,0xff,0xff,0xff,0xde,0xff,0xff,0xff,0xf3,0x1e,0x00,0x00,0x00,0x00,0x00,
  0x00,0x00,0x00,0xe8,0xff,0xff,0xff,0xff,0xff,0x80,0x19,0xf2,0xff,0xff,0xff,0xb5,0x00,0x00,0x00,0x00,0x00,0x00,0x00,0x00,
  0xe8,0xff,0xff,0xff,0xff,0x7b,0x00,0x00,0x76,0xff,0xff,0xff,0xff,0x5a,0x00,0x00,0x00,0x00,0x00,0x00,0x00,0xe8,0xff,0xff,
  0xff,0x7a,0x00,0x00,0x00,0x06,0xd9,0xff,0xff,0xff,0xea,0x13,0x00,0x00,0x00,0x00,0x00,0x00,0xe8,0xff,0xff,0xff,0x24,0x00,
  0x00,0x00,0x00,0x49,0xff,0xff,0xff,0xff,0xa3,0x00,0x00,0x00,0x00,0x00,0x00,0xe8,0xff,0xff,0xff,0x24,0x00,0x00,0x00,0x00,
  0x00,0xb4,0xff,0xff,0xff,0xff,0x48,0x00,0x00,0x00,0x00,0x00,0xe8,0xff,0xff,0xff,0x24,0x00,0x00,0x00,0x00,0x00,0x24,0xf9,
  0xff,0xff,0xff,0xe0,0x0b,0x00,0x00,0x00,0x00,0xe8,0xff,0xff,0xff,0x24,0x00,0x00,0x00,0x00,0x00,0x00,0x88,0xff,0xff,0xff,
  0xff,0x90,0x00,0x00,0x00,0x00,0xe8,0xff,0xff,0xff,0x24,0x00,0x00,0x00,0x00,0x00,0x00,0x0c,0xe5,0xff,0xff,0xff,0xfd,0x37,
  0x00,0x00,0x00,0xe8,0xff,0xff,0xff,0x24,0x00,0x00,0x00,0x00,0x00,0x00,0x00,0x5b,0xff,0xff,0xff,0xff,0xd3,0x05,0x00,0x00,
  0xdc,0xff,0xff,0xff,0x30,0x00,0x00,0x00,0x00,0x00,0x00,0x00,0x00,0x00,0x00,0x00,0x00,0xdc,0xff,0xff,0xff,0x30,0x00,0x00,
  0x00,0x00,0x00,0x00,0x00,0x00,0x00,0x00,0x00,0x00,0xdc,0xff,0xff,0xff,0x30,0x00,0x00,0x00,0x00,0x00,0x00,0x00,0x00,0x00,
  0x00,0x00,0x00,0xdc,0xff,0xff,0xff,0x30,0x00,0x00,0x00,0x00,0x00,0x00,0x00,0x00,0x00,0x00,0x00,0x00,0xdc,0xff,0xff,0xff,
  0x30,0x00,0x00,0x00,0x00,0x00,0x00,0x00,0x00,0x00,0x00,0x00,0x00,0xdc,0xff,0xff,0xff,0x30,0x00,0x00,0x00,0x00,0x00,0x00,
  0x00,0x00,0x00,0x00,0x00,0x00,0xdc,0xff,0xff,0xff,0x30,0x00,0x00,0x00,0x00,0x00,0x00,0x00,0x00,0x00,0x00,0x00,0x00,0xdc,
  0xff,0xff,0xff,0x30,0x00,0x00,0x00,0x00,0x00,0x00,0x00,0x00,0x00,0x00,0x00,0x00,0xdc,0xff,0xff,0xff,0x30,0x00,0x00,0x00,
  0x00,0x00,0x00,0x00,0x00,0x00,0x00,0x00,0x00,0xdc,0xff,0xff,0xff,0x30,0x00,0x00,0x00,0x00,0x00,0x00,0x00,0x00,0x00,0x00,
  0x00,0x00,0xdc,0xff,0xff,0xff,0x30,0x00,0x00,0x00,0x00,0x00,0x00,0x00,0x00,0x00,0x00,0x00,0x00,0xdc,0xff,0xff,0xff,0x30,
  0x00,0x00,0x00,0x00,0x00,0x00,0x00,0x00,0x00,0x00,0x00,0x00,0xdc,0xff,0xff,0xff,0x30,0x00,0x00,0x00,0x00,0x00,0x00,0x00,
  0x00,0x00,0x00,0x00,0x00,0xdc,0xff,0xff,0xff,0x30,0x00,0x00,0x00,0x00,0x00,0x00,0x00,0x00,0x00,0x00,0x00,0x00,0xdc,0xff,
  0xff,0xff,0x30,0x00,0x00,0x00,0x00,0x00,0x00,0x00,0x00,0x00,0x00,0x00,0x00,0xdc,0xff,0xff,0xff,0x30,0x00,0x00,0x00,0x00,
  0x00,0x00,0x00,0x00,0x00,0x00,0x00,0x00,0xdc,0xff,0xff,0xff,0xff,0xff,0xff,0xff,0xff,0xff,0xff,0xff,0xff,0xff,0x40,0x00,
  0x00,0xdc,0xff,0xff,0xff,0xff,0xff,0xff,0xff,0xff,0xff,0xff,0xff,0xff,0xff,0x40,0x00,0x00,0xdc,0xff,0xff,0xff,0xff,0xff,
  0xff,0xff,0xff,0xff,0xff,0xff,0xff,0xff,0x40,0x00,0x00,0xdc,0xff,0xff,0xff,0xff,0xff,0xff,0xff,0xff,0xff,0xff,0xff,0xff,
  0xff,0x40,0x00,0x04,0xff,0xff,0xff,0xff,0xff,0xff,0x2d,0x00,0x00,0x00,0x00,0x00,0x00,0xde,0xff,0xff,0xff,0xff,0xff,0x58,
  0x00,0x00,0x04,0xff,0xff,0xff,0xff,0xff,0xff,0x72,0x00,0x00,0x00,0x00,0x00,0x21,0xff,0xff,0xff,0xff,0xff,0xff,0x58,0x00,
  0x00,0x04,0xff,0xff,0xff,0xff,0xff,0xff,0xb6,0x00,0x00,0x00,0x00,0x00,0x65,0xff,0xff,0xff,0xff,0xff,0xff,0x58,0x00,0x00,
  0x04,0xff,0xff,0xff,0xff,0xff,0xff,0xf4,0x05,0x00,0x00,0x00,0x00,0xa8,0xff,0xff,0xff,0xff,0xff,0xff,0x58,0x00,0x00,0x04,
  0xff,0xff,0xff,0xee,0xff,0xff,0xff,0x3e,0x00,0x00,0x00,0x01,0xea,0xff,0xff,0xed,0xff,0xff,0xff,0x58,0x00,0x00,0x04,0xff,
  0xff,0xff,0xc1,0xed,0xff,0xff,0x82,0x00,0x00,0x00,0x2f,0xff,0xff,0xff,0xaf,0xff,0xff,0xff,0x58,0x00,0x00,0x04,0xff,0xff,
  0xff,0xc0,0xb0,0xff,0xff,0xc6,0x00,0x00,0x00,0x73,0xff,0xff,0xf9,0x75,0xff,0xff,0xff,0x58,0x00,0x00,0x04,0xff,0xff,0xff,
  0xc0,0x70,0xff,0xff,0xfb,0x0e,0x00,0x00,0xb6,0xff,0xff,0xc2,0x6c,0xff,0xff,0xff,0x58,0x00,0x00,0x04,0xff,0xff,0xff,0xc0,
  0x2f,0xff,0xff,0xff,0x4e,0x00,0x05,0xf3,0xff,0xff,0x81,0x6c,0xff,0xff,0xff,0x58,0x00,0x00,0x04,0xff,0xff,0xff,0xc0,0x01,
  0xed,0xff,0xff,0x92,0x00,0x3d,0xff,0xff,0xff,0x41,0x6c,0xff,0xff,0xff,0x58,0x00,0x00,0x04,0xff,0xff,0xff,0xc0,0x00,0xaf,
  0xff,0xff,0xd6,0x00,0x80,0xff,0xff,0xf8,0x08,0x6c,0xff,0xff,0xff,0x58,0x00,0x00,0x04,0xff,0xff,0xff,0xc0,0x00,0x6f,0xff,
  0xff,0xff,0x1a,0xc4,0xff,0xff,0xc0,0x00,0x6c,0xff,0xff,0xff,0x58,0x00,0x00,0x04,0xff,0xff,0xff,0xc0,0x00,0x2e,0xff,0xff,
  0xff,0x6a,0xfa,0xff,0xff,0x7f,0x00,0x6c,0xff,0xff,0xff,0x58,0x00,0x00,0x04,0xff,0xff,0xff,0xc0,0x00,0x01,0xec,0xff,0xff,
  0xe4,0xff,0xff,0xff,0x3f,0x00,0x6c,0xff,0xff,0xff,0x58,0x00,0x00,0x04,0xff,0xff,0xff,0xc0,0x00,0x00,0xae,0xff,0xff,0xff,
  0xff,0xff,0xf7,0x07,0x00,0x6c,0xff,0xff,0xff,0x58,0x00,0x00,0x04,0xff,0xff,0xff,0xc0,0x00,0x00,0x6e,0xff,0xff,0xff,0xff,
  0xff,0xbe,0x00,0x00,0x6c,0xff,0xff,0xff,0x58,0x00,0x00,0x04,0xff,0xff,0xff,0xc0,0x00,0x00,0x2d,0xff,0xff,0xff,0xff,0xff,
  0x7d,0x00,0x00,0x6c,0xff,0xff,0xff,0x58,0x00,0x00,0x04,0xff,0xff,0xff,0xc0,0x00,0x00,0x01,0xeb,0xff,0xff,0xff,0xff,0x3d,
  0x00,0x00,0x6c,0xff,0xff,0xff,0x58,0x00,0x00,0x04,0xff,0xff,0xff,0xc0,0x00,0x00,0x00,0xad,0xff,0xff,0xff,0xf6,0x06,0x00,
  0x00,0x6c,0xff,0xff,0xff,0x58,0x00,0x00,0x04,0xff,0xff,0xff,0xc0,0x00,0x00,0x00,0x6c,0xff,0xff,0xff,0xbc,0x00,0x00,0x00,
  0x6c,0xff,0xff,0xff,0x58,0x00,0x00,0x00,0xec,0xff,0xff,0xff,0x53,0x00,0x00,0x00,0x00,0x00,0x00,0x00,0xc8,0xff,0xff,0xfc,
  0x00,0x00,0x00,0x00,0xec,0xff,0xff,0xff,0xe4,0x0d,0x00,0x00,0x00,0x00,0x00,0x00,0xc8,0xff,0xff,0xfc,0x00,0x00,0x00,0x00,
  0xec,0xff,0xff,0xff,0xff,0x91,0x00,0x00,0x00,0x00,0x00,0x00,0xc8,0xff,0xff,0xfc,0x00,0x00,0x00,0x00,0xec,0xff,0xff,0xff,
  0xff,0xfd,0x33,0x00,0x00,0x00,0x00,0x00,0xc8,0xff,0xff,0xfc,0x00,0x00,0x00,0x00,0xec,0xff,0xff,0xff,0xff,0xff,0xcc,0x03,
  0x00,0x00,0x00,0x00,0xc8,0xff,0xff,0xfc,0x00,0x00,0x00,0x00,0xec,0xff,0xff,0xff,0xff,0xff,0xff,0x6f,0x00,0x00,0x00,0x00,
  0xc8,0xff,0xff,0xfc,0x00,0x00,0x00,0x00,0xec,0xff,0xff,0xff,0xff,0xff,0xff,0xf2,0x1b,0x00,0x00,0x00,0xc8,0xff,0xff,0xfc,
  0x00,0x00,0x00,0x00,0xec,0xff,0xff,0xdd,0xd5,0xff,0xff,0xff,0xad,0x00,0x00,0x00,0xc8,0xff,0xff,0xfc,0x00,0x00,0x00,0x00,
  0xec,0xff,0xff,0xd8,0x3d,0xfe,0xff,0xff,0xff,0x4d,0x00,0x00,0xc8,0xff,0xff,0xfc,0x00,0x00,0x00,0x00,0xec,0xff,0xff,0xd8,
  0x00,0x9c,0xff,0xff,0xff,0xe1,0x0b,0x00,0xc8,0xff,0xff,0xfc,0x00,0x00,0x00,0x00,0xec,0xff,0xff,0xd8,0x00,0x12,0xea,0xff,
  0xff,0xff,0x8b,0x00,0xc8,0xff,0xff,0xfc,0x00,0x00,0x00,0x00,0xec,0xff,0xff,0xd8,0x00,0x00,0x5e,0xff,0xff,0xff,0xfb,0x2e,
  0xc8,0xff,0xff,0xfc,0x00,0x00,0x00,0x00,0xec,0xff,0xff,0xd8,0x00,0x00,0x00,0xbe,0xff,0xff,0xff,0xc7,0xca,0xff,0xff,0xfc,
  0x00,0x00,0x00,0x00,0xec,0xff,0xff,0xd8,0x00,0x00,0x00,0x26,0xf8,0xff,0xff,0xff,0xfd,0xff,0xff,0xfc,0x00,0x00,0x00,0x00,
  0xec,0xff,0xff,0xd8,0x00,0x00,0x00,0x00,0x80,0xff,0xff,0xff,0xff,0xff,0xff,0xfc,0x00,0x00,0x00,0x00,0xec,0xff,0xff,0xd8,
  0x00,0x00,0x00,0x00,0x07,0xd9,0xff,0xff,0xff,0xff,0xff,0xfc,0x00,0x00,0x00,0x00,0xec,0xff,0xff,0xd8,0x00,0x00,0x00,0x00,
  0x00,0x42,0xff,0xff,0xff,0xff,0xff,0xfc,0x00,0x00,0x00,0x00,0xec,0xff,0xff,0xd8,0x00,0x00,0x00,0x00,0x00,0x00,0xa2,0xff,
  0xff,0xff,0xff,0xfc,0x00,0x00,0x00,0x00,0xec,0xff,0xff,0xd8,0x00,0x00,0x00,0x00,0x00,0x00,0x15,0xed,0xff,0xff,0xff,0xfc,
  0x00,0x00,0x00,0x00,0xec,0xff,0xff,0xd8,0x00,0x00,0x00,0x00,0x00,0x00,0x00,0x64,0xff,0xff,0xff,0xfc,0x00,0x00,0x00,0x00,
  0x00,0x00,0x00,0x00,0x2b,0x7d,0xc2,0xe1,0xf6,0xf3,0xdf,0xb3,0x70,0x14,0x00,0x00,0x00,0x00,0x00,0x00,0x00,0x00,0x00,0x00,
  0x0f,0xa4,0xfe,0xff,0xff,0xff,0xff,0xff,0xff,0xff,0xff,0xf3,0x80,0x03,0x00,0x00,0x00,0x00,0x00,0x00,0x00,0x19,0xd7,0xff,
  0xff,0xff,0xff,0xff,0xff,0xff,0xff,0xff,0xff,0xff,0xff,0xbb,0x0c,0x00,0x00,0x00,0x00,0x00,0x08,0xcb,0xff,0xff,0xff,0xff,
  0xff,0xff,0xff,0xff,0xff,0xff,0xff,0xff,0xff,0xff,0xab,0x00,0x00,0x00,0x00,0x00,0x7c,0xff,0xff,0xff,0xff,0xed,0x7b,0x2b,
  0x09,0x0b,0x30,0x86,0xf4,0xff,0xff,0xff,0xff,0x58,0x00,0x00,0x00,0x05,0xf0,0xff,0xff,0xff,0xdb,0x1e,0x00,0x00,0x00,0x00,
  0x00,0x00,0x2b,0xeb,0xff,0xff,0xff,0xd4,0x00,0x00,0x00,0x46,0xff,0xff,0xff,0xff,0x32,0x00,0x00,0x00,0x00,0x00,0x00,0x00,
  0x00,0x51,0xff,0xff,0xff,0xff,0x29,0x00,0x00,0x8b,0xff,0xff,0xff,0xc1,0x00,0x00,0x00,0x00,0x00,0x00,0x00,0x00,0x00,0x01,
  0xe1,0xff,0xff,0xff,0x68,0x00,0x00,0xa5,0xff,0xff,0xff,0x84,0x00,0x00,0x00,0x00,0x00,0x00,0x00,0x00,0x00,0x00,0xa8,0xff,
  0xff,0xff,0x8a,0x00,0x00,0xbb,0xff,0xff,0xff,0x6b,0x00,0x00,0x00,0x00,0x00,0x00,0x00,0x00,0x00,0x00,0x90,0xff,0xff,0xff,
  0x9d,0x00,0x00,0xc0,0xff,0xff,0xff,0x6d,0x00,0x00,0x00,0x00,0x00,0x00,0x00,0x00,0x00,0x00,0x92,0xff,0xff,0xff,0x9e,0x00,
  0x00,0xae,0xff,0xff,0xff,0x87,0x00,0x00,0x00,0x00,0x00,0x00,0x00,0x00,0x00,0x00,0xac,0xff,0xff,0xff,0x8b,0x00,0x00,0x8f,
  0xff,0xff,0xff,0xc6,0x00,0x00,0x00,0x00,0x00,0x00,0x00,0x00,0x00,0x03,0xe7,0xff,0xff,0xff,0x6a,0x00,0x00,0x50,0xff,0xff,
  0xff,0xff,0x3b,0x00,0x00,0x00,0x00,0x00,0x00,0x00,0x00,0x5d,0xff,0xff,0xff,0xff,0x2b,0x00,0x00,0x0d,0xf0,0xff,0xff,0xff,
  0xe1,0x24,0x00,0x00,0x00,0x00,0x00,0x00,0x35,0xf0,0xff,0xff,0xff,0xd7,0x01,0x00,0x00,0x00,0x82,0xff,0xff,0xff,0xff,0xf1,
  0x81,0x2d,0x09,0x0a,0x33,0x8d,0xf8,0xff,0xff,0xff,0xff,0x5c,0x00,0x00,0x00,0x00,0x09,0xce,0xff,0xff,0xff,0xff,0xff,0xff,
  0xff,0xff,0xff,0xff,0xff,0xff,0xff,0xff,0xb0,0x01,0x00,0x00,0x00,0x00,0x00,0x1e,0xd6,0xff,0xff,0xff,0xff,0xff,0xff,0xff,
  0xff,0xff,0xff,0xff,0xff,0xc1,0x0e,0x00,0x00,0x00,0x00,0x00,0x00,0x00,0x0d,0x9d,0xfb,0xff,0xff,0xff,0xff,0xff,0xff,0xff,
  0xff,0xf6,0x87,0x05,0x00,0x00,0x00,0x00,0x00,0x00,0x00,0x00,0x00,0x00,0x22,0x7c,0xbe,0xe3,0xf6,0xf6,0xe2,0xb8,0x74,0x18,
  0x00,0x00,0x00,0x00,0x00,0x00,0x00,0x00,0xf8,0xff,0xff,0xff,0xff,0xff,0xff,0xfc,0xf7,0xec,0xd5,0xa3,0x3e,0x00,0x00,0x00,
  0x00,0x00,0x00,0xf8,0xff,0xff,0xff,0xff,0xff,0xff,0xff,0xff,0xff,0xff,0xff,0xff,0x8c,0x00,0x00,0x00,0x00,0x00,0xf8,0xff,
  0xff,0xff,0xff,0xff,0xff,0xff,0xff,0xff,0xff,0xff,0xff,0xff,0x6d,0x00,0x00,0x00,0x00,0xf8,0xff,0xff,0xff,0xff,0xff,0xff,
  0xff,0xff,0xff,0xff,0xff,0xff,0xff,0xec,0x07,0x00,0x00,0x00,0xf8,0xff,0xff,0xff,0x14,0x00,0x00,0x04,0x0f,0x3b,0xb6,0xff,
  0xff,0xff,0xff,0x3d,0x00,0x00,0x00,0xf8,0xff,0xff,0xff,0x14,0x00,0x00,0x00,0x00,0x00,0x05,0xe5,0xff,0xff,0xff,0x5c,0x00,
  0x00,0x00,0xf8,0xff,0xff,0xff,0x14,0x00,0x00,0x00,0x00,0x00,0x06,0xe6,0xff,0xff,0xff,0x54,0x00,0x00,0x00,0xf8,0xff,0xff,
  0xff,0x14,0x00,0x00,0x04,0x13,0x3f,0xb9,0xff,0xff,0xff,0xff,0x33,0x00,0x00,0x00,0xf8,0xff,0xff,0xff,0xff,0xff,0xff,0xff,
  0xff,0xff,0xff,0xff,0xff,0xff,0xde,0x01,0x00,0x00,0x00,0xf8,0xff,0xff,0xff,0xff,0xff,0xff,0xff,0xff,0xff,0xff,0xff,0xff,
  0xff,0x4f,0x00,0x00,0x00,0x00,0xf8,0xff,0xff,0xff,0xff,0xff,0xff,0xff,0xff,0xff,0xff,0xff,0xf8,0x64,0x00,0x00,0x00,0x00,
  0x00,0xf8,0xff,0xff,0xff,0xff,0xff,0xff,0xfe,0xf6,0xe6,0xc8,0x89,0x1f,0x00,0x00,0x00,0x00,0x00,0x00,0xf8,0xff,0xff,0xff,
  0x14,0x00,0x00,0x00,0x00,0x00,0x00,0x00,0x00,0x00,0x00,0x00,0x00,0x00,0x00,0xf8,0xff,0xff,0xff,0x14,0x00,0x00,0x00,0x00,
  0x00,0x00,0x00,0x00,0x00,0x00,0x00,0x00,0x00,0x00,0xf8,0xff,0xff,0xff,0x14,0x00,0x00,0x00,0x00,0x00,0x00,0x00,0x00,0x00,
  0x00,0x00,0x00,0x00,0x00,0xf8,0xff,0xff,0xff,0x14,0x00,0x00,0x00,0x00,0x00,0x00,0x00,0x00,0x00,0x00,0x00,0x00,0x00,0x00,
  0xf8,0xff,0xff,0xff,0x14,0x00,0x00,0x00,0x00,0x00,0x00,0x00,0x00,0x00,0x00,0x00,0x00,0x00,0x00,0xf8,0xff,0xff,0xff,0x14,
  0x00,0x00,0x00,0x00,0x00,0x00,0x00,0x00,0x00,0x00,0x00,0x00,0x00,0x00,0xf8,0xff,0xff,0xff,0x14,0x00,0x00,0x00,0x00,0x00,
  0x00,0x00,0x00,0x00,0x00,0x00,0x00,0x00,0x00,0xf8,0xff,0xff,0xff,0x14,0x00,0x00,0x00,0x00,0x00,0x00,0x00,0x00,0x00,0x00,
  0x00,0x00,0x00,0x00,0x00,0x00,0x00,0x00,0x23,0x7c,0xbd,0xe2,0xf6,0xf4,0xe0,0xb8,0x74,0x19,0x00,0x00,0x00,0x00,0x00,0x00,
  0x00,0x00,0x00,0x00,0x0d,0x9c,0xfb,0xff,0xff,0xff,0xff,0xff,0xff,0xff,0xff,0xf6,0x88,0x05,0x00,0x00,0x00,0x00,0x00,0x00,
  0x00,0x1e,0xd5,0xff,0xff,0xff,0xff,0xff,0xff,0xff,0xff,0xff,0xff,0xff,0xff,0xc1,0x0e,0x00,0x00,0x00,0x00,0x00,0x09,0xce,
  0xff,0xff,0xff,0xff,0xff,0xff,0xff,0xff,0xff,0xff,0xff,0xff,0xff,0xff,0xaf,0x01,0x00,0x00,0x00,0x00,0x80,0xff,0xff,0xff,
  0xff,0xed,0x7a,0x2a,0x09,0x0c,0x32,0x8a,0xf6,0xff,0xff,0xff,0xff,0x59,0x00,0x00,0x00,0x0c,0xee,0xff,0xff,0xff,0xd9,0x1d,
  0x00,0x00,0x00,0x00,0x00,0x00,0x30,0xee,0xff,0xff,0xff,0xd2,0x00,0x00,0x00,0x4e,0xff,0xff,0xff,0xfe,0x30,0x00,0x00,0x00,
  0x00,0x00,0x00,0x00,0x00,0x58,0xff,0xff,0xff,0xff,0x26,0x00,0x00,0x8c,0xff,0xff,0xff,0xbf,0x00,0x00,0x00,0x00,0x00,0x00,
  0x00,0x00,0x00,0x02,0xe5,0xff,0xff,0xff,0x64,0x00,0x00,0xac,0xff,0xff,0xff,0x83,0x00,0x00,0x00,0x00,0x00,0x00,0x00,0x00,
  0x00,0x00,0xab,0xff,0xff,0xff,0x86,0x00,0x00,0xbf,0xff,0xff,0xff,0x6b,0x00,0x00,0x00,0x00,0x00,0x00,0x00,0x00,0x00,0x00,
  0x92,0xff,0xff,0xff,0x98,0x00,0x00,0xbf,0xff,0xff,0xff,0x6c,0x00,0x00,0x00,0x00,0x00,0x00,0x00,0x00,0x00,0x00,0x90,0xff,
  0xff,0xff,0x9b,0x00,0x00,0xad,0xff,0xff,0xff,0x86,0x00,0x00,0x00,0x00,0x00,0x00,0x00,0x00,0x00,0x00,0xa9,0xff,0xff,0xff,
  0x88,0x00,0x00,0x8d,0xff,0xff,0xff,0xc3,0x00,0x00,0x00,0x00,0x00,0x00,0x00,0x00,0x00,0x01,0xe3,0xff,0xff,0xff,0x6d,0x00,
  0x00,0x4f,0xff,0xff,0xff,0xff,0x34,0x00,0x00,0x00,0x2f,0xda,0x86,0x22,0x00,0x51,0xff,0xff,0xff,0xff,0x2f,0x00,0x00,0x0d,
  0xf0,0xff,0xff,0xff,0xdc,0x1e,0x00,0x00,0xbf,0xff,0xff,0xfb,0x9e,0xe7,0xff,0xff,0xff,0xe4,0x01,0x00,0x00,0x00,0x85,0xff,
  0xff,0xff,0xff,0xed,0x78,0x27,0x32,0x92,0xf3,0xff,0xff,0xff,0xff,0xff,0xff,0x6f,0x00,0x00,0x00,0x00,0x0b,0xd2,0xff,0xff,
  0xff,0xff,0xff,0xff,0xff,0xff,0xff,0xff,0xff,0xff,0xff,0xff,0xc8,0x05,0x00,0x00,0x00,0x00,0x00,0x22,0xda,0xff,0xff,0xff,
  0xff,0xff,0xff,0xff,0xff,0xff,0xff,0xff,0xff,0xff,0x8c,0x04,0x00,0x00,0x00,0x00,0x00,0x00,0x0f,0xa0,0xfc,0xff,0xff,0xff,
  0xff,0xff,0xff,0xff,0xff,0xff,0xff,0xff,0xff,0xd6,0x62,0x08,0x00,0x00,0x00,0x00,0x00,0x00,0x23,0x7c,0xbc,0xe2,0xf5,0xf5,
  0xde,0xba,0x6f,0x49,0xde,0xff,0xff,0xff,0xfd,0x2a,0x00,0x00,0x00,0x00,0x00,0x00,0x00,0x00,0x00,0x00,0x00,0x00,0x00,0x00,
  0x00,0x00,0x0e,0xa7,0xff,0xff,0xa9,0x00,0x00,0x00,0x00,0x00,0x00,0x00,0x00,0x00,0x00,0x00,0x00,0x00,0x00,0x00,0x00,0x00,
  0x00,0x00,0x48,0xc7,0x2c,0x00,0x00,0x00,0xf4,0xff,0xff,0xff,0xff,0xff,0xff,0xff,0xff,0xfa,0xed,0xd4,0xa6,0x49,0x00,0x00,
  0x00,0x00,0x00,0x00,0x00,0xf4,0xff,0xff,0xff,0xff,0xff,0xff,0xff,0xff,0xff,0xff,0xff,0xff,0xff,0xa7,0x02,0x00,0x00,0x00,
  0x00,0x00,0xf4,0xff,0xff,0xff,0xff,0xff,0xff,0xff,0xff,0xff,0xff,0xff,0xff,0xff,0xff,0x82,0x00,0x00,0x00,0x00,0x00,0xf4,
  0xff,0xff,0xff,0xff,0xff,0xff,0xff,0xff,0xff,0xff,0xff,0xff,0xff,0xff,0xf1,0x0d,0x00,0x00,0x00,0x00,0xf4,0xff,0xff,0xff,
  0x18,0x00,0x00,0x00,0x01,0x05,0x20,0x8e,0xff,0xff,0xff,0xff,0x47,0x00,0x00,0x00,0x00,0xf4,0xff,0xff,0xff,0x18,0x00,0x00,
  0x00,0x00,0x00,0x00,0x00,0xd1,0xff,0xff,0xff,0x66,0x00,0x00,0x00,0x00,0xf4,0xff,0xff,0xff,0x18,0x00,0x00,0x00,0x00,0x00,
  0x00,0x00,0xd6,0xff,0xff,0xff,0x5f,0x00,0x00,0x00,0x00,0xf4,0xff,0xff,0xff,0x18,0x00,0x00,0x00,0x04,0x0d,0x28,0x98,0xff,
  0xff,0xff,0xff,0x2d,0x00,0x00,0x00,0x00,0xf4,0xff,0xff,0xff,0xff,0xff,0xff,0xff,0xff,0xff,0xff,0xff,0xff,0xff,0xff,0xc7,
  0x00,0x00,0x00,0x00,0x00,0xf4,0xff,0xff,0xff,0xff,0xff,0xff,0xff,0xff,0xff,0xff,0xff,0xff,0xff,0xeb,0x28,0x00,0x00,0x00,
  0x00,0x00,0xf4,0xff,0xff,0xff,0xff,0xff,0xff,0xff,0xff,0xff,0xff,0xff,0xfd,0xb2,0x22,0x00,0x00,0x00,0x00,0x00,0x00,0xf4,
  0xff,0xff,0xff,0xff,0xff,0xff,0xff,0xff,0xff,0xff,0xb1,0x1a,0x00,0x00,0x00,0x00,0x00,0x00,0x00,0x00,0xf4,0xff,0xff,0xff,
  0x18,0x06,0x1f,0x7c,0xfa,0xff,0xff,0xff,0xa9,0x07,0x00,0x00,0x00,0x00,0x00,0x00,0x00,0xf4,0xff,0xff,0xff,0x18,0x00,0x00,
  0x00,0x55,0xfe,0xff,0xff,0xff,0xb1,0x01,0x00,0x00,0x00,0x00,0x00,0x00,0xf4,0xff,0xff,0xff,0x18,0x00,0x00,0x00,0x00,0x82,
  0xff,0xff,0xff,0xff,0x78,0x00,0x00,0x00,0x00,0x00,0x00,0xf4,0xff,0xff,0xff,0x18,0x00,0x00,0x00,0x00,0x02,0xbc,0xff,0xff,
  0xff,0xfa,0x2e,0x00,0x00,0x00,0x00,0x00,0xf4,0xff,0xff,0xff,0x18,0x00,0x00,0x00,0x00,0x00,0x1f,0xf3,0xff,0xff,0xff,0xcd,
  0x03,0x00,0x00,0x00,0x00,0xf4,0xff,0xff,0xff,0x18,0x00,0x00,0x00,0x00,0x00,0x00,0x6a,0xff,0xff,0xff,0xff,0x76,0x00,0x00,
  0x00,0x00,0xf4,0xff,0xff,0xff,0x18,0x00,0x00,0x00,0x00,0x00,0x00,0x01,0xbf,0xff,0xff,0xff,0xf6,0x24,0x00,0x00,0x00,0xf4,
  0xff,0xff,0xff,0x18,0x00,0x00,0x00,0x00,0x00,0x00,0x00,0x23,0xf5,0xff,0xff,0xff,0xbf,0x01,0x00,0x00,0x00,0x00,0x10,0x70,
  0xb7,0xe0,0xf5,0xf8,0xe9,0xc2,0x85,0x23,0x00,0x00,0x00,0x00,0x00,0x00,0x00,0x00,0x53,0xeb,0xff,0xff,0xff,0xff,0xff,0xff,
  0xff,0xff,0xfb,0x80,0x00,0x00,0x00,0x00,0x00,0x00,0x46,0xfb,0xff,0xff,0xff,0xff,0xff,0xff,0xff,0xff,0xff,0xff,0xff,0x82,
  0x00,0x00,0x00,0x00,0x01,0xd3,0xff,0xff,0xff,0xff,0xff,0xff,0xff,0xff,0xff,0xff,0xff,0xff,0xfb,0x26,0x00,0x00,0x00,0x22,
  0xff,0xff,0xff,0xf7,0x7a,0x28,0x0c,0x09,0x26,0x80,0xfc,0xff,0xff,0xff,0x7e,0x00,0x00,0x00,0x3c,0xff,0xff,0xff,0xaf,0x00,
  0x00,0x00,0x00,0x00,0x00,0x8a,0xff,0xff,0xff,0xac,0x00,0x00,0x00,0x1e,0xff,0xff,0xff,0xf9,0x74,0x13,0x00,0x00,0x00,0x00,
  0x00,0x00,0x00,0x00,0x00,0x00,0x00,0x00,0x00,0xc5,0xff,0xff,0xff,0xff,0xfc,0xc6,0x87,0x48,0x0c,0x00,0x00,0x00,0x00,0x00,
  0x00,0x00,0x00,0x00,0x2e,0xf2,0xff,0xff,0xff,0xff,0xff,0xff,0xff,0xf9,0xba,0x5f,0x07,0x00,0x00,0x00,0x00,0x00,0x00,0x00,
  0x35,0xdb,0xff,0xff,0xff,0xff,0xff,0xff,0xff,0xff,0xff,0xda,0x38,0x00,0x00,0x00,0x00,0x00,0x00,0x00,0x04,0x5a,0xb8,0xf8,
  0xff,0xff,0xff,0xff,0xff,0xff,0xff,0xf3,0x30,0x00,0x00,0x00,0x00,0x00,0x00,0x00,0x00,0x00,0x0a,0x45,0x85,0xc7,0xfd,0xff,
  0xff,0xff,0xff,0xc1,0x00,0x00,0x00,0x00,0x00,0x00,0x00,0x00,0x00,0x00,0x00,0x00,0x00,0x16,0x88,0xff,0xff,0xff,0xff,0x1d,
  0x00,0x00,0xe5,0xff,0xff,0xff,0x27,0x00,0x00,0x00,0x00,0x00,0x00,0x00,0xce,0xff,0xff,0xff,0x40,0x00,0x00,0xb2,0xff,0xff,
  0xff,0xaa,0x01,0x00,0x00,0x00,0x00,0x00,0x14,0xf0,0xff,0xff,0xff,0x3d,0x00,0x00,0x5f,0xff,0xff,0xff,0xff,0xb6,0x44,0x16,
  0x06,0x1d,0x5b,0xd8,0xff,0xff,0xff,0xfd,0x14,0x00,0x00,0x08,0xde,0xff,0xff,0xff,0xff,0xff,0xff,0xff,0xff,0xff,0xff,0xff,
  0xff,0xff,0xa9,0x00,0x00,0x00,0x00,0x3e,0xf8,0xff,0xff,0xff,0xff,0xff,0xff,0xff,0xff,0xff,0xff,0xff,0xe6,0x20,0x00,0x00,
  0x00,0x00,0x00,0x41,0xe3,0xff,0xff,0xff,0xff,0xff,0xff,0xff,0xff,0xff,0xcd,0x2b,0x00,0x00,0x00,0x00,0x00,0x00,0x00,0x09,
  0x61,0xae,0xdf,0xf4,0xfa,0xe9,0xd4,0x9c,0x52,0x02,0x00,0x00,0x00,0x00,0x64,0xff,0xff,0xff,0xff,0xff,0xff,0xff,0xff,0xff,
  0xff,0xff,0xff,0xff,0xff,0xff,0x88,0x64,0xff,0xff,0xff,0xff,0xff,0xff,0xff,0xff,0xff,0xff,0xff,0xff,0xff,0xff,0xff,0x88,
  0x64,0xff,0xff,0xff,0xff,0xff,0xff,0xff,0xff,0xff,0xff,0xff,0xff,0xff,0xff,0xff,0x88,0x64,0xff,0xff,0xff,0xff,0xff,0xff,
  0xff,0xff,0xff,0xff,0xff,0xff,0xff,0xff,0xff,0x88,0x00,0x00,0x00,0x00,0x00,0x00,0x74,0xff,0xff,0xff,0x98,0x00,0x00,0x00,
  0x00,0x00,0x00,0x00,0x00,0x00,0x00,0x00,0x00,0x74,0xff,0xff,0xff,0x98,0x00,0x00,0x00,0x00,0x00,0x00,0x00,0x00,0x00,0x00,
  0x00,0x00,0x74,0xff,0xff,0xff,0x98,0x00,0x00,0x00,0x00,0x00,0x00,0x00,0x00,0x00,0x00,0x00,0x00,0x74,0xff,0xff,0xff,0x98,
  0x00,0x00,0x00,0x00,0x00,0x00,0x00,0x00,0x00,0x00,0x00,0x00,0x74,0xff,0xff,0xff,0x98,0x00,0x00,0x00,0x00,0x00,0x00,0x00,
  0x00,0x00,0x00,0x00,0x00,0x74,0xff,0xff,0xff,0x98,0x00,0x00,0x00,0x00,0x00,0x00,0x00,0x00,0x00,0x00,0x00,0x00,0x74,0xff,
  0xff,0xff,0x98,0x00,0x00,0x00,0x00,0x00,0x00,0x00,0x00,0x00,0x00,0x00,0x00,0x74,0xff,0xff,0xff,0x98,0x00,0x00,0x00,0x00,
  0x00,0x00,0x00,0x00,0x00,0x00,0x00,0x00,0x74,0xff,0xff,0xff,0x98,0x00,0x00,0x00,0x00,0x00,0x00,0x00,0x00,0x00,0x00,0x00,
  0x00,0x74,0xff,0xff,0xff,0x98,0x00,0x00,0x00,0x00,0x00,0x00,0x00,0x00,0x00,0x00,0x00,0x00,0x74,0xff,0xff,0xff,0x98,0x00,
  0x00,0x00,0x00,0x00,0x00,0x00,0x00,0x00,0x00,0x00,0x00,0x74,0xff,0xff,0xff,0x98,0x00,0x00,0x00,0x00,0x00,0x00,0x00,0x00,
  0x00,0x00,0x00,0x00,0x74,0xff,0xff,0xff,0x98,0x00,0x00,0x00,0x00,0x00,0x00,0x00,0x00,0x00,0x00,0x00,0x00,0x74,0xff,0xff,
  0xff,0x98,0x00,0x00,0x00,0x00,0x00,0x00,0x00,0x00,0x00,0x00,0x00,0x00,0x74,0xff,0xff,0xff,0x98,0x00,0x00,0x00,0x00,0x00,
  0x00,0x00,0x00,0x00,0x00,0x00,0x00,0x74,0xff,0xff,0xff,0x98,0x00,0x00,0x00,0x00,0x00,0x00,0x00,0x00,0xfc,0xff,0xff,0xff,
  0x10,0x00,0x00,0x00,0x00,0x00,0x00,0x0c,0xff,0xff,0xff,0xff,0x00,0x00,0x00,0x00,0xfc,0xff,0xff,0xff,0x10,0x00,0x00,0x00,
  0x00,0x00,0x00,0x0c,0xff,0xff,0xff,0xff,0x00,0x00,0x00,0x00,0xfc,0xff,0xff,0xff,0x10,0x00,0x00,0x00,0x00,0x00,0x00,0x0c,
  0xff,0xff,0xff,0xff,0x00,0x00,0x00,0x00,0xfc,0xff,0xff,0xff,0x10,0x00,0x00,0x00,0x00,0x00,0x00,0x0c,0xff,0xff,0xff,0xff,
  0x00,0x00,0x00,0x00,0xfc,0xff,0xff,0xff,0x10,0x00,0x00,0x00,0x00,0x00,0x00,0x0c,0xff,0xff,0xff,0xff,0x00,0x00,0x00,0x00,
  0xfc,0xff,0xff,0xff,0x10,0x00,0x00,0x00,0x00,0x00,0x00,0x0c,0xff,0xff,0xff,0xff,0x00,0x00,0x00,0x00,0xfc,0xff,0xff,0xff,
  0x10,0x00,0x00,0x00,0x00,0x00,0x00,0x0c,0xff,0xff,0xff,0xff,0x00,0x00,0x00,0x00,0xfc,0xff,0xff,0xff,0x10,0x00,0x00,0x00,
  0x00,0x00,0x00,0x0c,0xff,0xff,0xff,0xff,0x00,0x00,0x00,0x00,0xfc,0xff,0xff,0xff,0x10,0x00,0x00,0x00,0x00,0x00,0x00,0x0c,
  0xff,0xff,0xff,0xff,0x00,0x00,0x00,0x00,0xfc,0xff,0xff,0xff,0x10,0x00,0x00,0x00,0x00,0x00,0x00,0x0c,0xff,0xff,0xff,0xff,
  0x00,0x00,0x00,0x00,0xfb,0xff,0xff,0xff,0x10,0x00,0x00,0x00,0x00,0x00,0x00,0x0c,0xff,0xff,0xff,0xfe,0x00,0x00,0x00,0x00,
  0xf9,0xff,0xff,0xff,0x13,0x00,0x00,0x00,0x00,0x00,0x00,0x0f,0xff,0xff,0xff,0xfb,0x00,0x00,0x00,0x00,0xef,0xff,0xff,0xff,
  0x1e,0x00,0x00,0x00,0x00,0x00,0x00,0x1a,0xff,0xff,0xff,0xf3,0x00,0x00,0x00,0x00,0xdf,0xff,0xff,0xff,0x45,0x00,0x00,0x00,
  0x00,0x00,0x00,0x37,0xff,0xff,0xff,0xe6,0x00,0x00,0x00,0x00,0xc3,0xff,0xff,0xff,0xb8,0x02,0x00,0x00,0x00,0x00,0x00,0x96,
  0xff,0xff,0xff,0xcc,0x00,0x00,0x00,0x00,0x90,0xff,0xff,0xff,0xff,0xb7,0x3f,0x12,0x0a,0x2c,0x94,0xff,0xff,0xff,0xff,0x9b,
  0x00,0x00,0x00,0x00,0x31,0xfe,0xff,0xff,0xff,0xff,0xff,0xff,0xff,0xff,0xff,0xff,0xff,0xff,0xff,0x40,0x00,0x00,0x00,0x00,
  0x00,0x8b,0xff,0xff,0xff,0xff,0xff,0xff,0xff,0xff,0xff,0xff,0xff,0xff,0xa6,0x00,0x00,0x00,0x00,0x00,0x00,0x01,0x84,0xfb,
  0xff,0xff,0xff,0xff,0xff,0xff,0xff,0xff,0xfe,0x9d,0x06,0x00,0x00,0x00,0x00,0x00,0x00,0x00,0x00,0x27,0x8f,0xcb,0xeb,0xfb,
  0xfb,0xea,0xcf,0x90,0x32,0x00,0x00,0x00,0x00,0x00,0x00,0xd6,0xff,0xff,0xff,0x8a,0x00,0x00,0x00,0x00,0x00,0x00,0x00,0x00,
  0x00,0xce,0xff,0xff,0xff,0x79,0x00,0x7b,0xff,0xff,0xff,0xe0,0x00,0x00,0x00,0x00,0x00,0x00,0x00,0x00,0x22,0xff,0xff,0xff,
  0xfe,0x1f,0x00,0x20,0xfe,0xff,0xff,0xff,0x38,0x00,0x00,0x00,0x00,0x00,0x00,0x00,0x76,0xff,0xff,0xff,0xc1,0x00,0x00,0x00,
  0xc3,0xff,0xff,0xff,0x8e,0x00,0x00,0x00,0x00,0x00,0x00,0x00,0xc9,0xff,0xff,0xff,0x65,0x00,0x00,0x00,0x67,0xff,0xff,0xff,
  0xe3,0x01,0x00,0x00,0x00,0x00,0x00,0x1d,0xfe,0xff,0xff,0xf8,0x10,0x00,0x00,0x00,0x12,0xf9,0xff,0xff,0xff,0x3c,0x00,0x00,
  0x00,0x00,0x00,0x71,0xff,0xff,0xff,0xad,0x00,0x00,0x00,0x00,0x00,0xb0,0xff,0xff,0xff,0x92,0x00,0x00,0x00,0x00,0x00,0xc5,
  0xff,0xff,0xff,0x51,0x00,0x00,0x00,0x00,0x00,0x54,0xff,0xff,0xff,0xe7,0x02,0x00,0x00,0x00,0x19,0xfe,0xff,0xff,0xee,0x06,
  0x00,0x00,0x00,0x00,0x00,0x07,0xf0,0xff,0xff,0xff,0x40,0x00,0x00,0x00,0x6c,0xff,0xff,0xff,0x99,0x00,0x00,0x00,0x00,0x00,
  0x00,0x00,0x9c,0xff,0xff,0xff,0x96,0x00,0x00,0x00,0xc0,0xff,0xff,0xff,0x3d,0x00,0x00,0x00,0x00,0x00,0x00,0x00,0x41,0xff,
  0xff,0xff,0xe9,0x03,0x00,0x16,0xfc,0xff,0xff,0xe0,0x01,0x00,0x00,0x00,0x00,0x00,0x00,0x00,0x01,0xe2,0xff,0xff,0xff,0x44,
  0x00,0x67,0xff,0xff,0xff,0x85,0x00,0x00,0x00,0x00,0x00,0x00,0x00,0x00,0x00,0x89,0xff,0xff,0xff,0x9a,0x00,0xbb,0xff,0xff,
  0xff,0x29,0x00,0x00,0x00,0x00,0x00,0x00,0x00,0x00,0x00,0x2c,0xff,0xff,0xff,0xec,0x18,0xfb,0xff,0xff,0xcd,0x00,0x00,0x00,
  0x00,0x00,0x00,0x00,0x00,0x00,0x00,0x00,0xd1,0xff,0xff,0xff,0xab,0xff,0xff,0xff,0x71,0x00,0x00,0x00,0x00,0x00,0x00,0x00,
  0x00,0x00,0x00,0x00,0x76,0xff,0xff,0xff,0xff,0xff,0xff,0xfc,0x18,0x00,0x00,0x00,0x00,0x00,0x00,0x00,0x00,0x00,0x00,0x00,
  0x1b,0xfd,0xff,0xff,0xff,0xff,0xff,0xb9,0x00,0x00,0x00,0x00,0x00,0x00,0x00,0x00,0x00,0x00,0x00,0x00,0x00,0xbe,0xff,0xff,
  0xff,0xff,0xff,0x5d,0x00,0x00,0x00,0x00,0x00,0x00,0x00,0x00,0x00,0x00,0x00,0x00,0x00,0x62,0xff,0xff,0xff,0xff,0xf5,0x0c,
  0x00,0x00,0x00,0x00,0x00,0x00,0x00,0x00,0x00,0x00,0x00,0x00,0x00,0x0e,0xf7,0xff,0xff,0xff,0xa5,0x00,0x00,0x00,0x00,0x00,
  0x00,0x00,0xca,0xff,0xff,0xff,0x57,0x00,0x00,0x00,0x00,0x00,0x37,0xff,0xff,0xff,0xff,0xdb,0x00,0x00,0x00,0x00,0x00,0x00,
  0xc9,0xff,0xff,0xff,0x48,0x8c,0xff,0xff,0xff,0x90,0x00,0x00,0x00,0x00,0x00,0x7b,0xff,0xff,0xff,0xff,0xff,0x1c,0x00,0x00,
  0x00,0x00,0x07,0xf9,0xff,0xff,0xfc,0x0d,0x4f,0xff,0xff,0xff,0xc9,0x00,0x00,0x00,0x00,0x00,0xbf,0xff,0xff,0xff,0xff,0xff,
  0x5c,0x00,0x00,0x00,0x00,0x39,0xff,0xff,0xff,0xcb,0x00,0x13,0xfe,0xff,0xff,0xf9,0x07,0x00,0x00,0x00,0x09,0xf8,0xff,0xff,
  0xff,0xff,0xff,0x9d,0x00,0x00,0x00,0x00,0x72,0xff,0xff,0xff,0x8d,0x00,0x00,0xd5,0xff,0xff,0xff,0x3a,0x00,0x00,0x00,0x47,
  0xff,0xff,0xff,0xff,0xff,0xff,0xdd,0x00,0x00,0x00,0x00,0xaa,0xff,0xff,0xff,0x4e,0x00,0x00,0x98,0xff,0xff,0xff,0x72,0x00,
  0x00,0x00,0x8b,0xff,0xff,0xff,0xc2,0xff,0xff,0xff,0x1e,0x00,0x00,0x00,0xe3,0xff,0xff,0xfe,0x12,0x00,0x00,0x5a,0xff,0xff,
  0xff,0xab,0x00,0x00,0x00,0xcf,0xff,0xff,0xdc,0x5d,0xff,0xff,0xff,0x5e,0x00,0x00,0x1a,0xff,0xff,0xff,0xd2,0x00,0x00,0x00,
  0x1d,0xff,0xff,0xff,0xe3,0x00,0x00,0x14,0xfe,0xff,0xff,0x98,0x19,0xff,0xff,0xff,0x9f,0x00,0x00,0x53,0xff,0xff,0xff,0x93,
  0x00,0x00,0x00,0x00,0xe0,0xff,0xff,0xff,0x1c,0x00,0x58,0xff,0xff,0xff,0x54,0x00,0xd5,0xff,0xff,0xdf,0x00,0x00,0x8c,0xff,
  0xff,0xff,0x55,0x00,0x00,0x00,0x00,0xa3,0xff,0xff,0xff,0x54,0x00,0x9c,0xff,0xff,0xfd,0x12,0x00,0x91,0xff,0xff,0xff,0x1f,
  0x00,0xc4,0xff,0xff,0xff,0x17,0x00,0x00,0x00,0x00,0x66,0xff,0xff,0xff,0x8d,0x00,0xdf,0xff,0xff,0xcb,0x00,0x00,0x4c,0xff,
  0xff,0xff,0x60,0x05,0xf7,0xff,0xff,0xd8,0x00,0x00,0x00,0x00,0x00,0x28,0xff,0xff,0xff,0xc5,0x24,0xff,0xff,0xff,0x87,0x00,
  0x00,0x0c,0xfb,0xff,0xff,0xa0,0x35,0xff,0xff,0xff,0x9a,0x00,0x00,0x00,0x00,0x00,0x00,0xea,0xff,0xff,0xf8,0x6e,0xff,0xff,
  0xff,0x43,0x00,0x00,0x00,0xc4,0xff,0xff,0xe1,0x6d,0xff,0xff,0xff,0x5b,0x00,0x00,0x00,0x00,0x00,0x00,0xae,0xff,0xff,0xff,
  0xde,0xff,0xff,0xf7,0x08,0x00,0x00,0x00,0x80,0xff,0xff,0xff,0xc7,0xff,0xff,0xff,0x1d,0x00,0x00,0x00,0x00,0x00,0x00,0x71,
  0xff,0xff,0xff,0xff,0xff,0xff,0xbb,0x00,0x00,0x00,0x00,0x3c,0xff,0xff,0xff,0xff,0xff,0xff,0xde,0x00,0x00,0x00,0x00,0x00,
  0x00,0x00,0x34,0xff,0xff,0xff,0xff,0xff,0xff,0x76,0x00,0x00,0x00,0x00,0x04,0xf2,0xff,0xff,0xff,0xff,0xff,0xa0,0x00,0x00,
  0x00,0x00,0x00,0x00,0x00,0x03,0xf2,0xff,0xff,0xff,0xff,0xff,0x32,0x00,0x00,0x00,0x00,0x00,0xb3,0xff,0xff,0xff,0xff,0xff,
  0x62,0x00,0x00,0x00,0x00,0x00,0x00,0x00,0x00,0xb9,0xff,0xff,0xff,0xff,0xec,0x01,0x00,0x00,0x00,0x00,0x00,0x6f,0xff,0xff,
  0xff,0xff,0xff,0x23,0x00,0x00,0x00,0x00,0x00,0x00,0x00,0x00,0x7c,0xff,0xff,0xff,0xff,0xaa,0x00,0x00,0x00,0x00,0x00,0x00,
  0x2b,0xff,0xff,0xff,0xff,0xe5,0x00,0x00,0x00,0x00,0x00,0x00,0x00,0x00,0x00,0x3f,0xff,0xff,0xff,0xff,0x66,0x00,0x00,0x00,
  0x00,0x00,0x00,0x00,0xe5,0xff,0xff,0xff,0xa7,0x00,0x00,0x00,0x00,0x00,0x19,0xee,0xff,0xff,0xff,0xb3,0x00,0x00,0x00,0x00,
  0x00,0x00,0x15,0xeb,0xff,0xff,0xff,0xaf,0x00,0x00,0x60,0xff,0xff,0xff,0xff,0x5e,0x00,0x00,0x00,0x00,0x00,0xab,0xff,0xff,
  0xff,0xee,0x18,0x00,0x00,0x00,0xb7,0xff,0xff,0xff,0xee,0x19,0x00,0x00,0x00,0x56,0xff,0xff,0xff,0xff,0x5e,0x00,0x00,0x00,
  0x00,0x1d,0xf2,0xff,0xff,0xff,0xb1,0x00,0x00,0x15,0xeb,0xff,0xff,0xff,0xb5,0x00,0x00,0x00,0x00,0x00,0x00,0x68,0xff,0xff,
  0xff,0xff,0x5b,0x00,0xab,0xff,0xff,0xff,0xf1,0x1c,0x00,0x00,0x00,0x00,0x00,0x00,0x01,0xbe,0xff,0xff,0xff,0xed,0x6d,0xff,
  0xff,0xff,0xff,0x64,0x00,0x00,0x00,0x00,0x00,0x00,0x00,0x00,0x22,0xf5,0xff,0xff,0xff,0xff,0xff,0xff,0xff,0xbb,0x00,0x00,
  0x00,0x00,0x00,0x00,0x00,0x00,0x00,0x00,0x70,0xff,0xff,0xff,0xff,0xff,0xff,0xf3,0x1f,0x00,0x00,0x00,0x00,0x00,0x00,0x00,
  0x00,0x00,0x00,0x02,0xc5,0xff,0xff,0xff,0xff,0xff,0x6a,0x00,0x00,0x00,0x00,0x00,0x00,0x00,0x00,0x00,0x00,0x00,0x00,0x3b,
  0xff,0xff,0xff,0xff,0xe1,0x01,0x00,0x00,0x00,0x00,0x00,0x00,0x00,0x00,0x00,0x00,0x00,0x00,0xab,0xff,0xff,0xff,0xff,0xff,
  0x57,0x00,0x00,0x00,0x00,0x00,0x00,0x00,0x00,0x00,0x00,0x00,0x55,0xff,0xff,0xff,0xff,0xff,0xff,0xeb,0x15,0x00,0x00,0x00,
  0x00,0x00,0x00,0x00,0x00,0x00,0x15,0xea,0xff,0xff,0xff,0xff,0xff,0xff,0xff,0xaa,0x00,0x00,0x00,0x00,0x00,0x00,0x00,0x00,
  0x00,0xab,0xff,0xff,0xff,0xf8,0xa4,0xff,0xff,0xff,0xff,0x54,0x00,0x00,0x00,0x00,0x00,0x00,0x00,0x55,0xff,0xff,0xff,0xff,
  0x7a,0x06,0xd5,0xff,0xff,0xff,0xe9,0x14,0x00,0x00,0x00,0x00,0x00,0x15,0xea,0xff,0xff,0xff,0xcd,0x04,0x00,0x36,0xfc,0xff,
  0xff,0xff,0xa7,0x00,0x00,0x00,0x00,0x00,0xab,0xff,0xff,0xff,0xfa,0x2e,0x00,0x00,0x00,0x8c,0xff,0xff,0xff,0xff,0x51,0x00,
  0x00,0x00,0x55,0xff,0xff,0xff,0xff,0x80,0x00,0x00,0x00,0x00,0x09,0xda,0xff,0xff,0xff,0xe8,0x12,0x00,0x15,0xea,0xff,0xff,
  0xff,0xd2,0x05,0x00,0x00,0x00,0x00,0x00,0x3d,0xfe,0xff,0xff,0xff,0xa5,0x00,0xab,0xff,0xff,0xff,0xfc,0x34,0x00,0x00,0x00,
  0x00,0x00,0x00,0x00,0x94,0xff,0xff,0xff,0xff,0x4f,0x00,0xba,0xff,0xff,0xff,0xec,0x12,0x00,0x00,0x00,0x00,0x00,0x00,0x00,
  0x3e,0xff,0xff,0xff,0xff,0x62,0x00,0x22,0xf6,0xff,0xff,0xff,0x96,0x00,0x00,0x00,0x00,0x00,0x00,0x02,0xcf,0xff,0xff,0xff,
  0xbe,0x00,0x00,0x00,0x76,0xff,0xff,0xff,0xfd,0x30,0x00,0x00,0x00,0x00,0x00,0x67,0xff,0xff,0xff,0xf7,0x25,0x00,0x00,0x00,
  0x04,0xcf,0xff,0xff,0xff,0xc4,0x00,0x00,0x00,0x00,0x10,0xea,0xff,0xff,0xff,0x7a,0x00,0x00,0x00,0x00,0x00,0x34,0xfc,0xff,
  0xff,0xff,0x5c,0x00,0x00,0x00,0x90,0xff,0xff,0xff,0xd2,0x05,0x00,0x00,0x00,0x00,0x00,0x00,0x8f,0xff,0xff,0xff,0xe6,0x0d,
  0x00,0x28,0xfb,0xff,0xff,0xfd,0x37,0x00,0x00,0x00,0x00,0x00,0x00,0x00,0x0b,0xe1,0xff,0xff,0xff,0x8b,0x00,0xb7,0xff,0xff,
  0xff,0x92,0x00,0x00,0x00,0x00,0x00,0x00,0x00,0x00,0x00,0x4a,0xff,0xff,0xff,0xfa,0x74,0xff,0xff,0xff,0xe2,0x0d,0x00,0x00,
  0x00,0x00,0x00,0x00,0x00,0x00,0x00,0x00,0xa8,0xff,0xff,0xff,0xff,0xff,0xff,0xff,0x4d,0x00,0x00,0x00,0x00,0x00,0x00,0x00,
  0x00,0x00,0x00,0x00,0x17,0xee,0xff,0xff,0xff,0xff,0xff,0xaa,0x00,0x00,0x00,0x00,0x00,0x00,0x00,0x00,0x00,0x00,0x00,0x00,
  0x00,0x63,0xff,0xff,0xff,0xff,0xef,0x18,0x00,0x00,0x00,0x00,0x00,0x00,0x00,0x00,0x00,0x00,0x00,0x00,0x00,0x01,0xce,0xff,
  0xff,0xff,0x72,0x00,0x00,0x00,0x00,0x00,0x00,0x00,0x00,0x00,0x00,0x00,0x00,0x00,0x00,0x00,0xb4,0xff,0xff,0xff,0x54,0x00,
  0x00,0x00,0x00,0x00,0x00,0x00,0x00,0x00,0x00,0x00,0x00,0x00,0x00,0x00,0xb4,0xff,0xff,0xff,0x54,0x00,0x00,0x00,0x00,0x00,
  0x00,0x00,0x00,0x00,0x00,0x00,0x00,0x00,0x00,0x00,0xb4,0xff,0xff,0xff,0x54,0x00,0x00,0x00,0x00,0x00,0x00,0x00,0x00,0x00,
  0x00,0x00,0x00,0x00,0x00,0x00,0xb4,0xff,0xff,0xff,0x54,0x00,0x00,0x00,0x00,0x00,0x00,0x00,0x00,0x00,0x00,0x00,0x00,0x00,
  0x00,0x00,0xb4,0xff,0xff,0xff,0x54,0x00,0x00,0x00,0x00,0x00,0x00,0x00,0x00,0x00,0x00,0x00,0x00,0x00,0x00,0x00,0xb4,0xff,
  0xff,0xff,0x54,0x00,0x00,0x00,0x00,0x00,0x00,0x00,0x00,0x00,0x00,0x00,0x00,0x00,0x00,0x00,0xb4,0xff,0xff,0xff,0x54,0x00,
  0x00,0x00,0x00,0x00,0x00,0x00,0x00,0x00,0x00,0x00,0x00,0x00,0x00,0x00,0xb4,0xff,0xff,0xff,0x54,0x00,0x00,0x00,0x00,0x00,
  0x00,0x00,0x00,0x84,0xff,0xff,0xff,0xff,0xff,0xff,0xff,0xff,0xff,0xff,0xff,0xff,0xff,0xff,0x28,0x00,0x84,0xff,0xff,0xff,
  0xff,0xff,0xff,0xff,0xff,0xff,0xff,0xff,0xff,0xff,0xff,0x28,0x00,0x84,0xff,0xff,0xff,0xff,0xff,0xff,0xff,0xff,0xff,0xff,
  0xff,0xff,0xff,0xff,0x28,0x00,0x84,0xff,0xff,0xff,0xff,0xff,0xff,0xff,0xff,0xff,0xff,0xff,0xff,0xff,0xb8,0x03,0x00,0x00,
  0x00,0x00,0x00,0x00,0x00,0x00,0x00,0x00,0x9c,0xff,0xff,0xff,0xd4,0x0e,0x00,0x00,0x00,0x00,0x00,0x00,0x00,0x00,0x00,0x00,
  0x7d,0xff,0xff,0xff,0xea,0x21,0x00,0x00,0x00,0x00,0x00,0x00,0x00,0x00,0x00,0x00,0x5e,0xff,0xff,0xff,0xf8,0x3b,0x00,0x00,
  0x00,0x00,0x00,0x00,0x00,0x00,0x00,0x00,0x44,0xfa,0xff,0xff,0xff,0x5c,0x00,0x00,0x00,0x00,0x00,0x00,0x00,0x00,0x00,0x00,
  0x2d,0xf1,0xff,0xff,0xff,0x83,0x00,0x00,0x00,0x00,0x00,0x00,0x00,0x00,0x00,0x00,0x1c,0xe3,0xff,0xff,0xff,0xaa,0x01,0x00,
  0x00,0x00,0x00,0x00,0x00,0x00,0x00,0x00,0x0e,0xd1,0xff,0xff,0xff,0xca,0x09,0x00,0x00,0x00,0x00,0x00,0x00,0x00,0x00,0x00,
  0x05,0xbb,0xff,0xff,0xff,0xe2,0x18,0x00,0x00,0x00,0x00,0x00,0x00,0x00,0x00,0x00,0x00,0xa1,0xff,0xff,0xff,0xf3,0x2f,0x00,
  0x00,0x00,0x00,0x00,0x00,0x00,0x00,0x00,0x00,0x83,0xff,0xff,0xff,0xfd,0x4e,0x00,0x00,0x00,0x00,0x00,0x00,0x00,0x00,0x00,
  0x00,0x63,0xff,0xff,0xff,0xff,0x73,0x00,0x00,0x00,0x00,0x00,0x00,0x00,0x00,0x00,0x00,0x48,0xfb,0xff,0xff,0xff,0x9c,0x00,
  0x00,0x00,0x00,0x00,0x00,0x00,0x00,0x00,0x00,0x00,0xb4,0xff,0xff,0xff,0xff,0xff,0xff,0xff,0xff,0xff,0xff,0xff,0xff,0xff,
  0xff,0xff,0x94,0xb4,0xff,0xff,0xff,0xff,0xff,0xff,0xff,0xff,0xff,0xff,0xff,0xff,0xff,0xff,0xff,0x94,0xb4,0xff,0xff,0xff,
  0xff,0xff,0xff,0xff,0xff,0xff,0xff,0xff,0xff,0xff,0xff,0xff,0x94,0xb4,0xff,0xff,0xff,0xff,0xff,0xff,0xff,0xff,0xff,0xff,
  0xff,0xff,0xff,0xff,0xff,0x94,0x00,0x00,0xff,0xff,0xff,0xff,0xff,0xff,0xd0,0x00,0x00,0xff,0xff,0xff,0xff,0xff,0xff,0xd0,
  0x00,0x00,0xff,0xff,0xff,0xff,0xff,0xff,0xd0,0x00,0x00,0xff,0xff,0xff,0xff,0xff,0xff,0xd0,0x00,0x00,0xff,0xff,0xff,0xa4,
  0x00,0x00,0x00,0x00,0x00,0xff,0xff,0xff,0xa4,0x00,0x00,0x00,0x00,0x00,0xff,0xff,0xff,0xa4,0x00,0x00,0x00,0x00,0x00,0xff,
  0xff,0xff,0xa4,0x00,0x00,0x00,0x00,0x00,0xff,0xff,0xff,0xa4,0x00,0x00,0x00,0x00,0x00,0xff,0xff,0xff,0xa4,0x00,0x00,0x00,
  0x00,0x00,0xff,0xff,0xff,0xa4,0x00,0x00,0x00,0x00,0x00,0xff,0xff,0xff,0xa4,0x00,0x00,0x00,0x00,0x00,0xff,0xff,0xff,0xa4,
  0x00,0x00,0x00,0x00,0x00,0xff,0xff,0xff,0xa4,0x00,0x00,0x00,0x00,0x00,0xff,0xff,0xff,0xa4,0x00,0x00,0x00,0x00,0x00,0xff,
  0xff,0xff,0xa4,0x00,0x00,0x00,0x00,0x00,0xff,0xff,0xff,0xa4,0x00,0x00,0x00,0x00,0x00,0xff,0xff,0xff,0xa4,0x00,0x00,0x00,
  0x00,0x00,0xff,0xff,0xff,0xa4,0x00,0x00,0x00,0x00,0x00,0xff,0xff,0xff,0xa4,0x00,0x00,0x00,0x00,0x00,0xff,0xff,0xff,0xa4,
  0x00,0x00,0x00,0x00,0x00,0xff,0xff,0xff,0xa4,0x00,0x00,0x00,0x00,0x00,0xff,0xff,0xff,0xff,0xff,0xff,0xd0,0x00,0x00,0xff,
  0xff,0xff,0xff,0xff,0xff,0xd0,0x00,0x00,0xff,0xff,0xff,0xff,0xff,0xff,0xd0,0x00,0x00,0xff,0xff,0xff,0xff,0xff,0xff,0xd0,
  0x01,0xeb,0xff,0xea,0x01,0x00,0x00,0x00,0x00,0x00,0xad,0xff,0xff,0x2c,0x00,0x00,0x00,0x00,0x00,0x6d,0xff,0xff,0x6c,0x00,
  0x00,0x00,0x00,0x00,0x2e,0xff,0xff,0xac,0x00,0x00,0x00,0x00,0x00,0x01,0xec,0xff,0xeb,0x01,0x00,0x00,0x00,0x00,0x00,0xaf,
  0xff,0xff,0x2c,0x00,0x00,0x00,0x00,0x00,0x6f,0xff,0xff,0x6d,0x00,0x00,0x00,0x00,0x00,0x2f,0xff,0xff,0xad,0x00,0x00,0x00,
  0x00,0x00,0x01,0xed,0xff,0xeb,0x01,0x00,0x00,0x00,0x00,0x00,0xb0,0xff,0xff,0x2d,0x00,0x00,0x00,0x00,0x00,0x71,0xff,0xff,
  0x6d,0x00,0x00,0x00,0x00,0x00,0x31,0xff,0xff,0xae,0x00,0x00,0x00,0x00,0x00,0x02,0xef,0xff,0xec,0x01,0x00,0x00,0x00,0x00,
  0x00,0xb2,0xff,0xff,0x2e,0x00,0x00,0x00,0x00,0x00,0x72,0xff,0xff,0x6e,0x00,0x00,0x00,0x00,0x00,0x33,0xff,0xff,0xae,0x00,
  0x00,0x00,0x00,0x00,0x02,0xf0,0xff,0xed,0x01,0x00,0x00,0x00,0x00,0x00,0xb3,0xff,0xff,0x2f,0x00,0x00,0x00,0x00,0x00,0x74,
  0xff,0xff,0x6f,0x00,0x00,0x00,0x00,0x00,0x34,0xff,0xff,0xaf,0x7c,0xff,0xff,0xff,0xff,0xff,0xff,0x54,0x00,0x7c,0xff,0xff,
  0xff,0xff,0xff,0xff,0x54,0x00,0x7c,0xff,0xff,0xff,0xff,0xff,0xff,0x54,0x00,0x7c,0xff,0xff,0xff,0xff,0xff,0xff,0x54,0x00,
  0x00,0x00,0x00,0x54,0xff,0xff,0xff,0x54,0x00,0x00,0x00,0x00,0x54,0xff,0xff,0xff,0x54,0x00,0x00,0x00,0x00,0x54,0xff,0xff,
  0xff,0x54,0x00,0x00,0x00,0x00,0x54,0xff,0xff,0xff,0x54,0x00,0x00,0x00,0x00,0x54,0xff,0xff,0xff,0x54,0x00,0x00,0x00,0x00,
  0x54,0xff,0xff,0xff,0x54,0x00,0x00,0x00,0x00,0x54,0xff,0xff,0xff,0x54,0x00,0x00,0x00,0x00,0x54,0xff,0xff,0xff,0x54,0x00,
  0x00,0x00,0x00,0x54,0xff,0xff,0xff,0x54,0x00,0x00,0x00,0x00,0x54,0xff,0xff,0xff,0x54,0x00,0x00,0x00,0x00,0x54,0xff,0xff,
  0xff,0x54,0x00,0x00,0x00,0x00,0x54,0xff,0xff,0xff,0x54,0x00,0x00,0x00,0x00,0x54,0xff,0xff,0xff,0x54,0x00,0x00,0x00,0x00,
  0x54,0xff,0xff,0xff,0x54,0x00,0x00,0x00,0x00,0x54,0xff,0xff,0xff,0x54,0x00,0x00,0x00,0x00,0x54,0xff,0xff,0xff,0x54,0x00,
  0x00,0x00,0x00,0x54,0xff,0xff,0xff,0x54,0x00,0x00,0x00,0x00,0x54,0xff,0xff,0xff,0x54,0x00,0x7c,0xff,0xff,0xff,0xff,0xff,
  0xff,0x54,0x00,0x7c,0xff,0xff,0xff,0xff,0xff,0xff,0x54,0x00,0x7c,0xff,0xff,0xff,0xff,0xff,0xff,0x54,0x00,0x7c,0xff,0xff,
  0xff,0xff,0xff,0xff,0x54,0x00,0x00,0x00,0x00,0x00,0x00,0x00,0x84,0xff,0xff,0xf0,0x0d,0x00,0x00,0x00,0x00,0x00,0x00,0x00,
  0x00,0x00,0x00,0x0c,0xee,0xff,0xff,0xff,0x72,0x00,0x00,0x00,0x00,0x00,0x00,0x00,0x00,0x00,0x00,0x73,0xff,0xff,0xff,0xff,
  0xe1,0x04,0x00,0x00,0x00,0x00,0x00,0x00,0x00,0x00,0x06,0xe4,0xff,0xff,0xff,0xff,0xff,0x5b,0x00,0x00,0x00,0x00,0x00,0x00,
  0x00,0x00,0x63,0xff,0xff,0xfb,0xcd,0xff,0xff,0xce,0x00,0x00,0x00,0x00,0x00,0x00,0x00,0x01,0xd8,0xff,0xff,0xad,0x55,0xff,
  0xff,0xff,0x43,0x00,0x00,0x00,0x00,0x00,0x00,0x52,0xff,0xff,0xff,0x47,0x05,0xe8,0xff,0xff,0xb8,0x00,0x00,0x00,0x00,0x00,
  0x00,0xc9,0xff,0xff,0xdf,0x02,0x00,0x86,0xff,0xff,0xff,0x2d,0x00,0x00,0x00,0x00,0x41,0xff,0xff,0xff,0x7b,0x00,0x00,0x21,
  0xfd,0xff,0xff,0xa0,0x00,0x00,0x00,0x00,0xb9,0xff,0xff,0xfb,0x19,0x00,0x00,0x00,0xb7,0xff,0xff,0xfa,0x1b,0x00,0x00,0x30,
  0xff,0xff,0xff,0xaf,0x00,0x00,0x00,0x00,0x50,0xff,0xff,0xff,0x89,0x00,0x00,0x00,0x00,0x00,0x00,0x00,0x00,0x00,0x00,0x00,
  0x00,0x00,0x00,0x00,0x00,0x00,0x00,0x00,0x00,0x00,0x00,0x00,0x00,0x00,0x00,0x00,0x00,0x00,0x00,0x00,0x00,0x00,0x00,0x00,
  0x00,0x00,0x00,0x00,0x00,0x00,0x00,0x00,0x00,0x00,0x00,0x00,0x00,0x00,0x00,0x00,0x00,0x00,0x00,0x00,0x00,0x00,0x00,0x00,
  0x00,0x00,0x00,0x00,0x00,0x00,0x00,0x00,0x00,0x00,0x00,0x00,0x00,0x00,0x00,0x00,0x00,0x00,0x00,0x00,0x00,0x00,0x00,0x00,
  0x00,0x00,0x00,0x00,0x00,0x00,0x00,0x00,0x00,0x00,0x00,0x00,0x00,0x00,0x00,0x00,0x00,0x00,0x00,0x00,0x00,0x00,0x00,0x00,
  0x00,0x00,0x00,0x00,0x00,0x00,0x00,0x00,0x00,0x00,0x00,0x00,0x00,0x00,0x00,0x00,0x00,0x00,0x00,0x00,0x00,0x00,0x00,0x00,
  0x00,0x00,0x00,0x00,0x00,0x00,0x00,0x00,0x00,0x00,0x00,0x00,0x00,0x00,0x00,0x00,0x00,0x00,0x00,0x00,0x00,0x00,0x00,0x00,
  0x00,0x00,0x00,0x00,0x00,0x00,0x00,0x00,0x00,0x00,0x00,0x00,0x00,0x00,0x00,0x00,0x00,0x00,0x00,0x00,0x00,0x00,0x00,0x00,
  0x00,0x00,0x00,0x00,0x00,0x00,0x00,0x00,0x00,0x00,0x00,0x00,0x00,0x00,0x00,0x00,0x00,0x44,0xff,0xff,0xff,0xff,0xff,0xff,
  0xff,0xff,0xff,0xff,0xff,0xff,0xff,0xff,0xff,0xb4,0x44,0xff,0xff,0xff,0xff,0xff,0xff,0xff,0xff,0xff,0xff,0xff,0xff,0xff,
  0xff,0xff,0xb4,0x44,0xff,0xff,0xff,0xff,0xff,0xff,0xff,0xff,0xff,0xff,0xff,0xff,0xff,0xff,0xff,0xb4,0x18,0xdb,0xff,0xff,
  0xfb,0x20,0x00,0x00,0x00,0x00,0x1f,0xe3,0xff,0xff,0x94,0x00,0x00,0x00,0x00,0x00,0x27,0xea,0xff,0xf7,0x16,0x00,0x00,0x00,
  0x00,0x00,0x31,0xf0,0xff,0x87,0x00,0x00,0x00,0x00,0x00,0x00,0x00,0x00,0x00,0x00,0x00,0x00,0x00,0x00,0x00,0x00,0x00,0x00,
  0x00,0x00,0x00,0x00,0x00,0x00,0x00,0x00,0x00,0x00,0x00,0x00,0x00,0x00,0x00,0x00,0x00,0x00,0x00,0x00,0x00,0x00,0x00,0x00,
  0x00,0x00,0x00,0x00,0x00,0x00,0x00,0x00,0x00,0x00,0x00,0x00,0x00,0x00,0x00,0x00,0x00,0x00,0x00,0x00,0x00,0x00,0x00,0x00,
  0x00,0x00,0x00,0x00,0x00,0x00,0x00,0x00,0x00,0x00,0x00,0x00,0x00,0x00,0x00,0x00,0x00,0x00,0x00,0x00,0x00,0x00,0x00,0x00,
  0x00,0x00,0x00,0x00,0x00,0x00,0x00,0x00,0x00,0x00,0x00,0x00,0x00,0x00,0x00,0x00,0x00,0x00,0x00,0x00,0x00,0x00,0x00,0x00,
  0x00,0x00,0x00,0x00,0x00,0x00,0x00,0x00,0x00,0x00,0x00,0x00,0x00,0x00,0x00,0x00,0x00,0x00,0x00,0x00,0x00,0x00,0x00,0x00,
  0x00,0x00,0x00,0x00,0x00,0x00,0x00,0x00,0x00,0x00,0x00,0x1a,0x87,0xcc,0xef,0xfc,0xf8,0xe3,0xb5,0x57,0x00,0x00,0x00,0x00,
  0x00,0x00,0x3a,0xef,0xff,0xff,0xff,0xff,0xff,0xff,0xff,0xff,0xac,0x02,0x00,0x00,0x00,0x0c,0xe7,0xff,0xff,0xff,0xff,0xff,
  0xff,0xff,0xff,0xff,0xff,0x63,0x00,0x00,0x00,0x6d,0xff,0xff,0xff,0xc0,0x28,0x06,0x1c,0x94,0xff,0xff,0xff,0xa6,0x00,0x00,
  0x00,0x0d,0x52,0x9b,0xdf,0x1c,0x00,0x00,0x00,0x0c,0xff,0xff,0xff,0xc0,0x00,0x00,0x00,0x00,0x00,0x00,0x00,0x00,0x00,0x0f,
  0x48,0x91,0xfe,0xff,0xff,0xc9,0x00,0x00,0x00,0x00,0x00,0x0e,0x60,0xa1,0xda,0xfe,0xff,0xff,0xff,0xff,0xff,0xc9,0x00,0x00,
  0x00,0x00,0x6a,0xf4,0xff,0xff,0xff,0xe6,0xa9,0x66,0xfd,0xff,0xff,0xc6,0x00,0x00,0x00,0x57,0xff,0xff,0xff,0xae,0x2c,0x00,
  0x00,0x00,0xfe,0xff,0xff,0xc4,0x00,0x00,0x00,0xcc,0xff,0xff,0xf1,0x05,0x00,0x00,0x00,0x11,0xff,0xff,0xff,0xc1,0x00,0x00,
  0x00,0xf6,0xff,0xff,0xf1,0x05,0x00,0x00,0x00,0x68,0xff,0xff,0xff,0xc0,0x00,0x00,0x00,0xea,0xff,0xff,0xff,0x9f,0x16,0x17,
  0x74,0xf8,0xff,0xff,0xff,0xc7,0x00,0x00,0x00,0x9d,0xff,0xff,0xff,0xff,0xff,0xff,0xff,0xff,0xff,0xff,0xff,0xdc,0x00,0x00,
  0x00,0x18,0xde,0xff,0xff,0xff,0xff,0xff,0xff,0xb2,0x9b,0xff,0xff,0xfd,0x13,0x00,0x00,0x00,0x13,0x8d,0xdc,0xf9,0xef,0xbb,
  0x55,0x00,0x4f,0xff,0xff,0xff,0x6a,0x00,0x00,0x28,0xff,0xff,0xff,0xb0,0x00,0x00,0x00,0x00,0x00,0x00,0x00,0x00,0x00,0x00,
  0x00,0x00,0x28,0xff,0xff,0xff,0xb0,0x00,0x00,0x00,0x00,0x00,0x00,0x00,0x00,0x00,0x00,0x00,0x00,0x28,0xff,0xff,0xff,0xb0,
  0x00,0x00,0x00,0x00,0x00,0x00,0x00,0x00,0x00,0x00,0x00,0x00,0x28,0xff,0xff,0xff,0xb0,0x00,0x00,0x00,0x00,0x00,0x00,0x00,
  0x00,0x00,0x00,0x00,0x00,0x28,0xff,0xff,0xff,0xb0,0x00,0x00,0x00,0x00,0x00,0x00,0x00,0x00,0x00,0x00,0x00,0x00,0x28,0xff,
  0xff,0xff,0xb0,0x02,0x64,0xc8,0xf4,0xf1,0xc6,0x69,0x04,0x00,0x00,0x00,0x00,0x28,0xff,0xff,0xff,0xba,0xb8,0xff,0xff,0xff,
  0xff,0xff,0xff,0xc5,0x12,0x00,0x00,0x00,0x28,0xff,0xff,0xff,0xff,0xff,0xff,0xff,0xff,0xff,0xff,0xff,0xff,0xb8,0x01,0x00,
  0x00,0x28,0xff,0xff,0xff,0xff,0xee,0x58,0x0b,0x16,0x80,0xfe,0xff,0xff,0xff,0x49,0x00,0x00,0x28,0xff,0xff,0xff,0xff,0x46,
  0x00,0x00,0x00,0x00,0x8f,0xff,0xff,0xff,0xa7,0x00,0x00,0x28,0xff,0xff,0xff,0xde,0x00,0x00,0x00,0x00,0x00,0x27,0xff,0xff,
  0xff,0xdf,0x00,0x00,0x28,0xff,0xff,0xff,0xb3,0x00,0x00,0x00,0x00,0x00,0x01,0xf8,0xff,0xff,0xf9,0x00,0x00,0x28,0xff,0xff,
  0xff,0xab,0x00,0x00,0x00,0x00,0x00,0x00,0xeb,0xff,0xff,0xff,0x03,0x00,0x28,0xff,0xff,0xff,0xbc,0x00,0x00,0x00,0x00,0x00,
  0x00,0xf6,0xff,0xff,0xf4,0x00,0x00,0x28,0xff,0xff,0xff,0xed,0x03,0x00,0x00,0x00,0x00,0x23,0xff,0xff,0xff,0xd3,0x00,0x00,
  0x28,0xff,0xff,0xff,0xff,0x69,0x00,0x00,0x00,0x00,0x8b,0xff,0xff,0xff,0x97,0x00,0x00,0x28,0xff,0xff,0xff,0xff,0xf9,0x70,
  0x11,0x11,0x79,0xfe,0xff,0xff,0xff,0x34,0x00,0x00,0x28,0xff,0xff,0xff,0xfd,0xff,0xff,0xff,0xff,0xff,0xff,0xff,0xff,0x9d,
  0x00,0x00,0x00,0x28,0xff,0xff,0xff,0x87,0xdf,0xff,0xff,0xff,0xff,0xff,0xff,0xb2,0x08,0x00,0x00,0x00,0x28,0xff,0xff,0xff,
  0x6c,0x0e,0x82,0xd1,0xf5,0xf3,0xc4,0x5e,0x01,0x00,0x00,0x00,0x00,0x00,0x00,0x00,0x1f,0x8c,0xd2,0xf1,0xfb,0xea,0xc0,0x72,
  0x0d,0x00,0x00,0x00,0x00,0x00,0x00,0x65,0xf9,0xff,0xff,0xff,0xff,0xff,0xff,0xff,0xe1,0x2b,0x00,0x00,0x00,0x00,0x59,0xff,
  0xff,0xff,0xff,0xff,0xff,0xff,0xff,0xff,0xff,0xe0,0x0b,0x00,0x00,0x0c,0xee,0xff,0xff,0xff,0x9a,0x26,0x0b,0x43,0xe1,0xff,
  0xff,0xff,0x76,0x00,0x00,0x64,0xff,0xff,0xff,0xaa,0x00,0x00,0x00,0x00,0x4a,0xd7,0x93,0x50,0x0f,0x00,0x00,0xa4,0xff,0xff,
  0xff,0x4c,0x00,0x00,0x00,0x00,0x00,0x00,0x00,0x00,0x00,0x00,0x00,0xc6,0xff,0xff,0xff,0x26,0x00,0x00,0x00,0x00,0x00,0x00,
  0x00,0x00,0x00,0x00,0x00,0xd3,0xff,0xff,0xff,0x1e,0x00,0x00,0x00,0x00,0x00,0x00,0x00,0x00,0x00,0x00,0x00,0xc7,0xff,0xff,
  0xff,0x2c,0x00,0x00,0x00,0x00,0x00,0x00,0x00,0x00,0x00,0x00,0x00,0xa5,0xff,0xff,0xff,0x58,0x00,0x00,0x00,0x00,0x00,0x00,
  0x00,0x00,0x00,0x00,0x00,0x65,0xff,0xff,0xff,0xb7,0x00,0x00,0x00,0x00,0x20,0xe1,0xa0,0x5c,0x18,0x00,0x00,0x0c,0xee,0xff,
  0xff,0xff,0x99,0x1e,0x07,0x35,0xca,0xff,0xff,0xff,0xa9,0x00,0x00,0x00,0x59,0xff,0xff,0xff,0xff,0xff,0xff,0xff,0xff,0xff,
  0xff,0xf7,0x2a,0x00,0x00,0x00,0x00,0x66,0xfa,0xff,0xff,0xff,0xff,0xff,0xff,0xff,0xf0,0x4a,0x00,0x00,0x00,0x00,0x00,0x00,
  0x21,0x90,0xd5,0xf3,0xfb,0xeb,0xc4,0x7c,0x15,0x00,0x00,0x00,0x00,0x00,0x00,0x00,0x00,0x00,0x00,0x00,0x00,0x00,0x00,0x84,
  0xff,0xff,0xff,0x54,0x00,0x00,0x00,0x00,0x00,0x00,0x00,0x00,0x00,0x00,0x00,0x00,0x84,0xff,0xff,0xff,0x54,0x00,0x00,0x00,
  0x00,0x00,0x00,0x00,0x00,0x00,0x00,0x00,0x00,0x84,0xff,0xff,0xff,0x54,0x00,0x00,0x00,0x00,0x00,0x00,0x00,0x00,0x00,0x00,
  0x00,0x00,0x84,0xff,0xff,0xff,0x54,0x00,0x00,0x00,0x00,0x00,0x00,0x00,0x00,0x00,0x00,0x00,0x00,0x84,0xff,0xff,0xff,0x54,
  0x00,0x00,0x00,0x00,0x00,0x50,0xb8,0xec,0xf7,0xd4,0x7a,0x08,0x84,0xff,0xff,0xff,0x54,0x00,0x00,0x00,0x04,0xa2,0xff,0xff,
  0xff,0xff,0xff,0xff,0xd3,0x9e,0xff,0xff,0xff,0x54,0x00,0x00,0x00,0x89,0xff,0xff,0xff,0xff,0xff,0xff,0xff,0xff,0xff,0xff,
  0xff,0xff,0x54,0x00,0x00,0x1d,0xfc,0xff,0xff,0xff,0xa0,0x20,0x08,0x46,0xdf,0xff,0xff,0xff,0xff,0x54,0x00,0x00,0x76,0xff,
  0xff,0xff,0xb7,0x00,0x00,0x00,0x00,0x2a,0xfc,0xff,0xff,0xff,0x54,0x00,0x00,0xae,0xff,0xff,0xff,0x4c,0x00,0x00,0x00,0x00,
  0x00,0xbf,0xff,0xff,0xff,0x54,0x00,0x00,0xc9,0xff,0xff,0xff,0x1f,0x00,0x00,0x00,0x00,0x00,0x91,0xff,0xff,0xff,0x54,0x00,
  0x00,0xd3,0xff,0xff,0xff,0x17,0x00,0x00,0x00,0x00,0x00,0x83,0xff,0xff,0xff,0x54,0x00,0x00,0xc7,0xff,0xff,0xff,0x25,0x00,
  0x00,0x00,0x00,0x00,0x8f,0xff,0xff,0xff,0x54,0x00,0x00,0xa7,0xff,0xff,0xff,0x52,0x00,0x00,0x00,0x00,0x00,0xc0,0xff,0xff,
  0xff,0x54,0x00,0x00,0x69,0xff,0xff,0xff,0xbb,0x01,0x00,0x00,0x00,0x30,0xfd,0xff,0xff,0xff,0x54,0x00,0x00,0x10,0xf4,0xff,
  0xff,0xff,0xa2,0x21,0x07,0x49,0xe4,0xff,0xff,0xff,0xff,0x54,0x00,0x00,0x00,0x6e,0xff,0xff,0xff,0xff,0xff,0xff,0xff,0xff,
  0xfd,0xff,0xff,0xff,0x54,0x00,0x00,0x00,0x00,0x89,0xff,0xff,0xff,0xff,0xff,0xff,0xf3,0x73,0xff,0xff,0xff,0x54,0x00,0x00,
  0x00,0x00,0x00,0x43,0xb5,0xed,0xf8,0xdc,0x96,0x1d,0x3c,0xff,0xff,0xff,0x54,0x00,0x00,0x00,0x00,0x00,0x41,0xaa,0xe5,0xf9,
  0xe9,0xba,0x62,0x03,0x00,0x00,0x00,0x00,0x00,0x00,0x03,0x98,0xff,0xff,0xff,0xff,0xff,0xff,0xff,0xca,0x15,0x00,0x00,0x00,
  0x00,0x00,0x91,0xff,0xff,0xff,0xff,0xff,0xff,0xff,0xff,0xff,0xce,0x05,0x00,0x00,0x00,0x36,0xff,0xff,0xff,0xe7,0x52,0x0f,
  0x21,0x9d,0xff,0xff,0xff,0x72,0x00,0x00,0x00,0xa2,0xff,0xff,0xff,0x44,0x00,0x00,0x00,0x01,0xc1,0xff,0xff,0xd9,0x00,0x00,
  0x00,0xe4,0xff,0xff,0xf6,0x01,0x00,0x00,0x00,0x00,0x74,0xff,0xff,0xff,0x20,0x00,0x08,0xff,0xff,0xff,0xff,0xff,0xff,0xff,
  0xff,0xff,0xff,0xff,0xff,0xff,0x4d,0x00,0x17,0xff,0xff,0xff,0xff,0xff,0xff,0xff,0xff,0xff,0xff,0xff,0xff,0xff,0x64,0x00,
  0x0e,0xff,0xff,0xff,0xff,0xff,0xff,0xff,0xff,0xff,0xff,0xff,0xff,0xff,0x6e,0x00,0x00,0xec,0xff,0xff,0xec,0x00,0x00,0x00,
  0x00,0x00,0x00,0x00,0x00,0x00,0x00,0x00,0x00,0xad,0xff,0xff,0xff,0x43,0x00,0x00,0x00,0x00,0x00,0x00,0x00,0x00,0x00,0x00,
  0x00,0x46,0xff,0xff,0xff,0xe8,0x5a,0x12,0x0a,0x47,0xda,0xb7,0x74,0x31,0x02,0x00,0x00,0x00,0xaa,0xff,0xff,0xff,0xff,0xff,
  0xff,0xff,0xff,0xff,0xff,0xd7,0x0a,0x00,0x00,0x00,0x07,0xad,0xff,0xff,0xff,0xff,0xff,0xff,0xff,0xff,0xd0,0x26,0x00,0x00,
  0x00,0x00,0x00,0x00,0x49,0xa6,0xe0,0xf6,0xf4,0xdd,0xb0,0x5e,0x06,0x00,0x00,0x00,0x00,0x00,0x00,0x16,0x91,0xdb,0xf6,0xf4,
  0xdd,0xa6,0x0c,0x00,0x00,0x0f,0xe0,0xff,0xff,0xff,0xff,0xff,0xf1,0x01,0x00,0x00,0x5d,0xff,0xff,0xff,0xff,0xff,0xff,0xc2,
  0x00,0x00,0x00,0x7e,0xff,0xff,0xff,0x91,0x09,0x15,0x1e,0x00,0x00,0x00,0x87,0xff,0xff,0xff,0x4d,0x00,0x00,0x00,0x00,0xac,
  0xff,0xff,0xff,0xff,0xff,0xff,0xff,0xff,0x2c,0x00,0xac,0xff,0xff,0xff,0xff,0xff,0xff,0xff,0xff,0x2c,0x00,0xac,0xff,0xff,
  0xff,0xff,0xff,0xff,0xff,0xff,0x2c,0x00,0x00,0x00,0x88,0xff,0xff,0xff,0x4c,0x00,0x00,0x00,0x00,0x00,0x00,0x88,0xff,0xff,
  0xff,0x4c,0x00,0x00,0x00,0x00,0x00,0x00,0x88,0xff,0xff,0xff,0x4c,0x00,0x00,0x00,0x00,0x00,0x00,0x88,0xff,0xff,0xff,0x4c,
  0x00,0x00,0x00,0x00,0x00,0x00,0x88,0xff,0xff,0xff,0x4c,0x00,0x00,0x00,0x00,0x00,0x00,0x88,0xff,0xff,0xff,0x4c,0x00,0x00,
  0x00,0x00,0x00,0x00,0x88,0xff,0xff,0xff,0x4c,0x00,0x00,0x00,0x00,0x00,0x00,0x88,0xff,0xff,0xff,0x4c,0x00,0x00,0x00,0x00,
  0x00,0x00,0x88,0xff,0xff,0xff,0x4c,0x00,0x00,0x00,0x00,0x00,0x00,0x88,0xff,0xff,0xff,0x4c,0x00,0x00,0x00,0x00,0x00,0x00,
  0x88,0xff,0xff,0xff,0x4c,0x00,0x00,0x00,0x00,0x00,0x00,0x88,0xff,0xff,0xff,0x4c,0x00,0x00,0x00,0x00,0x00,0x00,0x00,0x00,
  0x48,0xb4,0xeb,0xf6,0xd4,0x79,0x07,0x48,0xff,0xff,0xff,0x50,0x00,0x00,0x00,0x02,0x95,0xff,0xff,0xff,0xff,0xff,0xff,0xcf,
  0x5a,0xff,0xff,0xff,0x50,0x00,0x00,0x00,0x7c,0xff,0xff,0xff,0xff,0xff,0xff,0xff,0xff,0xed,0xff,0xff,0xff,0x50,0x00,0x00,
  0x15,0xf8,0xff,0xff,0xff,0xa1,0x1f,0x08,0x49,0xe2,0xff,0xff,0xff,0xff,0x50,0x00,0x00,0x6f,0xff,0xff,0xff,0xbc,0x00,0x00,
  0x00,0x00,0x2c,0xfb,0xff,0xff,0xff,0x50,0x00,0x00,0xa8,0xff,0xff,0xff,0x54,0x00,0x00,0x00,0x00,0x00,0xb8,0xff,0xff,0xff,
  0x50,0x00,0x00,0xc7,0xff,0xff,0xff,0x26,0x00,0x00,0x00,0x00,0x00,0x86,0xff,0xff,0xff,0x50,0x00,0x00,0xd4,0xff,0xff,0xff,
  0x1b,0x00,0x00,0x00,0x00,0x00,0x78,0xff,0xff,0xff,0x50,0x00,0x00,0xca,0xff,0xff,0xff,0x28,0x00,0x00,0x00,0x00,0x00,0x86,
  0xff,0xff,0xff,0x50,0x00,0x00,0xaa,0xff,0xff,0xff,0x56,0x00,0x00,0x00,0x00,0x00,0xba,0xff,0xff,0xff,0x50,0x00,0x00,0x6c,
  0xff,0xff,0xff,0xbd,0x00,0x00,0x00,0x00,0x31,0xfc,0xff,0xff,0xff,0x50,0x00,0x00,0x15,0xf5,0xff,0xff,0xff,0x9f,0x1d,0x09,
  0x50,0xe7,0xff,0xff,0xff,0xff,0x50,0x00,0x00,0x00,0x77,0xff,0xff,0xff,0xff,0xff,0xff,0xff,0xff,0xf6,0xff,0xff,0xff,0x50,
  0x00,0x00,0x00,0x00,0x9b,0xff,0xff,0xff,0xff,0xff,0xff,0xb4,0x8e,0xff,0xff,0xff,0x4e,0x00,0x00,0x00,0x00,0x00,0x54,0xbe,
  0xee,0xf4,0xcb,0x67,0x01,0x88,0xff,0xff,0xff,0x48,0x00,0x00,0x00,0x00,0x00,0x00,0x00,0x00,0x00,0x00,0x00,0x00,0x8f,0xff,
  0xff,0xff,0x38,0x00,0x00,0x54,0xce,0x94,0x5a,0x1f,0x00,0x00,0x00,0x00,0x00,0xb8,0xff,0xff,0xff,0x15,0x00,0x00,0x37,0xff,
  0xff,0xff,0xff,0x6b,0x0f,0x06,0x20,0x7f,0xff,0xff,0xff,0xd0,0x00,0x00,0x00,0x01,0xcf,0xff,0xff,0xff,0xff,0xff,0xff,0xff,
  0xff,0xff,0xff,0xff,0x5b,0x00,0x00,0x00,0x00,0x23,0xdd,0xff,0xff,0xff,0xff,0xff,0xff,0xff,0xff,0xff,0x8c,0x00,0x00,0x00,
  0x00,0x00,0x00,0x0a,0x6b,0xb6,0xe1,0xf6,0xfc,0xf0,0xd3,0x99,0x35,0x00,0x00,0x00,0x00,0x00,0x00,0xff,0xff,0xff,0xd8,0x00,
  0x00,0x00,0x00,0x00,0x00,0x00,0x00,0x00,0x00,0x00,0x00,0x00,0xff,0xff,0xff,0xd8,0x00,0x00,0x00,0x00,0x00,0x00,0x00,0x00,
  0x00,0x00,0x00,0x00,0x00,0xff,0xff,0xff,0xd8,0x00,0x00,0x00,0x00,0x00,0x00,0x00,0x00,0x00,0x00,0x00,0x00,0x00,0xff,0xff,
  0xff,0xd8,0x00,0x00,0x00,0x00,0x00,0x00,0x00,0x00,0x00,0x00,0x00,0x00,0x00,0xff,0xff,0xff,0xd8,0x00,0x00,0x00,0x00,0x00,
  0x00,0x00,0x00,0x00,0x00,0x00,0x00,0x00,0xff,0xff,0xff,0xd8,0x00,0x34,0xaa,0xe8,0xf7,0xda,0x8a,0x13,0x00,0x00,0x00,0x00,
  0x00,0xff,0xff,0xff,0xd8,0x6e,0xfc,0xff,0xff,0xff,0xff,0xff,0xe3,0x1d,0x00,0x00,0x00,0x00,0xff,0xff,0xff,0xfa,0xff,0xff,
  0xff,0xff,0xff,0xff,0xff,0xff,0xaa,0x00,0x00,0x00,0x00,0xff,0xff,0xff,0xff,0xf6,0x66,0x10,0x12,0x86,0xff,0xff,0xff,0xf8,
  0x07,0x00,0x00,0x00,0xff,0xff,0xff,0xff,0x67,0x00,0x00,0x00,0x00,0xd5,0xff,0xff,0xff,0x25,0x00,0x00,0x00,0xff,0xff,0xff,
  0xfe,0x0f,0x00,0x00,0x00,0x00,0xae,0xff,0xff,0xff,0x33,0x00,0x00,0x00,0xff,0xff,0xff,0xe7,0x00,0x00,0x00,0x00,0x00,0xa3,
  0xff,0xff,0xff,0x37,0x00,0x00,0x00,0xff,0xff,0xff,0xdb,0x00,0x00,0x00,0x00,0x00,0xa0,0xff,0xff,0xff,0x38,0x00,0x00,0x00,
  0xff,0xff,0xff,0xd8,0x00,0x00,0x00,0x00,0x00,0xa0,0xff,0xff,0xff,0x38,0x00,0x00,0x00,0xff,0xff,0xff,0xd8,0x00,0x00,0x00,
  0x00,0x00,0xa0,0xff,0xff,0xff,0x38,0x00,0x00,0x00,0xff,0xff,0xff,0xd8,0x00,0x00,0x00,0x00,0x00,0xa0,0xff,0xff,0xff,0x38,
  0x00,0x00,0x00,0xff,0xff,0xff,0xd8,0x00,0x00,0x00,0x00,0x00,0xa0,0xff,0xff,0xff,0x38,0x00,0x00,0x00,0xff,0xff,0xff,0xd8,
  0x00,0x00,0x00,0x00,0x00,0xa0,0xff,0xff,0xff,0x38,0x00,0x00,0x00,0xff,0xff,0xff,0xd8,0x00,0x00,0x00,0x00,0x00,0xa0,0xff,
  0xff,0xff,0x38,0x00,0x00,0x00,0xff,0xff,0xff,0xd8,0x00,0x00,0x00,0x00,0x00,0xa0,0xff,0xff,0xff,0x38,0x00,0x00,0x00,0xfc,
  0xff,0xff,0xdc,0x00,0x00,0x00,0x00,0xfc,0xff,0xff,0xdc,0x00,0x00,0x00,0x00,0xfc,0xff,0xff,0xdc,0x00,0x00,0x00,0x00,0x00,
  0x00,0x00,0x00,0x00,0x00,0x00,0x00,0x00,0x00,0x00,0x00,0x00,0x00,0x00,0x00,0xfc,0xff,0xff,0xdc,0x00,0x00,0x00,0x00,0xfc,
  0xff,0xff,0xdc,0x00,0x00,0x00,0x00,0xfc,0xff,0xff,0xdc,0x00,0x00,0x00,0x00,0xfc,0xff,0xff,0xdc,0x00,0x00,0x00,0x00,0xfc,
  0xff,0xff,0xdc,0x00,0x00,0x00,0x00,0xfc,0xff,0xff,0xdc,0x00,0x00,0x00,0x00,0xfc,0xff,0xff,0xdc,0x00,0x00,0x00,0x00,0xfc,
  0xff,0xff,0xdc,0x00,0x00,0x00,0x00,0xfc,0xff,0xff,0xdc,0x00,0x00,0x00,0x00,0xfc,0xff,0xff,0xdc,0x00,0x00,0x00,0x00,0xfc,
  0xff,0xff,0xdc,0x00,0x00,0x00,0x00,0xfc,0xff,0xff,0xdc,0x00,0x00,0x00,0x00,0xfc,0xff,0xff,0xdc,0x00,0x00,0x00,0x00,0xfc,
  0xff,0xff,0xdc,0x00,0x00,0x00,0x00,0xfc,0xff,0xff,0xdc,0x00,0x00,0x00,0x00,0x00,0x14,0xff,0xff,0xff,0xc4,0x00,0x00,0x00,
  0x00,0x00,0x14,0xff,0xff,0xff,0xc4,0x00,0x00,0x00,0x00,0x00,0x14,0xff,0xff,0xff,0xc4,0x00,0x00,0x00,0x00,0x00,0x00,0x00,
  0x00,0x00,0x00,0x00,0x00,0x00,0x00,0x00,0x00,0x00,0x00,0x00,0x00,0x00,0x00,0x00,0x00,0x00,0x14,0xff,0xff,0xff,0xc4,0x00,
  0x00,0x00,0x00,0x00,0x14,0xff,0xff,0xff,0xc4,0x00,0x00,0x00,0x00,0x00,0x14,0xff,0xff,0xff,0xc4,0x00,0x00,0x00,0x00,0x00,
  0x14,0xff,0xff,0xff,0xc4,0x00,0x00,0x00,0x00,0x00,0x14,0xff,0xff,0xff,0xc4,0x00,0x00,0x00,0x00,0x00,0x14,0xff,0xff,0xff,
  0xc4,0x00,0x00,0x00,0x00,0x00,0x14,0xff,0xff,0xff,0xc4,0x00,0x00,0x00,0x00,0x00,0x14,0xff,0xff,0xff,0xc4,0x00,0x00,0x00,
  0x00,0x00,0x14,0xff,0xff,0xff,0xc4,0x00,0x00,0x00,0x00,0x00,0x14,0xff,0xff,0xff,0xc4,0x00,0x00,0x00,0x00,0x00,0x14,0xff,
  0xff,0xff,0xc4,0x00,0x00,0x00,0x00,0x00,0x14,0xff,0xff,0xff,0xc4,0x00,0x00,0x00,0x00,0x00,0x14,0xff,0xff,0xff,0xc4,0x00,
  0x00,0x00,0x00,0x00,0x14,0xff,0xff,0xff,0xc4,0x00,0x00,0x00,0x00,0x00,0x14,0xff,0xff,0xff,0xc3,0x00,0x00,0x00,0x00,0x00,
  0x16,0xff,0xff,0xff,0xbe,0x00,0x00,0x00,0x00,0x00,0x21,0xff,0xff,0xff,0xb2,0x00,0x00,0x00,0x0b,0x08,0x8e,0xff,0xff,0xff,
  0x98,0x00,0x00,0x00,0xc3,0xff,0xff,0xff,0xff,0xff,0x5e,0x00,0x00,0x08,0xf8,0xff,0xff,0xff,0xff,0xd1,0x06,0x00,0x00,0x24,
  0xce,0xf1,0xf9,0xdf,0x8f,0x11,0x00,0x00,0x00,0x00,0x20,0xff,0xff,0xff,0xb8,0x00,0x00,0x00,0x00,0x00,0x00,0x00,0x00,0x00,
  0x00,0x00,0x20,0xff,0xff,0xff,0xb8,0x00,0x00,0x00,0x00,0x00,0x00,0x00,0x00,0x00,0x00,0x00,0x20,0xff,0xff,0xff,0xb8,0x00,
  0x00,0x00,0x00,0x00,0x00,0x00,0x00,0x00,0x00,0x00,0x20,0xff,0xff,0xff,0xb8,0x00,0x00,0x00,0x00,0x00,0x00,0x00,0x00,0x00,
  0x00,0x00,0x20,0xff,0xff,0xff,0xb8,0x00,0x00,0x00,0x00,0x00,0x00,0x00,0x00,0x00,0x00,0x00,0x20,0xff,0xff,0xff,0xb8,0x00,
  0x00,0x00,0x3c,0xf8,0xff,0xff,0xff,0x7b,0x00,0x00,0x20,0xff,0xff,0xff,0xb8,0x00,0x00,0x23,0xeb,0xff,0xff,0xff,0x94,0x00,
  0x00,0x00,0x20,0xff,0xff,0xff,0xb8,0x00,0x11,0xd8,0xff,0xff,0xff,0xab,0x02,0x00,0x00,0x00,0x20,0xff,0xff,0xff,0xb8,0x05,
  0xbd,0xff,0xff,0xff,0xbf,0x07,0x00,0x00,0x00,0x00,0x20,0xff,0xff,0xff,0xb8,0x9d,0xff,0xff,0xff,0xd0,0x0f,0x00,0x00,0x00,
  0x00,0x00,0x20,0xff,0xff,0xff,0xf7,0xff,0xff,0xff,0xff,0x29,0x00,0x00,0x00,0x00,0x00,0x00,0x20,0xff,0xff,0xff,0xff,0xff,
  0xff,0xff,0xff,0x8c,0x00,0x00,0x00,0x00,0x00,0x00,0x20,0xff,0xff,0xff,0xff,0xff,0xff,0xff,0xff,0xf9,0x22,0x00,0x00,0x00,
  0x00,0x00,0x20,0xff,0xff,0xff,0xff,0xfb,0x9c,0xff,0xff,0xff,0xaa,0x00,0x00,0x00,0x00,0x00,0x20,0xff,0xff,0xff,0xfe,0x5d,
  0x02,0xd1,0xff,0xff,0xff,0x3a,0x00,0x00,0x00,0x00,0x20,0xff,0xff,0xff,0xbc,0x00,0x00,0x48,0xff,0xff,0xff,0xc7,0x00,0x00,
  0x00,0x00,0x20,0xff,0xff,0xff,0xb8,0x00,0x00,0x00,0xbd,0xff,0xff,0xff,0x57,0x00,0x00,0x00,0x20,0xff,0xff,0xff,0xb8,0x00,
  0x00,0x00,0x34,0xfe,0xff,0xff,0xdf,0x07,0x00,0x00,0x20,0xff,0xff,0xff,0xb8,0x00,0x00,0x00,0x00,0xa8,0xff,0xff,0xff,0x75,
  0x00,0x00,0x20,0xff,0xff,0xff,0xb8,0x00,0x00,0x00,0x00,0x23,0xfa,0xff,0xff,0xf0,0x14,0x00,0x00,0xfc,0xff,0xff,0xdc,0x00,
  0x00,0x00,0x00,0xfc,0xff,0xff,0xdc,0x00,0x00,0x00,0x00,0xfc,0xff,0xff,0xdc,0x00,0x00,0x00,0x00,0xfc,0xff,0xff,0xdc,0x00,
  0x00,0x00,0x00,0xfc,0xff,0xff,0xdc,0x00,0x00,0x00,0x00,0xfc,0xff,0xff,0xdc,0x00,0x00,0x00,0x00,0xfc,0xff,0xff,0xdc,0x00,
  0x00,0x00,0x00,0xfc,0xff,0xff,0xdc,0x00,0x00,0x00,0x00,0xfc,0xff,0xff,0xdc,0x00,0x00,0x00,0x00,0xfc,0xff,0xff,0xdc,0x00,
  0x00,0x00,0x00,0xfc,0xff,0xff,0xdc,0x00,0x00,0x00,0x00,0xfc,0xff,0xff,0xdc,0x00,0x00,0x00,0x00,0xfc,0xff,0xff,0xdc,0x00,
  0x00,0x00,0x00,0xfc,0xff,0xff,0xdc,0x00,0x00,0x00,0x00,0xfc,0xff,0xff,0xdc,0x00,0x00,0x00,0x00,0xfc,0xff,0xff,0xdc,0x00,
  0x00,0x00,0x00,0xfc,0xff,0xff,0xdc,0x00,0x00,0x00,0x00,0xfc,0xff,0xff,0xdc,0x00,0x00,0x00,0x00,0xfc,0xff,0xff,0xdc,0x00,
  0x00,0x00,0x00,0xfc,0xff,0xff,0xdc,0x00,0x00,0x00,0x48,0xff,0xff,0xff,0x44,0x14,0x88,0xd7,0xf7,0xeb,0xaf,0x32,0x00,0x00,
  0x24,0x9d,0xe5,0xf7,0xdc,0x8e,0x14,0x00,0x00,0x00,0x00,0x48,0xff,0xff,0xff,0x82,0xed,0xff,0xff,0xff,0xff,0xff,0xf8,0x44,
  0x4d,0xf4,0xff,0xff,0xff,0xff,0xff,0xde,0x16,0x00,0x00,0x00,0x48,0xff,0xff,0xff,0xff,0xff,0xff,0xff,0xff,0xff,0xff,0xff,
  0xeb,0xf8,0xff,0xff,0xff,0xff,0xff,0xff,0xff,0x9c,0x00,0x00,0x00,0x48,0xff,0xff,0xff,0xff,0xcb,0x35,0x08,0x46,0xf7,0xff,
  0xff,0xff,0xff,0xae,0x24,0x12,0x88,0xff,0xff,0xff,0xeb,0x00,0x00,0x00,0x48,0xff,0xff,0xff,0xf6,0x18,0x00,0x00,0x00,0xa9,
  0xff,0xff,0xff,0xdc,0x04,0x00,0x00,0x02,0xee,0xff,0xff,0xff,0x08,0x00,0x00,0x48,0xff,0xff,0xff,0xb8,0x00,0x00,0x00,0x00,
  0x8a,0xff,0xff,0xff,0x88,0x00,0x00,0x00,0x00,0xcf,0xff,0xff,0xff,0x12,0x00,0x00,0x48,0xff,0xff,0xff,0x9b,0x00,0x00,0x00,
  0x00,0x81,0xff,0xff,0xff,0x66,0x00,0x00,0x00,0x00,0xc5,0xff,0xff,0xff,0x14,0x00,0x00,0x48,0xff,0xff,0xff,0x91,0x00,0x00,
  0x00,0x00,0x80,0xff,0xff,0xff,0x5a,0x00,0x00,0x00,0x00,0xc4,0xff,0xff,0xff,0x14,0x00,0x00,0x48,0xff,0xff,0xff,0x90,0x00,
  0x00,0x00,0x00,0x80,0xff,0xff,0xff,0x58,0x00,0x00,0x00,0x00,0xc4,0xff,0xff,0xff,0x14,0x00,0x00,0x48,0xff,0xff,0xff,0x90,
  0x00,0x00,0x00,0x00,0x80,0xff,0xff,0xff,0x58,0x00,0x00,0x00,0x00,0xc4,0xff,0xff,0xff,0x14,0x00,0x00,0x48,0xff,0xff,0xff,
  0x90,0x00,0x00,0x00,0x00,0x80,0xff,0xff,0xff,0x58,0x00,0x00,0x00,0x00,0xc4,0xff,0xff,0xff,0x14,0x00,0x00,0x48,0xff,0xff,
  0xff,0x90,0x00,0x00,0x00,0x00,0x80,0xff,0xff,0xff,0x58,0x00,0x00,0x00,0x00,0xc4,0xff,0xff,0xff,0x14,0x00,0x00,0x48,0xff,
  0xff,0xff,0x90,0x00,0x00,0x00,0x00,0x80,0xff,0xff,0xff,0x58,0x00,0x00,0x00,0x00,0xc4,0xff,0xff,0xff,0x14,0x00,0x00,0x48,
  0xff,0xff,0xff,0x90,0x00,0x00,0x00,0x00,0x80,0xff,0xff,0xff,0x58,0x00,0x00,0x00,0x00,0xc4,0xff,0xff,0xff,0x14,0x00,0x00,
  0x48,0xff,0xff,0xff,0x90,0x00,0x00,0x00,0x00,0x80,0xff,0xff,0xff,0x58,0x00,0x00,0x00,0x00,0xc4,0xff,0xff,0xff,0x14,0x00,
  0x00,0x04,0xff,0xff,0xff,0x8c,0x00,0x57,0xb9,0xeb,0xf8,0xdd,0x90,0x1a,0x00,0x00,0x00,0x00,0x04,0xff,0xff,0xff,0x97,0xb6,
  0xff,0xff,0xff,0xff,0xff,0xff,0xeb,0x28,0x00,0x00,0x00,0x04,0xff,0xff,0xff,0xfd,0xff,0xff,0xff,0xff,0xff,0xff,0xff,0xff,
  0xb7,0x00,0x00,0x00,0x04,0xff,0xff,0xff,0xff,0xf8,0x6c,0x13,0x14,0x95,0xff,0xff,0xff,0xfc,0x09,0x00,0x00,0x04,0xff,0xff,
  0xff,0xff,0x66,0x00,0x00,0x00,0x03,0xe2,0xff,0xff,0xff,0x28,0x00,0x00,0x04,0xff,0xff,0xff,0xfc,0x08,0x00,0x00,0x00,0x00,
  0xb4,0xff,0xff,0xff,0x33,0x00,0x00,0x04,0xff,0xff,0xff,0xe4,0x00,0x00,0x00,0x00,0x00,0xa5,0xff,0xff,0xff,0x38,0x00,0x00,
  0x04,0xff,0xff,0xff,0xd7,0x00,0x00,0x00,0x00,0x00,0xa0,0xff,0xff,0xff,0x38,0x00,0x00,0x04,0xff,0xff,0xff,0xd4,0x00,0x00,
  0x00,0x00,0x00,0xa0,0xff,0xff,0xff,0x38,0x00,0x00,0x04,0xff,0xff,0xff,0xd4,0x00,0x00,0x00,0x00,0x00,0xa0,0xff,0xff,0xff,
  0x38,0x00,0x00,0x04,0xff,0xff,0xff,0xd4,0x00,0x00,0x00,0x00,0x00,0xa0,0xff,0xff,0xff,0x38,0x00,0x00,0x04,0xff,0xff,0xff,
  0xd4,0x00,0x00,0x00,0x00,0x00,0xa0,0xff,0xff,0xff,0x38,0x00,0x00,0x04,0xff,0xff,0xff,0xd4,0x00,0x00,0x00,0x00,0x00,0xa0,
  0xff,0xff,0xff,0x38,0x00,0x00,0x04,0xff,0xff,0xff,0xd4,0x00,0x00,0x00,0x00,0x00,0xa0,0xff,0xff,0xff,0x38,0x00,0x00,0x04,
  0xff,0xff,0xff,0xd4,0x00,0x00,0x00,0x00,0x00,0xa0,0xff,0xff,0xff,0x38,0x00,0x00,0x00,0x00,0x00,0x08,0x5b,0xb6,0xdf,0xf8,
  0xec,0xc6,0x7a,0x10,0x00,0x00,0x00,0x00,0x00,0x00,0x00,0x2d,0xd7,0xff,0xff,0xff,0xff,0xff,0xff,0xff,0xee,0x4b,0x00,0x00,
  0x00,0x00,0x00,0x26,0xf3,0xff,0xff,0xff,0xff,0xff,0xff,0xff,0xff,0xff,0xfd,0x50,0x00,0x00,0x00,0x02,0xce,0xff,0xff,0xff,
  0xc2,0x35,0x07,0x24,0x9d,0xff,0xff,0xff,0xf2,0x17,0x00,0x00,0x47,0xff,0xff,0xff,0xd2,0x07,0x00,0x00,0x00,0x00,0xa2,0xff,
  0xff,0xff,0x8b,0x00,0x00,0x9f,0xff,0xff,0xff,0x5c,0x00,0x00,0x00,0x00,0x00,0x25,0xff,0xff,0xff,0xdb,0x00,0x00,0xc7,0xff,
  0xff,0xff,0x23,0x00,0x00,0x00,0x00,0x00,0x00,0xec,0xff,0xff,0xff,0x06,0x00,0xd8,0xff,0xff,0xff,0x13,0x00,0x00,0x00,0x00,
  0x00,0x00,0xdc,0xff,0xff,0xff,0x16,0x00,0xc1,0xff,0xff,0xff,0x23,0x00,0x00,0x00,0x00,0x00,0x00,0xed,0xff,0xff,0xff,0x05,
  0x00,0xa0,0xff,0xff,0xff,0x5c,0x00,0x00,0x00,0x00,0x00,0x25,0xff,0xff,0xff,0xd7,0x00,0x00,0x4e,0xff,0xff,0xff,0xd1,0x07,
  0x00,0x00,0x00,0x00,0xa2,0xff,0xff,0xff,0x85,0x00,0x00,0x05,0xde,0xff,0xff,0xff,0xc1,0x34,0x06,0x22,0x9d,0xff,0xff,0xff,
  0xef,0x14,0x00,0x00,0x00,0x32,0xf8,0xff,0xff,0xff,0xff,0xff,0xff,0xff,0xff,0xff,0xfc,0x49,0x00,0x00,0x00,0x00,0x00,0x36,
  0xd8,0xff,0xff,0xff,0xff,0xff,0xff,0xff,0xeb,0x46,0x00,0x00,0x00,0x00,0x00,0x00,0x00,0x08,0x5a,0xb3,0xdf,0xf8,0xed,0xc5,
  0x77,0x0e,0x00,0x00,0x00,0x00,0x00,0x18,0xff,0xff,0xff,0x7c,0x0d,0x80,0xd0,0xf3,0xf2,0xc7,0x65,0x02,0x00,0x00,0x00,0x00,
  0x18,0xff,0xff,0xff,0x94,0xdd,0xff,0xff,0xff,0xff,0xff,0xff,0xbc,0x0c,0x00,0x00,0x00,0x18,0xff,0xff,0xff,0xfe,0xff,0xff,
  0xff,0xff,0xff,0xff,0xff,0xff,0xac,0x00,0x00,0x00,0x18,0xff,0xff,0xff,0xff,0xf5,0x65,0x0f,0x13,0x79,0xfd,0xff,0xff,0xff,
  0x44,0x00,0x00,0x18,0xff,0xff,0xff,0xff,0x5b,0x00,0x00,0x00,0x00,0x83,0xff,0xff,0xff,0xa7,0x00,0x00,0x18,0xff,0xff,0xff,
  0xeb,0x02,0x00,0x00,0x00,0x00,0x18,0xff,0xff,0xff,0xe2,0x00,0x00,0x18,0xff,0xff,0xff,0xbf,0x00,0x00,0x00,0x00,0x00,0x00,
  0xe8,0xff,0xff,0xfd,0x01,0x00,0x18,0xff,0xff,0xff,0xb7,0x00,0x00,0x00,0x00,0x00,0x00,0xdb,0xff,0xff,0xff,0x0b,0x00,0x18,
  0xff,0xff,0xff,0xca,0x00,0x00,0x00,0x00,0x00,0x00,0xe8,0xff,0xff,0xfc,0x01,0x00,0x18,0xff,0xff,0xff,0xf6,0x0a,0x00,0x00,
  0x00,0x00,0x15,0xff,0xff,0xff,0xdd,0x00,0x00,0x18,0xff,0xff,0xff,0xff,0x75,0x00,0x00,0x00,0x00,0x79,0xff,0xff,0xff,0xa0,
  0x00,0x00,0x18,0xff,0xff,0xff,0xff,0xfc,0x76,0x12,0x0f,0x6e,0xfa,0xff,0xff,0xff,0x3c,0x00,0x00,0x18,0xff,0xff,0xff,0xfd,
  0xff,0xff,0xff,0xff,0xff,0xff,0xff,0xff,0xa5,0x00,0x00,0x00,0x18,0xff,0xff,0xff,0xc1,0x95,0xff,0xff,0xff,0xff,0xff,0xff,
  0xb7,0x0a,0x00,0x00,0x00,0x18,0xff,0xff,0xff,0xc0,0x00,0x54,0xc4,0xf3,0xf3,0xc6,0x62,0x01,0x00,0x00,0x00,0x00,0x18,0xff,
  0xff,0xff,0xc0,0x00,0x00,0x00,0x00,0x00,0x00,0x00,0x00,0x00,0x00,0x00,0x00,0x18,0xff,0xff,0xff,0xc0,0x00,0x00,0x00,0x00,
  0x00,0x00,0x00,0x00,0x00,0x00,0x00,0x00,0x18,0xff,0xff,0xff,0xc0,0x00,0x00,0x00,0x00,0x00,0x00,0x00,0x00,0x00,0x00,0x00,
  0x00,0x18,0xff,0xff,0xff,0xc0,0x00,0x00,0x00,0x00,0x00,0x00,0x00,0x00,0x00,0x00,0x00,0x00,0x18,0xff,0xff,0xff,0xc0,0x00,
  0x00,0x00,0x00,0x00,0x00,0x00,0x00,0x00,0x00,0x00,0x00,0x18,0xff,0xff,0xff,0xc0,0x00,0x00,0x00,0x00,0x00,0x00,0x00,0x00,
  0x00,0x00,0x00,0x00,0x00,0x00,0x00,0x3b,0xac,0xe9,0xfa,0xe6,0xab,0x31,0x34,0xff,0xff,0xff,0x58,0x00,0x00,0x00,0x00,0x80,
  0xff,0xff,0xff,0xff,0xff,0xff,0xfb,0x7a,0xff,0xff,0xff,0x58,0x00,0x00,0x00,0x65,0xff,0xff,0xff,0xff,0xff,0xff,0xff,0xff,
  0xfd,0xff,0xff,0xff,0x58,0x00,0x00,0x0b,0xee,0xff,0xff,0xff,0xb9,0x2b,0x07,0x38,0xd0,0xff,0xff,0xff,0xff,0x58,0x00,0x00,
  0x5b,0xff,0xff,0xff,0xd5,0x06,0x00,0x00,0x00,0x16,0xef,0xff,0xff,0xff,0x58,0x00,0x00,0x96,0xff,0xff,0xff,0x6e,0x00,0x00,
  0x00,0x00,0x00,0x9b,0xff,0xff,0xff,0x58,0x00,0x00,0xb2,0xff,0xff,0xff,0x3d,0x00,0x00,0x00,0x00,0x00,0x6e,0xff,0xff,0xff,
  0x58,0x00,0x00,0xbb,0xff,0xff,0xff,0x2f,0x00,0x00,0x00,0x00,0x00,0x64,0xff,0xff,0xff,0x58,0x00,0x00,0xac,0xff,0xff,0xff,
  0x39,0x00,0x00,0x00,0x00,0x00,0x77,0xff,0xff,0xff,0x58,0x00,0x00,0x89,0xff,0xff,0xff,0x66,0x00,0x00,0x00,0x00,0x00,0xb0,
  0xff,0xff,0xff,0x58,0x00,0x00,0x4b,0xff,0xff,0xff,0xc9,0x02,0x00,0x00,0x00,0x2f,0xfb,0xff,0xff,0xff,0x58,0x00,0x00,0x04,
  0xe2,0xff,0xff,0xff,0xaa,0x22,0x08,0x4e,0xe6,0xff,0xff,0xff,0xff,0x58,0x00,0x00,0x00,0x54,0xff,0xff,0xff,0xff,0xff,0xff,
  0xff,0xff,0xfe,0xff,0xff,0xff,0x58,0x00,0x00,0x00,0x00,0x7e,0xff,0xff,0xff,0xff,0xff,0xff,0xd0,0x94,0xff,0xff,0xff,0x58,
  0x00,0x00,0x00,0x00,0x00,0x44,0xb8,0xef,0xf6,0xd1,0x76,0x07,0x80,0xff,0xff,0xff,0x58,0x00,0x00,0x00,0x00,0x00,0x00,0x00,
  0x00,0x00,0x00,0x00,0x00,0x80,0xff,0xff,0xff,0x58,0x00,0x00,0x00,0x00,0x00,0x00,0x00,0x00,0x00,0x00,0x00,0x00,0x80,0xff,
  0xff,0xff,0x58,0x00,0x00,0x00,0x00,0x00,0x00,0x00,0x00,0x00,0x00,0x00,0x00,0x80,0xff,0xff,0xff,0x58,0x00,0x00,0x00,0x00,
  0x00,0x00,0x00,0x00,0x00,0x00,0x00,0x00,0x80,0xff,0xff,0xff,0x58,0x00,0x00,0x00,0x00,0x00,0x00,0x00,0x00,0x00,0x00,0x00,
  0x00,0x80,0xff,0xff,0xff,0x58,0x00,0x00,0x00,0x00,0x00,0x00,0x00,0x00,0x00,0x00,0x00,0x00,0x80,0xff,0xff,0xff,0x58,0x00,
  0x00,0x28,0xff,0xff,0xff,0x6c,0x4d,0xd3,0xf8,0xe7,0xa8,0x13,0x00,0x28,0xff,0xff,0xff,0xa2,0xf9,0xff,0xff,0xff,0xe3,0x03,
  0x00,0x28,0xff,0xff,0xff,0xff,0xff,0xff,0xff,0xff,0x81,0x00,0x00,0x28,0xff,0xff,0xff,0xff,0xd4,0x2c,0x0e,0x58,0x1d,0x00,
  0x00,0x28,0xff,0xff,0xff,0xff,0x3f,0x00,0x00,0x00,0x00,0x00,0x00,0x28,0xff,0xff,0xff,0xf0,0x01,0x00,0x00,0x00,0x00,0x00,
  0x00,0x28,0xff,0xff,0xff,0xd0,0x00,0x00,0x00,0x00,0x00,0x00,0x00,0x28,0xff,0xff,0xff,0xbf,0x00,0x00,0x00,0x00,0x00,0x00,
  0x00,0x28,0xff,0xff,0xff,0xb5,0x00,0x00,0x00,0x00,0x00,0x00,0x00,0x28,0xff,0xff,0xff,0xb1,0x00,0x00,0x00,0x00,0x00,0x00,
  0x00,0x28,0xff,0xff,0xff,0xb0,0x00,0x00,0x00,0x00,0x00,0x00,0x00,0x28,0xff,0xff,0xff,0xb0,0x00,0x00,0x00,0x00,0x00,0x00,
  0x00,0x28,0xff,0xff,0xff,0xb0,0x00,0x00,0x00,0x00,0x00,0x00,0x00,0x28,0xff,0xff,0xff,0xb0,0x00,0x00,0x00,0x00,0x00,0x00,
  0x00,0x28,0xff,0xff,0xff,0xb0,0x00,0x00,0x00,0x00,0x00,0x00,0x00,0x00,0x00,0x3d,0xa3,0xda,0xf4,0xfc,0xf3,0xda,0xa9,0x50,
  0x00,0x00,0x00,0x00,0x00,0x00,0x89,0xff,0xff,0xff,0xff,0xff,0xff,0xff,0xff,0xff,0xa6,0x04,0x00,0x00,0x00,0x51,0xff,0xff,
  0xff,0xff,0xff,0xff,0xff,0xff,0xff,0xff,0xff,0x6f,0x00,0x00,0x00,0xb1,0xff,0xff,0xf2,0x4e,0x11,0x04,0x1a,0x72,0xe2,0x9e,
  0x57,0x12,0x00,0x00,0x00,0xc9,0xff,0xff,0xe5,0x1a,0x00,0x00,0x00,0x00,0x00,0x00,0x00,0x00,0x00,0x00,0x00,0xa2,0xff,0xff,
  0xff,0xfb,0xc0,0x7f,0x45,0x0b,0x00,0x00,0x00,0x00,0x00,0x00,0x00,0x31,0xfa,0xff,0xff,0xff,0xff,0xff,0xff,0xfb,0xc0,0x65,
  0x08,0x00,0x00,0x00,0x00,0x00,0x44,0xe0,0xff,0xff,0xff,0xff,0xff,0xff,0xff,0xff,0xde,0x2a,0x00,0x00,0x00,0x00,0x00,0x04,
  0x48,0x97,0xdd,0xff,0xff,0xff,0xff,0xff,0xff,0xd1,0x00,0x00,0x00,0x00,0x00,0x00,0x00,0x00,0x00,0x1a,0x53,0x9a,0xfa,0xff,
  0xff,0xff,0x22,0x00,0x00,0x00,0x00,0x00,0x00,0x00,0x00,0x00,0x00,0x00,0xb2,0xff,0xff,0xff,0x2e,0x00,0x03,0x37,0x7a,0xbc,
  0xd5,0x4a,0x12,0x04,0x16,0x5f,0xf3,0xff,0xff,0xf4,0x0a,0x00,0x1d,0xf4,0xff,0xff,0xff,0xff,0xff,0xff,0xff,0xff,0xff,0xff,
  0xff,0x81,0x00,0x00,0x00,0x41,0xe9,0xff,0xff,0xff,0xff,0xff,0xff,0xff,0xff,0xff,0x97,0x02,0x00,0x00,0x00,0x00,0x0d,0x6b,
  0xb2,0xde,0xf6,0xfd,0xf4,0xd7,0x9f,0x3d,0x00,0x00,0x00,0x00,0x00,0x00,0x00,0x00,0x33,0xb7,0x0b,0x00,0x00,0x00,0x00,0x2b,
  0xad,0xff,0xff,0x0c,0x00,0x00,0x00,0x00,0xd0,0xff,0xff,0xff,0x0c,0x00,0x00,0x00,0x00,0xd0,0xff,0xff,0xff,0x0c,0x00,0x00,
  0x00,0x00,0xd0,0xff,0xff,0xff,0x0c,0x00,0x00,0x94,0xff,0xff,0xff,0xff,0xff,0xff,0xff,0xac,0x94,0xff,0xff,0xff,0xff,0xff,
  0xff,0xff,0xac,0x94,0xff,0xff,0xff,0xff,0xff,0xff,0xff,0xac,0x00,0x00,0xd0,0xff,0xff,0xff,0x0c,0x00,0x00,0x00,0x00,0xd0,
  0xff,0xff,0xff,0x0c,0x00,0x00,0x00,0x00,0xd0,0xff,0xff,0xff,0x0c,0x00,0x00,0x00,0x00,0xd0,0xff,0xff,0xff,0x0c,0x00,0x00,
  0x00,0x00,0xd0,0xff,0xff,0xff,0x0c,0x00,0x00,0x00,0x00,0xd0,0xff,0xff,0xff,0x0c,0x00,0x00,0x00,0x00,0xcf,0xff,0xff,0xff,
  0x0c,0x00,0x00,0x00,0x00,0xcc,0xff,0xff,0xff,0x10,0x00,0x00,0x00,0x00,0xc2,0xff,0xff,0xff,0x56,0x10,0x2f,0x00,0x00,0x9c,
  0xff,0xff,0xff,0xff,0xff,0xc1,0x00,0x00,0x41,0xfe,0xff,0xff,0xff,0xff,0xdf,0x00,0x00,0x00,0x50,0xc8,0xf5,0xf4,0xd9,0x92,
  0x00,0x14,0xff,0xff,0xff,0xc4,0x00,0x00,0x00,0x00,0x00,0xb4,0xff,0xff,0xff,0x24,0x00,0x00,0x14,0xff,0xff,0xff,0xc4,0x00,
  0x00,0x00,0x00,0x00,0xb4,0xff,0xff,0xff,0x24,0x00,0x00,0x14,0xff,0xff,0xff,0xc4,0x00,0x00,0x00,0x00,0x00,0xb4,0xff,0xff,
  0xff,0x24,0x00,0x00,0x14,0xff,0xff,0xff,0xc4,0x00,0x00,0x00,0x00,0x00,0xb4,0xff,0xff,0xff,0x24,0x00,0x00,0x14,0xff,0xff,
  0xff,0xc4,0x00,0x00,0x00,0x00,0x00,0xb4,0xff,0xff,0xff,0x24,0x00,0x00,0x14,0xff,0xff,0xff,0xc4,0x00,0x00,0x00,0x00,0x00,
  0xb4,0xff,0xff,0xff,0x24,0x00,0x00,0x14,0xff,0xff,0xff,0xc4,0x00,0x00,0x00,0x00,0x00,0xb5,0xff,0xff,0xff,0x24,0x00,0x00,
  0x14,0xff,0xff,0xff,0xc5,0x00,0x00,0x00,0x00,0x00,0xb9,0xff,0xff,0xff,0x24,0x00,0x00,0x14,0xff,0xff,0xff,0xca,0x00,0x00,
  0x00,0x00,0x00,0xc5,0xff,0xff,0xff,0x24,0x00,0x00,0x0f,0xff,0xff,0xff,0xd7,0x00,0x00,0x00,0x00,0x00,0xe0,0xff,0xff,0xff,
  0x24,0x00,0x00,0x01,0xfd,0xff,0xff,0xf5,0x0b,0x00,0x00,0x00,0x39,0xff,0xff,0xff,0xff,0x24,0x00,0x00,0x00,0xd8,0xff,0xff,
  0xff,0xa9,0x1c,0x0d,0x55,0xea,0xff,0xff,0xff,0xff,0x24,0x00,0x00,0x00,0x87,0xff,0xff,0xff,0xff,0xff,0xff,0xff,0xff,0xfc,
  0xff,0xff,0xff,0x24,0x00,0x00,0x00,0x0c,0xd1,0xff,0xff,0xff,0xff,0xff,0xff,0xd7,0x86,0xff,0xff,0xff,0x24,0x00,0x00,0x00,
  0x00,0x0b,0x80,0xd6,0xf7,0xef,0xc6,0x73,0x08,0x70,0xff,0xff,0xff,0x24,0x00,0xa7,0xff,0xff,0xff,0x5d,0x00,0x00,0x00,0x00,
  0x00,0x02,0xe4,0xff,0xff,0xf8,0x12,0x43,0xff,0xff,0xff,0xb8,0x00,0x00,0x00,0x00,0x00,0x42,0xff,0xff,0xff,0xa8,0x00,0x01,
  0xdd,0xff,0xff,0xfc,0x17,0x00,0x00,0x00,0x00,0x9e,0xff,0xff,0xff,0x45,0x00,0x00,0x7b,0xff,0xff,0xff,0x6f,0x00,0x00,0x00,
  0x08,0xf1,0xff,0xff,0xe1,0x02,0x00,0x00,0x1b,0xfc,0xff,0xff,0xcb,0x00,0x00,0x00,0x56,0xff,0xff,0xff,0x80,0x00,0x00,0x00,
  0x00,0xb4,0xff,0xff,0xff,0x26,0x00,0x00,0xb2,0xff,0xff,0xfe,0x20,0x00,0x00,0x00,0x00,0x50,0xff,0xff,0xff,0x81,0x00,0x13,
  0xfa,0xff,0xff,0xbc,0x00,0x00,0x00,0x00,0x00,0x04,0xe7,0xff,0xff,0xdc,0x00,0x69,0xff,0xff,0xff,0x59,0x00,0x00,0x00,0x00,
  0x00,0x00,0x89,0xff,0xff,0xff,0x2e,0xbf,0xff,0xff,0xef,0x08,0x00,0x00,0x00,0x00,0x00,0x00,0x25,0xff,0xff,0xff,0x90,0xfc,
  0xff,0xff,0x94,0x00,0x00,0x00,0x00,0x00,0x00,0x00,0x00,0xc1,0xff,0xff,0xfc,0xff,0xff,0xff,0x32,0x00,0x00,0x00,0x00,0x00,
  0x00,0x00,0x00,0x5d,0xff,0xff,0xff,0xff,0xff,0xd0,0x00,0x00,0x00,0x00,0x00,0x00,0x00,0x00,0x00,0x09,0xf0,0xff,0xff,0xff,
  0xff,0x6d,0x00,0x00,0x00,0x00,0x00,0x00,0x00,0x00,0x00,0x00,0x96,0xff,0xff,0xff,0xf8,0x12,0x00,0x00,0x00,0x00,0x00,0x00,
  0x00,0x00,0x00,0x00,0x32,0xff,0xff,0xff,0xa9,0x00,0x00,0x00,0x00,0x00,0x00,0xb9,0xff,0xff,0xf6,0x08,0x00,0x00,0x00,0x0f,
  0xfd,0xff,0xff,0xe6,0x00,0x00,0x00,0x00,0x29,0xff,0xff,0xff,0x9b,0x6b,0xff,0xff,0xff,0x45,0x00,0x00,0x00,0x4e,0xff,0xff,
  0xff,0xff,0x26,0x00,0x00,0x00,0x71,0xff,0xff,0xff,0x4c,0x1d,0xff,0xff,0xff,0x8c,0x00,0x00,0x00,0x8f,0xff,0xff,0xff,0xff,
  0x65,0x00,0x00,0x00,0xb9,0xff,0xff,0xf4,0x08,0x00,0xce,0xff,0xff,0xd3,0x00,0x00,0x00,0xd0,0xff,0xff,0xff,0xff,0xa4,0x00,
  0x00,0x09,0xf7,0xff,0xff,0xad,0x00,0x00,0x80,0xff,0xff,0xff,0x1b,0x00,0x12,0xfe,0xff,0xff,0xff,0xff,0xe3,0x00,0x00,0x4a,
  0xff,0xff,0xff,0x5e,0x00,0x00,0x31,0xff,0xff,0xff,0x61,0x00,0x52,0xff,0xff,0xe7,0xfd,0xff,0xff,0x22,0x00,0x93,0xff,0xff,
  0xfc,0x12,0x00,0x00,0x00,0xe2,0xff,0xff,0xa7,0x00,0x93,0xff,0xff,0x9d,0xcd,0xff,0xff,0x61,0x00,0xdb,0xff,0xff,0xbf,0x00,
  0x00,0x00,0x00,0x94,0xff,0xff,0xec,0x02,0xd4,0xff,0xff,0x5c,0x8a,0xff,0xff,0xa0,0x23,0xff,0xff,0xff,0x6f,0x00,0x00,0x00,
  0x00,0x46,0xff,0xff,0xff,0x4c,0xff,0xff,0xff,0x1b,0x48,0xff,0xff,0xdf,0x6c,0xff,0xff,0xff,0x20,0x00,0x00,0x00,0x00,0x06,
  0xf1,0xff,0xff,0xd1,0xff,0xff,0xd9,0x00,0x0b,0xfa,0xff,0xff,0xd1,0xff,0xff,0xd0,0x00,0x00,0x00,0x00,0x00,0x00,0xa9,0xff,
  0xff,0xff,0xff,0xff,0x98,0x00,0x00,0xc3,0xff,0xff,0xff,0xff,0xff,0x81,0x00,0x00,0x00,0x00,0x00,0x00,0x5b,0xff,0xff,0xff,
  0xff,0xff,0x57,0x00,0x00,0x81,0xff,0xff,0xff,0xff,0xff,0x31,0x00,0x00,0x00,0x00,0x00,0x00,0x11,0xfb,0xff,0xff,0xff,0xff,
  0x17,0x00,0x00,0x3e,0xff,0xff,0xff,0xff,0xe1,0x00,0x00,0x00,0x00,0x00,0x00,0x00,0x00,0xbe,0xff,0xff,0xff,0xd5,0x00,0x00,
  0x00,0x06,0xf5,0xff,0xff,0xff,0x92,0x00,0x00,0x00,0x00,0x00,0x00,0x00,0x00,0x6f,0xff,0xff,0xff,0x94,0x00,0x00,0x00,0x00,
  0xb9,0xff,0xff,0xff,0x43,0x00,0x00,0x00,0x00,0x45,0xfe,0xff,0xff,0xff,0x63,0x00,0x00,0x00,0x12,0xe9,0xff,0xff,0xff,0x82,
  0x00,0x00,0x94,0xff,0xff,0xff,0xed,0x15,0x00,0x00,0xa4,0xff,0xff,0xff,0xcc,0x05,0x00,0x00,0x0a,0xd9,0xff,0xff,0xff,0xa1,
  0x00,0x4b,0xff,0xff,0xff,0xf7,0x29,0x00,0x00,0x00,0x00,0x36,0xfc,0xff,0xff,0xff,0x50,0xe4,0xff,0xff,0xff,0x6f,0x00,0x00,
  0x00,0x00,0x00,0x00,0x83,0xff,0xff,0xff,0xfd,0xff,0xff,0xff,0xbc,0x01,0x00,0x00,0x00,0x00,0x00,0x00,0x05,0xcd,0xff,0xff,
  0xff,0xff,0xff,0xef,0x1d,0x00,0x00,0x00,0x00,0x00,0x00,0x00,0x00,0x2a,0xf7,0xff,0xff,0xff,0xff,0x5b,0x00,0x00,0x00,0x00,
  0x00,0x00,0x00,0x00,0x00,0x01,0xca,0xff,0xff,0xff,0xfe,0x37,0x00,0x00,0x00,0x00,0x00,0x00,0x00,0x00,0x00,0x6c,0xff,0xff,
  0xff,0xff,0xff,0xd8,0x09,0x00,0x00,0x00,0x00,0x00,0x00,0x00,0x24,0xf5,0xff,0xff,0xff,0xff,0xff,0xff,0x90,0x00,0x00,0x00,
  0x00,0x00,0x00,0x02,0xc4,0xff,0xff,0xff,0xbd,0xff,0xff,0xff,0xfe,0x40,0x00,0x00,0x00,0x00,0x00,0x75,0xff,0xff,0xff,0xdd,
  0x0a,0xa2,0xff,0xff,0xff,0xdf,0x0d,0x00,0x00,0x00,0x2a,0xf8,0xff,0xff,0xff,0x44,0x00,0x14,0xeb,0xff,0xff,0xff,0x9b,0x00,
  0x00,0x04,0xcb,0xff,0xff,0xff,0x9e,0x00,0x00,0x00,0x5c,0xff,0xff,0xff,0xff,0x4a,0x00,0x7d,0xff,0xff,0xff,0xe8,0x11,0x00,
  0x00,0x00,0x00,0xb9,0xff,0xff,0xff,0xe6,0x12,0xa1,0xff,0xff,0xff,0x71,0x00,0x00,0x00,0x00,0x00,0x0c,0xf8,0xff,0xff,0xec,
  0x05,0x43,0xff,0xff,0xff,0xc5,0x00,0x00,0x00,0x00,0x00,0x57,0xff,0xff,0xff,0x97,0x00,0x02,0xe2,0xff,0xff,0xfe,0x1a,0x00,
  0x00,0x00,0x00,0xa9,0xff,0xff,0xff,0x3c,0x00,0x00,0x86,0xff,0xff,0xff,0x6c,0x00,0x00,0x00,0x07,0xf2,0xff,0xff,0xe0,0x01,
  0x00,0x00,0x27,0xff,0xff,0xff,0xbf,0x00,0x00,0x00,0x4c,0xff,0xff,0xff,0x87,0x00,0x00,0x00,0x00,0xc9,0xff,0xff,0xfc,0x16,
  0x00,0x00,0x9e,0xff,0xff,0xff,0x2c,0x00,0x00,0x00,0x00,0x6b,0xff,0xff,0xff,0x67,0x00,0x03,0xeb,0xff,0xff,0xd1,0x00,0x00,
  0x00,0x00,0x00,0x12,0xf9,0xff,0xff,0xba,0x00,0x41,0xff,0xff,0xff,0x76,0x00,0x00,0x00,0x00,0x00,0x00,0xae,0xff,0xff,0xfb,
  0x12,0x93,0xff,0xff,0xfe,0x1d,0x00,0x00,0x00,0x00,0x00,0x00,0x50,0xff,0xff,0xff,0x62,0xe3,0xff,0xff,0xc1,0x00,0x00,0x00,
  0x00,0x00,0x00,0x00,0x05,0xeb,0xff,0xff,0xdf,0xff,0xff,0xff,0x66,0x00,0x00,0x00,0x00,0x00,0x00,0x00,0x00,0x93,0xff,0xff,
  0xff,0xff,0xff,0xf9,0x12,0x00,0x00,0x00,0x00,0x00,0x00,0x00,0x00,0x34,0xff,0xff,0xff,0xff,0xff,0xb0,0x00,0x00,0x00,0x00,
  0x00,0x00,0x00,0x00,0x00,0x00,0xd5,0xff,0xff,0xff,0xff,0x56,0x00,0x00,0x00,0x00,0x00,0x00,0x00,0x00,0x00,0x00,0x77,0xff,
  0xff,0xff,0xf2,0x09,0x00,0x00,0x00,0x00,0x00,0x00,0x00,0x00,0x00,0x00,0x75,0xff,0xff,0xff,0xa2,0x00,0x00,0x00,0x00,0x00,
  0x00,0x00,0x00,0x00,0x00,0x06,0xdb,0xff,0xff,0xff,0x48,0x00,0x00,0x00,0x00,0x00,0x00,0x00,0x1e,0x09,0x22,0xab,0xff,0xff,
  0xff,0xe1,0x04,0x00,0x00,0x00,0x00,0x00,0x00,0x00,0xcc,0xff,0xff,0xff,0xff,0xff,0xff,0x69,0x00,0x00,0x00,0x00,0x00,0x00,
  0x00,0x00,0xae,0xff,0xff,0xff,0xff,0xff,0xa6,0x02,0x00,0x00,0x00,0x00,0x00,0x00,0x00,0x00,0x74,0xe1,0xf8,0xe6,0xc2,0x6a,
  0x04,0x00,0x00,0x00,0x00,0x00,0x00,0x00,0x00,0x00,0xff,0xff,0xff,0xff,0xff,0xff,0xff,0xff,0xff,0xff,0xff,0xff,0x00,0x00,
  0xff,0xff,0xff,0xff,0xff,0xff,0xff,0xff,0xff,0xff,0xff,0xff,0x00,0x00,0xff,0xff,0xff,0xff,0xff,0xff,0xff,0xff,0xff,0xff,
  0xff,0xff,0x00,0x00,0x00,0x00,0x00,0x00,0x00,0x00,0x8d,0xff,0xff,0xff,0xff,0x96,0x00,0x00,0x00,0x00,0x00,0x00,0x00,0x67,
  0xff,0xff,0xff,0xff,0xc0,0x05,0x00,0x00,0x00,0x00,0x00,0x00,0x40,0xfb,0xff,0xff,0xff,0xdf,0x14,0x00,0x00,0x00,0x00,0x00,
  0x00,0x20,0xeb,0xff,0xff,0xff,0xf3,0x2d,0x00,0x00,0x00,0x00,0x00,0x00,0x0b,0xd1,0xff,0xff,0xff,0xfe,0x50,0x00,0x00,0x00,
  0x00,0x00,0x00,0x01,0xac,0xff,0xff,0xff,0xff,0x7d,0x00,0x00,0x00,0x00,0x00,0x00,0x00,0x7f,0xff,0xff,0xff,0xff,0xaa,0x01,
  0x00,0x00,0x00,0x00,0x00,0x00,0x50,0xfe,0xff,0xff,0xff,0xc6,0x08,0x00,0x00,0x00,0x00,0x00,0x00,0x2c,0xf3,0xff,0xff,0xff,
  0xdb,0x14,0x00,0x00,0x00,0x00,0x00,0x00,0x00,0x88,0xff,0xff,0xff,0xff,0xff,0xff,0xff,0xff,0xff,0xff,0xff,0xff,0x6c,0x88,
  0xff,0xff,0xff,0xff,0xff,0xff,0xff,0xff,0xff,0xff,0xff,0xff,0x6c,0x88,0xff,0xff,0xff,0xff,0xff,0xff,0xff,0xff,0xff,0xff,
  0xff,0xff,0x6c,0x00,0x00,0x00,0x00,0x00,0x24,0x9b,0xdd,0xf6,0xfe,0x2c,0x00,0x00,0x00,0x00,0x33,0xf3,0xff,0xff,0xff,0xff,
  0x2c,0x00,0x00,0x00,0x00,0xbd,0xff,0xff,0xff,0xff,0xff,0x2c,0x00,0x00,0x00,0x06,0xfb,0xff,0xff,0xff,0xff,0xff,0x2c,0x00,
  0x00,0x00,0x1d,0xff,0xff,0xff,0xc8,0x20,0x04,0x00,0x00,0x00,0x00,0x2a,0xff,0xff,0xff,0x6a,0x00,0x00,0x00,0x00,0x00,0x00,
  0x2f,0xff,0xff,0xff,0x60,0x00,0x00,0x00,0x00,0x00,0x00,0x32,0xff,0xff,0xff,0x56,0x00,0x00,0x00,0x00,0x00,0x00,0x3a,0xff,
  0xff,0xff,0x49,0x00,0x00,0x00,0x00,0x00,0x00,0x59,0xff,0xff,0xff,0x35,0x00,0x00,0x00,0x00,0x00,0x00,0xab,0xff,0xff,0xfd,
  0x0f,0x00,0x00,0x00,0x00,0x17,0x79,0xff,0xff,0xff,0xb6,0x00,0x00,0x00,0x00,0x2c,0xff,0xff,0xff,0xff,0xe7,0x23,0x00,0x00,
  0x00,0x00,0x2c,0xff,0xff,0xff,0xfa,0x39,0x00,0x00,0x00,0x00,0x00,0x2c,0xff,0xff,0xff,0xff,0xf0,0x2e,0x00,0x00,0x00,0x00,
  0x00,0x19,0x76,0xfe,0xff,0xff,0xc4,0x00,0x00,0x00,0x00,0x00,0x00,0x00,0xa0,0xff,0xff,0xff,0x1b,0x00,0x00,0x00,0x00,0x00,
  0x00,0x52,0xff,0xff,0xff,0x3f,0x00,0x00,0x00,0x00,0x00,0x00,0x3a,0xff,0xff,0xff,0x4f,0x00,0x00,0x00,0x00,0x00,0x00,0x32,
  0xff,0xff,0xff,0x5a,0x00,0x00,0x00,0x00,0x00,0x00,0x2f,0xff,0xff,0xff,0x65,0x00,0x00,0x00,0x00,0x00,0x00,0x27,0xff,0xff,
  0xff,0xc2,0x1f,0x03,0x00,0x00,0x00,0x00,0x10,0xff,0xff,0xff,0xff,0xff,0xff,0x2c,0x00,0x00,0x00,0x00,0xd2,0xff,0xff,0xff,
  0xff,0xff,0x2c,0x00,0x00,0x00,0x00,0x45,0xfa,0xff,0xff,0xff,0xff,0x2c,0x00,0x00,0x00,0x00,0x00,0x33,0xa8,0xdf,0xf6,0xff,
  0x2c,0x00,0x00,0x98,0xff,0xff,0x74,0x00,0x00,0x00,0x00,0x98,0xff,0xff,0x74,0x00,0x00,0x00,0x00,0x98,0xff,0xff,0x74,0x00,
  0x00,0x00,0x00,0x98,0xff,0xff,0x74,0x00,0x00,0x00,0x00,0x98,0xff,0xff,0x74,0x00,0x00,0x00,0x00,0x98,0xff,0xff,0x74,0x00,
  0x00,0x00,0x00,0x98,0xff,0xff,0x74,0x00,0x00,0x00,0x00,0x98,0xff,0xff,0x74,0x00,0x00,0x00,0x00,0x98,0xff,0xff,0x74,0x00,
  0x00,0x00,0x00,0x98,0xff,0xff,0x74,0x00,0x00,0x00,0x00,0x98,0xff,0xff,0x74,0x00,0x00,0x00,0x00,0x98,0xff,0xff,0x74,0x00,
  0x00,0x00,0x00,0x98,0xff,0xff,0x74,0x00,0x00,0x00,0x00,0x98,0xff,0xff,0x74,0x00,0x00,0x00,0x00,0x98,0xff,0xff,0x74,0x00,
  0x00,0x00,0x00,0x98,0xff,0xff,0x74,0x00,0x00,0x00,0x00,0x98,0xff,0xff,0x74,0x00,0x00,0x00,0x00,0x98,0xff,0xff,0x74,0x00,
  0x00,0x00,0x00,0x98,0xff,0xff,0x74,0x00,0x00,0x00,0x00,0x98,0xff,0xff,0x74,0x00,0x00,0x00,0x00,0x98,0xff,0xff,0x74,0x00,
  0x00,0x00,0x00,0x98,0xff,0xff,0x74,0x00,0x00,0x00,0x00,0x98,0xff,0xff,0x74,0x00,0x00,0x00,0x00,0x98,0xff,0xff,0x74,0x00,
  0x00,0x00,0x00,0x98,0xff,0xff,0x74,0x00,0x00,0x00,0x00,0x98,0xff,0xff,0x74,0x00,0x00,0x64,0xfd,0xf2,0xd3,0x8c,0x13,0x00,
  0x00,0x00,0x00,0x00,0x64,0xff,0xff,0xff,0xff,0xd9,0x0e,0x00,0x00,0x00,0x00,0x64,0xff,0xff,0xff,0xff,0xff,0x80,0x00,0x00,
  0x00,0x00,0x64,0xff,0xff,0xff,0xff,0xff,0xc9,0x00,0x00,0x00,0x00,0x00,0x06,0x30,0xe4,0xff,0xff,0xe7,0x00,0x00,0x00,0x00,
  0x00,0x00,0x00,0xa1,0xff,0xff,0xf3,0x00,0x00,0x00,0x00,0x00,0x00,0x00,0x95,0xff,0xff,0xf7,0x00,0x00,0x00,0x00,0x00,0x00,
  0x00,0x8d,0xff,0xff,0xfb,0x00,0x00,0x00,0x00,0x00,0x00,0x00,0x82,0xff,0xff,0xff,0x05,0x00,0x00,0x00,0x00,0x00,0x00,0x70,
  0xff,0xff,0xff,0x20,0x00,0x00,0x00,0x00,0x00,0x00,0x41,0xff,0xff,0xff,0x73,0x00,0x00,0x00,0x00,0x00,0x00,0x06,0xe3,0xff,
  0xff,0xf3,0x5c,0x13,0x00,0x00,0x00,0x00,0x00,0x48,0xf9,0xff,0xff,0xff,0xf8,0x00,0x00,0x00,0x00,0x00,0x00,0x6a,0xff,0xff,
  0xff,0xf8,0x00,0x00,0x00,0x00,0x00,0x56,0xfc,0xff,0xff,0xff,0xf8,0x00,0x00,0x00,0x00,0x10,0xec,0xff,0xff,0xed,0x4e,0x0c,
  0x00,0x00,0x00,0x00,0x53,0xff,0xff,0xff,0x65,0x00,0x00,0x00,0x00,0x00,0x00,0x73,0xff,0xff,0xff,0x17,0x00,0x00,0x00,0x00,
  0x00,0x00,0x84,0xff,0xff,0xfd,0x00,0x00,0x00,0x00,0x00,0x00,0x00,0x90,0xff,0xff,0xf8,0x00,0x00,0x00,0x00,0x00,0x00,0x00,
  0x9c,0xff,0xff,0xf4,0x00,0x00,0x00,0x00,0x00,0x05,0x33,0xe2,0xff,0xff,0xeb,0x00,0x00,0x00,0x00,0x64,0xff,0xff,0xff,0xff,
  0xff,0xd4,0x00,0x00,0x00,0x00,0x64,0xff,0xff,0xff,0xff,0xff,0x99,0x00,0x00,0x00,0x00,0x64,0xff,0xff,0xff,0xff,0xec,0x21,
  0x00,0x00,0x00,0x00,0x64,0xfd,0xf4,0xd7,0x8e,0x1a,0x00,0x00,0x00,0x00,0x00,0x00,0x00,0x4d,0xbf,0xf2,0xef,0xcc,0x7c,0x1b,
  0x00,0x00,0x00,0x00,0x00,0x30,0x59,0x00,0x8d,0xff,0xff,0xff,0xff,0xff,0xff,0xfb,0xab,0x49,0x0a,0x23,0x83,0xf7,0x70,0x14,
  0xff,0xff,0xff,0xff,0xff,0xff,0xff,0xff,0xff,0xff,0xff,0xff,0xff,0xff,0x70,0x14,0xff,0xff,0xff,0xff,0xff,0xff,0xff,0xff,
  0xff,0xff,0xff,0xff,0xff,0xff,0x70,0x14,0xff,0xae,0x37,0x09,0x26,0x68,0xcd,0xff,0xff,0xff,0xff,0xff,0xff,0xcc,0x16,0x13,
  0x72,0x00,0x00,0x00,0x00,0x00,0x00,0x38,0xa3,0xe4,0xf6,0xd1,0x6e,0x04,0x00,0x00,0x00,0x00,0x00,0x00,0x00,0x00,0x00,0x00,
  0x00,0x00,0x00,0x00,0x00,0x00,0x00,0x00,0x00,0x00,0x00,0x00,0x00,0x00,0x00,0x00,0x00,0x00,0x00,0x00,0x00,0x00,0x00,0x00,
  0x00,0x00,0x00,0x00,0x00,0x00,0x00,0x00,0x00,0x00,0x00,0x00,0x00,0x00,0x00,0x00,0x00,0x00,0x00,0x00,0x00,0x00,0x00,0x00,
  0x00,0x00,0x00,0x00,0x00,0x00,0x00,0x00,0x00,0x00,0x00,0x00,0x00,0x00,0x00,0x00,0x00,0x00,0x00,0x00,0x00,0x00,0x00,0x00,
  0x00,0x00,0x00,0x00,0x00,0x00,0x00,0x00,0x00,0x00,0x00,0x00,0x00,0x00,0x00,0x00,0x00,0x00,0x00,0x00,0x00,0x00,0x00,0x00,
  0x00,0x00,0x00,0x00,0x00,0x00,0x00,0x00,0x00,0x00,0x00,0x00,0xb2,0xff,0xff,0x60,0x00,0x56,0xff,0xff,0xbd,0x00,0x00,0x00,
  0x00,0x00,0x00,0x5f,0xff,0xff,0xd0,0x02,0x17,0xeb,0xff,0xfe,0x31,0x00,0x00,0x00,0x00,0x00,0x1b,0xef,0xff,0xff,0x44,0x00,
  0xaf,0xff,0xff,0xa2,0x00,0x00,0x00,0x00,0x00,0x00,0xb7,0xff,0xff,0xb6,0x00,0x5c,0xff,0xff,0xf7,0x1d,0x00,0x00,0x00,0x00,
  0x00,0x65,0xff,0xff,0xfc,0x2b,0x19,0xee,0xff,0xff,0x87,0x00,0x00,0x00,0x00,0x00,0x1f,0xf2,0xff,0xff,0x9a,0x00,0xb4,0xff,
  0xff,0xeb,0x0e,0x00,0x00,0x00,0x00,0x00,0x84,0xff,0xff,0xff,0x3b,0x29,0xff,0xff,0xff,0x9b,0x00,0x00,0x00,0x00,0x00,0x00,
  0x12,0xe8,0xff,0xff,0xad,0x00,0x9f,0xff,0xff,0xf4,0x17,0x00,0x00,0x00,0x00,0x00,0x00,0x52,0xff,0xff,0xff,0x38,0x10,0xe5,
  0xff,0xff,0x96,0x00,0x00,0x00,0x00,0x00,0x00,0x00,0xaa,0xff,0xff,0xc2,0x00,0x4d,0xff,0xff,0xfb,0x25,0x00,0x00,0x00,0x00,
  0x00,0x00,0x15,0xeb,0xff,0xff,0x4d,0x00,0xa5,0xff,0xff,0xaa,0x00,0x00,0x00,0x00,0x00,0x00,0x00,0x59,0xff,0xff,0xd4,0x03,
  0x13,0xe9,0xff,0xff,0x35,0x00,0x00,0x00,0x00,0x00,0x00,0x00,0xb0,0xff,0xff,0x62,0x00,0x54,0xff,0xff,0xbe,0x00,0x00,0x00,
  0x00,0x00,0x00,0x00,0x00,0x00,0x00,0x00,0x00,0x00,0x00,0x00,0x00,0x00,0x00,0x00,0x00,0x44,0xff,0xff,0xff,0x94,0x00,0x00,
  0x00,0x00,0x44,0xff,0xff,0xff,0x94,0x00,0x00,0x00,0x00,0x44,0xff,0xff,0xff,0x94,0x00,0x00,0x00,0x00,0x44,0xff,0xff,0xff,
  0x94,0x00,0x00,0x00,0x00,0x00,0x00,0x00,0x00,0x00,0x00,0x00,0x00,0x00,0x00,0x00,0x00,0x00,0x00,0x00,0x00,0x00,0x00,0x00,
  0x00,0x00,0x00,0x00,0x00,0x00,0x00,0x00,0x00,0x00,0x00,0x00,0x00,0x00,0x00,0x00,0x00,0x00,0x00,0x00,0x00,0x00,0x00,0x00,
  0x00,0x00,0x00,0x00,0x00,0x00,0x00,0x00,0x00,0x00,0x00,0x00,0x00,0x00,0x00,0x00,0x00,0x00,0x00,0x00,0x00,0x00,0x00,0x00,
  0x00,0x00,0x00,0x00,0x47,0xff,0xff,0xc8,0x03,0x08,0xe2,0xff,0xfa,0x2d,0x00,0x00,0x00,0x00,0x00,0x00,0x00,0xbd,0xff,0xff,
  0x74,0x00,0x61,0xff,0xff,0xcc,0x04,0x00,0x00,0x00,0x00,0x00,0x00,0x33,0xfe,0xff,0xf7,0x26,0x02,0xd3,0xff,0xff,0x79,0x00,
  0x00,0x00,0x00,0x00,0x00,0x00,0xa8,0xff,0xff,0xc4,0x02,0x4c,0xff,0xff,0xf8,0x29,0x00,0x00,0x00,0x00,0x00,0x00,0x23,0xfa,
  0xff,0xff,0x6f,0x00,0xc1,0xff,0xff,0xc8,0x03,0x00,0x00,0x00,0x00,0x00,0x00,0x93,0xff,0xff,0xf5,0x23,0x38,0xff,0xff,0xff,
  0x74,0x00,0x00,0x00,0x00,0x00,0x00,0x23,0xff,0xff,0xff,0xa0,0x00,0xc7,0xff,0xff,0xf3,0x09,0x00,0x00,0x00,0x00,0x00,0x84,
  0xff,0xff,0xfa,0x30,0x2b,0xfc,0xff,0xff,0x86,0x00,0x00,0x00,0x00,0x00,0x1b,0xf5,0xff,0xff,0x7e,0x00,0xb5,0xff,0xff,0xd3,
  0x06,0x00,0x00,0x00,0x00,0x00,0x9e,0xff,0xff,0xcd,0x04,0x42,0xff,0xff,0xfb,0x33,0x00,0x00,0x00,0x00,0x00,0x2d,0xfd,0xff,
  0xf9,0x2c,0x01,0xcd,0xff,0xff,0x82,0x00,0x00,0x00,0x00,0x00,0x00,0xb8,0xff,0xff,0x7a,0x00,0x5c,0xff,0xff,0xd0,0x05,0x00,
  0x00,0x00,0x00,0x00,0x45,0xff,0xff,0xca,0x03,0x08,0xe1,0xff,0xfa,0x2f,0x00,0x00,0x00,0x00,0x00,0x00,0x00,0x00,0x00,0x00,
  0x00,0x00,0x00,0x00,0x00,0x00,0x00,0x00,0x00,0x00,0x00,0x00,0x00,0x00,0x00,0x00,0x00,0x88,0xff,0xff,0xff,0x87,0x00,0x00,
  0x00,0x00,0x00,0x00,0x00,0x00,0x00,0x00,0x00,0x00,0x00,0x00,0x00,0x00,0x00,0x96,0xff,0xff,0xf1,0x0f,0x00,0x00,0x00,0x00,
  0x00,0x00,0x00,0x00,0x00,0x00,0x00,0x00,0x00,0x00,0x00,0x00,0x01,0xa4,0xff,0xff,0x79,0x00,0x00,0x00,0x00,0x00,0x00,0x00,
  0x00,0x00,0x00,0x00,0x00,0x00,0x00,0x00,0x00,0x00,0x04,0xb0,0xff,0xe9,0x09,0x00,0x00,0x00,0x00,0x00,0x00,0x00,0x00,0x00,
  0x00,0x00,0x00,0x00,0x00,0x00,0x00,0x00,0x00,0x00,0x00,0x00,0x00,0x00,0x00,0x00,0x00,0x00,0x00,0x00,0x00,0x00,0x00,0x00,
  0x00,0x00,0x00,0x00,0x00,0x00,0x00,0x00,0x00,0x00,0x00,0x00,0x00,0x00,0x00,0x00,0x00,0x00,0x00,0x00,0x00,0x00,0x00,0x00,
  0x63,0xff,0xff,0xff,0xff,0x4a,0x00,0x00,0x00,0x00,0x00,0x00,0x00,0x00,0x00,0x00,0x00,0x00,0x00,0x00,0x00,0xc7,0xff,0xff,
  0xff,0xff,0xb1,0x00,0x00,0x00,0x00,0x00,0x00,0x00,0x00,0x00,0x00,0x00,0x00,0x00,0x00,0x2a,0xff,0xff,0xff,0xff,0xff,0xfc,
  0x1b,0x00,0x00,0x00,0x00,0x00,0x00,0x00,0x00,0x00,0x00,0x00,0x00,0x00,0x8f,0xff,0xff,0xff,0xff,0xff,0xff,0x7e,0x00,0x00,
  0x00,0x00,0x00,0x00,0x00,0x00,0x00,0x00,0x00,0x00,0x06,0xeb,0xff,0xff,0xbe,0xe9,0xff,0xff,0xe2,0x02,0x00,0x00,0x00,0x00,
  0x00,0x00,0x00,0x00,0x00,0x00,0x00,0x57,0xff,0xff,0xff,0x64,0x95,0xff,0xff,0xff,0x4b,0x00,0x00,0x00,0x00,0x00,0x00,0x00,
  0x00,0x00,0x00,0x00,0xbb,0xff,0xff,0xfb,0x13,0x3d,0xff,0xff,0xff,0xb2,0x00,0x00,0x00,0x00,0x00,0x00,0x00,0x00,0x00,0x00,
  0x20,0xfe,0xff,0xff,0xb6,0x00,0x01,0xe3,0xff,0xff,0xfc,0x1c,0x00,0x00,0x00,0x00,0x00,0x00,0x00,0x00,0x00,0x83,0xff,0xff,
  0xff,0x5f,0x00,0x00,0x8d,0xff,0xff,0xff,0x7f,0x00,0x00,0x00,0x00,0x00,0x00,0x00,0x00,0x02,0xe3,0xff,0xff,0xf9,0x0f,0x00,
  0x00,0x35,0xff,0xff,0xff,0xe3,0x03,0x00,0x00,0x00,0x00,0x00,0x00,0x00,0x4b,0xff,0xff,0xff,0xb1,0x00,0x00,0x00,0x00,0xdc,
  0xff,0xff,0xff,0x4c,0x00,0x00,0x00,0x00,0x00,0x00,0x00,0xaf,0xff,0xff,0xff,0x5b,0x00,0x00,0x00,0x00,0x84,0xff,0xff,0xff,
  0xb3,0x00,0x00,0x00,0x00,0x00,0x00,0x17,0xfb,0xff,0xff,0xff,0xff,0xff,0xff,0xff,0xff,0xff,0xff,0xff,0xff,0xfc,0x1d,0x00,
  0x00,0x00,0x00,0x00,0x77,0xff,0xff,0xff,0xff,0xff,0xff,0xff,0xff,0xff,0xff,0xff,0xff,0xff,0xff,0x80,0x00,0x00,0x00,0x00,
  0x00,0xd9,0xff,0xff,0xff,0xff,0xff,0xff,0xff,0xff,0xff,0xff,0xff,0xff,0xff,0xff,0xe3,0x03,0x00,0x00,0x00,0x3f,0xff,0xff,
  0xff,0xc9,0x00,0x00,0x00,0x00,0x00,0x00,0x00,0x00,0xde,0xff,0xff,0xff,0x4d,0x00,0x00,0x00,0xa3,0xff,0xff,0xff,0x74,0x00,
  0x00,0x00,0x00,0x00,0x00,0x00,0x00,0x86,0xff,0xff,0xff,0xb4,0x00,0x00,0x0f,0xf6,0xff,0xff,0xff,0x20,0x00,0x00,0x00,0x00,
  0x00,0x00,0x00,0x00,0x2c,0xff,0xff,0xff,0xfd,0x1d,0x00,0x6b,0xff,0xff,0xff,0xca,0x00,0x00,0x00,0x00,0x00,0x00,0x00,0x00,
  0x00,0x00,0xd3,0xff,0xff,0xff,0x81,0x00,0xce,0xff,0xff,0xff,0x76,0x00,0x00,0x00,0x00,0x00,0x00,0x00,0x00,0x00,0x00,0x79,
  0xff,0xff,0xff,0xe4,0x03,0x00,0x00,0x00,0x00,0x00,0x00,0x00,0x00,0x00,0xc8,0xff,0xff,0xfb,0x4f,0x00,0x00,0x00,0x00,0x00,
  0x00,0x00,0x00,0x00,0x00,0x00,0x00,0x00,0x00,0x00,0x41,0xff,0xff,0xfe,0x5c,0x00,0x00,0x00,0x00,0x00,0x00,0x00,0x00,0x00,
  0x00,0x00,0x00,0x00,0x00,0x00,0x00,0xb9,0xff,0xff,0x69,0x00,0x00,0x00,0x00,0x00,0x00,0x00,0x00,0x00,0x00,0x00,0x00,0x00,
  0x00,0x00,0x00,0x30,0xff,0xff,0x78,0x00,0x00,0x00,0x00,0x00,0x00,0x00,0x00,0x00,0x00,0x00,0x00,0x00,0x00,0x00,0x00,0x00,
  0x00,0x00,0x00,0x00,0x00,0x00,0x00,0x00,0x00,0x00,0x00,0x00,0x00,0x00,0x00,0x00,0x00,0x00,0x00,0x00,0x00,0x00,0x00,0x00,
  0x00,0x00,0x00,0x00,0x00,0x00,0x00,0x00,0x00,0x00,0x00,0x00,0x00,0x00,0x00,0x00,0x00,0x00,0x63,0xff,0xff,0xff,0xff,0x4a,
  0x00,0x00,0x00,0x00,0x00,0x00,0x00,0x00,0x00,0x00,0x00,0x00,0x00,0x00,0x00,0xc7,0xff,0xff,0xff,0xff,0xb1,0x00,0x00,0x00,
  0x00,0x00,0x00,0x00,0x00,0x00,0x00,0x00,0x00,0x00,0x00,0x2a,0xff,0xff,0xff,0xff,0xff,0xfc,0x1b,0x00,0x00,0x00,0x00,0x00,
  0x00,0x00,0x00,0x00,0x00,0x00,0x00,0x00,0x8f,0xff,0xff,0xff,0xff,0xff,0xff,0x7e,0x00,0x00,0x00,0x00,0x00,0x00,0x00,0x00,
  0x00,0x00,0x00,0x00,0x06,0xeb,0xff,0xff,0xbe,0xe9,0xff,0xff,0xe2,0x02,0x00,0x00,0x00,0x00,0x00,0x00,0x00,0x00,0x00,0x00,
  0x00,0x57,0xff,0xff,0xff,0x64,0x95,0xff,0xff,0xff,0x4b,0x00,0x00,0x00,0x00,0x00,0x00,0x00,0x00,0x00,0x00,0x00,0xbb,0xff,
  0xff,0xfb,0x13,0x3d,0xff,0xff,0xff,0xb2,0x00,0x00,0x00,0x00,0x00,0x00,0x00,0x00,0x00,0x00,0x20,0xfe,0xff,0xff,0xb6,0x00,
  0x01,0xe3,0xff,0xff,0xfc,0x1c,0x00,0x00,0x00,0x00,0x00,0x00,0x00,0x00,0x00,0x83,0xff,0xff,0xff,0x5f,0x00,0x00,0x8d,0xff,
  0xff,0xff,0x7f,0x00,0x00,0x00,0x00,0x00,0x00,0x00,0x00,0x02,0xe3,0xff,0xff,0xf9,0x0f,0x00,0x00,0x35,0xff,0xff,0xff,0xe3,
  0x03,0x00,0x00,0x00,0x00,0x00,0x00,0x00,0x4b,0xff,0xff,0xff,0xb1,0x00,0x00,0x00,0x00,0xdc,0xff,0xff,0xff,0x4c,0x00,0x00,
  0x00,0x00,0x00,0x00,0x00,0xaf,0xff,0xff,0xff,0x5b,0x00,0x00,0x00,0x00,0x84,0xff,0xff,0xff,0xb3,0x00,0x00,0x00,0x00,0x00,
  0x00,0x17,0xfb,0xff,0xff,0xff,0xff,0xff,0xff,0xff,0xff,0xff,0xff,0xff,0xff,0xfc,0x1d,0x00,0x00,0x00,0x00,0x00,0x77,0xff,
  0xff,0xff,0xff,0xff,0xff,0xff,0xff,0xff,0xff,0xff,0xff,0xff,0xff,0x80,0x00,0x00,0x00,0x00,0x00,0xd9,0xff,0xff,0xff,0xff,
  0xff,0xff,0xff,0xff,0xff,0xff,0xff,0xff,0xff,0xff,0xe3,0x03,0x00,0x00,0x00,0x3f,0xff,0xff,0xff,0xc9,0x00,0x00,0x00,0x00,
  0x00,0x00,0x00,0x00,0xde,0xff,0xff,0xff,0x4d,0x00,0x00,0x00,0xa3,0xff,0xff,0xff,0x74,0x00,0x00,0x00,0x00,0x00,0x00,0x00,
  0x00,0x86,0xff,0xff,0xff,0xb4,0x00,0x00,0x0f,0xf6,0xff,0xff,0xff,0x20,0x00,0x00,0x00,0x00,0x00,0x00,0x00,0x00,0x2c,0xff,
  0xff,0xff,0xfd,0x1d,0x00,0x6b,0xff,0xff,0xff,0xca,0x00,0x00,0x00,0x00,0x00,0x00,0x00,0x00,0x00,0x00,0xd3,0xff,0xff,0xff,
  0x81,0x00,0xce,0xff,0xff,0xff,0x76,0x00,0x00,0x00,0x00,0x00,0x00,0x00,0x00,0x00,0x00,0x79,0xff,0xff,0xff,0xe4,0x03,0x00,
  0x00,0x00,0x00,0x00,0x00,0x00,0x38,0xfb,0xff,0xff,0xef,0x1e,0x00,0x00,0x00,0x00,0x00,0x00,0x00,0x00,0x00,0x00,0x00,0x00,
  0x00,0x00,0x0e,0xde,0xff,0xff,0xff,0xff,0xc0,0x02,0x00,0x00,0x00,0x00,0x00,0x00,0x00,0x00,0x00,0x00,0x00,0x00,0x00,0xa4,
  0xff,0xff,0x7f,0xbc,0xff,0xff,0x77,0x00,0x00,0x00,0x00,0x00,0x00,0x00,0x00,0x00,0x00,0x00,0x00,0x5b,0xff,0xff,0xbc,0x02,
  0x14,0xe1,0xff,0xfa,0x33,0x00,0x00,0x00,0x00,0x00,0x00,0x00,0x00,0x00,0x00,0x00,0x00,0x00,0x00,0x00,0x00,0x00,0x00,0x00,
  0x00,0x00,0x00,0x00,0x00,0x00,0x00,0x00,0x00,0x00,0x00,0x00,0x00,0x00,0x00,0x00,0x00,0x00,0x00,0x00,0x00,0x00,0x00,0x00,
  0x00,0x00,0x00,0x00,0x00,0x00,0x00,0x00,0x00,0x00,0x00,0x00,0x63,0xff,0xff,0xff,0xff,0x4a,0x00,0x00,0x00,0x00,0x00,0x00,
  0x00,0x00,0x00,0x00,0x00,0x00,0x00,0x00,0x00,0xc7,0xff,0xff,0xff,0xff,0xb1,0x00,0x00,0x00,0x00,0x00,0x00,0x00,0x00,0x00,
  0x00,0x00,0x00,0x00,0x00,0x2a,0xff,0xff,0xff,0xff,0xff,0xfc,0x1b,0x00,0x00,0x00,0x00,0x00,0x00,0x00,0x00,0x00,0x00,0x00,
  0x00,0x00,0x8f,0xff,0xff,0xff,0xff,0xff,0xff,0x7e,0x00,0x00,0x00,0x00,0x00,0x00,0x00,0x00,0x00,0x00,0x00,0x00,0x06,0xeb,
  0xff,0xff,0xbe,0xe9,0xff,0xff,0xe2,0x02,0x00,0x00,0x00,0x00,0x00,0x00,0x00,0x00,0x00,0x00,0x00,0x57,0xff,0xff,0xff,0x64,
  0x95,0xff,0xff,0xff,0x4b,0x00,0x00,0x00,0x00,0x00,0x00,0x00,0x00,0x00,0x00,0x00,0xbb,0xff,0xff,0xfb,0x13,0x3d,0xff,0xff,
  0xff,0xb2,0x00,0x00,0x00,0x00,0x00,0x00,0x00,0x00,0x00,0x00,0x20,0xfe,0xff,0xff,0xb6,0x00,0x01,0xe3,0xff,0xff,0xfc,0x1c,
  0x00,0x00,0x00,0x00,0x00,0x00,0x00,0x00,0x00,0x83,0xff,0xff,0xff,0x5f,0x00,0x00,0x8d,0xff,0xff,0xff,0x7f,0x00,0x00,0x00,
  0x00,0x00,0x00,0x00,0x00,0x02,0xe3,0xff,0xff,0xf9,0x0f,0x00,0x00,0x35,0xff,0xff,0xff,0xe3,0x03,0x00,0x00,0x00,0x00,0x00,
  0x00,0x00,0x4b,0xff,0xff,0xff,0xb1,0x00,0x00,0x00,0x00,0xdc,0xff,0xff,0xff,0x4c,0x00,0x00,0x00,0x00,0x00,0x00,0x00,0xaf,
  0xff,0xff,0xff,0x5b,0x00,0x00,0x00,0x00,0x84,0xff,0xff,0xff,0xb3,0x00,0x00,0x00,0x00,0x00,0x00,0x17,0xfb,0xff,0xff,0xff,
  0xff,0xff,0xff,0xff,0xff,0xff,0xff,0xff,0xff,0xfc,0x1d,0x00,0x00,0x00,0x00,0x00,0x77,0xff,0xff,0xff,0xff,0xff,0xff,0xff,
  0xff,0xff,0xff,0xff,0xff,0xff,0xff,0x80,0x00,0x00,0x00,0x00,0x00,0xd9,0xff,0xff,0xff,0xff,0xff,0xff,0xff,0xff,0xff,0xff,
  0xff,0xff,0xff,0xff,0xe3,0x03,0x00,0x00,0x00,0x3f,0xff,0xff,0xff,0xc9,0x00,0x00,0x00,0x00,0x00,0x00,0x00,0x00,0xde,0xff,
  0xff,0xff,0x4d,0x00,0x00,0x00,0xa3,0xff,0xff,0xff,0x74,0x00,0x00,0x00,0x00,0x00,0x00,0x00,0x00,0x86,0xff,0xff,0xff,0xb4,
  0x00,0x00,0x0f,0xf6,0xff,0xff,0xff,0x20,0x00,0x00,0x00,0x00,0x00,0x00,0x00,0x00,0x2c,0xff,0xff,0xff,0xfd,0x1d,0x00,0x6b,
  0xff,0xff,0xff,0xca,0x00,0x00,0x00,0x00,0x00,0x00,0x00,0x00,0x00,0x00,0xd3,0xff,0xff,0xff,0x81,0x00,0xce,0xff,0xff,0xff,
  0x76,0x00,0x00,0x00,0x00,0x00,0x00,0x00,0x00,0x00,0x00,0x79,0xff,0xff,0xff,0xe4,0x03,0x00,0x00,0x00,0x00,0x00,0x28,0xc6,
  0xf7,0xdb,0x8b,0x35,0x0c,0x8f,0xff,0x66,0x00,0x00,0x00,0x00,0x00,0x00,0x00,0x00,0x00,0x00,0x00,0xc2,0xff,0xff,0xff,0xff,
  0xff,0xff,0xff,0xff,0x32,0x00,0x00,0x00,0x00,0x00,0x00,0x00,0x00,0x00,0x00,0x00,0xf5,0xe4,0x18,0x22,0x69,0xbb,0xf4,0xeb,
  0x79,0x00,0x00,0x00,0x00,0x00,0x00,0x00,0x00,0x00,0x00,0x00,0x00,0x00,0x00,0x00,0x00,0x00,0x00,0x00,0x00,0x00,0x00,0x00,
  0x00,0x00,0x00,0x00,0x00,0x00,0x00,0x00,0x00,0x00,0x00,0x00,0x00,0x00,0x00,0x00,0x00,0x00,0x00,0x00,0x00,0x00,0x00,0x00,
  0x00,0x00,0x00,0x00,0x00,0x00,0x00,0x00,0x00,0x63,0xff,0xff,0xff,0xff,0x4a,0x00,0x00,0x00,0x00,0x00,0x00,0x00,0x00,0x00,
  0x00,0x00,0x00,0x00,0x00,0x00,0xc7,0xff,0xff,0xff,0xff,0xb1,0x00,0x00,0x00,0x00,0x00,0x00,0x00,0x00,0x00,0x00,0x00,0x00,
  0x00,0x00,0x2a,0xff,0xff,0xff,0xff,0xff,0xfc,0x1b,0x00,0x00,0x00,0x00,0x00,0x00,0x00,0x00,0x00,0x00,0x00,0x00,0x00,0x8f,
  0xff,0xff,0xff,0xff,0xff,0xff,0x7e,0x00,0x00,0x00,0x00,0x00,0x00,0x00,0x00,0x00,0x00,0x00,0x00,0x06,0xeb,0xff,0xff,0xbe,
  0xe9,0xff,0xff,0xe2,0x02,0x00,0x00,0x00,0x00,0x00,0x00,0x00,0x00,0x00,0x00,0x00,0x57,0xff,0xff,0xff,0x64,0x95,0xff,0xff,
  0xff,0x4b,0x00,0x00,0x00,0x00,0x00,0x00,0x00,0x00,0x00,0x00,0x00,0xbb,0xff,0xff,0xfb,0x13,0x3d,0xff,0xff,0xff,0xb2,0x00,
  0x00,0x00,0x00,0x00,0x00,0x00,0x00,0x00,0x00,0x20,0xfe,0xff,0xff,0xb6,0x00,0x01,0xe3,0xff,0xff,0xfc,0x1c,0x00,0x00,0x00,
  0x00,0x00,0x00,0x00,0x00,0x00,0x83,0xff,0xff,0xff,0x5f,0x00,0x00,0x8d,0xff,0xff,0xff,0x7f,0x00,0x00,0x00,0x00,0x00,0x00,
  0x00,0x00,0x02,0xe3,0xff,0xff,0xf9,0x0f,0x00,0x00,0x35,0xff,0xff,0xff,0xe3,0x03,0x00,0x00,0x00,0x00,0x00,0x00,0x00,0x4b,
  0xff,0xff,0xff,0xb1,0x00,0x00,0x00,0x00,0xdc,0xff,0xff,0xff,0x4c,0x00,0x00,0x00,0x00,0x00,0x00,0x00,0xaf,0xff,0xff,0xff,
  0x5b,0x00,0x00,0x00,0x00,0x84,0xff,0xff,0xff,0xb3,0x00,0x00,0x00,0x00,0x00,0x00,0x17,0xfb,0xff,0xff,0xff,0xff,0xff,0xff,
  0xff,0xff,0xff,0xff,0xff,0xff,0xfc,0x1d,0x00,0x00,0x00,0x00,0x00,0x77,0xff,0xff,0xff,0xff,0xff,0xff,0xff,0xff,0xff,0xff,
  0xff,0xff,0xff,0xff,0x80,0x00,0x00,0x00,0x00,0x00,0xd9,0xff,0xff,0xff,0xff,0xff,0xff,0xff,0xff,0xff,0xff,0xff,0xff,0xff,
  0xff,0xe3,0x03,0x00,0x00,0x00,0x3f,0xff,0xff,0xff,0xc9,0x00,0x00,0x00,0x00,0x00,0x00,0x00,0x00,0xde,0xff,0xff,0xff,0x4d,
  0x00,0x00,0x00,0xa3,0xff,0xff,0xff,0x74,0x00,0x00,0x00,0x00,0x00,0x00,0x00,0x00,0x86,0xff,0xff,0xff,0xb4,0x00,0x00,0x0f,
  0xf6,0xff,0xff,0xff,0x20,0x00,0x00,0x00,0x00,0x00,0x00,0x00,0x00,0x2c,0xff,0xff,0xff,0xfd,0x1d,0x00,0x6b,0xff,0xff,0xff,
  0xca,0x00,0x00,0x00,0x00,0x00,0x00,0x00,0x00,0x00,0x00,0xd3,0xff,0xff,0xff,0x81,0x00,0xce,0xff,0xff,0xff,0x76,0x00,0x00,
  0x00,0x00,0x00,0x00,0x00,0x00,0x00,0x00,0x79,0xff,0xff,0xff,0xe4,0x03,0x00,0x00,0x00,0x00,0x00,0xc4,0xff,0xff,0x88,0x00,
  0x00,0xe0,0xff,0xff,0x6c,0x00,0x00,0x00,0x00,0x00,0x00,0x00,0x00,0x00,0x00,0x00,0xc4,0xff,0xff,0x88,0x00,0x00,0xe0,0xff,
  0xff,0x6c,0x00,0x00,0x00,0x00,0x00,0x00,0x00,0x00,0x00,0x00,0x00,0xc4,0xff,0xff,0x88,0x00,0x00,0xe0,0xff,0xff,0x6c,0x00,
  0x00,0x00,0x00,0x00,0x00,0x00,0x00,0x00,0x00,0x00,0x00,0x00,0x00,0x00,0x00,0x00,0x00,0x00,0x00,0x00,0x00,0x00,0x00,0x00,
  0x00,0x00,0x00,0x00,0x00,0x00,0x00,0x00,0x00,0x00,0x00,0x00,0x00,0x00,0x00,0x00,0x00,0x00,0x00,0x00,0x00,0x00,0x00,0x00,
  0x00,0x00,0x00,0x00,0x00,0x00,0x63,0xff,0xff,0xff,0xff,0x4a,0x00,0x00,0x00,0x00,0x00,0x00,0x00,0x00,0x00,0x00,0x00,0x00,
  0x00,0x00,0x00,0xc7,0xff,0xff,0xff,0xff,0xb1,0x00,0x00,0x00,0x00,0x00,0x00,0x00,0x00,0x00,0x00,0x00,0x00,0x00,0x00,0x2a,
  0xff,0xff,0xff,0xff,0xff,0xfc,0x1b,0x00,0x00,0x00,0x00,0x00,0x00,0x00,0x00,0x00,0x00,0x00,0x00,0x00,0x8f,0xff,0xff,0xff,
  0xff,0xff,0xff,0x7e,0x00,0x00,0x00,0x00,0x00,0x00,0x00,0x00,0x00,0x00,0x00,0x00,0x06,0xeb,0xff,0xff,0xbe,0xe9,0xff,0xff,
  0xe2,0x02,0x00,0x00,0x00,0x00,0x00,0x00,0x00,0x00,0x00,0x00,0x00,0x57,0xff,0xff,0xff,0x64,0x95,0xff,0xff,0xff,0x4b,0x00,
  0x00,0x00,0x00,0x00,0x00,0x00,0x00,0x00,0x00,0x00,0xbb,0xff,0xff,0xfb,0x13,0x3d,0xff,0xff,0xff,0xb2,0x00,0x00,0x00,0x00,
  0x00,0x00,0x00,0x00,0x00,0x00,0x20,0xfe,0xff,0xff,0xb6,0x00,0x01,0xe3,0xff,0xff,0xfc,0x1c,0x00,0x00,0x00,0x00,0x00,0x00,
  0x00,0x00,0x00,0x83,0xff,0xff,0xff,0x5f,0x00,0x00,0x8d,0xff,0xff,0xff,0x7f,0x00,0x00,0x00,0x00,0x00,0x00,0x00,0x00,0x02,
  0xe3,0xff,0xff,0xf9,0x0f,0x00,0x00,0x35,0xff,0xff,0xff,0xe3,0x03,0x00,0x00,0x00,0x00,0x00,0x00,0x00,0x4b,0xff,0xff,0xff,
  0xb1,0x00,0x00,0x00,0x00,0xdc,0xff,0xff,0xff,0x4c,0x00,0x00,0x00,0x00,0x00,0x00,0x00,0xaf,0xff,0xff,0xff,0x5b,0x00,0x00,
  0x00,0x00,0x84,0xff,0xff,0xff,0xb3,0x00,0x00,0x00,0x00,0x00,0x00,0x17,0xfb,0xff,0xff,0xff,0xff,0xff,0xff,0xff,0xff,0xff,
  0xff,0xff,0xff,0xfc,0x1d,0x00,0x00,0x00,0x00,0x00,0x77,0xff,0xff,0xff,0xff,0xff,0xff,0xff,0xff,0xff,0xff,0xff,0xff,0xff,
  0xff,0x80,0x00,0x00,0x00,0x00,0x00,0xd9,0xff,0xff,0xff,0xff,0xff,0xff,0xff,0xff,0xff,0xff,0xff,0xff,0xff,0xff,0xe3,0x03,
  0x00,0x00,0x00,0x3f,0xff,0xff,0xff,0xc9,0x00,0x00,0x00,0x00,0x00,0x00,0x00,0x00,0xde,0xff,0xff,0xff,0x4d,0x00,0x00,0x00,
  0xa3,0xff,0xff,0xff,0x74,0x00,0x00,0x00,0x00,0x00,0x00,0x00,0x00,0x86,0xff,0xff,0xff,0xb4,0x00,0x00,0x0f,0xf6,0xff,0xff,
  0xff,0x20,0x00,0x00,0x00,0x00,0x00,0x00,0x00,0x00,0x2c,0xff,0xff,0xff,0xfd,0x1d,0x00,0x6b,0xff,0xff,0xff,0xca,0x00,0x00,
  0x00,0x00,0x00,0x00,0x00,0x00,0x00,0x00,0xd3,0xff,0xff,0xff,0x81,0x00,0xce,0xff,0xff,0xff,0x76,0x00,0x00,0x00,0x00,0x00,
  0x00,0x00,0x00,0x00,0x00,0x79,0xff,0xff,0xff,0xe4,0x03,0x00,0x00,0x00,0x00,0x00,0x00,0x00,0x11,0xa6,0xf0,0xea,0x8e,0x04,
  0x00,0x00,0x00,0x00,0x00,0x00,0x00,0x00,0x00,0x00,0x00,0x00,0x00,0x00,0x00,0x9e,0xdf,0x1b,0x30,0xf7,0x72,0x00,0x00,0x00,
  0x00,0x00,0x00,0x00,0x00,0x00,0x00,0x00,0x00,0x00,0x00,0x00,0x9f,0xdf,0x1a,0x2e,0xf7,0x71,0x00,0x00,0x00,0x00,0x00,0x00,
  0x00,0x00,0x00,0x00,0x00,0x00,0x00,0x00,0x00,0x76,0xff,0xff,0xff,0xff,0x4f,0x00,0x00,0x00,0x00,0x00,0x00,0x00,0x00,0x00,
  0x00,0x00,0x00,0x00,0x00,0x00,0xc7,0xff,0xff,0xff,0xff,0xb1,0x00,0x00,0x00,0x00,0x00,0x00,0x00,0x00,0x00,0x00,0x00,0x00,
  0x00,0x00,0x2a,0xff,0xff,0xff,0xff,0xff,0xfc,0x1b,0x00,0x00,0x00,0x00,0x00,0x00,0x00,0x00,0x00,0x00,0x00,0x00,0x00,0x8f,
  0xff,0xff,0xff,0xff,0xff,0xff,0x7e,0x00,0x00,0x00,0x00,0x00,0x00,0x00,0x00,0x00,0x00,0x00,0x00,0x06,0xeb,0xff,0xff,0xbe,
  0xe9,0xff,0xff,0xe2,0x02,0x00,0x00,0x00,0x00,0x00,0x00,0x00,0x00,0x00,0x00,0x00,0x57,0xff,0xff,0xff,0x64,0x95,0xff,0xff,
  0xff,0x4b,0x00,0x00,0x00,0x00,0x00,0x00,0x00,0x00,0x00,0x00,0x00,0xbb,0xff,0xff,0xfb,0x13,0x3d,0xff,0xff,0xff,0xb2,0x00,
  0x00,0x00,0x00,0x00,0x00,0x00,0x00,0x00,0x00,0x20,0xfe,0xff,0xff,0xb6,0x00,0x01,0xe3,0xff,0xff,0xfc,0x1c,0x00,0x00,0x00,
  0x00,0x00,0x00,0x00,0x00,0x00,0x83,0xff,0xff,0xff,0x5f,0x00,0x00,0x8d,0xff,0xff,0xff,0x7f,0x00,0x00,0x00,0x00,0x00,0x00,
  0x00,0x00,0x02,0xe3,0xff,0xff,0xf9,0x0f,0x00,0x00,0x35,0xff,0xff,0xff,0xe3,0x03,0x00,0x00,0x00,0x00,0x00,0x00,0x00,0x4b,
  0xff,0xff,0xff,0xb1,0x00,0x00,0x00,0x00,0xdc,0xff,0xff,0xff,0x4c,0x00,0x00,0x00,0x00,0x00,0x00,0x00,0xaf,0xff,0xff,0xff,
  0x5b,0x00,0x00,0x00,0x00,0x84,0xff,0xff,0xff,0xb3,0x00,0x00,0x00,0x00,0x00,0x00,0x17,0xfb,0xff,0xff,0xff,0xff,0xff,0xff,
  0xff,0xff,0xff,0xff,0xff,0xff,0xfc,0x1d,0x00,0x00,0x00,0x00,0x00,0x77,0xff,0xff,0xff,0xff,0xff,0xff,0xff,0xff,0xff,0xff,
  0xff,0xff,0xff,0xff,0x80,0x00,0x00,0x00,0x00,0x00,0xd9,0xff,0xff,0xff,0xff,0xff,0xff,0xff,0xff,0xff,0xff,0xff,0xff,0xff,
  0xff,0xe3,0x03,0x00,0x00,0x00,0x3f,0xff,0xff,0xff,0xc9,0x00,0x00,0x00,0x00,0x00,0x00,0x00,0x00,0xde,0xff,0xff,0xff,0x4d,
  0x00,0x00,0x00,0xa3,0xff,0xff,0xff,0x74,0x00,0x00,0x00,0x00,0x00,0x00,0x00,0x00,0x86,0xff,0xff,0xff,0xb4,0x00,0x00,0x0f,
  0xf6,0xff,0xff,0xff,0x20,0x00,0x00,0x00,0x00,0x00,0x00,0x00,0x00,0x2c,0xff,0xff,0xff,0xfd,0x1d,0x00,0x6b,0xff,0xff,0xff,
  0xca,0x00,0x00,0x00,0x00,0x00,0x00,0x00,0x00,0x00,0x00,0xd3,0xff,0xff,0xff,0x81,0x00,0xce,0xff,0xff,0xff,0x76,0x00,0x00,
  0x00,0x00,0x00,0x00,0x00,0x00,0x00,0x00,0x79,0xff,0xff,0xff,0xe4,0x03,0x00,0x00,0x00,0x00,0x00,0x00,0x00,0x00,0x00,0x17,
  0xf8,0xff,0xff,0xff,0xff,0xff,0xff,0xff,0xff,0xff,0xff,0xff,0xff,0xff,0xff,0xff,0xff,0xff,0x48,0x00,0x00,0x00,0x00,0x00,
  0x00,0x00,0x00,0x00,0x00,0x88,0xff,0xff,0xff,0xff,0xff,0xff,0xff,0xff,0xff,0xff,0xff,0xff,0xff,0xff,0xff,0xff,0xff,0xff,
  0x48,0x00,0x00,0x00,0x00,0x00,0x00,0x00,0x00,0x00,0x0e,0xf0,0xff,0xff,0xff,0xff,0xff,0xff,0xff,0xff,0xff,0xff,0xff,0xff,
  0xff,0xff,0xff,0xff,0xff,0xff,0x48,0x00,0x00,0x00,0x00,0x00,0x00,0x00,0x00,0x00,0x77,0xff,0xff,0xff,0x88,0x00,0xa8,0xff,
  0xff,0xff,0xff,0xff,0xff,0xff,0xff,0xff,0xff,0xff,0xff,0xff,0x48,0x00,0x00,0x00,0x00,0x00,0x00,0x00,0x00,0x07,0xe6,0xff,
  0xff,0xf5,0x15,0x00,0xa8,0xff,0xff,0xff,0x5c,0x00,0x00,0x00,0x00,0x00,0x00,0x00,0x00,0x00,0x00,0x00,0x00,0x00,0x00,0x00,
  0x00,0x00,0x00,0x66,0xff,0xff,0xff,0x8c,0x00,0x00,0xa8,0xff,0xff,0xff,0x5c,0x00,0x00,0x00,0x00,0x00,0x00,0x00,0x00,0x00,
  0x00,0x00,0x00,0x00,0x00,0x00,0x00,0x00,0x02,0xda,0xff,0xff,0xf6,0x17,0x00,0x00,0xa8,0xff,0xff,0xff,0x5c,0x00,0x00,0x00,
  0x00,0x00,0x00,0x00,0x00,0x00,0x00,0x00,0x00,0x00,0x00,0x00,0x00,0x00,0x55,0xff,0xff,0xff,0x90,0x00,0x00,0x00,0xa8,0xff,
  0xff,0xff,0xff,0xff,0xff,0xff,0xff,0xff,0xff,0xff,0xff,0x80,0x00,0x00,0x00,0x00,0x00,0x00,0x00,0x00,0xcc,0xff,0xff,0xf8,
  0x1a,0x00,0x00,0x00,0xa8,0xff,0xff,0xff,0xff,0xff,0xff,0xff,0xff,0xff,0xff,0xff,0xff,0x80,0x00,0x00,0x00,0x00,0x00,0x00,
  0x00,0x45,0xff,0xff,0xff,0x94,0x00,0x00,0x00,0x00,0xa8,0xff,0xff,0xff,0xff,0xff,0xff,0xff,0xff,0xff,0xff,0xff,0xff,0x80,
  0x00,0x00,0x00,0x00,0x00,0x00,0x00,0xbc,0xff,0xff,0xf9,0x1d,0x00,0x00,0x00,0x00,0xa8,0xff,0xff,0xff,0xff,0xff,0xff,0xff,
  0xff,0xff,0xff,0xff,0xff,0x80,0x00,0x00,0x00,0x00,0x00,0x00,0x34,0xff,0xff,0xff,0xff,0xff,0xff,0xff,0xff,0xff,0xff,0xff,
  0xff,0xff,0x5c,0x00,0x00,0x00,0x00,0x00,0x00,0x00,0x00,0x00,0x00,0x00,0x00,0x00,0x00,0x00,0xab,0xff,0xff,0xff,0xff,0xff,
  0xff,0xff,0xff,0xff,0xff,0xff,0xff,0xff,0x5c,0x00,0x00,0x00,0x00,0x00,0x00,0x00,0x00,0x00,0x00,0x00,0x00,0x00,0x00,0x25,
  0xfd,0xff,0xff,0xff,0xff,0xff,0xff,0xff,0xff,0xff,0xff,0xff,0xff,0xff,0x5c,0x00,0x00,0x00,0x00,0x00,0x00,0x00,0x00,0x00,
  0x00,0x00,0x00,0x00,0x00,0x9b,0xff,0xff,0xff,0xff,0xff,0xff,0xff,0xff,0xff,0xff,0xff,0xff,0xff,0xff,0x5c,0x00,0x00,0x00,
  0x00,0x00,0x00,0x00,0x00,0x00,0x00,0x00,0x00,0x00,0x19,0xf8,0xff,0xff,0xff,0x27,0x00,0x00,0x00,0x00,0x00,0x00,0xb0,0xff,
  0xff,0xff,0x5c,0x00,0x00,0x00,0x00,0x00,0x00,0x00,0x00,0x00,0x00,0x00,0x00,0x00,0x8a,0xff,0xff,0xff,0xbe,0x00,0x00,0x00,
  0x00,0x00,0x00,0x00,0xb0,0xff,0xff,0xff,0xff,0xff,0xff,0xff,0xff,0xff,0xff,0xff,0xff,0xff,0xa4,0x00,0x00,0x0f,0xf1,0xff,
  0xff,0xff,0x55,0x00,0x00,0x00,0x00,0x00,0x00,0x00,0xb0,0xff,0xff,0xff,0xff,0xff,0xff,0xff,0xff,0xff,0xff,0xff,0xff,0xff,
  0xa4,0x00,0x00,0x79,0xff,0xff,0xff,0xe7,0x05,0x00,0x00,0x00,0x00,0x00,0x00,0x00,0xb0,0xff,0xff,0xff,0xff,0xff,0xff,0xff,
  0xff,0xff,0xff,0xff,0xff,0xff,0xa4,0x00,0x08,0xe8,0xff,0xff,0xff,0x84,0x00,0x00,0x00,0x00,0x00,0x00,0x00,0x00,0xb0,0xff,
  0xff,0xff,0xff,0xff,0xff,0xff,0xff,0xff,0xff,0xff,0xff,0xff,0xa4,0x00,0x00,0x00,0x00,0x00,0x00,0x00,0x23,0x7f,0xc4,0xe5,
  0xf9,0xef,0xd4,0x95,0x38,0x00,0x00,0x00,0x00,0x00,0x00,0x00,0x00,0x00,0x09,0x95,0xfb,0xff,0xff,0xff,0xff,0xff,0xff,0xff,
  0xff,0xae,0x10,0x00,0x00,0x00,0x00,0x00,0x00,0x13,0xca,0xff,0xff,0xff,0xff,0xff,0xff,0xff,0xff,0xff,0xff,0xff,0xd8,0x13,
  0x00,0x00,0x00,0x00,0x02,0xb8,0xff,0xff,0xff,0xff,0xff,0xff,0xff,0xff,0xff,0xff,0xff,0xff,0xff,0xab,0x00,0x00,0x00,0x00,
  0x62,0xff,0xff,0xff,0xff,0xda,0x5e,0x1a,0x07,0x23,0x74,0xec,0xff,0xff,0xff,0xff,0x30,0x00,0x00,0x01,0xd8,0xff,0xff,0xff,
  0xc7,0x0d,0x00,0x00,0x00,0x00,0x00,0x2b,0xee,0xff,0xff,0xff,0x91,0x00,0x00,0x2d,0xff,0xff,0xff,0xfe,0x27,0x00,0x00,0x00,
  0x00,0x00,0x00,0x00,0x7e,0xcf,0x8f,0x4f,0x11,0x00,0x00,0x6a,0xff,0xff,0xff,0xc9,0x00,0x00,0x00,0x00,0x00,0x00,0x00,0x00,
  0x00,0x00,0x00,0x00,0x00,0x00,0x00,0x8e,0xff,0xff,0xff,0x98,0x00,0x00,0x00,0x00,0x00,0x00,0x00,0x00,0x00,0x00,0x00,0x00,
  0x00,0x00,0x00,0xa0,0xff,0xff,0xff,0x85,0x00,0x00,0x00,0x00,0x00,0x00,0x00,0x00,0x00,0x00,0x00,0x00,0x00,0x00,0x00,0xa5,
  0xff,0xff,0xff,0x88,0x00,0x00,0x00,0x00,0x00,0x00,0x00,0x00,0x00,0x00,0x00,0x00,0x00,0x00,0x00,0x93,0xff,0xff,0xff,0x9b,
  0x00,0x00,0x00,0x00,0x00,0x00,0x00,0x00,0x00,0x00,0x00,0x00,0x00,0x00,0x00,0x76,0xff,0xff,0xff,0xcd,0x00,0x00,0x00,0x00,
  0x00,0x00,0x00,0x00,0x4a,0xd5,0x94,0x53,0x13,0x00,0x00,0x39,0xff,0xff,0xff,0xff,0x28,0x00,0x00,0x00,0x00,0x00,0x00,0x00,
  0xad,0xff,0xff,0xff,0x9e,0x00,0x00,0x04,0xe4,0xff,0xff,0xff,0xc5,0x0b,0x00,0x00,0x00,0x00,0x00,0x51,0xff,0xff,0xff,0xff,
  0x4b,0x00,0x00,0x00,0x70,0xff,0xff,0xff,0xff,0xd7,0x59,0x16,0x08,0x2c,0x90,0xfa,0xff,0xff,0xff,0xd9,0x02,0x00,0x00,0x00,
  0x05,0xc5,0xff,0xff,0xff,0xff,0xff,0xff,0xff,0xff,0xff,0xff,0xff,0xff,0xff,0x4d,0x00,0x00,0x00,0x00,0x00,0x19,0xd4,0xff,
  0xff,0xff,0xff,0xff,0xff,0xff,0xff,0xff,0xff,0xff,0x8a,0x00,0x00,0x00,0x00,0x00,0x00,0x00,0x0e,0xa3,0xfe,0xff,0xff,0xff,
  0xff,0xff,0xff,0xff,0xf8,0x76,0x00,0x00,0x00,0x00,0x00,0x00,0x00,0x00,0x00,0x00,0x2d,0x8a,0xcd,0xeb,0xfb,0xed,0xc7,0x83,
  0x1d,0x00,0x00,0x00,0x00,0x00,0x00,0x00,0x00,0x00,0x00,0x00,0x00,0x13,0xcc,0xe8,0xf7,0xdc,0x84,0x06,0x00,0x00,0x00,0x00,
  0x00,0x00,0x00,0x00,0x00,0x00,0x00,0x00,0x00,0x10,0x1a,0x07,0x4a,0xfb,0xff,0x8c,0x00,0x00,0x00,0x00,0x00,0x00,0x00,0x00,
  0x00,0x00,0x00,0x00,0x00,0x00,0x00,0x00,0x00,0xd9,0xff,0xbd,0x00,0x00,0x00,0x00,0x00,0x00,0x00,0x00,0x00,0x00,0x00,0x00,
  0x16,0x16,0x06,0x11,0x6f,0xfe,0xfe,0x5a,0x00,0x00,0x00,0x00,0x00,0x00,0x00,0x00,0x00,0x00,0x00,0x00,0xa4,0xff,0xff,0xfa,
  0xe4,0xac,0x41,0x00,0x00,0x00,0x00,0x00,0x00,0x00,0x00,0x00,0x00,0x00,0x00,0x16,0xd9,0xff,0xff,0xfc,0x23,0x00,0x00,0x00,
  0x00,0x00,0x00,0x00,0x00,0x00,0x00,0x00,0x00,0x00,0x00,0x1d,0xe1,0xff,0xff,0x98,0x00,0x00,0x00,0x00,0x00,0x00,0x00,0x00,
  0x00,0x00,0x00,0x00,0x00,0x00,0x00,0x25,0xe8,0xff,0xf8,0x19,0x00,0x00,0x00,0x00,0x00,0x00,0x00,0x00,0x00,0x00,0x00,0x00,
  0x00,0x00,0x00,0x2e,0xee,0xff,0x8b,0x00,0x00,0x00,0x00,0x00,0x00,0x00,0x00,0x00,0x00,0x00,0x00,0x00,0x00,0x00,0x00,0x00,
  0x00,0x00,0x00,0x00,0x00,0x00,0x00,0x00,0x00,0x00,0x00,0x00,0x00,0x00,0x00,0x00,0x00,0x00,0x00,0x00,0x00,0x00,0x00,0x00,
  0x00,0x00,0x00,0x00,0x00,0x00,0xf8,0xff,0xff,0xff,0xff,0xff,0xff,0xff,0xff,0xff,0xff,0xff,0xff,0xff,0xe8,0x00,0x00,0x00,
  0x00,0xf8,0xff,0xff,0xff,0xff,0xff,0xff,0xff,0xff,0xff,0xff,0xff,0xff,0xff,0xe8,0x00,0x00,0x00,0x00,0xf8,0xff,0xff,0xff,
  0xff,0xff,0xff,0xff,0xff,0xff,0xff,0xff,0xff,0xff,0xe8,0x00,0x00,0x00,0x00,0xf8,0xff,0xff,0xff,0xff,0xff,0xff,0xff,0xff,
  0xff,0xff,0xff,0xff,0xff,0xe8,0x00,0x00,0x00,0x00,0xf8,0xff,0xff,0xff,0x14,0x00,0x00,0x00,0x00,0x00,0x00,0x00,0x00,0x00,
  0x00,0x00,0x00,0x00,0x00,0xf8,0xff,0xff,0xff,0x14,0x00,0x00,0x00,0x00,0x00,0x00,0x00,0x00,0x00,0x00,0x00,0x00,0x00,0x00,
  0xf8,0xff,0xff,0xff,0x14,0x00,0x00,0x00,0x00,0x00,0x00,0x00,0x00,0x00,0x00,0x00,0x00,0x00,0x00,0xf8,0xff,0xff,0xff,0x14,
  0x00,0x00,0x00,0x00,0x00,0x00,0x00,0x00,0x00,0x00,0x00,0x00,0x00,0x00,0xf8,0xff,0xff,0xff,0xff,0xff,0xff,0xff,0xff,0xff,
  0xff,0xff,0xff,0xff,0x24,0x00,0x00,0x00,0x00,0xf8,0xff,0xff,0xff,0xff,0xff,0xff,0xff,0xff,0xff,0xff,0xff,0xff,0xff,0x24,
  0x00,0x00,0x00,0x00,0xf8,0xff,0xff,0xff,0xff,0xff,0xff,0xff,0xff,0xff,0xff,0xff,0xff,0xff,0x24,0x00,0x00,0x00,0x00,0xf8,
  0xff,0xff,0xff,0xff,0xff,0xff,0xff,0xff,0xff,0xff,0xff,0xff,0xff,0x24,0x00,0x00,0x00,0x00,0xf8,0xff,0xff,0xff,0x14,0x00,
  0x00,0x00,0x00,0x00,0x00,0x00,0x00,0x00,0x00,0x00,0x00,0x00,0x00,0xf8,0xff,0xff,0xff,0x14,0x00,0x00,0x00,0x00,0x00,0x00,
  0x00,0x00,0x00,0x00,0x00,0x00,0x00,0x00,0xf8,0xff,0xff,0xff,0x14,0x00,0x00,0x00,0x00,0x00,0x00,0x00,0x00,0x00,0x00,0x00,
  0x00,0x00,0x00,0xf8,0xff,0xff,0xff,0x14,0x00,0x00,0x00,0x00,0x00,0x00,0x00,0x00,0x00,0x00,0x00,0x00,0x00,0x00,0xf8,0xff,
  0xff,0xff,0xff,0xff,0xff,0xff,0xff,0xff,0xff,0xff,0xff,0xff,0xff,0x48,0x00,0x00,0x00,0xf8,0xff,0xff,0xff,0xff,0xff,0xff,
  0xff,0xff,0xff,0xff,0xff,0xff,0xff,0xff,0x48,0x00,0x00,0x00,0xf8,0xff,0xff,0xff,0xff,0xff,0xff,0xff,0xff,0xff,0xff,0xff,
  0xff,0xff,0xff,0x48,0x00,0x00,0x00,0xf8,0xff,0xff,0xff,0xff,0xff,0xff,0xff,0xff,0xff,0xff,0xff,0xff,0xff,0xff,0x48,0x00,
  0x00,0x00,0x00,0x00,0x00,0x00,0x00,0x00,0x2d,0xfe,0xff,0xff,0xd4,0x12,0x00,0x00,0x00,0x00,0x00,0x00,0x00,0x00,0x00,0x00,
  0x00,0x00,0x00,0xa5,0xff,0xff,0xdc,0x19,0x00,0x00,0x00,0x00,0x00,0x00,0x00,0x00,0x00,0x00,0x00,0x00,0x00,0x20,0xfb,0xff,
  0xe4,0x20,0x00,0x00,0x00,0x00,0x00,0x00,0x00,0x00,0x00,0x00,0x00,0x00,0x00,0x00,0x94,0xff,0xeb,0x29,0x00,0x00,0x00,0x00,
  0x00,0x00,0x00,0x00,0x00,0x00,0x00,0x00,0x00,0x00,0x00,0x00,0x00,0x00,0x00,0x00,0x00,0x00,0x00,0x00,0x00,0x00,0x00,0x00,
  0x00,0x00,0x00,0x00,0x00,0x00,0x00,0x00,0x00,0x00,0x00,0x00,0x00,0x00,0x00,0x00,0x00,0x00,0x00,0x00,0xf8,0xff,0xff,0xff,
  0xff,0xff,0xff,0xff,0xff,0xff,0xff,0xff,0xff,0xff,0xe8,0x00,0x00,0x00,0x00,0xf8,0xff,0xff,0xff,0xff,0xff,0xff,0xff,0xff,
  0xff,0xff,0xff,0xff,0xff,0xe8,0x00,0x00,0x00,0x00,0xf8,0xff,0xff,0xff,0xff,0xff,0xff,0xff,0xff,0xff,0xff,0xff,0xff,0xff,
  0xe8,0x00,0x00,0x00,0x00,0xf8,0xff,0xff,0xff,0xff,0xff,0xff,0xff,0xff,0xff,0xff,0xff,0xff,0xff,0xe8,0x00,0x00,0x00,0x00,
  0xf8,0xff,0xff,0xff,0x14,0x00,0x00,0x00,0x00,0x00,0x00,0x00,0x00,0x00,0x00,0x00,0x00,0x00,0x00,0xf8,0xff,0xff,0xff,0x14,
  0x00,0x00,0x00,0x00,0x00,0x00,0x00,0x00,0x00,0x00,0x00,0x00,0x00,0x00,0xf8,0xff,0xff,0xff,0x14,0x00,0x00,0x00,0x00,0x00,
  0x00,0x00,0x00,0x00,0x00,0x00,0x00,0x00,0x00,0xf8,0xff,0xff,0xff,0x14,0x00,0x00,0x00,0x00,0x00,0x00,0x00,0x00,0x00,0x00,
  0x00,0x00,0x00,0x00,0xf8,0xff,0xff,0xff,0xff,0xff,0xff,0xff,0xff,0xff,0xff,0xff,0xff,0xff,0x24,0x00,0x00,0x00,0x00,0xf8,
  0xff,0xff,0xff,0xff,0xff,0xff,0xff,0xff,0xff,0xff,0xff,0xff,0xff,0x24,0x00,0x00,0x00,0x00,0xf8,0xff,0xff,0xff,0xff,0xff,
  0xff,0xff,0xff,0xff,0xff,0xff,0xff,0xff,0x24,0x00,0x00,0x00,0x00,0xf8,0xff,0xff,0xff,0xff,0xff,0xff,0xff,0xff,0xff,0xff,
  0xff,0xff,0xff,0x24,0x00,0x00,0x00,0x00,0xf8,0xff,0xff,0xff,0x14,0x00,0x00,0x00,0x00,0x00,0x00,0x00,0x00,0x00,0x00,0x00,
  0x00,0x00,0x00,0xf8,0xff,0xff,0xff,0x14,0x00,0x00,0x00,0x00,0x00,0x00,0x00,0x00,0x00,0x00,0x00,0x00,0x00,0x00,0xf8,0xff,
  0xff,0xff,0x14,0x00,0x00,0x00,0x00,0x00,0x00,0x00,0x00,0x00,0x00,0x00,0x00,0x00,0x00,0xf8,0xff,0xff,0xff,0x14,0x00,0x00,
  0x00,0x00,0x00,0x00,0x00,0x00,0x00,0x00,0x00,0x00,0x00,0x00,0xf8,0xff,0xff,0xff,0xff,0xff,0xff,0xff,0xff,0xff,0xff,0xff,
  0xff,0xff,0xff,0x48,0x00,0x00,0x00,0xf8,0xff,0xff,0xff,0xff,0xff,0xff,0xff,0xff,0xff,0xff,0xff,0xff,0xff,0xff,0x48,0x00,
  0x00,0x00,0xf8,0xff,0xff,0xff,0xff,0xff,0xff,0xff,0xff,0xff,0xff,0xff,0xff,0xff,0xff,0x48,0x00,0x00,0x00,0xf8,0xff,0xff,
  0xff,0xff,0xff,0xff,0xff,0xff,0xff,0xff,0xff,0xff,0xff,0xff,0x48,0x00,0x00,0x00,0x00,0x00,0x00,0x00,0x09,0xd6,0xff,0xff,
  0xff,0x61,0x00,0x00,0x00,0x00,0x00,0x00,0x00,0x00,0x00,0x00,0x00,0x00,0x00,0x99,0xff,0xff,0xff,0xff,0xf3,0x23,0x00,0x00,
  0x00,0x00,0x00,0x00,0x00,0x00,0x00,0x00,0x00,0x50,0xff,0xff,0xca,0x71,0xff,0xff,0xc7,0x04,0x00,0x00,0x00,0x00,0x00,0x00,
  0x00,0x00,0x00,0x1b,0xed,0xff,0xf0,0x21,0x00,0xa1,0xff,0xff,0x81,0x00,0x00,0x00,0x00,0x00,0x00,0x00,0x00,0x00,0x00,0x00,
  0x00,0x00,0x00,0x00,0x00,0x00,0x00,0x00,0x00,0x00,0x00,0x00,0x00,0x00,0x00,0x00,0x00,0x00,0x00,0x00,0x00,0x00,0x00,0x00,
  0x00,0x00,0x00,0x00,0x00,0x00,0x00,0x00,0x00,0x00,0xf8,0xff,0xff,0xff,0xff,0xff,0xff,0xff,0xff,0xff,0xff,0xff,0xff,0xff,
  0xe8,0x00,0x00,0x00,0x00,0xf8,0xff,0xff,0xff,0xff,0xff,0xff,0xff,0xff,0xff,0xff,0xff,0xff,0xff,0xe8,0x00,0x00,0x00,0x00,
  0xf8,0xff,0xff,0xff,0xff,0xff,0xff,0xff,0xff,0xff,0xff,0xff,0xff,0xff,0xe8,0x00,0x00,0x00,0x00,0xf8,0xff,0xff,0xff,0xff,
  0xff,0xff,0xff,0xff,0xff,0xff,0xff,0xff,0xff,0xe8,0x00,0x00,0x00,0x00,0xf8,0xff,0xff,0xff,0x14,0x00,0x00,0x00,0x00,0x00,
  0x00,0x00,0x00,0x00,0x00,0x00,0x00,0x00,0x00,0xf8,0xff,0xff,0xff,0x14,0x00,0x00,0x00,0x00,0x00,0x00,0x00,0x00,0x00,0x00,
  0x00,0x00,0x00,0x00,0xf8,0xff,0xff,0xff,0x14,0x00,0x00,0x00,0x00,0x00,0x00,0x00,0x00,0x00,0x00,0x00,0x00,0x00,0x00,0xf8,
  0xff,0xff,0xff,0x14,0x00,0x00,0x00,0x00,0x00,0x00,0x00,0x00,0x00,0x00,0x00,0x00,0x00,0x00,0xf8,0xff,0xff,0xff,0xff,0xff,
  0xff,0xff,0xff,0xff,0xff,0xff,0xff,0xff,0x24,0x00,0x00,0x00,0x00,0xf8,0xff,0xff,0xff,0xff,0xff,0xff,0xff,0xff,0xff,0xff,
  0xff,0xff,0xff,0x24,0x00,0x00,0x00,0x00,0xf8,0xff,0xff,0xff,0xff,0xff,0xff,0xff,0xff,0xff,0xff,0xff,0xff,0xff,0x24,0x00,
  0x00,0x00,0x00,0xf8,0xff,0xff,0xff,0xff,0xff,0xff,0xff,0xff,0xff,0xff,0xff,0xff,0xff,0x24,0x00,0x00,0x00,0x00,0xf8,0xff,
  0xff,0xff,0x14,0x00,0x00,0x00,0x00,0x00,0x00,0x00,0x00,0x00,0x00,0x00,0x00,0x00,0x00,0xf8,0xff,0xff,0xff,0x14,0x00,0x00,
  0x00,0x00,0x00,0x00,0x00,0x00,0x00,0x00,0x00,0x00,0x00,0x00,0xf8,0xff,0xff,0xff,0x14,0x00,0x00,0x00,0x00,0x00,0x00,0x00,
  0x00,0x00,0x00,0x00,0x00,0x00,0x00,0xf8,0xff,0xff,0xff,0x14,0x00,0x00,0x00,0x00,0x00,0x00,0x00,0x00,0x00,0x00,0x00,0x00,
  0x00,0x00,0xf8,0xff,0xff,0xff,0xff,0xff,0xff,0xff,0xff,0xff,0xff,0xff,0xff,0xff,0xff,0x48,0x00,0x00,0x00,0xf8,0xff,0xff,
  0xff,0xff,0xff,0xff,0xff,0xff,0xff,0xff,0xff,0xff,0xff,0xff,0x48,0x00,0x00,0x00,0xf8,0xff,0xff,0xff,0xff,0xff,0xff,0xff,
  0xff,0xff,0xff,0xff,0xff,0xff,0xff,0x48,0x00,0x00,0x00,0xf8,0xff,0xff,0xff,0xff,0xff,0xff,0xff,0xff,0xff,0xff,0xff,0xff,
  0xff,0xff,0x48,0x00,0x00,0x00,0x00,0x00,0x2c,0xff,0xff,0xff,0x20,0x00,0x48,0xff,0xff,0xff,0x04,0x00,0x00,0x00,0x00,0x00,
  0x00,0x00,0x00,0x2c,0xff,0xff,0xff,0x20,0x00,0x48,0xff,0xff,0xff,0x04,0x00,0x00,0x00,0x00,0x00,0x00,0x00,0x00,0x2c,0xff,
  0xff,0xff,0x20,0x00,0x48,0xff,0xff,0xff,0x04,0x00,0x00,0x00,0x00,0x00,0x00,0x00,0x00,0x00,0x00,0x00,0x00,0x00,0x00,0x00,
  0x00,0x00,0x00,0x00,0x00,0x00,0x00,0x00,0x00,0x00,0x00,0x00,0x00,0x00,0x00,0x00,0x00,0x00,0x00,0x00,0x00,0x00,0x00,0x00,
  0x00,0x00,0x00,0x00,0x00,0xf8,0xff,0xff,0xff,0xff,0xff,0xff,0xff,0xff,0xff,0xff,0xff,0xff,0xff,0xe8,0x00,0x00,0x00,0x00,
  0xf8,0xff,0xff,0xff,0xff,0xff,0xff,0xff,0xff,0xff,0xff,0xff,0xff,0xff,0xe8,0x00,0x00,0x00,0x00,0xf8,0xff,0xff,0xff,0xff,
  0xff,0xff,0xff,0xff,0xff,0xff,0xff,0xff,0xff,0xe8,0x00,0x00,0x00,0x00,0xf8,0xff,0xff,0xff,0xff,0xff,0xff,0xff,0xff,0xff,
  0xff,0xff,0xff,0xff,0xe8,0x00,0x00,0x00,0x00,0xf8,0xff,0xff,0xff,0x14,0x00,0x00,0x00,0x00,0x00,0x00,0x00,0x00,0x00,0x00,
  0x00,0x00,0x00,0x00,0xf8,0xff,0xff,0xff,0x14,0x00,0x00,0x00,0x00,0x00,0x00,0x00,0x00,0x00,0x00,0x00,0x00,0x00,0x00,0xf8,
  0xff,0xff,0xff,0x14,0x00,0x00,0x00,0x00,0x00,0x00,0x00,0x00,0x00,0x00,0x00,0x00,0x00,0x00,0xf8,0xff,0xff,0xff,0x14,0x00,
  0x00,0x00,0x00,0x00,0x00,0x00,0x00,0x00,0x00,0x00,0x00,0x00,0x00,0xf8,0xff,0xff,0xff,0xff,0xff,0xff,0xff,0xff,0xff,0xff,
  0xff,0xff,0xff,0x24,0x00,0x00,0x00,0x00,0xf8,0xff,0xff,0xff,0xff,0xff,0xff,0xff,0xff,0xff,0xff,0xff,0xff,0xff,0x24,0x00,
  0x00,0x00,0x00,0xf8,0xff,0xff,0xff,0xff,0xff,0xff,0xff,0xff,0xff,0xff,0xff,0xff,0xff,0x24,0x00,0x00,0x00,0x00,0xf8,0xff,
  0xff,0xff,0xff,0xff,0xff,0xff,0xff,0xff,0xff,0xff,0xff,0xff,0x24,0x00,0x00,0x00,0x00,0xf8,0xff,0xff,0xff,0x14,0x00,0x00,
  0x00,0x00,0x00,0x00,0x00,0x00,0x00,0x00,0x00,0x00,0x00,0x00,0xf8,0xff,0xff,0xff,0x14,0x00,0x00,0x00,0x00,0x00,0x00,0x00,
  0x00,0x00,0x00,0x00,0x00,0x00,0x00,0xf8,0xff,0xff,0xff,0x14,0x00,0x00,0x00,0x00,0x00,0x00,0x00,0x00,0x00,0x00,0x00,0x00,
  0x00,0x00,0xf8,0xff,0xff,0xff,0x14,0x00,0x00,0x00,0x00,0x00,0x00,0x00,0x00,0x00,0x00,0x00,0x00,0x00,0x00,0xf8,0xff,0xff,
  0xff,0xff,0xff,0xff,0xff,0xff,0xff,0xff,0xff,0xff,0xff,0xff,0x48,0x00,0x00,0x00,0xf8,0xff,0xff,0xff,0xff,0xff,0xff,0xff,
  0xff,0xff,0xff,0xff,0xff,0xff,0xff,0x48,0x00,0x00,0x00,0xf8,0xff,0xff,0xff,0xff,0xff,0xff,0xff,0xff,0xff,0xff,0xff,0xff,
  0xff,0xff,0x48,0x00,0x00,0x00,0xf8,0xff,0xff,0xff,0xff,0xff,0xff,0xff,0xff,0xff,0xff,0xff,0xff,0xff,0xff,0x48,0x00,0x02,
  0xa9,0xff,0xff,0xff,0x63,0x00,0x00,0x00,0x00,0x05,0xb5,0xff,0xff,0xda,0x02,0x00,0x00,0x00,0x00,0x09,0xc1,0xff,0xff,0x55,
  0x00,0x00,0x00,0x00,0x00,0x0d,0xcb,0xff,0xce,0x00,0x00,0x00,0x00,0x00,0x00,0x00,0x00,0x00,0x00,0x00,0x00,0x00,0x00,0x00,
  0x00,0x00,0x00,0x00,0x00,0x00,0x00,0x14,0xff,0xff,0xff,0xf8,0x00,0x00,0x00,0x00,0x14,0xff,0xff,0xff,0xf8,0x00,0x00,0x00,
  0x00,0x14,0xff,0xff,0xff,0xf8,0x00,0x00,0x00,0x00,0x14,0xff,0xff,0xff,0xf8,0x00,0x00,0x00,0x00,0x14,0xff,0xff,0xff,0xf8,
  0x00,0x00,0x00,0x00,0x14,0xff,0xff,0xff,0xf8,0x00,0x00,0x00,0x00,0x14,0xff,0xff,0xff,0xf8,0x00,0x00,0x00,0x00,0x14,0xff,
  0xff,0xff,0xf8,0x00,0x00,0x00,0x00,0x14,0xff,0xff,0xff,0xf8,0x00,0x00,0x00,0x00,0x14,0xff,0xff,0xff,0xf8,0x00,0x00,0x00,
  0x00,0x14,0xff,0xff,0xff,0xf8,0x00,0x00,0x00,0x00,0x14,0xff,0xff,0xff,0xf8,0x00,0x00,0x00,0x00,0x14,0xff,0xff,0xff,0xf8,
  0x00,0x00,0x00,0x00,0x14,0xff,0xff,0xff,0xf8,0x00,0x00,0x00,0x00,0x14,0xff,0xff,0xff,0xf8,0x00,0x00,0x00,0x00,0x14,0xff,
  0xff,0xff,0xf8,0x00,0x00,0x00,0x00,0x14,0xff,0xff,0xff,0xf8,0x00,0x00,0x00,0x00,0x14,0xff,0xff,0xff,0xf8,0x00,0x00,0x00,
  0x00,0x14,0xff,0xff,0xff,0xf8,0x00,0x00,0x00,0x00,0x14,0xff,0xff,0xff,0xf8,0x00,0x00,0x00,0x00,0x05,0xe2,0xff,0xff,0xf3,
  0x37,0x00,0x00,0x61,0xff,0xff,0xf8,0x42,0x00,0x00,0x01,0xd6,0xff,0xfb,0x4e,0x00,0x00,0x00,0x50,0xff,0xfd,0x5a,0x00,0x00,
  0x00,0x00,0x00,0x00,0x00,0x00,0x00,0x00,0x00,0x00,0x00,0x00,0x00,0x00,0x00,0x00,0x00,0x00,0x14,0xff,0xff,0xff,0xf8,0x00,
  0x00,0x00,0x14,0xff,0xff,0xff,0xf8,0x00,0x00,0x00,0x14,0xff,0xff,0xff,0xf8,0x00,0x00,0x00,0x14,0xff,0xff,0xff,0xf8,0x00,
  0x00,0x00,0x14,0xff,0xff,0xff,0xf8,0x00,0x00,0x00,0x14,0xff,0xff,0xff,0xf8,0x00,0x00,0x00,0x14,0xff,0xff,0xff,0xf8,0x00,
  0x00,0x00,0x14,0xff,0xff,0xff,0xf8,0x00,0x00,0x00,0x14,0xff,0xff,0xff,0xf8,0x00,0x00,0x00,0x14,0xff,0xff,0xff,0xf8,0x00,
  0x00,0x00,0x14,0xff,0xff,0xff,0xf8,0x00,0x00,0x00,0x14,0xff,0xff,0xff,0xf8,0x00,0x00,0x00,0x14,0xff,0xff,0xff,0xf8,0x00,
  0x00,0x00,0x14,0xff,0xff,0xff,0xf8,0x00,0x00,0x00,0x14,0xff,0xff,0xff,0xf8,0x00,0x00,0x00,0x14,0xff,0xff,0xff,0xf8,0x00,
  0x00,0x00,0x14,0xff,0xff,0xff,0xf8,0x00,0x00,0x00,0x14,0xff,0xff,0xff,0xf8,0x00,0x00,0x00,0x14,0xff,0xff,0xff,0xf8,0x00,
  0x00,0x00,0x14,0xff,0xff,0xff,0xf8,0x00,0x00,0x00,0x00,0x1d,0xee,0xff,0xff,0xfc,0x39,0x00,0x00,0x00,0x02,0xc1,0xff,0xff,
  0xff,0xff,0xdd,0x0d,0x00,0x00,0x7d,0xff,0xff,0xa4,0x98,0xff,0xff,0x9f,0x00,0x38,0xfb,0xff,0xda,0x0c,0x06,0xc7,0xff,0xff,
  0x55,0x00,0x00,0x00,0x00,0x00,0x00,0x00,0x00,0x00,0x00,0x00,0x00,0x00,0x00,0x00,0x00,0x00,0x00,0x00,0x00,0x00,0x00,0x14,
  0xff,0xff,0xff,0xf8,0x00,0x00,0x00,0x00,0x00,0x14,0xff,0xff,0xff,0xf8,0x00,0x00,0x00,0x00,0x00,0x14,0xff,0xff,0xff,0xf8,
  0x00,0x00,0x00,0x00,0x00,0x14,0xff,0xff,0xff,0xf8,0x00,0x00,0x00,0x00,0x00,0x14,0xff,0xff,0xff,0xf8,0x00,0x00,0x00,0x00,
  0x00,0x14,0xff,0xff,0xff,0xf8,0x00,0x00,0x00,0x00,0x00,0x14,0xff,0xff,0xff,0xf8,0x00,0x00,0x00,0x00,0x00,0x14,0xff,0xff,
  0xff,0xf8,0x00,0x00,0x00,0x00,0x00,0x14,0xff,0xff,0xff,0xf8,0x00,0x00,0x00,0x00,0x00,0x14,0xff,0xff,0xff,0xf8,0x00,0x00,
  0x00,0x00,0x00,0x14,0xff,0xff,0xff,0xf8,0x00,0x00,0x00,0x00,0x00,0x14,0xff,0xff,0xff,0xf8,0x00,0x00,0x00,0x00,0x00,0x14,
  0xff,0xff,0xff,0xf8,0x00,0x00,0x00,0x00,0x00,0x14,0xff,0xff,0xff,0xf8,0x00,0x00,0x00,0x00,0x00,0x14,0xff,0xff,0xff,0xf8,
  0x00,0x00,0x00,0x00,0x00,0x14,0xff,0xff,0xff,0xf8,0x00,0x00,0x00,0x00,0x00,0x14,0xff,0xff,0xff,0xf8,0x00,0x00,0x00,0x00,
  0x00,0x14,0xff,0xff,0xff,0xf8,0x00,0x00,0x00,0x00,0x00,0x14,0xff,0xff,0xff,0xf8,0x00,0x00,0x00,0x00,0x00,0x14,0xff,0xff,
  0xff,0xf8,0x00,0x00,0x00,0xa0,0xff,0xff,0xac,0x00,0x00,0xbc,0xff,0xff,0x90,0xa0,0xff,0xff,0xac,0x00,0x00,0xbc,0xff,0xff,
  0x90,0xa0,0xff,0xff,0xac,0x00,0x00,0xbc,0xff,0xff,0x90,0x00,0x00,0x00,0x00,0x00,0x00,0x00,0x00,0x00,0x00,0x00,0x00,0x00,
  0x00,0x00,0x00,0x00,0x00,0x00,0x00,0x00,0x00,0x14,0xff,0xff,0xff,0xf8,0x00,0x00,0x00,0x00,0x00,0x14,0xff,0xff,0xff,0xf8,
  0x00,0x00,0x00,0x00,0x00,0x14,0xff,0xff,0xff,0xf8,0x00,0x00,0x00,0x00,0x00,0x14,0xff,0xff,0xff,0xf8,0x00,0x00,0x00,0x00,
  0x00,0x14,0xff,0xff,0xff,0xf8,0x00,0x00,0x00,0x00,0x00,0x14,0xff,0xff,0xff,0xf8,0x00,0x00,0x00,0x00,0x00,0x14,0xff,0xff,
  0xff,0xf8,0x00,0x00,0x00,0x00,0x00,0x14,0xff,0xff,0xff,0xf8,0x00,0x00,0x00,0x00,0x00,0x14,0xff,0xff,0xff,0xf8,0x00,0x00,
  0x00,0x00,0x00,0x14,0xff,0xff,0xff,0xf8,0x00,0x00,0x00,0x00,0x00,0x14,0xff,0xff,0xff,0xf8,0x00,0x00,0x00,0x00,0x00,0x14,
  0xff,0xff,0xff,0xf8,0x00,0x00,0x00,0x00,0x00,0x14,0xff,0xff,0xff,0xf8,0x00,0x00,0x00,0x00,0x00,0x14,0xff,0xff,0xff,0xf8,
  0x00,0x00,0x00,0x00,0x00,0x14,0xff,0xff,0xff,0xf8,0x00,0x00,0x00,0x00,0x00,0x14,0xff,0xff,0xff,0xf8,0x00,0x00,0x00,0x00,
  0x00,0x14,0xff,0xff,0xff,0xf8,0x00,0x00,0x00,0x00,0x00,0x14,0xff,0xff,0xff,0xf8,0x00,0x00,0x00,0x00,0x00,0x14,0xff,0xff,
  0xff,0xf8,0x00,0x00,0x00,0x00,0x00,0x14,0xff,0xff,0xff,0xf8,0x00,0x00,0x00,0x00,0x00,0x00,0xf8,0xff,0xff,0xff,0xff,0xff,
  0xff,0xfe,0xf8,0xe8,0xc6,0x80,0x17,0x00,0x00,0x00,0x00,0x00,0x00,0x00,0x00,0xf8,0xff,0xff,0xff,0xff,0xff,0xff,0xff,0xff,
  0xff,0xff,0xff,0xf8,0x66,0x00,0x00,0x00,0x00,0x00,0x00,0x00,0xf8,0xff,0xff,0xff,0xff,0xff,0xff,0xff,0xff,0xff,0xff,0xff,
  0xff,0xff,0x77,0x00,0x00,0x00,0x00,0x00,0x00,0xf8,0xff,0xff,0xff,0xff,0xff,0xff,0xff,0xff,0xff,0xff,0xff,0xff,0xff,0xfc,
  0x3b,0x00,0x00,0x00,0x00,0x00,0xf8,0xff,0xff,0xff,0x14,0x00,0x02,0x08,0x16,0x42,0xa9,0xff,0xff,0xff,0xff,0xbe,0x00,0x00,
  0x00,0x00,0x00,0xf8,0xff,0xff,0xff,0x14,0x00,0x00,0x00,0x00,0x00,0x00,0x80,0xff,0xff,0xff,0xff,0x2a,0x00,0x00,0x00,0x00,
  0xf8,0xff,0xff,0xff,0x14,0x00,0x00,0x00,0x00,0x00,0x00,0x04,0xe1,0xff,0xff,0xff,0x6b,0x00,0x00,0x00,0x00,0xf8,0xff,0xff,
  0xff,0x14,0x00,0x00,0x00,0x00,0x00,0x00,0x00,0x97,0xff,0xff,0xff,0xa2,0x00,0x0c,0xff,0xff,0xff,0xff,0xff,0xff,0xff,0xff,
  0xff,0xff,0x5c,0x00,0x00,0x00,0x6d,0xff,0xff,0xff,0xbc,0x00,0x0c,0xff,0xff,0xff,0xff,0xff,0xff,0xff,0xff,0xff,0xff,0x5c,
  0x00,0x00,0x00,0x5f,0xff,0xff,0xff,0xcc,0x00,0x0c,0xff,0xff,0xff,0xff,0xff,0xff,0xff,0xff,0xff,0xff,0x5c,0x00,0x00,0x00,
  0x5c,0xff,0xff,0xff,0xd1,0x00,0x00,0x00,0x00,0xf8,0xff,0xff,0xff,0x14,0x00,0x00,0x00,0x00,0x00,0x00,0x00,0x6b,0xff,0xff,
  0xff,0xbf,0x00,0x00,0x00,0x00,0xf8,0xff,0xff,0xff,0x14,0x00,0x00,0x00,0x00,0x00,0x00,0x00,0x8f,0xff,0xff,0xff,0xa9,0x00,
  0x00,0x00,0x00,0xf8,0xff,0xff,0xff,0x14,0x00,0x00,0x00,0x00,0x00,0x00,0x00,0xd4,0xff,0xff,0xff,0x71,0x00,0x00,0x00,0x00,
  0xf8,0xff,0xff,0xff,0x14,0x00,0x00,0x00,0x00,0x00,0x00,0x5e,0xff,0xff,0xff,0xff,0x2e,0x00,0x00,0x00,0x00,0xf8,0xff,0xff,
  0xff,0x14,0x00,0x00,0x01,0x0c,0x2e,0x8c,0xfa,0xff,0xff,0xff,0xc2,0x00,0x00,0x00,0x00,0x00,0xf8,0xff,0xff,0xff,0xff,0xff,
  0xff,0xff,0xff,0xff,0xff,0xff,0xff,0xff,0xfd,0x40,0x00,0x00,0x00,0x00,0x00,0xf8,0xff,0xff,0xff,0xff,0xff,0xff,0xff,0xff,
  0xff,0xff,0xff,0xff,0xff,0x7a,0x00,0x00,0x00,0x00,0x00,0x00,0xf8,0xff,0xff,0xff,0xff,0xff,0xff,0xff,0xff,0xff,0xff,0xff,
  0xf5,0x6c,0x00,0x00,0x00,0x00,0x00,0x00,0x00,0xf8,0xff,0xff,0xff,0xff,0xff,0xff,0xff,0xf5,0xe5,0xba,0x75,0x13,0x00,0x00,
  0x00,0x00,0x00,0x00,0x00,0x00,0x00,0x00,0x05,0x9c,0xf0,0xeb,0xaa,0x51,0x10,0x3d,0xff,0xbe,0x00,0x00,0x00,0x00,0x00,0x00,
  0x00,0x00,0x00,0x00,0x6a,0xff,0xff,0xff,0xff,0xff,0xff,0xff,0xff,0x89,0x00,0x00,0x00,0x00,0x00,0x00,0x00,0x00,0x00,0x00,
  0x9d,0xff,0x53,0x10,0x4f,0x9f,0xe6,0xf5,0xb3,0x12,0x00,0x00,0x00,0x00,0x00,0x00,0x00,0x00,0x00,0x00,0x00,0x00,0x00,0x00,
  0x00,0x00,0x00,0x00,0x00,0x00,0x00,0x00,0x00,0x00,0x00,0x00,0x00,0x00,0x00,0x00,0x00,0x00,0x00,0x00,0x00,0x00,0x00,0x00,
  0x00,0x00,0x00,0x00,0x00,0x00,0x00,0x00,0x00,0xec,0xff,0xff,0xff,0x53,0x00,0x00,0x00,0x00,0x00,0x00,0x00,0xc8,0xff,0xff,
  0xfc,0x00,0x00,0x00,0x00,0xec,0xff,0xff,0xff,0xe4,0x0d,0x00,0x00,0x00,0x00,0x00,0x00,0xc8,0xff,0xff,0xfc,0x00,0x00,0x00,
  0x00,0xec,0xff,0xff,0xff,0xff,0x91,0x00,0x00,0x00,0x00,0x00,0x00,0xc8,0xff,0xff,0xfc,0x00,0x00,0x00,0x00,0xec,0xff,0xff,
  0xff,0xff,0xfd,0x33,0x00,0x00,0x00,0x00,0x00,0xc8,0xff,0xff,0xfc,0x00,0x00,0x00,0x00,0xec,0xff,0xff,0xff,0xff,0xff,0xcc,
  0x03,0x00,0x00,0x00,0x00,0xc8,0xff,0xff,0xfc,0x00,0x00,0x00,0x00,0xec,0xff,0xff,0xff,0xff,0xff,0xff,0x6f,0x00,0x00,0x00,
  0x00,0xc8,0xff,0xff,0xfc,0x00,0x00,0x00,0x00,0xec,0xff,0xff,0xff,0xff,0xff,0xff,0xf2,0x1b,0x00,0x00,0x00,0xc8,0xff,0xff,
  0xfc,0x00,0x00,0x00,0x00,0xec,0xff,0xff,0xdd,0xd5,0xff,0xff,0xff,0xad,0x00,0x00,0x00,0xc8,0xff,0xff,0xfc,0x00,0x00,0x00,
  0x00,0xec,0xff,0xff,0xd8,0x3d,0xfe,0xff,0xff,0xff,0x4d,0x00,0x00,0xc8,0xff,0xff,0xfc,0x00,0x00,0x00,0x00,0xec,0xff,0xff,
  0xd8,0x00,0x9c,0xff,0xff,0xff,0xe1,0x0b,0x00,0xc8,0xff,0xff,0xfc,0x00,0x00,0x00,0x00,0xec,0xff,0xff,0xd8,0x00,0x12,0xea,
  0xff,0xff,0xff,0x8b,0x00,0xc8,0xff,0xff,0xfc,0x00,0x00,0x00,0x00,0xec,0xff,0xff,0xd8,0x00,0x00,0x5e,0xff,0xff,0xff,0xfb,
  0x2e,0xc8,0xff,0xff,0xfc,0x00,0x00,0x00,0x00,0xec,0xff,0xff,0xd8,0x00,0x00,0x00,0xbe,0xff,0xff,0xff,0xc7,0xca,0xff,0xff,
  0xfc,0x00,0x00,0x00,0x00,0xec,0xff,0xff,0xd8,0x00,0x00,0x00,0x26,0xf8,0xff,0xff,0xff,0xfd,0xff,0xff,0xfc,0x00,0x00,0x00,
  0x00,0xec,0xff,0xff,0xd8,0x00,0x00,0x00,0x00,0x80,0xff,0xff,0xff,0xff,0xff,0xff,0xfc,0x00,0x00,0x00,0x00,0xec,0xff,0xff,
  0xd8,0x00,0x00,0x00,0x00,0x07,0xd9,0xff,0xff,0xff,0xff,0xff,0xfc,0x00,0x00,0x00,0x00,0xec,0xff,0xff,0xd8,0x00,0x00,0x00,
  0x00,0x00,0x42,0xff,0xff,0xff,0xff,0xff,0xfc,0x00,0x00,0x00,0x00,0xec,0xff,0xff,0xd8,0x00,0x00,0x00,0x00,0x00,0x00,0xa2,
  0xff,0xff,0xff,0xff,0xfc,0x00,0x00,0x00,0x00,0xec,0xff,0xff,0xd8,0x00,0x00,0x00,0x00,0x00,0x00,0x15,0xed,0xff,0xff,0xff,
  0xfc,0x00,0x00,0x00,0x00,0xec,0xff,0xff,0xd8,0x00,0x00,0x00,0x00,0x00,0x00,0x00,0x64,0xff,0xff,0xff,0xfc,0x00,0x00,0x00,
  0x00,0x00,0x00,0x00,0x00,0x02,0xa5,0xff,0xff,0xff,0x67,0x00,0x00,0x00,0x00,0x00,0x00,0x00,0x00,0x00,0x00,0x00,0x00,0x00,
  0x00,0x00,0x00,0x00,0x04,0xb2,0xff,0xff,0xdd,0x03,0x00,0x00,0x00,0x00,0x00,0x00,0x00,0x00,0x00,0x00,0x00,0x00,0x00,0x00,
  0x00,0x00,0x00,0x08,0xbd,0xff,0xff,0x59,0x00,0x00,0x00,0x00,0x00,0x00,0x00,0x00,0x00,0x00,0x00,0x00,0x00,0x00,0x00,0x00,
  0x00,0x00,0x0c,0xc8,0xff,0xd1,0x01,0x00,0x00,0x00,0x00,0x00,0x00,0x00,0x00,0x00,0x00,0x00,0x00,0x00,0x00,0x00,0x00,0x00,
  0x00,0x00,0x00,0x00,0x00,0x00,0x00,0x00,0x00,0x00,0x00,0x00,0x00,0x00,0x00,0x00,0x00,0x00,0x00,0x00,0x00,0x00,0x00,0x00,
  0x00,0x00,0x00,0x00,0x00,0x00,0x00,0x00,0x00,0x00,0x00,0x00,0x00,0x00,0x00,0x00,0x00,0x2b,0x7d,0xc2,0xe1,0xf6,0xf3,0xdf,
  0xb3,0x70,0x14,0x00,0x00,0x00,0x00,0x00,0x00,0x00,0x00,0x00,0x00,0x0f,0xa4,0xfe,0xff,0xff,0xff,0xff,0xff,0xff,0xff,0xff,
  0xf3,0x80,0x03,0x00,0x00,0x00,0x00,0x00,0x00,0x00,0x19,0xd7,0xff,0xff,0xff,0xff,0xff,0xff,0xff,0xff,0xff,0xff,0xff,0xff,
  0xbb,0x0c,0x00,0x00,0x00,0x00,0x00,0x08,0xcb,0xff,0xff,0xff,0xff,0xff,0xff,0xff,0xff,0xff,0xff,0xff,0xff,0xff,0xff,0xab,
  0x00,0x00,0x00,0x00,0x00,0x7c,0xff,0xff,0xff,0xff,0xed,0x7b,0x2b,0x09,0x0b,0x30,0x86,0xf4,0xff,0xff,0xff,0xff,0x58,0x00,
  0x00,0x00,0x05,0xf0,0xff,0xff,0xff,0xdb,0x1e,0x00,0x00,0x00,0x00,0x00,0x00,0x2b,0xeb,0xff,0xff,0xff,0xd4,0x00,0x00,0x00,
  0x46,0xff,0xff,0xff,0xff,0x32,0x00,0x00,0x00,0x00,0x00,0x00,0x00,0x00,0x51,0xff,0xff,0xff,0xff,0x29,0x00,0x00,0x8b,0xff,
  0xff,0xff,0xc1,0x00,0x00,0x00,0x00,0x00,0x00,0x00,0x00,0x00,0x01,0xe1,0xff,0xff,0xff,0x68,0x00,0x00,0xa5,0xff,0xff,0xff,
  0x84,0x00,0x00,0x00,0x00,0x00,0x00,0x00,0x00,0x00,0x00,0xa8,0xff,0xff,0xff,0x8a,0x00,0x00,0xbb,0xff,0xff,0xff,0x6b,0x00,
  0x00,0x00,0x00,0x00,0x00,0x00,0x00,0x00,0x00,0x90,0xff,0xff,0xff,0x9d,0x00,0x00,0xc0,0xff,0xff,0xff,0x6d,0x00,0x00,0x00,
  0x00,0x00,0x00,0x00,0x00,0x00,0x00,0x92,0xff,0xff,0xff,0x9e,0x00,0x00,0xae,0xff,0xff,0xff,0x87,0x00,0x00,0x00,0x00,0x00,
  0x00,0x00,0x00,0x00,0x00,0xac,0xff,0xff,0xff,0x8b,0x00,0x00,0x8f,0xff,0xff,0xff,0xc6,0x00,0x00,0x00,0x00,0x00,0x00,0x00,
  0x00,0x00,0x03,0xe7,0xff,0xff,0xff,0x6a,0x00,0x00,0x50,0xff,0xff,0xff,0xff,0x3b,0x00,0x00,0x00,0x00,0x00,0x00,0x00,0x00,
  0x5d,0xff,0xff,0xff,0xff,0x2b,0x00,0x00,0x0d,0xf0,0xff,0xff,0xff,0xe1,0x24,0x00,0x00,0x00,0x00,0x00,0x00,0x35,0xf0,0xff,
  0xff,0xff,0xd7,0x01,0x00,0x00,0x00,0x82,0xff,0xff,0xff,0xff,0xf1,0x81,0x2d,0x09,0x0a,0x33,0x8d,0xf8,0xff,0xff,0xff,0xff,
  0x5c,0x00,0x00,0x00,0x00,0x09,0xce,0xff,0xff,0xff,0xff,0xff,0xff,0xff,0xff,0xff,0xff,0xff,0xff,0xff,0xff,0xb0,0x01,0x00,
  0x00,0x00,0x00,0x00,0x1e,0xd6,0xff,0xff,0xff,0xff,0xff,0xff,0xff,0xff,0xff,0xff,0xff,0xff,0xc1,0x0e,0x00,0x00,0x00,0x00,
  0x00,0x00,0x00,0x0d,0x9d,0xfb,0xff,0xff,0xff,0xff,0xff,0xff,0xff,0xff,0xf6,0x87,0x05,0x00,0x00,0x00,0x00,0x00,0x00,0x00,
  0x00,0x00,0x00,0x22,0x7c,0xbe,0xe3,0xf6,0xf6,0xe2,0xb8,0x74,0x18,0x00,0x00,0x00,0x00,0x00,0x00,0x00,0x00,0x00,0x00,0x00,
  0x00,0x00,0x00,0x00,0x05,0xe2,0xff,0xff,0xf3,0x37,0x00,0x00,0x00,0x00,0x00,0x00,0x00,0x00,0x00,0x00,0x00,0x00,0x00,0x00,
  0x00,0x00,0x61,0xff,0xff,0xf8,0x42,0x00,0x00,0x00,0x00,0x00,0x00,0x00,0x00,0x00,0x00,0x00,0x00,0x00,0x00,0x00,0x00,0x01,
  0xd6,0xff,0xfb,0x4e,0x00,0x00,0x00,0x00,0x00,0x00,0x00,0x00,0x00,0x00,0x00,0x00,0x00,0x00,0x00,0x00,0x00,0x50,0xff,0xfd,
  0x5a,0x00,0x00,0x00,0x00,0x00,0x00,0x00,0x00,0x00,0x00,0x00,0x00,0x00,0x00,0x00,0x00,0x00,0x00,0x00,0x00,0x00,0x00,0x00,
  0x00,0x00,0x00,0x00,0x00,0x00,0x00,0x00,0x00,0x00,0x00,0x00,0x00,0x00,0x00,0x00,0x00,0x00,0x00,0x00,0x00,0x00,0x00,0x00,
  0x00,0x00,0x00,0x00,0x00,0x00,0x00,0x00,0x00,0x00,0x00,0x00,0x00,0x2b,0x7d,0xc2,0xe1,0xf6,0xf3,0xdf,0xb3,0x70,0x14,0x00,
  0x00,0x00,0x00,0x00,0x00,0x00,0x00,0x00,0x00,0x0f,0xa4,0xfe,0xff,0xff,0xff,0xff,0xff,0xff,0xff,0xff,0xf3,0x80,0x03,0x00,
  0x00,0x00,0x00,0x00,0x00,0x00,0x19,0xd7,0xff,0xff,0xff,0xff,0xff,0xff,0xff,0xff,0xff,0xff,0xff,0xff,0xbb,0x0c,0x00,0x00,
  0x00,0x00,0x00,0x08,0xcb,0xff,0xff,0xff,0xff,0xff,0xff,0xff,0xff,0xff,0xff,0xff,0xff,0xff,0xff,0xab,0x00,0x00,0x00,0x00,
  0x00,0x7c,0xff,0xff,0xff,0xff,0xed,0x7b,0x2b,0x09,0x0b,0x30,0x86,0xf4,0xff,0xff,0xff,0xff,0x58,0x00,0x00,0x00,0x05,0xf0,
  0xff,0xff,0xff,0xdb,0x1e,0x00,0x00,0x00,0x00,0x00,0x00,0x2b,0xeb,0xff,0xff,0xff,0xd4,0x00,0x00,0x00,0x46,0xff,0xff,0xff,
  0xff,0x32,0x00,0x00,0x00,0x00,0x00,0x00,0x00,0x00,0x51,0xff,0xff,0xff,0xff,0x29,0x00,0x00,0x8b,0xff,0xff,0xff,0xc1,0x00,
  0x00,0x00,0x00,0x00,0x00,0x00,0x00,0x00,0x01,0xe1,0xff,0xff,0xff,0x68,0x00,0x00,0xa5,0xff,0xff,0xff,0x84,0x00,0x00,0x00,
  0x00,0x00,0x00,0x00,0x00,0x00,0x00,0xa8,0xff,0xff,0xff,0x8a,0x00,0x00,0xbb,0xff,0xff,0xff,0x6b,0x00,0x00,0x00,0x00,0x00,
  0x00,0x00,0x00,0x00,0x00,0x90,0xff,0xff,0xff,0x9d,0x00,0x00,0xc0,0xff,0xff,0xff,0x6d,0x00,0x00,0x00,0x00,0x00,0x00,0x00,
  0x00,0x00,0x00,0x92,0xff,0xff,0xff,0x9e,0x00,0x00,0xae,0xff,0xff,0xff,0x87,0x00,0x00,0x00,0x00,0x00,0x00,0x00,0x00,0x00,
  0x00,0xac,0xff,0xff,0xff,0x8b,0x00,0x00,0x8f,0xff,0xff,0xff,0xc6,0x00,0x00,0x00,0x00,0x00,0x00,0x00,0x00,0x00,0x03,0xe7,
  0xff,0xff,0xff,0x6a,0x00,0x00,0x50,0xff,0xff,0xff,0xff,0x3b,0x00,0x00,0x00,0x00,0x00,0x00,0x00,0x00,0x5d,0xff,0xff,0xff,
  0xff,0x2b,0x00,0x00,0x0d,0xf0,0xff,0xff,0xff,0xe1,0x24,0x00,0x00,0x00,0x00,0x00,0x00,0x35,0xf0,0xff,0xff,0xff,0xd7,0x01,
  0x00,0x00,0x00,0x82,0xff,0xff,0xff,0xff,0xf1,0x81,0x2d,0x09,0x0a,0x33,0x8d,0xf8,0xff,0xff,0xff,0xff,0x5c,0x00,0x00,0x00,
  0x00,0x09,0xce,0xff,0xff,0xff,0xff,0xff,0xff,0xff,0xff,0xff,0xff,0xff,0xff,0xff,0xff,0xb0,0x01,0x00,0x00,0x00,0x00,0x00,
  0x1e,0xd6,0xff,0xff,0xff,0xff,0xff,0xff,0xff,0xff,0xff,0xff,0xff,0xff,0xc1,0x0e,0x00,0x00,0x00,0x00,0x00,0x00,0x00,0x0d,
  0x9d,0xfb,0xff,0xff,0xff,0xff,0xff,0xff,0xff,0xff,0xf6,0x87,0x05,0x00,0x00,0x00,0x00,0x00,0x00,0x00,0x00,0x00,0x00,0x22,
  0x7c,0xbe,0xe3,0xf6,0xf6,0xe2,0xb8,0x74,0x18,0x00,0x00,0x00,0x00,0x00,0x00,0x00,0x00,0x00,0x00,0x00,0x00,0x00,0x00,0x54,
  0xff,0xff,0xff,0xdf,0x0e,0x00,0x00,0x00,0x00,0x00,0x00,0x00,0x00,0x00,0x00,0x00,0x00,0x00,0x00,0x00,0x1d,0xee,0xff,0xff,
  0xff,0xff,0xa2,0x00,0x00,0x00,0x00,0x00,0x00,0x00,0x00,0x00,0x00,0x00,0x00,0x00,0x00,0x02,0xc1,0xff,0xff,0x68,0xd4,0xff,
  0xff,0x57,0x00,0x00,0x00,0x00,0x00,0x00,0x00,0x00,0x00,0x00,0x00,0x00,0x00,0x7c,0xff,0xff,0x9e,0x00,0x25,0xf0,0xff,0xef,
  0x1d,0x00,0x00,0x00,0x00,0x00,0x00,0x00,0x00,0x00,0x00,0x00,0x00,0x00,0x00,0x00,0x00,0x00,0x00,0x00,0x00,0x00,0x00,0x00,
  0x00,0x00,0x00,0x00,0x00,0x00,0x00,0x00,0x00,0x00,0x00,0x00,0x00,0x00,0x00,0x00,0x00,0x00,0x00,0x00,0x00,0x00,0x00,0x00,
  0x00,0x00,0x00,0x00,0x00,0x00,0x00,0x00,0x00,0x2b,0x7d,0xc2,0xe1,0xf6,0xf3,0xdf,0xb3,0x70,0x14,0x00,0x00,0x00,0x00,0x00,
  0x00,0x00,0x00,0x00,0x00,0x0f,0xa4,0xfe,0xff,0xff,0xff,0xff,0xff,0xff,0xff,0xff,0xf3,0x80,0x03,0x00,0x00,0x00,0x00,0x00,
  0x00,0x00,0x19,0xd7,0xff,0xff,0xff,0xff,0xff,0xff,0xff,0xff,0xff,0xff,0xff,0xff,0xbb,0x0c,0x00,0x00,0x00,0x00,0x00,0x08,
  0xcb,0xff,0xff,0xff,0xff,0xff,0xff,0xff,0xff,0xff,0xff,0xff,0xff,0xff,0xff,0xab,0x00,0x00,0x00,0x00,0x00,0x7c,0xff,0xff,
  0xff,0xff,0xed,0x7b,0x2b,0x09,0x0b,0x30,0x86,0xf4,0xff,0xff,0xff,0xff,0x58,0x00,0x00,0x00,0x05,0xf0,0xff,0xff,0xff,0xdb,
  0x1e,0x00,0x00,0x00,0x00,0x00,0x00,0x2b,0xeb,0xff,0xff,0xff,0xd4,0x00,0x00,0x00,0x46,0xff,0xff,0xff,0xff,0x32,0x00,0x00,
  0x00,0x00,0x00,0x00,0x00,0x00,0x51,0xff,0xff,0xff,0xff,0x29,0x00,0x00,0x8b,0xff,0xff,0xff,0xc1,0x00,0x00,0x00,0x00,0x00,
  0x00,0x00,0x00,0x00,0x01,0xe1,0xff,0xff,0xff,0x68,0x00,0x00,0xa5,0xff,0xff,0xff,0x84,0x00,0x00,0x00,0x00,0x00,0x00,0x00,
  0x00,0x00,0x00,0xa8,0xff,0xff,0xff,0x8a,0x00,0x00,0xbb,0xff,0xff,0xff,0x6b,0x00,0x00,0x00,0x00,0x00,0x00,0x00,0x00,0x00,
  0x00,0x90,0xff,0xff,0xff,0x9d,0x00,0x00,0xc0,0xff,0xff,0xff,0x6d,0x00,0x00,0x00,0x00,0x00,0x00,0x00,0x00,0x00,0x00,0x92,
  0xff,0xff,0xff,0x9e,0x00,0x00,0xae,0xff,0xff,0xff,0x87,0x00,0x00,0x00,0x00,0x00,0x00,0x00,0x00,0x00,0x00,0xac,0xff,0xff,
  0xff,0x8b,0x00,0x00,0x8f,0xff,0xff,0xff,0xc6,0x00,0x00,0x00,0x00,0x00,0x00,0x00,0x00,0x00,0x03,0xe7,0xff,0xff,0xff,0x6a,
  0x00,0x00,0x50,0xff,0xff,0xff,0xff,0x3b,0x00,0x00,0x00,0x00,0x00,0x00,0x00,0x00,0x5d,0xff,0xff,0xff,0xff,0x2b,0x00,0x00,
  0x0d,0xf0,0xff,0xff,0xff,0xe1,0x24,0x00,0x00,0x00,0x00,0x00,0x00,0x35,0xf0,0xff,0xff,0xff,0xd7,0x01,0x00,0x00,0x00,0x82,
  0xff,0xff,0xff,0xff,0xf1,0x81,0x2d,0x09,0x0a,0x33,0x8d,0xf8,0xff,0xff,0xff,0xff,0x5c,0x00,0x00,0x00,0x00,0x09,0xce,0xff,
  0xff,0xff,0xff,0xff,0xff,0xff,0xff,0xff,0xff,0xff,0xff,0xff,0xff,0xb0,0x01,0x00,0x00,0x00,0x00,0x00,0x1e,0xd6,0xff,0xff,
  0xff,0xff,0xff,0xff,0xff,0xff,0xff,0xff,0xff,0xff,0xc1,0x0e,0x00,0x00,0x00,0x00,0x00,0x00,0x00,0x0d,0x9d,0xfb,0xff,0xff,
  0xff,0xff,0xff,0xff,0xff,0xff,0xf6,0x87,0x05,0x00,0x00,0x00,0x00,0x00,0x00,0x00,0x00,0x00,0x00,0x22,0x7c,0xbe,0xe3,0xf6,
  0xf6,0xe2,0xb8,0x74,0x18,0x00,0x00,0x00,0x00,0x00,0x00,0x00,0x00,0x00,0x00,0x00,0x00,0x3a,0xd2,0xf7,0xd4,0x7f,0x2d,0x0e,
  0xaa,0xff,0x46,0x00,0x00,0x00,0x00,0x00,0x00,0x00,0x00,0x00,0x00,0x00,0x00,0xe2,0xff,0xff,0xff,0xff,0xff,0xff,0xff,0xf8,
  0x18,0x00,0x00,0x00,0x00,0x00,0x00,0x00,0x00,0x00,0x00,0x00,0x15,0xff,0xcc,0x12,0x29,0x73,0xc5,0xf6,0xe4,0x60,0x00,0x00,
  0x00,0x00,0x00,0x00,0x00,0x00,0x00,0x00,0x00,0x00,0x00,0x00,0x00,0x00,0x00,0x00,0x00,0x00,0x00,0x00,0x00,0x00,0x00,0x00,
  0x00,0x00,0x00,0x00,0x00,0x00,0x00,0x00,0x00,0x00,0x00,0x00,0x00,0x00,0x00,0x00,0x00,0x00,0x00,0x00,0x00,0x00,0x00,0x00,
  0x00,0x00,0x00,0x00,0x00,0x00,0x00,0x2b,0x7d,0xc2,0xe1,0xf6,0xf3,0xdf,0xb3,0x70,0x14,0x00,0x00,0x00,0x00,0x00,0x00,0x00,
  0x00,0x00,0x00,0x0f,0xa4,0xfe,0xff,0xff,0xff,0xff,0xff,0xff,0xff,0xff,0xf3,0x80,0x03,0x00,0x00,0x00,0x00,0x00,0x00,0x00,
  0x19,0xd7,0xff,0xff,0xff,0xff,0xff,0xff,0xff,0xff,0xff,0xff,0xff,0xff,0xbb,0x0c,0x00,0x00,0x00,0x00,0x00,0x08,0xcb,0xff,
  0xff,0xff,0xff,0xff,0xff,0xff,0xff,0xff,0xff,0xff,0xff,0xff,0xff,0xab,0x00,0x00,0x00,0x00,0x00,0x7c,0xff,0xff,0xff,0xff,
  0xed,0x7b,0x2b,0x09,0x0b,0x30,0x86,0xf4,0xff,0xff,0xff,0xff,0x58,0x00,0x00,0x00,0x05,0xf0,0xff,0xff,0xff,0xdb,0x1e,0x00,
  0x00,0x00,0x00,0x00,0x00,0x2b,0xeb,0xff,0xff,0xff,0xd4,0x00,0x00,0x00,0x46,0xff,0xff,0xff,0xff,0x32,0x00,0x00,0x00,0x00,
  0x00,0x00,0x00,0x00,0x51,0xff,0xff,0xff,0xff,0x29,0x00,0x00,0x8b,0xff,0xff,0xff,0xc1,0x00,0x00,0x00,0x00,0x00,0x00,0x00,
  0x00,0x00,0x01,0xe1,0xff,0xff,0xff,0x68,0x00,0x00,0xa5,0xff,0xff,0xff,0x84,0x00,0x00,0x00,0x00,0x00,0x00,0x00,0x00,0x00,
  0x00,0xa8,0xff,0xff,0xff,0x8a,0x00,0x00,0xbb,0xff,0xff,0xff,0x6b,0x00,0x00,0x00,0x00,0x00,0x00,0x00,0x00,0x00,0x00,0x90,
  0xff,0xff,0xff,0x9d,0x00,0x00,0xc0,0xff,0xff,0xff,0x6d,0x00,0x00,0x00,0x00,0x00,0x00,0x00,0x00,0x00,0x00,0x92,0xff,0xff,
  0xff,0x9e,0x00,0x00,0xae,0xff,0xff,0xff,0x87,0x00,0x00,0x00,0x00,0x00,0x00,0x00,0x00,0x00,0x00,0xac,0xff,0xff,0xff,0x8b,
  0x00,0x00,0x8f,0xff,0xff,0xff,0xc6,0x00,0x00,0x00,0x00,0x00,0x00,0x00,0x00,0x00,0x03,0xe7,0xff,0xff,0xff,0x6a,0x00,0x00,
  0x50,0xff,0xff,0xff,0xff,0x3b,0x00,0x00,0x00,0x00,0x00,0x00,0x00,0x00,0x5d,0xff,0xff,0xff,0xff,0x2b,0x00,0x00,0x0d,0xf0,
  0xff,0xff,0xff,0xe1,0x24,0x00,0x00,0x00,0x00,0x00,0x00,0x35,0xf0,0xff,0xff,0xff,0xd7,0x01,0x00,0x00,0x00,0x82,0xff,0xff,
  0xff,0xff,0xf1,0x81,0x2d,0x09,0x0a,0x33,0x8d,0xf8,0xff,0xff,0xff,0xff,0x5c,0x00,0x00,0x00,0x00,0x09,0xce,0xff,0xff,0xff,
  0xff,0xff,0xff,0xff,0xff,0xff,0xff,0xff,0xff,0xff,0xff,0xb0,0x01,0x00,0x00,0x00,0x00,0x00,0x1e,0xd6,0xff,0xff,0xff,0xff,
  0xff,0xff,0xff,0xff,0xff,0xff,0xff,0xff,0xc1,0x0e,0x00,0x00,0x00,0x00,0x00,0x00,0x00,0x0d,0x9d,0xfb,0xff,0xff,0xff,0xff,
  0xff,0xff,0xff,0xff,0xf6,0x87,0x05,0x00,0x00,0x00,0x00,0x00,0x00,0x00,0x00,0x00,0x00,0x22,0x7c,0xbe,0xe3,0xf6,0xf6,0xe2,
  0xb8,0x74,0x18,0x00,0x00,0x00,0x00,0x00,0x00,0x00,0x00,0x00,0x00,0x00,0x00,0xe4,0xff,0xff,0x68,0x00,0x00,0xff,0xff,0xff,
  0x4c,0x00,0x00,0x00,0x00,0x00,0x00,0x00,0x00,0x00,0x00,0x00,0x00,0xe4,0xff,0xff,0x68,0x00,0x00,0xff,0xff,0xff,0x4c,0x00,
  0x00,0x00,0x00,0x00,0x00,0x00,0x00,0x00,0x00,0x00,0x00,0xe4,0xff,0xff,0x68,0x00,0x00,0xff,0xff,0xff,0x4c,0x00,0x00,0x00,
  0x00,0x00,0x00,0x00,0x00,0x00,0x00,0x00,0x00,0x00,0x00,0x00,0x00,0x00,0x00,0x00,0x00,0x00,0x00,0x00,0x00,0x00,0x00,0x00,
  0x00,0x00,0x00,0x00,0x00,0x00,0x00,0x00,0x00,0x00,0x00,0x00,0x00,0x00,0x00,0x00,0x00,0x00,0x00,0x00,0x00,0x00,0x00,0x00,
  0x00,0x00,0x00,0x00,0x00,0x2b,0x7d,0xc2,0xe1,0xf6,0xf3,0xdf,0xb3,0x70,0x14,0x00,0x00,0x00,0x00,0x00,0x00,0x00,0x00,0x00,
  0x00,0x0f,0xa4,0xfe,0xff,0xff,0xff,0xff,0xff,0xff,0xff,0xff,0xf3,0x80,0x03,0x00,0x00,0x00,0x00,0x00,0x00,0x00,0x19,0xd7,
  0xff,0xff,0xff,0xff,0xff,0xff,0xff,0xff,0xff,0xff,0xff,0xff,0xbb,0x0c,0x00,0x00,0x00,0x00,0x00,0x08,0xcb,0xff,0xff,0xff,
  0xff,0xff,0xff,0xff,0xff,0xff,0xff,0xff,0xff,0xff,0xff,0xab,0x00,0x00,0x00,0x00,0x00,0x7c,0xff,0xff,0xff,0xff,0xed,0x7b,
  0x2b,0x09,0x0b,0x30,0x86,0xf4,0xff,0xff,0xff,0xff,0x58,0x00,0x00,0x00,0x05,0xf0,0xff,0xff,0xff,0xdb,0x1e,0x00,0x00,0x00,
  0x00,0x00,0x00,0x2b,0xeb,0xff,0xff,0xff,0xd4,0x00,0x00,0x00,0x46,0xff,0xff,0xff,0xff,0x32,0x00,0x00,0x00,0x00,0x00,0x00,
  0x00,0x00,0x51,0xff,0xff,0xff,0xff,0x29,0x00,0x00,0x8b,0xff,0xff,0xff,0xc1,0x00,0x00,0x00,0x00,0x00,0x00,0x00,0x00,0x00,
  0x01,0xe1,0xff,0xff,0xff,0x68,0x00,0x00,0xa5,0xff,0xff,0xff,0x84,0x00,0x00,0x00,0x00,0x00,0x00,0x00,0x00,0x00,0x00,0xa8,
  0xff,0xff,0xff,0x8a,0x00,0x00,0xbb,0xff,0xff,0xff,0x6b,0x00,0x00,0x00,0x00,0x00,0x00,0x00,0x00,0x00,0x00,0x90,0xff,0xff,
  0xff,0x9d,0x00,0x00,0xc0,0xff,0xff,0xff,0x6d,0x00,0x00,0x00,0x00,0x00,0x00,0x00,0x00,0x00,0x00,0x92,0xff,0xff,0xff,0x9e,
  0x00,0x00,0xae,0xff,0xff,0xff,0x87,0x00,0x00,0x00,0x00,0x00,0x00,0x00,0x00,0x00,0x00,0xac,0xff,0xff,0xff,0x8b,0x00,0x00,
  0x8f,0xff,0xff,0xff,0xc6,0x00,0x00,0x00,0x00,0x00,0x00,0x00,0x00,0x00,0x03,0xe7,0xff,0xff,0xff,0x6a,0x00,0x00,0x50,0xff,
  0xff,0xff,0xff,0x3b,0x00,0x00,0x00,0x00,0x00,0x00,0x00,0x00,0x5d,0xff,0xff,0xff,0xff,0x2b,0x00,0x00,0x0d,0xf0,0xff,0xff,
  0xff,0xe1,0x24,0x00,0x00,0x00,0x00,0x00,0x00,0x35,0xf0,0xff,0xff,0xff,0xd7,0x01,0x00,0x00,0x00,0x82,0xff,0xff,0xff,0xff,
  0xf1,0x81,0x2d,0x09,0x0a,0x33,0x8d,0xf8,0xff,0xff,0xff,0xff,0x5c,0x00,0x00,0x00,0x00,0x09,0xce,0xff,0xff,0xff,0xff,0xff,
  0xff,0xff,0xff,0xff,0xff,0xff,0xff,0xff,0xff,0xb0,0x01,0x00,0x00,0x00,0x00,0x00,0x1e,0xd6,0xff,0xff,0xff,0xff,0xff,0xff,
  0xff,0xff,0xff,0xff,0xff,0xff,0xc1,0x0e,0x00,0x00,0x00,0x00,0x00,0x00,0x00,0x0d,0x9d,0xfb,0xff,0xff,0xff,0xff,0xff,0xff,
  0xff,0xff,0xf6,0x87,0x05,0x00,0x00,0x00,0x00,0x00,0x00,0x00,0x00,0x00,0x00,0x22,0x7c,0xbe,0xe3,0xf6,0xf6,0xe2,0xb8,0x74,
  0x18,0x00,0x00,0x00,0x00,0x00,0x00,0x00,0x00,0x00,0x00,0x00,0x00,0x00,0x00,0x00,0x00,0x00,0x00,0x01,0x00,0x00,0x00,0x00,
  0x00,0x00,0x75,0x83,0x00,0x00,0x00,0x00,0x00,0x00,0x4e,0xc7,0x0f,0x00,0x00,0x00,0x00,0x7e,0xff,0xff,0x8a,0x00,0x00,0x00,
  0x00,0x54,0xfa,0xff,0xc6,0x0c,0x00,0x00,0x41,0xff,0xff,0xff,0xff,0x92,0x01,0x00,0x59,0xfc,0xff,0xff,0xff,0x8c,0x00,0x00,
  0x00,0x78,0xff,0xff,0xff,0xff,0x99,0x61,0xfd,0xff,0xff,0xff,0xbd,0x0a,0x00,0x00,0x00,0x00,0x70,0xff,0xff,0xff,0xff,0xff,
  0xff,0xff,0xff,0xb6,0x08,0x00,0x00,0x00,0x00,0x00,0x00,0x69,0xfe,0xff,0xff,0xff,0xff,0xff,0xb1,0x06,0x00,0x00,0x00,0x00,
  0x00,0x00,0x00,0x00,0xaa,0xff,0xff,0xff,0xff,0xea,0x0b,0x00,0x00,0x00,0x00,0x00,0x00,0x00,0x00,0x77,0xff,0xff,0xff,0xff,
  0xff,0xff,0xb7,0x08,0x00,0x00,0x00,0x00,0x00,0x00,0x7d,0xff,0xff,0xff,0xff,0xff,0xff,0xff,0xff,0xbc,0x0a,0x00,0x00,0x00,
  0x00,0x84,0xff,0xff,0xff,0xff,0x99,0x54,0xfa,0xff,0xff,0xff,0xc2,0x0d,0x00,0x00,0x3c,0xff,0xff,0xff,0xff,0x92,0x01,0x00,
  0x4c,0xf8,0xff,0xff,0xff,0x92,0x00,0x00,0x00,0x74,0xff,0xff,0x8b,0x00,0x00,0x00,0x00,0x47,0xf6,0xff,0xc2,0x0c,0x00,0x00,
  0x00,0x00,0x7c,0x84,0x00,0x00,0x00,0x00,0x00,0x00,0x42,0xb6,0x0b,0x00,0x00,0x00,0x00,0x00,0x00,0x00,0x00,0x00,0x00,0x00,
  0x00,0x00,0x00,0x00,0x00,0x00,0x00,0x00,0x00,0x00,0x00,0x00,0x00,0x00,0x00,0x00,0x00,0x00,0x00,0x00,0x00,0x00,0x00,0x00,
  0x00,0x00,0x00,0x00,0x00,0x00,0x00,0x00,0x00,0x00,0x00,0x00,0x00,0x00,0x00,0x00,0x00,0x00,0x00,0x00,0x00,0x00,0x00,0x00,
  0x00,0x00,0x00,0x00,0x00,0x00,0x00,0x00,0x00,0x16,0x29,0x00,0x00,0x00,0x00,0x00,0x00,0x00,0x00,0x25,0x7e,0xc1,0xe4,0xf8,
  0xf6,0xe5,0xbc,0x80,0x27,0x00,0x1a,0xd7,0xe6,0x24,0x00,0x00,0x00,0x00,0x00,0x0e,0x9f,0xfc,0xff,0xff,0xff,0xff,0xff,0xff,
  0xff,0xff,0xfe,0xa8,0xdc,0xff,0xff,0xbd,0x00,0x00,0x00,0x00,0x20,0xd8,0xff,0xff,0xff,0xff,0xff,0xff,0xff,0xff,0xff,0xff,
  0xff,0xff,0xff,0xff,0xcc,0x16,0x00,0x00,0x00,0x0b,0xd1,0xff,0xff,0xff,0xff,0xff,0xff,0xff,0xff,0xff,0xff,0xff,0xff,0xff,
  0xff,0xe6,0x0c,0x00,0x00,0x00,0x00,0x87,0xff,0xff,0xff,0xff,0xeb,0x78,0x29,0x08,0x0e,0x25,0x65,0xe3,0xff,0xff,0xff,0xff,
  0x4b,0x00,0x00,0x00,0x10,0xf2,0xff,0xff,0xff,0xd6,0x1b,0x00,0x00,0x00,0x00,0x00,0x62,0xfe,0xff,0xff,0xff,0xff,0xc2,0x00,
  0x00,0x00,0x56,0xff,0xff,0xff,0xfd,0x2b,0x00,0x00,0x00,0x00,0x00,0x62,0xfe,0xff,0xfb,0xff,0xff,0xff,0xff,0x1d,0x00,0x00,
  0x95,0xff,0xff,0xff,0xba,0x00,0x00,0x00,0x00,0x00,0x63,0xfe,0xff,0xf8,0x48,0xe1,0xff,0xff,0xff,0x59,0x00,0x00,0xb3,0xff,
  0xff,0xff,0x7e,0x00,0x00,0x00,0x00,0x63,0xfe,0xff,0xf8,0x47,0x00,0xa7,0xff,0xff,0xff,0x86,0x00,0x00,0xc5,0xff,0xff,0xff,
  0x66,0x00,0x00,0x00,0x64,0xfe,0xff,0xf8,0x47,0x00,0x00,0x91,0xff,0xff,0xff,0x98,0x00,0x00,0xc1,0xff,0xff,0xff,0x6c,0x00,
  0x00,0x64,0xfe,0xff,0xf8,0x47,0x00,0x00,0x00,0x92,0xff,0xff,0xff,0x9c,0x00,0x00,0xaf,0xff,0xff,0xff,0x87,0x00,0x65,0xfe,
  0xff,0xf8,0x47,0x00,0x00,0x00,0x00,0xac,0xff,0xff,0xff,0x88,0x00,0x00,0x83,0xff,0xff,0xff,0xcd,0x65,0xfe,0xff,0xf8,0x47,
  0x00,0x00,0x00,0x00,0x03,0xe8,0xff,0xff,0xff,0x6a,0x00,0x00,0x46,0xff,0xff,0xff,0xff,0xfe,0xff,0xf8,0x47,0x00,0x00,0x00,
  0x00,0x00,0x61,0xff,0xff,0xff,0xff,0x2a,0x00,0x00,0x03,0xe3,0xff,0xff,0xff,0xff,0xf8,0x47,0x00,0x00,0x00,0x00,0x00,0x3b,
  0xf3,0xff,0xff,0xff,0xd6,0x00,0x00,0x00,0x00,0x65,0xff,0xff,0xff,0xff,0xdc,0x62,0x24,0x0a,0x0c,0x36,0x92,0xfa,0xff,0xff,
  0xff,0xff,0x5b,0x00,0x00,0x00,0x00,0x16,0xf3,0xff,0xff,0xff,0xff,0xff,0xff,0xff,0xff,0xff,0xff,0xff,0xff,0xff,0xff,0xae,
  0x01,0x00,0x00,0x00,0x24,0xdc,0xff,0xff,0xff,0xff,0xff,0xff,0xff,0xff,0xff,0xff,0xff,0xff,0xff,0xff,0xbf,0x0d,0x00,0x00,
  0x00,0x04,0xdc,0xff,0xff,0xd2,0xaf,0xff,0xff,0xff,0xff,0xff,0xff,0xff,0xff,0xff,0xf6,0x86,0x04,0x00,0x00,0x00,0x00,0x00,
  0x39,0xf3,0xc9,0x11,0x00,0x31,0x8a,0xc4,0xe9,0xf9,0xf6,0xe2,0xb9,0x75,0x18,0x00,0x00,0x00,0x00,0x00,0x00,0x00,0x00,0x34,
  0x0c,0x00,0x00,0x00,0x00,0x00,0x00,0x00,0x00,0x00,0x00,0x00,0x00,0x00,0x00,0x00,0x00,0x00,0x00,0x00,0x00,0x00,0x00,0x00,
  0x00,0x97,0xff,0xff,0xff,0x77,0x00,0x00,0x00,0x00,0x00,0x00,0x00,0x00,0x00,0x00,0x00,0x00,0x00,0x00,0x00,0x02,0xa4,0xff,
  0xff,0xe8,0x08,0x00,0x00,0x00,0x00,0x00,0x00,0x00,0x00,0x00,0x00,0x00,0x00,0x00,0x00,0x00,0x04,0xb1,0xff,0xff,0x69,0x00,
  0x00,0x00,0x00,0x00,0x00,0x00,0x00,0x00,0x00,0x00,0x00,0x00,0x00,0x00,0x00,0x07,0xbc,0xff,0xde,0x04,0x00,0x00,0x00,0x00,
  0x00,0x00,0x00,0x00,0x00,0x00,0x00,0x00,0x00,0x00,0x00,0x00,0x00,0x00,0x00,0x00,0x00,0x00,0x00,0x00,0x00,0x00,0x00,0x00,
  0x00,0x00,0x00,0x00,0x00,0x00,0x00,0x00,0x00,0x00,0x00,0x00,0x00,0x00,0x00,0x00,0x00,0x00,0x00,0x00,0x00,0xfc,0xff,0xff,
  0xff,0x10,0x00,0x00,0x00,0x00,0x00,0x00,0x0c,0xff,0xff,0xff,0xff,0x00,0x00,0x00,0x00,0xfc,0xff,0xff,0xff,0x10,0x00,0x00,
  0x00,0x00,0x00,0x00,0x0c,0xff,0xff,0xff,0xff,0x00,0x00,0x00,0x00,0xfc,0xff,0xff,0xff,0x10,0x00,0x00,0x00,0x00,0x00,0x00,
  0x0c,0xff,0xff,0xff,0xff,0x00,0x00,0x00,0x00,0xfc,0xff,0xff,0xff,0x10,0x00,0x00,0x00,0x00,0x00,0x00,0x0c,0xff,0xff,0xff,
  0xff,0x00,0x00,0x00,0x00,0xfc,0xff,0xff,0xff,0x10,0x00,0x00,0x00,0x00,0x00,0x00,0x0c,0xff,0xff,0xff,0xff,0x00,0x00,0x00,
  0x00,0xfc,0xff,0xff,0xff,0x10,0x00,0x00,0x00,0x00,0x00,0x00,0x0c,0xff,0xff,0xff,0xff,0x00,0x00,0x00,0x00,0xfc,0xff,0xff,
  0xff,0x10,0x00,0x00,0x00,0x00,0x00,0x00,0x0c,0xff,0xff,0xff,0xff,0x00,0x00,0x00,0x00,0xfc,0xff,0xff,0xff,0x10,0x00,0x00,
  0x00,0x00,0x00,0x00,0x0c,0xff,0xff,0xff,0xff,0x00,0x00,0x00,0x00,0xfc,0xff,0xff,0xff,0x10,0x00,0x00,0x00,0x00,0x00,0x00,
  0x0c,0xff,0xff,0xff,0xff,0x00,0x00,0x00,0x00,0xfc,0xff,0xff,0xff,0x10,0x00,0x00,0x00,0x00,0x00,0x00,0x0c,0xff,0xff,0xff,
  0xff,0x00,0x00,0x00,0x00,0xfb,0xff,0xff,0xff,0x10,0x00,0x00,0x00,0x00,0x00,0x00,0x0c,0xff,0xff,0xff,0xfe,0x00,0x00,0x00,
  0x00,0xf9,0xff,0xff,0xff,0x13,0x00,0x00,0x00,0x00,0x00,0x00,0x0f,0xff,0xff,0xff,0xfb,0x00,0x00,0x00,0x00,0xef,0xff,0xff,
  0xff,0x1e,0x00,0x00,0x00,0x00,0x00,0x00,0x1a,0xff,0xff,0xff,0xf3,0x00,0x00,0x00,0x00,0xdf,0xff,0xff,0xff,0x45,0x00,0x00,
  0x00,0x00,0x00,0x00,0x37,0xff,0xff,0xff,0xe6,0x00,0x00,0x00,0x00,0xc3,0xff,0xff,0xff,0xb8,0x02,0x00,0x00,0x00,0x00,0x00,
  0x96,0xff,0xff,0xff,0xcc,0x00,0x00,0x00,0x00,0x90,0xff,0xff,0xff,0xff,0xb7,0x3f,0x12,0x0a,0x2c,0x94,0xff,0xff,0xff,0xff,
  0x9b,0x00,0x00,0x00,0x00,0x31,0xfe,0xff,0xff,0xff,0xff,0xff,0xff,0xff,0xff,0xff,0xff,0xff,0xff,0xff,0x40,0x00,0x00,0x00,
  0x00,0x00,0x8b,0xff,0xff,0xff,0xff,0xff,0xff,0xff,0xff,0xff,0xff,0xff,0xff,0xa6,0x00,0x00,0x00,0x00,0x00,0x00,0x01,0x84,
  0xfb,0xff,0xff,0xff,0xff,0xff,0xff,0xff,0xff,0xfe,0x9d,0x06,0x00,0x00,0x00,0x00,0x00,0x00,0x00,0x00,0x27,0x8f,0xcb,0xeb,
  0xfb,0xfb,0xea,0xcf,0x90,0x32,0x00,0x00,0x00,0x00,0x00,0x00,0x00,0x00,0x00,0x00,0x00,0x00,0x00,0x01,0xd3,0xff,0xff,0xf9,
  0x46,0x00,0x00,0x00,0x00,0x00,0x00,0x00,0x00,0x00,0x00,0x00,0x00,0x00,0x00,0x4d,0xff,0xff,0xfc,0x51,0x00,0x00,0x00,0x00,
  0x00,0x00,0x00,0x00,0x00,0x00,0x00,0x00,0x00,0x00,0x00,0xc4,0xff,0xfe,0x5e,0x00,0x00,0x00,0x00,0x00,0x00,0x00,0x00,0x00,
  0x00,0x00,0x00,0x00,0x00,0x00,0x3b,0xff,0xff,0x6c,0x00,0x00,0x00,0x00,0x00,0x00,0x00,0x00,0x00,0x00,0x00,0x00,0x00,0x00,
  0x00,0x00,0x00,0x00,0x00,0x00,0x00,0x00,0x00,0x00,0x00,0x00,0x00,0x00,0x00,0x00,0x00,0x00,0x00,0x00,0x00,0x00,0x00,0x00,
  0x00,0x00,0x00,0x00,0x00,0x00,0x00,0x00,0x00,0x00,0x00,0x00,0x00,0xfc,0xff,0xff,0xff,0x10,0x00,0x00,0x00,0x00,0x00,0x00,
  0x0c,0xff,0xff,0xff,0xff,0x00,0x00,0x00,0x00,0xfc,0xff,0xff,0xff,0x10,0x00,0x00,0x00,0x00,0x00,0x00,0x0c,0xff,0xff,0xff,
  0xff,0x00,0x00,0x00,0x00,0xfc,0xff,0xff,0xff,0x10,0x00,0x00,0x00,0x00,0x00,0x00,0x0c,0xff,0xff,0xff,0xff,0x00,0x00,0x00,
  0x00,0xfc,0xff,0xff,0xff,0x10,0x00,0x00,0x00,0x00,0x00,0x00,0x0c,0xff,0xff,0xff,0xff,0x00,0x00,0x00,0x00,0xfc,0xff,0xff,
  0xff,0x10,0x00,0x00,0x00,0x00,0x00,0x00,0x0c,0xff,0xff,0xff,0xff,0x00,0x00,0x00,0x00,0xfc,0xff,0xff,0xff,0x10,0x00,0x00,
  0x00,0x00,0x00,0x00,0x0c,0xff,0xff,0xff,0xff,0x00,0x00,0x00,0x00,0xfc,0xff,0xff,0xff,0x10,0x00,0x00,0x00,0x00,0x00,0x00,
  0x0c,0xff,0xff,0xff,0xff,0x00,0x00,0x00,0x00,0xfc,0xff,0xff,0xff,0x10,0x00,0x00,0x00,0x00,0x00,0x00,0x0c,0xff,0xff,0xff,
  0xff,0x00,0x00,0x00,0x00,0xfc,0xff,0xff,0xff,0x10,0x00,0x00,0x00,0x00,0x00,0x00,0x0c,0xff,0xff,0xff,0xff,0x00,0x00,0x00,
  0x00,0xfc,0xff,0xff,0xff,0x10,0x00,0x00,0x00,0x00,0x00,0x00,0x0c,0xff,0xff,0xff,0xff,0x00,0x00,0x00,0x00,0xfb,0xff,0xff,
  0xff,0x10,0x00,0x00,0x00,0x00,0x00,0x00,0x0c,0xff,0xff,0xff,0xfe,0x00,0x00,0x00,0x00,0xf9,0xff,0xff,0xff,0x13,0x00,0x00,
  0x00,0x00,0x00,0x00,0x0f,0xff,0xff,0xff,0xfb,0x00,0x00,0x00,0x00,0xef,0xff,0xff,0xff,0x1e,0x00,0x00,0x00,0x00,0x00,0x00,
  0x1a,0xff,0xff,0xff,0xf3,0x00,0x00,0x00,0x00,0xdf,0xff,0xff,0xff,0x45,0x00,0x00,0x00,0x00,0x00,0x00,0x37,0xff,0xff,0xff,
  0xe6,0x00,0x00,0x00,0x00,0xc3,0xff,0xff,0xff,0xb8,0x02,0x00,0x00,0x00,0x00,0x00,0x96,0xff,0xff,0xff,0xcc,0x00,0x00,0x00,
  0x00,0x90,0xff,0xff,0xff,0xff,0xb7,0x3f,0x12,0x0a,0x2c,0x94,0xff,0xff,0xff,0xff,0x9b,0x00,0x00,0x00,0x00,0x31,0xfe,0xff,
  0xff,0xff,0xff,0xff,0xff,0xff,0xff,0xff,0xff,0xff,0xff,0xff,0x40,0x00,0x00,0x00,0x00,0x00,0x8b,0xff,0xff,0xff,0xff,0xff,
  0xff,0xff,0xff,0xff,0xff,0xff,0xff,0xa6,0x00,0x00,0x00,0x00,0x00,0x00,0x01,0x84,0xfb,0xff,0xff,0xff,0xff,0xff,0xff,0xff,
  0xff,0xfe,0x9d,0x06,0x00,0x00,0x00,0x00,0x00,0x00,0x00,0x00,0x27,0x8f,0xcb,0xeb,0xfb,0xfb,0xea,0xcf,0x90,0x32,0x00,0x00,
  0x00,0x00,0x00,0x00,0x00,0x00,0x00,0x00,0x00,0x00,0x15,0xe7,0xff,0xff,0xfe,0x46,0x00,0x00,0x00,0x00,0x00,0x00,0x00,0x00,
  0x00,0x00,0x00,0x00,0x00,0x00,0xb3,0xff,0xff,0xff,0xff,0xe6,0x14,0x00,0x00,0x00,0x00,0x00,0x00,0x00,0x00,0x00,0x00,0x00,
  0x00,0x6d,0xff,0xff,0xb3,0x89,0xff,0xff,0xaf,0x00,0x00,0x00,0x00,0x00,0x00,0x00,0x00,0x00,0x00,0x00,0x2c,0xf7,0xff,0xe3,
  0x13,0x03,0xba,0xff,0xff,0x65,0x00,0x00,0x00,0x00,0x00,0x00,0x00,0x00,0x00,0x00,0x00,0x00,0x00,0x00,0x00,0x00,0x00,0x00,
  0x00,0x00,0x00,0x00,0x00,0x00,0x00,0x00,0x00,0x00,0x00,0x00,0x00,0x00,0x00,0x00,0x00,0x00,0x00,0x00,0x00,0x00,0x00,0x00,
  0x00,0x00,0x00,0x00,0x00,0xfc,0xff,0xff,0xff,0x10,0x00,0x00,0x00,0x00,0x00,0x00,0x0c,0xff,0xff,0xff,0xff,0x00,0x00,0x00,
  0x00,0xfc,0xff,0xff,0xff,0x10,0x00,0x00,0x00,0x00,0x00,0x00,0x0c,0xff,0xff,0xff,0xff,0x00,0x00,0x00,0x00,0xfc,0xff,0xff,
  0xff,0x10,0x00,0x00,0x00,0x00,0x00,0x00,0x0c,0xff,0xff,0xff,0xff,0x00,0x00,0x00,0x00,0xfc,0xff,0xff,0xff,0x10,0x00,0x00,
  0x00,0x00,0x00,0x00,0x0c,0xff,0xff,0xff,0xff,0x00,0x00,0x00,0x00,0xfc,0xff,0xff,0xff,0x10,0x00,0x00,0x00,0x00,0x00,0x00,
  0x0c,0xff,0xff,0xff,0xff,0x00,0x00,0x00,0x00,0xfc,0xff,0xff,0xff,0x10,0x00,0x00,0x00,0x00,0x00,0x00,0x0c,0xff,0xff,0xff,
  0xff,0x00,0x00,0x00,0x00,0xfc,0xff,0xff,0xff,0x10,0x00,0x00,0x00,0x00,0x00,0x00,0x0c,0xff,0xff,0xff,0xff,0x00,0x00,0x00,
  0x00,0xfc,0xff,0xff,0xff,0x10,0x00,0x00,0x00,0x00,0x00,0x00,0x0c,0xff,0xff,0xff,0xff,0x00,0x00,0x00,0x00,0xfc,0xff,0xff,
  0xff,0x10,0x00,0x00,0x00,0x00,0x00,0x00,0x0c,0xff,0xff,0xff,0xff,0x00,0x00,0x00,0x00,0xfc,0xff,0xff,0xff,0x10,0x00,0x00,
  0x00,0x00,0x00,0x00,0x0c,0xff,0xff,0xff,0xff,0x00,0x00,0x00,0x00,0xfb,0xff,0xff,0xff,0x10,0x00,0x00,0x00,0x00,0x00,0x00,
  0x0c,0xff,0xff,0xff,0xfe,0x00,0x00,0x00,0x00,0xf9,0xff,0xff,0xff,0x13,0x00,0x00,0x00,0x00,0x00,0x00,0x0f,0xff,0xff,0xff,
  0xfb,0x00,0x00,0x00,0x00,0xef,0xff,0xff,0xff,0x1e,0x00,0x00,0x00,0x00,0x00,0x00,0x1a,0xff,0xff,0xff,0xf3,0x00,0x00,0x00,
  0x00,0xdf,0xff,0xff,0xff,0x45,0x00,0x00,0x00,0x00,0x00,0x00,0x37,0xff,0xff,0xff,0xe6,0x00,0x00,0x00,0x00,0xc3,0xff,0xff,
  0xff,0xb8,0x02,0x00,0x00,0x00,0x00,0x00,0x96,0xff,0xff,0xff,0xcc,0x00,0x00,0x00,0x00,0x90,0xff,0xff,0xff,0xff,0xb7,0x3f,
  0x12,0x0a,0x2c,0x94,0xff,0xff,0xff,0xff,0x9b,0x00,0x00,0x00,0x00,0x31,0xfe,0xff,0xff,0xff,0xff,0xff,0xff,0xff,0xff,0xff,
  0xff,0xff,0xff,0xff,0x40,0x00,0x00,0x00,0x00,0x00,0x8b,0xff,0xff,0xff,0xff,0xff,0xff,0xff,0xff,0xff,0xff,0xff,0xff,0xa6,
  0x00,0x00,0x00,0x00,0x00,0x00,0x01,0x84,0xfb,0xff,0xff,0xff,0xff,0xff,0xff,0xff,0xff,0xfe,0x9d,0x06,0x00,0x00,0x00,0x00,
  0x00,0x00,0x00,0x00,0x27,0x8f,0xcb,0xeb,0xfb,0xfb,0xea,0xcf,0x90,0x32,0x00,0x00,0x00,0x00,0x00,0x00,0x00,0x00,0x00,0x00,
  0x8c,0xff,0xff,0xc0,0x00,0x00,0xa8,0xff,0xff,0xa4,0x00,0x00,0x00,0x00,0x00,0x00,0x00,0x00,0x00,0x00,0x8c,0xff,0xff,0xc0,
  0x00,0x00,0xa8,0xff,0xff,0xa4,0x00,0x00,0x00,0x00,0x00,0x00,0x00,0x00,0x00,0x00,0x8c,0xff,0xff,0xc0,0x00,0x00,0xa8,0xff,
  0xff,0xa4,0x00,0x00,0x00,0x00,0x00,0x00,0x00,0x00,0x00,0x00,0x00,0x00,0x00,0x00,0x00,0x00,0x00,0x00,0x00,0x00,0x00,0x00,
  0x00,0x00,0x00,0x00,0x00,0x00,0x00,0x00,0x00,0x00,0x00,0x00,0x00,0x00,0x00,0x00,0x00,0x00,0x00,0x00,0x00,0x00,0x00,0x00,
  0x00,0xfc,0xff,0xff,0xff,0x10,0x00,0x00,0x00,0x00,0x00,0x00,0x0c,0xff,0xff,0xff,0xff,0x00,0x00,0x00,0x00,0xfc,0xff,0xff,
  0xff,0x10,0x00,0x00,0x00,0x00,0x00,0x00,0x0c,0xff,0xff,0xff,0xff,0x00,0x00,0x00,0x00,0xfc,0xff,0xff,0xff,0x10,0x00,0x00,
  0x00,0x00,0x00,0x00,0x0c,0xff,0xff,0xff,0xff,0x00,0x00,0x00,0x00,0xfc,0xff,0xff,0xff,0x10,0x00,0x00,0x00,0x00,0x00,0x00,
  0x0c,0xff,0xff,0xff,0xff,0x00,0x00,0x00,0x00,0xfc,0xff,0xff,0xff,0x10,0x00,0x00,0x00,0x00,0x00,0x00,0x0c,0xff,0xff,0xff,
  0xff,0x00,0x00,0x00,0x00,0xfc,0xff,0xff,0xff,0x10,0x00,0x00,0x00,0x00,0x00,0x00,0x0c,0xff,0xff,0xff,0xff,0x00,0x00,0x00,
  0x00,0xfc,0xff,0xff,0xff,0x10,0x00,0x00,0x00,0x00,0x00,0x00,0x0c,0xff,0xff,0xff,0xff,0x00,0x00,0x00,0x00,0xfc,0xff,0xff,
  0xff,0x10,0x00,0x00,0x00,0x00,0x00,0x00,0x0c,0xff,0xff,0xff,0xff,0x00,0x00,0x00,0x00,0xfc,0xff,0xff,0xff,0x10,0x00,0x00,
  0x00,0x00,0x00,0x00,0x0c,0xff,0xff,0xff,0xff,0x00,0x00,0x00,0x00,0xfc,0xff,0xff,0xff,0x10,0x00,0x00,0x00,0x00,0x00,0x00,
  0x0c,0xff,0xff,0xff,0xff,0x00,0x00,0x00,0x00,0xfb,0xff,0xff,0xff,0x10,0x00,0x00,0x00,0x00,0x00,0x00,0x0c,0xff,0xff,0xff,
  0xfe,0x00,0x00,0x00,0x00,0xf9,0xff,0xff,0xff,0x13,0x00,0x00,0x00,0x00,0x00,0x00,0x0f,0xff,0xff,0xff,0xfb,0x00,0x00,0x00,
  0x00,0xef,0xff,0xff,0xff,0x1e,0x00,0x00,0x00,0x00,0x00,0x00,0x1a,0xff,0xff,0xff,0xf3,0x00,0x00,0x00,0x00,0xdf,0xff,0xff,
  0xff,0x45,0x00,0x00,0x00,0x00,0x00,0x00,0x37,0xff,0xff,0xff,0xe6,0x00,0x00,0x00,0x00,0xc3,0xff,0xff,0xff,0xb8,0x02,0x00,
  0x00,0x00,0x00,0x00,0x96,0xff,0xff,0xff,0xcc,0x00,0x00,0x00,0x00,0x90,0xff,0xff,0xff,0xff,0xb7,0x3f,0x12,0x0a,0x2c,0x94,
  0xff,0xff,0xff,0xff,0x9b,0x00,0x00,0x00,0x00,0x31,0xfe,0xff,0xff,0xff,0xff,0xff,0xff,0xff,0xff,0xff,0xff,0xff,0xff,0xff,
  0x40,0x00,0x00,0x00,0x00,0x00,0x8b,0xff,0xff,0xff,0xff,0xff,0xff,0xff,0xff,0xff,0xff,0xff,0xff,0xa6,0x00,0x00,0x00,0x00,
  0x00,0x00,0x01,0x84,0xfb,0xff,0xff,0xff,0xff,0xff,0xff,0xff,0xff,0xfe,0x9d,0x06,0x00,0x00,0x00,0x00,0x00,0x00,0x00,0x00,
  0x27,0x8f,0xcb,0xeb,0xfb,0xfb,0xea,0xcf,0x90,0x32,0x00,0x00,0x00,0x00,0x00,0x00,0x00,0x00,0x00,0x00,0x00,0x00,0x00,0x00,
  0x95,0xff,0xff,0xff,0x7e,0x00,0x00,0x00,0x00,0x00,0x00,0x00,0x00,0x00,0x00,0x00,0x00,0x00,0x00,0x15,0xf6,0xff,0xff,0x8e,
  0x00,0x00,0x00,0x00,0x00,0x00,0x00,0x00,0x00,0x00,0x00,0x00,0x00,0x00,0x00,0x85,0xff,0xff,0x9c,0x00,0x00,0x00,0x00,0x00,
  0x00,0x00,0x00,0x00,0x00,0x00,0x00,0x00,0x00,0x00,0x0d,0xef,0xff,0xa9,0x02,0x00,0x00,0x00,0x00,0x00,0x00,0x00,0x00,0x00,
  0x00,0x00,0x00,0x00,0x00,0x00,0x00,0x00,0x00,0x00,0x00,0x00,0x00,0x00,0x00,0x00,0x00,0x00,0x00,0x00,0x00,0x00,0x00,0x00,
  0x00,0x00,0x00,0x00,0x00,0x00,0x00,0x00,0x00,0x00,0x00,0x00,0x00,0x00,0x00,0x00,0xba,0xff,0xff,0xff,0xec,0x12,0x00,0x00,
  0x00,0x00,0x00,0x00,0x00,0x3e,0xff,0xff,0xff,0xff,0x62,0x00,0x22,0xf6,0xff,0xff,0xff,0x96,0x00,0x00,0x00,0x00,0x00,0x00,
  0x02,0xcf,0xff,0xff,0xff,0xbe,0x00,0x00,0x00,0x76,0xff,0xff,0xff,0xfd,0x30,0x00,0x00,0x00,0x00,0x00,0x67,0xff,0xff,0xff,
  0xf7,0x25,0x00,0x00,0x00,0x04,0xcf,0xff,0xff,0xff,0xc4,0x00,0x00,0x00,0x00,0x10,0xea,0xff,0xff,0xff,0x7a,0x00,0x00,0x00,
  0x00,0x00,0x34,0xfc,0xff,0xff,0xff,0x5c,0x00,0x00,0x00,0x90,0xff,0xff,0xff,0xd2,0x05,0x00,0x00,0x00,0x00,0x00,0x00,0x8f,
  0xff,0xff,0xff,0xe6,0x0d,0x00,0x28,0xfb,0xff,0xff,0xfd,0x37,0x00,0x00,0x00,0x00,0x00,0x00,0x00,0x0b,0xe1,0xff,0xff,0xff,
  0x8b,0x00,0xb7,0xff,0xff,0xff,0x92,0x00,0x00,0x00,0x00,0x00,0x00,0x00,0x00,0x00,0x4a,0xff,0xff,0xff,0xfa,0x74,0xff,0xff,
  0xff,0xe2,0x0d,0x00,0x00,0x00,0x00,0x00,0x00,0x00,0x00,0x00,0x00,0xa8,0xff,0xff,0xff,0xff,0xff,0xff,0xff,0x4d,0x00,0x00,
  0x00,0x00,0x00,0x00,0x00,0x00,0x00,0x00,0x00,0x17,0xee,0xff,0xff,0xff,0xff,0xff,0xaa,0x00,0x00,0x00,0x00,0x00,0x00,0x00,
  0x00,0x00,0x00,0x00,0x00,0x00,0x63,0xff,0xff,0xff,0xff,0xef,0x18,0x00,0x00,0x00,0x00,0x00,0x00,0x00,0x00,0x00,0x00,0x00,
  0x00,0x00,0x01,0xce,0xff,0xff,0xff,0x72,0x00,0x00,0x00,0x00,0x00,0x00,0x00,0x00,0x00,0x00,0x00,0x00,0x00,0x00,0x00,0xb4,
  0xff,0xff,0xff,0x54,0x00,0x00,0x00,0x00,0x00,0x00,0x00,0x00,0x00,0x00,0x00,0x00,0x00,0x00,0x00,0xb4,0xff,0xff,0xff,0x54,
  0x00,0x00,0x00,0x00,0x00,0x00,0x00,0x00,0x00,0x00,0x00,0x00,0x00,0x00,0x00,0xb4,0xff,0xff,0xff,0x54,0x00,0x00,0x00,0x00,
  0x00,0x00,0x00,0x00,0x00,0x00,0x00,0x00,0x00,0x00,0x00,0xb4,0xff,0xff,0xff,0x54,0x00,0x00,0x00,0x00,0x00,0x00,0x00,0x00,
  0x00,0x00,0x00,0x00,0x00,0x00,0x00,0xb4,0xff,0xff,0xff,0x54,0x00,0x00,0x00,0x00,0x00,0x00,0x00,0x00,0x00,0x00,0x00,0x00,
  0x00,0x00,0x00,0xb4,0xff,0xff,0xff,0x54,0x00,0x00,0x00,0x00,0x00,0x00,0x00,0x00,0x00,0x00,0x00,0x00,0x00,0x00,0x00,0xb4,
  0xff,0xff,0xff,0x54,0x00,0x00,0x00,0x00,0x00,0x00,0x00,0x00,0x00,0x00,0x00,0x00,0x00,0x00,0x00,0xb4,0xff,0xff,0xff,0x54,
  0x00,0x00,0x00,0x00,0x00,0x00,0x00,0x00,0x00,0xf8,0xff,0xff,0xff,0x14,0x00,0x00,0x00,0x00,0x00,0x00,0x00,0x00,0x00,0x00,
  0x00,0x00,0x00,0x00,0xf8,0xff,0xff,0xff,0x14,0x00,0x00,0x00,0x00,0x00,0x00,0x00,0x00,0x00,0x00,0x00,0x00,0x00,0x00,0xf8,
  0xff,0xff,0xff,0x14,0x00,0x00,0x00,0x00,0x00,0x00,0x00,0x00,0x00,0x00,0x00,0x00,0x00,0x00,0xf8,0xff,0xff,0xff,0x14,0x00,
  0x00,0x00,0x00,0x00,0x00,0x00,0x00,0x00,0x00,0x00,0x00,0x00,0x00,0xf8,0xff,0xff,0xff,0xff,0xff,0xff,0xfc,0xf7,0xed,0xd8,
  0xa2,0x35,0x00,0x00,0x00,0x00,0x00,0x00,0xf8,0xff,0xff,0xff,0xff,0xff,0xff,0xff,0xff,0xff,0xff,0xff,0xff,0x7e,0x00,0x00,
  0x00,0x00,0x00,0xf8,0xff,0xff,0xff,0xff,0xff,0xff,0xff,0xff,0xff,0xff,0xff,0xff,0xff,0x6d,0x00,0x00,0x00,0x00,0xf8,0xff,
  0xff,0xff,0xff,0xff,0xff,0xff,0xff,0xff,0xff,0xff,0xff,0xff,0xec,0x07,0x00,0x00,0x00,0xf8,0xff,0xff,0xff,0x14,0x00,0x01,
  0x04,0x0e,0x2d,0xa7,0xff,0xff,0xff,0xff,0x3d,0x00,0x00,0x00,0xf8,0xff,0xff,0xff,0x14,0x00,0x00,0x00,0x00,0x00,0x03,0xe3,
  0xff,0xff,0xff,0x5b,0x00,0x00,0x00,0xf8,0xff,0xff,0xff,0x14,0x00,0x00,0x00,0x00,0x00,0x04,0xe6,0xff,0xff,0xff,0x54,0x00,
  0x00,0x00,0xf8,0xff,0xff,0xff,0x14,0x00,0x00,0x02,0x0b,0x33,0xaf,0xff,0xff,0xff,0xff,0x33,0x00,0x00,0x00,0xf8,0xff,0xff,
  0xff,0xff,0xff,0xff,0xff,0xff,0xff,0xff,0xff,0xff,0xff,0xdd,0x01,0x00,0x00,0x00,0xf8,0xff,0xff,0xff,0xff,0xff,0xff,0xff,
  0xff,0xff,0xff,0xff,0xff,0xff,0x4d,0x00,0x00,0x00,0x00,0xf8,0xff,0xff,0xff,0xff,0xff,0xff,0xff,0xff,0xff,0xff,0xff,0xf8,
  0x63,0x00,0x00,0x00,0x00,0x00,0xf8,0xff,0xff,0xff,0xff,0xff,0xff,0xfe,0xf6,0xe6,0xc8,0x89,0x1f,0x00,0x00,0x00,0x00,0x00,
  0x00,0xf8,0xff,0xff,0xff,0x14,0x00,0x00,0x00,0x00,0x00,0x00,0x00,0x00,0x00,0x00,0x00,0x00,0x00,0x00,0xf8,0xff,0xff,0xff,
  0x14,0x00,0x00,0x00,0x00,0x00,0x00,0x00,0x00,0x00,0x00,0x00,0x00,0x00,0x00,0xf8,0xff,0xff,0xff,0x14,0x00,0x00,0x00,0x00,
  0x00,0x00,0x00,0x00,0x00,0x00,0x00,0x00,0x00,0x00,0xf8,0xff,0xff,0xff,0x14,0x00,0x00,0x00,0x00,0x00,0x00,0x00,0x00,0x00,
  0x00,0x00,0x00,0x00,0x00,0x00,0x00,0x36,0xa0,0xd9,0xf4,0xf6,0xdd,0xa1,0x33,0x00,0x00,0x00,0x00,0x00,0x00,0x00,0x00,0x75,
  0xfe,0xff,0xff,0xff,0xff,0xff,0xff,0xfc,0x62,0x00,0x00,0x00,0x00,0x00,0x00,0x3e,0xff,0xff,0xff,0xff,0xff,0xff,0xff,0xff,
  0xff,0xf8,0x1c,0x00,0x00,0x00,0x00,0x00,0xb3,0xff,0xff,0xff,0x8f,0x0f,0x26,0xd8,0xff,0xff,0xff,0x60,0x00,0x00,0x00,0x00,
  0x00,0xe9,0xff,0xff,0xf0,0x04,0x00,0x00,0x8c,0xff,0xff,0xff,0x5b,0x00,0x00,0x00,0x00,0x07,0xff,0xff,0xff,0xcf,0x00,0x00,
  0x00,0xc7,0xff,0xff,0xfc,0x1f,0x00,0x00,0x00,0x00,0x14,0xff,0xff,0xff,0xc3,0x00,0x00,0x40,0xff,0xff,0xff,0xa8,0x00,0x00,
  0x00,0x00,0x00,0x17,0xff,0xff,0xff,0xc0,0x00,0x00,0xb7,0xff,0xff,0xfb,0x24,0x00,0x00,0x00,0x00,0x00,0x18,0xff,0xff,0xff,
  0xc0,0x00,0x1e,0xfe,0xff,0xff,0xc9,0x00,0x00,0x00,0x00,0x00,0x00,0x18,0xff,0xff,0xff,0xc0,0x00,0x46,0xff,0xff,0xff,0xf7,
  0x29,0x00,0x00,0x00,0x00,0x00,0x18,0xff,0xff,0xff,0xc0,0x00,0x0b,0xe6,0xff,0xff,0xff,0xe4,0x25,0x00,0x00,0x00,0x00,0x18,
  0xff,0xff,0xff,0xc0,0x00,0x00,0x3f,0xf9,0xff,0xff,0xff,0xe4,0x20,0x00,0x00,0x00,0x18,0xff,0xff,0xff,0xc0,0x00,0x00,0x00,
  0x4b,0xf8,0xff,0xff,0xff,0xdb,0x0e,0x00,0x00,0x18,0xff,0xff,0xff,0xc0,0x00,0x00,0x00,0x00,0x40,0xf2,0xff,0xff,0xff,0x94,
  0x00,0x00,0x18,0xff,0xff,0xff,0xc0,0x00,0x00,0x00,0x00,0x00,0x3b,0xfc,0xff,0xff,0xf3,0x03,0x00,0x18,0xff,0xff,0xff,0xc0,
  0x00,0x00,0x40,0x97,0x00,0x00,0xc5,0xff,0xff,0xff,0x18,0x00,0x18,0xff,0xff,0xff,0xc0,0x02,0x7d,0xfc,0xfc,0x3e,0x2c,0xef,
  0xff,0xff,0xf8,0x07,0x00,0x18,0xff,0xff,0xff,0xc0,0x05,0xd2,0xff,0xff,0xff,0xff,0xff,0xff,0xff,0xa4,0x00,0x00,0x18,0xff,
  0xff,0xff,0xc0,0x00,0x28,0xe5,0xff,0xff,0xff,0xff,0xff,0xd7,0x15,0x00,0x00,0x18,0xff,0xff,0xff,0xc0,0x00,0x00,0x19,0x96,
  0xe2,0xf9,0xdb,0x86,0x0e,0x00,0x00,0x00,0x00,0x00,0x1a,0xdd,0xff,0xff,0xfa,0x1d,0x00,0x00,0x00,0x00,0x00,0x00,0x00,0x00,
  0x00,0x00,0x00,0x21,0xe5,0xff,0xff,0x90,0x00,0x00,0x00,0x00,0x00,0x00,0x00,0x00,0x00,0x00,0x00,0x00,0x2a,0xeb,0xff,0xf5,
  0x14,0x00,0x00,0x00,0x00,0x00,0x00,0x00,0x00,0x00,0x00,0x00,0x00,0x33,0xf1,0xff,0x83,0x00,0x00,0x00,0x00,0x00,0x00,0x00,
  0x00,0x00,0x00,0x00,0x00,0x00,0x00,0x00,0x00,0x00,0x00,0x00,0x00,0x00,0x00,0x00,0x00,0x00,0x1a,0x87,0xcc,0xef,0xfc,0xf8,
  0xe3,0xb5,0x57,0x00,0x00,0x00,0x00,0x00,0x00,0x3a,0xef,0xff,0xff,0xff,0xff,0xff,0xff,0xff,0xff,0xac,0x02,0x00,0x00,0x00,
  0x0c,0xe7,0xff,0xff,0xff,0xff,0xff,0xff,0xff,0xff,0xff,0xff,0x63,0x00,0x00,0x00,0x6d,0xff,0xff,0xff,0xc0,0x28,0x06,0x1c,
  0x94,0xff,0xff,0xff,0xa6,0x00,0x00,0x00,0x0d,0x52,0x9b,0xdf,0x1c,0x00,0x00,0x00,0x0c,0xff,0xff,0xff,0xc0,0x00,0x00,0x00,
  0x00,0x00,0x00,0x00,0x00,0x00,0x0f,0x48,0x91,0xfe,0xff,0xff,0xc9,0x00,0x00,0x00,0x00,0x00,0x0e,0x60,0xa1,0xda,0xfe,0xff,
  0xff,0xff,0xff,0xff,0xc9,0x00,0x00,0x00,0x00,0x6a,0xf4,0xff,0xff,0xff,0xe6,0xa9,0x66,0xfd,0xff,0xff,0xc6,0x00,0x00,0x00,
  0x57,0xff,0xff,0xff,0xae,0x2c,0x00,0x00,0x00,0xfe,0xff,0xff,0xc4,0x00,0x00,0x00,0xcc,0xff,0xff,0xf1,0x05,0x00,0x00,0x00,
  0x11,0xff,0xff,0xff,0xc1,0x00,0x00,0x00,0xf6,0xff,0xff,0xf1,0x05,0x00,0x00,0x00,0x68,0xff,0xff,0xff,0xc0,0x00,0x00,0x00,
  0xea,0xff,0xff,0xff,0x9f,0x16,0x17,0x74,0xf8,0xff,0xff,0xff,0xc7,0x00,0x00,0x00,0x9d,0xff,0xff,0xff,0xff,0xff,0xff,0xff,
  0xff,0xff,0xff,0xff,0xdc,0x00,0x00,0x00,0x18,0xde,0xff,0xff,0xff,0xff,0xff,0xff,0xb2,0x9b,0xff,0xff,0xfd,0x13,0x00,0x00,
  0x00,0x13,0x8d,0xdc,0xf9,0xef,0xbb,0x55,0x00,0x4f,0xff,0xff,0xff,0x6a,0x00,0x00,0x00,0x00,0x00,0x00,0x00,0x00,0x7d,0xff,
  0xff,0xff,0x96,0x00,0x00,0x00,0x00,0x00,0x00,0x00,0x00,0x00,0x00,0x09,0xea,0xff,0xff,0xa4,0x01,0x00,0x00,0x00,0x00,0x00,
  0x00,0x00,0x00,0x00,0x00,0x6d,0xff,0xff,0xb0,0x04,0x00,0x00,0x00,0x00,0x00,0x00,0x00,0x00,0x00,0x00,0x04,0xe0,0xff,0xbc,
  0x07,0x00,0x00,0x00,0x00,0x00,0x00,0x00,0x00,0x00,0x00,0x00,0x00,0x00,0x00,0x00,0x00,0x00,0x00,0x00,0x00,0x00,0x00,0x00,
  0x00,0x00,0x1a,0x87,0xcc,0xef,0xfc,0xf8,0xe3,0xb5,0x57,0x00,0x00,0x00,0x00,0x00,0x00,0x3a,0xef,0xff,0xff,0xff,0xff,0xff,
  0xff,0xff,0xff,0xac,0x02,0x00,0x00,0x00,0x0c,0xe7,0xff,0xff,0xff,0xff,0xff,0xff,0xff,0xff,0xff,0xff,0x63,0x00,0x00,0x00,
  0x6d,0xff,0xff,0xff,0xc0,0x28,0x06,0x1c,0x94,0xff,0xff,0xff,0xa6,0x00,0x00,0x00,0x0d,0x52,0x9b,0xdf,0x1c,0x00,0x00,0x00,
  0x0c,0xff,0xff,0xff,0xc0,0x00,0x00,0x00,0x00,0x00,0x00,0x00,0x00,0x00,0x0f,0x48,0x91,0xfe,0xff,0xff,0xc9,0x00,0x00,0x00,
  0x00,0x00,0x0e,0x60,0xa1,0xda,0xfe,0xff,0xff,0xff,0xff,0xff,0xc9,0x00,0x00,0x00,0x00,0x6a,0xf4,0xff,0xff,0xff,0xe6,0xa9,
  0x66,0xfd,0xff,0xff,0xc6,0x00,0x00,0x00,0x57,0xff,0xff,0xff,0xae,0x2c,0x00,0x00,0x00,0xfe,0xff,0xff,0xc4,0x00,0x00,0x00,
  0xcc,0xff,0xff,0xf1,0x05,0x00,0x00,0x00,0x11,0xff,0xff,0xff,0xc1,0x00,0x00,0x00,0xf6,0xff,0xff,0xf1,0x05,0x00,0x00,0x00,
  0x68,0xff,0xff,0xff,0xc0,0x00,0x00,0x00,0xea,0xff,0xff,0xff,0x9f,0x16,0x17,0x74,0xf8,0xff,0xff,0xff,0xc7,0x00,0x00,0x00,
  0x9d,0xff,0xff,0xff,0xff,0xff,0xff,0xff,0xff,0xff,0xff,0xff,0xdc,0x00,0x00,0x00,0x18,0xde,0xff,0xff,0xff,0xff,0xff,0xff,
  0xb2,0x9b,0xff,0xff,0xfd,0x13,0x00,0x00,0x00,0x13,0x8d,0xdc,0xf9,0xef,0xbb,0x55,0x00,0x4f,0xff,0xff,0xff,0x6a,0x00,0x00,
  0x00,0x00,0x00,0x00,0x4c,0xff,0xff,0xff,0xe3,0x11,0x00,0x00,0x00,0x00,0x00,0x00,0x00,0x00,0x00,0x19,0xeb,0xff,0xff,0xff,
  0xff,0xaa,0x00,0x00,0x00,0x00,0x00,0x00,0x00,0x00,0x01,0xba,0xff,0xff,0x6d,0xce,0xff,0xff,0x5f,0x00,0x00,0x00,0x00,0x00,
  0x00,0x00,0x74,0xff,0xff,0xa7,0x00,0x20,0xec,0xff,0xf2,0x22,0x00,0x00,0x00,0x00,0x00,0x00,0x00,0x00,0x00,0x00,0x00,0x00,
  0x00,0x00,0x00,0x00,0x00,0x00,0x00,0x00,0x00,0x00,0x1a,0x87,0xcc,0xef,0xfc,0xf8,0xe3,0xb5,0x57,0x00,0x00,0x00,0x00,0x00,
  0x00,0x3a,0xef,0xff,0xff,0xff,0xff,0xff,0xff,0xff,0xff,0xac,0x02,0x00,0x00,0x00,0x0c,0xe7,0xff,0xff,0xff,0xff,0xff,0xff,
  0xff,0xff,0xff,0xff,0x63,0x00,0x00,0x00,0x6d,0xff,0xff,0xff,0xc0,0x28,0x06,0x1c,0x94,0xff,0xff,0xff,0xa6,0x00,0x00,0x00,
  0x0d,0x52,0x9b,0xdf,0x1c,0x00,0x00,0x00,0x0c,0xff,0xff,0xff,0xc0,0x00,0x00,0x00,0x00,0x00,0x00,0x00,0x00,0x00,0x0f,0x48,
  0x91,0xfe,0xff,0xff,0xc9,0x00,0x00,0x00,0x00,0x00,0x0e,0x60,0xa1,0xda,0xfe,0xff,0xff,0xff,0xff,0xff,0xc9,0x00,0x00,0x00,
  0x00,0x6a,0xf4,0xff,0xff,0xff,0xe6,0xa9,0x66,0xfd,0xff,0xff,0xc6,0x00,0x00,0x00,0x57,0xff,0xff,0xff,0xae,0x2c,0x00,0x00,
  0x00,0xfe,0xff,0xff,0xc4,0x00,0x00,0x00,0xcc,0xff,0xff,0xf1,0x05,0x00,0x00,0x00,0x11,0xff,0xff,0xff,0xc1,0x00,0x00,0x00,
  0xf6,0xff,0xff,0xf1,0x05,0x00,0x00,0x00,0x68,0xff,0xff,0xff,0xc0,0x00,0x00,0x00,0xea,0xff,0xff,0xff,0x9f,0x16,0x17,0x74,
  0xf8,0xff,0xff,0xff,0xc7,0x00,0x00,0x00,0x9d,0xff,0xff,0xff,0xff,0xff,0xff,0xff,0xff,0xff,0xff,0xff,0xdc,0x00,0x00,0x00,
  0x18,0xde,0xff,0xff,0xff,0xff,0xff,0xff,0xb2,0x9b,0xff,0xff,0xfd,0x13,0x00,0x00,0x00,0x13,0x8d,0xdc,0xf9,0xef,0xbb,0x55,
  0x00,0x4f,0xff,0xff,0xff,0x6a,0x00,0x00,0x00,0x00,0x1f,0xbe,0xf6,0xdf,0x92,0x3c,0x0c,0x7d,0xff,0x7a,0x00,0x00,0x00,0x00,
  0x00,0x00,0xae,0xff,0xff,0xff,0xff,0xff,0xff,0xff,0xff,0x45,0x00,0x00,0x00,0x00,0x00,0x00,0xe1,0xf1,0x1e,0x1d,0x63,0xb5,
  0xf1,0xee,0x89,0x00,0x00,0x00,0x00,0x00,0x00,0x00,0x00,0x00,0x00,0x00,0x00,0x00,0x00,0x00,0x00,0x00,0x00,0x00,0x00,0x00,
  0x00,0x00,0x1a,0x87,0xcc,0xef,0xfc,0xf8,0xe3,0xb5,0x57,0x00,0x00,0x00,0x00,0x00,0x00,0x3a,0xef,0xff,0xff,0xff,0xff,0xff,
  0xff,0xff,0xff,0xac,0x02,0x00,0x00,0x00,0x0c,0xe7,0xff,0xff,0xff,0xff,0xff,0xff,0xff,0xff,0xff,0xff,0x63,0x00,0x00,0x00,
  0x6d,0xff,0xff,0xff,0xc0,0x28,0x06,0x1c,0x94,0xff,0xff,0xff,0xa6,0x00,0x00,0x00,0x0d,0x52,0x9b,0xdf,0x1c,0x00,0x00,0x00,
  0x0c,0xff,0xff,0xff,0xc0,0x00,0x00,0x00,0x00,0x00,0x00,0x00,0x00,0x00,0x0f,0x48,0x91,0xfe,0xff,0xff,0xc9,0x00,0x00,0x00,
  0x00,0x00,0x0e,0x60,0xa1,0xda,0xfe,0xff,0xff,0xff,0xff,0xff,0xc9,0x00,0x00,0x00,0x00,0x6a,0xf4,0xff,0xff,0xff,0xe6,0xa9,
  0x66,0xfd,0xff,0xff,0xc6,0x00,0x00,0x00,0x57,0xff,0xff,0xff,0xae,0x2c,0x00,0x00,0x00,0xfe,0xff,0xff,0xc4,0x00,0x00,0x00,
  0xcc,0xff,0xff,0xf1,0x05,0x00,0x00,0x00,0x11,0xff,0xff,0xff,0xc1,0x00,0x00,0x00,0xf6,0xff,0xff,0xf1,0x05,0x00,0x00,0x00,
  0x68,0xff,0xff,0xff,0xc0,0x00,0x00,0x00,0xea,0xff,0xff,0xff,0x9f,0x16,0x17,0x74,0xf8,0xff,0xff,0xff,0xc7,0x00,0x00,0x00,
  0x9d,0xff,0xff,0xff,0xff,0xff,0xff,0xff,0xff,0xff,0xff,0xff,0xdc,0x00,0x00,0x00,0x18,0xde,0xff,0xff,0xff,0xff,0xff,0xff,
  0xb2,0x9b,0xff,0xff,0xfd,0x13,0x00,0x00,0x00,0x13,0x8d,0xdc,0xf9,0xef,0xbb,0x55,0x00,0x4f,0xff,0xff,0xff,0x6a,0x00,0x00,
  0x00,0x00,0xc8,0xff,0xff,0x84,0x00,0x00,0xe4,0xff,0xff,0x68,0x00,0x00,0x00,0x00,0x00,0x00,0xc8,0xff,0xff,0x84,0x00,0x00,
  0xe4,0xff,0xff,0x68,0x00,0x00,0x00,0x00,0x00,0x00,0xc8,0xff,0xff,0x84,0x00,0x00,0xe4,0xff,0xff,0x68,0x00,0x00,0x00,0x00,
  0x00,0x00,0x00,0x00,0x00,0x00,0x00,0x00,0x00,0x00,0x00,0x00,0x00,0x00,0x00,0x00,0x00,0x00,0x1a,0x87,0xcc,0xef,0xfc,0xf8,
  0xe3,0xb5,0x57,0x00,0x00,0x00,0x00,0x00,0x00,0x3a,0xef,0xff,0xff,0xff,0xff,0xff,0xff,0xff,0xff,0xac,0x02,0x00,0x00,0x00,
  0x0c,0xe7,0xff,0xff,0xff,0xff,0xff,0xff,0xff,0xff,0xff,0xff,0x63,0x00,0x00,0x00,0x6d,0xff,0xff,0xff,0xc0,0x28,0x06,0x1c,
  0x94,0xff,0xff,0xff,0xa6,0x00,0x00,0x00,0x0d,0x52,0x9b,0xdf,0x1c,0x00,0x00,0x00,0x0c,0xff,0xff,0xff,0xc0,0x00,0x00,0x00,
  0x00,0x00,0x00,0x00,0x00,0x00,0x0f,0x48,0x91,0xfe,0xff,0xff,0xc9,0x00,0x00,0x00,0x00,0x00,0x0e,0x60,0xa1,0xda,0xfe,0xff,
  0xff,0xff,0xff,0xff,0xc9,0x00,0x00,0x00,0x00,0x6a,0xf4,0xff,0xff,0xff,0xe6,0xa9,0x66,0xfd,0xff,0xff,0xc6,0x00,0x00,0x00,
  0x57,0xff,0xff,0xff,0xae,0x2c,0x00,0x00,0x00,0xfe,0xff,0xff,0xc4,0x00,0x00,0x00,0xcc,0xff,0xff,0xf1,0x05,0x00,0x00,0x00,
  0x11,0xff,0xff,0xff,0xc1,0x00,0x00,0x00,0xf6,0xff,0xff,0xf1,0x05,0x00,0x00,0x00,0x68,0xff,0xff,0xff,0xc0,0x00,0x00,0x00,
  0xea,0xff,0xff,0xff,0x9f,0x16,0x17,0x74,0xf8,0xff,0xff,0xff,0xc7,0x00,0x00,0x00,0x9d,0xff,0xff,0xff,0xff,0xff,0xff,0xff,
  0xff,0xff,0xff,0xff,0xdc,0x00,0x00,0x00,0x18,0xde,0xff,0xff,0xff,0xff,0xff,0xff,0xb2,0x9b,0xff,0xff,0xfd,0x13,0x00,0x00,
  0x00,0x13,0x8d,0xdc,0xf9,0xef,0xbb,0x55,0x00,0x4f,0xff,0xff,0xff,0x6a,0x00,0x00,0x00,0x00,0x00,0x00,0x1d,0xb3,0xf3,0xe5,
  0x7c,0x00,0x00,0x00,0x00,0x00,0x00,0x00,0x00,0x00,0x00,0x00,0xba,0xcc,0x13,0x43,0xff,0x56,0x00,0x00,0x00,0x00,0x00,0x00,
  0x00,0x00,0x00,0x00,0xbb,0xcb,0x12,0x41,0xff,0x55,0x00,0x00,0x00,0x00,0x00,0x00,0x00,0x00,0x00,0x00,0x1f,0xb6,0xf4,0xe5,
  0x7d,0x00,0x00,0x00,0x00,0x00,0x00,0x00,0x00,0x00,0x00,0x00,0x00,0x00,0x00,0x00,0x00,0x00,0x00,0x00,0x00,0x00,0x00,0x00,
  0x00,0x00,0x1a,0x87,0xcc,0xef,0xfc,0xf8,0xe3,0xb5,0x57,0x00,0x00,0x00,0x00,0x00,0x00,0x3a,0xef,0xff,0xff,0xff,0xff,0xff,
  0xff,0xff,0xff,0xac,0x02,0x00,0x00,0x00,0x0c,0xe7,0xff,0xff,0xff,0xff,0xff,0xff,0xff,0xff,0xff,0xff,0x63,0x00,0x00,0x00,
  0x6d,0xff,0xff,0xff,0xc0,0x28,0x06,0x1c,0x94,0xff,0xff,0xff,0xa6,0x00,0x00,0x00,0x0d,0x52,0x9b,0xdf,0x1c,0x00,0x00,0x00,
  0x0c,0xff,0xff,0xff,0xc0,0x00,0x00,0x00,0x00,0x00,0x00,0x00,0x00,0x00,0x0f,0x48,0x91,0xfe,0xff,0xff,0xc9,0x00,0x00,0x00,
  0x00,0x00,0x0e,0x60,0xa1,0xda,0xfe,0xff,0xff,0xff,0xff,0xff,0xc9,0x00,0x00,0x00,0x00,0x6a,0xf4,0xff,0xff,0xff,0xe6,0xa9,
  0x66,0xfd,0xff,0xff,0xc6,0x00,0x00,0x00,0x57,0xff,0xff,0xff,0xae,0x2c,0x00,0x00,0x00,0xfe,0xff,0xff,0xc4,0x00,0x00,0x00,
  0xcc,0xff,0xff,0xf1,0x05,0x00,0x00,0x00,0x11,0xff,0xff,0xff,0xc1,0x00,0x00,0x00,0xf6,0xff,0xff,0xf1,0x05,0x00,0x00,0x00,
  0x68,0xff,0xff,0xff,0xc0,0x00,0x00,0x00,0xea,0xff,0xff,0xff,0x9f,0x16,0x17,0x74,0xf8,0xff,0xff,0xff,0xc7,0x00,0x00,0x00,
  0x9d,0xff,0xff,0xff,0xff,0xff,0xff,0xff,0xff,0xff,0xff,0xff,0xdc,0x00,0x00,0x00,0x18,0xde,0xff,0xff,0xff,0xff,0xff,0xff,
  0xb2,0x9b,0xff,0xff,0xfd,0x13,0x00,0x00,0x00,0x13,0x8d,0xdc,0xf9,0xef,0xbb,0x55,0x00,0x4f,0xff,0xff,0xff,0x6a,0x00,0x00,
  0x00,0x00,0x05,0x62,0xb5,0xe2,0xf7,0xfa,0xe8,0xb6,0x59,0x01,0x2e,0xa1,0xe2,0xf9,0xe5,0xc2,0x67,0x0a,0x00,0x00,0x00,0x00,
  0x00,0x00,0x10,0xc9,0xff,0xff,0xff,0xff,0xff,0xff,0xff,0xff,0xd0,0xfb,0xff,0xff,0xff,0xff,0xff,0xff,0xd7,0x20,0x00,0x00,
  0x00,0x00,0x00,0xac,0xff,0xff,0xff,0xff,0xff,0xff,0xff,0xff,0xff,0xff,0xff,0xff,0xff,0xff,0xff,0xff,0xff,0xff,0xe0,0x0b,
  0x00,0x00,0x00,0x2f,0xff,0xff,0xff,0xe5,0x44,0x0a,0x1e,0xa9,0xff,0xff,0xff,0xff,0xee,0x54,0x09,0x18,0x7c,0xfd,0xff,0xff,
  0x8b,0x00,0x00,0x00,0x05,0x42,0x8b,0xd5,0x4e,0x00,0x00,0x00,0x0d,0xfb,0xff,0xff,0xff,0x60,0x00,0x00,0x00,0x00,0x92,0xff,
  0xff,0xf2,0x09,0x00,0x00,0x00,0x00,0x00,0x00,0x00,0x00,0x00,0x00,0x00,0xe0,0xff,0xff,0xff,0x0c,0x00,0x00,0x00,0x00,0x49,
  0xff,0xff,0xff,0x40,0x00,0x00,0x00,0x00,0x00,0x00,0x04,0x2f,0x62,0x97,0xd3,0xff,0xff,0xff,0xff,0xff,0xff,0xff,0xff,0xff,
  0xff,0xff,0xff,0xff,0x6b,0x00,0x00,0x00,0x02,0x5c,0xba,0xf5,0xff,0xff,0xff,0xff,0xff,0xff,0xff,0xff,0xff,0xff,0xff,0xff,
  0xff,0xff,0xff,0xff,0xff,0x85,0x00,0x00,0x04,0xb8,0xff,0xff,0xff,0xe1,0x9d,0x61,0x26,0xe2,0xff,0xff,0xff,0xff,0xff,0xff,
  0xff,0xff,0xff,0xff,0xff,0xff,0x8f,0x00,0x00,0x6f,0xff,0xff,0xff,0x75,0x01,0x00,0x00,0x00,0xee,0xff,0xff,0xfd,0x11,0x00,
  0x00,0x00,0x00,0x00,0x00,0x00,0x00,0x00,0x00,0x00,0xbb,0xff,0xff,0xff,0x1c,0x00,0x00,0x00,0x25,0xff,0xff,0xff,0xff,0x6b,
  0x00,0x00,0x00,0x00,0x00,0x00,0x00,0x00,0x00,0x00,0x00,0xc0,0xff,0xff,0xff,0xab,0x1e,0x0c,0x4a,0xd9,0xff,0xff,0xff,0xff,
  0xf4,0x63,0x12,0x09,0x3c,0xc8,0xc5,0x80,0x3c,0x05,0x00,0x00,0x7e,0xff,0xff,0xff,0xff,0xff,0xff,0xff,0xff,0xff,0xff,0xff,
  0xff,0xff,0xff,0xff,0xff,0xff,0xff,0xff,0xff,0xe9,0x19,0x00,0x00,0x0c,0xce,0xff,0xff,0xff,0xff,0xff,0xff,0xff,0xd0,0x33,
  0x84,0xfd,0xff,0xff,0xff,0xff,0xff,0xff,0xff,0xdf,0x38,0x00,0x00,0x00,0x00,0x0a,0x7d,0xd1,0xf6,0xf7,0xdd,0xa1,0x4c,0x01,
  0x00,0x00,0x2a,0x95,0xd8,0xf5,0xf5,0xe0,0xb8,0x6a,0x0c,0x00,0x00,0x00,0x00,0x00,0x00,0x00,0x1f,0x8c,0xd2,0xf1,0xfb,0xea,
  0xc0,0x72,0x0d,0x00,0x00,0x00,0x00,0x00,0x00,0x65,0xf9,0xff,0xff,0xff,0xff,0xff,0xff,0xff,0xe1,0x2b,0x00,0x00,0x00,0x00,
  0x59,0xff,0xff,0xff,0xff,0xff,0xff,0xff,0xff,0xff,0xff,0xe0,0x0b,0x00,0x00,0x0c,0xee,0xff,0xff,0xff,0x9a,0x26,0x0b,0x43,
  0xe1,0xff,0xff,0xff,0x76,0x00,0x00,0x64,0xff,0xff,0xff,0xaa,0x00,0x00,0x00,0x00,0x4a,0xd7,0x93,0x50,0x0f,0x00,0x00,0xa4,
  0xff,0xff,0xff,0x4c,0x00,0x00,0x00,0x00,0x00,0x00,0x00,0x00,0x00,0x00,0x00,0xc6,0xff,0xff,0xff,0x26,0x00,0x00,0x00,0x00,
  0x00,0x00,0x00,0x00,0x00,0x00,0x00,0xd3,0xff,0xff,0xff,0x1e,0x00,0x00,0x00,0x00,0x00,0x00,0x00,0x00,0x00,0x00,0x00,0xc7,
  0xff,0xff,0xff,0x2c,0x00,0x00,0x00,0x00,0x00,0x00,0x00,0x00,0x00,0x00,0x00,0xa5,0xff,0xff,0xff,0x58,0x00,0x00,0x00,0x00,
  0x00,0x00,0x00,0x00,0x00,0x00,0x00,0x65,0xff,0xff,0xff,0xb7,0x00,0x00,0x00,0x00,0x20,0xe1,0xa0,0x5c,0x18,0x00,0x00,0x0c,
  0xee,0xff,0xff,0xff,0x99,0x1e,0x07,0x35,0xca,0xff,0xff,0xff,0xa9,0x00,0x00,0x00,0x59,0xff,0xff,0xff,0xff,0xff,0xff,0xff,
  0xff,0xff,0xff,0xf7,0x2a,0x00,0x00,0x00,0x00,0x66,0xfa,0xff,0xff,0xff,0xff,0xff,0xff,0xff,0xf0,0x4a,0x00,0x00,0x00,0x00,
  0x00,0x00,0x21,0x90,0xd5,0xf3,0xfb,0xeb,0xc4,0x7c,0x15,0x00,0x00,0x00,0x00,0x00,0x00,0x00,0x00,0x1c,0xce,0xea,0xf7,0xda,
  0x7e,0x03,0x00,0x00,0x00,0x00,0x00,0x00,0x00,0x00,0x00,0x13,0x18,0x07,0x53,0xfd,0xff,0x80,0x00,0x00,0x00,0x00,0x00,0x00,
  0x00,0x00,0x00,0x00,0x00,0x00,0x00,0xe5,0xff,0xb1,0x00,0x00,0x00,0x00,0x00,0x00,0x00,0x00,0x17,0x15,0x06,0x13,0x78,0xff,
  0xfd,0x4f,0x00,0x00,0x00,0x00,0x00,0x00,0x00,0x00,0xb0,0xff,0xff,0xfa,0xe2,0xa8,0x3b,0x00,0x00,0x00,0x00,0x00,0x00,0x00,
  0x00,0x2d,0xee,0xff,0xff,0xea,0x09,0x00,0x00,0x00,0x00,0x00,0x00,0x00,0x00,0x00,0x00,0x00,0x37,0xf3,0xff,0xff,0x6c,0x00,
  0x00,0x00,0x00,0x00,0x00,0x00,0x00,0x00,0x00,0x00,0x00,0x42,0xf8,0xff,0xe1,0x04,0x00,0x00,0x00,0x00,0x00,0x00,0x00,0x00,
  0x00,0x00,0x00,0x00,0x4e,0xfb,0xff,0x5f,0x00,0x00,0x00,0x00,0x00,0x00,0x00,0x00,0x00,0x00,0x00,0x00,0x00,0x00,0x00,0x00,
  0x00,0x00,0x00,0x00,0x00,0x00,0x00,0x00,0x00,0x00,0x41,0xaa,0xe5,0xf9,0xe9,0xba,0x62,0x03,0x00,0x00,0x00,0x00,0x00,0x00,
  0x03,0x98,0xff,0xff,0xff,0xff,0xff,0xff,0xff,0xca,0x15,0x00,0x00,0x00,0x00,0x00,0x91,0xff,0xff,0xff,0xff,0xff,0xff,0xff,
  0xff,0xff,0xce,0x05,0x00,0x00,0x00,0x36,0xff,0xff,0xff,0xe7,0x52,0x0f,0x21,0x9d,0xff,0xff,0xff,0x72,0x00,0x00,0x00,0xa2,
  0xff,0xff,0xff,0x44,0x00,0x00,0x00,0x01,0xc1,0xff,0xff,0xd9,0x00,0x00,0x00,0xe4,0xff,0xff,0xf6,0x01,0x00,0x00,0x00,0x00,
  0x74,0xff,0xff,0xff,0x20,0x00,0x08,0xff,0xff,0xff,0xff,0xff,0xff,0xff,0xff,0xff,0xff,0xff,0xff,0xff,0x4d,0x00,0x17,0xff,
  0xff,0xff,0xff,0xff,0xff,0xff,0xff,0xff,0xff,0xff,0xff,0xff,0x64,0x00,0x0e,0xff,0xff,0xff,0xff,0xff,0xff,0xff,0xff,0xff,
  0xff,0xff,0xff,0xff,0x6e,0x00,0x00,0xec,0xff,0xff,0xec,0x00,0x00,0x00,0x00,0x00,0x00,0x00,0x00,0x00,0x00,0x00,0x00,0xad,
  0xff,0xff,0xff,0x43,0x00,0x00,0x00,0x00,0x00,0x00,0x00,0x00,0x00,0x00,0x00,0x46,0xff,0xff,0xff,0xe8,0x5a,0x12,0x0a,0x47,
  0xda,0xb7,0x74,0x31,0x02,0x00,0x00,0x00,0xaa,0xff,0xff,0xff,0xff,0xff,0xff,0xff,0xff,0xff,0xff,0xd7,0x0a,0x00,0x00,0x00,
  0x07,0xad,0xff,0xff,0xff,0xff,0xff,0xff,0xff,0xff,0xd0,0x26,0x00,0x00,0x00,0x00,0x00,0x00,0x49,0xa6,0xe0,0xf6,0xf4,0xdd,
  0xb0,0x5e,0x06,0x00,0x00,0x00,0x00,0x00,0x00,0x00,0x00,0x00,0x00,0xa1,0xff,0xff,0xff,0x73,0x00,0x00,0x00,0x00,0x00,0x00,
  0x00,0x00,0x00,0x00,0x1d,0xfa,0xff,0xff,0x81,0x00,0x00,0x00,0x00,0x00,0x00,0x00,0x00,0x00,0x00,0x00,0x91,0xff,0xff,0x90,
  0x00,0x00,0x00,0x00,0x00,0x00,0x00,0x00,0x00,0x00,0x00,0x13,0xf4,0xff,0x9f,0x01,0x00,0x00,0x00,0x00,0x00,0x00,0x00,0x00,
  0x00,0x00,0x00,0x00,0x00,0x00,0x00,0x00,0x00,0x00,0x00,0x00,0x00,0x00,0x00,0x00,0x00,0x00,0x41,0xaa,0xe5,0xf9,0xe9,0xba,
  0x62,0x03,0x00,0x00,0x00,0x00,0x00,0x00,0x03,0x98,0xff,0xff,0xff,0xff,0xff,0xff,0xff,0xca,0x15,0x00,0x00,0x00,0x00,0x00,
  0x91,0xff,0xff,0xff,0xff,0xff,0xff,0xff,0xff,0xff,0xce,0x05,0x00,0x00,0x00,0x36,0xff,0xff,0xff,0xe7,0x52,0x0f,0x21,0x9d,
  0xff,0xff,0xff,0x72,0x00,0x00,0x00,0xa2,0xff,0xff,0xff,0x44,0x00,0x00,0x00,0x01,0xc1,0xff,0xff,0xd9,0x00,0x00,0x00,0xe4,
  0xff,0xff,0xf6,0x01,0x00,0x00,0x00,0x00,0x74,0xff,0xff,0xff,0x20,0x00,0x08,0xff,0xff,0xff,0xff,0xff,0xff,0xff,0xff,0xff,
  0xff,0xff,0xff,0xff,0x4d,0x00,0x17,0xff,0xff,0xff,0xff,0xff,0xff,0xff,0xff,0xff,0xff,0xff,0xff,0xff,0x64,0x00,0x0e,0xff,
  0xff,0xff,0xff,0xff,0xff,0xff,0xff,0xff,0xff,0xff,0xff,0xff,0x6e,0x00,0x00,0xec,0xff,0xff,0xec,0x00,0x00,0x00,0x00,0x00,
  0x00,0x00,0x00,0x00,0x00,0x00,0x00,0xad,0xff,0xff,0xff,0x43,0x00,0x00,0x00,0x00,0x00,0x00,0x00,0x00,0x00,0x00,0x00,0x46,
  0xff,0xff,0xff,0xe8,0x5a,0x12,0x0a,0x47,0xda,0xb7,0x74,0x31,0x02,0x00,0x00,0x00,0xaa,0xff,0xff,0xff,0xff,0xff,0xff,0xff,
  0xff,0xff,0xff,0xd7,0x0a,0x00,0x00,0x00,0x07,0xad,0xff,0xff,0xff,0xff,0xff,0xff,0xff,0xff,0xd0,0x26,0x00,0x00,0x00,0x00,
  0x00,0x00,0x49,0xa6,0xe0,0xf6,0xf4,0xdd,0xb0,0x5e,0x06,0x00,0x00,0x00,0x00,0x00,0x00,0x00,0x00,0x6d,0xff,0xff,0xff,0xcf,
  0x06,0x00,0x00,0x00,0x00,0x00,0x00,0x00,0x00,0x00,0x2c,0xf7,0xff,0xff,0xff,0xff,0x8a,0x00,0x00,0x00,0x00,0x00,0x00,0x00,
  0x00,0x08,0xd3,0xff,0xfe,0x5b,0xe2,0xff,0xfe,0x41,0x00,0x00,0x00,0x00,0x00,0x00,0x00,0x94,0xff,0xff,0x86,0x00,0x35,0xf8,
  0xff,0xe3,0x11,0x00,0x00,0x00,0x00,0x00,0x00,0x00,0x00,0x00,0x00,0x00,0x00,0x00,0x00,0x00,0x00,0x00,0x00,0x00,0x00,0x00,
  0x00,0x00,0x41,0xaa,0xe5,0xf9,0xe9,0xba,0x62,0x03,0x00,0x00,0x00,0x00,0x00,0x00,0x03,0x98,0xff,0xff,0xff,0xff,0xff,0xff,
  0xff,0xca,0x15,0x00,0x00,0x00,0x00,0x00,0x91,0xff,0xff,0xff,0xff,0xff,0xff,0xff,0xff,0xff,0xce,0x05,0x00,0x00,0x00,0x36,
  0xff,0xff,0xff,0xe7,0x52,0x0f,0x21,0x9d,0xff,0xff,0xff,0x72,0x00,0x00,0x00,0xa2,0xff,0xff,0xff,0x44,0x00,0x00,0x00,0x01,
  0xc1,0xff,0xff,0xd9,0x00,0x00,0x00,0xe4,0xff,0xff,0xf6,0x01,0x00,0x00,0x00,0x00,0x74,0xff,0xff,0xff,0x20,0x00,0x08,0xff,
  0xff,0xff,0xff,0xff,0xff,0xff,0xff,0xff,0xff,0xff,0xff,0xff,0x4d,0x00,0x17,0xff,0xff,0xff,0xff,0xff,0xff,0xff,0xff,0xff,
  0xff,0xff,0xff,0xff,0x64,0x00,0x0e,0xff,0xff,0xff,0xff,0xff,0xff,0xff,0xff,0xff,0xff,0xff,0xff,0xff,0x6e,0x00,0x00,0xec,
  0xff,0xff,0xec,0x00,0x00,0x00,0x00,0x00,0x00,0x00,0x00,0x00,0x00,0x00,0x00,0xad,0xff,0xff,0xff,0x43,0x00,0x00,0x00,0x00,
  0x00,0x00,0x00,0x00,0x00,0x00,0x00,0x46,0xff,0xff,0xff,0xe8,0x5a,0x12,0x0a,0x47,0xda,0xb7,0x74,0x31,0x02,0x00,0x00,0x00,
  0xaa,0xff,0xff,0xff,0xff,0xff,0xff,0xff,0xff,0xff,0xff,0xd7,0x0a,0x00,0x00,0x00,0x07,0xad,0xff,0xff,0xff,0xff,0xff,0xff,
  0xff,0xff,0xd0,0x26,0x00,0x00,0x00,0x00,0x00,0x00,0x49,0xa6,0xe0,0xf6,0xf4,0xdd,0xb0,0x5e,0x06,0x00,0x00,0x00,0x00,0x00,
  0x00,0xec,0xff,0xff,0x60,0x00,0x08,0xff,0xff,0xff,0x44,0x00,0x00,0x00,0x00,0x00,0x00,0xec,0xff,0xff,0x60,0x00,0x08,0xff,
  0xff,0xff,0x44,0x00,0x00,0x00,0x00,0x00,0x00,0xec,0xff,0xff,0x60,0x00,0x08,0xff,0xff,0xff,0x44,0x00,0x00,0x00,0x00,0x00,
  0x00,0x00,0x00,0x00,0x00,0x00,0x00,0x00,0x00,0x00,0x00,0x00,0x00,0x00,0x00,0x00,0x00,0x00,0x41,0xaa,0xe5,0xf9,0xe9,0xba,
  0x62,0x03,0x00,0x00,0x00,0x00,0x00,0x00,0x03,0x98,0xff,0xff,0xff,0xff,0xff,0xff,0xff,0xca,0x15,0x00,0x00,0x00,0x00,0x00,
  0x91,0xff,0xff,0xff,0xff,0xff,0xff,0xff,0xff,0xff,0xce,0x05,0x00,0x00,0x00,0x36,0xff,0xff,0xff,0xe7,0x52,0x0f,0x21,0x9d,
  0xff,0xff,0xff,0x72,0x00,0x00,0x00,0xa2,0xff,0xff,0xff,0x44,0x00,0x00,0x00,0x01,0xc1,0xff,0xff,0xd9,0x00,0x00,0x00,0xe4,
  0xff,0xff,0xf6,0x01,0x00,0x00,0x00,0x00,0x74,0xff,0xff,0xff,0x20,0x00,0x08,0xff,0xff,0xff,0xff,0xff,0xff,0xff,0xff,0xff,
  0xff,0xff,0xff,0xff,0x4d,0x00,0x17,0xff,0xff,0xff,0xff,0xff,0xff,0xff,0xff,0xff,0xff,0xff,0xff,0xff,0x64,0x00,0x0e,0xff,
  0xff,0xff,0xff,0xff,0xff,0xff,0xff,0xff,0xff,0xff,0xff,0xff,0x6e,0x00,0x00,0xec,0xff,0xff,0xec,0x00,0x00,0x00,0x00,0x00,
  0x00,0x00,0x00,0x00,0x00,0x00,0x00,0xad,0xff,0xff,0xff,0x43,0x00,0x00,0x00,0x00,0x00,0x00,0x00,0x00,0x00,0x00,0x00,0x46,
  0xff,0xff,0xff,0xe8,0x5a,0x12,0x0a,0x47,0xda,0xb7,0x74,0x31,0x02,0x00,0x00,0x00,0xaa,0xff,0xff,0xff,0xff,0xff,0xff,0xff,
  0xff,0xff,0xff,0xd7,0x0a,0x00,0x00,0x00,0x07,0xad,0xff,0xff,0xff,0xff,0xff,0xff,0xff,0xff,0xd0,0x26,0x00,0x00,0x00,0x00,
  0x00,0x00,0x49,0xa6,0xe0,0xf6,0xf4,0xdd,0xb0,0x5e,0x06,0x00,0x00,0x00,0x0d,0xca,0xff,0xff,0xff,0x37,0x00,0x00,0x00,0x00,
  0x12,0xd4,0xff,0xff,0xb0,0x00,0x00,0x00,0x00,0x00,0x19,0xdc,0xff,0xfe,0x2b,0x00,0x00,0x00,0x00,0x00,0x20,0xe4,0xff,0xa3,
  0x00,0x00,0x00,0x00,0x00,0x00,0x00,0x00,0x00,0x00,0x00,0x00,0x00,0x00,0xfc,0xff,0xff,0xdc,0x00,0x00,0x00,0x00,0x00,0xfc,
  0xff,0xff,0xdc,0x00,0x00,0x00,0x00,0x00,0xfc,0xff,0xff,0xdc,0x00,0x00,0x00,0x00,0x00,0xfc,0xff,0xff,0xdc,0x00,0x00,0x00,
  0x00,0x00,0xfc,0xff,0xff,0xdc,0x00,0x00,0x00,0x00,0x00,0xfc,0xff,0xff,0xdc,0x00,0x00,0x00,0x00,0x00,0xfc,0xff,0xff,0xdc,
  0x00,0x00,0x00,0x00,0x00,0xfc,0xff,0xff,0xdc,0x00,0x00,0x00,0x00,0x00,0xfc,0xff,0xff,0xdc,0x00,0x00,0x00,0x00,0x00,0xfc,
  0xff,0xff,0xdc,0x00,0x00,0x00,0x00,0x00,0xfc,0xff,0xff,0xdc,0x00,0x00,0x00,0x00,0x00,0xfc,0xff,0xff,0xdc,0x00,0x00,0x00,
  0x00,0x00,0xfc,0xff,0xff,0xdc,0x00,0x00,0x00,0x00,0x00,0xfc,0xff,0xff,0xdc,0x00,0x00,0x00,0x00,0x00,0xfc,0xff,0xff,0xdc,
  0x00,0x00,0x00,0x00,0x00,0xa1,0xff,0xff,0xff,0x73,0x00,0x00,0x1d,0xfa,0xff,0xff,0x81,0x00,0x00,0x00,0x91,0xff,0xff,0x90,
  0x00,0x00,0x00,0x13,0xf4,0xff,0x9f,0x01,0x00,0x00,0x00,0x00,0x00,0x00,0x00,0x00,0x00,0x00,0x00,0x00,0xfc,0xff,0xff,0xdc,
  0x00,0x00,0x00,0x00,0xfc,0xff,0xff,0xdc,0x00,0x00,0x00,0x00,0xfc,0xff,0xff,0xdc,0x00,0x00,0x00,0x00,0xfc,0xff,0xff,0xdc,
  0x00,0x00,0x00,0x00,0xfc,0xff,0xff,0xdc,0x00,0x00,0x00,0x00,0xfc,0xff,0xff,0xdc,0x00,0x00,0x00,0x00,0xfc,0xff,0xff,0xdc,
  0x00,0x00,0x00,0x00,0xfc,0xff,0xff,0xdc,0x00,0x00,0x00,0x00,0xfc,0xff,0xff,0xdc,0x00,0x00,0x00,0x00,0xfc,0xff,0xff,0xdc,
  0x00,0x00,0x00,0x00,0xfc,0xff,0xff,0xdc,0x00,0x00,0x00,0x00,0xfc,0xff,0xff,0xdc,0x00,0x00,0x00,0x00,0xfc,0xff,0xff,0xdc,
  0x00,0x00,0x00,0x00,0xfc,0xff,0xff,0xdc,0x00,0x00,0x00,0x00,0xfc,0xff,0xff,0xdc,0x00,0x00,0x00,0x00,0x32,0xf9,0xff,0xff,
  0xf2,0x22,0x00,0x00,0x00,0x0b,0xd9,0xff,0xff,0xff,0xff,0xc6,0x03,0x00,0x00,0x9d,0xff,0xff,0x86,0xb5,0xff,0xff,0x7f,0x00,
  0x53,0xff,0xff,0xc3,0x03,0x10,0xdc,0xff,0xfc,0x39,0x00,0x00,0x00,0x00,0x00,0x00,0x00,0x00,0x00,0x00,0x00,0x00,0x00,0xfc,
  0xff,0xff,0xdc,0x00,0x00,0x00,0x00,0x00,0x00,0xfc,0xff,0xff,0xdc,0x00,0x00,0x00,0x00,0x00,0x00,0xfc,0xff,0xff,0xdc,0x00,
  0x00,0x00,0x00,0x00,0x00,0xfc,0xff,0xff,0xdc,0x00,0x00,0x00,0x00,0x00,0x00,0xfc,0xff,0xff,0xdc,0x00,0x00,0x00,0x00,0x00,
  0x00,0xfc,0xff,0xff,0xdc,0x00,0x00,0x00,0x00,0x00,0x00,0xfc,0xff,0xff,0xdc,0x00,0x00,0x00,0x00,0x00,0x00,0xfc,0xff,0xff,
  0xdc,0x00,0x00,0x00,0x00,0x00,0x00,0xfc,0xff,0xff,0xdc,0x00,0x00,0x00,0x00,0x00,0x00,0xfc,0xff,0xff,0xdc,0x00,0x00,0x00,
  0x00,0x00,0x00,0xfc,0xff,0xff,0xdc,0x00,0x00,0x00,0x00,0x00,0x00,0xfc,0xff,0xff,0xdc,0x00,0x00,0x00,0x00,0x00,0x00,0xfc,
  0xff,0xff,0xdc,0x00,0x00,0x00,0x00,0x00,0x00,0xfc,0xff,0xff,0xdc,0x00,0x00,0x00,0x00,0x00,0x00,0xfc,0xff,0xff,0xdc,0x00,
  0x00,0x00,0xa8,0xff,0xff,0xa4,0x00,0x00,0xc4,0xff,0xff,0x88,0xa8,0xff,0xff,0xa4,0x00,0x00,0xc4,0xff,0xff,0x88,0xa8,0xff,
  0xff,0xa4,0x00,0x00,0xc4,0xff,0xff,0x88,0x00,0x00,0x00,0x00,0x00,0x00,0x00,0x00,0x00,0x00,0x00,0x00,0x00,0xfc,0xff,0xff,
  0xdc,0x00,0x00,0x00,0x00,0x00,0x00,0xfc,0xff,0xff,0xdc,0x00,0x00,0x00,0x00,0x00,0x00,0xfc,0xff,0xff,0xdc,0x00,0x00,0x00,
  0x00,0x00,0x00,0xfc,0xff,0xff,0xdc,0x00,0x00,0x00,0x00,0x00,0x00,0xfc,0xff,0xff,0xdc,0x00,0x00,0x00,0x00,0x00,0x00,0xfc,
  0xff,0xff,0xdc,0x00,0x00,0x00,0x00,0x00,0x00,0xfc,0xff,0xff,0xdc,0x00,0x00,0x00,0x00,0x00,0x00,0xfc,0xff,0xff,0xdc,0x00,
  0x00,0x00,0x00,0x00,0x00,0xfc,0xff,0xff,0xdc,0x00,0x00,0x00,0x00,0x00,0x00,0xfc,0xff,0xff,0xdc,0x00,0x00,0x00,0x00,0x00,
  0x00,0xfc,0xff,0xff,0xdc,0x00,0x00,0x00,0x00,0x00,0x00,0xfc,0xff,0xff,0xdc,0x00,0x00,0x00,0x00,0x00,0x00,0xfc,0xff,0xff,
  0xdc,0x00,0x00,0x00,0x00,0x00,0x00,0xfc,0xff,0xff,0xdc,0x00,0x00,0x00,0x00,0x00,0x00,0xfc,0xff,0xff,0xdc,0x00,0x00,0x00,
  0x00,0x00,0x00,0x00,0x13,0xb2,0xff,0xff,0xea,0x3c,0x11,0x80,0xc2,0x03,0x00,0x00,0x00,0x00,0x00,0x00,0x00,0x00,0x00,0x6e,
  0xf8,0xff,0xfa,0xf1,0xab,0x28,0x00,0x00,0x00,0x00,0x00,0x00,0x00,0x00,0x00,0x08,0x63,0xdd,0xd3,0xff,0xff,0xc5,0x0a,0x00,
  0x00,0x00,0x00,0x00,0x00,0x00,0x00,0x2f,0xe6,0x9d,0x26,0x06,0xcf,0xff,0xff,0xab,0x00,0x00,0x00,0x00,0x00,0x00,0x00,0x00,
  0x00,0x18,0x00,0x00,0x00,0x3b,0xff,0xff,0xff,0x6e,0x00,0x00,0x00,0x00,0x00,0x00,0x00,0x20,0x98,0xe2,0xf7,0xda,0x93,0xcd,
  0xff,0xff,0xf4,0x1f,0x00,0x00,0x00,0x00,0x00,0x53,0xf5,0xff,0xff,0xff,0xff,0xff,0xff,0xff,0xff,0xff,0x9e,0x00,0x00,0x00,
  0x00,0x42,0xfb,0xff,0xff,0xff,0xff,0xff,0xff,0xff,0xff,0xff,0xff,0xfa,0x16,0x00,0x00,0x07,0xe1,0xff,0xff,0xff,0xc6,0x34,
  0x07,0x2f,0xbc,0xff,0xff,0xff,0xff,0x6d,0x00,0x00,0x5f,0xff,0xff,0xff,0xe6,0x0b,0x00,0x00,0x00,0x05,0xc6,0xff,0xff,0xff,
  0xb6,0x00,0x00,0xa8,0xff,0xff,0xff,0x72,0x00,0x00,0x00,0x00,0x00,0x44,0xff,0xff,0xff,0xe8,0x00,0x00,0xcb,0xff,0xff,0xff,
  0x42,0x00,0x00,0x00,0x00,0x00,0x07,0xfc,0xff,0xff,0xff,0x05,0x00,0xd6,0xff,0xff,0xff,0x28,0x00,0x00,0x00,0x00,0x00,0x00,
  0xf0,0xff,0xff,0xff,0x08,0x00,0xc3,0xff,0xff,0xff,0x39,0x00,0x00,0x00,0x00,0x00,0x05,0xfc,0xff,0xff,0xf3,0x00,0x00,0x94,
  0xff,0xff,0xff,0x72,0x00,0x00,0x00,0x00,0x00,0x3d,0xff,0xff,0xff,0xc1,0x00,0x00,0x44,0xff,0xff,0xff,0xde,0x0c,0x00,0x00,
  0x00,0x02,0xbc,0xff,0xff,0xff,0x72,0x00,0x00,0x00,0xc7,0xff,0xff,0xff,0xc8,0x35,0x06,0x29,0xb1,0xff,0xff,0xff,0xe8,0x0c,
  0x00,0x00,0x00,0x22,0xed,0xff,0xff,0xff,0xff,0xff,0xff,0xff,0xff,0xff,0xfa,0x40,0x00,0x00,0x00,0x00,0x00,0x29,0xd9,0xff,
  0xff,0xff,0xff,0xff,0xff,0xff,0xe9,0x41,0x00,0x00,0x00,0x00,0x00,0x00,0x00,0x05,0x65,0xba,0xea,0xfa,0xeb,0xc2,0x74,0x0c,
  0x00,0x00,0x00,0x00,0x00,0x00,0x00,0x00,0x3d,0xd3,0xf7,0xd3,0x7e,0x2c,0x0f,0xad,0xff,0x42,0x00,0x00,0x00,0x00,0x00,0x00,
  0x01,0xe5,0xff,0xff,0xff,0xff,0xff,0xff,0xff,0xf7,0x16,0x00,0x00,0x00,0x00,0x00,0x00,0x19,0xff,0xc8,0x12,0x2a,0x74,0xc6,
  0xf7,0xe3,0x5d,0x00,0x00,0x00,0x00,0x00,0x00,0x00,0x00,0x00,0x00,0x00,0x00,0x00,0x00,0x00,0x00,0x00,0x00,0x00,0x00,0x00,
  0x00,0x04,0xff,0xff,0xff,0x8c,0x00,0x57,0xb9,0xeb,0xf8,0xdd,0x90,0x1a,0x00,0x00,0x00,0x00,0x04,0xff,0xff,0xff,0x97,0xb6,
  0xff,0xff,0xff,0xff,0xff,0xff,0xeb,0x28,0x00,0x00,0x00,0x04,0xff,0xff,0xff,0xfd,0xff,0xff,0xff,0xff,0xff,0xff,0xff,0xff,
  0xb7,0x00,0x00,0x00,0x04,0xff,0xff,0xff,0xff,0xf8,0x6c,0x13,0x14,0x95,0xff,0xff,0xff,0xfc,0x09,0x00,0x00,0x04,0xff,0xff,
  0xff,0xff,0x66,0x00,0x00,0x00,0x03,0xe2,0xff,0xff,0xff,0x28,0x00,0x00,0x04,0xff,0xff,0xff,0xfc,0x08,0x00,0x00,0x00,0x00,
  0xb4,0xff,0xff,0xff,0x33,0x00,0x00,0x04,0xff,0xff,0xff,0xe4,0x00,0x00,0x00,0x00,0x00,0xa5,0xff,0xff,0xff,0x38,0x00,0x00,
  0x04,0xff,0xff,0xff,0xd7,0x00,0x00,0x00,0x00,0x00,0xa0,0xff,0xff,0xff,0x38,0x00,0x00,0x04,0xff,0xff,0xff,0xd4,0x00,0x00,
  0x00,0x00,0x00,0xa0,0xff,0xff,0xff,0x38,0x00,0x00,0x04,0xff,0xff,0xff,0xd4,0x00,0x00,0x00,0x00,0x00,0xa0,0xff,0xff,0xff,
  0x38,0x00,0x00,0x04,0xff,0xff,0xff,0xd4,0x00,0x00,0x00,0x00,0x00,0xa0,0xff,0xff,0xff,0x38,0x00,0x00,0x04,0xff,0xff,0xff,
  0xd4,0x00,0x00,0x00,0x00,0x00,0xa0,0xff,0xff,0xff,0x38,0x00,0x00,0x04,0xff,0xff,0xff,0xd4,0x00,0x00,0x00,0x00,0x00,0xa0,
  0xff,0xff,0xff,0x38,0x00,0x00,0x04,0xff,0xff,0xff,0xd4,0x00,0x00,0x00,0x00,0x00,0xa0,0xff,0xff,0xff,0x38,0x00,0x00,0x04,
  0xff,0xff,0xff,0xd4,0x00,0x00,0x00,0x00,0x00,0xa0,0xff,0xff,0xff,0x38,0x00,0x00,0x00,0x00,0x00,0x38,0xf3,0xff,0xff,0xdf,
  0x04,0x00,0x00,0x00,0x00,0x00,0x00,0x00,0x00,0x00,0x00,0x00,0x00,0x43,0xf8,0xff,0xff,0x5c,0x00,0x00,0x00,0x00,0x00,0x00,
  0x00,0x00,0x00,0x00,0x00,0x00,0x00,0x4e,0xfb,0xff,0xd4,0x01,0x00,0x00,0x00,0x00,0x00,0x00,0x00,0x00,0x00,0x00,0x00,0x00,
  0x00,0x5b,0xfd,0xff,0x4f,0x00,0x00,0x00,0x00,0x00,0x00,0x00,0x00,0x00,0x00,0x00,0x00,0x00,0x00,0x00,0x00,0x00,0x00,0x00,
  0x00,0x00,0x00,0x00,0x00,0x00,0x00,0x00,0x08,0x5b,0xb6,0xdf,0xf8,0xec,0xc6,0x7a,0x10,0x00,0x00,0x00,0x00,0x00,0x00,0x00,
  0x2d,0xd7,0xff,0xff,0xff,0xff,0xff,0xff,0xff,0xee,0x4b,0x00,0x00,0x00,0x00,0x00,0x26,0xf3,0xff,0xff,0xff,0xff,0xff,0xff,
  0xff,0xff,0xff,0xfd,0x50,0x00,0x00,0x00,0x02,0xce,0xff,0xff,0xff,0xc2,0x35,0x07,0x24,0x9d,0xff,0xff,0xff,0xf2,0x17,0x00,
  0x00,0x47,0xff,0xff,0xff,0xd2,0x07,0x00,0x00,0x00,0x00,0xa2,0xff,0xff,0xff,0x8b,0x00,0x00,0x9f,0xff,0xff,0xff,0x5c,0x00,
  0x00,0x00,0x00,0x00,0x25,0xff,0xff,0xff,0xdb,0x00,0x00,0xc7,0xff,0xff,0xff,0x23,0x00,0x00,0x00,0x00,0x00,0x00,0xec,0xff,
  0xff,0xff,0x06,0x00,0xd8,0xff,0xff,0xff,0x13,0x00,0x00,0x00,0x00,0x00,0x00,0xdc,0xff,0xff,0xff,0x16,0x00,0xc1,0xff,0xff,
  0xff,0x23,0x00,0x00,0x00,0x00,0x00,0x00,0xed,0xff,0xff,0xff,0x05,0x00,0xa0,0xff,0xff,0xff,0x5c,0x00,0x00,0x00,0x00,0x00,
  0x25,0xff,0xff,0xff,0xd7,0x00,0x00,0x4e,0xff,0xff,0xff,0xd1,0x07,0x00,0x00,0x00,0x00,0xa2,0xff,0xff,0xff,0x85,0x00,0x00,
  0x05,0xde,0xff,0xff,0xff,0xc1,0x34,0x06,0x22,0x9d,0xff,0xff,0xff,0xef,0x14,0x00,0x00,0x00,0x32,0xf8,0xff,0xff,0xff,0xff,
  0xff,0xff,0xff,0xff,0xff,0xfc,0x49,0x00,0x00,0x00,0x00,0x00,0x36,0xd8,0xff,0xff,0xff,0xff,0xff,0xff,0xff,0xeb,0x46,0x00,
  0x00,0x00,0x00,0x00,0x00,0x00,0x08,0x5a,0xb3,0xdf,0xf8,0xed,0xc5,0x77,0x0e,0x00,0x00,0x00,0x00,0x00,0x00,0x00,0x00,0x00,
  0x00,0x00,0x00,0xb1,0xff,0xff,0xff,0x64,0x00,0x00,0x00,0x00,0x00,0x00,0x00,0x00,0x00,0x00,0x00,0x2a,0xfe,0xff,0xff,0x72,
  0x00,0x00,0x00,0x00,0x00,0x00,0x00,0x00,0x00,0x00,0x00,0x00,0xa1,0xff,0xff,0x80,0x00,0x00,0x00,0x00,0x00,0x00,0x00,0x00,
  0x00,0x00,0x00,0x00,0x1d,0xfa,0xff,0x90,0x00,0x00,0x00,0x00,0x00,0x00,0x00,0x00,0x00,0x00,0x00,0x00,0x00,0x00,0x00,0x00,
  0x00,0x00,0x00,0x00,0x00,0x00,0x00,0x00,0x00,0x00,0x00,0x00,0x08,0x5b,0xb6,0xdf,0xf8,0xec,0xc6,0x7a,0x10,0x00,0x00,0x00,
  0x00,0x00,0x00,0x00,0x2d,0xd7,0xff,0xff,0xff,0xff,0xff,0xff,0xff,0xee,0x4b,0x00,0x00,0x00,0x00,0x00,0x26,0xf3,0xff,0xff,
  0xff,0xff,0xff,0xff,0xff,0xff,0xff,0xfd,0x50,0x00,0x00,0x00,0x02,0xce,0xff,0xff,0xff,0xc2,0x35,0x07,0x24,0x9d,0xff,0xff,
  0xff,0xf2,0x17,0x00,0x00,0x47,0xff,0xff,0xff,0xd2,0x07,0x00,0x00,0x00,0x00,0xa2,0xff,0xff,0xff,0x8b,0x00,0x00,0x9f,0xff,
  0xff,0xff,0x5c,0x00,0x00,0x00,0x00,0x00,0x25,0xff,0xff,0xff,0xdb,0x00,0x00,0xc7,0xff,0xff,0xff,0x23,0x00,0x00,0x00,0x00,
  0x00,0x00,0xec,0xff,0xff,0xff,0x06,0x00,0xd8,0xff,0xff,0xff,0x13,0x00,0x00,0x00,0x00,0x00,0x00,0xdc,0xff,0xff,0xff,0x16,
  0x00,0xc1,0xff,0xff,0xff,0x23,0x00,0x00,0x00,0x00,0x00,0x00,0xed,0xff,0xff,0xff,0x05,0x00,0xa0,0xff,0xff,0xff,0x5c,0x00,
  0x00,0x00,0x00,0x00,0x25,0xff,0xff,0xff,0xd7,0x00,0x00,0x4e,0xff,0xff,0xff,0xd1,0x07,0x00,0x00,0x00,0x00,0xa2,0xff,0xff,
  0xff,0x85,0x00,0x00,0x05,0xde,0xff,0xff,0xff,0xc1,0x34,0x06,0x22,0x9d,0xff,0xff,0xff,0xef,0x14,0x00,0x00,0x00,0x32,0xf8,
  0xff,0xff,0xff,0xff,0xff,0xff,0xff,0xff,0xff,0xfc,0x49,0x00,0x00,0x00,0x00,0x00,0x36,0xd8,0xff,0xff,0xff,0xff,0xff,0xff,
  0xff,0xeb,0x46,0x00,0x00,0x00,0x00,0x00,0x00,0x00,0x08,0x5a,0xb3,0xdf,0xf8,0xed,0xc5,0x77,0x0e,0x00,0x00,0x00,0x00,0x00,
  0x00,0x00,0x00,0x00,0x00,0x81,0xff,0xff,0xff,0xbf,0x02,0x00,0x00,0x00,0x00,0x00,0x00,0x00,0x00,0x00,0x00,0x3b,0xfc,0xff,
  0xff,0xff,0xff,0x76,0x00,0x00,0x00,0x00,0x00,0x00,0x00,0x00,0x00,0x0f,0xe0,0xff,0xfa,0x55,0xec,0xff,0xf9,0x31,0x00,0x00,
  0x00,0x00,0x00,0x00,0x00,0x00,0xa8,0xff,0xff,0x72,0x00,0x44,0xfc,0xff,0xd7,0x09,0x00,0x00,0x00,0x00,0x00,0x00,0x00,0x00,
  0x00,0x00,0x00,0x00,0x00,0x00,0x00,0x00,0x00,0x00,0x00,0x00,0x00,0x00,0x00,0x00,0x08,0x5b,0xb6,0xdf,0xf8,0xec,0xc6,0x7a,
  0x10,0x00,0x00,0x00,0x00,0x00,0x00,0x00,0x2d,0xd7,0xff,0xff,0xff,0xff,0xff,0xff,0xff,0xee,0x4b,0x00,0x00,0x00,0x00,0x00,
  0x26,0xf3,0xff,0xff,0xff,0xff,0xff,0xff,0xff,0xff,0xff,0xfd,0x50,0x00,0x00,0x00,0x02,0xce,0xff,0xff,0xff,0xc2,0x35,0x07,
  0x24,0x9d,0xff,0xff,0xff,0xf2,0x17,0x00,0x00,0x47,0xff,0xff,0xff,0xd2,0x07,0x00,0x00,0x00,0x00,0xa2,0xff,0xff,0xff,0x8b,
  0x00,0x00,0x9f,0xff,0xff,0xff,0x5c,0x00,0x00,0x00,0x00,0x00,0x25,0xff,0xff,0xff,0xdb,0x00,0x00,0xc7,0xff,0xff,0xff,0x23,
  0x00,0x00,0x00,0x00,0x00,0x00,0xec,0xff,0xff,0xff,0x06,0x00,0xd8,0xff,0xff,0xff,0x13,0x00,0x00,0x00,0x00,0x00,0x00,0xdc,
  0xff,0xff,0xff,0x16,0x00,0xc1,0xff,0xff,0xff,0x23,0x00,0x00,0x00,0x00,0x00,0x00,0xed,0xff,0xff,0xff,0x05,0x00,0xa0,0xff,
  0xff,0xff,0x5c,0x00,0x00,0x00,0x00,0x00,0x25,0xff,0xff,0xff,0xd7,0x00,0x00,0x4e,0xff,0xff,0xff,0xd1,0x07,0x00,0x00,0x00,
  0x00,0xa2,0xff,0xff,0xff,0x85,0x00,0x00,0x05,0xde,0xff,0xff,0xff,0xc1,0x34,0x06,0x22,0x9d,0xff,0xff,0xff,0xef,0x14,0x00,
  0x00,0x00,0x32,0xf8,0xff,0xff,0xff,0xff,0xff,0xff,0xff,0xff,0xff,0xfc,0x49,0x00,0x00,0x00,0x00,0x00,0x36,0xd8,0xff,0xff,
  0xff,0xff,0xff,0xff,0xff,0xeb,0x46,0x00,0x00,0x00,0x00,0x00,0x00,0x00,0x08,0x5a,0xb3,0xdf,0xf8,0xed,0xc5,0x77,0x0e,0x00,
  0x00,0x00,0x00,0x00,0x00,0x00,0x00,0x3a,0xd2,0xf7,0xd4,0x7f,0x2d,0x0e,0xaa,0xff,0x46,0x00,0x00,0x00,0x00,0x00,0x00,0x00,
  0xe2,0xff,0xff,0xff,0xff,0xff,0xff,0xff,0xf8,0x18,0x00,0x00,0x00,0x00,0x00,0x00,0x15,0xff,0xcc,0x12,0x29,0x73,0xc5,0xf6,
  0xe4,0x60,0x00,0x00,0x00,0x00,0x00,0x00,0x00,0x00,0x00,0x00,0x00,0x00,0x00,0x00,0x00,0x00,0x00,0x00,0x00,0x00,0x00,0x00,
  0x00,0x00,0x00,0x08,0x5b,0xb6,0xdf,0xf8,0xec,0xc6,0x7a,0x10,0x00,0x00,0x00,0x00,0x00,0x00,0x00,0x2d,0xd7,0xff,0xff,0xff,
  0xff,0xff,0xff,0xff,0xee,0x4b,0x00,0x00,0x00,0x00,0x00,0x26,0xf3,0xff,0xff,0xff,0xff,0xff,0xff,0xff,0xff,0xff,0xfd,0x50,
  0x00,0x00,0x00,0x02,0xce,0xff,0xff,0xff,0xc2,0x35,0x07,0x24,0x9d,0xff,0xff,0xff,0xf2,0x17,0x00,0x00,0x47,0xff,0xff,0xff,
  0xd2,0x07,0x00,0x00,0x00,0x00,0xa2,0xff,0xff,0xff,0x8b,0x00,0x00,0x9f,0xff,0xff,0xff,0x5c,0x00,0x00,0x00,0x00,0x00,0x25,
  0xff,0xff,0xff,0xdb,0x00,0x00,0xc7,0xff,0xff,0xff,0x23,0x00,0x00,0x00,0x00,0x00,0x00,0xec,0xff,0xff,0xff,0x06,0x00,0xd8,
  0xff,0xff,0xff,0x13,0x00,0x00,0x00,0x00,0x00,0x00,0xdc,0xff,0xff,0xff,0x16,0x00,0xc1,0xff,0xff,0xff,0x23,0x00,0x00,0x00,
  0x00,0x00,0x00,0xed,0xff,0xff,0xff,0x05,0x00,0xa0,0xff,0xff,0xff,0x5c,0x00,0x00,0x00,0x00,0x00,0x25,0xff,0xff,0xff,0xd7,
  0x00,0x00,0x4e,0xff,0xff,0xff,0xd1,0x07,0x00,0x00,0x00,0x00,0xa2,0xff,0xff,0xff,0x85,0x00,0x00,0x05,0xde,0xff,0xff,0xff,
  0xc1,0x34,0x06,0x22,0x9d,0xff,0xff,0xff,0xef,0x14,0x00,0x00,0x00,0x32,0xf8,0xff,0xff,0xff,0xff,0xff,0xff,0xff,0xff,0xff,
  0xfc,0x49,0x00,0x00,0x00,0x00,0x00,0x36,0xd8,0xff,0xff,0xff,0xff,0xff,0xff,0xff,0xeb,0x46,0x00,0x00,0x00,0x00,0x00,0x00,
  0x00,0x08,0x5a,0xb3,0xdf,0xf8,0xed,0xc5,0x77,0x0e,0x00,0x00,0x00,0x00,0x00,0x00,0x00,0x24,0xff,0xff,0xff,0x28,0x00,0x40,
  0xff,0xff,0xff,0x0c,0x00,0x00,0x00,0x00,0x00,0x00,0x24,0xff,0xff,0xff,0x28,0x00,0x40,0xff,0xff,0xff,0x0c,0x00,0x00,0x00,
  0x00,0x00,0x00,0x24,0xff,0xff,0xff,0x28,0x00,0x40,0xff,0xff,0xff,0x0c,0x00,0x00,0x00,0x00,0x00,0x00,0x00,0x00,0x00,0x00,
  0x00,0x00,0x00,0x00,0x00,0x00,0x00,0x00,0x00,0x00,0x00,0x00,0x00,0x00,0x08,0x5b,0xb6,0xdf,0xf8,0xec,0xc6,0x7a,0x10,0x00,
  0x00,0x00,0x00,0x00,0x00,0x00,0x2d,0xd7,0xff,0xff,0xff,0xff,0xff,0xff,0xff,0xee,0x4b,0x00,0x00,0x00,0x00,0x00,0x26,0xf3,
  0xff,0xff,0xff,0xff,0xff,0xff,0xff,0xff,0xff,0xfd,0x50,0x00,0x00,0x00,0x02,0xce,0xff,0xff,0xff,0xc2,0x35,0x07,0x24,0x9d,
  0xff,0xff,0xff,0xf2,0x17,0x00,0x00,0x47,0xff,0xff,0xff,0xd2,0x07,0x00,0x00,0x00,0x00,0xa2,0xff,0xff,0xff,0x8b,0x00,0x00,
  0x9f,0xff,0xff,0xff,0x5c,0x00,0x00,0x00,0x00,0x00,0x25,0xff,0xff,0xff,0xdb,0x00,0x00,0xc7,0xff,0xff,0xff,0x23,0x00,0x00,
  0x00,0x00,0x00,0x00,0xec,0xff,0xff,0xff,0x06,0x00,0xd8,0xff,0xff,0xff,0x13,0x00,0x00,0x00,0x00,0x00,0x00,0xdc,0xff,0xff,
  0xff,0x16,0x00,0xc1,0xff,0xff,0xff,0x23,0x00,0x00,0x00,0x00,0x00,0x00,0xed,0xff,0xff,0xff,0x05,0x00,0xa0,0xff,0xff,0xff,
  0x5c,0x00,0x00,0x00,0x00,0x00,0x25,0xff,0xff,0xff,0xd7,0x00,0x00,0x4e,0xff,0xff,0xff,0xd1,0x07,0x00,0x00,0x00,0x00,0xa2,
  0xff,0xff,0xff,0x85,0x00,0x00,0x05,0xde,0xff,0xff,0xff,0xc1,0x34,0x06,0x22,0x9d,0xff,0xff,0xff,0xef,0x14,0x00,0x00,0x00,
  0x32,0xf8,0xff,0xff,0xff,0xff,0xff,0xff,0xff,0xff,0xff,0xfc,0x49,0x00,0x00,0x00,0x00,0x00,0x36,0xd8,0xff,0xff,0xff,0xff,
  0xff,0xff,0xff,0xeb,0x46,0x00,0x00,0x00,0x00,0x00,0x00,0x00,0x08,0x5a,0xb3,0xdf,0xf8,0xed,0xc5,0x77,0x0e,0x00,0x00,0x00,
  0x00,0x00,0x00,0x00,0x00,0x00,0x40,0xff,0xff,0xff,0x98,0x00,0x00,0x00,0x00,0x00,0x00,0x00,0x00,0x00,0x00,0x40,0xff,0xff,
  0xff,0x98,0x00,0x00,0x00,0x00,0x00,0x00,0x00,0x00,0x00,0x00,0x40,0xff,0xff,0xff,0x98,0x00,0x00,0x00,0x00,0x00,0x00,0x00,
  0x00,0x00,0x00,0x40,0xff,0xff,0xff,0x98,0x00,0x00,0x00,0x00,0x00,0x00,0x00,0x00,0x00,0x00,0x00,0x00,0x00,0x00,0x00,0x00,
  0x00,0x00,0x00,0x00,0x00,0x00,0x00,0x00,0x00,0x00,0x00,0x00,0x00,0x00,0x00,0x00,0x00,0x00,0x00,0x54,0xff,0xff,0xff,0xff,
  0xff,0xff,0xff,0xff,0xff,0xff,0xff,0xff,0xff,0xb0,0x54,0xff,0xff,0xff,0xff,0xff,0xff,0xff,0xff,0xff,0xff,0xff,0xff,0xff,
  0xb0,0x54,0xff,0xff,0xff,0xff,0xff,0xff,0xff,0xff,0xff,0xff,0xff,0xff,0xff,0xb0,0x54,0xff,0xff,0xff,0xff,0xff,0xff,0xff,
  0xff,0xff,0xff,0xff,0xff,0xff,0xb0,0x00,0x00,0x00,0x00,0x00,0x00,0x00,0x00,0x00,0x00,0x00,0x00,0x00,0x00,0x00,0x00,0x00,
  0x00,0x00,0x00,0x00,0x00,0x00,0x00,0x00,0x00,0x00,0x00,0x00,0x00,0x00,0x00,0x00,0x00,0x00,0x40,0xff,0xff,0xff,0x98,0x00,
  0x00,0x00,0x00,0x00,0x00,0x00,0x00,0x00,0x00,0x40,0xff,0xff,0xff,0x98,0x00,0x00,0x00,0x00,0x00,0x00,0x00,0x00,0x00,0x00,
  0x40,0xff,0xff,0xff,0x98,0x00,0x00,0x00,0x00,0x00,0x00,0x00,0x00,0x00,0x00,0x40,0xff,0xff,0xff,0x98,0x00,0x00,0x00,0x00,
  0x00,0x00,0x00,0x00,0x00,0x00,0x00,0x00,0x00,0x00,0x00,0x00,0x00,0x00,0x00,0x00,0x00,0x00,0x00,0x00,0x00,0x00,0x00,0x00,
  0x00,0x00,0x00,0x00,0x00,0x00,0x00,0x00,0x00,0x00,0x00,0x00,0x00,0x00,0x00,0x00,0x00,0x00,0x00,0x00,0x00,0x00,0x00,0x00,
  0x00,0x00,0x00,0x00,0x00,0x00,0x00,0x00,0x00,0x00,0x00,0x00,0x32,0x00,0x00,0x00,0x00,0x00,0x00,0x04,0x61,0xb4,0xe6,0xf9,
  0xf1,0xca,0x7f,0x16,0x7a,0xf4,0x2a,0x00,0x00,0x00,0x00,0x2a,0xd7,0xff,0xff,0xff,0xff,0xff,0xff,0xff,0xf3,0xfe,0xff,0xa8,
  0x00,0x00,0x00,0x26,0xee,0xff,0xff,0xff,0xff,0xff,0xff,0xff,0xff,0xff,0xff,0xc3,0x0d,0x00,0x00,0x01,0xce,0xff,0xff,0xff,
  0xbf,0x37,0x07,0x1b,0x9c,0xff,0xff,0xff,0xd4,0x08,0x00,0x00,0x4c,0xff,0xff,0xff,0xc5,0x04,0x00,0x00,0x28,0xec,0xff,0xff,
  0xff,0xff,0x6e,0x00,0x00,0x99,0xff,0xff,0xff,0x46,0x00,0x00,0x1c,0xe1,0xff,0xe1,0xfc,0xff,0xff,0xd0,0x00,0x00,0xbf,0xff,
  0xff,0xff,0x0e,0x00,0x11,0xd4,0xff,0xeb,0x26,0xc9,0xff,0xff,0xfe,0x0e,0x00,0xca,0xff,0xff,0xff,0x06,0x09,0xc5,0xff,0xf3,
  0x35,0x00,0xab,0xff,0xff,0xff,0x24,0x00,0xb4,0xff,0xff,0xff,0x26,0xb3,0xff,0xfa,0x45,0x00,0x00,0xb3,0xff,0xff,0xff,0x1a,
  0x00,0x7e,0xff,0xff,0xff,0xdc,0xff,0xfe,0x59,0x00,0x00,0x03,0xe7,0xff,0xff,0xf0,0x03,0x00,0x27,0xfe,0xff,0xff,0xff,0xff,
  0x6e,0x00,0x00,0x00,0x6c,0xff,0xff,0xff,0xa4,0x00,0x00,0x00,0xa3,0xff,0xff,0xff,0xdf,0x33,0x08,0x1c,0x81,0xfc,0xff,0xff,
  0xfa,0x28,0x00,0x00,0x00,0x5e,0xff,0xff,0xff,0xff,0xff,0xff,0xff,0xff,0xff,0xff,0xff,0x63,0x00,0x00,0x00,0x5b,0xff,0xff,
  0xff,0xff,0xff,0xff,0xff,0xff,0xff,0xff,0xf2,0x58,0x00,0x00,0x00,0x00,0x0a,0xd5,0xd4,0x2a,0x6a,0xbe,0xe0,0xf8,0xee,0xc8,
  0x7e,0x14,0x00,0x00,0x00,0x00,0x00,0x00,0x26,0x13,0x00,0x00,0x00,0x00,0x00,0x00,0x00,0x00,0x00,0x00,0x00,0x00,0x00,0x00,
  0x00,0x00,0x00,0x46,0xf9,0xff,0xff,0xcf,0x00,0x00,0x00,0x00,0x00,0x00,0x00,0x00,0x00,0x00,0x00,0x00,0x00,0x52,0xfc,0xff,
  0xff,0x48,0x00,0x00,0x00,0x00,0x00,0x00,0x00,0x00,0x00,0x00,0x00,0x00,0x00,0x5f,0xfe,0xff,0xc1,0x00,0x00,0x00,0x00,0x00,
  0x00,0x00,0x00,0x00,0x00,0x00,0x00,0x00,0x00,0x6d,0xff,0xff,0x3b,0x00,0x00,0x00,0x00,0x00,0x00,0x00,0x00,0x00,0x00,0x00,
  0x00,0x00,0x00,0x00,0x00,0x00,0x00,0x00,0x00,0x00,0x00,0x00,0x00,0x14,0xff,0xff,0xff,0xc4,0x00,0x00,0x00,0x00,0x00,0xb4,
  0xff,0xff,0xff,0x24,0x00,0x00,0x14,0xff,0xff,0xff,0xc4,0x00,0x00,0x00,0x00,0x00,0xb4,0xff,0xff,0xff,0x24,0x00,0x00,0x14,
  0xff,0xff,0xff,0xc4,0x00,0x00,0x00,0x00,0x00,0xb4,0xff,0xff,0xff,0x24,0x00,0x00,0x14,0xff,0xff,0xff,0xc4,0x00,0x00,0x00,
  0x00,0x00,0xb4,0xff,0xff,0xff,0x24,0x00,0x00,0x14,0xff,0xff,0xff,0xc4,0x00,0x00,0x00,0x00,0x00,0xb4,0xff,0xff,0xff,0x24,
  0x00,0x00,0x14,0xff,0xff,0xff,0xc4,0x00,0x00,0x00,0x00,0x00,0xb4,0xff,0xff,0xff,0x24,0x00,0x00,0x14,0xff,0xff,0xff,0xc4,
  0x00,0x00,0x00,0x00,0x00,0xb5,0xff,0xff,0xff,0x24,0x00,0x00,0x14,0xff,0xff,0xff,0xc5,0x00,0x00,0x00,0x00,0x00,0xb9,0xff,
  0xff,0xff,0x24,0x00,0x00,0x14,0xff,0xff,0xff,0xca,0x00,0x00,0x00,0x00,0x00,0xc5,0xff,0xff,0xff,0x24,0x00,0x00,0x0f,0xff,
  0xff,0xff,0xd7,0x00,0x00,0x00,0x00,0x00,0xe0,0xff,0xff,0xff,0x24,0x00,0x00,0x01,0xfd,0xff,0xff,0xf5,0x0b,0x00,0x00,0x00,
  0x39,0xff,0xff,0xff,0xff,0x24,0x00,0x00,0x00,0xd8,0xff,0xff,0xff,0xa9,0x1c,0x0d,0x55,0xea,0xff,0xff,0xff,0xff,0x24,0x00,
  0x00,0x00,0x87,0xff,0xff,0xff,0xff,0xff,0xff,0xff,0xff,0xfc,0xff,0xff,0xff,0x24,0x00,0x00,0x00,0x0c,0xd1,0xff,0xff,0xff,
  0xff,0xff,0xff,0xd7,0x86,0xff,0xff,0xff,0x24,0x00,0x00,0x00,0x00,0x0b,0x80,0xd6,0xf7,0xef,0xc6,0x73,0x08,0x70,0xff,0xff,
  0xff,0x24,0x00,0x00,0x00,0x00,0x00,0x00,0x00,0x00,0x00,0xc4,0xff,0xff,0xfc,0x52,0x00,0x00,0x00,0x00,0x00,0x00,0x00,0x00,
  0x00,0x00,0x00,0x3c,0xff,0xff,0xfe,0x5f,0x00,0x00,0x00,0x00,0x00,0x00,0x00,0x00,0x00,0x00,0x00,0x00,0xb5,0xff,0xff,0x6d,
  0x00,0x00,0x00,0x00,0x00,0x00,0x00,0x00,0x00,0x00,0x00,0x00,0x2c,0xfe,0xff,0x7c,0x00,0x00,0x00,0x00,0x00,0x00,0x00,0x00,
  0x00,0x00,0x00,0x00,0x00,0x00,0x00,0x00,0x00,0x00,0x00,0x00,0x00,0x00,0x00,0x00,0x00,0x14,0xff,0xff,0xff,0xc4,0x00,0x00,
  0x00,0x00,0x00,0xb4,0xff,0xff,0xff,0x24,0x00,0x00,0x14,0xff,0xff,0xff,0xc4,0x00,0x00,0x00,0x00,0x00,0xb4,0xff,0xff,0xff,
  0x24,0x00,0x00,0x14,0xff,0xff,0xff,0xc4,0x00,0x00,0x00,0x00,0x00,0xb4,0xff,0xff,0xff,0x24,0x00,0x00,0x14,0xff,0xff,0xff,
  0xc4,0x00,0x00,0x00,0x00,0x00,0xb4,0xff,0xff,0xff,0x24,0x00,0x00,0x14,0xff,0xff,0xff,0xc4,0x00,0x00,0x00,0x00,0x00,0xb4,
  0xff,0xff,0xff,0x24,0x00,0x00,0x14,0xff,0xff,0xff,0xc4,0x00,0x00,0x00,0x00,0x00,0xb4,0xff,0xff,0xff,0x24,0x00,0x00,0x14,
  0xff,0xff,0xff,0xc4,0x00,0x00,0x00,0x00,0x00,0xb5,0xff,0xff,0xff,0x24,0x00,0x00,0x14,0xff,0xff,0xff,0xc5,0x00,0x00,0x00,
  0x00,0x00,0xb9,0xff,0xff,0xff,0x24,0x00,0x00,0x14,0xff,0xff,0xff,0xca,0x00,0x00,0x00,0x00,0x00,0xc5,0xff,0xff,0xff,0x24,
  0x00,0x00,0x0f,0xff,0xff,0xff,0xd7,0x00,0x00,0x00,0x00,0x00,0xe0,0xff,0xff,0xff,0x24,0x00,0x00,0x01,0xfd,0xff,0xff,0xf5,
  0x0b,0x00,0x00,0x00,0x39,0xff,0xff,0xff,0xff,0x24,0x00,0x00,0x00,0xd8,0xff,0xff,0xff,0xa9,0x1c,0x0d,0x55,0xea,0xff,0xff,
  0xff,0xff,0x24,0x00,0x00,0x00,0x87,0xff,0xff,0xff,0xff,0xff,0xff,0xff,0xff,0xfc,0xff,0xff,0xff,0x24,0x00,0x00,0x00,0x0c,
  0xd1,0xff,0xff,0xff,0xff,0xff,0xff,0xd7,0x86,0xff,0xff,0xff,0x24,0x00,0x00,0x00,0x00,0x0b,0x80,0xd6,0xf7,0xef,0xc6,0x73,
  0x08,0x70,0xff,0xff,0xff,0x24,0x00,0x00,0x00,0x00,0x00,0x00,0x00,0x91,0xff,0xff,0xff,0xb1,0x00,0x00,0x00,0x00,0x00,0x00,
  0x00,0x00,0x00,0x00,0x00,0x49,0xfe,0xff,0xff,0xff,0xff,0x66,0x00,0x00,0x00,0x00,0x00,0x00,0x00,0x00,0x00,0x17,0xe9,0xff,
  0xf5,0x53,0xf2,0xff,0xf5,0x26,0x00,0x00,0x00,0x00,0x00,0x00,0x00,0x01,0xb7,0xff,0xff,0x62,0x00,0x52,0xff,0xff,0xcb,0x05,
  0x00,0x00,0x00,0x00,0x00,0x00,0x00,0x00,0x00,0x00,0x00,0x00,0x00,0x00,0x00,0x00,0x00,0x00,0x00,0x00,0x00,0x14,0xff,0xff,
  0xff,0xc4,0x00,0x00,0x00,0x00,0x00,0xb4,0xff,0xff,0xff,0x24,0x00,0x00,0x14,0xff,0xff,0xff,0xc4,0x00,0x00,0x00,0x00,0x00,
  0xb4,0xff,0xff,0xff,0x24,0x00,0x00,0x14,0xff,0xff,0xff,0xc4,0x00,0x00,0x00,0x00,0x00,0xb4,0xff,0xff,0xff,0x24,0x00,0x00,
  0x14,0xff,0xff,0xff,0xc4,0x00,0x00,0x00,0x00,0x00,0xb4,0xff,0xff,0xff,0x24,0x00,0x00,0x14,0xff,0xff,0xff,0xc4,0x00,0x00,
  0x00,0x00,0x00,0xb4,0xff,0xff,0xff,0x24,0x00,0x00,0x14,0xff,0xff,0xff,0xc4,0x00,0x00,0x00,0x00,0x00,0xb4,0xff,0xff,0xff,
  0x24,0x00,0x00,0x14,0xff,0xff,0xff,0xc4,0x00,0x00,0x00,0x00,0x00,0xb5,0xff,0xff,0xff,0x24,0x00,0x00,0x14,0xff,0xff,0xff,
  0xc5,0x00,0x00,0x00,0x00,0x00,0xb9,0xff,0xff,0xff,0x24,0x00,0x00,0x14,0xff,0xff,0xff,0xca,0x00,0x00,0x00,0x00,0x00,0xc5,
  0xff,0xff,0xff,0x24,0x00,0x00,0x0f,0xff,0xff,0xff,0xd7,0x00,0x00,0x00,0x00,0x00,0xe0,0xff,0xff,0xff,0x24,0x00,0x00,0x01,
  0xfd,0xff,0xff,0xf5,0x0b,0x00,0x00,0x00,0x39,0xff,0xff,0xff,0xff,0x24,0x00,0x00,0x00,0xd8,0xff,0xff,0xff,0xa9,0x1c,0x0d,
  0x55,0xea,0xff,0xff,0xff,0xff,0x24,0x00,0x00,0x00,0x87,0xff,0xff,0xff,0xff,0xff,0xff,0xff,0xff,0xfc,0xff,0xff,0xff,0x24,
  0x00,0x00,0x00,0x0c,0xd1,0xff,0xff,0xff,0xff,0xff,0xff,0xd7,0x86,0xff,0xff,0xff,0x24,0x00,0x00,0x00,0x00,0x0b,0x80,0xd6,
  0xf7,0xef,0xc6,0x73,0x08,0x70,0xff,0xff,0xff,0x24,0x00,0x00,0x00,0x00,0x10,0xff,0xff,0xff,0x3c,0x00,0x2c,0xff,0xff,0xff,
  0x20,0x00,0x00,0x00,0x00,0x00,0x00,0x10,0xff,0xff,0xff,0x3c,0x00,0x2c,0xff,0xff,0xff,0x20,0x00,0x00,0x00,0x00,0x00,0x00,
  0x10,0xff,0xff,0xff,0x3c,0x00,0x2c,0xff,0xff,0xff,0x20,0x00,0x00,0x00,0x00,0x00,0x00,0x00,0x00,0x00,0x00,0x00,0x00,0x00,
  0x00,0x00,0x00,0x00,0x00,0x00,0x00,0x00,0x14,0xff,0xff,0xff,0xc4,0x00,0x00,0x00,0x00,0x00,0xb4,0xff,0xff,0xff,0x24,0x00,
  0x00,0x14,0xff,0xff,0xff,0xc4,0x00,0x00,0x00,0x00,0x00,0xb4,0xff,0xff,0xff,0x24,0x00,0x00,0x14,0xff,0xff,0xff,0xc4,0x00,
  0x00,0x00,0x00,0x00,0xb4,0xff,0xff,0xff,0x24,0x00,0x00,0x14,0xff,0xff,0xff,0xc4,0x00,0x00,0x00,0x00,0x00,0xb4,0xff,0xff,
  0xff,0x24,0x00,0x00,0x14,0xff,0xff,0xff,0xc4,0x00,0x00,0x00,0x00,0x00,0xb4,0xff,0xff,0xff,0x24,0x00,0x00,0x14,0xff,0xff,
  0xff,0xc4,0x00,0x00,0x00,0x00,0x00,0xb4,0xff,0xff,0xff,0x24,0x00,0x00,0x14,0xff,0xff,0xff,0xc4,0x00,0x00,0x00,0x00,0x00,
  0xb5,0xff,0xff,0xff,0x24,0x00,0x00,0x14,0xff,0xff,0xff,0xc5,0x00,0x00,0x00,0x00,0x00,0xb9,0xff,0xff,0xff,0x24,0x00,0x00,
  0x14,0xff,0xff,0xff,0xca,0x00,0x00,0x00,0x00,0x00,0xc5,0xff,0xff,0xff,0x24,0x00,0x00,0x0f,0xff,0xff,0xff,0xd7,0x00,0x00,
  0x00,0x00,0x00,0xe0,0xff,0xff,0xff,0x24,0x00,0x00,0x01,0xfd,0xff,0xff,0xf5,0x0b,0x00,0x00,0x00,0x39,0xff,0xff,0xff,0xff,
  0x24,0x00,0x00,0x00,0xd8,0xff,0xff,0xff,0xa9,0x1c,0x0d,0x55,0xea,0xff,0xff,0xff,0xff,0x24,0x00,0x00,0x00,0x87,0xff,0xff,
  0xff,0xff,0xff,0xff,0xff,0xff,0xfc,0xff,0xff,0xff,0x24,0x00,0x00,0x00,0x0c,0xd1,0xff,0xff,0xff,0xff,0xff,0xff,0xd7,0x86,
  0xff,0xff,0xff,0x24,0x00,0x00,0x00,0x00,0x0b,0x80,0xd6,0xf7,0xef,0xc6,0x73,0x08,0x70,0xff,0xff,0xff,0x24,0x00,0x00,0x00,
  0x00,0x00,0x00,0x00,0x00,0xa5,0xff,0xff,0xff,0x6f,0x00,0x00,0x00,0x00,0x00,0x00,0x00,0x00,0x00,0x00,0x20,0xfb,0xff,0xff,
  0x7d,0x00,0x00,0x00,0x00,0x00,0x00,0x00,0x00,0x00,0x00,0x00,0x95,0xff,0xff,0x8d,0x00,0x00,0x00,0x00,0x00,0x00,0x00,0x00,
  0x00,0x00,0x00,0x15,0xf6,0xff,0x9b,0x00,0x00,0x00,0x00,0x00,0x00,0x00,0x00,0x00,0x00,0x00,0x00,0x00,0x00,0x00,0x00,0x00,
  0x00,0x00,0x00,0x00,0x00,0x00,0xa1,0xff,0xff,0xff,0x71,0x00,0x00,0x00,0x00,0x00,0x0c,0xf8,0xff,0xff,0xec,0x05,0x43,0xff,
  0xff,0xff,0xc5,0x00,0x00,0x00,0x00,0x00,0x57,0xff,0xff,0xff,0x97,0x00,0x02,0xe2,0xff,0xff,0xfe,0x1a,0x00,0x00,0x00,0x00,
  0xa9,0xff,0xff,0xff,0x3c,0x00,0x00,0x86,0xff,0xff,0xff,0x6c,0x00,0x00,0x00,0x07,0xf2,0xff,0xff,0xe0,0x01,0x00,0x00,0x27,
  0xff,0xff,0xff,0xbf,0x00,0x00,0x00,0x4c,0xff,0xff,0xff,0x87,0x00,0x00,0x00,0x00,0xc9,0xff,0xff,0xfc,0x16,0x00,0x00,0x9e,
  0xff,0xff,0xff,0x2c,0x00,0x00,0x00,0x00,0x6b,0xff,0xff,0xff,0x67,0x00,0x03,0xeb,0xff,0xff,0xd1,0x00,0x00,0x00,0x00,0x00,
  0x12,0xf9,0xff,0xff,0xba,0x00,0x41,0xff,0xff,0xff,0x76,0x00,0x00,0x00,0x00,0x00,0x00,0xae,0xff,0xff,0xfb,0x12,0x93,0xff,
  0xff,0xfe,0x1d,0x00,0x00,0x00,0x00,0x00,0x00,0x50,0xff,0xff,0xff,0x62,0xe3,0xff,0xff,0xc1,0x00,0x00,0x00,0x00,0x00,0x00,
  0x00,0x05,0xeb,0xff,0xff,0xdf,0xff,0xff,0xff,0x66,0x00,0x00,0x00,0x00,0x00,0x00,0x00,0x00,0x93,0xff,0xff,0xff,0xff,0xff,
  0xf9,0x12,0x00,0x00,0x00,0x00,0x00,0x00,0x00,0x00,0x34,0xff,0xff,0xff,0xff,0xff,0xb0,0x00,0x00,0x00,0x00,0x00,0x00,0x00,
  0x00,0x00,0x00,0xd5,0xff,0xff,0xff,0xff,0x56,0x00,0x00,0x00,0x00,0x00,0x00,0x00,0x00,0x00,0x00,0x77,0xff,0xff,0xff,0xf2,
  0x09,0x00,0x00,0x00,0x00,0x00,0x00,0x00,0x00,0x00,0x00,0x75,0xff,0xff,0xff,0xa2,0x00,0x00,0x00,0x00,0x00,0x00,0x00,0x00,
  0x00,0x00,0x06,0xdb,0xff,0xff,0xff,0x48,0x00,0x00,0x00,0x00,0x00,0x00,0x00,0x1e,0x09,0x22,0xab,0xff,0xff,0xff,0xe1,0x04,
  0x00,0x00,0x00,0x00,0x00,0x00,0x00,0xcc,0xff,0xff,0xff,0xff,0xff,0xff,0x69,0x00,0x00,0x00,0x00,0x00,0x00,0x00,0x00,0xae,
  0xff,0xff,0xff,0xff,0xff,0xa6,0x02,0x00,0x00,0x00,0x00,0x00,0x00,0x00,0x00,0x74,0xe1,0xf8,0xe6,0xc2,0x6a,0x04,0x00,0x00,
  0x00,0x00,0x00,0x00,0x00,0x00,0x00,0x18,0xff,0xff,0xff,0xc0,0x00,0x00,0x00,0x00,0x00,0x00,0x00,0x00,0x00,0x00,0x00,0x00,
  0x18,0xff,0xff,0xff,0xc0,0x00,0x00,0x00,0x00,0x00,0x00,0x00,0x00,0x00,0x00,0x00,0x00,0x18,0xff,0xff,0xff,0xc0,0x00,0x00,
  0x00,0x00,0x00,0x00,0x00,0x00,0x00,0x00,0x00,0x00,0x18,0xff,0xff,0xff,0xc0,0x00,0x00,0x00,0x00,0x00,0x00,0x00,0x00,0x00,
  0x00,0x00,0x00,0x18,0xff,0xff,0xff,0xc0,0x00,0x00,0x00,0x00,0x00,0x00,0x00,0x00,0x00,0x00,0x00,0x00,0x18,0xff,0xff,0xff,
  0xc0,0x00,0x56,0xc4,0xf2,0xf2,0xc7,0x65,0x02,0x00,0x00,0x00,0x00,0x18,0xff,0xff,0xff,0xc5,0xa2,0xff,0xff,0xff,0xff,0xff,
  0xff,0xbc,0x0c,0x00,0x00,0x00,0x18,0xff,0xff,0xff,0xff,0xff,0xff,0xff,0xff,0xff,0xff,0xff,0xff,0xac,0x00,0x00,0x00,0x18,
  0xff,0xff,0xff,0xff,0xf3,0x60,0x0d,0x14,0x77,0xfd,0xff,0xff,0xff,0x44,0x00,0x00,0x18,0xff,0xff,0xff,0xff,0x56,0x00,0x00,
  0x00,0x00,0x83,0xff,0xff,0xff,0xa7,0x00,0x00,0x18,0xff,0xff,0xff,0xeb,0x02,0x00,0x00,0x00,0x00,0x1b,0xff,0xff,0xff,0xe2,
  0x00,0x00,0x18,0xff,0xff,0xff,0xc3,0x00,0x00,0x00,0x00,0x00,0x00,0xed,0xff,0xff,0xfd,0x01,0x00,0x18,0xff,0xff,0xff,0xbb,
  0x00,0x00,0x00,0x00,0x00,0x00,0xdf,0xff,0xff,0xff,0x0b,0x00,0x18,0xff,0xff,0xff,0xcc,0x00,0x00,0x00,0x00,0x00,0x00,0xea,
  0xff,0xff,0xfc,0x01,0x00,0x18,0xff,0xff,0xff,0xf6,0x08,0x00,0x00,0x00,0x00,0x17,0xff,0xff,0xff,0xdd,0x00,0x00,0x18,0xff,
  0xff,0xff,0xff,0x75,0x00,0x00,0x00,0x00,0x7f,0xff,0xff,0xff,0xa0,0x00,0x00,0x18,0xff,0xff,0xff,0xff,0xfb,0x77,0x14,0x0e,
  0x71,0xfc,0xff,0xff,0xff,0x3c,0x00,0x00,0x18,0xff,0xff,0xff,0xfd,0xff,0xff,0xff,0xff,0xff,0xff,0xff,0xff,0xa5,0x00,0x00,
  0x00,0x18,0xff,0xff,0xff,0xc1,0x95,0xff,0xff,0xff,0xff,0xff,0xff,0xb7,0x0a,0x00,0x00,0x00,0x18,0xff,0xff,0xff,0xc0,0x00,
  0x54,0xc4,0xf3,0xf3,0xc6,0x62,0x01,0x00,0x00,0x00,0x00,0x18,0xff,0xff,0xff,0xc0,0x00,0x00,0x00,0x00,0x00,0x00,0x00,0x00,
  0x00,0x00,0x00,0x00,0x18,0xff,0xff,0xff,0xc0,0x00,0x00,0x00,0x00,0x00,0x00,0x00,0x00,0x00,0x00,0x00,0x00,0x18,0xff,0xff,
  0xff,0xc0,0x00,0x00,0x00,0x00,0x00,0x00,0x00,0x00,0x00,0x00,0x00,0x00,0x18,0xff,0xff,0xff,0xc0,0x00,0x00,0x00,0x00,0x00,
  0x00,0x00,0x00,0x00,0x00,0x00,0x00,0x18,0xff,0xff,0xff,0xc0,0x00,0x00,0x00,0x00,0x00,0x00,0x00,0x00,0x00,0x00,0x00,0x00,
  0x18,0xff,0xff,0xff,0xc0,0x00,0x00,0x00,0x00,0x00,0x00,0x00,0x00,0x00,0x00,0x00,0x00,0x00,0x00,0xdc,0xff,0xff,0x70,0x00,
  0x00,0xf8,0xff,0xff,0x54,0x00,0x00,0x00,0x00,0x00,0x00,0xdc,0xff,0xff,0x70,0x00,0x00,0xf8,0xff,0xff,0x54,0x00,0x00,0x00,
  0x00,0x00,0x00,0xdc,0xff,0xff,0x70,0x00,0x00,0xf8,0xff,0xff,0x54,0x00,0x00,0x00,0x00,0x00,0x00,0x00,0x00,0x00,0x00,0x00,
  0x00,0x00,0x00,0x00,0x00,0x00,0x00,0x00,0xa1,0xff,0xff,0xff,0x71,0x00,0x00,0x00,0x00,0x00,0x0c,0xf8,0xff,0xff,0xec,0x05,
  0x43,0xff,0xff,0xff,0xc5,0x00,0x00,0x00,0x00,0x00,0x57,0xff,0xff,0xff,0x97,0x00,0x02,0xe2,0xff,0xff,0xfe,0x1a,0x00,0x00,
  0x00,0x00,0xa9,0xff,0xff,0xff,0x3c,0x00,0x00,0x86,0xff,0xff,0xff,0x6c,0x00,0x00,0x00,0x07,0xf2,0xff,0xff,0xe0,0x01,0x00,
  0x00,0x27,0xff,0xff,0xff,0xbf,0x00,0x00,0x00,0x4c,0xff,0xff,0xff,0x87,0x00,0x00,0x00,0x00,0xc9,0xff,0xff,0xfc,0x16,0x00,
  0x00,0x9e,0xff,0xff,0xff,0x2c,0x00,0x00,0x00,0x00,0x6b,0xff,0xff,0xff,0x67,0x00,0x03,0xeb,0xff,0xff,0xd1,0x00,0x00,0x00,
  0x00,0x00,0x12,0xf9,0xff,0xff,0xba,0x00,0x41,0xff,0xff,0xff,0x76,0x00,0x00,0x00,0x00,0x00,0x00,0xae,0xff,0xff,0xfb,0x12,
  0x93,0xff,0xff,0xfe,0x1d,0x00,0x00,0x00,0x00,0x00,0x00,0x50,0xff,0xff,0xff,0x62,0xe3,0xff,0xff,0xc1,0x00,0x00,0x00,0x00,
  0x00,0x00,0x00,0x05,0xeb,0xff,0xff,0xdf,0xff,0xff,0xff,0x66,0x00,0x00,0x00,0x00,0x00,0x00,0x00,0x00,0x93,0xff,0xff,0xff,
  0xff,0xff,0xf9,0x12,0x00,0x00,0x00,0x00,0x00,0x00,0x00,0x00,0x34,0xff,0xff,0xff,0xff,0xff,0xb0,0x00,0x00,0x00,0x00,0x00,
  0x00,0x00,0x00,0x00,0x00,0xd5,0xff,0xff,0xff,0xff,0x56,0x00,0x00,0x00,0x00,0x00,0x00,0x00,0x00,0x00,0x00,0x77,0xff,0xff,
  0xff,0xf2,0x09,0x00,0x00,0x00,0x00,0x00,0x00,0x00,0x00,0x00,0x00,0x75,0xff,0xff,0xff,0xa2,0x00,0x00,0x00,0x00,0x00,0x00,
  0x00,0x00,0x00,0x00,0x06,0xdb,0xff,0xff,0xff,0x48,0x00,0x00,0x00,0x00,0x00,0x00,0x00,0x1e,0x09,0x22,0xab,0xff,0xff,0xff,
  0xe1,0x04,0x00,0x00,0x00,0x00,0x00,0x00,0x00,0xcc,0xff,0xff,0xff,0xff,0xff,0xff,0x69,0x00,0x00,0x00,0x00,0x00,0x00,0x00,
  0x00,0xae,0xff,0xff,0xff,0xff,0xff,0xa6,0x02,0x00,0x00,0x00,0x00,0x00,0x00,0x00,0x00,0x74,0xe1,0xf8,0xe6,0xc2,0x6a,0x04,
  0x00,0x00,0x00,0x00,0x00,0x00,0x00,0x00,0x00,0x00,0x00,0x00,0x24,0xff,0xff,0xff,0x28,0x00,0x40,0xff,0xff,0xff,0x0c,0x00,
  0x00,0x00,0x00,0x00,0x00,0x00,0x00,0x24,0xff,0xff,0xff,0x28,0x00,0x40,0xff,0xff,0xff,0x0c,0x00,0x00,0x00,0x00,0x00,0x00,
  0x00,0x00,0x24,0xff,0xff,0xff,0x28,0x00,0x40,0xff,0xff,0xff,0x0c,0x00,0x00,0x00,0x00,0x00,0x00,0x00,0x00,0x00,0x00,0x00,
  0x00,0x00,0x00,0x00,0x00,0x00,0x00,0x00,0x00,0x00,0x00,0x00,0x00,0x00,0x00,0x00,0x00,0x00,0x00,0x00,0x00,0x00,0x00,0x00,
  0x00,0x00,0x00,0x00,0x00,0x00,0x00,0x00,0x00,0xf8,0xff,0xff,0xff,0xff,0xff,0xff,0xff,0xff,0xff,0xff,0xff,0xff,0xff,0xe8,
  0x00,0x00,0x00,0x00,0xf8,0xff,0xff,0xff,0xff,0xff,0xff,0xff,0xff,0xff,0xff,0xff,0xff,0xff,0xe8,0x00,0x00,0x00,0x00,0xf8,
  0xff,0xff,0xff,0xff,0xff,0xff,0xff,0xff,0xff,0xff,0xff,0xff,0xff,0xe8,0x00,0x00,0x00,0x00,0xf8,0xff,0xff,0xff,0xff,0xff,
  0xff,0xff,0xff,0xff,0xff,0xff,0xff,0xff,0xe8,0x00,0x00,0x00,0x00,0xf8,0xff,0xff,0xff,0x14,0x00,0x00,0x00,0x00,0x00,0x00,
  0x00,0x00,0x00,0x00,0x00,0x00,0x00,0x00,0xf8,0xff,0xff,0xff,0x14,0x00,0x00,0x00,0x00,0x00,0x00,0x00,0x00,0x00,0x00,0x00,
  0x00,0x00,0x00,0xf8,0xff,0xff,0xff,0x14,0x00,0x00,0x00,0x00,0x00,0x00,0x00,0x00,0x00,0x00,0x00,0x00,0x00,0x00,0xf8,0xff,
  0xff,0xff,0x14,0x00,0x00,0x00,0x00,0x00,0x00,0x00,0x00,0x00,0x00,0x00,0x00,0x00,0x00,0xf8,0xff,0xff,0xff,0xff,0xff,0xff,
  0xff,0xff,0xff,0xff,0xff,0xff,0xff,0x24,0x00,0x00,0x00,0x00,0xf8,0xff,0xff,0xff,0xff,0xff,0xff,0xff,0xff,0xff,0xff,0xff,
  0xff,0xff,0x24,0x00,0x00,0x00,0x00,0xf8,0xff,0xff,0xff,0xff,0xff,0xff,0xff,0xff,0xff,0xff,0xff,0xff,0xff,0x24,0x00,0x00,
  0x00,0x00,0xf8,0xff,0xff,0xff,0xff,0xff,0xff,0xff,0xff,0xff,0xff,0xff,0xff,0xff,0x24,0x00,0x00,0x00,0x00,0xf8,0xff,0xff,
  0xff,0x14,0x00,0x00,0x00,0x00,0x00,0x00,0x00,0x00,0x00,0x00,0x00,0x00,0x00,0x00,0xf8,0xff,0xff,0xff,0x14,0x00,0x00,0x00,
  0x00,0x00,0x00,0x00,0x00,0x00,0x00,0x00,0x00,0x00,0x00,0xf8,0xff,0xff,0xff,0x14,0x00,0x00,0x00,0x00,0x00,0x00,0x00,0x00,
  0x00,0x00,0x00,0x00,0x00,0x00,0xf8,0xff,0xff,0xff,0x14,0x00,0x00,0x00,0x00,0x00,0x00,0x00,0x00,0x00,0x00,0x00,0x00,0x00,
  0x00,0xf8,0xff,0xff,0xff,0xff,0xff,0xff,0xff,0xff,0xff,0xff,0xff,0xff,0xff,0xff,0x48,0x00,0x00,0x00,0xf8,0xff,0xff,0xff,
  0xff,0xff,0xff,0xff,0xff,0xff,0xff,0xff,0xff,0xff,0xff,0x48,0x00,0x00,0x00,0xf8,0xff,0xff,0xff,0xff,0xff,0xff,0xff,0xff,
  0xff,0xff,0xff,0xff,0xff,0xff,0x48,0x00,0x00,0x00,0xf8,0xff,0xff,0xff,0xff,0xff,0xff,0xff,0xff,0xff,0xff,0xff,0xff,0xff,
  0xff,0x48,0x00,0x00,0x00,0x00,0x00,0x00,0x00,0x00,0x63,0xff,0xff,0xff,0xff,0x4a,0x00,0x00,0x00,0x00,0x00,0x00,0x00,0x00,
  0x00,0x00,0x00,0x00,0x00,0x00,0x00,0xc7,0xff,0xff,0xff,0xff,0xb1,0x00,0x00,0x00,0x00,0x00,0x00,0x00,0x00,0x00,0x00,0x00,
  0x00,0x00,0x00,0x2a,0xff,0xff,0xff,0xff,0xff,0xfc,0x1b,0x00,0x00,0x00,0x00,0x00,0x00,0x00,0x00,0x00,0x00,0x00,0x00,0x00,
  0x8f,0xff,0xff,0xff,0xff,0xff,0xff,0x7e,0x00,0x00,0x00,0x00,0x00,0x00,0x00,0x00,0x00,0x00,0x00,0x00,0x06,0xeb,0xff,0xff,
  0xbe,0xe9,0xff,0xff,0xe2,0x02,0x00,0x00,0x00,0x00,0x00,0x00,0x00,0x00,0x00,0x00,0x00,0x57,0xff,0xff,0xff,0x64,0x95,0xff,
  0xff,0xff,0x4b,0x00,0x00,0x00,0x00,0x00,0x00,0x00,0x00,0x00,0x00,0x00,0xbb,0xff,0xff,0xfb,0x13,0x3d,0xff,0xff,0xff,0xb2,
  0x00,0x00,0x00,0x00,0x00,0x00,0x00,0x00,0x00,0x00,0x20,0xfe,0xff,0xff,0xb6,0x00,0x01,0xe3,0xff,0xff,0xfc,0x1c,0x00,0x00,
  0x00,0x00,0x00,0x00,0x00,0x00,0x00,0x83,0xff,0xff,0xff,0x5f,0x00,0x00,0x8d,0xff,0xff,0xff,0x7f,0x00,0x00,0x00,0x00,0x00,
  0x00,0x00,0x00,0x02,0xe3,0xff,0xff,0xf9,0x0f,0x00,0x00,0x35,0xff,0xff,0xff,0xe3,0x03,0x00,0x00,0x00,0x00,0x00,0x00,0x00,
  0x4b,0xff,0xff,0xff,0xb1,0x00,0x00,0x00,0x00,0xdc,0xff,0xff,0xff,0x4c,0x00,0x00,0x00,0x00,0x00,0x00,0x00,0xaf,0xff,0xff,
  0xff,0x5b,0x00,0x00,0x00,0x00,0x84,0xff,0xff,0xff,0xb3,0x00,0x00,0x00,0x00,0x00,0x00,0x17,0xfb,0xff,0xff,0xff,0xff,0xff,
  0xff,0xff,0xff,0xff,0xff,0xff,0xff,0xfc,0x1d,0x00,0x00,0x00,0x00,0x00,0x77,0xff,0xff,0xff,0xff,0xff,0xff,0xff,0xff,0xff,
  0xff,0xff,0xff,0xff,0xff,0x80,0x00,0x00,0x00,0x00,0x00,0xd9,0xff,0xff,0xff,0xff,0xff,0xff,0xff,0xff,0xff,0xff,0xff,0xff,
  0xff,0xff,0xe3,0x03,0x00,0x00,0x00,0x3f,0xff,0xff,0xff,0xc9,0x00,0x00,0x00,0x00,0x00,0x00,0x00,0x00,0xde,0xff,0xff,0xff,
  0x4d,0x00,0x00,0x00,0xa3,0xff,0xff,0xff,0x74,0x00,0x00,0x00,0x00,0x00,0x00,0x00,0x00,0x86,0xff,0xff,0xff,0xb4,0x00,0x00,
  0x0f,0xf6,0xff,0xff,0xff,0x20,0x00,0x00,0x00,0x00,0x00,0x00,0x00,0x00,0x2c,0xff,0xff,0xff,0xfd,0x1d,0x00,0x6b,0xff,0xff,
  0xff,0xca,0x00,0x00,0x00,0x00,0x00,0x00,0x00,0x00,0x00,0x00,0xd3,0xff,0xff,0xff,0x81,0x00,0xce,0xff,0xff,0xff,0x76,0x00,
  0x00,0x00,0x00,0x00,0x00,0x00,0x00,0x00,0x00,0x79,0xff,0xff,0xff,0xe4,0x03,0x00,0x00,0xe0,0xff,0xff,0xff,0xff,0xff,0xff,
  0xff,0xff,0xff,0xff,0xff,0xff,0xff,0xff,0x1c,0x00,0x00,0x00,0x00,0xe0,0xff,0xff,0xff,0xff,0xff,0xff,0xff,0xff,0xff,0xff,
  0xff,0xff,0xff,0xff,0x1c,0x00,0x00,0x00,0x00,0xe0,0xff,0xff,0xff,0xff,0xff,0xff,0xff,0xff,0xff,0xff,0xff,0xff,0xff,0xff,
  0x1c,0x00,0x00,0x00,0x00,0xe0,0xff,0xff,0xff,0xff,0xff,0xff,0xff,0xff,0xff,0xff,0xff,0xff,0xff,0xff,0x1c,0x00,0x00,0x00,
  0x00,0xe0,0xff,0xff,0xff,0x2c,0x00,0x00,0x00,0x00,0x00,0x00,0x00,0x00,0x00,0x00,0x00,0x00,0x00,0x00,0x00,0xe0,0xff,0xff,
  0xff,0x2c,0x00,0x00,0x00,0x00,0x00,0x00,0x00,0x00,0x00,0x00,0x00,0x00,0x00,0x00,0x00,0xe0,0xff,0xff,0xff,0x2c,0x00,0x00,
  0x00,0x00,0x00,0x00,0x00,0x00,0x00,0x00,0x00,0x00,0x00,0x00,0x00,0xe0,0xff,0xff,0xff,0x2c,0x00,0x00,0x00,0x00,0x00,0x00,
  0x00,0x00,0x00,0x00,0x00,0x00,0x00,0x00,0x00,0xe0,0xff,0xff,0xff,0xff,0xff,0xff,0xff,0xff,0xfe,0xf0,0xdc,0xa6,0x52,0x00,
  0x00,0x00,0x00,0x00,0x00,0xe0,0xff,0xff,0xff,0xff,0xff,0xff,0xff,0xff,0xff,0xff,0xff,0xff,0xff,0xbe,0x0c,0x00,0x00,0x00,
  0x00,0xe0,0xff,0xff,0xff,0xff,0xff,0xff,0xff,0xff,0xff,0xff,0xff,0xff,0xff,0xff,0xba,0x01,0x00,0x00,0x00,0xe0,0xff,0xff,
  0xff,0xff,0xff,0xff,0xff,0xff,0xff,0xff,0xff,0xff,0xff,0xff,0xff,0x56,0x00,0x00,0x00,0xe0,0xff,0xff,0xff,0x2c,0x00,0x00,
  0x00,0x02,0x0c,0x2a,0x74,0xf7,0xff,0xff,0xff,0xae,0x00,0x00,0x00,0xe0,0xff,0xff,0xff,0x2c,0x00,0x00,0x00,0x00,0x00,0x00,
  0x00,0x7d,0xff,0xff,0xff,0xd6,0x00,0x00,0x00,0xe0,0xff,0xff,0xff,0x2c,0x00,0x00,0x00,0x00,0x00,0x00,0x00,0x7a,0xff,0xff,
  0xff,0xd7,0x00,0x00,0x00,0xe0,0xff,0xff,0xff,0x2c,0x00,0x00,0x00,0x00,0x07,0x1d,0x6c,0xf5,0xff,0xff,0xff,0xb2,0x00,0x00,
  0x00,0xe0,0xff,0xff,0xff,0xff,0xff,0xff,0xff,0xff,0xff,0xff,0xff,0xff,0xff,0xff,0xff,0x5d,0x00,0x00,0x00,0xe0,0xff,0xff,
  0xff,0xff,0xff,0xff,0xff,0xff,0xff,0xff,0xff,0xff,0xff,0xff,0xc2,0x02,0x00,0x00,0x00,0xe0,0xff,0xff,0xff,0xff,0xff,0xff,
  0xff,0xff,0xff,0xff,0xff,0xff,0xff,0xca,0x10,0x00,0x00,0x00,0x00,0xe0,0xff,0xff,0xff,0xff,0xff,0xff,0xff,0xff,0xff,0xf9,
  0xe4,0xba,0x65,0x03,0x00,0x00,0x00,0x00,0x00,0xf4,0xff,0xff,0xff,0xff,0xff,0xff,0xff,0xfe,0xf8,0xeb,0xcc,0x88,0x18,0x00,
  0x00,0x00,0x00,0x00,0x00,0xf4,0xff,0xff,0xff,0xff,0xff,0xff,0xff,0xff,0xff,0xff,0xff,0xff,0xf0,0x3e,0x00,0x00,0x00,0x00,
  0x00,0xf4,0xff,0xff,0xff,0xff,0xff,0xff,0xff,0xff,0xff,0xff,0xff,0xff,0xff,0xec,0x18,0x00,0x00,0x00,0x00,0xf4,0xff,0xff,
  0xff,0xff,0xff,0xff,0xff,0xff,0xff,0xff,0xff,0xff,0xff,0xff,0x85,0x00,0x00,0x00,0x00,0xf4,0xff,0xff,0xff,0x18,0x00,0x00,
  0x01,0x03,0x0b,0x38,0xc7,0xff,0xff,0xff,0xc5,0x00,0x00,0x00,0x00,0xf4,0xff,0xff,0xff,0x18,0x00,0x00,0x00,0x00,0x00,0x00,
  0x2d,0xff,0xff,0xff,0xd0,0x00,0x00,0x00,0x00,0xf4,0xff,0xff,0xff,0x18,0x00,0x00,0x00,0x00,0x00,0x00,0x33,0xff,0xff,0xff,
  0xa8,0x00,0x00,0x00,0x00,0xf4,0xff,0xff,0xff,0x18,0x00,0x00,0x00,0x03,0x0e,0x44,0xd2,0xff,0xff,0xff,0x44,0x00,0x00,0x00,
  0x00,0xf4,0xff,0xff,0xff,0xff,0xff,0xff,0xff,0xff,0xff,0xff,0xff,0xff,0xff,0x94,0x00,0x00,0x00,0x00,0x00,0xf4,0xff,0xff,
  0xff,0xff,0xff,0xff,0xff,0xff,0xff,0xff,0xff,0xff,0x85,0x01,0x00,0x00,0x00,0x00,0x00,0xf4,0xff,0xff,0xff,0xff,0xff,0xff,
  0xff,0xff,0xff,0xff,0xff,0xff,0xfb,0xa4,0x0c,0x00,0x00,0x00,0x00,0xf4,0xff,0xff,0xff,0xff,0xff,0xff,0xff,0xff,0xff,0xff,
  0xff,0xff,0xff,0xff,0xca,0x05,0x00,0x00,0x00,0xf4,0xff,0xff,0xff,0x18,0x00,0x00,0x00,0x04,0x0d,0x25,0x71,0xf5,0xff,0xff,
  0xff,0x6a,0x00,0x00,0x00,0xf4,0xff,0xff,0xff,0x18,0x00,0x00,0x00,0x00,0x00,0x00,0x00,0x7b,0xff,0xff,0xff,0xb4,0x00,0x00,
  0x00,0xf4,0xff,0xff,0xff,0x18,0x00,0x00,0x00,0x00,0x00,0x00,0x00,0x73,0xff,0xff,0xff,0xce,0x00,0x00,0x00,0xf4,0xff,0xff,
  0xff,0x18,0x00,0x00,0x00,0x00,0x05,0x17,0x60,0xef,0xff,0xff,0xff,0xb1,0x00,0x00,0x00,0xf4,0xff,0xff,0xff,0xff,0xff,0xff,
  0xff,0xff,0xff,0xff,0xff,0xff,0xff,0xff,0xff,0x5f,0x00,0x00,0x00,0xf4,0xff,0xff,0xff,0xff,0xff,0xff,0xff,0xff,0xff,0xff,
  0xff,0xff,0xff,0xff,0xd1,0x05,0x00,0x00,0x00,0xf4,0xff,0xff,0xff,0xff,0xff,0xff,0xff,0xff,0xff,0xff,0xff,0xff,0xff,0xd9,
  0x21,0x00,0x00,0x00,0x00,0xf4,0xff,0xff,0xff,0xff,0xff,0xff,0xfe,0xfb,0xf7,0xf0,0xe2,0xb8,0x6c,0x08,0x00,0x00,0x00,0x00,
  0x00,0xc0,0xff,0xff,0xff,0xff,0xff,0xff,0xff,0xff,0xff,0xff,0xff,0xff,0xd0,0x00,0x00,0xc0,0xff,0xff,0xff,0xff,0xff,0xff,
  0xff,0xff,0xff,0xff,0xff,0xff,0xd0,0x00,0x00,0xc0,0xff,0xff,0xff,0xff,0xff,0xff,0xff,0xff,0xff,0xff,0xff,0xff,0xd0,0x00,
  0x00,0xc0,0xff,0xff,0xff,0xff,0xff,0xff,0xff,0xff,0xff,0xff,0xff,0xff,0xd0,0x00,0x00,0xc0,0xff,0xff,0xff,0x4c,0x00,0x00,
  0x00,0x00,0x00,0x00,0x00,0x00,0x00,0x00,0x00,0xc0,0xff,0xff,0xff,0x4c,0x00,0x00,0x00,0x00,0x00,0x00,0x00,0x00,0x00,0x00,
  0x00,0xc0,0xff,0xff,0xff,0x4c,0x00,0x00,0x00,0x00,0x00,0x00,0x00,0x00,0x00,0x00,0x00,0xc0,0xff,0xff,0xff,0x4c,0x00,0x00,
  0x00,0x00,0x00,0x00,0x00,0x00,0x00,0x00,0x00,0xc0,0xff,0xff,0xff,0x4c,0x00,0x00,0x00,0x00,0x00,0x00,0x00,0x00,0x00,0x00,
  0x00,0xc0,0xff,0xff,0xff,0x4c,0x00,0x00,0x00,0x00,0x00,0x00,0x00,0x00,0x00,0x00,0x00,0xc0,0xff,0xff,0xff,0x4c,0x00,0x00,
  0x00,0x00,0x00,0x00,0x00,0x00,0x00,0x00,0x00,0xc0,0xff,0xff,0xff,0x4c,0x00,0x00,0x00,0x00,0x00,0x00,0x00,0x00,0x00,0x00,
  0x00,0xc0,0xff,0xff,0xff,0x4c,0x00,0x00,0x00,0x00,0x00,0x00,0x00,0x00,0x00,0x00,0x00,0xc0,0xff,0xff,0xff,0x4c,0x00,0x00,
  0x00,0x00,0x00,0x00,0x00,0x00,0x00,0x00,0x00,0xc0,0xff,0xff,0xff,0x4c,0x00,0x00,0x00,0x00,0x00,0x00,0x00,0x00,0x00,0x00,
  0x00,0xc0,0xff,0xff,0xff,0x4c,0x00,0x00,0x00,0x00,0x00,0x00,0x00,0x00,0x00,0x00,0x00,0xc0,0xff,0xff,0xff,0x4c,0x00,0x00,
  0x00,0x00,0x00,0x00,0x00,0x00,0x00,0x00,0x00,0xc0,0xff,0xff,0xff,0x4c,0x00,0x00,0x00,0x00,0x00,0x00,0x00,0x00,0x00,0x00,
  0x00,0xc0,0xff,0xff,0xff,0x4c,0x00,0x00,0x00,0x00,0x00,0x00,0x00,0x00,0x00,0x00,0x00,0xc0,0xff,0xff,0xff,0x4c,0x00,0x00,
  0x00,0x00,0x00,0x00,0x00,0x00,0x00,0x00,0x00,0x00,0x00,0x58,0xff,0xff,0xff,0xff,0xff,0xff,0xff,0xff,0xff,0xff,0xff,0xff,
  0xff,0x80,0x00,0x00,0x00,0x00,0x00,0x00,0x58,0xff,0xff,0xff,0xff,0xff,0xff,0xff,0xff,0xff,0xff,0xff,0xff,0xff,0x80,0x00,
  0x00,0x00,0x00,0x00,0x00,0x59,0xff,0xff,0xff,0xff,0xff,0xff,0xff,0xff,0xff,0xff,0xff,0xff,0xff,0x80,0x00,0x00,0x00,0x00,
  0x00,0x00,0x5c,0xff,0xff,0xff,0xff,0xff,0xff,0xff,0xff,0xff,0xff,0xff,0xff,0xff,0x80,0x00,0x00,0x00,0x00,0x00,0x00,0x60,
  0xff,0xff,0xff,0x7d,0x00,0x00,0x00,0x00,0x00,0x88,0xff,0xff,0xff,0x80,0x00,0x00,0x00,0x00,0x00,0x00,0x69,0xff,0xff,0xff,
  0x7a,0x00,0x00,0x00,0x00,0x00,0x88,0xff,0xff,0xff,0x80,0x00,0x00,0x00,0x00,0x00,0x00,0x71,0xff,0xff,0xff,0x73,0x00,0x00,
  0x00,0x00,0x00,0x88,0xff,0xff,0xff,0x80,0x00,0x00,0x00,0x00,0x00,0x00,0x81,0xff,0xff,0xff,0x68,0x00,0x00,0x00,0x00,0x00,
  0x88,0xff,0xff,0xff,0x80,0x00,0x00,0x00,0x00,0x00,0x00,0x93,0xff,0xff,0xff,0x57,0x00,0x00,0x00,0x00,0x00,0x88,0xff,0xff,
  0xff,0x80,0x00,0x00,0x00,0x00,0x00,0x00,0xac,0xff,0xff,0xff,0x43,0x00,0x00,0x00,0x00,0x00,0x88,0xff,0xff,0xff,0x80,0x00,
  0x00,0x00,0x00,0x00,0x00,0xcc,0xff,0xff,0xff,0x28,0x00,0x00,0x00,0x00,0x00,0x88,0xff,0xff,0xff,0x80,0x00,0x00,0x00,0x00,
  0x00,0x05,0xf8,0xff,0xff,0xfd,0x09,0x00,0x00,0x00,0x00,0x00,0x88,0xff,0xff,0xff,0x80,0x00,0x00,0x00,0x00,0x00,0x31,0xff,
  0xff,0xff,0xdb,0x00,0x00,0x00,0x00,0x00,0x00,0x88,0xff,0xff,0xff,0x80,0x00,0x00,0x00,0x00,0x00,0x6e,0xff,0xff,0xff,0xa5,
  0x00,0x00,0x00,0x00,0x00,0x00,0x88,0xff,0xff,0xff,0x80,0x00,0x00,0x00,0x00,0x00,0xcf,0xff,0xff,0xff,0x62,0x00,0x00,0x00,
  0x00,0x00,0x00,0x88,0xff,0xff,0xff,0x80,0x00,0x00,0x00,0x00,0x32,0xff,0xff,0xff,0xf9,0x13,0x00,0x00,0x00,0x00,0x00,0x00,
  0x88,0xff,0xff,0xff,0x80,0x00,0x00,0x14,0xff,0xff,0xff,0xff,0xff,0xff,0xff,0xff,0xff,0xff,0xff,0xff,0xff,0xff,0xff,0xff,
  0xff,0xff,0xff,0x44,0x14,0xff,0xff,0xff,0xff,0xff,0xff,0xff,0xff,0xff,0xff,0xff,0xff,0xff,0xff,0xff,0xff,0xff,0xff,0xff,
  0x44,0x14,0xff,0xff,0xff,0xff,0xff,0xff,0xff,0xff,0xff,0xff,0xff,0xff,0xff,0xff,0xff,0xff,0xff,0xff,0xff,0x44,0x14,0xff,
  0xff,0xff,0xff,0xff,0xff,0xff,0xff,0xff,0xff,0xff,0xff,0xff,0xff,0xff,0xff,0xff,0xff,0xff,0x44,0x14,0xff,0xff,0xff,0x48,
  0x00,0x00,0x00,0x00,0x00,0x00,0x00,0x00,0x00,0x00,0x00,0x18,0xff,0xff,0xff,0x44,0x14,0xff,0xff,0xff,0x48,0x00,0x00,0x00,
  0x00,0x00,0x00,0x00,0x00,0x00,0x00,0x00,0x18,0xff,0xff,0xff,0x44,0x14,0xff,0xff,0xff,0x48,0x00,0x00,0x00,0x00,0x00,0x00,
  0x00,0x00,0x00,0x00,0x00,0x18,0xff,0xff,0xff,0x44,0x14,0xff,0xff,0xff,0x48,0x00,0x00,0x00,0x00,0x00,0x00,0x00,0x00,0x00,
  0x00,0x00,0x18,0xff,0xff,0xff,0x44,0x00,0x00,0xf8,0xff,0xff,0xff,0xff,0xff,0xff,0xff,0xff,0xff,0xff,0xff,0xff,0xff,0xe8,
  0x00,0x00,0x00,0x00,0xf8,0xff,0xff,0xff,0xff,0xff,0xff,0xff,0xff,0xff,0xff,0xff,0xff,0xff,0xe8,0x00,0x00,0x00,0x00,0xf8,
  0xff,0xff,0xff,0xff,0xff,0xff,0xff,0xff,0xff,0xff,0xff,0xff,0xff,0xe8,0x00,0x00,0x00,0x00,0xf8,0xff,0xff,0xff,0xff,0xff,
  0xff,0xff,0xff,0xff,0xff,0xff,0xff,0xff,0xe8,0x00,0x00,0x00,0x00,0xf8,0xff,0xff,0xff,0x14,0x00,0x00,0x00,0x00,0x00,0x00,
  0x00,0x00,0x00,0x00,0x00,0x00,0x00,0x00,0xf8,0xff,0xff,0xff,0x14,0x00,0x00,0x00,0x00,0x00,0x00,0x00,0x00,0x00,0x00,0x00,
  0x00,0x00,0x00,0xf8,0xff,0xff,0xff,0x14,0x00,0x00,0x00,0x00,0x00,0x00,0x00,0x00,0x00,0x00,0x00,0x00,0x00,0x00,0xf8,0xff,
  0xff,0xff,0x14,0x00,0x00,0x00,0x00,0x00,0x00,0x00,0x00,0x00,0x00,0x00,0x00,0x00,0x00,0xf8,0xff,0xff,0xff,0xff,0xff,0xff,
  0xff,0xff,0xff,0xff,0xff,0xff,0xff,0x24,0x00,0x00,0x00,0x00,0xf8,0xff,0xff,0xff,0xff,0xff,0xff,0xff,0xff,0xff,0xff,0xff,
  0xff,0xff,0x24,0x00,0x00,0x00,0x00,0xf8,0xff,0xff,0xff,0xff,0xff,0xff,0xff,0xff,0xff,0xff,0xff,0xff,0xff,0x24,0x00,0x00,
  0x00,0x00,0xf8,0xff,0xff,0xff,0xff,0xff,0xff,0xff,0xff,0xff,0xff,0xff,0xff,0xff,0x24,0x00,0x00,0x00,0x00,0xf8,0xff,0xff,
  0xff,0x14,0x00,0x00,0x00,0x00,0x00,0x00,0x00,0x00,0x00,0x00,0x00,0x00,0x00,0x00,0xf8,0xff,0xff,0xff,0x14,0x00,0x00,0x00,
  0x00,0x00,0x00,0x00,0x00,0x00,0x00,0x00,0x00,0x00,0x00,0xf8,0xff,0xff,0xff,0x14,0x00,0x00,0x00,0x00,0x00,0x00,0x00,0x00,
  0x00,0x00,0x00,0x00,0x00,0x00,0xf8,0xff,0xff,0xff,0x14,0x00,0x00,0x00,0x00,0x00,0x00,0x00,0x00,0x00,0x00,0x00,0x00,0x00,
  0x00,0xf8,0xff,0xff,0xff,0xff,0xff,0xff,0xff,0xff,0xff,0xff,0xff,0xff,0xff,0xff,0x48,0x00,0x00,0x00,0xf8,0xff,0xff,0xff,
  0xff,0xff,0xff,0xff,0xff,0xff,0xff,0xff,0xff,0xff,0xff,0x48,0x00,0x00,0x00,0xf8,0xff,0xff,0xff,0xff,0xff,0xff,0xff,0xff,
  0xff,0xff,0xff,0xff,0xff,0xff,0x48,0x00,0x00,0x00,0xf8,0xff,0xff,0xff,0xff,0xff,0xff,0xff,0xff,0xff,0xff,0xff,0xff,0xff,
  0xff,0x48,0x00,0x7b,0xf7,0xe8,0xc4,0x79,0x0d,0x00,0x00,0x00,0x00,0x54,0xff,0xff,0xff,0xa0,0x00,0x00,0x00,0x00,0x00,0x57,
  0xb2,0xe0,0xf4,0xc5,0x7c,0xff,0xff,0xff,0xff,0xce,0x09,0x00,0x00,0x00,0x54,0xff,0xff,0xff,0xa0,0x00,0x00,0x00,0x00,0x8b,
  0xff,0xff,0xff,0xff,0xc8,0x7b,0xff,0xff,0xff,0xff,0xff,0x8a,0x00,0x00,0x00,0x54,0xff,0xff,0xff,0xa0,0x00,0x00,0x00,0x3f,
  0xff,0xff,0xff,0xff,0xff,0xc6,0x00,0x05,0x30,0xc8,0xff,0xff,0xf6,0x17,0x00,0x00,0x54,0xff,0xff,0xff,0xa0,0x00,0x00,0x00,
  0xc3,0xff,0xff,0xee,0x50,0x0a,0x00,0x00,0x00,0x00,0x1c,0xf9,0xff,0xff,0x7a,0x00,0x00,0x54,0xff,0xff,0xff,0xa0,0x00,0x00,
  0x2f,0xff,0xff,0xff,0x61,0x00,0x00,0x00,0x00,0x00,0x00,0x00,0xaa,0xff,0xff,0xdf,0x01,0x00,0x54,0xff,0xff,0xff,0xa0,0x00,
  0x00,0x95,0xff,0xff,0xee,0x07,0x00,0x00,0x00,0x00,0x00,0x00,0x00,0x4e,0xff,0xff,0xff,0x47,0x00,0x54,0xff,0xff,0xff,0xa0,
  0x00,0x0b,0xef,0xff,0xff,0x99,0x00,0x00,0x00,0x00,0x00,0x00,0x00,0x00,0x05,0xea,0xff,0xff,0xbb,0x00,0x54,0xff,0xff,0xff,
  0xa0,0x00,0x6e,0xff,0xff,0xff,0x3d,0x00,0x00,0x00,0x00,0x00,0x00,0x00,0x00,0x00,0x81,0xff,0xff,0xff,0x7c,0x62,0xff,0xff,
  0xff,0xa4,0x4a,0xef,0xff,0xff,0xd0,0x01,0x00,0x00,0x00,0x00,0x00,0x00,0x00,0x00,0x00,0x08,0xbe,0xff,0xff,0xff,0xff,0xff,
  0xff,0xff,0xff,0xff,0xff,0xff,0xea,0x2d,0x00,0x00,0x00,0x00,0x00,0x00,0x00,0x00,0x00,0x00,0x02,0x5c,0xf7,0xff,0xff,0xff,
  0xff,0xff,0xff,0xff,0xff,0xff,0xff,0x97,0x11,0x00,0x00,0x00,0x00,0x00,0x00,0x00,0x00,0x00,0x03,0xa5,0xff,0xff,0xff,0xff,
  0xff,0xff,0xff,0xff,0xff,0xff,0xff,0xff,0xff,0xdb,0x1d,0x00,0x00,0x00,0x00,0x00,0x00,0x00,0x00,0x7c,0xff,0xff,0xff,0xfd,
  0x65,0x5c,0xff,0xff,0xff,0xa2,0x3a,0xe8,0xff,0xff,0xff,0xc7,0x03,0x00,0x00,0x00,0x00,0x00,0x00,0x25,0xf9,0xff,0xff,0xff,
  0x8e,0x00,0x54,0xff,0xff,0xff,0xa0,0x00,0x46,0xff,0xff,0xff,0xff,0x6f,0x00,0x00,0x00,0x00,0x00,0x00,0xaf,0xff,0xff,0xff,
  0xea,0x0e,0x00,0x54,0xff,0xff,0xff,0xa0,0x00,0x00,0xaa,0xff,0xff,0xff,0xed,0x11,0x00,0x00,0x00,0x00,0x3c,0xff,0xff,0xff,
  0xff,0x66,0x00,0x00,0x54,0xff,0xff,0xff,0xa0,0x00,0x00,0x1e,0xf8,0xff,0xff,0xff,0x8b,0x00,0x00,0x00,0x00,0xc6,0xff,0xff,
  0xff,0xdc,0x04,0x00,0x00,0x54,0xff,0xff,0xff,0xa0,0x00,0x00,0x00,0x92,0xff,0xff,0xff,0xf8,0x1f,0x00,0x00,0x53,0xff,0xff,
  0xff,0xff,0x5d,0x00,0x00,0x00,0x54,0xff,0xff,0xff,0xa0,0x00,0x00,0x00,0x18,0xf5,0xff,0xff,0xff,0xa2,0x00,0x04,0xd9,0xff,
  0xff,0xff,0xd6,0x02,0x00,0x00,0x00,0x54,0xff,0xff,0xff,0xa0,0x00,0x00,0x00,0x00,0x8a,0xff,0xff,0xff,0xfd,0x30,0x6a,0xff,
  0xff,0xff,0xff,0x55,0x00,0x00,0x00,0x00,0x54,0xff,0xff,0xff,0xa0,0x00,0x00,0x00,0x00,0x13,0xf2,0xff,0xff,0xff,0xba,0x00,
  0x00,0x00,0x00,0x32,0x99,0xd7,0xf3,0xfa,0xed,0xca,0x8f,0x2f,0x00,0x00,0x00,0x00,0x00,0x00,0x00,0x01,0x8b,0xfe,0xff,0xff,
  0xff,0xff,0xff,0xff,0xff,0xfe,0x90,0x02,0x00,0x00,0x00,0x00,0x00,0x85,0xff,0xff,0xff,0xff,0xff,0xff,0xff,0xff,0xff,0xff,
  0xff,0x8d,0x00,0x00,0x00,0x00,0x2c,0xfc,0xff,0xff,0xff,0xff,0xff,0xff,0xff,0xff,0xff,0xff,0xff,0xfb,0x18,0x00,0x00,0x00,
  0x9b,0xff,0xff,0xff,0xfd,0x7c,0x1b,0x0a,0x2e,0xa5,0xff,0xff,0xff,0xff,0x45,0x00,0x00,0x01,0xe7,0xff,0xff,0xff,0x85,0x00,
  0x00,0x00,0x00,0x01,0xde,0xff,0xff,0xff,0x2d,0x00,0x00,0x00,0x24,0x65,0xa6,0xe2,0x16,0x00,0x00,0x00,0x00,0x0b,0xef,0xff,
  0xff,0xc9,0x01,0x00,0x00,0x00,0x00,0x00,0x00,0x00,0x00,0x00,0x03,0x18,0x50,0xcc,0xff,0xff,0xdf,0x22,0x00,0x00,0x00,0x00,
  0x00,0x00,0x00,0x00,0x00,0x0c,0xff,0xff,0xff,0xff,0xff,0x9d,0x13,0x00,0x00,0x00,0x00,0x00,0x00,0x00,0x00,0x00,0x00,0x0c,
  0xff,0xff,0xff,0xff,0xff,0xe0,0x66,0x00,0x00,0x00,0x00,0x00,0x00,0x00,0x00,0x00,0x00,0x0c,0xff,0xff,0xff,0xff,0xff,0xff,
  0xff,0x9e,0x02,0x00,0x00,0x00,0x00,0x00,0x00,0x00,0x00,0x00,0x00,0x10,0x2f,0x8d,0xfd,0xff,0xff,0xff,0x5e,0x00,0x00,0x00,
  0x00,0x00,0x00,0x00,0x00,0x00,0x00,0x00,0x00,0x00,0x7c,0xff,0xff,0xff,0xcc,0x00,0x00,0x05,0x3d,0x82,0xc7,0x7a,0x00,0x00,
  0x00,0x00,0x00,0x00,0x37,0xff,0xff,0xff,0xf4,0x00,0x00,0x3b,0xff,0xff,0xff,0xe8,0x10,0x00,0x00,0x00,0x00,0x00,0x7b,0xff,
  0xff,0xff,0xfa,0x01,0x00,0x01,0xe3,0xff,0xff,0xff,0xca,0x4a,0x12,0x04,0x20,0x79,0xfb,0xff,0xff,0xff,0xd4,0x00,0x00,0x00,
  0x71,0xff,0xff,0xff,0xff,0xff,0xff,0xff,0xff,0xff,0xff,0xff,0xff,0xff,0x7a,0x00,0x00,0x00,0x06,0xcf,0xff,0xff,0xff,0xff,
  0xff,0xff,0xff,0xff,0xff,0xff,0xff,0xd2,0x09,0x00,0x00,0x00,0x00,0x19,0xca,0xff,0xff,0xff,0xff,0xff,0xff,0xff,0xff,0xff,
  0xbc,0x17,0x00,0x00,0x00,0x00,0x00,0x00,0x02,0x55,0xaa,0xdd,0xf5,0xfc,0xef,0xd2,0x9c,0x45,0x00,0x00,0x00,0x00,0x00,0x00,
  0x00,0xe8,0xff,0xff,0xe0,0x00,0x00,0x00,0x00,0x00,0x00,0x00,0x4f,0xff,0xff,0xff,0xff,0x08,0x00,0x00,0x00,0xe8,0xff,0xff,
  0xe0,0x00,0x00,0x00,0x00,0x00,0x00,0x0b,0xe1,0xff,0xff,0xff,0xff,0x08,0x00,0x00,0x00,0xe8,0xff,0xff,0xe0,0x00,0x00,0x00,
  0x00,0x00,0x00,0x8c,0xff,0xff,0xff,0xff,0xff,0x08,0x00,0x00,0x00,0xe8,0xff,0xff,0xe0,0x00,0x00,0x00,0x00,0x00,0x2e,0xfb,
  0xff,0xff,0xff,0xff,0xff,0x08,0x00,0x00,0x00,0xe8,0xff,0xff,0xe0,0x00,0x00,0x00,0x00,0x01,0xc6,0xff,0xff,0xff,0xff,0xff,
  0xff,0x08,0x00,0x00,0x00,0xe8,0xff,0xff,0xe0,0x00,0x00,0x00,0x00,0x67,0xff,0xff,0xff,0xff,0xff,0xff,0xff,0x08,0x00,0x00,
  0x00,0xe8,0xff,0xff,0xe0,0x00,0x00,0x00,0x16,0xee,0xff,0xff,0xff,0xfe,0xff,0xff,0xff,0x08,0x00,0x00,0x00,0xe8,0xff,0xff,
  0xe0,0x00,0x00,0x00,0xa4,0xff,0xff,0xff,0xd7,0xc6,0xff,0xff,0xff,0x08,0x00,0x00,0x00,0xe8,0xff,0xff,0xe0,0x00,0x00,0x41,
  0xff,0xff,0xff,0xff,0x3f,0xc0,0xff,0xff,0xff,0x08,0x00,0x00,0x00,0xe8,0xff,0xff,0xe0,0x00,0x06,0xd8,0xff,0xff,0xff,0xa0,
  0x00,0xc0,0xff,0xff,0xff,0x08,0x00,0x00,0x00,0xe8,0xff,0xff,0xe0,0x00,0x7e,0xff,0xff,0xff,0xed,0x15,0x00,0xc0,0xff,0xff,
  0xff,0x08,0x00,0x00,0x00,0xe8,0xff,0xff,0xe0,0x24,0xf7,0xff,0xff,0xff,0x64,0x00,0x00,0xc0,0xff,0xff,0xff,0x08,0x00,0x00,
  0x00,0xe8,0xff,0xff,0xe0,0xba,0xff,0xff,0xff,0xc4,0x01,0x00,0x00,0xc0,0xff,0xff,0xff,0x08,0x00,0x00,0x00,0xe8,0xff,0xff,
  0xfe,0xff,0xff,0xff,0xfb,0x2c,0x00,0x00,0x00,0xc0,0xff,0xff,0xff,0x08,0x00,0x00,0x00,0xe8,0xff,0xff,0xff,0xff,0xff,0xff,
  0x89,0x00,0x00,0x00,0x00,0xc0,0xff,0xff,0xff,0x08,0x00,0x00,0x00,0xe8,0xff,0xff,0xff,0xff,0xff,0xe0,0x0a,0x00,0x00,0x00,
  0x00,0xc0,0xff,0xff,0xff,0x08,0x00,0x00,0x00,0xe8,0xff,0xff,0xff,0xff,0xff,0x4d,0x00,0x00,0x00,0x00,0x00,0xc0,0xff,0xff,
  0xff,0x08,0x00,0x00,0x00,0xe8,0xff,0xff,0xff,0xff,0xaf,0x00,0x00,0x00,0x00,0x00,0x00,0xc0,0xff,0xff,0xff,0x08,0x00,0x00,
  0x00,0xe8,0xff,0xff,0xff,0xf3,0x1d,0x00,0x00,0x00,0x00,0x00,0x00,0xc0,0xff,0xff,0xff,0x08,0x00,0x00,0x00,0xe8,0xff,0xff,
  0xff,0x73,0x00,0x00,0x00,0x00,0x00,0x00,0x00,0xc0,0xff,0xff,0xff,0x08,0x00,0x00,0x00,0x00,0x00,0x00,0x0f,0xfd,0xd4,0x00,
  0x00,0x00,0x00,0xa5,0xff,0x3c,0x00,0x00,0x00,0x00,0x00,0x00,0x00,0x00,0x00,0x00,0x00,0xc6,0xff,0x7e,0x13,0x0d,0x5c,0xfb,
  0xf0,0x06,0x00,0x00,0x00,0x00,0x00,0x00,0x00,0x00,0x00,0x00,0x00,0x32,0xf9,0xff,0xff,0xff,0xff,0xff,0x5b,0x00,0x00,0x00,
  0x00,0x00,0x00,0x00,0x00,0x00,0x00,0x00,0x00,0x00,0x38,0xba,0xf3,0xf7,0xca,0x53,0x00,0x00,0x00,0x00,0x00,0x00,0x00,0x00,
  0x00,0x00,0x00,0x00,0x00,0x00,0x00,0x00,0x00,0x00,0x00,0x00,0x00,0x00,0x00,0x00,0x00,0x00,0x00,0x00,0x00,0x00,0x00,0x00,
  0x00,0x00,0x00,0x00,0x00,0x00,0x00,0x00,0x00,0x00,0x00,0x00,0x00,0x00,0x00,0x00,0x00,0xe8,0xff,0xff,0xe0,0x00,0x00,0x00,
  0x00,0x00,0x00,0x00,0x4f,0xff,0xff,0xff,0xff,0x08,0x00,0x00,0x00,0xe8,0xff,0xff,0xe0,0x00,0x00,0x00,0x00,0x00,0x00,0x0b,
  0xe1,0xff,0xff,0xff,0xff,0x08,0x00,0x00,0x00,0xe8,0xff,0xff,0xe0,0x00,0x00,0x00,0x00,0x00,0x00,0x8c,0xff,0xff,0xff,0xff,
  0xff,0x08,0x00,0x00,0x00,0xe8,0xff,0xff,0xe0,0x00,0x00,0x00,0x00,0x00,0x2e,0xfb,0xff,0xff,0xff,0xff,0xff,0x08,0x00,0x00,
  0x00,0xe8,0xff,0xff,0xe0,0x00,0x00,0x00,0x00,0x01,0xc6,0xff,0xff,0xff,0xff,0xff,0xff,0x08,0x00,0x00,0x00,0xe8,0xff,0xff,
  0xe0,0x00,0x00,0x00,0x00,0x67,0xff,0xff,0xff,0xff,0xff,0xff,0xff,0x08,0x00,0x00,0x00,0xe8,0xff,0xff,0xe0,0x00,0x00,0x00,
  0x16,0xee,0xff,0xff,0xff,0xfe,0xff,0xff,0xff,0x08,0x00,0x00,0x00,0xe8,0xff,0xff,0xe0,0x00,0x00,0x00,0xa4,0xff,0xff,0xff,
  0xd7,0xc6,0xff,0xff,0xff,0x08,0x00,0x00,0x00,0xe8,0xff,0xff,0xe0,0x00,0x00,0x41,0xff,0xff,0xff,0xff,0x3f,0xc0,0xff,0xff,
  0xff,0x08,0x00,0x00,0x00,0xe8,0xff,0xff,0xe0,0x00,0x06,0xd8,0xff,0xff,0xff,0xa0,0x00,0xc0,0xff,0xff,0xff,0x08,0x00,0x00,
  0x00,0xe8,0xff,0xff,0xe0,0x00,0x7e,0xff,0xff,0xff,0xed,0x15,0x00,0xc0,0xff,0xff,0xff,0x08,0x00,0x00,0x00,0xe8,0xff,0xff,
  0xe0,0x24,0xf7,0xff,0xff,0xff,0x64,0x00,0x00,0xc0,0xff,0xff,0xff,0x08,0x00,0x00,0x00,0xe8,0xff,0xff,0xe0,0xba,0xff,0xff,
  0xff,0xc4,0x01,0x00,0x00,0xc0,0xff,0xff,0xff,0x08,0x00,0x00,0x00,0xe8,0xff,0xff,0xfe,0xff,0xff,0xff,0xfb,0x2c,0x00,0x00,
  0x00,0xc0,0xff,0xff,0xff,0x08,0x00,0x00,0x00,0xe8,0xff,0xff,0xff,0xff,0xff,0xff,0x89,0x00,0x00,0x00,0x00,0xc0,0xff,0xff,
  0xff,0x08,0x00,0x00,0x00,0xe8,0xff,0xff,0xff,0xff,0xff,0xe0,0x0a,0x00,0x00,0x00,0x00,0xc0,0xff,0xff,0xff,0x08,0x00,0x00,
  0x00,0xe8,0xff,0xff,0xff,0xff,0xff,0x4d,0x00,0x00,0x00,0x00,0x00,0xc0,0xff,0xff,0xff,0x08,0x00,0x00,0x00,0xe8,0xff,0xff,
  0xff,0xff,0xaf,0x00,0x00,0x00,0x00,0x00,0x00,0xc0,0xff,0xff,0xff,0x08,0x00,0x00,0x00,0xe8,0xff,0xff,0xff,0xf3,0x1d,0x00,
  0x00,0x00,0x00,0x00,0x00,0xc0,0xff,0xff,0xff,0x08,0x00,0x00,0x00,0xe8,0xff,0xff,0xff,0x73,0x00,0x00,0x00,0x00,0x00,0x00,
  0x00,0xc0,0xff,0xff,0xff,0x08,0x00,0x00,0x00,0xe4,0xff,0xff,0xff,0x28,0x00,0x00,0x00,0x00,0x03,0x65,0xba,0xe4,0xf5,0xa2,
  0x00,0x00,0xe4,0xff,0xff,0xff,0x28,0x00,0x00,0x00,0x00,0xaa,0xff,0xff,0xff,0xff,0xa4,0x00,0x00,0xe4,0xff,0xff,0xff,0x28,
  0x00,0x00,0x00,0x5e,0xff,0xff,0xff,0xff,0xff,0xa2,0x00,0x00,0xe4,0xff,0xff,0xff,0x28,0x00,0x00,0x03,0xdf,0xff,0xff,0xde,
  0x3e,0x07,0x00,0x00,0x00,0xe4,0xff,0xff,0xff,0x28,0x00,0x00,0x4f,0xff,0xff,0xff,0x3c,0x00,0x00,0x00,0x00,0x00,0xe4,0xff,
  0xff,0xff,0x28,0x00,0x00,0xb5,0xff,0xff,0xcf,0x00,0x00,0x00,0x00,0x00,0x00,0xe4,0xff,0xff,0xff,0x28,0x00,0x1f,0xfd,0xff,
  0xff,0x74,0x00,0x00,0x00,0x00,0x00,0x00,0xe4,0xff,0xff,0xff,0x28,0x00,0x90,0xff,0xff,0xfd,0x1c,0x00,0x00,0x00,0x00,0x00,
  0x00,0xe4,0xff,0xff,0xff,0x3b,0x68,0xfa,0xff,0xff,0xa9,0x00,0x00,0x00,0x00,0x00,0x00,0x00,0xe4,0xff,0xff,0xff,0xff,0xff,
  0xff,0xff,0xd9,0x17,0x00,0x00,0x00,0x00,0x00,0x00,0x00,0xe4,0xff,0xff,0xff,0xff,0xff,0xff,0xff,0x7a,0x09,0x00,0x00,0x00,
  0x00,0x00,0x00,0x00,0xe4,0xff,0xff,0xff,0xff,0xff,0xff,0xff,0xff,0xc5,0x0e,0x00,0x00,0x00,0x00,0x00,0x00,0xe4,0xff,0xff,
  0xff,0x32,0x50,0xf4,0xff,0xff,0xff,0xa4,0x00,0x00,0x00,0x00,0x00,0x00,0xe4,0xff,0xff,0xff,0x28,0x00,0x66,0xff,0xff,0xff,
  0xff,0x48,0x00,0x00,0x00,0x00,0x00,0xe4,0xff,0xff,0xff,0x28,0x00,0x01,0xcb,0xff,0xff,0xff,0xd3,0x03,0x00,0x00,0x00,0x00,
  0xe4,0xff,0xff,0xff,0x28,0x00,0x00,0x3a,0xff,0xff,0xff,0xff,0x63,0x00,0x00,0x00,0x00,0xe4,0xff,0xff,0xff,0x28,0x00,0x00,
  0x00,0xb6,0xff,0xff,0xff,0xe4,0x0a,0x00,0x00,0x00,0xe4,0xff,0xff,0xff,0x28,0x00,0x00,0x00,0x32,0xff,0xff,0xff,0xff,0x7a,
  0x00,0x00,0x00,0xe4,0xff,0xff,0xff,0x28,0x00,0x00,0x00,0x00,0xae,0xff,0xff,0xff,0xf1,0x14,0x00,0x00,0xe4,0xff,0xff,0xff,
  0x28,0x00,0x00,0x00,0x00,0x2c,0xfd,0xff,0xff,0xff,0x92,0x00,0x00,0x00,0x88,0xff,0xff,0xff,0xff,0xff,0xff,0xff,0xff,0xff,
  0xff,0xff,0xff,0xff,0x84,0x00,0x00,0x00,0x00,0x00,0x88,0xff,0xff,0xff,0xff,0xff,0xff,0xff,0xff,0xff,0xff,0xff,0xff,0xff,
  0x84,0x00,0x00,0x00,0x00,0x00,0x88,0xff,0xff,0xff,0xff,0xff,0xff,0xff,0xff,0xff,0xff,0xff,0xff,0xff,0x84,0x00,0x00,0x00,
  0x00,0x00,0x88,0xff,0xff,0xff,0xff,0xff,0xff,0xff,0xff,0xff,0xff,0xff,0xff,0xff,0x84,0x00,0x00,0x00,0x00,0x00,0x88,0xff,
  0xff,0xff,0x70,0x00,0x00,0x00,0x00,0x00,0x88,0xff,0xff,0xff,0x84,0x00,0x00,0x00,0x00,0x00,0x88,0xff,0xff,0xff,0x70,0x00,
  0x00,0x00,0x00,0x00,0x88,0xff,0xff,0xff,0x84,0x00,0x00,0x00,0x00,0x00,0x88,0xff,0xff,0xff,0x70,0x00,0x00,0x00,0x00,0x00,
  0x88,0xff,0xff,0xff,0x84,0x00,0x00,0x00,0x00,0x00,0x88,0xff,0xff,0xff,0x70,0x00,0x00,0x00,0x00,0x00,0x88,0xff,0xff,0xff,
  0x84,0x00,0x00,0x00,0x00,0x00,0x88,0xff,0xff,0xff,0x70,0x00,0x00,0x00,0x00,0x00,0x88,0xff,0xff,0xff,0x84,0x00,0x00,0x00,
  0x00,0x00,0x88,0xff,0xff,0xff,0x70,0x00,0x00,0x00,0x00,0x00,0x88,0xff,0xff,0xff,0x84,0x00,0x00,0x00,0x00,0x00,0x88,0xff,
  0xff,0xff,0x70,0x00,0x00,0x00,0x00,0x00,0x88,0xff,0xff,0xff,0x84,0x00,0x00,0x00,0x00,0x00,0x87,0xff,0xff,0xff,0x70,0x00,
  0x00,0x00,0x00,0x00,0x88,0xff,0xff,0xff,0x84,0x00,0x00,0x00,0x00,0x00,0x86,0xff,0xff,0xff,0x6e,0x00,0x00,0x00,0x00,0x00,
  0x88,0xff,0xff,0xff,0x84,0x00,0x00,0x00,0x00,0x00,0x85,0xff,0xff,0xff,0x6c,0x00,0x00,0x00,0x00,0x00,0x88,0xff,0xff,0xff,
  0x84,0x00,0x00,0x00,0x00,0x00,0x8f,0xff,0xff,0xff,0x65,0x00,0x00,0x00,0x00,0x00,0x88,0xff,0xff,0xff,0x84,0x00,0x00,0x00,
  0x02,0x20,0xd5,0xff,0xff,0xff,0x59,0x00,0x00,0x00,0x00,0x00,0x88,0xff,0xff,0xff,0x84,0x00,0x00,0x8f,0xfe,0xff,0xff,0xff,
  0xff,0xff,0x42,0x00,0x00,0x00,0x00,0x00,0x88,0xff,0xff,0xff,0x84,0x00,0x00,0x90,0xff,0xff,0xff,0xff,0xff,0xf9,0x10,0x00,
  0x00,0x00,0x00,0x00,0x88,0xff,0xff,0xff,0x84,0x00,0x00,0x90,0xff,0xff,0xff,0xff,0xff,0x95,0x00,0x00,0x00,0x00,0x00,0x00,
  0x88,0xff,0xff,0xff,0x84,0x00,0x00,0x7b,0xeb,0xfb,0xf9,0xda,0x84,0x05,0x00,0x00,0x00,0x00,0x00,0x00,0x88,0xff,0xff,0xff,
  0x84,0x00,0x00,0x00,0x04,0xff,0xff,0xff,0xff,0xff,0xff,0x2d,0x00,0x00,0x00,0x00,0x00,0x00,0xde,0xff,0xff,0xff,0xff,0xff,
  0x58,0x00,0x00,0x04,0xff,0xff,0xff,0xff,0xff,0xff,0x72,0x00,0x00,0x00,0x00,0x00,0x21,0xff,0xff,0xff,0xff,0xff,0xff,0x58,
  0x00,0x00,0x04,0xff,0xff,0xff,0xff,0xff,0xff,0xb6,0x00,0x00,0x00,0x00,0x00,0x65,0xff,0xff,0xff,0xff,0xff,0xff,0x58,0x00,
  0x00,0x04,0xff,0xff,0xff,0xff,0xff,0xff,0xf4,0x05,0x00,0x00,0x00,0x00,0xa8,0xff,0xff,0xff,0xff,0xff,0xff,0x58,0x00,0x00,
  0x04,0xff,0xff,0xff,0xee,0xff,0xff,0xff,0x3e,0x00,0x00,0x00,0x01,0xea,0xff,0xff,0xed,0xff,0xff,0xff,0x58,0x00,0x00,0x04,
  0xff,0xff,0xff,0xc1,0xed,0xff,0xff,0x82,0x00,0x00,0x00,0x2f,0xff,0xff,0xff,0xaf,0xff,0xff,0xff,0x58,0x00,0x00,0x04,0xff,
  0xff,0xff,0xc0,0xb0,0xff,0xff,0xc6,0x00,0x00,0x00,0x73,0xff,0xff,0xf9,0x75,0xff,0xff,0xff,0x58,0x00,0x00,0x04,0xff,0xff,
  0xff,0xc0,0x70,0xff,0xff,0xfb,0x0e,0x00,0x00,0xb6,0xff,0xff,0xc2,0x6c,0xff,0xff,0xff,0x58,0x00,0x00,0x04,0xff,0xff,0xff,
  0xc0,0x2f,0xff,0xff,0xff,0x4e,0x00,0x05,0xf3,0xff,0xff,0x81,0x6c,0xff,0xff,0xff,0x58,0x00,0x00,0x04,0xff,0xff,0xff,0xc0,
  0x01,0xed,0xff,0xff,0x92,0x00,0x3d,0xff,0xff,0xff,0x41,0x6c,0xff,0xff,0xff,0x58,0x00,0x00,0x04,0xff,0xff,0xff,0xc0,0x00,
  0xaf,0xff,0xff,0xd6,0x00,0x80,0xff,0xff,0xf8,0x08,0x6c,0xff,0xff,0xff,0x58,0x00,0x00,0x04,0xff,0xff,0xff,0xc0,0x00,0x6f,
  0xff,0xff,0xff,0x1a,0xc4,0xff,0xff,0xc0,0x00,0x6c,0xff,0xff,0xff,0x58,0x00,0x00,0x04,0xff,0xff,0xff,0xc0,0x00,0x2e,0xff,
  0xff,0xff,0x6a,0xfa,0xff,0xff,0x7f,0x00,0x6c,0xff,0xff,0xff,0x58,0x00,0x00,0x04,0xff,0xff,0xff,0xc0,0x00,0x01,0xec,0xff,
  0xff,0xe4,0xff,0xff,0xff,0x3f,0x00,0x6c,0xff,0xff,0xff,0x58,0x00,0x00,0x04,0xff,0xff,0xff,0xc0,0x00,0x00,0xae,0xff,0xff,
  0xff,0xff,0xff,0xf7,0x07,0x00,0x6c,0xff,0xff,0xff,0x58,0x00,0x00,0x04,0xff,0xff,0xff,0xc0,0x00,0x00,0x6e,0xff,0xff,0xff,
  0xff,0xff,0xbe,0x00,0x00,0x6c,0xff,0xff,0xff,0x58,0x00,0x00,0x04,0xff,0xff,0xff,0xc0,0x00,0x00,0x2d,0xff,0xff,0xff,0xff,
  0xff,0x7d,0x00,0x00,0x6c,0xff,0xff,0xff,0x58,0x00,0x00,0x04,0xff,0xff,0xff,0xc0,0x00,0x00,0x01,0xeb,0xff,0xff,0xff,0xff,
  0x3d,0x00,0x00,0x6c,0xff,0xff,0xff,0x58,0x00,0x00,0x04,0xff,0xff,0xff,0xc0,0x00,0x00,0x00,0xad,0xff,0xff,0xff,0xf6,0x06,
  0x00,0x00,0x6c,0xff,0xff,0xff,0x58,0x00,0x00,0x04,0xff,0xff,0xff,0xc0,0x00,0x00,0x00,0x6c,0xff,0xff,0xff,0xbc,0x00,0x00,
  0x00,0x6c,0xff,0xff,0xff,0x58,0x00,0x00,0x00,0xf4,0xff,0xff,0xff,0x18,0x00,0x00,0x00,0x00,0x00,0x00,0x00,0xf8,0xff,0xff,
  0xff,0x14,0x00,0x00,0x00,0xf4,0xff,0xff,0xff,0x18,0x00,0x00,0x00,0x00,0x00,0x00,0x00,0xf8,0xff,0xff,0xff,0x14,0x00,0x00,
  0x00,0xf4,0xff,0xff,0xff,0x18,0x00,0x00,0x00,0x00,0x00,0x00,0x00,0xf8,0xff,0xff,0xff,0x14,0x00,0x00,0x00,0xf4,0xff,0xff,
  0xff,0x18,0x00,0x00,0x00,0x00,0x00,0x00,0x00,0xf8,0xff,0xff,0xff,0x14,0x00,0x00,0x00,0xf4,0xff,0xff,0xff,0x18,0x00,0x00,
  0x00,0x00,0x00,0x00,0x00,0xf8,0xff,0xff,0xff,0x14,0x00,0x00,0x00,0xf4,0xff,0xff,0xff,0x18,0x00,0x00,0x00,0x00,0x00,0x00,
  0x00,0xf8,0xff,0xff,0xff,0x14,0x00,0x00,0x00,0xf4,0xff,0xff,0xff,0x18,0x00,0x00,0x00,0x00,0x00,0x00,0x00,0xf8,0xff,0xff,
  0xff,0x14,0x00,0x00,0x00,0xf4,0xff,0xff,0xff,0x18,0x00,0x00,0x00,0x00,0x00,0x00,0x00,0xf8,0xff,0xff,0xff,0x14,0x00,0x00,
  0x00,0xf4,0xff,0xff,0xff,0xff,0xff,0xff,0xff,0xff,0xff,0xff,0xff,0xff,0xff,0xff,0xff,0x14,0x00,0x00,0x00,0xf4,0xff,0xff,
  0xff,0xff,0xff,0xff,0xff,0xff,0xff,0xff,0xff,0xff,0xff,0xff,0xff,0x14,0x00,0x00,0x00,0xf4,0xff,0xff,0xff,0xff,0xff,0xff,
  0xff,0xff,0xff,0xff,0xff,0xff,0xff,0xff,0xff,0x14,0x00,0x00,0x00,0xf4,0xff,0xff,0xff,0xff,0xff,0xff,0xff,0xff,0xff,0xff,
  0xff,0xff,0xff,0xff,0xff,0x14,0x00,0x00,0x00,0xf4,0xff,0xff,0xff,0x18,0x00,0x00,0x00,0x00,0x00,0x00,0x00,0xf8,0xff,0xff,
  0xff,0x14,0x00,0x00,0x00,0xf4,0xff,0xff,0xff,0x18,0x00,0x00,0x00,0x00,0x00,0x00,0x00,0xf8,0xff,0xff,0xff,0x14,0x00,0x00,
  0x00,0xf4,0xff,0xff,0xff,0x18,0x00,0x00,0x00,0x00,0x00,0x00,0x00,0xf8,0xff,0xff,0xff,0x14,0x00,0x00,0x00,0xf4,0xff,0xff,
  0xff,0x18,0x00,0x00,0x00,0x00,0x00,0x00,0x00,0xf8,0xff,0xff,0xff,0x14,0x00,0x00,0x00,0xf4,0xff,0xff,0xff,0x18,0x00,0x00,
  0x00,0x00,0x00,0x00,0x00,0xf8,0xff,0xff,0xff,0x14,0x00,0x00,0x00,0xf4,0xff,0xff,0xff,0x18,0x00,0x00,0x00,0x00,0x00,0x00,
  0x00,0xf8,0xff,0xff,0xff,0x14,0x00,0x00,0x00,0xf4,0xff,0xff,0xff,0x18,0x00,0x00,0x00,0x00,0x00,0x00,0x00,0xf8,0xff,0xff,
  0xff,0x14,0x00,0x00,0x00,0xf4,0xff,0xff,0xff,0x18,0x00,0x00,0x00,0x00,0x00,0x00,0x00,0xf8,0xff,0xff,0xff,0x14,0x00,0x00,
  0x00,0x00,0x00,0x00,0x00,0x2b,0x7d,0xc2,0xe1,0xf6,0xf3,0xdf,0xb3,0x70,0x14,0x00,0x00,0x00,0x00,0x00,0x00,0x00,0x00,0x00,
  0x00,0x0f,0xa4,0xfe,0xff,0xff,0xff,0xff,0xff,0xff,0xff,0xff,0xf3,0x80,0x03,0x00,0x00,0x00,0x00,0x00,0x00,0x00,0x19,0xd7,
  0xff,0xff,0xff,0xff,0xff,0xff,0xff,0xff,0xff,0xff,0xff,0xff,0xbb,0x0c,0x00,0x00,0x00,0x00,0x00,0x08,0xcb,0xff,0xff,0xff,
  0xff,0xff,0xff,0xff,0xff,0xff,0xff,0xff,0xff,0xff,0xff,0xab,0x00,0x00,0x00,0x00,0x00,0x7c,0xff,0xff,0xff,0xff,0xed,0x7b,
  0x2b,0x09,0x0b,0x30,0x86,0xf4,0xff,0xff,0xff,0xff,0x58,0x00,0x00,0x00,0x05,0xf0,0xff,0xff,0xff,0xdb,0x1e,0x00,0x00,0x00,
  0x00,0x00,0x00,0x2b,0xeb,0xff,0xff,0xff,0xd4,0x00,0x00,0x00,0x46,0xff,0xff,0xff,0xff,0x32,0x00,0x00,0x00,0x00,0x00,0x00,
  0x00,0x00,0x51,0xff,0xff,0xff,0xff,0x29,0x00,0x00,0x8b,0xff,0xff,0xff,0xc1,0x00,0x00,0x00,0x00,0x00,0x00,0x00,0x00,0x00,
  0x01,0xe1,0xff,0xff,0xff,0x68,0x00,0x00,0xa5,0xff,0xff,0xff,0x84,0x00,0x00,0x00,0x00,0x00,0x00,0x00,0x00,0x00,0x00,0xa8,
  0xff,0xff,0xff,0x8a,0x00,0x00,0xbb,0xff,0xff,0xff,0x6b,0x00,0x00,0x00,0x00,0x00,0x00,0x00,0x00,0x00,0x00,0x90,0xff,0xff,
  0xff,0x9d,0x00,0x00,0xc0,0xff,0xff,0xff,0x6d,0x00,0x00,0x00,0x00,0x00,0x00,0x00,0x00,0x00,0x00,0x92,0xff,0xff,0xff,0x9e,
  0x00,0x00,0xae,0xff,0xff,0xff,0x87,0x00,0x00,0x00,0x00,0x00,0x00,0x00,0x00,0x00,0x00,0xac,0xff,0xff,0xff,0x8b,0x00,0x00,
  0x8f,0xff,0xff,0xff,0xc6,0x00,0x00,0x00,0x00,0x00,0x00,0x00,0x00,0x00,0x03,0xe7,0xff,0xff,0xff,0x6a,0x00,0x00,0x50,0xff,
  0xff,0xff,0xff,0x3b,0x00,0x00,0x00,0x00,0x00,0x00,0x00,0x00,0x5d,0xff,0xff,0xff,0xff,0x2b,0x00,0x00,0x0d,0xf0,0xff,0xff,
  0xff,0xe1,0x24,0x00,0x00,0x00,0x00,0x00,0x00,0x35,0xf0,0xff,0xff,0xff,0xd7,0x01,0x00,0x00,0x00,0x82,0xff,0xff,0xff,0xff,
  0xf1,0x81,0x2d,0x09,0x0a,0x33,0x8d,0xf8,0xff,0xff,0xff,0xff,0x5c,0x00,0x00,0x00,0x00,0x09,0xce,0xff,0xff,0xff,0xff,0xff,
  0xff,0xff,0xff,0xff,0xff,0xff,0xff,0xff,0xff,0xb0,0x01,0x00,0x00,0x00,0x00,0x00,0x1e,0xd6,0xff,0xff,0xff,0xff,0xff,0xff,
  0xff,0xff,0xff,0xff,0xff,0xff,0xc1,0x0e,0x00,0x00,0x00,0x00,0x00,0x00,0x00,0x0d,0x9d,0xfb,0xff,0xff,0xff,0xff,0xff,0xff,
  0xff,0xff,0xf6,0x87,0x05,0x00,0x00,0x00,0x00,0x00,0x00,0x00,0x00,0x00,0x00,0x22,0x7c,0xbe,0xe3,0xf6,0xf6,0xe2,0xb8,0x74,
  0x18,0x00,0x00,0x00,0x00,0x00,0x00,0x00,0x00,0xe8,0xff,0xff,0xff,0xff,0xff,0xff,0xff,0xff,0xff,0xff,0xff,0xff,0xff,0xff,
  0xff,0x08,0x00,0x00,0x00,0xe8,0xff,0xff,0xff,0xff,0xff,0xff,0xff,0xff,0xff,0xff,0xff,0xff,0xff,0xff,0xff,0x08,0x00,0x00,
  0x00,0xe8,0xff,0xff,0xff,0xff,0xff,0xff,0xff,0xff,0xff,0xff,0xff,0xff,0xff,0xff,0xff,0x08,0x00,0x00,0x00,0xe8,0xff,0xff,
  0xff,0xff,0xff,0xff,0xff,0xff,0xff,0xff,0xff,0xff,0xff,0xff,0xff,0x08,0x00,0x00,0x00,0xe8,0xff,0xff,0xff,0x24,0x00,0x00,
  0x00,0x00,0x00,0x00,0x04,0xff,0xff,0xff,0xff,0x08,0x00,0x00,0x00,0xe8,0xff,0xff,0xff,0x24,0x00,0x00,0x00,0x00,0x00,0x00,
  0x04,0xff,0xff,0xff,0xff,0x08,0x00,0x00,0x00,0xe8,0xff,0xff,0xff,0x24,0x00,0x00,0x00,0x00,0x00,0x00,0x04,0xff,0xff,0xff,
  0xff,0x08,0x00,0x00,0x00,0xe8,0xff,0xff,0xff,0x24,0x00,0x00,0x00,0x00,0x00,0x00,0x04,0xff,0xff,0xff,0xff,0x08,0x00,0x00,
  0x00,0xe8,0xff,0xff,0xff,0x24,0x00,0x00,0x00,0x00,0x00,0x00,0x04,0xff,0xff,0xff,0xff,0x08,0x00,0x00,0x00,0xe8,0xff,0xff,
  0xff,0x24,0x00,0x00,0x00,0x00,0x00,0x00,0x04,0xff,0xff,0xff,0xff,0x08,0x00,0x00,0x00,0xe8,0xff,0xff,0xff,0x24,0x00,0x00,
  0x00,0x00,0x00,0x00,0x04,0xff,0xff,0xff,0xff,0x08,0x00,0x00,0x00,0xe8,0xff,0xff,0xff,0x24,0x00,0x00,0x00,0x00,0x00,0x00,
  0x04,0xff,0xff,0xff,0xff,0x08,0x00,0x00,0x00,0xe8,0xff,0xff,0xff,0x24,0x00,0x00,0x00,0x00,0x00,0x00,0x04,0xff,0xff,0xff,
  0xff,0x08,0x00,0x00,0x00,0xe8,0xff,0xff,0xff,0x24,0x00,0x00,0x00,0x00,0x00,0x00,0x04,0xff,0xff,0xff,0xff,0x08,0x00,0x00,
  0x00,0xe8,0xff,0xff,0xff,0x24,0x00,0x00,0x00,0x00,0x00,0x00,0x04,0xff,0xff,0xff,0xff,0x08,0x00,0x00,0x00,0xe8,0xff,0xff,
  0xff,0x24,0x00,0x00,0x00,0x00,0x00,0x00,0x04,0xff,0xff,0xff,0xff,0x08,0x00,0x00,0x00,0xe8,0xff,0xff,0xff,0x24,0x00,0x00,
  0x00,0x00,0x00,0x00,0x04,0xff,0xff,0xff,0xff,0x08,0x00,0x00,0x00,0xe8,0xff,0xff,0xff,0x24,0x00,0x00,0x00,0x00,0x00,0x00,
  0x04,0xff,0xff,0xff,0xff,0x08,0x00,0x00,0x00,0xe8,0xff,0xff,0xff,0x24,0x00,0x00,0x00,0x00,0x00,0x00,0x04,0xff,0xff,0xff,
  0xff,0x08,0x00,0x00,0x00,0xe8,0xff,0xff,0xff,0x24,0x00,0x00,0x00,0x00,0x00,0x00,0x04,0xff,0xff,0xff,0xff,0x08,0x00,0x00,
  0x00,0xf8,0xff,0xff,0xff,0xff,0xff,0xff,0xfc,0xf7,0xec,0xd5,0xa3,0x3e,0x00,0x00,0x00,0x00,0x00,0x00,0xf8,0xff,0xff,0xff,
  0xff,0xff,0xff,0xff,0xff,0xff,0xff,0xff,0xff,0x8c,0x00,0x00,0x00,0x00,0x00,0xf8,0xff,0xff,0xff,0xff,0xff,0xff,0xff,0xff,
  0xff,0xff,0xff,0xff,0xff,0x6d,0x00,0x00,0x00,0x00,0xf8,0xff,0xff,0xff,0xff,0xff,0xff,0xff,0xff,0xff,0xff,0xff,0xff,0xff,
  0xec,0x07,0x00,0x00,0x00,0xf8,0xff,0xff,0xff,0x14,0x00,0x00,0x04,0x0f,0x3b,0xb6,0xff,0xff,0xff,0xff,0x3d,0x00,0x00,0x00,
  0xf8,0xff,0xff,0xff,0x14,0x00,0x00,0x00,0x00,0x00,0x05,0xe5,0xff,0xff,0xff,0x5c,0x00,0x00,0x00,0xf8,0xff,0xff,0xff,0x14,
  0x00,0x00,0x00,0x00,0x00,0x06,0xe6,0xff,0xff,0xff,0x54,0x00,0x00,0x00,0xf8,0xff,0xff,0xff,0x14,0x00,0x00,0x04,0x13,0x3f,
  0xb9,0xff,0xff,0xff,0xff,0x33,0x00,0x00,0x00,0xf8,0xff,0xff,0xff,0xff,0xff,0xff,0xff,0xff,0xff,0xff,0xff,0xff,0xff,0xde,
  0x01,0x00,0x00,0x00,0xf8,0xff,0xff,0xff,0xff,0xff,0xff,0xff,0xff,0xff,0xff,0xff,0xff,0xff,0x4f,0x00,0x00,0x00,0x00,0xf8,
  0xff,0xff,0xff,0xff,0xff,0xff,0xff,0xff,0xff,0xff,0xff,0xf8,0x64,0x00,0x00,0x00,0x00,0x00,0xf8,0xff,0xff,0xff,0xff,0xff,
  0xff,0xfe,0xf6,0xe6,0xc8,0x89,0x1f,0x00,0x00,0x00,0x00,0x00,0x00,0xf8,0xff,0xff,0xff,0x14,0x00,0x00,0x00,0x00,0x00,0x00,
  0x00,0x00,0x00,0x00,0x00,0x00,0x00,0x00,0xf8,0xff,0xff,0xff,0x14,0x00,0x00,0x00,0x00,0x00,0x00,0x00,0x00,0x00,0x00,0x00,
  0x00,0x00,0x00,0xf8,0xff,0xff,0xff,0x14,0x00,0x00,0x00,0x00,0x00,0x00,0x00,0x00,0x00,0x00,0x00,0x00,0x00,0x00,0xf8,0xff,
  0xff,0xff,0x14,0x00,0x00,0x00,0x00,0x00,0x00,0x00,0x00,0x00,0x00,0x00,0x00,0x00,0x00,0xf8,0xff,0xff,0xff,0x14,0x00,0x00,
  0x00,0x00,0x00,0x00,0x00,0x00,0x00,0x00,0x00,0x00,0x00,0x00,0xf8,0xff,0xff,0xff,0x14,0x00,0x00,0x00,0x00,0x00,0x00,0x00,
  0x00,0x00,0x00,0x00,0x00,0x00,0x00,0xf8,0xff,0xff,0xff,0x14,0x00,0x00,0x00,0x00,0x00,0x00,0x00,0x00,0x00,0x00,0x00,0x00,
  0x00,0x00,0xf8,0xff,0xff,0xff,0x14,0x00,0x00,0x00,0x00,0x00,0x00,0x00,0x00,0x00,0x00,0x00,0x00,0x00,0x00,0x00,0x00,0x00,
  0x00,0x23,0x7f,0xc4,0xe5,0xf9,0xef,0xd4,0x95,0x38,0x00,0x00,0x00,0x00,0x00,0x00,0x00,0x00,0x00,0x09,0x95,0xfb,0xff,0xff,
  0xff,0xff,0xff,0xff,0xff,0xff,0xae,0x10,0x00,0x00,0x00,0x00,0x00,0x00,0x13,0xca,0xff,0xff,0xff,0xff,0xff,0xff,0xff,0xff,
  0xff,0xff,0xff,0xd8,0x13,0x00,0x00,0x00,0x00,0x02,0xb8,0xff,0xff,0xff,0xff,0xff,0xff,0xff,0xff,0xff,0xff,0xff,0xff,0xff,
  0xab,0x00,0x00,0x00,0x00,0x62,0xff,0xff,0xff,0xff,0xda,0x5e,0x1a,0x07,0x23,0x74,0xec,0xff,0xff,0xff,0xff,0x30,0x00,0x00,
  0x01,0xd8,0xff,0xff,0xff,0xc7,0x0d,0x00,0x00,0x00,0x00,0x00,0x2b,0xee,0xff,0xff,0xff,0x91,0x00,0x00,0x2d,0xff,0xff,0xff,
  0xfe,0x27,0x00,0x00,0x00,0x00,0x00,0x00,0x00,0x7e,0xcf,0x8f,0x4f,0x11,0x00,0x00,0x6a,0xff,0xff,0xff,0xc9,0x00,0x00,0x00,
  0x00,0x00,0x00,0x00,0x00,0x00,0x00,0x00,0x00,0x00,0x00,0x00,0x8e,0xff,0xff,0xff,0x98,0x00,0x00,0x00,0x00,0x00,0x00,0x00,
  0x00,0x00,0x00,0x00,0x00,0x00,0x00,0x00,0xa0,0xff,0xff,0xff,0x85,0x00,0x00,0x00,0x00,0x00,0x00,0x00,0x00,0x00,0x00,0x00,
  0x00,0x00,0x00,0x00,0xa5,0xff,0xff,0xff,0x88,0x00,0x00,0x00,0x00,0x00,0x00,0x00,0x00,0x00,0x00,0x00,0x00,0x00,0x00,0x00,
  0x93,0xff,0xff,0xff,0x9b,0x00,0x00,0x00,0x00,0x00,0x00,0x00,0x00,0x00,0x00,0x00,0x00,0x00,0x00,0x00,0x76,0xff,0xff,0xff,
  0xcd,0x00,0x00,0x00,0x00,0x00,0x00,0x00,0x00,0x4a,0xd5,0x94,0x53,0x13,0x00,0x00,0x39,0xff,0xff,0xff,0xff,0x28,0x00,0x00,
  0x00,0x00,0x00,0x00,0x00,0xad,0xff,0xff,0xff,0x9e,0x00,0x00,0x04,0xe4,0xff,0xff,0xff,0xc5,0x0b,0x00,0x00,0x00,0x00,0x00,
  0x51,0xff,0xff,0xff,0xff,0x4b,0x00,0x00,0x00,0x70,0xff,0xff,0xff,0xff,0xd7,0x59,0x16,0x08,0x2c,0x90,0xfa,0xff,0xff,0xff,
  0xd9,0x02,0x00,0x00,0x00,0x05,0xc5,0xff,0xff,0xff,0xff,0xff,0xff,0xff,0xff,0xff,0xff,0xff,0xff,0xff,0x4d,0x00,0x00,0x00,
  0x00,0x00,0x19,0xd4,0xff,0xff,0xff,0xff,0xff,0xff,0xff,0xff,0xff,0xff,0xff,0x8a,0x00,0x00,0x00,0x00,0x00,0x00,0x00,0x0e,
  0xa3,0xfe,0xff,0xff,0xff,0xff,0xff,0xff,0xff,0xf8,0x76,0x00,0x00,0x00,0x00,0x00,0x00,0x00,0x00,0x00,0x00,0x2d,0x8a,0xcd,
  0xeb,0xfb,0xed,0xc7,0x83,0x1d,0x00,0x00,0x00,0x00,0x00,0x64,0xff,0xff,0xff,0xff,0xff,0xff,0xff,0xff,0xff,0xff,0xff,0xff,
  0xff,0xff,0xff,0x88,0x64,0xff,0xff,0xff,0xff,0xff,0xff,0xff,0xff,0xff,0xff,0xff,0xff,0xff,0xff,0xff,0x88,0x64,0xff,0xff,
  0xff,0xff,0xff,0xff,0xff,0xff,0xff,0xff,0xff,0xff,0xff,0xff,0xff,0x88,0x64,0xff,0xff,0xff,0xff,0xff,0xff,0xff,0xff,0xff,
  0xff,0xff,0xff,0xff,0xff,0xff,0x88,0x00,0x00,0x00,0x00,0x00,0x00,0x74,0xff,0xff,0xff,0x98,0x00,0x00,0x00,0x00,0x00,0x00,
  0x00,0x00,0x00,0x00,0x00,0x00,0x74,0xff,0xff,0xff,0x98,0x00,0x00,0x00,0x00,0x00,0x00,0x00,0x00,0x00,0x00,0x00,0x00,0x74,
  0xff,0xff,0xff,0x98,0x00,0x00,0x00,0x00,0x00,0x00,0x00,0x00,0x00,0x00,0x00,0x00,0x74,0xff,0xff,0xff,0x98,0x00,0x00,0x00,
  0x00,0x00,0x00,0x00,0x00,0x00,0x00,0x00,0x00,0x74,0xff,0xff,0xff,0x98,0x00,0x00,0x00,0x00,0x00,0x00,0x00,0x00,0x00,0x00,
  0x00,0x00,0x74,0xff,0xff,0xff,0x98,0x00,0x00,0x00,0x00,0x00,0x00,0x00,0x00,0x00,0x00,0x00,0x00,0x74,0xff,0xff,0xff,0x98,
  0x00,0x00,0x00,0x00,0x00,0x00,0x00,0x00,0x00,0x00,0x00,0x00,0x74,0xff,0xff,0xff,0x98,0x00,0x00,0x00,0x00,0x00,0x00,0x00,
  0x00,0x00,0x00,0x00,0x00,0x74,0xff,0xff,0xff,0x98,0x00,0x00,0x00,0x00,0x00,0x00,0x00,0x00,0x00,0x00,0x00,0x00,0x74,0xff,
  0xff,0xff,0x98,0x00,0x00,0x00,0x00,0x00,0x00,0x00,0x00,0x00,0x00,0x00,0x00,0x74,0xff,0xff,0xff,0x98,0x00,0x00,0x00,0x00,
  0x00,0x00,0x00,0x00,0x00,0x00,0x00,0x00,0x74,0xff,0xff,0xff,0x98,0x00,0x00,0x00,0x00,0x00,0x00,0x00,0x00,0x00,0x00,0x00,
  0x00,0x74,0xff,0xff,0xff,0x98,0x00,0x00,0x00,0x00,0x00,0x00,0x00,0x00,0x00,0x00,0x00,0x00,0x74,0xff,0xff,0xff,0x98,0x00,
  0x00,0x00,0x00,0x00,0x00,0x00,0x00,0x00,0x00,0x00,0x00,0x74,0xff,0xff,0xff,0x98,0x00,0x00,0x00,0x00,0x00,0x00,0x00,0x00,
  0x00,0x00,0x00,0x00,0x74,0xff,0xff,0xff,0x98,0x00,0x00,0x00,0x00,0x00,0x00,0xb9,0xff,0xff,0xff,0xc8,0x00,0x00,0x00,0x00,
  0x00,0x00,0x00,0x12,0xf5,0xff,0xff,0xff,0x32,0x2d,0xfc,0xff,0xff,0xff,0x4e,0x00,0x00,0x00,0x00,0x00,0x00,0x79,0xff,0xff,
  0xff,0xbe,0x00,0x00,0x9b,0xff,0xff,0xff,0xd0,0x01,0x00,0x00,0x00,0x00,0x05,0xe4,0xff,0xff,0xff,0x4b,0x00,0x00,0x18,0xf3,
  0xff,0xff,0xff,0x56,0x00,0x00,0x00,0x00,0x5b,0xff,0xff,0xff,0xd6,0x01,0x00,0x00,0x00,0x7d,0xff,0xff,0xff,0xd7,0x03,0x00,
  0x00,0x00,0xcb,0xff,0xff,0xff,0x64,0x00,0x00,0x00,0x00,0x0a,0xe4,0xff,0xff,0xff,0x5f,0x00,0x00,0x3c,0xff,0xff,0xff,0xe9,
  0x08,0x00,0x00,0x00,0x00,0x00,0x5f,0xff,0xff,0xff,0xdd,0x05,0x00,0xad,0xff,0xff,0xff,0x7d,0x00,0x00,0x00,0x00,0x00,0x00,
  0x01,0xce,0xff,0xff,0xff,0x67,0x20,0xfc,0xff,0xff,0xf6,0x14,0x00,0x00,0x00,0x00,0x00,0x00,0x00,0x41,0xff,0xff,0xff,0xe3,
  0x96,0xff,0xff,0xff,0x97,0x00,0x00,0x00,0x00,0x00,0x00,0x00,0x00,0x00,0xb2,0xff,0xff,0xff,0xff,0xff,0xff,0xfd,0x25,0x00,
  0x00,0x00,0x00,0x00,0x00,0x00,0x00,0x00,0x27,0xfb,0xff,0xff,0xff,0xff,0xff,0xb0,0x00,0x00,0x00,0x00,0x00,0x00,0x00,0x00,
  0x00,0x00,0x00,0x94,0xff,0xff,0xff,0xff,0xff,0x3d,0x00,0x00,0x00,0x00,0x00,0x00,0x00,0x00,0x00,0x00,0x00,0x14,0xf0,0xff,
  0xff,0xff,0xc9,0x00,0x00,0x00,0x00,0x00,0x00,0x00,0x00,0x00,0x00,0x00,0x00,0x00,0xc0,0xff,0xff,0xff,0x56,0x00,0x00,0x00,
  0x00,0x00,0x00,0x00,0x00,0x00,0x00,0x00,0x00,0x26,0xfd,0xff,0xff,0xdf,0x03,0x00,0x00,0x00,0x00,0x00,0x00,0x00,0x00,0x05,
  0x06,0x09,0x35,0xca,0xff,0xff,0xff,0x6b,0x00,0x00,0x00,0x00,0x00,0x00,0x00,0x00,0x00,0x60,0xff,0xff,0xff,0xff,0xff,0xff,
  0xe0,0x07,0x00,0x00,0x00,0x00,0x00,0x00,0x00,0x00,0x00,0x60,0xff,0xff,0xff,0xff,0xff,0xff,0x4f,0x00,0x00,0x00,0x00,0x00,
  0x00,0x00,0x00,0x00,0x00,0x60,0xff,0xff,0xff,0xff,0xff,0x91,0x00,0x00,0x00,0x00,0x00,0x00,0x00,0x00,0x00,0x00,0x00,0x46,
  0xdc,0xf5,0xfb,0xda,0x70,0x01,0x00,0x00,0x00,0x00,0x00,0x00,0x00,0x00,0x00,0x00,0x00,0x00,0x00,0x00,0x00,0x00,0x00,0x00,
  0x08,0xff,0xff,0xff,0xf0,0x00,0x00,0x00,0x00,0x00,0x00,0x00,0x00,0x00,0x00,0x00,0x00,0x00,0x00,0x00,0x00,0x00,0x00,0x00,
  0x08,0xff,0xff,0xff,0xf0,0x00,0x00,0x00,0x00,0x00,0x00,0x00,0x00,0x00,0x00,0x00,0x00,0x00,0x00,0x00,0x1e,0x73,0xb2,0xd9,
  0xf3,0xff,0xff,0xff,0xff,0xf1,0xd7,0xaf,0x6e,0x19,0x00,0x00,0x00,0x00,0x00,0x00,0x00,0x00,0x09,0x97,0xfa,0xff,0xff,0xff,
  0xff,0xff,0xff,0xff,0xff,0xff,0xff,0xff,0xff,0xf7,0x8a,0x04,0x00,0x00,0x00,0x00,0x00,0x09,0xca,0xff,0xff,0xff,0xff,0xff,
  0xff,0xff,0xff,0xff,0xff,0xff,0xff,0xff,0xff,0xff,0xff,0xb5,0x02,0x00,0x00,0x00,0x00,0x98,0xff,0xff,0xff,0xff,0xff,0xff,
  0xff,0xff,0xff,0xff,0xff,0xff,0xff,0xff,0xff,0xff,0xff,0xff,0x7a,0x00,0x00,0x00,0x20,0xfb,0xff,0xff,0xff,0xd6,0x5d,0x1f,
  0x0e,0xff,0xff,0xff,0xf0,0x08,0x25,0x6a,0xe3,0xff,0xff,0xff,0xf0,0x0e,0x00,0x00,0x72,0xff,0xff,0xff,0xd7,0x0c,0x00,0x00,
  0x08,0xff,0xff,0xff,0xf0,0x00,0x00,0x00,0x17,0xe4,0xff,0xff,0xff,0x56,0x00,0x00,0xa8,0xff,0xff,0xff,0x62,0x00,0x00,0x00,
  0x08,0xff,0xff,0xff,0xf0,0x00,0x00,0x00,0x00,0x74,0xff,0xff,0xff,0x8e,0x00,0x00,0xbe,0xff,0xff,0xff,0x2f,0x00,0x00,0x00,
  0x08,0xff,0xff,0xff,0xf0,0x00,0x00,0x00,0x00,0x45,0xff,0xff,0xff,0xa6,0x00,0x00,0xbf,0xff,0xff,0xff,0x2c,0x00,0x00,0x00,
  0x08,0xff,0xff,0xff,0xf0,0x00,0x00,0x00,0x00,0x4a,0xff,0xff,0xff,0xa5,0x00,0x00,0xa7,0xff,0xff,0xff,0x5b,0x00,0x00,0x00,
  0x08,0xff,0xff,0xff,0xf0,0x00,0x00,0x00,0x00,0x74,0xff,0xff,0xff,0x8e,0x00,0x00,0x6f,0xff,0xff,0xff,0xd4,0x0d,0x00,0x00,
  0x08,0xff,0xff,0xff,0xf0,0x00,0x00,0x00,0x15,0xdf,0xff,0xff,0xff,0x56,0x00,0x00,0x1c,0xfa,0xff,0xff,0xff,0xd8,0x5f,0x1f,
  0x0d,0xff,0xff,0xff,0xf0,0x0b,0x28,0x6f,0xe6,0xff,0xff,0xff,0xf0,0x0e,0x00,0x00,0x00,0x94,0xff,0xff,0xff,0xff,0xff,0xff,
  0xff,0xff,0xff,0xff,0xff,0xff,0xff,0xff,0xff,0xff,0xff,0xff,0x7b,0x00,0x00,0x00,0x00,0x09,0xca,0xff,0xff,0xff,0xff,0xff,
  0xff,0xff,0xff,0xff,0xff,0xff,0xff,0xff,0xff,0xff,0xff,0xb8,0x03,0x00,0x00,0x00,0x00,0x00,0x0a,0x9e,0xfc,0xff,0xff,0xff,
  0xff,0xff,0xff,0xff,0xff,0xff,0xff,0xff,0xff,0xf8,0x8e,0x05,0x00,0x00,0x00,0x00,0x00,0x00,0x00,0x00,0x22,0x76,0xb6,0xdb,
  0xf4,0xff,0xff,0xff,0xff,0xf2,0xd9,0xb0,0x70,0x1a,0x00,0x00,0x00,0x00,0x00,0x00,0x00,0x00,0x00,0x00,0x00,0x00,0x00,0x00,
  0x08,0xff,0xff,0xff,0xf0,0x00,0x00,0x00,0x00,0x00,0x00,0x00,0x00,0x00,0x00,0x00,0x00,0x00,0x00,0x00,0x00,0x00,0x00,0x00,
  0x08,0xff,0xff,0xff,0xf0,0x00,0x00,0x00,0x00,0x00,0x00,0x00,0x00,0x00,0x00,0x19,0xee,0xff,0xff,0xff,0xb3,0x00,0x00,0x00,
  0x00,0x00,0x00,0x15,0xeb,0xff,0xff,0xff,0xaf,0x00,0x00,0x60,0xff,0xff,0xff,0xff,0x5e,0x00,0x00,0x00,0x00,0x00,0xab,0xff,
  0xff,0xff,0xee,0x18,0x00,0x00,0x00,0xb7,0xff,0xff,0xff,0xee,0x19,0x00,0x00,0x00,0x56,0xff,0xff,0xff,0xff,0x5e,0x00,0x00,
  0x00,0x00,0x1d,0xf2,0xff,0xff,0xff,0xb1,0x00,0x00,0x15,0xeb,0xff,0xff,0xff,0xb5,0x00,0x00,0x00,0x00,0x00,0x00,0x68,0xff,
  0xff,0xff,0xff,0x5b,0x00,0xab,0xff,0xff,0xff,0xf1,0x1c,0x00,0x00,0x00,0x00,0x00,0x00,0x01,0xbe,0xff,0xff,0xff,0xed,0x6d,
  0xff,0xff,0xff,0xff,0x64,0x00,0x00,0x00,0x00,0x00,0x00,0x00,0x00,0x22,0xf5,0xff,0xff,0xff,0xff,0xff,0xff,0xff,0xbb,0x00,
  0x00,0x00,0x00,0x00,0x00,0x00,0x00,0x00,0x00,0x70,0xff,0xff,0xff,0xff,0xff,0xff,0xf3,0x1f,0x00,0x00,0x00,0x00,0x00,0x00,
  0x00,0x00,0x00,0x00,0x02,0xc5,0xff,0xff,0xff,0xff,0xff,0x6a,0x00,0x00,0x00,0x00,0x00,0x00,0x00,0x00,0x00,0x00,0x00,0x00,
  0x3b,0xff,0xff,0xff,0xff,0xe1,0x01,0x00,0x00,0x00,0x00,0x00,0x00,0x00,0x00,0x00,0x00,0x00,0x00,0xab,0xff,0xff,0xff,0xff,
  0xff,0x57,0x00,0x00,0x00,0x00,0x00,0x00,0x00,0x00,0x00,0x00,0x00,0x55,0xff,0xff,0xff,0xff,0xff,0xff,0xeb,0x15,0x00,0x00,
  0x00,0x00,0x00,0x00,0x00,0x00,0x00,0x15,0xea,0xff,0xff,0xff,0xff,0xff,0xff,0xff,0xaa,0x00,0x00,0x00,0x00,0x00,0x00,0x00,
  0x00,0x00,0xab,0xff,0xff,0xff,0xf8,0xa4,0xff,0xff,0xff,0xff,0x54,0x00,0x00,0x00,0x00,0x00,0x00,0x00,0x55,0xff,0xff,0xff,
  0xff,0x7a,0x06,0xd5,0xff,0xff,0xff,0xe9,0x14,0x00,0x00,0x00,0x00,0x00,0x15,0xea,0xff,0xff,0xff,0xcd,0x04,0x00,0x36,0xfc,
  0xff,0xff,0xff,0xa7,0x00,0x00,0x00,0x00,0x00,0xab,0xff,0xff,0xff,0xfa,0x2e,0x00,0x00,0x00,0x8c,0xff,0xff,0xff,0xff,0x51,
  0x00,0x00,0x00,0x55,0xff,0xff,0xff,0xff,0x80,0x00,0x00,0x00,0x00,0x09,0xda,0xff,0xff,0xff,0xe8,0x12,0x00,0x15,0xea,0xff,
  0xff,0xff,0xd2,0x05,0x00,0x00,0x00,0x00,0x00,0x3d,0xfe,0xff,0xff,0xff,0xa5,0x00,0xab,0xff,0xff,0xff,0xfc,0x34,0x00,0x00,
  0x00,0x00,0x00,0x00,0x00,0x94,0xff,0xff,0xff,0xff,0x4f,0x00,0x00,0xe4,0xff,0xff,0xff,0x28,0x00,0x00,0x00,0x00,0x00,0x00,
  0x00,0xff,0xff,0xff,0xff,0x0c,0x00,0x00,0x00,0xe4,0xff,0xff,0xff,0x28,0x00,0x00,0x00,0x00,0x00,0x00,0x00,0xff,0xff,0xff,
  0xff,0x0c,0x00,0x00,0x00,0xe4,0xff,0xff,0xff,0x28,0x00,0x00,0x00,0x00,0x00,0x00,0x00,0xff,0xff,0xff,0xff,0x0c,0x00,0x00,
  0x00,0xe4,0xff,0xff,0xff,0x28,0x00,0x00,0x00,0x00,0x00,0x00,0x00,0xff,0xff,0xff,0xff,0x0c,0x00,0x00,0x00,0xe4,0xff,0xff,
  0xff,0x28,0x00,0x00,0x00,0x00,0x00,0x00,0x00,0xff,0xff,0xff,0xff,0x0c,0x00,0x00,0x00,0xe4,0xff,0xff,0xff,0x28,0x00,0x00,
  0x00,0x00,0x00,0x00,0x00,0xff,0xff,0xff,0xff,0x0c,0x00,0x00,0x00,0xe4,0xff,0xff,0xff,0x28,0x00,0x00,0x00,0x00,0x00,0x00,
  0x00,0xff,0xff,0xff,0xff,0x0c,0x00,0x00,0x00,0xe4,0xff,0xff,0xff,0x28,0x00,0x00,0x00,0x00,0x00,0x00,0x00,0xff,0xff,0xff,
  0xff,0x0c,0x00,0x00,0x00,0xe4,0xff,0xff,0xff,0x28,0x00,0x00,0x00,0x00,0x00,0x00,0x00,0xff,0xff,0xff,0xff,0x0c,0x00,0x00,
  0x00,0xe4,0xff,0xff,0xff,0x28,0x00,0x00,0x00,0x00,0x00,0x00,0x00,0xff,0xff,0xff,0xff,0x0c,0x00,0x00,0x00,0xe4,0xff,0xff,
  0xff,0x28,0x00,0x00,0x00,0x00,0x00,0x00,0x00,0xff,0xff,0xff,0xff,0x0c,0x00,0x00,0x00,0xe4,0xff,0xff,0xff,0x28,0x00,0x00,
  0x00,0x00,0x00,0x00,0x00,0xff,0xff,0xff,0xff,0x0c,0x00,0x00,0x00,0xe4,0xff,0xff,0xff,0x28,0x00,0x00,0x00,0x00,0x00,0x00,
  0x00,0xff,0xff,0xff,0xff,0x0c,0x00,0x00,0x00,0xe4,0xff,0xff,0xff,0x28,0x00,0x00,0x00,0x00,0x00,0x00,0x00,0xff,0xff,0xff,
  0xff,0x0c,0x00,0x00,0x00,0xe4,0xff,0xff,0xff,0x28,0x00,0x00,0x00,0x00,0x00,0x00,0x00,0xff,0xff,0xff,0xff,0x0c,0x00,0x00,
  0x00,0xe4,0xff,0xff,0xff,0x28,0x00,0x00,0x00,0x00,0x00,0x00,0x00,0xff,0xff,0xff,0xff,0x0c,0x00,0x00,0x00,0xe4,0xff,0xff,
  0xff,0xff,0xff,0xff,0xff,0xff,0xff,0xff,0xff,0xff,0xff,0xff,0xff,0xff,0xb8,0x00,0x00,0xe4,0xff,0xff,0xff,0xff,0xff,0xff,
  0xff,0xff,0xff,0xff,0xff,0xff,0xff,0xff,0xff,0xff,0xb8,0x00,0x00,0xe4,0xff,0xff,0xff,0xff,0xff,0xff,0xff,0xff,0xff,0xff,
  0xff,0xff,0xff,0xff,0xff,0xff,0xb8,0x00,0x00,0xe4,0xff,0xff,0xff,0xff,0xff,0xff,0xff,0xff,0xff,0xff,0xff,0xff,0xff,0xff,
  0xff,0xff,0xb8,0x00,0x00,0x00,0x00,0x00,0x00,0x00,0x00,0x00,0x00,0x00,0x00,0x00,0x00,0x00,0x00,0xa4,0xff,0xff,0xb8,0x00,
  0x00,0x00,0x00,0x00,0x00,0x00,0x00,0x00,0x00,0x00,0x00,0x00,0x00,0x00,0x00,0xa4,0xff,0xff,0xb8,0x00,0x00,0x00,0x00,0x00,
  0x00,0x00,0x00,0x00,0x00,0x00,0x00,0x00,0x00,0x00,0x00,0xa4,0xff,0xff,0xb8,0x00,0x00,0x00,0x00,0x00,0x00,0x00,0x00,0x00,
  0x00,0x00,0x00,0x00,0x00,0x00,0x00,0xa4,0xff,0xff,0xb8,0x00,0x4c,0xff,0xff,0xff,0xc0,0x00,0x00,0x00,0x00,0x00,0x00,0x00,
  0x80,0xff,0xff,0xff,0x8c,0x00,0x00,0x00,0x4c,0xff,0xff,0xff,0xc0,0x00,0x00,0x00,0x00,0x00,0x00,0x00,0x80,0xff,0xff,0xff,
  0x8c,0x00,0x00,0x00,0x4c,0xff,0xff,0xff,0xc0,0x00,0x00,0x00,0x00,0x00,0x00,0x00,0x80,0xff,0xff,0xff,0x8c,0x00,0x00,0x00,
  0x4c,0xff,0xff,0xff,0xc0,0x00,0x00,0x00,0x00,0x00,0x00,0x00,0x80,0xff,0xff,0xff,0x8c,0x00,0x00,0x00,0x4c,0xff,0xff,0xff,
  0xc0,0x00,0x00,0x00,0x00,0x00,0x00,0x00,0x80,0xff,0xff,0xff,0x8c,0x00,0x00,0x00,0x4c,0xff,0xff,0xff,0xc3,0x00,0x00,0x00,
  0x00,0x00,0x00,0x00,0x80,0xff,0xff,0xff,0x8c,0x00,0x00,0x00,0x4b,0xff,0xff,0xff,0xd1,0x00,0x00,0x00,0x00,0x00,0x00,0x00,
  0x80,0xff,0xff,0xff,0x8c,0x00,0x00,0x00,0x3d,0xff,0xff,0xff,0xf7,0x17,0x00,0x00,0x00,0x00,0x00,0x00,0x80,0xff,0xff,0xff,
  0x8c,0x00,0x00,0x00,0x1c,0xff,0xff,0xff,0xff,0xd3,0x4f,0x14,0x03,0x0f,0x35,0x83,0xf0,0xff,0xff,0xff,0x8c,0x00,0x00,0x00,
  0x00,0xd3,0xff,0xff,0xff,0xff,0xff,0xff,0xff,0xff,0xff,0xff,0xff,0xff,0xff,0xff,0x8c,0x00,0x00,0x00,0x00,0x4e,0xff,0xff,
  0xff,0xff,0xff,0xff,0xff,0xff,0xff,0xff,0xff,0xff,0xff,0xff,0x8c,0x00,0x00,0x00,0x00,0x00,0x60,0xf3,0xff,0xff,0xff,0xff,
  0xff,0xff,0xff,0xff,0xfc,0xff,0xff,0xff,0x8c,0x00,0x00,0x00,0x00,0x00,0x00,0x17,0x79,0xc1,0xeb,0xfb,0xf4,0xd3,0x98,0x47,
  0x82,0xff,0xff,0xff,0x8c,0x00,0x00,0x00,0x00,0x00,0x00,0x00,0x00,0x00,0x00,0x00,0x00,0x00,0x00,0x00,0x80,0xff,0xff,0xff,
  0x8c,0x00,0x00,0x00,0x00,0x00,0x00,0x00,0x00,0x00,0x00,0x00,0x00,0x00,0x00,0x00,0x80,0xff,0xff,0xff,0x8c,0x00,0x00,0x00,
  0x00,0x00,0x00,0x00,0x00,0x00,0x00,0x00,0x00,0x00,0x00,0x00,0x80,0xff,0xff,0xff,0x8c,0x00,0x00,0x00,0x00,0x00,0x00,0x00,
  0x00,0x00,0x00,0x00,0x00,0x00,0x00,0x00,0x80,0xff,0xff,0xff,0x8c,0x00,0x00,0x00,0x00,0x00,0x00,0x00,0x00,0x00,0x00,0x00,
  0x00,0x00,0x00,0x00,0x80,0xff,0xff,0xff,0x8c,0x00,0x00,0x00,0x00,0x00,0x00,0x00,0x00,0x00,0x00,0x00,0x00,0x00,0x00,0x00,
  0x80,0xff,0xff,0xff,0x8c,0x00,0x00,0x00,0x00,0x00,0x00,0x00,0x00,0x00,0x00,0x00,0x00,0x00,0x00,0x00,0x80,0xff,0xff,0xff,
  0x8c,0x00,0x00,0x00,0x00,0xe4,0xff,0xff,0xff,0x28,0x00,0x00,0x00,0x00,0x0c,0xff,0xff,0xff,0xfc,0x00,0x00,0x00,0x00,0x00,
  0x08,0xff,0xff,0xff,0xff,0x00,0x00,0x00,0x00,0xe4,0xff,0xff,0xff,0x28,0x00,0x00,0x00,0x00,0x0c,0xff,0xff,0xff,0xfc,0x00,
  0x00,0x00,0x00,0x00,0x08,0xff,0xff,0xff,0xff,0x00,0x00,0x00,0x00,0xe4,0xff,0xff,0xff,0x28,0x00,0x00,0x00,0x00,0x0c,0xff,
  0xff,0xff,0xfc,0x00,0x00,0x00,0x00,0x00,0x08,0xff,0xff,0xff,0xff,0x00,0x00,0x00,0x00,0xe4,0xff,0xff,0xff,0x28,0x00,0x00,
  0x00,0x00,0x0c,0xff,0xff,0xff,0xfc,0x00,0x00,0x00,0x00,0x00,0x08,0xff,0xff,0xff,0xff,0x01,0x00,0x00,0x00,0xe4,0xff,0xff,
  0xff,0x28,0x00,0x00,0x00,0x00,0x0c,0xff,0xff,0xff,0xfc,0x00,0x00,0x00,0x00,0x00,0x08,0xff,0xff,0xff,0xff,0x01,0x00,0x00,
  0x00,0xe4,0xff,0xff,0xff,0x28,0x00,0x00,0x00,0x00,0x0c,0xff,0xff,0xff,0xfc,0x00,0x00,0x00,0x00,0x00,0x08,0xff,0xff,0xff,
  0xff,0x01,0x00,0x00,0x00,0xe4,0xff,0xff,0xff,0x28,0x00,0x00,0x00,0x00,0x0c,0xff,0xff,0xff,0xfc,0x00,0x00,0x00,0x00,0x00,
  0x08,0xff,0xff,0xff,0xff,0x02,0x00,0x00,0x00,0xe4,0xff,0xff,0xff,0x28,0x00,0x00,0x00,0x00,0x0c,0xff,0xff,0xff,0xfc,0x00,
  0x00,0x00,0x00,0x00,0x08,0xff,0xff,0xff,0xff,0x02,0x00,0x00,0x00,0xe4,0xff,0xff,0xff,0x28,0x00,0x00,0x00,0x00,0x0c,0xff,
  0xff,0xff,0xfc,0x00,0x00,0x00,0x00,0x00,0x08,0xff,0xff,0xff,0xff,0x03,0x00,0x00,0x00,0xe4,0xff,0xff,0xff,0x28,0x00,0x00,
  0x00,0x00,0x0c,0xff,0xff,0xff,0xfc,0x00,0x00,0x00,0x00,0x00,0x08,0xff,0xff,0xff,0xff,0x03,0x00,0x00,0x00,0xe4,0xff,0xff,
  0xff,0x28,0x00,0x00,0x00,0x00,0x0c,0xff,0xff,0xff,0xfc,0x00,0x00,0x00,0x00,0x00,0x08,0xff,0xff,0xff,0xff,0x03,0x00,0x00,
  0x00,0xe4,0xff,0xff,0xff,0x28,0x00,0x00,0x00,0x00,0x0c,0xff,0xff,0xff,0xfc,0x00,0x00,0x00,0x00,0x00,0x08,0xff,0xff,0xff,
  0xff,0x04,0x00,0x00,0x00,0xe4,0xff,0xff,0xff,0x28,0x00,0x00,0x00,0x00,0x0c,0xff,0xff,0xff,0xfc,0x00,0x00,0x00,0x00,0x00,
  0x08,0xff,0xff,0xff,0xff,0x04,0x00,0x00,0x00,0xe4,0xff,0xff,0xff,0x28,0x00,0x00,0x00,0x00,0x0c,0xff,0xff,0xff,0xfc,0x00,
  0x00,0x00,0x00,0x00,0x08,0xff,0xff,0xff,0xff,0x05,0x00,0x00,0x00,0xe4,0xff,0xff,0xff,0x28,0x00,0x00,0x00,0x00,0x0c,0xff,
  0xff,0xff,0xfc,0x00,0x00,0x00,0x00,0x00,0x08,0xff,0xff,0xff,0xff,0x05,0x00,0x00,0x00,0xe4,0xff,0xff,0xff,0x28,0x00,0x00,
  0x00,0x00,0x0c,0xff,0xff,0xff,0xfc,0x00,0x00,0x00,0x00,0x00,0x08,0xff,0xff,0xff,0xff,0x05,0x00,0x00,0x00,0xe4,0xff,0xff,
  0xff,0xff,0xff,0xff,0xff,0xff,0xff,0xff,0xff,0xff,0xff,0xff,0xff,0xff,0xff,0xff,0xff,0xff,0xff,0xff,0xff,0x06,0x00,0x00,
  0x00,0xe4,0xff,0xff,0xff,0xff,0xff,0xff,0xff,0xff,0xff,0xff,0xff,0xff,0xff,0xff,0xff,0xff,0xff,0xff,0xff,0xff,0xff,0xff,
  0xff,0x06,0x00,0x00,0x00,0xe4,0xff,0xff,0xff,0xff,0xff,0xff,0xff,0xff,0xff,0xff,0xff,0xff,0xff,0xff,0xff,0xff,0xff,0xff,
  0xff,0xff,0xff,0xff,0xff,0x07,0x00,0x00,0x00,0xe4,0xff,0xff,0xff,0xff,0xff,0xff,0xff,0xff,0xff,0xff,0xff,0xff,0xff,0xff,
  0xff,0xff,0xff,0xff,0xff,0xff,0xff,0xff,0xff,0x07,0x00,0x00,0x00,0x00,0x01,0x01,0x01,0x01,0x01,0x01,0x02,0x02,0x02,0x02,
  0x02,0x02,0x03,0x03,0x03,0x03,0x03,0x03,0x04,0x04,0x04,0x04,0x04,0x00,0x00,0x00,0x00,0xe4,0xff,0xff,0xff,0x28,0x00,0x00,
  0x00,0x00,0x0c,0xff,0xff,0xff,0xfc,0x00,0x00,0x00,0x00,0x00,0x08,0xff,0xff,0xff,0xff,0x00,0x00,0x00,0x00,0x00,0xe4,0xff,
  0xff,0xff,0x28,0x00,0x00,0x00,0x00,0x0c,0xff,0xff,0xff,0xfc,0x00,0x00,0x00,0x00,0x00,0x08,0xff,0xff,0xff,0xff,0x00,0x00,
  0x00,0x00,0x00,0xe4,0xff,0xff,0xff,0x28,0x00,0x00,0x00,0x00,0x0c,0xff,0xff,0xff,0xfc,0x00,0x00,0x00,0x00,0x00,0x08,0xff,
  0xff,0xff,0xff,0x00,0x00,0x00,0x00,0x00,0xe4,0xff,0xff,0xff,0x28,0x00,0x00,0x00,0x00,0x0c,0xff,0xff,0xff,0xfc,0x00,0x00,
  0x00,0x00,0x00,0x08,0xff,0xff,0xff,0xff,0x00,0x00,0x00,0x00,0x00,0xe4,0xff,0xff,0xff,0x28,0x00,0x00,0x00,0x00,0x0c,0xff,
  0xff,0xff,0xfc,0x00,0x00,0x00,0x00,0x00,0x08,0xff,0xff,0xff,0xff,0x00,0x00,0x00,0x00,0x00,0xe4,0xff,0xff,0xff,0x28,0x00,
  0x00,0x00,0x00,0x0c,0xff,0xff,0xff,0xfc,0x00,0x00,0x00,0x00,0x00,0x08,0xff,0xff,0xff,0xff,0x00,0x00,0x00,0x00,0x00,0xe4,
  0xff,0xff,0xff,0x28,0x00,0x00,0x00,0x00,0x0c,0xff,0xff,0xff,0xfc,0x00,0x00,0x00,0x00,0x00,0x08,0xff,0xff,0xff,0xff,0x00,
  0x00,0x00,0x00,0x00,0xe4,0xff,0xff,0xff,0x28,0x00,0x00,0x00,0x00,0x0c,0xff,0xff,0xff,0xfc,0x00,0x00,0x00,0x00,0x00,0x08,
  0xff,0xff,0xff,0xff,0x00,0x00,0x00,0x00,0x00,0xe4,0xff,0xff,0xff,0x28,0x00,0x00,0x00,0x00,0x0c,0xff,0xff,0xff,0xfc,0x00,
  0x00,0x00,0x00,0x00,0x08,0xff,0xff,0xff,0xff,0x00,0x00,0x00,0x00,0x00,0xe4,0xff,0xff,0xff,0x28,0x00,0x00,0x00,0x00,0x0c,
  0xff,0xff,0xff,0xfc,0x00,0x00,0x00,0x00,0x00,0x08,0xff,0xff,0xff,0xff,0x00,0x00,0x00,0x00,0x00,0xe4,0xff,0xff,0xff,0x28,
  0x00,0x00,0x00,0x00,0x0c,0xff,0xff,0xff,0xfc,0x00,0x00,0x00,0x00,0x00,0x08,0xff,0xff,0xff,0xff,0x00,0x00,0x00,0x00,0x00,
  0xe4,0xff,0xff,0xff,0x28,0x00,0x00,0x00,0x00,0x0c,0xff,0xff,0xff,0xfc,0x00,0x00,0x00,0x00,0x00,0x08,0xff,0xff,0xff,0xff,
  0x00,0x00,0x00,0x00,0x00,0xe4,0xff,0xff,0xff,0x28,0x00,0x00,0x00,0x00,0x0c,0xff,0xff,0xff,0xfc,0x00,0x00,0x00,0x00,0x00,
  0x08,0xff,0xff,0xff,0xff,0x00,0x00,0x00,0x00,0x00,0xe4,0xff,0xff,0xff,0x28,0x00,0x00,0x00,0x00,0x0c,0xff,0xff,0xff,0xfc,
  0x00,0x00,0x00,0x00,0x00,0x08,0xff,0xff,0xff,0xff,0x00,0x00,0x00,0x00,0x00,0xe4,0xff,0xff,0xff,0x28,0x00,0x00,0x00,0x00,
  0x0c,0xff,0xff,0xff,0xfc,0x00,0x00,0x00,0x00,0x00,0x08,0xff,0xff,0xff,0xff,0x00,0x00,0x00,0x00,0x00,0xe4,0xff,0xff,0xff,
  0x28,0x00,0x00,0x00,0x00,0x0c,0xff,0xff,0xff,0xfc,0x00,0x00,0x00,0x00,0x00,0x08,0xff,0xff,0xff,0xff,0x00,0x00,0x00,0x00,
  0x00,0xe4,0xff,0xff,0xff,0xff,0xff,0xff,0xff,0xff,0xff,0xff,0xff,0xff,0xff,0xff,0xff,0xff,0xff,0xff,0xff,0xff,0xff,0xff,
  0xff,0xff,0xd0,0x00,0x00,0x00,0xe4,0xff,0xff,0xff,0xff,0xff,0xff,0xff,0xff,0xff,0xff,0xff,0xff,0xff,0xff,0xff,0xff,0xff,
  0xff,0xff,0xff,0xff,0xff,0xff,0xff,0xd0,0x00,0x00,0x00,0xe4,0xff,0xff,0xff,0xff,0xff,0xff,0xff,0xff,0xff,0xff,0xff,0xff,
  0xff,0xff,0xff,0xff,0xff,0xff,0xff,0xff,0xff,0xff,0xff,0xff,0xd0,0x00,0x00,0x00,0xe4,0xff,0xff,0xff,0xff,0xff,0xff,0xff,
  0xff,0xff,0xff,0xff,0xff,0xff,0xff,0xff,0xff,0xff,0xff,0xff,0xff,0xff,0xff,0xff,0xff,0xd0,0x00,0x00,0x00,0x00,0x00,0x00,
  0x00,0x00,0x00,0x00,0x00,0x00,0x00,0x00,0x00,0x00,0x00,0x00,0x00,0x00,0x00,0x00,0x00,0x00,0x00,0x8c,0xff,0xff,0xd0,0x00,
  0x00,0x00,0x00,0x00,0x00,0x00,0x00,0x00,0x00,0x00,0x00,0x00,0x00,0x00,0x00,0x00,0x00,0x00,0x00,0x00,0x00,0x00,0x00,0x00,
  0x8c,0xff,0xff,0xd0,0x00,0x00,0x00,0x00,0x00,0x00,0x00,0x00,0x00,0x00,0x00,0x00,0x00,0x00,0x00,0x00,0x00,0x00,0x00,0x00,
  0x00,0x00,0x00,0x00,0x00,0x8c,0xff,0xff,0xd0,0x00,0x00,0x00,0x00,0x00,0x00,0x00,0x00,0x00,0x00,0x00,0x00,0x00,0x00,0x00,
  0x00,0x00,0x00,0x00,0x00,0x00,0x00,0x00,0x00,0x00,0x8c,0xff,0xff,0xd0,0x00,0xa4,0xff,0xff,0xff,0xff,0xff,0xff,0xff,0xff,
  0xff,0x60,0x00,0x00,0x00,0x00,0x00,0x00,0x00,0x00,0x00,0x00,0x00,0x00,0x00,0xa4,0xff,0xff,0xff,0xff,0xff,0xff,0xff,0xff,
  0xff,0x60,0x00,0x00,0x00,0x00,0x00,0x00,0x00,0x00,0x00,0x00,0x00,0x00,0x00,0xa4,0xff,0xff,0xff,0xff,0xff,0xff,0xff,0xff,
  0xff,0x60,0x00,0x00,0x00,0x00,0x00,0x00,0x00,0x00,0x00,0x00,0x00,0x00,0x00,0xa4,0xff,0xff,0xff,0xff,0xff,0xff,0xff,0xff,
  0xff,0x60,0x00,0x00,0x00,0x00,0x00,0x00,0x00,0x00,0x00,0x00,0x00,0x00,0x00,0x00,0x00,0x00,0x00,0x00,0x00,0xac,0xff,0xff,
  0xff,0x60,0x00,0x00,0x00,0x00,0x00,0x00,0x00,0x00,0x00,0x00,0x00,0x00,0x00,0x00,0x00,0x00,0x00,0x00,0x00,0xac,0xff,0xff,
  0xff,0x60,0x00,0x00,0x00,0x00,0x00,0x00,0x00,0x00,0x00,0x00,0x00,0x00,0x00,0x00,0x00,0x00,0x00,0x00,0x00,0xac,0xff,0xff,
  0xff,0x60,0x00,0x00,0x00,0x00,0x00,0x00,0x00,0x00,0x00,0x00,0x00,0x00,0x00,0x00,0x00,0x00,0x00,0x00,0x00,0xac,0xff,0xff,
  0xff,0x60,0x00,0x00,0x00,0x00,0x00,0x00,0x00,0x00,0x00,0x00,0x00,0x00,0x00,0x00,0x00,0x00,0x00,0x00,0x00,0xac,0xff,0xff,
  0xff,0xff,0xff,0xff,0xff,0xff,0xff,0xf3,0xdf,0xad,0x60,0x03,0x00,0x00,0x00,0x00,0x00,0x00,0x00,0x00,0x00,0xac,0xff,0xff,
  0xff,0xff,0xff,0xff,0xff,0xff,0xff,0xff,0xff,0xff,0xff,0xd2,0x1a,0x00,0x00,0x00,0x00,0x00,0x00,0x00,0x00,0xac,0xff,0xff,
  0xff,0xff,0xff,0xff,0xff,0xff,0xff,0xff,0xff,0xff,0xff,0xff,0xd3,0x0b,0x00,0x00,0x00,0x00,0x00,0x00,0x00,0xac,0xff,0xff,
  0xff,0xff,0xff,0xff,0xff,0xff,0xff,0xff,0xff,0xff,0xff,0xff,0xff,0x7d,0x00,0x00,0x00,0x00,0x00,0x00,0x00,0xac,0xff,0xff,
  0xff,0x60,0x00,0x00,0x00,0x01,0x08,0x20,0x5b,0xe5,0xff,0xff,0xff,0xd8,0x00,0x00,0x00,0x00,0x00,0x00,0x00,0xac,0xff,0xff,
  0xff,0x60,0x00,0x00,0x00,0x00,0x00,0x00,0x00,0x45,0xff,0xff,0xff,0xfe,0x03,0x00,0x00,0x00,0x00,0x00,0x00,0xac,0xff,0xff,
  0xff,0x60,0x00,0x00,0x00,0x00,0x00,0x00,0x00,0x42,0xff,0xff,0xff,0xff,0x04,0x00,0x00,0x00,0x00,0x00,0x00,0xac,0xff,0xff,
  0xff,0x60,0x00,0x00,0x00,0x00,0x05,0x16,0x53,0xe1,0xff,0xff,0xff,0xe0,0x00,0x00,0x00,0x00,0x00,0x00,0x00,0xac,0xff,0xff,
  0xff,0xff,0xff,0xff,0xff,0xff,0xff,0xff,0xff,0xff,0xff,0xff,0xff,0x8e,0x00,0x00,0x00,0x00,0x00,0x00,0x00,0xac,0xff,0xff,
  0xff,0xff,0xff,0xff,0xff,0xff,0xff,0xff,0xff,0xff,0xff,0xff,0xe5,0x15,0x00,0x00,0x00,0x00,0x00,0x00,0x00,0xac,0xff,0xff,
  0xff,0xff,0xff,0xff,0xff,0xff,0xff,0xff,0xff,0xff,0xff,0xe8,0x2c,0x00,0x00,0x00,0x00,0x00,0x00,0x00,0x00,0xac,0xff,0xff,
  0xff,0xff,0xff,0xff,0xff,0xff,0xff,0xfb,0xeb,0xc8,0x82,0x0f,0x00,0x00,0x00,0x00,0x00,0xdc,0xff,0xff,0xff,0x30,0x00,0x00,
  0x00,0x00,0x00,0x00,0x00,0x00,0x00,0x00,0x00,0x00,0x00,0x00,0xcc,0xff,0xff,0xff,0x40,0x00,0x00,0x00,0xdc,0xff,0xff,0xff,
  0x30,0x00,0x00,0x00,0x00,0x00,0x00,0x00,0x00,0x00,0x00,0x00,0x00,0x00,0x00,0xcc,0xff,0xff,0xff,0x40,0x00,0x00,0x00,0xdc,
  0xff,0xff,0xff,0x30,0x00,0x00,0x00,0x00,0x00,0x00,0x00,0x00,0x00,0x00,0x00,0x00,0x00,0x00,0xcc,0xff,0xff,0xff,0x40,0x00,
  0x00,0x00,0xdc,0xff,0xff,0xff,0x30,0x00,0x00,0x00,0x00,0x00,0x00,0x00,0x00,0x00,0x00,0x00,0x00,0x00,0x00,0xcc,0xff,0xff,
  0xff,0x40,0x00,0x00,0x00,0xdc,0xff,0xff,0xff,0x30,0x00,0x00,0x00,0x00,0x00,0x00,0x00,0x00,0x00,0x00,0x00,0x00,0x00,0x00,
  0xcc,0xff,0xff,0xff,0x40,0x00,0x00,0x00,0xdc,0xff,0xff,0xff,0x30,0x00,0x00,0x00,0x00,0x00,0x00,0x00,0x00,0x00,0x00,0x00,
  0x00,0x00,0x00,0xcc,0xff,0xff,0xff,0x40,0x00,0x00,0x00,0xdc,0xff,0xff,0xff,0x30,0x00,0x00,0x00,0x00,0x00,0x00,0x00,0x00,
  0x00,0x00,0x00,0x00,0x00,0x00,0xcc,0xff,0xff,0xff,0x40,0x00,0x00,0x00,0xdc,0xff,0xff,0xff,0x30,0x00,0x00,0x00,0x00,0x00,
  0x00,0x00,0x00,0x00,0x00,0x00,0x00,0x00,0x00,0xcc,0xff,0xff,0xff,0x40,0x00,0x00,0x00,0xdc,0xff,0xff,0xff,0xff,0xff,0xff,
  0xff,0xff,0xfe,0xef,0xd8,0x9f,0x48,0x00,0x00,0x00,0x00,0x00,0xcc,0xff,0xff,0xff,0x40,0x00,0x00,0x00,0xdc,0xff,0xff,0xff,
  0xff,0xff,0xff,0xff,0xff,0xff,0xff,0xff,0xff,0xff,0xb2,0x08,0x00,0x00,0x00,0xcc,0xff,0xff,0xff,0x40,0x00,0x00,0x00,0xdc,
  0xff,0xff,0xff,0xff,0xff,0xff,0xff,0xff,0xff,0xff,0xff,0xff,0xff,0xff,0xae,0x00,0x00,0x00,0xcc,0xff,0xff,0xff,0x40,0x00,
  0x00,0x00,0xdc,0xff,0xff,0xff,0xff,0xff,0xff,0xff,0xff,0xff,0xff,0xff,0xff,0xff,0xff,0xff,0x4d,0x00,0x00,0xcc,0xff,0xff,
  0xff,0x40,0x00,0x00,0x00,0xdc,0xff,0xff,0xff,0x30,0x00,0x00,0x00,0x02,0x0c,0x29,0x71,0xf6,0xff,0xff,0xff,0xa9,0x00,0x00,
  0xcc,0xff,0xff,0xff,0x40,0x00,0x00,0x00,0xdc,0xff,0xff,0xff,0x30,0x00,0x00,0x00,0x00,0x00,0x00,0x00,0x76,0xff,0xff,0xff,
  0xd4,0x00,0x00,0xcc,0xff,0xff,0xff,0x40,0x00,0x00,0x00,0xdc,0xff,0xff,0xff,0x30,0x00,0x00,0x00,0x00,0x00,0x00,0x00,0x72,
  0xff,0xff,0xff,0xd8,0x00,0x00,0xcc,0xff,0xff,0xff,0x40,0x00,0x00,0x00,0xdc,0xff,0xff,0xff,0x30,0x00,0x00,0x00,0x00,0x06,
  0x1b,0x69,0xf3,0xff,0xff,0xff,0xb5,0x00,0x00,0xcc,0xff,0xff,0xff,0x40,0x00,0x00,0x00,0xdc,0xff,0xff,0xff,0xff,0xff,0xff,
  0xff,0xff,0xff,0xff,0xff,0xff,0xff,0xff,0xff,0x62,0x00,0x00,0xcc,0xff,0xff,0xff,0x40,0x00,0x00,0x00,0xdc,0xff,0xff,0xff,
  0xff,0xff,0xff,0xff,0xff,0xff,0xff,0xff,0xff,0xff,0xff,0xcc,0x04,0x00,0x00,0xcc,0xff,0xff,0xff,0x40,0x00,0x00,0x00,0xdc,
  0xff,0xff,0xff,0xff,0xff,0xff,0xff,0xff,0xff,0xff,0xff,0xff,0xff,0xd7,0x17,0x00,0x00,0x00,0xcc,0xff,0xff,0xff,0x40,0x00,
  0x00,0x00,0xdc,0xff,0xff,0xff,0xff,0xff,0xff,0xff,0xff,0xff,0xfa,0xe9,0xc4,0x75,0x08,0x00,0x00,0x00,0x00,0xcc,0xff,0xff,
  0xff,0x40,0x00,0x00,0x00,0xe0,0xff,0xff,0xff,0x2c,0x00,0x00,0x00,0x00,0x00,0x00,0x00,0x00,0x00,0x00,0x00,0x00,0x00,0x00,
  0x00,0xe0,0xff,0xff,0xff,0x2c,0x00,0x00,0x00,0x00,0x00,0x00,0x00,0x00,0x00,0x00,0x00,0x00,0x00,0x00,0x00,0xe0,0xff,0xff,
  0xff,0x2c,0x00,0x00,0x00,0x00,0x00,0x00,0x00,0x00,0x00,0x00,0x00,0x00,0x00,0x00,0x00,0xe0,0xff,0xff,0xff,0x2c,0x00,0x00,
  0x00,0x00,0x00,0x00,0x00,0x00,0x00,0x00,0x00,0x00,0x00,0x00,0x00,0xe0,0xff,0xff,0xff,0x2c,0x00,0x00,0x00,0x00,0x00,0x00,
  0x00,0x00,0x00,0x00,0x00,0x00,0x00,0x00,0x00,0xe0,0xff,0xff,0xff,0x2c,0x00,0x00,0x00,0x00,0x00,0x00,0x00,0x00,0x00,0x00,
  0x00,0x00,0x00,0x00,0x00,0xe0,0xff,0xff,0xff,0x2c,0x00,0x00,0x00,0x00,0x00,0x00,0x00,0x00,0x00,0x00,0x00,0x00,0x00,0x00,
  0x00,0xe0,0xff,0xff,0xff,0x2c,0x00,0x00,0x00,0x00,0x00,0x00,0x00,0x00,0x00,0x00,0x00,0x00,0x00,0x00,0x00,0xe0,0xff,0xff,
  0xff,0xff,0xff,0xff,0xff,0xff,0xfe,0xf0,0xd8,0xa1,0x45,0x00,0x00,0x00,0x00,0x00,0x00,0xe0,0xff,0xff,0xff,0xff,0xff,0xff,
  0xff,0xff,0xff,0xff,0xff,0xff,0xff,0xb1,0x0c,0x00,0x00,0x00,0x00,0xe0,0xff,0xff,0xff,0xff,0xff,0xff,0xff,0xff,0xff,0xff,
  0xff,0xff,0xff,0xff,0xad,0x00,0x00,0x00,0x00,0xe0,0xff,0xff,0xff,0xff,0xff,0xff,0xff,0xff,0xff,0xff,0xff,0xff,0xff,0xff,
  0xff,0x45,0x00,0x00,0x00,0xe0,0xff,0xff,0xff,0x2c,0x00,0x00,0x00,0x02,0x0c,0x2a,0x74,0xf8,0xff,0xff,0xff,0xa0,0x00,0x00,
  0x00,0xe0,0xff,0xff,0xff,0x2c,0x00,0x00,0x00,0x00,0x00,0x00,0x00,0x7e,0xff,0xff,0xff,0xca,0x00,0x00,0x00,0xe0,0xff,0xff,
  0xff,0x2c,0x00,0x00,0x00,0x00,0x00,0x00,0x00,0x7a,0xff,0xff,0xff,0xcf,0x00,0x00,0x00,0xe0,0xff,0xff,0xff,0x2c,0x00,0x00,
  0x00,0x00,0x07,0x1d,0x6d,0xf5,0xff,0xff,0xff,0xae,0x00,0x00,0x00,0xe0,0xff,0xff,0xff,0xff,0xff,0xff,0xff,0xff,0xff,0xff,
  0xff,0xff,0xff,0xff,0xff,0x5c,0x00,0x00,0x00,0xe0,0xff,0xff,0xff,0xff,0xff,0xff,0xff,0xff,0xff,0xff,0xff,0xff,0xff,0xff,
  0xc7,0x03,0x00,0x00,0x00,0xe0,0xff,0xff,0xff,0xff,0xff,0xff,0xff,0xff,0xff,0xff,0xff,0xff,0xff,0xd1,0x14,0x00,0x00,0x00,
  0x00,0xe0,0xff,0xff,0xff,0xff,0xff,0xff,0xff,0xff,0xff,0xf9,0xe6,0xbe,0x6d,0x05,0x00,0x00,0x00,0x00,0x00,0x00,0x00,0x00,
  0x3c,0x9a,0xd2,0xf0,0xfa,0xe8,0xcb,0x88,0x30,0x00,0x00,0x00,0x00,0x00,0x00,0x00,0x00,0x00,0x16,0xb4,0xff,0xff,0xff,0xff,
  0xff,0xff,0xff,0xff,0xfe,0xa3,0x0f,0x00,0x00,0x00,0x00,0x00,0x00,0x15,0xd9,0xff,0xff,0xff,0xff,0xff,0xff,0xff,0xff,0xff,
  0xff,0xff,0xcf,0x16,0x00,0x00,0x00,0x00,0x00,0xb5,0xff,0xff,0xff,0xff,0xff,0xff,0xff,0xff,0xff,0xff,0xff,0xff,0xff,0xbb,
  0x01,0x00,0x00,0x00,0x3d,0xff,0xff,0xff,0xff,0xf1,0x7c,0x25,0x07,0x16,0x53,0xce,0xff,0xff,0xff,0xff,0x65,0x00,0x00,0x00,
  0x99,0xff,0xff,0xff,0xf2,0x34,0x00,0x00,0x00,0x00,0x00,0x06,0xc3,0xff,0xff,0xff,0xd9,0x01,0x00,0x00,0x12,0x51,0x91,0xd1,
  0x7e,0x00,0x00,0x00,0x00,0x00,0x00,0x00,0x1a,0xfa,0xff,0xff,0xff,0x35,0x00,0x00,0x00,0x00,0x00,0x00,0x00,0x00,0x00,0x00,
  0x00,0x00,0x00,0x00,0x00,0xb9,0xff,0xff,0xff,0x72,0x00,0x00,0x00,0x00,0x00,0x00,0x00,0x00,0x00,0xd8,0xff,0xff,0xff,0xff,
  0xff,0xff,0xff,0xff,0xff,0x99,0x00,0x00,0x00,0x00,0x00,0x00,0x00,0x00,0x00,0xd8,0xff,0xff,0xff,0xff,0xff,0xff,0xff,0xff,
  0xff,0xac,0x00,0x00,0x00,0x00,0x00,0x00,0x00,0x00,0x00,0xd8,0xff,0xff,0xff,0xff,0xff,0xff,0xff,0xff,0xff,0xb2,0x00,0x00,
  0x00,0x00,0x00,0x00,0x00,0x00,0x00,0xd8,0xff,0xff,0xff,0xff,0xff,0xff,0xff,0xff,0xff,0xa3,0x00,0x00,0x14,0x52,0x91,0xd0,
  0x59,0x00,0x00,0x00,0x00,0x00,0x00,0x00,0x00,0xb0,0xff,0xff,0xff,0x80,0x00,0x00,0xab,0xff,0xff,0xff,0xb0,0x00,0x00,0x00,
  0x00,0x00,0x00,0x00,0x12,0xf6,0xff,0xff,0xff,0x47,0x00,0x00,0x5d,0xff,0xff,0xff,0xff,0x50,0x00,0x00,0x00,0x00,0x00,0x02,
  0xaa,0xff,0xff,0xff,0xeb,0x07,0x00,0x00,0x08,0xe9,0xff,0xff,0xff,0xfc,0x9a,0x33,0x0c,0x1a,0x50,0xcb,0xff,0xff,0xff,0xff,
  0x79,0x00,0x00,0x00,0x00,0x64,0xff,0xff,0xff,0xff,0xff,0xff,0xff,0xff,0xff,0xff,0xff,0xff,0xff,0xc8,0x03,0x00,0x00,0x00,
  0x00,0x00,0xa2,0xff,0xff,0xff,0xff,0xff,0xff,0xff,0xff,0xff,0xff,0xff,0xdb,0x21,0x00,0x00,0x00,0x00,0x00,0x00,0x03,0x86,
  0xfc,0xff,0xff,0xff,0xff,0xff,0xff,0xff,0xff,0xb7,0x11,0x00,0x00,0x00,0x00,0x00,0x00,0x00,0x00,0x00,0x23,0x87,0xc7,0xed,
  0xfb,0xf3,0xd5,0x9c,0x41,0x00,0x00,0x00,0x00,0x00,0x00,0x00,0x00,0xf4,0xff,0xff,0xff,0x18,0x00,0x00,0x00,0x00,0x00,0x00,
  0x01,0x4e,0x9c,0xd5,0xed,0xfa,0xea,0xcf,0x8e,0x36,0x00,0x00,0x00,0x00,0x00,0x00,0x00,0x00,0xf4,0xff,0xff,0xff,0x18,0x00,
  0x00,0x00,0x00,0x00,0x2c,0xd3,0xff,0xff,0xff,0xff,0xff,0xff,0xff,0xff,0xff,0xad,0x12,0x00,0x00,0x00,0x00,0x00,0x00,0xf4,
  0xff,0xff,0xff,0x18,0x00,0x00,0x00,0x00,0x3a,0xf4,0xff,0xff,0xff,0xff,0xff,0xff,0xff,0xff,0xff,0xff,0xff,0xd9,0x1c,0x00,
  0x00,0x00,0x00,0x00,0xf4,0xff,0xff,0xff,0x18,0x00,0x00,0x00,0x16,0xe8,0xff,0xff,0xff,0xff,0xff,0xff,0xff,0xff,0xff,0xff,
  0xff,0xff,0xff,0xc4,0x04,0x00,0x00,0x00,0x00,0xf4,0xff,0xff,0xff,0x18,0x00,0x00,0x00,0x98,0xff,0xff,0xff,0xff,0xcf,0x53,
  0x14,0x06,0x22,0x71,0xea,0xff,0xff,0xff,0xff,0x64,0x00,0x00,0x00,0x00,0xf4,0xff,0xff,0xff,0x18,0x00,0x00,0x10,0xf8,0xff,
  0xff,0xff,0xb8,0x07,0x00,0x00,0x00,0x00,0x00,0x1b,0xdf,0xff,0xff,0xff,0xd6,0x00,0x00,0x00,0x00,0xf4,0xff,0xff,0xff,0x18,
  0x00,0x00,0x5b,0xff,0xff,0xff,0xf9,0x18,0x00,0x00,0x00,0x00,0x00,0x00,0x00,0x44,0xff,0xff,0xff,0xff,0x20,0x00,0x00,0x00,
  0xf4,0xff,0xff,0xff,0x18,0x00,0x00,0x8d,0xff,0xff,0xff,0xb4,0x00,0x00,0x00,0x00,0x00,0x00,0x00,0x00,0x00,0xe2,0xff,0xff,
  0xff,0x59,0x00,0x00,0x00,0xf4,0xff,0xff,0xff,0xff,0xff,0xff,0xff,0xff,0xff,0xff,0x82,0x00,0x00,0x00,0x00,0x00,0x00,0x00,
  0x00,0x00,0xb0,0xff,0xff,0xff,0x75,0x00,0x00,0x00,0xf4,0xff,0xff,0xff,0xff,0xff,0xff,0xff,0xff,0xff,0xff,0x6e,0x00,0x00,
  0x00,0x00,0x00,0x00,0x00,0x00,0x00,0x9d,0xff,0xff,0xff,0x87,0x00,0x00,0x00,0xf4,0xff,0xff,0xff,0xff,0xff,0xff,0xff,0xff,
  0xff,0xff,0x6f,0x00,0x00,0x00,0x00,0x00,0x00,0x00,0x00,0x00,0xa2,0xff,0xff,0xff,0x89,0x00,0x00,0x00,0xf4,0xff,0xff,0xff,
  0xff,0xff,0xff,0xff,0xff,0xff,0xff,0x87,0x00,0x00,0x00,0x00,0x00,0x00,0x00,0x00,0x00,0xb9,0xff,0xff,0xff,0x7b,0x00,0x00,
  0x00,0xf4,0xff,0xff,0xff,0x18,0x00,0x00,0x91,0xff,0xff,0xff,0xc0,0x00,0x00,0x00,0x00,0x00,0x00,0x00,0x00,0x02,0xeb,0xff,
  0xff,0xff,0x59,0x00,0x00,0x00,0xf4,0xff,0xff,0xff,0x18,0x00,0x00,0x5e,0xff,0xff,0xff,0xfe,0x28,0x00,0x00,0x00,0x00,0x00,
  0x00,0x00,0x4a,0xff,0xff,0xff,0xff,0x23,0x00,0x00,0x00,0xf4,0xff,0xff,0xff,0x18,0x00,0x00,0x14,0xf8,0xff,0xff,0xff,0xc9,
  0x0d,0x00,0x00,0x00,0x00,0x00,0x14,0xda,0xff,0xff,0xff,0xd4,0x00,0x00,0x00,0x00,0xf4,0xff,0xff,0xff,0x18,0x00,0x00,0x00,
  0x9a,0xff,0xff,0xff,0xff,0xd8,0x5a,0x17,0x05,0x1a,0x5f,0xde,0xff,0xff,0xff,0xff,0x61,0x00,0x00,0x00,0x00,0xf4,0xff,0xff,
  0xff,0x18,0x00,0x00,0x00,0x15,0xe8,0xff,0xff,0xff,0xff,0xff,0xff,0xff,0xff,0xff,0xff,0xff,0xff,0xff,0xbd,0x01,0x00,0x00,
  0x00,0x00,0xf4,0xff,0xff,0xff,0x18,0x00,0x00,0x00,0x00,0x3a,0xf4,0xff,0xff,0xff,0xff,0xff,0xff,0xff,0xff,0xff,0xff,0xff,
  0xd9,0x1e,0x00,0x00,0x00,0x00,0x00,0xf4,0xff,0xff,0xff,0x18,0x00,0x00,0x00,0x00,0x00,0x33,0xdb,0xff,0xff,0xff,0xff,0xff,
  0xff,0xff,0xff,0xff,0xba,0x11,0x00,0x00,0x00,0x00,0x00,0x00,0xf4,0xff,0xff,0xff,0x18,0x00,0x00,0x00,0x00,0x00,0x00,0x06,
  0x5d,0xaa,0xda,0xf5,0xfd,0xf5,0xd7,0x9f,0x45,0x00,0x00,0x00,0x00,0x00,0x00,0x00,0x00,0x00,0x00,0x37,0x9e,0xcf,0xeb,0xf9,
  0xfe,0xff,0xff,0xff,0xff,0xff,0xff,0xff,0xff,0x14,0x00,0x00,0x00,0x00,0x8a,0xff,0xff,0xff,0xff,0xff,0xff,0xff,0xff,0xff,
  0xff,0xff,0xff,0xff,0xff,0x14,0x00,0x00,0x00,0x60,0xff,0xff,0xff,0xff,0xff,0xff,0xff,0xff,0xff,0xff,0xff,0xff,0xff,0xff,
  0xff,0x14,0x00,0x00,0x02,0xdb,0xff,0xff,0xff,0xff,0xff,0xff,0xff,0xff,0xff,0xff,0xff,0xff,0xff,0xff,0xff,0x14,0x00,0x00,
  0x27,0xff,0xff,0xff,0xff,0xa6,0x27,0x0a,0x03,0x00,0x00,0x00,0x00,0xf8,0xff,0xff,0xff,0x14,0x00,0x00,0x46,0xff,0xff,0xff,
  0xf1,0x04,0x00,0x00,0x00,0x00,0x00,0x00,0x00,0xf8,0xff,0xff,0xff,0x14,0x00,0x00,0x41,0xff,0xff,0xff,0xf3,0x06,0x00,0x00,
  0x00,0x00,0x00,0x00,0x00,0xf8,0xff,0xff,0xff,0x14,0x00,0x00,0x11,0xfc,0xff,0xff,0xff,0xab,0x2d,0x0c,0x03,0x00,0x00,0x00,
  0x00,0xf8,0xff,0xff,0xff,0x14,0x00,0x00,0x00,0xa7,0xff,0xff,0xff,0xff,0xff,0xff,0xff,0xff,0xff,0xff,0xff,0xff,0xff,0xff,
  0xff,0x14,0x00,0x00,0x00,0x18,0xdf,0xff,0xff,0xff,0xff,0xff,0xff,0xff,0xff,0xff,0xff,0xff,0xff,0xff,0xff,0x14,0x00,0x00,
  0x00,0x00,0x17,0xa0,0xf9,0xff,0xff,0xff,0xff,0xff,0xff,0xff,0xff,0xff,0xff,0xff,0xff,0x14,0x00,0x00,0x00,0x00,0x00,0x00,
  0x11,0x96,0xff,0xff,0xff,0xff,0xff,0xff,0xff,0xff,0xff,0xff,0xff,0x14,0x00,0x00,0x00,0x00,0x00,0x01,0x8d,0xff,0xff,0xff,
  0xff,0x99,0x2c,0x08,0x00,0xf8,0xff,0xff,0xff,0x14,0x00,0x00,0x00,0x00,0x00,0x8e,0xff,0xff,0xff,0xff,0x8f,0x00,0x00,0x00,
  0x00,0xf8,0xff,0xff,0xff,0x14,0x00,0x00,0x00,0x00,0x51,0xff,0xff,0xff,0xff,0xbc,0x03,0x00,0x00,0x00,0x00,0xf8,0xff,0xff,
  0xff,0x14,0x00,0x00,0x00,0x15,0xeb,0xff,0xff,0xff,0xe9,0x17,0x00,0x00,0x00,0x00,0x00,0xf8,0xff,0xff,0xff,0x14,0x00,0x00,
  0x00,0xa7,0xff,0xff,0xff,0xff,0x4d,0x00,0x00,0x00,0x00,0x00,0x00,0xf8,0xff,0xff,0xff,0x14,0x00,0x00,0x4e,0xff,0xff,0xff,
  0xff,0x9c,0x00,0x00,0x00,0x00,0x00,0x00,0x00,0xf8,0xff,0xff,0xff,0x14,0x00,0x0f,0xe5,0xff,0xff,0xff,0xdf,0x0d,0x00,0x00,
  0x00,0x00,0x00,0x00,0x00,0xf8,0xff,0xff,0xff,0x14,0x00,0x9c,0xff,0xff,0xff,0xfd,0x3e,0x00,0x00,0x00,0x00,0x00,0x00,0x00,
  0x00,0xf8,0xff,0xff,0xff,0x14,0x00,0x00,0x00,0x00,0x1a,0x87,0xcc,0xef,0xfc,0xf8,0xe3,0xb5,0x57,0x00,0x00,0x00,0x00,0x00,
  0x00,0x3a,0xef,0xff,0xff,0xff,0xff,0xff,0xff,0xff,0xff,0xac,0x02,0x00,0x00,0x00,0x0c,0xe7,0xff,0xff,0xff,0xff,0xff,0xff,
  0xff,0xff,0xff,0xff,0x63,0x00,0x00,0x00,0x6d,0xff,0xff,0xff,0xc0,0x28,0x06,0x1c,0x94,0xff,0xff,0xff,0xa6,0x00,0x00,0x00,
  0x0d,0x52,0x9b,0xdf,0x1c,0x00,0x00,0x00,0x0c,0xff,0xff,0xff,0xc0,0x00,0x00,0x00,0x00,0x00,0x00,0x00,0x00,0x00,0x0f,0x48,
  0x91,0xfe,0xff,0xff,0xc9,0x00,0x00,0x00,0x00,0x00,0x0e,0x60,0xa1,0xda,0xfe,0xff,0xff,0xff,0xff,0xff,0xc9,0x00,0x00,0x00,
  0x00,0x6a,0xf4,0xff,0xff,0xff,0xe6,0xa9,0x66,0xfd,0xff,0xff,0xc6,0x00,0x00,0x00,0x57,0xff,0xff,0xff,0xae,0x2c,0x00,0x00,
  0x00,0xfe,0xff,0xff,0xc4,0x00,0x00,0x00,0xcc,0xff,0xff,0xf1,0x05,0x00,0x00,0x00,0x11,0xff,0xff,0xff,0xc1,0x00,0x00,0x00,
  0xf6,0xff,0xff,0xf1,0x05,0x00,0x00,0x00,0x68,0xff,0xff,0xff,0xc0,0x00,0x00,0x00,0xea,0xff,0xff,0xff,0x9f,0x16,0x17,0x74,
  0xf8,0xff,0xff,0xff,0xc7,0x00,0x00,0x00,0x9d,0xff,0xff,0xff,0xff,0xff,0xff,0xff,0xff,0xff,0xff,0xff,0xdc,0x00,0x00,0x00,
  0x18,0xde,0xff,0xff,0xff,0xff,0xff,0xff,0xb2,0x9b,0xff,0xff,0xfd,0x13,0x00,0x00,0x00,0x13,0x8d,0xdc,0xf9,0xef,0xbb,0x55,
  0x00,0x4f,0xff,0xff,0xff,0x6a,0x00,0x00,0x00,0x00,0x00,0x00,0x00,0x00,0x00,0x00,0x00,0x00,0x01,0x6c,0xff,0xff,0x6e,0x00,
  0x00,0x00,0x00,0x00,0x00,0x48,0x97,0xcf,0xe9,0xf9,0xff,0xff,0xff,0xff,0xff,0x41,0x00,0x00,0x00,0x00,0x1e,0xcb,0xff,0xff,
  0xff,0xff,0xff,0xff,0xff,0xff,0xff,0xd8,0x02,0x00,0x00,0x00,0x11,0xe3,0xff,0xff,0xff,0xff,0xff,0xff,0xff,0xfb,0xe4,0xa9,
  0x27,0x00,0x00,0x00,0x00,0x97,0xff,0xff,0xe0,0x6b,0x2b,0x0f,0x01,0x02,0x00,0x00,0x00,0x00,0x00,0x00,0x00,0x0a,0xf3,0xff,
  0xd7,0x14,0x00,0x00,0x00,0x00,0x00,0x00,0x00,0x00,0x00,0x00,0x00,0x00,0x4c,0xff,0xff,0x4e,0x03,0x5f,0xbf,0xe8,0xf7,0xdc,
  0x94,0x20,0x00,0x00,0x00,0x00,0x00,0x7c,0xff,0xfe,0x1a,0xb9,0xff,0xff,0xff,0xff,0xff,0xff,0xf5,0x58,0x00,0x00,0x00,0x00,
  0xa0,0xff,0xed,0xa6,0xff,0xff,0xff,0xff,0xff,0xff,0xff,0xff,0xfd,0x4f,0x00,0x00,0x00,0xae,0xff,0xfd,0xff,0xff,0xd4,0x3e,
  0x07,0x26,0xac,0xff,0xff,0xff,0xee,0x13,0x00,0x00,0xb9,0xff,0xff,0xff,0xf2,0x16,0x00,0x00,0x00,0x02,0xc3,0xff,0xff,0xff,
  0x83,0x00,0x00,0xb7,0xff,0xff,0xff,0x85,0x00,0x00,0x00,0x00,0x00,0x41,0xff,0xff,0xff,0xd6,0x00,0x00,0xb0,0xff,0xff,0xff,
  0x4e,0x00,0x00,0x00,0x00,0x00,0x08,0xfe,0xff,0xff,0xff,0x06,0x00,0x9f,0xff,0xff,0xff,0x34,0x00,0x00,0x00,0x00,0x00,0x00,
  0xed,0xff,0xff,0xff,0x15,0x00,0x86,0xff,0xff,0xff,0x4d,0x00,0x00,0x00,0x00,0x00,0x09,0xfe,0xff,0xff,0xfe,0x05,0x00,0x5d,
  0xff,0xff,0xff,0x83,0x00,0x00,0x00,0x00,0x00,0x42,0xff,0xff,0xff,0xd2,0x00,0x00,0x1d,0xff,0xff,0xff,0xef,0x13,0x00,0x00,
  0x00,0x02,0xc4,0xff,0xff,0xff,0x7d,0x00,0x00,0x00,0xa5,0xff,0xff,0xff,0xcf,0x3a,0x06,0x27,0xac,0xff,0xff,0xff,0xe9,0x0f,
  0x00,0x00,0x00,0x1a,0xe8,0xff,0xff,0xff,0xff,0xff,0xff,0xff,0xff,0xff,0xf9,0x40,0x00,0x00,0x00,0x00,0x00,0x20,0xd4,0xff,
  0xff,0xff,0xff,0xff,0xff,0xff,0xe9,0x40,0x00,0x00,0x00,0x00,0x00,0x00,0x00,0x06,0x65,0xbb,0xec,0xfb,0xec,0xc4,0x76,0x0d,
  0x00,0x00,0x00,0x00,0x00,0x00,0xf4,0xff,0xff,0xff,0xff,0xff,0xff,0xff,0xfd,0xf0,0xc8,0x76,0x09,0x00,0x00,0x00,0x00,0xf4,
  0xff,0xff,0xff,0xff,0xff,0xff,0xff,0xff,0xff,0xff,0xff,0xc8,0x05,0x00,0x00,0x00,0xf4,0xff,0xff,0xff,0xff,0xff,0xff,0xff,
  0xff,0xff,0xff,0xff,0xff,0x5d,0x00,0x00,0x00,0xf4,0xff,0xff,0xec,0x00,0x00,0x01,0x0b,0x2e,0xb7,0xff,0xff,0xff,0x91,0x00,
  0x00,0x00,0xf4,0xff,0xff,0xec,0x00,0x00,0x00,0x00,0x00,0x4a,0xff,0xff,0xff,0x86,0x00,0x00,0x00,0xf4,0xff,0xff,0xec,0x00,
  0x00,0x02,0x11,0x3e,0xc8,0xff,0xff,0xff,0x3c,0x00,0x00,0x00,0xf4,0xff,0xff,0xff,0xff,0xff,0xff,0xff,0xff,0xff,0xff,0xff,
  0x88,0x00,0x00,0x00,0x00,0xf4,0xff,0xff,0xff,0xff,0xff,0xff,0xff,0xff,0xff,0xff,0xaa,0x12,0x00,0x00,0x00,0x00,0xf4,0xff,
  0xff,0xff,0xff,0xff,0xff,0xff,0xff,0xff,0xff,0xff,0xe3,0x25,0x00,0x00,0x00,0xf4,0xff,0xff,0xec,0x00,0x00,0x03,0x0d,0x2a,
  0x8b,0xff,0xff,0xff,0xba,0x00,0x00,0x00,0xf4,0xff,0xff,0xec,0x00,0x00,0x00,0x00,0x00,0x02,0xf7,0xff,0xff,0xfe,0x09,0x00,
  0x00,0xf4,0xff,0xff,0xec,0x00,0x00,0x00,0x07,0x1e,0x7b,0xff,0xff,0xff,0xff,0x15,0x00,0x00,0xf4,0xff,0xff,0xff,0xff,0xff,
  0xff,0xff,0xff,0xff,0xff,0xff,0xff,0xd8,0x00,0x00,0x00,0xf4,0xff,0xff,0xff,0xff,0xff,0xff,0xff,0xff,0xff,0xff,0xff,0xfa,
  0x44,0x00,0x00,0x00,0xf4,0xff,0xff,0xff,0xff,0xff,0xff,0xff,0xff,0xfb,0xe4,0xa7,0x31,0x00,0x00,0x00,0x24,0xff,0xff,0xff,
  0xff,0xff,0xff,0xff,0xff,0xff,0xa8,0x00,0x24,0xff,0xff,0xff,0xff,0xff,0xff,0xff,0xff,0xff,0xa8,0x00,0x24,0xff,0xff,0xff,
  0xff,0xff,0xff,0xff,0xff,0xff,0xa8,0x00,0x24,0xff,0xff,0xff,0xb4,0x00,0x00,0x00,0x00,0x00,0x00,0x00,0x24,0xff,0xff,0xff,
  0xb4,0x00,0x00,0x00,0x00,0x00,0x00,0x00,0x24,0xff,0xff,0xff,0xb4,0x00,0x00,0x00,0x00,0x00,0x00,0x00,0x24,0xff,0xff,0xff,
  0xb4,0x00,0x00,0x00,0x00,0x00,0x00,0x00,0x24,0xff,0xff,0xff,0xb4,0x00,0x00,0x00,0x00,0x00,0x00,0x00,0x24,0xff,0xff,0xff,
  0xb4,0x00,0x00,0x00,0x00,0x00,0x00,0x00,0x24,0xff,0xff,0xff,0xb4,0x00,0x00,0x00,0x00,0x00,0x00,0x00,0x24,0xff,0xff,0xff,
  0xb4,0x00,0x00,0x00,0x00,0x00,0x00,0x00,0x24,0xff,0xff,0xff,0xb4,0x00,0x00,0x00,0x00,0x00,0x00,0x00,0x24,0xff,0xff,0xff,
  0xb4,0x00,0x00,0x00,0x00,0x00,0x00,0x00,0x24,0xff,0xff,0xff,0xb4,0x00,0x00,0x00,0x00,0x00,0x00,0x00,0x24,0xff,0xff,0xff,
  0xb4,0x00,0x00,0x00,0x00,0x00,0x00,0x00,0x00,0x00,0x00,0x25,0xff,0xff,0xff,0xff,0xff,0xff,0xff,0xff,0xff,0xff,0xff,0x98,
  0x00,0x00,0x00,0x00,0x00,0x00,0x2e,0xff,0xff,0xff,0xff,0xff,0xff,0xff,0xff,0xff,0xff,0xff,0x98,0x00,0x00,0x00,0x00,0x00,
  0x00,0x37,0xff,0xff,0xff,0xff,0xff,0xff,0xff,0xff,0xff,0xff,0xff,0x98,0x00,0x00,0x00,0x00,0x00,0x00,0x46,0xff,0xff,0xff,
  0x20,0x00,0x00,0x00,0x35,0xff,0xff,0xff,0x98,0x00,0x00,0x00,0x00,0x00,0x00,0x57,0xff,0xff,0xff,0x12,0x00,0x00,0x00,0x35,
  0xff,0xff,0xff,0x98,0x00,0x00,0x00,0x00,0x00,0x00,0x6e,0xff,0xff,0xfb,0x01,0x00,0x00,0x00,0x35,0xff,0xff,0xff,0x98,0x00,
  0x00,0x00,0x00,0x00,0x00,0x8d,0xff,0xff,0xe2,0x00,0x00,0x00,0x00,0x36,0xff,0xff,0xff,0x98,0x00,0x00,0x00,0x00,0x00,0x00,
  0xb7,0xff,0xff,0xbe,0x00,0x00,0x00,0x00,0x36,0xff,0xff,0xff,0x98,0x00,0x00,0x00,0x00,0x00,0x02,0xec,0xff,0xff,0x8f,0x00,
  0x00,0x00,0x00,0x37,0xff,0xff,0xff,0x98,0x00,0x00,0x00,0x00,0x00,0x3b,0xff,0xff,0xff,0x4f,0x00,0x00,0x00,0x00,0x37,0xff,
  0xff,0xff,0x98,0x00,0x00,0x00,0x00,0x00,0xa0,0xff,0xff,0xf1,0x0a,0x00,0x00,0x00,0x00,0x38,0xff,0xff,0xff,0x98,0x00,0x00,
  0x00,0x00,0x2f,0xfb,0xff,0xff,0x86,0x00,0x00,0x00,0x00,0x00,0x38,0xff,0xff,0xff,0x98,0x00,0x00,0x18,0xff,0xff,0xff,0xff,
  0xff,0xff,0xff,0xff,0xff,0xff,0xff,0xff,0xff,0xff,0xff,0xff,0xff,0x24,0x18,0xff,0xff,0xff,0xff,0xff,0xff,0xff,0xff,0xff,
  0xff,0xff,0xff,0xff,0xff,0xff,0xff,0xff,0x24,0x18,0xff,0xff,0xff,0xff,0xff,0xff,0xff,0xff,0xff,0xff,0xff,0xff,0xff,0xff,
  0xff,0xff,0xff,0x24,0x18,0xff,0xff,0xff,0x04,0x00,0x00,0x00,0x00,0x00,0x00,0x00,0x00,0x00,0x00,0xfc,0xff,0xff,0x24,0x18,
  0xff,0xff,0xff,0x04,0x00,0x00,0x00,0x00,0x00,0x00,0x00,0x00,0x00,0x00,0xfc,0xff,0xff,0x24,0x18,0xff,0xff,0xff,0x04,0x00,
  0x00,0x00,0x00,0x00,0x00,0x00,0x00,0x00,0x00,0xfc,0xff,0xff,0x24,0x18,0xff,0xff,0xff,0x04,0x00,0x00,0x00,0x00,0x00,0x00,
  0x00,0x00,0x00,0x00,0xfc,0xff,0xff,0x24,0x00,0x00,0x00,0x00,0x41,0xaa,0xe5,0xf9,0xe9,0xba,0x62,0x03,0x00,0x00,0x00,0x00,
  0x00,0x00,0x03,0x98,0xff,0xff,0xff,0xff,0xff,0xff,0xff,0xca,0x15,0x00,0x00,0x00,0x00,0x00,0x91,0xff,0xff,0xff,0xff,0xff,
  0xff,0xff,0xff,0xff,0xce,0x05,0x00,0x00,0x00,0x36,0xff,0xff,0xff,0xe7,0x52,0x0f,0x21,0x9d,0xff,0xff,0xff,0x72,0x00,0x00,
  0x00,0xa2,0xff,0xff,0xff,0x44,0x00,0x00,0x00,0x01,0xc1,0xff,0xff,0xd9,0x00,0x00,0x00,0xe4,0xff,0xff,0xf6,0x01,0x00,0x00,
  0x00,0x00,0x74,0xff,0xff,0xff,0x20,0x00,0x08,0xff,0xff,0xff,0xff,0xff,0xff,0xff,0xff,0xff,0xff,0xff,0xff,0xff,0x4d,0x00,
  0x17,0xff,0xff,0xff,0xff,0xff,0xff,0xff,0xff,0xff,0xff,0xff,0xff,0xff,0x64,0x00,0x0e,0xff,0xff,0xff,0xff,0xff,0xff,0xff,
  0xff,0xff,0xff,0xff,0xff,0xff,0x6e,0x00,0x00,0xec,0xff,0xff,0xec,0x00,0x00,0x00,0x00,0x00,0x00,0x00,0x00,0x00,0x00,0x00,
  0x00,0xad,0xff,0xff,0xff,0x43,0x00,0x00,0x00,0x00,0x00,0x00,0x00,0x00,0x00,0x00,0x00,0x46,0xff,0xff,0xff,0xe8,0x5a,0x12,
  0x0a,0x47,0xda,0xb7,0x74,0x31,0x02,0x00,0x00,0x00,0xaa,0xff,0xff,0xff,0xff,0xff,0xff,0xff,0xff,0xff,0xff,0xd7,0x0a,0x00,
  0x00,0x00,0x07,0xad,0xff,0xff,0xff,0xff,0xff,0xff,0xff,0xff,0xd0,0x26,0x00,0x00,0x00,0x00,0x00,0x00,0x49,0xa6,0xe0,0xf6,
  0xf4,0xdd,0xb0,0x5e,0x06,0x00,0x00,0x00,0x00,0x7b,0xfa,0xf2,0xbd,0x39,0x00,0x00,0x00,0xf8,0xff,0xff,0xd8,0x00,0x00,0x00,
  0x4e,0xc8,0xf4,0xf9,0x5d,0x00,0x84,0xff,0xff,0xff,0xf2,0x1e,0x00,0x00,0xf8,0xff,0xff,0xd8,0x00,0x00,0x37,0xfc,0xff,0xff,
  0xff,0x64,0x00,0x84,0xff,0xff,0xff,0xff,0x98,0x00,0x00,0xf8,0xff,0xff,0xd8,0x00,0x00,0xba,0xff,0xff,0xff,0xff,0x64,0x00,
  0x01,0x0e,0x75,0xff,0xff,0xf3,0x0b,0x00,0xf8,0xff,0xff,0xd8,0x00,0x21,0xfe,0xff,0xff,0x5a,0x0b,0x00,0x00,0x00,0x00,0x01,
  0xd8,0xff,0xff,0x65,0x00,0xf8,0xff,0xff,0xd8,0x00,0x84,0xff,0xff,0xb8,0x00,0x00,0x00,0x00,0x00,0x00,0x00,0x6f,0xff,0xff,
  0xdf,0x26,0xf8,0xff,0xff,0xd8,0x31,0xef,0xff,0xff,0x4e,0x00,0x00,0x00,0x00,0x00,0x00,0x00,0x08,0xd1,0xff,0xff,0xff,0xff,
  0xff,0xff,0xff,0xff,0xff,0xff,0xb7,0x01,0x00,0x00,0x00,0x00,0x00,0x00,0x00,0x00,0x3e,0xf5,0xff,0xff,0xff,0xff,0xff,0xff,
  0xff,0xff,0xe9,0x29,0x00,0x00,0x00,0x00,0x00,0x00,0x00,0x00,0x48,0xf8,0xff,0xff,0xff,0xff,0xff,0xff,0xff,0xff,0xff,0xff,
  0xed,0x30,0x00,0x00,0x00,0x00,0x00,0x00,0x1b,0xee,0xff,0xff,0xd0,0x1e,0xf8,0xff,0xff,0xd8,0x2f,0xdf,0xff,0xff,0xda,0x0a,
  0x00,0x00,0x00,0x00,0x00,0xa1,0xff,0xff,0xfe,0x35,0x00,0xf8,0xff,0xff,0xd8,0x00,0x4a,0xff,0xff,0xff,0x7c,0x00,0x00,0x00,
  0x00,0x2d,0xfd,0xff,0xff,0xb2,0x00,0x00,0xf8,0xff,0xff,0xd8,0x00,0x00,0xcf,0xff,0xff,0xf2,0x14,0x00,0x00,0x00,0xb2,0xff,
  0xff,0xff,0x3e,0x00,0x00,0xf8,0xff,0xff,0xd8,0x00,0x00,0x5e,0xff,0xff,0xff,0x8d,0x00,0x00,0x39,0xff,0xff,0xff,0xca,0x00,
  0x00,0x00,0xf8,0xff,0xff,0xd8,0x00,0x00,0x05,0xe5,0xff,0xff,0xf7,0x1c,0x00,0xc0,0xff,0xff,0xff,0x56,0x00,0x00,0x00,0xf8,
  0xff,0xff,0xd8,0x00,0x00,0x00,0x79,0xff,0xff,0xff,0x9c,0x00,0x00,0x00,0x35,0xa1,0xd8,0xf6,0xf3,0xcf,0x84,0x13,0x00,0x00,
  0x00,0x00,0x01,0x96,0xff,0xff,0xff,0xff,0xff,0xff,0xff,0xe6,0x29,0x00,0x00,0x00,0x71,0xff,0xff,0xff,0xff,0xff,0xff,0xff,
  0xff,0xff,0xcd,0x00,0x00,0x02,0xe6,0xff,0xff,0xed,0x46,0x08,0x2c,0xd2,0xff,0xff,0xff,0x20,0x00,0x00,0x2e,0x7c,0xcb,0x68,
  0x00,0x00,0x00,0x6e,0xff,0xff,0xff,0x24,0x00,0x00,0x00,0x00,0x00,0x00,0x00,0x04,0x2d,0xd5,0xff,0xff,0xd4,0x02,0x00,0x00,
  0x00,0x00,0x00,0x00,0x14,0xff,0xff,0xff,0xff,0xd0,0x21,0x00,0x00,0x00,0x00,0x00,0x00,0x00,0x14,0xff,0xff,0xff,0xee,0x57,
  0x03,0x00,0x00,0x00,0x00,0x00,0x00,0x00,0x14,0xff,0xff,0xff,0xff,0xff,0xbd,0x0b,0x00,0x00,0x00,0x00,0x00,0x00,0x00,0x02,
  0x1e,0x92,0xff,0xff,0xff,0x84,0x00,0x10,0x54,0x9d,0xe0,0x26,0x00,0x00,0x00,0x0b,0xff,0xff,0xff,0xc7,0x00,0x70,0xff,0xff,
  0xff,0xdb,0x40,0x08,0x1f,0x9e,0xff,0xff,0xff,0xc0,0x00,0x0a,0xe6,0xff,0xff,0xff,0xff,0xff,0xff,0xff,0xff,0xff,0xff,0x5f,
  0x00,0x00,0x27,0xe2,0xff,0xff,0xff,0xff,0xff,0xff,0xff,0xff,0x8a,0x00,0x00,0x00,0x00,0x0d,0x69,0xc0,0xe0,0xf9,0xf5,0xd9,
  0x9f,0x39,0x00,0x00,0x00,0x00,0x14,0xff,0xff,0xff,0x9c,0x00,0x00,0x00,0x00,0x00,0xc5,0xff,0xff,0xff,0x48,0x00,0x00,0x14,
  0xff,0xff,0xff,0x9c,0x00,0x00,0x00,0x00,0x5b,0xff,0xff,0xff,0xff,0x48,0x00,0x00,0x14,0xff,0xff,0xff,0x9c,0x00,0x00,0x00,
  0x0b,0xe4,0xff,0xff,0xff,0xff,0x48,0x00,0x00,0x14,0xff,0xff,0xff,0x9c,0x00,0x00,0x00,0x85,0xff,0xff,0xff,0xff,0xff,0x48,
  0x00,0x00,0x14,0xff,0xff,0xff,0x9c,0x00,0x00,0x21,0xf8,0xff,0xfa,0xff,0xff,0xff,0x48,0x00,0x00,0x14,0xff,0xff,0xff,0x9c,
  0x00,0x00,0xaf,0xff,0xfa,0x90,0xff,0xff,0xff,0x48,0x00,0x00,0x14,0xff,0xff,0xff,0x9c,0x00,0x44,0xff,0xff,0x8e,0x68,0xff,
  0xff,0xff,0x48,0x00,0x00,0x14,0xff,0xff,0xff,0x9c,0x04,0xd4,0xff,0xea,0x0f,0x68,0xff,0xff,0xff,0x48,0x00,0x00,0x14,0xff,
  0xff,0xff,0x9c,0x6d,0xff,0xff,0x64,0x00,0x68,0xff,0xff,0xff,0x48,0x00,0x00,0x14,0xff,0xff,0xff,0xaf,0xee,0xff,0xcd,0x02,
  0x00,0x68,0xff,0xff,0xff,0x48,0x00,0x00,0x14,0xff,0xff,0xff,0xfe,0xff,0xff,0x3b,0x00,0x00,0x68,0xff,0xff,0xff,0x48,0x00,
  0x00,0x14,0xff,0xff,0xff,0xff,0xff,0xa5,0x00,0x00,0x00,0x68,0xff,0xff,0xff,0x48,0x00,0x00,0x14,0xff,0xff,0xff,0xff,0xf4,
  0x1b,0x00,0x00,0x00,0x68,0xff,0xff,0xff,0x48,0x00,0x00,0x14,0xff,0xff,0xff,0xff,0x7b,0x00,0x00,0x00,0x00,0x68,0xff,0xff,
  0xff,0x48,0x00,0x00,0x14,0xff,0xff,0xff,0xde,0x08,0x00,0x00,0x00,0x00,0x68,0xff,0xff,0xff,0x48,0x00,0x00,0x00,0x00,0x00,
  0x69,0xff,0x78,0x00,0x00,0x00,0x09,0xf8,0xe0,0x00,0x00,0x00,0x00,0x00,0x00,0x00,0x00,0x25,0xfd,0xea,0x43,0x09,0x1c,0xa3,
  0xff,0x9b,0x00,0x00,0x00,0x00,0x00,0x00,0x00,0x00,0x00,0x87,0xff,0xff,0xff,0xff,0xff,0xe8,0x16,0x00,0x00,0x00,0x00,0x00,
  0x00,0x00,0x00,0x00,0x01,0x6f,0xd6,0xfa,0xed,0xa9,0x23,0x00,0x00,0x00,0x00,0x00,0x00,0x00,0x00,0x00,0x00,0x00,0x00,0x00,
  0x00,0x00,0x00,0x00,0x00,0x00,0x00,0x00,0x00,0x00,0x14,0xff,0xff,0xff,0x9c,0x00,0x00,0x00,0x00,0x00,0xc5,0xff,0xff,0xff,
  0x48,0x00,0x00,0x14,0xff,0xff,0xff,0x9c,0x00,0x00,0x00,0x00,0x5b,0xff,0xff,0xff,0xff,0x48,0x00,0x00,0x14,0xff,0xff,0xff,
  0x9c,0x00,0x00,0x00,0x0b,0xe4,0xff,0xff,0xff,0xff,0x48,0x00,0x00,0x14,0xff,0xff,0xff,0x9c,0x00,0x00,0x00,0x85,0xff,0xff,
  0xff,0xff,0xff,0x48,0x00,0x00,0x14,0xff,0xff,0xff,0x9c,0x00,0x00,0x21,0xf8,0xff,0xfa,0xff,0xff,0xff,0x48,0x00,0x00,0x14,
  0xff,0xff,0xff,0x9c,0x00,0x00,0xaf,0xff,0xfa,0x90,0xff,0xff,0xff,0x48,0x00,0x00,0x14,0xff,0xff,0xff,0x9c,0x00,0x44,0xff,
  0xff,0x8e,0x68,0xff,0xff,0xff,0x48,0x00,0x00,0x14,0xff,0xff,0xff,0x9c,0x04,0xd4,0xff,0xea,0x0f,0x68,0xff,0xff,0xff,0x48,
  0x00,0x00,0x14,0xff,0xff,0xff,0x9c,0x6d,0xff,0xff,0x64,0x00,0x68,0xff,0xff,0xff,0x48,0x00,0x00,0x14,0xff,0xff,0xff,0xaf,
  0xee,0xff,0xcd,0x02,0x00,0x68,0xff,0xff,0xff,0x48,0x00,0x00,0x14,0xff,0xff,0xff,0xfe,0xff,0xff,0x3b,0x00,0x00,0x68,0xff,
  0xff,0xff,0x48,0x00,0x00,0x14,0xff,0xff,0xff,0xff,0xff,0xa5,0x00,0x00,0x00,0x68,0xff,0xff,0xff,0x48,0x00,0x00,0x14,0xff,
  0xff,0xff,0xff,0xf4,0x1b,0x00,0x00,0x00,0x68,0xff,0xff,0xff,0x48,0x00,0x00,0x14,0xff,0xff,0xff,0xff,0x7b,0x00,0x00,0x00,
  0x00,0x68,0xff,0xff,0xff,0x48,0x00,0x00,0x14,0xff,0xff,0xff,0xde,0x08,0x00,0x00,0x00,0x00,0x68,0xff,0xff,0xff,0x48,0x00,
  0x00,0x24,0xff,0xff,0xff,0xb0,0x00,0x00,0x00,0x47,0xc6,0xf3,0xf9,0x65,0x00,0x00,0x24,0xff,0xff,0xff,0xb0,0x00,0x00,0x2d,
  0xfa,0xff,0xff,0xff,0x6d,0x00,0x00,0x24,0xff,0xff,0xff,0xb0,0x00,0x00,0xac,0xff,0xff,0xff,0xff,0x6f,0x00,0x00,0x24,0xff,
  0xff,0xff,0xb0,0x00,0x15,0xfa,0xff,0xff,0x62,0x0c,0x00,0x00,0x00,0x24,0xff,0xff,0xff,0xb0,0x00,0x76,0xff,0xff,0xc6,0x00,
  0x00,0x00,0x00,0x00,0x24,0xff,0xff,0xff,0xb2,0x41,0xed,0xff,0xff,0x5f,0x00,0x00,0x00,0x00,0x00,0x24,0xff,0xff,0xff,0xff,
  0xff,0xff,0xff,0xc6,0x03,0x00,0x00,0x00,0x00,0x00,0x24,0xff,0xff,0xff,0xff,0xff,0xff,0xf0,0x37,0x00,0x00,0x00,0x00,0x00,
  0x00,0x24,0xff,0xff,0xff,0xff,0xff,0xff,0xff,0xf8,0x4d,0x00,0x00,0x00,0x00,0x00,0x24,0xff,0xff,0xff,0xb1,0x2a,0xdb,0xff,
  0xff,0xf1,0x1d,0x00,0x00,0x00,0x00,0x24,0xff,0xff,0xff,0xb0,0x00,0x41,0xff,0xff,0xff,0x9f,0x00,0x00,0x00,0x00,0x24,0xff,
  0xff,0xff,0xb0,0x00,0x00,0xc0,0xff,0xff,0xfd,0x2c,0x00,0x00,0x00,0x24,0xff,0xff,0xff,0xb0,0x00,0x00,0x47,0xff,0xff,0xff,
  0xb2,0x00,0x00,0x00,0x24,0xff,0xff,0xff,0xb0,0x00,0x00,0x00,0xcd,0xff,0xff,0xff,0x3b,0x00,0x00,0x24,0xff,0xff,0xff,0xb0,
  0x00,0x00,0x00,0x55,0xff,0xff,0xff,0xc3,0x00,0x00,0x00,0x00,0xf4,0xff,0xff,0xff,0xff,0xff,0xff,0xff,0xff,0xff,0xff,0xff,
  0xec,0x00,0x00,0x00,0x00,0x00,0xf4,0xff,0xff,0xff,0xff,0xff,0xff,0xff,0xff,0xff,0xff,0xff,0xec,0x00,0x00,0x00,0x00,0x00,
  0xf4,0xff,0xff,0xff,0xff,0xff,0xff,0xff,0xff,0xff,0xff,0xff,0xec,0x00,0x00,0x00,0x00,0x00,0xf4,0xff,0xff,0xd8,0x00,0x00,
  0x00,0x00,0x00,0xe8,0xff,0xff,0xec,0x00,0x00,0x00,0x00,0x00,0xf4,0xff,0xff,0xd8,0x00,0x00,0x00,0x00,0x00,0xe8,0xff,0xff,
  0xec,0x00,0x00,0x00,0x00,0x00,0xf4,0xff,0xff,0xd8,0x00,0x00,0x00,0x00,0x00,0xe8,0xff,0xff,0xec,0x00,0x00,0x00,0x00,0x00,
  0xf4,0xff,0xff,0xd8,0x00,0x00,0x00,0x00,0x00,0xe8,0xff,0xff,0xec,0x00,0x00,0x00,0x00,0x00,0xf4,0xff,0xff,0xd8,0x00,0x00,
  0x00,0x00,0x00,0xe8,0xff,0xff,0xec,0x00,0x00,0x00,0x00,0x00,0xf4,0xff,0xff,0xd8,0x00,0x00,0x00,0x00,0x00,0xe8,0xff,0xff,
  0xec,0x00,0x00,0x00,0x00,0x00,0xf7,0xff,0xff,0xd7,0x00,0x00,0x00,0x00,0x00,0xe8,0xff,0xff,0xec,0x00,0x00,0x00,0x00,0x03,
  0xfe,0xff,0xff,0xd1,0x00,0x00,0x00,0x00,0x00,0xe8,0xff,0xff,0xec,0x00,0x00,0x08,0x02,0x42,0xff,0xff,0xff,0xbd,0x00,0x00,
  0x00,0x00,0x00,0xe8,0xff,0xff,0xec,0x00,0x00,0xa8,0xff,0xff,0xff,0xff,0xff,0x8e,0x00,0x00,0x00,0x00,0x00,0xe8,0xff,0xff,
  0xec,0x00,0x00,0xa8,0xff,0xff,0xff,0xff,0xf8,0x28,0x00,0x00,0x00,0x00,0x00,0xe8,0xff,0xff,0xec,0x00,0x00,0x85,0xe8,0xfb,
  0xf5,0xd1,0x4d,0x00,0x00,0x00,0x00,0x00,0x00,0xe8,0xff,0xff,0xec,0x00,0x00,0x00,0x00,0xe0,0xff,0xff,0xff,0xfa,0x11,0x00,
  0x00,0x00,0x00,0x00,0x12,0xfa,0xff,0xff,0xff,0xe0,0x00,0x00,0x00,0x00,0xe0,0xff,0xff,0xff,0xff,0x64,0x00,0x00,0x00,0x00,
  0x00,0x66,0xff,0xff,0xff,0xff,0xe0,0x00,0x00,0x00,0x00,0xe0,0xff,0xff,0xff,0xff,0xbc,0x00,0x00,0x00,0x00,0x00,0xbf,0xff,
  0xff,0xff,0xff,0xe0,0x00,0x00,0x00,0x00,0xe0,0xff,0xff,0xff,0xff,0xfc,0x17,0x00,0x00,0x00,0x1a,0xfd,0xff,0xff,0xff,0xff,
  0xe0,0x00,0x00,0x00,0x00,0xe0,0xff,0xff,0xff,0xff,0xff,0x6d,0x00,0x00,0x00,0x71,0xff,0xff,0xff,0xff,0xff,0xe0,0x00,0x00,
  0x00,0x00,0xe0,0xff,0xff,0xde,0xff,0xff,0xc5,0x00,0x00,0x00,0xca,0xff,0xff,0xdc,0xff,0xff,0xe0,0x00,0x00,0x00,0x00,0xe0,
  0xff,0xff,0x88,0xff,0xff,0xfe,0x1f,0x00,0x24,0xff,0xff,0xfd,0x84,0xff,0xff,0xe0,0x00,0x00,0x00,0x00,0xe0,0xff,0xff,0x68,
  0xc8,0xff,0xff,0x76,0x00,0x7d,0xff,0xff,0xbe,0x68,0xff,0xff,0xe0,0x00,0x00,0x00,0x00,0xe0,0xff,0xff,0x68,0x71,0xff,0xff,
  0xcf,0x00,0xd6,0xff,0xff,0x62,0x68,0xff,0xff,0xe0,0x00,0x00,0x00,0x00,0xe0,0xff,0xff,0x68,0x1b,0xfe,0xff,0xff,0x56,0xff,
  0xff,0xf7,0x0f,0x68,0xff,0xff,0xe0,0x00,0x00,0x00,0x00,0xe0,0xff,0xff,0x68,0x00,0xc2,0xff,0xff,0xed,0xff,0xff,0xab,0x00,
  0x68,0xff,0xff,0xe0,0x00,0x00,0x00,0x00,0xe0,0xff,0xff,0x68,0x00,0x6a,0xff,0xff,0xff,0xff,0xff,0x50,0x00,0x68,0xff,0xff,
  0xe0,0x00,0x00,0x00,0x00,0xe0,0xff,0xff,0x68,0x00,0x16,0xfc,0xff,0xff,0xff,0xee,0x06,0x00,0x68,0xff,0xff,0xe0,0x00,0x00,
  0x00,0x00,0xe0,0xff,0xff,0x68,0x00,0x00,0xbb,0xff,0xff,0xff,0x99,0x00,0x00,0x68,0xff,0xff,0xe0,0x00,0x00,0x00,0x00,0xe0,
  0xff,0xff,0x68,0x00,0x00,0x64,0xff,0xff,0xff,0x3d,0x00,0x00,0x68,0xff,0xff,0xe0,0x00,0x00,0x00,0x24,0xff,0xff,0xff,0xb4,
  0x00,0x00,0x00,0x00,0x00,0xcc,0xff,0xff,0xff,0x0c,0x00,0x00,0x24,0xff,0xff,0xff,0xb4,0x00,0x00,0x00,0x00,0x00,0xcc,0xff,
  0xff,0xff,0x0c,0x00,0x00,0x24,0xff,0xff,0xff,0xb4,0x00,0x00,0x00,0x00,0x00,0xcc,0xff,0xff,0xff,0x0c,0x00,0x00,0x24,0xff,
  0xff,0xff,0xb4,0x00,0x00,0x00,0x00,0x00,0xcc,0xff,0xff,0xff,0x0c,0x00,0x00,0x24,0xff,0xff,0xff,0xb4,0x00,0x00,0x00,0x00,
  0x00,0xcc,0xff,0xff,0xff,0x0c,0x00,0x00,0x24,0xff,0xff,0xff,0xff,0xff,0xff,0xff,0xff,0xff,0xff,0xff,0xff,0xff,0x0c,0x00,
  0x00,0x24,0xff,0xff,0xff,0xff,0xff,0xff,0xff,0xff,0xff,0xff,0xff,0xff,0xff,0x0c,0x00,0x00,0x24,0xff,0xff,0xff,0xff,0xff,
  0xff,0xff,0xff,0xff,0xff,0xff,0xff,0xff,0x0c,0x00,0x00,0x24,0xff,0xff,0xff,0xb4,0x00,0x00,0x00,0x00,0x00,0xcc,0xff,0xff,
  0xff,0x0c,0x00,0x00,0x24,0xff,0xff,0xff,0xb4,0x00,0x00,0x00,0x00,0x00,0xcc,0xff,0xff,0xff,0x0c,0x00,0x00,0x24,0xff,0xff,
  0xff,0xb4,0x00,0x00,0x00,0x00,0x00,0xcc,0xff,0xff,0xff,0x0c,0x00,0x00,0x24,0xff,0xff,0xff,0xb4,0x00,0x00,0x00,0x00,0x00,
  0xcc,0xff,0xff,0xff,0x0c,0x00,0x00,0x24,0xff,0xff,0xff,0xb4,0x00,0x00,0x00,0x00,0x00,0xcc,0xff,0xff,0xff,0x0c,0x00,0x00,
  0x24,0xff,0xff,0xff,0xb4,0x00,0x00,0x00,0x00,0x00,0xcc,0xff,0xff,0xff,0x0c,0x00,0x00,0x24,0xff,0xff,0xff,0xb4,0x00,0x00,
  0x00,0x00,0x00,0xcc,0xff,0xff,0xff,0x0c,0x00,0x00,0x00,0x00,0x00,0x08,0x5b,0xb6,0xdf,0xf8,0xec,0xc6,0x7a,0x10,0x00,0x00,
  0x00,0x00,0x00,0x00,0x00,0x2d,0xd7,0xff,0xff,0xff,0xff,0xff,0xff,0xff,0xee,0x4b,0x00,0x00,0x00,0x00,0x00,0x26,0xf3,0xff,
  0xff,0xff,0xff,0xff,0xff,0xff,0xff,0xff,0xfd,0x50,0x00,0x00,0x00,0x02,0xce,0xff,0xff,0xff,0xc2,0x35,0x07,0x24,0x9d,0xff,
  0xff,0xff,0xf2,0x17,0x00,0x00,0x47,0xff,0xff,0xff,0xd2,0x07,0x00,0x00,0x00,0x00,0xa2,0xff,0xff,0xff,0x8b,0x00,0x00,0x9f,
  0xff,0xff,0xff,0x5c,0x00,0x00,0x00,0x00,0x00,0x25,0xff,0xff,0xff,0xdb,0x00,0x00,0xc7,0xff,0xff,0xff,0x23,0x00,0x00,0x00,
  0x00,0x00,0x00,0xec,0xff,0xff,0xff,0x06,0x00,0xd8,0xff,0xff,0xff,0x13,0x00,0x00,0x00,0x00,0x00,0x00,0xdc,0xff,0xff,0xff,
  0x16,0x00,0xc1,0xff,0xff,0xff,0x23,0x00,0x00,0x00,0x00,0x00,0x00,0xed,0xff,0xff,0xff,0x05,0x00,0xa0,0xff,0xff,0xff,0x5c,
  0x00,0x00,0x00,0x00,0x00,0x25,0xff,0xff,0xff,0xd7,0x00,0x00,0x4e,0xff,0xff,0xff,0xd1,0x07,0x00,0x00,0x00,0x00,0xa2,0xff,
  0xff,0xff,0x85,0x00,0x00,0x05,0xde,0xff,0xff,0xff,0xc1,0x34,0x06,0x22,0x9d,0xff,0xff,0xff,0xef,0x14,0x00,0x00,0x00,0x32,
  0xf8,0xff,0xff,0xff,0xff,0xff,0xff,0xff,0xff,0xff,0xfc,0x49,0x00,0x00,0x00,0x00,0x00,0x36,0xd8,0xff,0xff,0xff,0xff,0xff,
  0xff,0xff,0xeb,0x46,0x00,0x00,0x00,0x00,0x00,0x00,0x00,0x08,0x5a,0xb3,0xdf,0xf8,0xed,0xc5,0x77,0x0e,0x00,0x00,0x00,0x00,
  0x00,0x24,0xff,0xff,0xff,0xff,0xff,0xff,0xff,0xff,0xff,0xff,0xff,0xff,0xc0,0x00,0x00,0x00,0x24,0xff,0xff,0xff,0xff,0xff,
  0xff,0xff,0xff,0xff,0xff,0xff,0xff,0xc0,0x00,0x00,0x00,0x24,0xff,0xff,0xff,0xff,0xff,0xff,0xff,0xff,0xff,0xff,0xff,0xff,
  0xc0,0x00,0x00,0x00,0x24,0xff,0xff,0xff,0xb4,0x00,0x00,0x00,0x00,0x18,0xff,0xff,0xff,0xc0,0x00,0x00,0x00,0x24,0xff,0xff,
  0xff,0xb4,0x00,0x00,0x00,0x00,0x18,0xff,0xff,0xff,0xc0,0x00,0x00,0x00,0x24,0xff,0xff,0xff,0xb4,0x00,0x00,0x00,0x00,0x18,
  0xff,0xff,0xff,0xc0,0x00,0x00,0x00,0x24,0xff,0xff,0xff,0xb4,0x00,0x00,0x00,0x00,0x18,0xff,0xff,0xff,0xc0,0x00,0x00,0x00,
  0x24,0xff,0xff,0xff,0xb4,0x00,0x00,0x00,0x00,0x18,0xff,0xff,0xff,0xc0,0x00,0x00,0x00,0x24,0xff,0xff,0xff,0xb4,0x00,0x00,
  0x00,0x00,0x18,0xff,0xff,0xff,0xc0,0x00,0x00,0x00,0x24,0xff,0xff,0xff,0xb4,0x00,0x00,0x00,0x00,0x18,0xff,0xff,0xff,0xc0,
  0x00,0x00,0x00,0x24,0xff,0xff,0xff,0xb4,0x00,0x00,0x00,0x00,0x18,0xff,0xff,0xff,0xc0,0x00,0x00,0x00,0x24,0xff,0xff,0xff,
  0xb4,0x00,0x00,0x00,0x00,0x18,0xff,0xff,0xff,0xc0,0x00,0x00,0x00,0x24,0xff,0xff,0xff,0xb4,0x00,0x00,0x00,0x00,0x18,0xff,
  0xff,0xff,0xc0,0x00,0x00,0x00,0x24,0xff,0xff,0xff,0xb4,0x00,0x00,0x00,0x00,0x18,0xff,0xff,0xff,0xc0,0x00,0x00,0x00,0x24,
  0xff,0xff,0xff,0xb4,0x00,0x00,0x00,0x00,0x18,0xff,0xff,0xff,0xc0,0x00,0x00,0x00,0x18,0xff,0xff,0xff,0x7c,0x0d,0x80,0xd0,
  0xf3,0xf2,0xc7,0x65,0x02,0x00,0x00,0x00,0x00,0x18,0xff,0xff,0xff,0x94,0xdd,0xff,0xff,0xff,0xff,0xff,0xff,0xbc,0x0c,0x00,
  0x00,0x00,0x18,0xff,0xff,0xff,0xfe,0xff,0xff,0xff,0xff,0xff,0xff,0xff,0xff,0xac,0x00,0x00,0x00,0x18,0xff,0xff,0xff,0xff,
  0xf5,0x65,0x0f,0x13,0x79,0xfd,0xff,0xff,0xff,0x44,0x00,0x00,0x18,0xff,0xff,0xff,0xff,0x5b,0x00,0x00,0x00,0x00,0x83,0xff,
  0xff,0xff,0xa7,0x00,0x00,0x18,0xff,0xff,0xff,0xeb,0x02,0x00,0x00,0x00,0x00,0x18,0xff,0xff,0xff,0xe2,0x00,0x00,0x18,0xff,
  0xff,0xff,0xbf,0x00,0x00,0x00,0x00,0x00,0x00,0xe8,0xff,0xff,0xfd,0x01,0x00,0x18,0xff,0xff,0xff,0xb7,0x00,0x00,0x00,0x00,
  0x00,0x00,0xdb,0xff,0xff,0xff,0x0b,0x00,0x18,0xff,0xff,0xff,0xca,0x00,0x00,0x00,0x00,0x00,0x00,0xe8,0xff,0xff,0xfc,0x01,
  0x00,0x18,0xff,0xff,0xff,0xf6,0x0a,0x00,0x00,0x00,0x00,0x15,0xff,0xff,0xff,0xdd,0x00,0x00,0x18,0xff,0xff,0xff,0xff,0x75,
  0x00,0x00,0x00,0x00,0x79,0xff,0xff,0xff,0xa0,0x00,0x00,0x18,0xff,0xff,0xff,0xff,0xfc,0x76,0x12,0x0f,0x6e,0xfa,0xff,0xff,
  0xff,0x3c,0x00,0x00,0x18,0xff,0xff,0xff,0xfd,0xff,0xff,0xff,0xff,0xff,0xff,0xff,0xff,0xa5,0x00,0x00,0x00,0x18,0xff,0xff,
  0xff,0xc1,0x95,0xff,0xff,0xff,0xff,0xff,0xff,0xb7,0x0a,0x00,0x00,0x00,0x18,0xff,0xff,0xff,0xc0,0x00,0x54,0xc4,0xf3,0xf3,
  0xc6,0x62,0x01,0x00,0x00,0x00,0x00,0x18,0xff,0xff,0xff,0xc0,0x00,0x00,0x00,0x00,0x00,0x00,0x00,0x00,0x00,0x00,0x00,0x00,
  0x18,0xff,0xff,0xff,0xc0,0x00,0x00,0x00,0x00,0x00,0x00,0x00,0x00,0x00,0x00,0x00,0x00,0x18,0xff,0xff,0xff,0xc0,0x00,0x00,
  0x00,0x00,0x00,0x00,0x00,0x00,0x00,0x00,0x00,0x00,0x18,0xff,0xff,0xff,0xc0,0x00,0x00,0x00,0x00,0x00,0x00,0x00,0x00,0x00,
  0x00,0x00,0x00,0x18,0xff,0xff,0xff,0xc0,0x00,0x00,0x00,0x00,0x00,0x00,0x00,0x00,0x00,0x00,0x00,0x00,0x18,0xff,0xff,0xff,
  0xc0,0x00,0x00,0x00,0x00,0x00,0x00,0x00,0x00,0x00,0x00,0x00,0x00,0x00,0x00,0x00,0x1f,0x8c,0xd2,0xf1,0xfb,0xea,0xc0,0x72,
  0x0d,0x00,0x00,0x00,0x00,0x00,0x00,0x65,0xf9,0xff,0xff,0xff,0xff,0xff,0xff,0xff,0xe1,0x2b,0x00,0x00,0x00,0x00,0x59,0xff,
  0xff,0xff,0xff,0xff,0xff,0xff,0xff,0xff,0xff,0xe0,0x0b,0x00,0x00,0x0c,0xee,0xff,0xff,0xff,0x9a,0x26,0x0b,0x43,0xe1,0xff,
  0xff,0xff,0x76,0x00,0x00,0x64,0xff,0xff,0xff,0xaa,0x00,0x00,0x00,0x00,0x4a,0xd7,0x93,0x50,0x0f,0x00,0x00,0xa4,0xff,0xff,
  0xff,0x4c,0x00,0x00,0x00,0x00,0x00,0x00,0x00,0x00,0x00,0x00,0x00,0xc6,0xff,0xff,0xff,0x26,0x00,0x00,0x00,0x00,0x00,0x00,
  0x00,0x00,0x00,0x00,0x00,0xd3,0xff,0xff,0xff,0x1e,0x00,0x00,0x00,0x00,0x00,0x00,0x00,0x00,0x00,0x00,0x00,0xc7,0xff,0xff,
  0xff,0x2c,0x00,0x00,0x00,0x00,0x00,0x00,0x00,0x00,0x00,0x00,0x00,0xa5,0xff,0xff,0xff,0x58,0x00,0x00,0x00,0x00,0x00,0x00,
  0x00,0x00,0x00,0x00,0x00,0x65,0xff,0xff,0xff,0xb7,0x00,0x00,0x00,0x00,0x20,0xe1,0xa0,0x5c,0x18,0x00,0x00,0x0c,0xee,0xff,
  0xff,0xff,0x99,0x1e,0x07,0x35,0xca,0xff,0xff,0xff,0xa9,0x00,0x00,0x00,0x59,0xff,0xff,0xff,0xff,0xff,0xff,0xff,0xff,0xff,
  0xff,0xf7,0x2a,0x00,0x00,0x00,0x00,0x66,0xfa,0xff,0xff,0xff,0xff,0xff,0xff,0xff,0xf0,0x4a,0x00,0x00,0x00,0x00,0x00,0x00,
  0x21,0x90,0xd5,0xf3,0xfb,0xeb,0xc4,0x7c,0x15,0x00,0x00,0x00,0xb8,0xff,0xff,0xff,0xff,0xff,0xff,0xff,0xff,0xff,0xff,0xff,
  0xff,0x6c,0xb8,0xff,0xff,0xff,0xff,0xff,0xff,0xff,0xff,0xff,0xff,0xff,0xff,0x6c,0xb8,0xff,0xff,0xff,0xff,0xff,0xff,0xff,
  0xff,0xff,0xff,0xff,0xff,0x6c,0x00,0x00,0x00,0x00,0x10,0xff,0xff,0xff,0xc8,0x00,0x00,0x00,0x00,0x00,0x00,0x00,0x00,0x00,
  0x10,0xff,0xff,0xff,0xc8,0x00,0x00,0x00,0x00,0x00,0x00,0x00,0x00,0x00,0x10,0xff,0xff,0xff,0xc8,0x00,0x00,0x00,0x00,0x00,
  0x00,0x00,0x00,0x00,0x10,0xff,0xff,0xff,0xc8,0x00,0x00,0x00,0x00,0x00,0x00,0x00,0x00,0x00,0x10,0xff,0xff,0xff,0xc8,0x00,
  0x00,0x00,0x00,0x00,0x00,0x00,0x00,0x00,0x10,0xff,0xff,0xff,0xc8,0x00,0x00,0x00,0x00,0x00,0x00,0x00,0x00,0x00,0x10,0xff,
  0xff,0xff,0xc8,0x00,0x00,0x00,0x00,0x00,0x00,0x00,0x00,0x00,0x10,0xff,0xff,0xff,0xc8,0x00,0x00,0x00,0x00,0x00,0x00,0x00,
  0x00,0x00,0x10,0xff,0xff,0xff,0xc8,0x00,0x00,0x00,0x00,0x00,0x00,0x00,0x00,0x00,0x10,0xff,0xff,0xff,0xc8,0x00,0x00,0x00,
  0x00,0x00,0x00,0x00,0x00,0x00,0x10,0xff,0xff,0xff,0xc8,0x00,0x00,0x00,0x00,0x00,0x00,0x00,0x00,0x00,0x10,0xff,0xff,0xff,
  0xc8,0x00,0x00,0x00,0x00,0x00,0xa1,0xff,0xff,0xff,0x71,0x00,0x00,0x00,0x00,0x00,0x0c,0xf8,0xff,0xff,0xec,0x05,0x43,0xff,
  0xff,0xff,0xc5,0x00,0x00,0x00,0x00,0x00,0x57,0xff,0xff,0xff,0x97,0x00,0x02,0xe2,0xff,0xff,0xfe,0x1a,0x00,0x00,0x00,0x00,
  0xa9,0xff,0xff,0xff,0x3c,0x00,0x00,0x86,0xff,0xff,0xff,0x6c,0x00,0x00,0x00,0x07,0xf2,0xff,0xff,0xe0,0x01,0x00,0x00,0x27,
  0xff,0xff,0xff,0xbf,0x00,0x00,0x00,0x4c,0xff,0xff,0xff,0x87,0x00,0x00,0x00,0x00,0xc9,0xff,0xff,0xfc,0x16,0x00,0x00,0x9e,
  0xff,0xff,0xff,0x2c,0x00,0x00,0x00,0x00,0x6b,0xff,0xff,0xff,0x67,0x00,0x03,0xeb,0xff,0xff,0xd1,0x00,0x00,0x00,0x00,0x00,
  0x12,0xf9,0xff,0xff,0xba,0x00,0x41,0xff,0xff,0xff,0x76,0x00,0x00,0x00,0x00,0x00,0x00,0xae,0xff,0xff,0xfb,0x12,0x93,0xff,
  0xff,0xfe,0x1d,0x00,0x00,0x00,0x00,0x00,0x00,0x50,0xff,0xff,0xff,0x62,0xe3,0xff,0xff,0xc1,0x00,0x00,0x00,0x00,0x00,0x00,
  0x00,0x05,0xeb,0xff,0xff,0xdf,0xff,0xff,0xff,0x66,0x00,0x00,0x00,0x00,0x00,0x00,0x00,0x00,0x93,0xff,0xff,0xff,0xff,0xff,
  0xf9,0x12,0x00,0x00,0x00,0x00,0x00,0x00,0x00,0x00,0x34,0xff,0xff,0xff,0xff,0xff,0xb0,0x00,0x00,0x00,0x00,0x00,0x00,0x00,
  0x00,0x00,0x00,0xd5,0xff,0xff,0xff,0xff,0x56,0x00,0x00,0x00,0x00,0x00,0x00,0x00,0x00,0x00,0x00,0x77,0xff,0xff,0xff,0xf2,
  0x09,0x00,0x00,0x00,0x00,0x00,0x00,0x00,0x00,0x00,0x00,0x75,0xff,0xff,0xff,0xa2,0x00,0x00,0x00,0x00,0x00,0x00,0x00,0x00,
  0x00,0x00,0x06,0xdb,0xff,0xff,0xff,0x48,0x00,0x00,0x00,0x00,0x00,0x00,0x00,0x1e,0x09,0x22,0xab,0xff,0xff,0xff,0xe1,0x04,
  0x00,0x00,0x00,0x00,0x00,0x00,0x00,0xcc,0xff,0xff,0xff,0xff,0xff,0xff,0x69,0x00,0x00,0x00,0x00,0x00,0x00,0x00,0x00,0xae,
  0xff,0xff,0xff,0xff,0xff,0xa6,0x02,0x00,0x00,0x00,0x00,0x00,0x00,0x00,0x00,0x74,0xe1,0xf8,0xe6,0xc2,0x6a,0x04,0x00,0x00,
  0x00,0x00,0x00,0x00,0x00,0x00,0x00,0x00,0x00,0x00,0x00,0x00,0x00,0x00,0x00,0x00,0xa4,0xff,0xff,0xff,0x2c,0x00,0x00,0x00,
  0x00,0x00,0x00,0x00,0x00,0x00,0x00,0x00,0x00,0x00,0x00,0x00,0x00,0x00,0x00,0x00,0x00,0xa4,0xff,0xff,0xff,0x2c,0x00,0x00,
  0x00,0x00,0x00,0x00,0x00,0x00,0x00,0x00,0x00,0x00,0x00,0x00,0x00,0x00,0x00,0x00,0x00,0x00,0xa4,0xff,0xff,0xff,0x2c,0x00,
  0x00,0x00,0x00,0x00,0x00,0x00,0x00,0x00,0x00,0x00,0x00,0x00,0x00,0x00,0x00,0x00,0x00,0x00,0x00,0xa4,0xff,0xff,0xff,0x2c,
  0x00,0x00,0x00,0x00,0x00,0x00,0x00,0x00,0x00,0x00,0x00,0x00,0x00,0x00,0x00,0x00,0x00,0x00,0x00,0x00,0xa4,0xff,0xff,0xff,
  0x2c,0x00,0x00,0x00,0x00,0x00,0x00,0x00,0x00,0x00,0x00,0x00,0x00,0x00,0x00,0x4d,0xc6,0xf6,0xe4,0x8c,0x0b,0xa4,0xff,0xff,
  0xff,0x2c,0x36,0xb5,0xef,0xf1,0xb7,0x35,0x00,0x00,0x00,0x00,0x00,0x00,0x00,0x7f,0xff,0xff,0xff,0xff,0xff,0xce,0xb0,0xff,
  0xff,0xff,0x76,0xfa,0xff,0xff,0xff,0xff,0xf9,0x47,0x00,0x00,0x00,0x00,0x00,0x5b,0xff,0xff,0xff,0xff,0xff,0xff,0xff,0xff,
  0xff,0xff,0xff,0xfc,0xff,0xff,0xff,0xff,0xff,0xff,0xed,0x13,0x00,0x00,0x00,0x0a,0xec,0xff,0xff,0xff,0x95,0x10,0x34,0xde,
  0xff,0xff,0xff,0xff,0xff,0x8e,0x0f,0x2e,0xda,0xff,0xff,0xff,0x88,0x00,0x00,0x00,0x61,0xff,0xff,0xff,0xd0,0x01,0x00,0x00,
  0x31,0xff,0xff,0xff,0xff,0xce,0x01,0x00,0x00,0x40,0xff,0xff,0xff,0xe6,0x01,0x00,0x00,0xa3,0xff,0xff,0xff,0x69,0x00,0x00,
  0x00,0x00,0xcf,0xff,0xff,0xff,0x6e,0x00,0x00,0x00,0x00,0xde,0xff,0xff,0xff,0x25,0x00,0x00,0xc7,0xff,0xff,0xff,0x3b,0x00,
  0x00,0x00,0x00,0xa5,0xff,0xff,0xff,0x3d,0x00,0x00,0x00,0x00,0xb0,0xff,0xff,0xff,0x4a,0x00,0x00,0xd4,0xff,0xff,0xff,0x26,
  0x00,0x00,0x00,0x00,0x9d,0xff,0xff,0xff,0x26,0x00,0x00,0x00,0x00,0x9b,0xff,0xff,0xff,0x57,0x00,0x00,0xc8,0xff,0xff,0xff,
  0x39,0x00,0x00,0x00,0x00,0xb5,0xff,0xff,0xff,0x37,0x00,0x00,0x00,0x00,0xb0,0xff,0xff,0xff,0x4b,0x00,0x00,0xa6,0xff,0xff,
  0xff,0x63,0x00,0x00,0x00,0x01,0xdf,0xff,0xff,0xff,0x5f,0x00,0x00,0x00,0x02,0xe1,0xff,0xff,0xff,0x29,0x00,0x00,0x6b,0xff,
  0xff,0xff,0xc3,0x00,0x00,0x00,0x47,0xff,0xff,0xff,0xff,0xc5,0x00,0x00,0x00,0x4c,0xff,0xff,0xff,0xe7,0x01,0x00,0x00,0x15,
  0xf8,0xff,0xff,0xff,0x83,0x0b,0x35,0xe1,0xff,0xff,0xff,0xff,0xff,0x8a,0x0e,0x35,0xe4,0xff,0xff,0xff,0x81,0x00,0x00,0x00,
  0x00,0x85,0xff,0xff,0xff,0xff,0xff,0xff,0xff,0xff,0xff,0xff,0xff,0xff,0xff,0xff,0xff,0xff,0xff,0xff,0xdf,0x0b,0x00,0x00,
  0x00,0x00,0x05,0xb9,0xff,0xff,0xff,0xff,0xff,0xc9,0xb2,0xff,0xff,0xff,0x87,0xfd,0xff,0xff,0xff,0xff,0xea,0x2a,0x00,0x00,
  0x00,0x00,0x00,0x00,0x04,0x77,0xd9,0xf8,0xdd,0x80,0x07,0xa4,0xff,0xff,0xff,0x2c,0x41,0xc2,0xf5,0xe8,0x9c,0x1a,0x00,0x00,
  0x00,0x00,0x00,0x00,0x00,0x00,0x00,0x00,0x00,0x00,0x00,0x00,0xa4,0xff,0xff,0xff,0x2c,0x00,0x00,0x00,0x00,0x00,0x00,0x00,
  0x00,0x00,0x00,0x00,0x00,0x00,0x00,0x00,0x00,0x00,0x00,0x00,0x00,0xa4,0xff,0xff,0xff,0x2c,0x00,0x00,0x00,0x00,0x00,0x00,
  0x00,0x00,0x00,0x00,0x00,0x00,0x00,0x00,0x00,0x00,0x00,0x00,0x00,0x00,0xa4,0xff,0xff,0xff,0x2c,0x00,0x00,0x00,0x00,0x00,
  0x00,0x00,0x00,0x00,0x00,0x00,0x00,0x00,0x00,0x00,0x00,0x00,0x00,0x00,0x00,0xa4,0xff,0xff,0xff,0x2c,0x00,0x00,0x00,0x00,
  0x00,0x00,0x00,0x00,0x00,0x00,0x00,0x00,0x00,0x00,0x00,0x00,0x00,0x00,0x00,0x00,0xa4,0xff,0xff,0xff,0x2c,0x00,0x00,0x00,
  0x00,0x00,0x00,0x00,0x00,0x00,0x00,0x00,0x00,0x00,0x00,0x00,0x00,0x00,0x00,0x00,0x00,0xa4,0xff,0xff,0xff,0x2c,0x00,0x00,
  0x00,0x00,0x00,0x00,0x00,0x00,0x00,0x00,0x45,0xfe,0xff,0xff,0xff,0x63,0x00,0x00,0x00,0x12,0xe9,0xff,0xff,0xff,0x82,0x00,
  0x00,0x94,0xff,0xff,0xff,0xed,0x15,0x00,0x00,0xa4,0xff,0xff,0xff,0xcc,0x05,0x00,0x00,0x0a,0xd9,0xff,0xff,0xff,0xa1,0x00,
  0x4b,0xff,0xff,0xff,0xf7,0x29,0x00,0x00,0x00,0x00,0x36,0xfc,0xff,0xff,0xff,0x50,0xe4,0xff,0xff,0xff,0x6f,0x00,0x00,0x00,
  0x00,0x00,0x00,0x83,0xff,0xff,0xff,0xfd,0xff,0xff,0xff,0xbc,0x01,0x00,0x00,0x00,0x00,0x00,0x00,0x05,0xcd,0xff,0xff,0xff,
  0xff,0xff,0xef,0x1d,0x00,0x00,0x00,0x00,0x00,0x00,0x00,0x00,0x2a,0xf7,0xff,0xff,0xff,0xff,0x5b,0x00,0x00,0x00,0x00,0x00,
  0x00,0x00,0x00,0x00,0x01,0xca,0xff,0xff,0xff,0xfe,0x37,0x00,0x00,0x00,0x00,0x00,0x00,0x00,0x00,0x00,0x6c,0xff,0xff,0xff,
  0xff,0xff,0xd8,0x09,0x00,0x00,0x00,0x00,0x00,0x00,0x00,0x24,0xf5,0xff,0xff,0xff,0xff,0xff,0xff,0x90,0x00,0x00,0x00,0x00,
  0x00,0x00,0x02,0xc4,0xff,0xff,0xff,0xbd,0xff,0xff,0xff,0xfe,0x40,0x00,0x00,0x00,0x00,0x00,0x75,0xff,0xff,0xff,0xdd,0x0a,
  0xa2,0xff,0xff,0xff,0xdf,0x0d,0x00,0x00,0x00,0x2a,0xf8,0xff,0xff,0xff,0x44,0x00,0x14,0xeb,0xff,0xff,0xff,0x9b,0x00,0x00,
  0x04,0xcb,0xff,0xff,0xff,0x9e,0x00,0x00,0x00,0x5c,0xff,0xff,0xff,0xff,0x4a,0x00,0x7d,0xff,0xff,0xff,0xe8,0x11,0x00,0x00,
  0x00,0x00,0xb9,0xff,0xff,0xff,0xe6,0x12,0x00,0x20,0xff,0xff,0xff,0xb8,0x00,0x00,0x00,0x00,0x00,0xcc,0xff,0xff,0xff,0x0c,
  0x00,0x00,0x20,0xff,0xff,0xff,0xb8,0x00,0x00,0x00,0x00,0x00,0xcc,0xff,0xff,0xff,0x0c,0x00,0x00,0x20,0xff,0xff,0xff,0xb8,
  0x00,0x00,0x00,0x00,0x00,0xcc,0xff,0xff,0xff,0x0c,0x00,0x00,0x20,0xff,0xff,0xff,0xb8,0x00,0x00,0x00,0x00,0x00,0xcc,0xff,
  0xff,0xff,0x0c,0x00,0x00,0x20,0xff,0xff,0xff,0xb8,0x00,0x00,0x00,0x00,0x00,0xcc,0xff,0xff,0xff,0x0c,0x00,0x00,0x20,0xff,
  0xff,0xff,0xb8,0x00,0x00,0x00,0x00,0x00,0xcc,0xff,0xff,0xff,0x0c,0x00,0x00,0x20,0xff,0xff,0xff,0xb8,0x00,0x00,0x00,0x00,
  0x00,0xcc,0xff,0xff,0xff,0x0c,0x00,0x00,0x20,0xff,0xff,0xff,0xb8,0x00,0x00,0x00,0x00,0x00,0xcc,0xff,0xff,0xff,0x0c,0x00,
  0x00,0x20,0xff,0xff,0xff,0xb8,0x00,0x00,0x00,0x00,0x00,0xcc,0xff,0xff,0xff,0x0c,0x00,0x00,0x20,0xff,0xff,0xff,0xb8,0x00,
  0x00,0x00,0x00,0x00,0xcc,0xff,0xff,0xff,0x0c,0x00,0x00,0x20,0xff,0xff,0xff,0xb8,0x00,0x00,0x00,0x00,0x00,0xcc,0xff,0xff,
  0xff,0x0c,0x00,0x00,0x20,0xff,0xff,0xff,0xb8,0x00,0x00,0x00,0x00,0x00,0xcc,0xff,0xff,0xff,0x0c,0x00,0x00,0x20,0xff,0xff,
  0xff,0xff,0xff,0xff,0xff,0xff,0xff,0xff,0xff,0xff,0xff,0xff,0x90,0x00,0x20,0xff,0xff,0xff,0xff,0xff,0xff,0xff,0xff,0xff,
  0xff,0xff,0xff,0xff,0xff,0x90,0x00,0x20,0xff,0xff,0xff,0xff,0xff,0xff,0xff,0xff,0xff,0xff,0xff,0xff,0xff,0xff,0x90,0x00,
  0x00,0x00,0x00,0x00,0x00,0x00,0x00,0x00,0x00,0x00,0x00,0x00,0x8c,0xff,0xff,0x90,0x00,0x00,0x00,0x00,0x00,0x00,0x00,0x00,
  0x00,0x00,0x00,0x00,0x00,0x8c,0xff,0xff,0x90,0x00,0x00,0x00,0x00,0x00,0x00,0x00,0x00,0x00,0x00,0x00,0x00,0x00,0x8c,0xff,
  0xff,0x90,0x00,0x00,0x00,0x00,0x00,0x00,0x00,0x00,0x00,0x00,0x00,0x00,0x00,0x8c,0xff,0xff,0x90,0x00,0x70,0xff,0xff,0xff,
  0x70,0x00,0x00,0x00,0x00,0x68,0xff,0xff,0xff,0x70,0x00,0x00,0x70,0xff,0xff,0xff,0x70,0x00,0x00,0x00,0x00,0x68,0xff,0xff,
  0xff,0x70,0x00,0x00,0x70,0xff,0xff,0xff,0x70,0x00,0x00,0x00,0x00,0x68,0xff,0xff,0xff,0x70,0x00,0x00,0x6f,0xff,0xff,0xff,
  0x70,0x00,0x00,0x00,0x00,0x68,0xff,0xff,0xff,0x70,0x00,0x00,0x63,0xff,0xff,0xff,0x7b,0x00,0x00,0x00,0x00,0x68,0xff,0xff,
  0xff,0x70,0x00,0x00,0x4d,0xff,0xff,0xff,0xae,0x00,0x00,0x00,0x00,0x68,0xff,0xff,0xff,0x70,0x00,0x00,0x15,0xfe,0xff,0xff,
  0xfe,0x84,0x1b,0x07,0x2b,0xa3,0xff,0xff,0xff,0x70,0x00,0x00,0x00,0xab,0xff,0xff,0xff,0xff,0xff,0xff,0xff,0xff,0xff,0xff,
  0xff,0x70,0x00,0x00,0x00,0x15,0xc6,0xff,0xff,0xff,0xff,0xff,0xff,0xff,0xff,0xff,0xff,0x70,0x00,0x00,0x00,0x00,0x05,0x64,
  0xc2,0xeb,0xfa,0xdd,0xab,0xb1,0xff,0xff,0xff,0x70,0x00,0x00,0x00,0x00,0x00,0x00,0x00,0x00,0x00,0x00,0x00,0x68,0xff,0xff,
  0xff,0x70,0x00,0x00,0x00,0x00,0x00,0x00,0x00,0x00,0x00,0x00,0x00,0x68,0xff,0xff,0xff,0x70,0x00,0x00,0x00,0x00,0x00,0x00,
  0x00,0x00,0x00,0x00,0x00,0x68,0xff,0xff,0xff,0x70,0x00,0x00,0x00,0x00,0x00,0x00,0x00,0x00,0x00,0x00,0x00,0x68,0xff,0xff,
  0xff,0x70,0x00,0x00,0x00,0x00,0x00,0x00,0x00,0x00,0x00,0x00,0x00,0x68,0xff,0xff,0xff,0x70,0x00,0x00,0x14,0xff,0xff,0xff,
  0x70,0x00,0x00,0x00,0x18,0xff,0xff,0xff,0x70,0x00,0x00,0x00,0x1c,0xff,0xff,0xff,0x6c,0x00,0x00,0x14,0xff,0xff,0xff,0x70,
  0x00,0x00,0x00,0x18,0xff,0xff,0xff,0x70,0x00,0x00,0x00,0x1c,0xff,0xff,0xff,0x6c,0x00,0x00,0x14,0xff,0xff,0xff,0x70,0x00,
  0x00,0x00,0x18,0xff,0xff,0xff,0x70,0x00,0x00,0x00,0x1c,0xff,0xff,0xff,0x6c,0x00,0x00,0x14,0xff,0xff,0xff,0x70,0x00,0x00,
  0x00,0x18,0xff,0xff,0xff,0x70,0x00,0x00,0x00,0x1c,0xff,0xff,0xff,0x6c,0x00,0x00,0x14,0xff,0xff,0xff,0x70,0x00,0x00,0x00,
  0x18,0xff,0xff,0xff,0x70,0x00,0x00,0x00,0x1c,0xff,0xff,0xff,0x6c,0x00,0x00,0x14,0xff,0xff,0xff,0x70,0x00,0x00,0x00,0x18,
  0xff,0xff,0xff,0x70,0x00,0x00,0x00,0x1c,0xff,0xff,0xff,0x6c,0x00,0x00,0x14,0xff,0xff,0xff,0x70,0x00,0x00,0x00,0x18,0xff,
  0xff,0xff,0x70,0x00,0x00,0x00,0x1c,0xff,0xff,0xff,0x6c,0x00,0x00,0x14,0xff,0xff,0xff,0x70,0x00,0x00,0x00,0x18,0xff,0xff,
  0xff,0x70,0x00,0x00,0x00,0x1c,0xff,0xff,0xff,0x6c,0x00,0x00,0x14,0xff,0xff,0xff,0x70,0x00,0x00,0x00,0x18,0xff,0xff,0xff,
  0x70,0x00,0x00,0x00,0x1c,0xff,0xff,0xff,0x6c,0x00,0x00,0x14,0xff,0xff,0xff,0x70,0x00,0x00,0x00,0x18,0xff,0xff,0xff,0x70,
  0x00,0x00,0x00,0x1c,0xff,0xff,0xff,0x6c,0x00,0x00,0x14,0xff,0xff,0xff,0x70,0x00,0x00,0x00,0x18,0xff,0xff,0xff,0x70,0x00,
  0x00,0x00,0x1c,0xff,0xff,0xff,0x6c,0x00,0x00,0x14,0xff,0xff,0xff,0x70,0x00,0x00,0x00,0x18,0xff,0xff,0xff,0x70,0x00,0x00,
  0x00,0x1c,0xff,0xff,0xff,0x6c,0x00,0x00,0x14,0xff,0xff,0xff,0xff,0xff,0xff,0xff,0xff,0xff,0xff,0xff,0xff,0xff,0xff,0xff,
  0xff,0xff,0xff,0xff,0x6c,0x00,0x00,0x14,0xff,0xff,0xff,0xff,0xff,0xff,0xff,0xff,0xff,0xff,0xff,0xff,0xff,0xff,0xff,0xff,
  0xff,0xff,0xff,0x6c,0x00,0x00,0x14,0xff,0xff,0xff,0xff,0xff,0xff,0xff,0xff,0xff,0xff,0xff,0xff,0xff,0xff,0xff,0xff,0xff,
  0xff,0xff,0x6c,0x00,0x00,0x14,0xff,0xff,0xff,0x78,0x00,0x00,0x00,0x1c,0xff,0xff,0xff,0x6c,0x00,0x00,0x00,0x1c,0xff,0xff,
  0xff,0x70,0x00,0x00,0x00,0x14,0xff,0xff,0xff,0x78,0x00,0x00,0x00,0x1c,0xff,0xff,0xff,0x6c,0x00,0x00,0x00,0x1c,0xff,0xff,
  0xff,0x70,0x00,0x00,0x00,0x14,0xff,0xff,0xff,0x78,0x00,0x00,0x00,0x1c,0xff,0xff,0xff,0x6c,0x00,0x00,0x00,0x1c,0xff,0xff,
  0xff,0x70,0x00,0x00,0x00,0x14,0xff,0xff,0xff,0x78,0x00,0x00,0x00,0x1c,0xff,0xff,0xff,0x6c,0x00,0x00,0x00,0x1c,0xff,0xff,
  0xff,0x70,0x00,0x00,0x00,0x14,0xff,0xff,0xff,0x78,0x00,0x00,0x00,0x1c,0xff,0xff,0xff,0x6c,0x00,0x00,0x00,0x1c,0xff,0xff,
  0xff,0x70,0x00,0x00,0x00,0x14,0xff,0xff,0xff,0x78,0x00,0x00,0x00,0x1c,0xff,0xff,0xff,0x6c,0x00,0x00,0x00,0x1c,0xff,0xff,
  0xff,0x70,0x00,0x00,0x00,0x14,0xff,0xff,0xff,0x78,0x00,0x00,0x00,0x1c,0xff,0xff,0xff,0x6c,0x00,0x00,0x00,0x1c,0xff,0xff,
  0xff,0x70,0x00,0x00,0x00,0x14,0xff,0xff,0xff,0x78,0x00,0x00,0x00,0x1c,0xff,0xff,0xff,0x6c,0x00,0x00,0x00,0x1c,0xff,0xff,
  0xff,0x70,0x00,0x00,0x00,0x14,0xff,0xff,0xff,0x78,0x00,0x00,0x00,0x1c,0xff,0xff,0xff,0x6c,0x00,0x00,0x00,0x1c,0xff,0xff,
  0xff,0x70,0x00,0x00,0x00,0x14,0xff,0xff,0xff,0x78,0x00,0x00,0x00,0x1c,0xff,0xff,0xff,0x6c,0x00,0x00,0x00,0x1c,0xff,0xff,
  0xff,0x70,0x00,0x00,0x00,0x14,0xff,0xff,0xff,0x78,0x00,0x00,0x00,0x1c,0xff,0xff,0xff,0x6c,0x00,0x00,0x00,0x1c,0xff,0xff,
  0xff,0x70,0x00,0x00,0x00,0x14,0xff,0xff,0xff,0x78,0x00,0x00,0x00,0x1c,0xff,0xff,0xff,0x6c,0x00,0x00,0x00,0x1c,0xff,0xff,
  0xff,0x70,0x00,0x00,0x00,0x14,0xff,0xff,0xff,0xff,0xff,0xff,0xff,0xff,0xff,0xff,0xff,0xff,0xff,0xff,0xff,0xff,0xff,0xff,
  0xff,0xff,0xff,0x04,0x00,0x14,0xff,0xff,0xff,0xff,0xff,0xff,0xff,0xff,0xff,0xff,0xff,0xff,0xff,0xff,0xff,0xff,0xff,0xff,
  0xff,0xff,0xff,0x04,0x00,0x14,0xff,0xff,0xff,0xff,0xff,0xff,0xff,0xff,0xff,0xff,0xff,0xff,0xff,0xff,0xff,0xff,0xff,0xff,
  0xff,0xff,0xff,0x04,0x00,0x00,0x00,0x00,0x00,0x00,0x00,0x00,0x00,0x00,0x00,0x00,0x00,0x00,0x00,0x00,0x00,0x00,0x00,0x18,
  0xff,0xff,0xff,0x04,0x00,0x00,0x00,0x00,0x00,0x00,0x00,0x00,0x00,0x00,0x00,0x00,0x00,0x00,0x00,0x00,0x00,0x00,0x00,0x18,
  0xff,0xff,0xff,0x04,0x00,0x00,0x00,0x00,0x00,0x00,0x00,0x00,0x00,0x00,0x00,0x00,0x00,0x00,0x00,0x00,0x00,0x00,0x00,0x18,
  0xff,0xff,0xff,0x04,0x00,0x00,0x00,0x00,0x00,0x00,0x00,0x00,0x00,0x00,0x00,0x00,0x00,0x00,0x00,0x00,0x00,0x00,0x00,0x18,
  0xff,0xff,0xff,0x04,0x74,0xff,0xff,0xff,0xff,0xff,0xff,0xff,0xff,0x24,0x00,0x00,0x00,0x00,0x00,0x00,0x00,0x00,0x00,0x00,
  0x74,0xff,0xff,0xff,0xff,0xff,0xff,0xff,0xff,0x24,0x00,0x00,0x00,0x00,0x00,0x00,0x00,0x00,0x00,0x00,0x74,0xff,0xff,0xff,
  0xff,0xff,0xff,0xff,0xff,0x24,0x00,0x00,0x00,0x00,0x00,0x00,0x00,0x00,0x00,0x00,0x00,0x00,0x00,0x00,0x00,0xb4,0xff,0xff,
  0xff,0x24,0x00,0x00,0x00,0x00,0x00,0x00,0x00,0x00,0x00,0x00,0x00,0x00,0x00,0x00,0x00,0xb4,0xff,0xff,0xff,0x24,0x00,0x00,
  0x00,0x00,0x00,0x00,0x00,0x00,0x00,0x00,0x00,0x00,0x00,0x00,0x00,0xb4,0xff,0xff,0xff,0x24,0x00,0x00,0x00,0x00,0x00,0x00,
  0x00,0x00,0x00,0x00,0x00,0x00,0x00,0x00,0x00,0xb4,0xff,0xff,0xff,0xff,0xff,0xff,0xff,0xfc,0xf2,0xd7,0x9b,0x25,0x00,0x00,
  0x00,0x00,0x00,0x00,0x00,0xb4,0xff,0xff,0xff,0xff,0xff,0xff,0xff,0xff,0xff,0xff,0xff,0xf1,0x33,0x00,0x00,0x00,0x00,0x00,
  0x00,0xb4,0xff,0xff,0xff,0xff,0xff,0xff,0xff,0xff,0xff,0xff,0xff,0xff,0xcd,0x00,0x00,0x00,0x00,0x00,0x00,0xb4,0xff,0xff,
  0xff,0x24,0x00,0x00,0x06,0x1b,0x5e,0xf4,0xff,0xff,0xff,0x26,0x00,0x00,0x00,0x00,0x00,0xb4,0xff,0xff,0xff,0x24,0x00,0x00,
  0x00,0x00,0x00,0xb7,0xff,0xff,0xff,0x44,0x00,0x00,0x00,0x00,0x00,0xb4,0xff,0xff,0xff,0x24,0x00,0x00,0x00,0x0a,0x45,0xf2,
  0xff,0xff,0xff,0x2f,0x00,0x00,0x00,0x00,0x00,0xb4,0xff,0xff,0xff,0xff,0xff,0xff,0xff,0xff,0xff,0xff,0xff,0xff,0xdf,0x02,
  0x00,0x00,0x00,0x00,0x00,0xb4,0xff,0xff,0xff,0xff,0xff,0xff,0xff,0xff,0xff,0xff,0xff,0xf9,0x47,0x00,0x00,0x00,0x00,0x00,
  0x00,0xb4,0xff,0xff,0xff,0xff,0xff,0xff,0xff,0xfe,0xf3,0xd6,0x9b,0x2e,0x00,0x00,0x00,0x00,0xf8,0xff,0xff,0xe0,0x00,0x00,
  0x00,0x00,0x00,0x00,0x00,0x00,0x00,0x00,0x00,0x00,0xc4,0xff,0xff,0xff,0x14,0x00,0x00,0x00,0xf8,0xff,0xff,0xe0,0x00,0x00,
  0x00,0x00,0x00,0x00,0x00,0x00,0x00,0x00,0x00,0x00,0xc4,0xff,0xff,0xff,0x14,0x00,0x00,0x00,0xf8,0xff,0xff,0xe0,0x00,0x00,
  0x00,0x00,0x00,0x00,0x00,0x00,0x00,0x00,0x00,0x00,0xc4,0xff,0xff,0xff,0x14,0x00,0x00,0x00,0xf8,0xff,0xff,0xe0,0x00,0x00,
  0x00,0x00,0x00,0x00,0x00,0x00,0x00,0x00,0x00,0x00,0xc4,0xff,0xff,0xff,0x14,0x00,0x00,0x00,0xf8,0xff,0xff,0xe0,0x00,0x00,
  0x00,0x00,0x00,0x00,0x00,0x00,0x00,0x00,0x00,0x00,0xc4,0xff,0xff,0xff,0x14,0x00,0x00,0x00,0xf8,0xff,0xff,0xe0,0x00,0x00,
  0x00,0x00,0x00,0x00,0x00,0x00,0x00,0x00,0x00,0x00,0xc4,0xff,0xff,0xff,0x14,0x00,0x00,0x00,0xf8,0xff,0xff,0xff,0xff,0xff,
  0xff,0xff,0xfb,0xed,0xcc,0x7f,0x0f,0x00,0x00,0x00,0xc4,0xff,0xff,0xff,0x14,0x00,0x00,0x00,0xf8,0xff,0xff,0xff,0xff,0xff,
  0xff,0xff,0xff,0xff,0xff,0xff,0xd1,0x11,0x00,0x00,0xc4,0xff,0xff,0xff,0x14,0x00,0x00,0x00,0xf8,0xff,0xff,0xff,0xff,0xff,
  0xff,0xff,0xff,0xff,0xff,0xff,0xff,0x8d,0x00,0x00,0xc4,0xff,0xff,0xff,0x14,0x00,0x00,0x00,0xf8,0xff,0xff,0xe0,0x00,0x00,
  0x01,0x0a,0x24,0x84,0xff,0xff,0xff,0xe6,0x00,0x00,0xc4,0xff,0xff,0xff,0x14,0x00,0x00,0x00,0xf8,0xff,0xff,0xe0,0x00,0x00,
  0x00,0x00,0x00,0x01,0xf7,0xff,0xff,0xff,0x04,0x00,0xc4,0xff,0xff,0xff,0x14,0x00,0x00,0x00,0xf8,0xff,0xff,0xe0,0x00,0x00,
  0x00,0x02,0x17,0x78,0xff,0xff,0xff,0xf0,0x00,0x00,0xc4,0xff,0xff,0xff,0x14,0x00,0x00,0x00,0xf8,0xff,0xff,0xff,0xff,0xff,
  0xff,0xff,0xff,0xff,0xff,0xff,0xff,0xa2,0x00,0x00,0xc4,0xff,0xff,0xff,0x14,0x00,0x00,0x00,0xf8,0xff,0xff,0xff,0xff,0xff,
  0xff,0xff,0xff,0xff,0xff,0xff,0xda,0x19,0x00,0x00,0xc4,0xff,0xff,0xff,0x14,0x00,0x00,0x00,0xf8,0xff,0xff,0xff,0xff,0xff,
  0xff,0xff,0xfc,0xed,0xc3,0x75,0x0b,0x00,0x00,0x00,0xc4,0xff,0xff,0xff,0x14,0x00,0x00,0x00,0xe8,0xff,0xff,0xf0,0x00,0x00,
  0x00,0x00,0x00,0x00,0x00,0x00,0x00,0x00,0x00,0x00,0x00,0xe8,0xff,0xff,0xf0,0x00,0x00,0x00,0x00,0x00,0x00,0x00,0x00,0x00,
  0x00,0x00,0x00,0x00,0xe8,0xff,0xff,0xf0,0x00,0x00,0x00,0x00,0x00,0x00,0x00,0x00,0x00,0x00,0x00,0x00,0x00,0xe8,0xff,0xff,
  0xf0,0x00,0x00,0x00,0x00,0x00,0x00,0x00,0x00,0x00,0x00,0x00,0x00,0x00,0xe8,0xff,0xff,0xf0,0x00,0x00,0x00,0x00,0x00,0x00,
  0x00,0x00,0x00,0x00,0x00,0x00,0x00,0xe8,0xff,0xff,0xf0,0x00,0x00,0x00,0x00,0x00,0x00,0x00,0x00,0x00,0x00,0x00,0x00,0x00,
  0xe8,0xff,0xff,0xff,0xff,0xff,0xff,0xff,0xfb,0xed,0xcd,0x85,0x14,0x00,0x00,0x00,0x00,0xe8,0xff,0xff,0xff,0xff,0xff,0xff,
  0xff,0xff,0xff,0xff,0xff,0xdb,0x17,0x00,0x00,0x00,0xe8,0xff,0xff,0xff,0xff,0xff,0xff,0xff,0xff,0xff,0xff,0xff,0xff,0x9c,
  0x00,0x00,0x00,0xe8,0xff,0xff,0xf0,0x00,0x00,0x01,0x09,0x22,0x7c,0xff,0xff,0xff,0xf5,0x01,0x00,0x00,0xe8,0xff,0xff,0xf0,
  0x00,0x00,0x00,0x00,0x00,0x00,0xeb,0xff,0xff,0xff,0x14,0x00,0x00,0xe8,0xff,0xff,0xf0,0x00,0x00,0x00,0x00,0x0f,0x64,0xff,
  0xff,0xff,0xfa,0x05,0x00,0x00,0xe8,0xff,0xff,0xff,0xff,0xff,0xff,0xff,0xff,0xff,0xff,0xff,0xff,0xb2,0x00,0x00,0x00,0xe8,
  0xff,0xff,0xff,0xff,0xff,0xff,0xff,0xff,0xff,0xff,0xff,0xe2,0x21,0x00,0x00,0x00,0xe8,0xff,0xff,0xff,0xff,0xff,0xff,0xff,
  0xfd,0xef,0xc8,0x7d,0x0f,0x00,0x00,0x00,0x00,0x00,0x17,0x7e,0xca,0xe7,0xf9,0xe7,0xb8,0x66,0x05,0x00,0x00,0x00,0x00,0x00,
  0x40,0xf2,0xff,0xff,0xff,0xff,0xff,0xff,0xff,0xd5,0x1f,0x00,0x00,0x00,0x26,0xf7,0xff,0xff,0xff,0xff,0xff,0xff,0xff,0xff,
  0xff,0xd9,0x0a,0x00,0x00,0xa6,0xff,0xff,0xff,0xc4,0x31,0x0a,0x36,0xc9,0xff,0xff,0xff,0x80,0x00,0x00,0x1c,0x60,0xa5,0xdf,
  0x13,0x00,0x00,0x00,0x1b,0xf7,0xff,0xff,0xe7,0x00,0x00,0x00,0x00,0x00,0x00,0x00,0x00,0x00,0x00,0x00,0xc3,0xff,0xff,0xff,
  0x26,0x00,0x00,0x00,0x00,0x00,0x00,0xbc,0xff,0xff,0xff,0xff,0xff,0xff,0xff,0x46,0x00,0x00,0x00,0x00,0x00,0x00,0xbc,0xff,
  0xff,0xff,0xff,0xff,0xff,0xff,0x53,0x00,0x00,0x00,0x00,0x00,0x00,0xbc,0xff,0xff,0xff,0xff,0xff,0xff,0xff,0x45,0x00,0x00,
  0x00,0x00,0x00,0x00,0x00,0x00,0x00,0x00,0xdd,0xff,0xff,0xff,0x26,0x01,0x31,0x74,0xb8,0xb8,0x00,0x00,0x00,0x00,0x36,0xff,
  0xff,0xff,0xe9,0x00,0x0d,0xea,0xff,0xff,0xff,0x8b,0x18,0x0d,0x49,0xde,0xff,0xff,0xff,0x86,0x00,0x00,0x69,0xff,0xff,0xff,
  0xff,0xff,0xff,0xff,0xff,0xff,0xff,0xde,0x0f,0x00,0x00,0x00,0x75,0xfe,0xff,0xff,0xff,0xff,0xff,0xff,0xff,0xd9,0x25,0x00,
  0x00,0x00,0x00,0x00,0x28,0x8d,0xce,0xe9,0xfa,0xe9,0xbb,0x6a,0x07,0x00,0x00,0x00,0x00,0x04,0xff,0xff,0xff,0xd4,0x00,0x00,
  0x00,0x00,0x00,0x01,0x4d,0xad,0xe3,0xf8,0xf1,0xcf,0x86,0x18,0x00,0x00,0x00,0x00,0x00,0x04,0xff,0xff,0xff,0xd4,0x00,0x00,
  0x00,0x00,0x0d,0xb5,0xff,0xff,0xff,0xff,0xff,0xff,0xff,0xf4,0x54,0x00,0x00,0x00,0x00,0x04,0xff,0xff,0xff,0xd4,0x00,0x00,
  0x00,0x01,0xbc,0xff,0xff,0xff,0xff,0xff,0xff,0xff,0xff,0xff,0xfd,0x48,0x00,0x00,0x00,0x04,0xff,0xff,0xff,0xd4,0x00,0x00,
  0x00,0x5f,0xff,0xff,0xff,0xdc,0x41,0x08,0x21,0x88,0xfe,0xff,0xff,0xe4,0x06,0x00,0x00,0x04,0xff,0xff,0xff,0xd4,0x00,0x00,
  0x00,0xc7,0xff,0xff,0xff,0x37,0x00,0x00,0x00,0x00,0xa1,0xff,0xff,0xff,0x57,0x00,0x00,0x04,0xff,0xff,0xff,0xd4,0x00,0x00,
  0x08,0xfb,0xff,0xff,0xe5,0x00,0x00,0x00,0x00,0x00,0x52,0xff,0xff,0xff,0x98,0x00,0x00,0x04,0xff,0xff,0xff,0xff,0xff,0xff,
  0xff,0xff,0xff,0xff,0xc4,0x00,0x00,0x00,0x00,0x00,0x31,0xff,0xff,0xff,0xbb,0x00,0x00,0x04,0xff,0xff,0xff,0xff,0xff,0xff,
  0xff,0xff,0xff,0xff,0xbe,0x00,0x00,0x00,0x00,0x00,0x27,0xff,0xff,0xff,0xca,0x00,0x00,0x04,0xff,0xff,0xff,0xff,0xff,0xff,
  0xff,0xff,0xff,0xff,0xca,0x00,0x00,0x00,0x00,0x00,0x30,0xff,0xff,0xff,0xba,0x00,0x00,0x04,0xff,0xff,0xff,0xd4,0x00,0x00,
  0x0a,0xfe,0xff,0xff,0xed,0x01,0x00,0x00,0x00,0x00,0x57,0xff,0xff,0xff,0x9f,0x00,0x00,0x04,0xff,0xff,0xff,0xd4,0x00,0x00,
  0x00,0xca,0xff,0xff,0xff,0x3e,0x00,0x00,0x00,0x00,0xaf,0xff,0xff,0xff,0x5b,0x00,0x00,0x04,0xff,0xff,0xff,0xd4,0x00,0x00,
  0x00,0x5c,0xff,0xff,0xff,0xe7,0x52,0x12,0x13,0x81,0xff,0xff,0xff,0xec,0x0f,0x00,0x00,0x04,0xff,0xff,0xff,0xd4,0x00,0x00,
  0x00,0x01,0xb7,0xff,0xff,0xff,0xff,0xff,0xff,0xff,0xff,0xff,0xff,0x5f,0x00,0x00,0x00,0x04,0xff,0xff,0xff,0xd4,0x00,0x00,
  0x00,0x00,0x0f,0xbc,0xff,0xff,0xff,0xff,0xff,0xff,0xff,0xfd,0x6f,0x00,0x00,0x00,0x00,0x04,0xff,0xff,0xff,0xd4,0x00,0x00,
  0x00,0x00,0x00,0x01,0x55,0xaf,0xe4,0xf8,0xf0,0xd3,0x96,0x2a,0x00,0x00,0x00,0x00,0x00,0x00,0x00,0x11,0x87,0xd1,0xf1,0xfc,
  0xff,0xff,0xff,0xff,0xff,0xff,0xff,0x74,0x00,0x00,0x00,0x0c,0xd2,0xff,0xff,0xff,0xff,0xff,0xff,0xff,0xff,0xff,0xff,0xff,
  0x74,0x00,0x00,0x00,0x73,0xff,0xff,0xff,0xff,0xff,0xff,0xff,0xff,0xff,0xff,0xff,0xff,0x74,0x00,0x00,0x00,0xb6,0xff,0xff,
  0xff,0xa0,0x22,0x07,0x00,0x00,0x5c,0xff,0xff,0xff,0x74,0x00,0x00,0x00,0xc6,0xff,0xff,0xff,0x32,0x00,0x00,0x00,0x00,0x5c,
  0xff,0xff,0xff,0x74,0x00,0x00,0x00,0xa4,0xff,0xff,0xff,0xa9,0x29,0x0a,0x00,0x00,0x5c,0xff,0xff,0xff,0x74,0x00,0x00,0x00,
  0x4c,0xff,0xff,0xff,0xff,0xff,0xff,0xff,0xff,0xff,0xff,0xff,0xff,0x74,0x00,0x00,0x00,0x00,0xa5,0xff,0xff,0xff,0xff,0xff,
  0xff,0xff,0xff,0xff,0xff,0xff,0x74,0x00,0x00,0x00,0x00,0x01,0x53,0xc9,0xff,0xff,0xff,0xff,0xff,0xff,0xff,0xff,0xff,0x74,
  0x00,0x00,0x00,0x00,0x00,0x55,0xfb,0xff,0xff,0xf2,0x5c,0x10,0x5c,0xff,0xff,0xff,0x74,0x00,0x00,0x00,0x00,0x24,0xf5,0xff,
  0xff,0xfe,0x4f,0x00,0x00,0x5c,0xff,0xff,0xff,0x74,0x00,0x00,0x00,0x01,0xc1,0xff,0xff,0xff,0x98,0x00,0x00,0x00,0x5c,0xff,
  0xff,0xff,0x74,0x00,0x00,0x00,0x6c,0xff,0xff,0xff,0xe7,0x10,0x00,0x00,0x00,0x5c,0xff,0xff,0xff,0x74,0x00,0x00,0x20,0xf3,
  0xff,0xff,0xff,0x58,0x00,0x00,0x00,0x00,0x5c,0xff,0xff,0xff,0x74,0x00,0x00,0xbb,0xff,0xff,0xff,0xb7,0x00,0x00,0x00,0x00,
  0x00,0x5c,0xff,0xff,0xff,0x74,0x00,0x00,0x00,0x00,0xe0,0xff,0xff,0x6c,0x00,0x00,0xfc,0xff,0xff,0x50,0x00,0x00,0x00,0x00,
  0x00,0x00,0xe0,0xff,0xff,0x6c,0x00,0x00,0xfc,0xff,0xff,0x50,0x00,0x00,0x00,0x00,0x00,0x00,0xe0,0xff,0xff,0x6c,0x00,0x00,
  0xfc,0xff,0xff,0x50,0x00,0x00,0x00,0x00,0x00,0x00,0x00,0x00,0x00,0x00,0x00,0x00,0x00,0x00,0x00,0x00,0x00,0x00,0x00,0x00,
  0x00,0x00,0x00,0x41,0xaa,0xe5,0xf9,0xe9,0xba,0x62,0x03,0x00,0x00,0x00,0x00,0x00,0x00,0x03,0x98,0xff,0xff,0xff,0xff,0xff,
  0xff,0xff,0xca,0x15,0x00,0x00,0x00,0x00,0x00,0x91,0xff,0xff,0xff,0xff,0xff,0xff,0xff,0xff,0xff,0xce,0x05,0x00,0x00,0x00,
  0x36,0xff,0xff,0xff,0xe7,0x52,0x0f,0x21,0x9d,0xff,0xff,0xff,0x72,0x00,0x00,0x00,0xa2,0xff,0xff,0xff,0x44,0x00,0x00,0x00,
  0x01,0xc1,0xff,0xff,0xd9,0x00,0x00,0x00,0xe4,0xff,0xff,0xf6,0x01,0x00,0x00,0x00,0x00,0x74,0xff,0xff,0xff,0x20,0x00,0x08,
  0xff,0xff,0xff,0xff,0xff,0xff,0xff,0xff,0xff,0xff,0xff,0xff,0xff,0x4d,0x00,0x17,0xff,0xff,0xff,0xff,0xff,0xff,0xff,0xff,
  0xff,0xff,0xff,0xff,0xff,0x64,0x00,0x0e,0xff,0xff,0xff,0xff,0xff,0xff,0xff,0xff,0xff,0xff,0xff,0xff,0xff,0x6e,0x00,0x00,
  0xec,0xff,0xff,0xec,0x00,0x00,0x00,0x00,0x00,0x00,0x00,0x00,0x00,0x00,0x00,0x00,0xad,0xff,0xff,0xff,0x43,0x00,0x00,0x00,
  0x00,0x00,0x00,0x00,0x00,0x00,0x00,0x00,0x46,0xff,0xff,0xff,0xe8,0x5a,0x12,0x0a,0x47,0xda,0xb7,0x74,0x31,0x02,0x00,0x00,
  0x00,0xaa,0xff,0xff,0xff,0xff,0xff,0xff,0xff,0xff,0xff,0xff,0xd7,0x0a,0x00,0x00,0x00,0x07,0xad,0xff,0xff,0xff,0xff,0xff,
  0xff,0xff,0xff,0xd0,0x26,0x00,0x00,0x00,0x00,0x00,0x00,0x49,0xa6,0xe0,0xf6,0xf4,0xdd,0xb0,0x5e,0x06,0x00,0x00,0x00,0x10,
  0xff,0xff,0xff,0xff,0xff,0xff,0xff,0xff,0xff,0xff,0xff,0xff,0xff,0xff,0xff,0x84,0x10,0xff,0xff,0xff,0xff,0xff,0xff,0xff,
  0xff,0xff,0xff,0xff,0xff,0xff,0xff,0xff,0x84,0x10,0xff,0xff,0xff,0xff,0xff,0xff,0xff,0xff,0xff,0xff,0xff,0xff,0xff,0xff,
  0xff,0x84,0x00,0x00,0x00,0x00,0x00,0x00,0x00,0x00,0x00,0x00,0x00,0x00,0x00,0x00,0x00,0x00,0x00,0x00,0x00,0x00,0x00,0x00,
  0x00,0x00,0x00,0x00,0x00,0x00,0x00,0x00,0x00,0x00,0x00,0x00,0x00,0x00,0x00,0x00,0x00,0x00,0x00,0x00,0x00,0x00,0x00,0x00,
  0x00,0x00,0x00,0x00,0x00,0x00,0x00,0x00,0x00,0x00,0x00,0x00,0x00,0x00,0x00,0x00,0x00,0x00,0x00,0x00,0x00,0x00,0x00,0x00,
  0x00,0x00,0x00,0x00,0x00,0x00,0x00,0x00,0x00,0x00,0x00,0x00,0x00,0x00,0x00,0x00,0x00,0x00,0x00,0x00,0x00,0x00,0x00,0x00,
  0x00,0x00,0x00,0x00,0x00,0x00,0x00,0x00,0xff,0xff,0xff,0xff,0xff,0xff,0xff,0xff,0xff,0xff,0xff,0xff,0xff,0xff,0xff,0xff,
  0xff,0xff,0xff,0xff,0xff,0xff,0xff,0xff,0xff,0xff,0xff,0xff,0xff,0xff,0xff,0xff,0xff,0xff,0xff,0xff,0xff,0xff,0xff,0xff,
  0xff,0xff,0xff,0xff,0xff,0xff,0xff,0xff,0xff,0xff,0xff,0xff,0xff,0xff,0xff,0xff,0xff,0xff,0xff,0xff,0xff,0xff,0xff,0xff,
  0xff,0xff,0xff,0xff,0xff,0xff,0xff,0xff,0xff,0xff,0xff,0xff,0xff,0xff,0xff,0xff,0xff,0xff,0xff,0xff,0x00,0x00,0x00,0x00,
  0x00,0x00,0x00,0x00,0x00,0x00,0x00,0x00,0x00,0x00,0x00,0x00,0x00,0x00,0x00,0x00,0x00,0x00,0x00,0x00,0x00,0x00,0x00,0x00,
  0x00,0x00,0x00,0x00,0x00,0x00,0x00,0x00,0x00,0x00,0x00,0x00,0x00,0x00,0x00,0x00,0x00,0x00,0x00,0x00,0x00,0x00,0x00,0x00,
  0x00,0x00,0x00,0x00,0x00,0x00,0x00,0x00,0x00,0x00,0x00,0x00,0x00,0x00,0x00,0x00,0x00,0x00,0x00,0x00,0x00,0x00,0x00,0x00,
  0x00,0x00,0x00,0x00,0x00,0x00,0x00,0x00,0x00,0x00,0x00,0x00,0x00,0x00,0x00,0x00,0x00,0x00,0x00,0x00,0x00,0x00,0x00,0x00,
  0x00,0x00,0x00,0x00,0x00,0x00,0x00,0x00,0x00,0x00,0x00,0x00,0x00,0x00,0x00,0x00,0x00,0x00,0x00,0x00,0x00,0x00,0x00,0x00,
  0x00,0x00,0x00,0x00,0x00,0x00,0x00,0x00,0x00,0x00,0x00,0x00,0x00,0x00,0x00,0x00,0x00,0x00,0x00,0x00,0x00,0x00,0x00,0x00,
  0x00,0x00,0x00,0x00,0x00,0x00,0x00,0x00,0x00,0x00,0x00,0x00,0x00,0x00,0x00,0x00,0x00,0x00,0x00,0x00,0x00,0x00,0x40,0xff,
  0xff,0xff,0x98,0x00,0x00,0x00,0x00,0x00,0xe8,0xff,0xff,0xec,0x00,0x00,0x00,0x00,0x00,0x98,0xff,0xff,0xff,0x44,0x00,0x00,
  0x00,0x00,0x40,0xff,0xff,0xff,0x98,0x00,0x00,0x00,0x00,0x00,0xe8,0xff,0xff,0xec,0x00,0x00,0x00,0x00,0x00,0x98,0xff,0xff,
  0xff,0x44,0x00,0x00,0x00,0x00,0x40,0xff,0xff,0xff,0x98,0x00,0x00,0x00,0x00,0x00,0xe8,0xff,0xff,0xec,0x00,0x00,0x00,0x00,
  0x00,0x98,0xff,0xff,0xff,0x44,0x00,0x00,0x00,0x00,0x40,0xff,0xff,0xff,0x98,0x00,0x00,0x00,0x00,0x00,0xe8,0xff,0xff,0xec,
  0x00,0x00,0x00,0x00,0x00,0x98,0xff,0xff,0xff,0x44,0x00,0x00,0x00,0x00,0x00,0x00,0x14,0xe9,0xff,0xf8,0x20,0x00,0x00,0x00,
  0x00,0xaa,0xff,0xff,0x8a,0x00,0x00,0x00,0x00,0x55,0xff,0xff,0xec,0x10,0x00,0x00,0x00,0x16,0xeb,0xff,0xff,0x6e,0x00,0x00,
  0x00,0x00,0xad,0xff,0xff,0xdb,0x05,0x00,0x00,0x00,0x5a,0xff,0xff,0xff,0x52,0x00,0x00,0x00,0x00,0xcc,0xff,0xff,0xef,0x04,
  0x00,0x00,0x00,0x00,0x44,0xff,0xff,0xff,0x65,0x00,0x00,0x00,0x00,0x00,0x9c,0xff,0xff,0xe5,0x0a,0x00,0x00,0x00,0x00,0x0f,
  0xe4,0xff,0xff,0x7a,0x00,0x00,0x00,0x00,0x00,0x4c,0xff,0xff,0xf1,0x13,0x00,0x00,0x00,0x00,0x00,0xa4,0xff,0xff,0x8f,0x00,
  0x00,0x00,0x00,0x00,0x13,0xe8,0xff,0xf9,0x21,0x00,0x00,0x00,0x00,0x00,0x00,0x00,0x00,0x00,0x00,0xb3,0xff,0xff,0x5f,0x00,
  0x00,0x00,0x00,0x00,0x2b,0xfd,0xff,0xef,0x19,0x00,0x00,0x00,0x00,0x00,0x9e,0xff,0xff,0xb1,0x00,0x00,0x00,0x00,0x00,0x1c,
  0xf7,0xff,0xff,0x5a,0x00,0x00,0x00,0x00,0x00,0x8a,0xff,0xff,0xec,0x16,0x00,0x00,0x00,0x00,0x11,0xee,0xff,0xff,0xac,0x00,
  0x00,0x00,0x00,0x00,0x8f,0xff,0xff,0xff,0x34,0x00,0x00,0x00,0x0a,0xe5,0xff,0xff,0xbd,0x01,0x00,0x00,0x00,0x7d,0xff,0xff,
  0xf2,0x1f,0x00,0x00,0x00,0x17,0xf3,0xff,0xff,0x66,0x00,0x00,0x00,0x00,0x97,0xff,0xff,0xb9,0x00,0x00,0x00,0x00,0x28,0xfb,
  0xff,0xf1,0x1d,0x00,0x00,0x00,0x00,0xb1,0xff,0xff,0x62,0x00,0x00,0x00,0x00,0x00,0x00,0x00,0x00,0x00,0x00,0x00,0x00,0x00,
  0x00,0x00,0x00,0x00,0x00,0x06,0xb4,0x80,0x00,0x00,0x00,0x00,0x00,0x00,0x00,0x00,0x00,0x00,0x00,0x00,0x00,0x00,0x00,0x00,
  0x00,0x00,0x00,0x00,0x00,0x00,0x00,0x00,0x06,0xb1,0xed,0x10,0x00,0x00,0x00,0x00,0x00,0x00,0x00,0x00,0x00,0x00,0x00,0x00,
  0x00,0x00,0x00,0x00,0x00,0x00,0x00,0x00,0x00,0x00,0x00,0x0f,0xbe,0xff,0x65,0x00,0x00,0x00,0x00,0x00,0x00,0x00,0x00,0x00,
  0x00,0x00,0x00,0x00,0x00,0x00,0x00,0x00,0x00,0x00,0x00,0x00,0x00,0x00,0x38,0xdb,0xff,0xab,0x00,0x00,0x00,0x00,0x00,0x00,
  0x00,0x00,0x00,0x00,0x00,0x00,0x00,0x00,0x00,0x00,0x00,0x00,0x00,0x00,0x00,0x00,0x00,0x9c,0xfd,0xff,0xff,0xcc,0xc0,0xc0,
  0xc0,0xc0,0xc0,0xc0,0xc0,0xc0,0xc0,0xc0,0xc0,0xc0,0xc0,0xc0,0xc0,0xc0,0xc0,0xc0,0xc0,0xc0,0xae,0x00,0x00,0x69,0xec,0xff,
  0xff,0xb8,0xa0,0xa0,0xa0,0xa0,0xa0,0xa0,0xa0,0xa0,0xa0,0xa0,0xa0,0xa0,0xa0,0xa0,0xa0,0xa0,0xa0,0xa0,0xa0,0xa0,0x91,0x00,
  0x00,0x00,0x17,0xb9,0xff,0xca,0x06,0x00,0x00,0x00,0x00,0x00,0x00,0x00,0x00,0x00,0x00,0x00,0x00,0x00,0x00,0x00,0x00,0x00,
  0x00,0x00,0x00,0x00,0x00,0x00,0x00,0x02,0x97,0xff,0x84,0x00,0x00,0x00,0x00,0x00,0x00,0x00,0x00,0x00,0x00,0x00,0x00,0x00,
  0x00,0x00,0x00,0x00,0x00,0x00,0x00,0x00,0x00,0x00,0x00,0x00,0x00,0x8c,0xf8,0x22,0x00,0x00,0x00,0x00,0x00,0x00,0x00,0x00,
  0x00,0x00,0x00,0x00,0x00,0x00,0x00,0x00,0x00,0x00,0x00,0x00,0x00,0x00,0x00,0x00,0x00,0x00,0x92,0x82,0x00,0x00,0x00,0x00,
  0x00,0x00,0x00,0x00,0x00,0x00,0x00,0x00,0x00,0x00,0x00,0x00,0x00,0x00,0x00,0x00,0x00,0x00,0x00,0x00,0x00,0x00,0x00,0x00,
  0x00,0x00,0x00,0x00,0x00,0x00,0x00,0x00,0x00,0x00,0x00,0x00,0x00,0x00,0x00,0x00,0x00,0x00,0x00,0x00,0x00,0x00,0x00,0x00,
  0x00,0x00,0x00,0x00,0x00,0x00,0x00,0x00,0x00,0x00,0x00,0x00,0x00,0x00,0x00,0x00,0x00,0x00,0x00,0x00,0x00,0x00,0x00,0x00,
  0x00,0x00,0x00,0x00,0x00,0x00,0x00,0x00,0x00,0x00,0x00,0x00,0x00,0x00,0x00,0x00,0x00,0x00,0x00,0x00,0x85,0xb4,0x06,0x00,
  0x00,0x00,0x00,0x00,0x00,0x00,0x00,0x00,0x00,0x00,0x00,0x00,0x00,0x00,0x00,0x00,0x00,0x00,0x00,0x00,0x00,0x00,0x00,0x00,
  0x12,0xef,0xaf,0x05,0x00,0x00,0x00,0x00,0x00,0x00,0x00,0x00,0x00,0x00,0x00,0x00,0x00,0x00,0x00,0x00,0x00,0x00,0x00,0x00,
  0x00,0x00,0x00,0x00,0x00,0x6a,0xff,0xbd,0x0f,0x00,0x00,0x00,0x00,0x00,0x00,0x00,0x00,0x00,0x00,0x00,0x00,0x00,0x00,0x00,
  0x00,0x00,0x00,0x00,0x00,0x00,0x00,0x00,0x00,0x00,0xaf,0xff,0xdb,0x37,0x00,0x00,0x00,0xb1,0xc0,0xc0,0xc0,0xc0,0xc0,0xc0,
  0xc0,0xc0,0xc0,0xc0,0xc0,0xc0,0xc0,0xc0,0xc0,0xc0,0xc0,0xc0,0xc0,0xc0,0xcd,0xff,0xff,0xfd,0x99,0x00,0x00,0x93,0xa0,0xa0,
  0xa0,0xa0,0xa0,0xa0,0xa0,0xa0,0xa0,0xa0,0xa0,0xa0,0xa0,0xa0,0xa0,0xa0,0xa0,0xa0,0xa0,0xa0,0xb9,0xff,0xff,0xeb,0x66,0x00,
  0x00,0x00,0x00,0x00,0x00,0x00,0x00,0x00,0x00,0x00,0x00,0x00,0x00,0x00,0x00,0x00,0x00,0x00,0x00,0x00,0x00,0x06,0xcd,0xff,
  0xb6,0x15,0x00,0x00,0x00,0x00,0x00,0x00,0x00,0x00,0x00,0x00,0x00,0x00,0x00,0x00,0x00,0x00,0x00,0x00,0x00,0x00,0x00,0x00,
  0x00,0x86,0xff,0x93,0x02,0x00,0x00,0x00,0x00,0x00,0x00,0x00,0x00,0x00,0x00,0x00,0x00,0x00,0x00,0x00,0x00,0x00,0x00,0x00,
  0x00,0x00,0x00,0x00,0x23,0xf9,0x89,0x00,0x00,0x00,0x00,0x00,0x00,0x00,0x00,0x00,0x00,0x00,0x00,0x00,0x00,0x00,0x00,0x00,
  0x00,0x00,0x00,0x00,0x00,0x00,0x00,0x00,0x83,0x90,0x00,0x00,0x00,0x00,0x00,0x00,0x00,0x00,0x00,0x00,0x00,0x00,0x00,0x00,
  0x00,0x00,0x00,0x00,0x00,0x00,0x00,0x00,0x00,0x00,0x00,0x00,0x00,0x00,0x00,0x00,0x00,0x00,0x00,0x00,0x00,0x00,0x00,0x00,
  0x00,0x00,0x00,0x00,0x00,0x00,0x00,0x00,0x00,0x00,0x00,0x00,0x00,0x00,0x00,0x00,0x00,0x00,0x00,0x00,0x00,0x00,0x00,0x00,
};
