1	den	OTHER		A1	det/pronoun	kelly
2	en	OTHER		A1	det/pronoun	kelly
3	vara	VERB		A1	verb/noun-en	kelly
4	att	OTHER		A1	subj	kelly
5	jag	OTHER		A1	pronoun/noun-ett	kelly
6	och	OTHER		A1	conj	kelly
7	i	OTHER		A1	prep	kelly
8	ha	VERB		A1	verb	kelly
9	på	OTHER		A1	prep	kelly
10	dess	OTHER		A1	pronoun/adverb	kelly
11	inte	OTHER		A1	adverb	kelly
12	det	OTHER		A1	pronoun/det	kelly
13	för	OTHER		A1	prep/adverb/conj/noun-en	kelly
14	med	OTHER		A1	prep/adverb	kelly
15	du	OTHER		A1	pronoun	kelly
16	så	OTHER		A1	adverb/subj	kelly
17	av	OTHER		A1	prep	kelly
18	till	OTHER		A1	prep/adverb	kelly
19	men	OTHER		A1	conj	kelly
20	man	OTHER		A1	pronoun/noun-en	kelly
21	skola	VERB		A1	aux verb/noun-en	kelly
22	kunna	VERB		A1	verb	kelly
23	vi	OTHER		A1	pronoun	kelly
24	få	VERB		A1	verb/adjective	kelly
25	de	OTHER		A1	det/pronoun	kelly
26	sig	OTHER		A1	pronoun	kelly
27	han	OTHER		A1	pronoun	kelly
28	om	OTHER		A1	prep/subj	kelly
29	någon	OTHER		A1	pronoun	kelly
30	bli	VERB		A1	verb	kelly
31	göra	VERB		A1	verb	kelly
32	komma	VERB		A1	verb	kelly
33	eller	OTHER		A1	conj	kelly
34	när	OTHER		A1	adverb	kelly
35	nu	OTHER		A1	adverb/noun-ett	kelly
36	all	OTHER		A1	pronoun	kelly
37	mycket	OTHER		A1	adverb/adjective/pronoun	kelly
38	denna	OTHER		A1	pronoun	kelly
39	ju	OTHER		A1	adverb/conj	kelly
40	då	OTHER		A1	adverb	kelly
41	hon	OTHER		A1	pronoun	kelly
42	gå	VERB		A1	verb	kelly
43	vad	OTHER		A1	pronoun/adverb	kelly
44	se	VERB		A1	verb	kelly
45	ta	VERB		A1	verb	kelly
46	bara	OTHER		A1	adverb/subj	kelly
47	vilja	VERB		A1	verb/noun-en	kelly
48	sin	OTHER		A1	pronoun	kelly
49	säga	VERB		A1	verb	kelly
50	lite	OTHER		A1	adverb	kelly
51	hur	OTHER		A1	adverb	kelly
52	från	OTHER		A1	prep	kelly
53	annan	OTHER		A1	pronoun	kelly
54	finna	VERB		A1	verb	kelly
55	här	OTHER		A1	adverb	kelly
56	hel	ADJ		A1	adjective	kelly
57	ni	OTHER		A1	pronoun	kelly
58	finnas	VERB			vb	saldo
59	ingen	OTHER		A1	pronoun	kelly
60	år	NOUN	ett	A1	noun-ett	kelly
61	bra	ADJ		A1	adjective/adverb	kelly
62	där	OTHER		A1	adverb	kelly
63	barn	NOUN	ett	A1	noun-ett	kelly
64	dag	NOUN	en	A1	noun-en	kelly
65	detta	OTHER		A1	pronoun	kelly
66	känna	VERB		A1	verb	kelly
67	god	ADJ		A1	adjective	kelly
68	ut	OTHER		A1	adverb	kelly
69	veta	VERB		A1	verb	kelly
70	också	OTHER		A1	adverb	kelly
71	den här	OTHER			pnm	saldo
72	stor	ADJ		A1	adjective	kelly
73	tro	VERB		A1	verb/noun-en	kelly
74	efter	OTHER		A1	prep/adverb	kelly
75	upp	OTHER		A1	particle/adverb	kelly
76	tycka	VERB		A1	verb	kelly
77	liten	ADJ		A1	adjective	kelly
78	in	OTHER		A1	adverb	kelly
79	mig	OTHER		A1	pronoun	kelly
80	mer	OTHER			ab	saldo
81	själv	OTHER		A1	pronoun	kelly
82	kanske	OTHER		A1	adverb	kelly
83	även	OTHER		A1	adverb	kelly
84	under	OTHER		A1	prep	kelly
85	vid	OTHER		A1	prep/adjective	kelly
86	ja	OTHER		A1	interj	kelly
87	helt	OTHER		A1	adverb	kelly
88	måste	VERB		A1	aux verb/noun-ett	kelly
89	väl	OTHER		A1	adverb	kelly
90	ny	ADJ		A1	adjective	kelly
91	tid	NOUN	en	A1	noun-en	kelly
92	tänka	VERB		A1	verb	kelly
93	ge	VERB		A1	verb	kelly
94	gång	NOUN	en	A1	noun-en	kelly
95	dem	OTHER		A1	pronoun	kelly
96	mot	OTHER		A1	prep	kelly
97	skriva	VERB		A1	verb	kelly
98	börja	VERB		A1	verb	kelly
99	del	NOUN	en	A1	noun-en	kelly
100	andra	NUM		A1	numeral	kelly
101	böra	VERB		A1	aux verb	kelly
102	över	OTHER		A1	prep/adverb	kelly
103	sen	ADJ		A1	adjective	kelly
104	sån	OTHER			pn	saldo
105	nog	OTHER		A1	adverb	kelly
106	behöva	VERB		A1	verb	kelly
107	hålla	VERB		A1	verb	kelly
108	idag	OTHER		A1	adverb	kelly
109	vad för	OTHER			pnm	saldo
110	se ut	VERB			vbm	saldo
111	lång	ADJ		A1	adjective	kelly
112	vecka	NOUN	en	A1	noun-en	kelly
113	två	NUM		A1	numeral	kelly
114	fråga	NOUN	en	A1	noun-en/verb	kelly
115	ligga	VERB		A1	verb	kelly
116	samma	OTHER		A1	pronoun	kelly
117	aldrig	OTHER		A1	adverb	kelly
118	hoppa	VERB		A1	verb	kelly
119	månad	NOUN	en	A1	noun-en	kelly
120	viss	ADJ		A1	adjective	kelly
121	gärna	OTHER		A1	adverb	kelly
122	utan	OTHER		A1	prep/conj	kelly
123	sedan	OTHER		A1	adverb/prep/subj	kelly
124	länge	OTHER		A1	adverb	kelly
125	igen	OTHER		A1	adverb/particle	kelly
126	sak	NOUN	en	A1	noun-en	kelly
127	stå	VERB		A1	verb	kelly
128	gälla	VERB		A1	verb	kelly
129	fall	NOUN	ett	A1	noun-ett	kelly
130	läsa	VERB		A1	verb	kelly
131	lägga	VERB		A1	verb	kelly
132	dock	OTHER		A1	adverb	kelly
133	just	OTHER		A1	adverb	kelly
134	varför	OTHER		A1	adverb	kelly
135	mången	OTHER			pn	saldo
136	hoppas	VERB		A1	verb	kelly
137	enligt	OTHER		A1	prep	kelly
138	kännas	VERB			vb	saldo
139	låta	VERB		A1	verb	kelly
140	riktig	ADJ		A1	adjective	kelly
141	som	OTHER		A1	pronoun/conj/adverb	kelly
142	väldig	ADJ		B1	adjective	kelly
143	försöka	VERB		A1	verb	kelly
144	köpa	VERB		A1	verb	kelly
145	ta sig	VERB			vbm	saldo
146	sådan	OTHER		A1	pronoun	kelly
147	din	OTHER		A1	pronoun	kelly
148	tidig	ADJ		A1	adjective	kelly
149	den där	OTHER			pnm	saldo
150	känna sig	VERB			vbm	saldo
151	folk	NOUN	ett	A1	noun-ett	kelly
152	ändå	OTHER		A1	adverb	kelly
153	sitta	VERB		A1	verb	kelly
154	använda	VERB		A1	verb	kelly
155	land	NOUN	ett	A1	noun-ett	kelly
156	olik	ADJ		A1	adjective	kelly
157	problem	NOUN	ett	A1	noun-ett	kelly
158	människa	NOUN	en	A1	noun-en	kelly
159	sätt	NOUN	ett	A1	noun-ett	kelly
160	svensk	ADJ		A1	adjective/noun-en	kelly
161	alltid	OTHER		A1	adverb	kelly
162	förstå	VERB		A1	verb	kelly
163	hög	ADJ		A1	adjective/noun-en	kelly
164	eftersom	OTHER		A1	subj	kelly
165	höra	VERB		A1	verb	kelly
166	även om	OTHER		A1	subj	kelly
167	en del	OTHER			pnm	saldo
168	person	NOUN	en	A1	noun-en	kelly
169	genom	OTHER		A1	prep	kelly
170	inom	OTHER		A1	prep	kelly
171	mellan	OTHER		A1	prep	kelly
172	egen	ADJ		A1	adjective	kelly
173	alltså	OTHER		A1	adverb	kelly
174	in i	OTHER			ppm	saldo
175	ner	OTHER		A1	particle/adverb	kelly
176	svår	ADJ		A1	adjective	kelly
177	bäst	OTHER		A2	adverb	kelly
178	nej	OTHER		A1	interj/noun-ett	kelly
179	innan	OTHER		A1	subj/prep/adverb	kelly
180	verkligen	OTHER		A1	adverb	kelly
181	liv	NOUN	ett	A1	noun-ett	kelly
182	i alla fall	OTHER		A1	adverb	kelly
183	hitta	VERB		A1	verb	kelly
184	visa	VERB		A1	verb/noun-en	kelly
185	kvinna	NOUN	en	A1	noun-en	kelly
186	verka	VERB		A1	verb	kelly
187	fram	OTHER		A1	particle/adverb	kelly
188	äta	VERB		A1	verb	kelly
189	just nu	OTHER			abm	saldo
190	redan	OTHER		A1	adverb	kelly
191	dålig	ADJ		A1	adjective	kelly
192	rätt	NOUN	en	A1	noun-en/adverb/adjective/particle	kelly
193	deras	OTHER		A1	pronoun	kelly
194	köra	VERB		A1	verb	kelly
195	gammal	ADJ		A1	adjective	kelly
196	ofta	OTHER		A1	adverb	kelly
197	regering	NOUN	en	A1	noun-en	kelly
198	hos	OTHER		A1	prep	kelly
199	snar	ADJ		B2	adjective	kelly
200	honom	OTHER		A1	pronoun	kelly
201	dig	OTHER		A1	pronoun	kelly
202	precis	OTHER		A1	adverb	kelly
203	bild	NOUN	en	A1	noun-en	kelly
204	faktisk	ADJ		A2	adjective	kelly
205	ond	ADJ		A1	adjective	kelly
206	ett par	OTHER			pnm	saldo
207	spela	VERB		A1	verb	kelly
208	jobb	NOUN	ett	A1	noun-ett	kelly
209	typ	NOUN	en	A1	noun-en	kelly
210	prata	VERB		A1	verb	kelly
211	jobba	VERB		A1	verb	kelly
212	hända	VERB		A1	verb	kelly
213	åka	VERB		A1	verb	kelly
214	kolla	VERB		A1	verb	kelly
215	lika	OTHER		A1	adverb	kelly
216	klar	ADJ		A1	adjective	kelly
217	fin	ADJ		A1	adjective	kelly
218	en annan	OTHER			pnm	saldo
219	heller	OTHER		A1	adverb	kelly
220	vanlig	ADJ		A1	adjective	kelly
221	tråd	NOUN	en	A2	noun-en	kelly
222	vara med	VERB			vbm	saldo
223	bort	OTHER		A1	particle/adverb	kelly
224	mena	VERB		A1	verb	kelly
225	följa	VERB		A1	verb	kelly
226	sätta	VERB		A1	verb	kelly
227	därför	OTHER		A1	adverb	kelly
228	tjej	NOUN	en	A1	noun-en	kelly
229	viktig	ADJ		A1	adjective	kelly
230	sida	NOUN	en	A1	noun-en	kelly
231	ganska	OTHER		A1	adverb	kelly
232	åt	OTHER		A1	prep	kelly
233	mamma	NOUN	en	A1	noun-en	kelly
234	vänta	VERB		A1	verb	kelly
235	svar	NOUN	ett	A1	noun-ett	kelly
236	föga	OTHER			ab	saldo
237	hemma	OTHER		A1	adverb/particle	kelly
238	välja	VERB		A1	verb	kelly
239	peng	NOUN	en	A1	noun-en	kelly
240	säker	ADJ		A1	adjective	kelly
241	sova	VERB		A1	verb	kelly
242	kvar	OTHER		A1	particle/adverb	kelly
243	pengar	NOUN			nn	saldo
244	ha att göra	VERB			vbm	saldo
245	dra	VERB		A1	verb	kelly
246	samt	OTHER		A1	conj	kelly
247	handla	VERB		A1	verb	kelly
248	förslag	NOUN	ett	A1	noun-ett	kelly
249	en gång	OTHER			abm	saldo
250	bo	VERB		A1	verb	kelly
251	ha rätt	VERB			vbm	saldo
252	ge sig	VERB			vbm	saldo
253	anse	VERB		A1	verb	kelly
254	sluta	VERB		A1	verb	kelly
255	runt	OTHER		A1	prep/adverb	kelly
256	ens	OTHER		A1	adverb	kelly
257	hålla sig	VERB			vbm	saldo
258	lämna	VERB		A1	verb	kelly
259	lätt	ADJ		A1	adjective/adverb	kelly
260	bruka	VERB		A1	verb	kelly
261	lära	VERB		A1	verb/noun-en	kelly
262	hela tiden	OTHER			abm	saldo
263	tre	NUM		A1	numeral	kelly
264	snart	OTHER		A1	adverb	kelly
265	fortfarande	OTHER		A1	adverb	kelly
266	istället	OTHER		A1	adverb	kelly
267	i dag	OTHER			abm	saldo
268	enkel	ADJ		A1	adjective	kelly
269	tack	OTHER		A1	interj/noun-ett	kelly
270	gilla	VERB		A1	verb	kelly
271	öka	VERB		A1	verb	kelly
272	så länge	OTHER		B2	subj	kelly
273	tillbaka	OTHER		A1	particle/adverb	kelly
274	hej	OTHER		A1	interj	kelly
275	kul	ADJ		A1	adjective	kelly
276	ibland	OTHER		A1	adverb	kelly
277	hem	OTHER		A1	particle/noun-ett/adverb	kelly
278	lära sig	VERB			vbm	saldo
279	göra sig	VERB			vbm	saldo
280	tidigare	OTHER		A1	adverb	kelly
281	lycka till	OTHER			inm	saldo
282	familj	NOUN	en	A1	noun-en	kelly
283	kille	NOUN	en	A1	noun-en	kelly
284	veta om	VERB			vbm	saldo
285	nära	OTHER		A1	adverb/adjective	kelly
286	leva	VERB		A1	verb	kelly
287	betala	VERB		A1	verb	kelly
288	genom att	OTHER		A1	subj	kelly
289	väg	NOUN	en	A1	noun-en	kelly
290	särskild	ADJ		A1	adjective	kelly
291	värld	NOUN	en	A1	noun-en	kelly
292	hand	NOUN	en	A1	noun-en	kelly
293	massa	NOUN	en	A1	noun-en	kelly
294	må	VERB		A1	verb	kelly
295	alls	OTHER		A1	adverb	kelly
296	direkt	OTHER		A1	adverb/adjective	kelly
297	lag	NOUN	ett	A1	noun-ett/noun-en	kelly
298	skön	ADJ		A1	adjective	kelly
299	så att	OTHER		A1	subj	kelly
300	dessutom	OTHER		A1	adverb	kelly
301	haha	OTHER			in	saldo
302	hjälpa	VERB		A1	verb	kelly
303	nästan	OTHER		A1	adverb	kelly
304	ställa	VERB		A1	verb	kelly
305	annars	OTHER		A1	adverb	kelly
306	timme	NOUN	en	A1	noun-en	kelly
307	fortsätta	VERB		A1	verb	kelly
308	helt enkelt	OTHER		A1	adverb	kelly
309	nästa	ADJ		A1	adjective	kelly
310	som sagt	OTHER			abm	saldo
311	bil	NOUN	en	A1	noun-en	kelly
312	först	OTHER		A1	adverb	kelly
313	gå bra	VERB			vbm	saldo
314	vem	OTHER		A1	pronoun	kelly
315	tanke	NOUN	en	A1	noun-en	kelly
316	på grund av	OTHER		A1	adverb	kelly
317	plats	NOUN	en	A1	noun-en	kelly
318	enda	ADJ		A1	adjective	kelly
319	kommun	NOUN	en	A1	noun-en	kelly
320	ännu	OTHER			ab	saldo
321	bero	VERB		A1	verb	kelly
322	sjuk	ADJ		A1	adjective	kelly
323	son	NOUN	en	A1	noun-en	kelly
324	väldigt	OTHER		A1	adverb	kelly
325	natt	NOUN	en	A1	noun-en	kelly
326	förälder	NOUN	en	A1	noun-en	kelly
327	kväll	NOUN	en	A1	noun-en	kelly
328	polis	NOUN	en	A1	noun-en	kelly
329	älska	VERB		A1	verb	kelly
330	gravid	ADJ		B1	adjective	kelly
331	egentligen	OTHER		A1	adverb	kelly
332	kalla	VERB		A1	verb	kelly
333	träffa	VERB		A1	verb	kelly
334	vän	NOUN	en	A1	noun-en	kelly
335	tag	NOUN	ett	A1	noun-ett	kelly
336	ej	OTHER			ab	saldo
337	ta upp	VERB			vbm	saldo
338	testa	VERB		A2	verb	kelly
339	bland	OTHER		A1	prep	kelly
340	tänka sig	VERB			vbm	saldo
341	ur	OTHER		A1	prep	kelly
342	gå in	VERB			vbm	saldo
343	undra	VERB		A1	verb	kelly
344	mat	NOUN	en	A1	noun-en	kelly
345	funka	VERB			vb	saldo
346	ord	NOUN	ett	A1	noun-ett	kelly
347	par	NOUN	ett	A1	noun-ett	kelly
348	rolig	ADJ		A1	adjective	kelly
349	trakt	NOUN	en	B1	noun-en	kelly
350	längre	OTHER			ab	saldo
351	så här	OTHER			abm	saldo
352	i sin	ADJ			avm	saldo
353	samtidig	ADJ		C1	adjective	kelly
354	faktiskt	OTHER		A1	adverb	kelly
355	fungera	VERB		A1	verb	kelly
356	mage	NOUN	en	A2	noun-en	kelly
357	innebära	VERB		A1	verb	kelly
358	fan	NOUN	en	B1	noun-en	kelly
359	riksdag	NOUN	en	A1	noun-en	kelly
360	tala	VERB		A1	verb	kelly
361	mål	NOUN	ett	A1	noun-ett	kelly
362	klara	VERB		A1	verb	kelly
363	per	OTHER		A1	prep	kelly
364	ringa	VERB		A1	verb/adjective	kelly
365	komma in	VERB			vbm	saldo
366	föda	VERB		A1	verb/noun-en	kelly
367	sent	OTHER		A1	adverb	kelly
368	möjlighet	NOUN	en	A1	noun-en	kelly
369	trots	OTHER		A1	prep/noun-ett	kelly
370	berätta	VERB		A1	verb	kelly
371	gå ut	VERB			vbm	saldo
372	igår	OTHER		A1	adverb	kelly
373	istället för	OTHER		A1	prep	kelly
374	hålla med	VERB			vbm	saldo
375	snabb	ADJ		A1	adjective	kelly
376	slå	VERB		A1	verb	kelly
377	söka	VERB		A1	verb	kelly
378	vidare	OTHER		A1	adverb/adjective	kelly
379	själva	OTHER			pn	saldo
380	kräva	VERB		A1	verb	kelly
381	pappa	NOUN	en	A1	noun-en	kelly
382	stark	ADJ		A2	adjective	kelly
383	företag	NOUN	ett	A1	noun-ett	kelly
384	ute	OTHER		A1	adverb	kelly
385	svara	VERB		A1	verb	kelly
386	ske	VERB		A1	verb	kelly
387	tyvärr	OTHER		A1	adverb	kelly
388	ihop	OTHER		A1	particle	kelly
389	hjälp	NOUN	en	A1	noun-en	kelly
390	arbete	NOUN	ett	A1	noun-ett	kelly
391	med tanke på	OTHER		A1	prep	kelly
392	lägga sig	VERB			vbm	saldo
393	många	OTHER		A1	pronoun	kelly
394	se om	VERB			vbm	saldo
395	antal	NOUN	ett	A1	noun-ett	kelly
396	dotter	NOUN	en	A1	noun-en	kelly
397	möjlig	ADJ		A1	adjective	kelly
398	sista	ADJ		A1	adjective	kelly
399	namn	NOUN	ett	A1	noun-ett	kelly
400	beslut	NOUN	ett	A1	noun-ett	kelly
401	anledning	NOUN	en	A1	noun-en	kelly
402	samhälle	NOUN	ett	A1	noun-ett	kelly
403	område	NOUN	ett	A1	noun-ett	kelly
404	fatta	VERB		A1	verb	kelly
405	hålla på	VERB			vbm	saldo
406	titta	VERB		A1	verb	kelly
407	gå upp	VERB			vbm	saldo
408	film	NOUN	en	A1	noun-en	kelly
409	bry sig	VERB		A1	verb	kelly
410	full	ADJ		A1	adjective	kelly
411	inlägg	NOUN	ett	A1	noun-ett	kelly
412	vinna	VERB		A1	verb	kelly
413	riktigt	OTHER		A1	adverb	kelly
414	sex	NUM		A1	numeral/noun-ett	kelly
415	uppgift	NOUN	en	A1	noun-en	kelly
416	stad	NOUN	en	A1	noun-en	kelly
417	bebis	NOUN	en	C1	noun-en	kelly
418	räkna	VERB		A1	verb	kelly
419	glad	ADJ		A1	adjective	kelly
420	knapp	NOUN	en	B1	noun-en/adjective	kelly
421	visst	OTHER		A1	adverb/interj	kelly
422	ung	ADJ		A1	adjective	kelly
423	krona	NOUN	en	A1	noun-en/noun-en	kelly
424	ingå	VERB		A1	verb	kelly
425	kropp	NOUN	en	A1	noun-en	kelly
426	bestämma	VERB		A1	verb	kelly
427	via	OTHER		A1	prep	kelly
428	tips	NOUN	ett	A1	noun-ett	kelly
429	skillnad	NOUN	en	A1	noun-en	kelly
430	däremot	OTHER		A1	adverb	kelly
431	komma hem	VERB			vbm	saldo
432	skicka	VERB		A1	verb	kelly
433	jobbig	ADJ		A2	adjective	kelly
434	hennes	OTHER		A1	pronoun	kelly
435	varm	ADJ		A1	adjective	kelly
436	match	NOUN	en	A1	noun-en	kelly
437	henne	OTHER		A1	pronoun	kelly
438	endast	OTHER		A1	adverb	kelly
439	nå	VERB		A1	verb	kelly
440	förra	ADJ		A1	adjective	kelly
441	flytta	VERB		A1	verb	kelly
442	absolut	OTHER		A1	adverb/adjective	kelly
443	tillsammans	OTHER		A1	adverb	kelly
444	jo	OTHER		A1	interj	kelly
445	fast	OTHER		A1	conj/particle/adjective/subj	kelly
446	skapa	VERB		A1	verb	kelly
447	visa sig	VERB			vbm	saldo
448	flest	ADJ		A1	adjective	kelly
449	låg	ADJ		A1	adjective	kelly
450	övrig	ADJ		A1	adjective	kelly
451	grund	NOUN	en	A1	noun-en	kelly
452	heta	VERB		A1	verb	kelly
453	stat	NOUN	en	A1	noun-en	kelly
454	till och med	OTHER		A1	adverb	kelly
455	ställe	NOUN	ett	A1	noun-ett	kelly
456	bygga	VERB		A1	verb	kelly
457	morgon	NOUN	en	A1	noun-en	kelly
458	form	NOUN	en	A1	noun-en	kelly
459	början	NOUN	en	A1	noun-en	kelly
460	bland annat	OTHER		A1	adverb	kelly
461	i närheten	OTHER			abm	saldo
462	långt	OTHER			ab	saldo
463	lycka	NOUN	en	A2	noun-en	kelly
464	ta bort	VERB			vbm	saldo
465	kort	ADJ		A1	adjective/noun-ett/adverb	kelly
466	i så fall	OTHER			abm	saldo
467	byta	VERB		A1	verb	kelly
468	lyckas	VERB		A1	verb	kelly
469	konstig	ADJ		A1	adjective	kelly
470	föreslå	VERB		A1	verb	kelly
471	spela roll	VERB			vbm	saldo
472	speciell	ADJ		A1	adjective	kelly
473	sälja	VERB		A1	verb	kelly
474	regel	NOUN	en	A1	noun-en	kelly
475	ren	ADJ		A1	adjective	kelly
476	beskriva	VERB		A1	verb	kelly
477	slut	NOUN	ett	A1	noun-ett/particle/adjective	kelly
478	intressant	ADJ		A1	adjective	kelly
479	samtidigt	OTHER		A1	adverb	kelly
480	utredning	NOUN	en	A1	noun-en	kelly
481	leda	VERB		A1	verb	kelly
482	helg	NOUN	en	A1	noun-en	kelly
483	verksamhet	NOUN	en	A1	noun-en	kelly
484	total	ADJ		A1	adjective	kelly
485	exempel	NOUN	ett	A1	noun-ett	kelly
486	mening	NOUN	en	A1	noun-en	kelly
487	läkare	NOUN	en	A1	noun-en	kelly
488	inne	OTHER		A1	adverb/particle	kelly
489	tur	NOUN	en	A1	noun-en	kelly
490	tvinga	VERB		A1	verb	kelly
491	fel	NOUN	ett	A1	noun-ett/adverb/adjective	kelly
492	inför	OTHER		A1	prep	kelly
493	procent	NOUN	en	A1	noun-en	kelly
494	sakna	VERB		A1	verb	kelly
495	första gången	OTHER			abm	saldo
496	situation	NOUN	en	A1	noun-en	kelly
497	senare	OTHER			ab	saldo
498	skit	NOUN	en	A2	noun-en	kelly
499	dela	VERB		A1	verb	kelly
500	minst	OTHER			ab	saldo
501	motion	NOUN	en	A1	noun-en	kelly
502	be	VERB		A1	verb	kelly
503	känsla	NOUN	en	A1	noun-en	kelly
504	orka	VERB		A1	verb	kelly
505	imorgon	OTHER		A1	adverb	kelly
506	i stället	OTHER			abm	saldo
507	kall	ADJ		A1	adjective	kelly
508	fundera	VERB		A1	verb	kelly
509	ändra	VERB		A1	verb	kelly
510	passa	VERB		A1	verb	kelly
511	fyra	NUM		A1	numeral	kelly
512	när det gäller	OTHER		A1	prep	kelly
513	varandra	OTHER		A1	pronoun	kelly
514	nederbörd	NOUN			nn	saldo
515	sambo	NOUN	en	B1	noun-en	kelly
516	risk	NOUN	en	A1	noun-en	kelly
517	bok	NOUN	en	A1	noun-en	kelly
518	allmän	ADJ		A1	adjective	kelly
519	dit	OTHER		A1	adverb	kelly
520	växa	VERB		A1	verb	kelly
521	betyda	VERB		A1	verb	kelly
522	förhållande	NOUN	ett	A1	noun-ett	kelly
523	stöd	NOUN	ett	A1	noun-ett	kelly
524	januari	NOUN		A1	noun	kelly
525	röra sig	VERB			vbm	saldo
526	hus	NOUN	ett	A1	noun-ett	kelly
527	vatten	NOUN	ett	A1	noun-ett	kelly
528	hård	ADJ		A1	adjective	kelly
529	avse	VERB		A1	verb	kelly
530	dö	VERB		A1	verb	kelly
531	behov	NOUN	ett	A1	noun-ett	kelly
532	hinna	VERB		A1	verb	kelly
533	dricka	VERB		A1	verb	kelly
534	självklar	ADJ		A1	adjective	kelly
535	lär	VERB			vb	saldo
536	sätta sig	VERB			vbm	saldo
537	ekonomisk	ADJ		A1	adjective	kelly
538	gå ner	VERB			vbm	saldo
539	sagd	ADJ			av	saldo
540	anta	VERB		A1	verb	kelly
541	glömma	VERB		A1	verb	kelly
542	än	OTHER		A1	conj/adverb/subj	kelly
543	meter	NOUN	en	A1	noun-en	kelly
544	särskilt	OTHER		A1	adverb	kelly
545	tank	NOUN	en	C1	noun-en	kelly
546	minut	NOUN	en	A1	noun-en/noun-en	kelly
547	komma ihåg	VERB			vbm	saldo
548	likna	VERB		A2	verb	kelly
549	normal	ADJ		A2	adjective	kelly
550	grupp	NOUN	en	A1	noun-en	kelly
551	ha det	OTHER			inm	saldo
552	för skull	OTHER			ppm	saldo
553	förklara	VERB		A1	verb	kelly
554	råd	NOUN	ett	A1	noun-ett	kelly
555	göra om	VERB			vbm	saldo
556	ungefär	OTHER		A1	adverb	kelly
557	myndighet	NOUN	en	A1	noun-en	kelly
558	kompis	NOUN	en	A2	noun-en	kelly
559	komma fram	VERB			vbm	saldo
560	resultat	NOUN	ett	A1	noun-ett	kelly
561	ansvar	NOUN	ett	A1	noun-ett	kelly
562	fort	OTHER		A1	adverb	kelly
563	ha kvar	VERB			vbm	saldo
564	krav	NOUN	ett	A1	noun-ett	kelly
565	fylla	VERB		A1	verb	kelly
566	efter att	OTHER		A1	subj	kelly
567	huvud	NOUN	ett	A1	noun-ett	kelly
568	val	NOUN	ett	A1	noun-ett/noun-en	kelly
569	tills	OTHER		A1	subj/prep	kelly
570	ta hand	VERB			vbm	saldo
571	släppa	VERB		A1	verb	kelly
572	på väg	ADJ			avm	saldo
573	försök	NOUN	ett	A1	noun-ett	kelly
574	ta ut	VERB			vbm	saldo
575	pris	NOUN	ett	A1	noun-ett	kelly
576	roll	NOUN	en	A1	noun-en	kelly
577	lyssna	VERB		A1	verb	kelly
578	utveckling	NOUN	en	A1	noun-en	kelly
579	nämna	VERB		A1	verb	kelly
580	trött	ADJ		A1	adjective	kelly
581	miljon	NOUN	en	A1	noun-en/numeral	kelly
582	å	OTHER		A1	prep	kelly
583	var än	OTHER			abm	saldo
584	mens	NOUN			nn	saldo
585	i fråga	OTHER		A2	adverb	kelly
586	utbildning	NOUN	en	A1	noun-en	kelly
587	snygg	ADJ		A2	adjective	kelly
588	öppen	ADJ		A1	adjective	kelly
589	för sig	OTHER			abm	saldo
590	minska	VERB		A1	verb	kelly
591	trevlig	ADJ		A1	adjective	kelly
592	i fråga om	OTHER		A2	prep	kelly
593	arbeta	VERB		A1	verb	kelly
594	vakna	VERB		A2	verb	kelly
595	åtgärd	NOUN	en	A1	noun-en	kelly
596	hav	NOUN	ett	A1	noun-ett	kelly
597	punkt	NOUN	en	A1	noun-en	kelly
598	positiv	ADJ		A1	adjective	kelly
599	jävla	ADJ		A2	adjective	kelly
600	hund	NOUN	en	A1	noun-en	kelly
601	hänga	VERB		A1	verb	kelly
602	ta tid	VERB			vbm	saldo
603	artikel	NOUN	en	A1	noun-en	kelly
604	spel	NOUN	ett	A1	noun-ett	kelly
605	underbar	ADJ		A1	adjective	kelly
606	starta	VERB		A1	verb	kelly
607	före	OTHER		A1	prep	kelly
608	påverka	VERB		A1	verb	kelly
609	röra	VERB		A1	verb/noun-en	kelly
610	vit	ADJ		A1	adjective	kelly
611	säga sig	VERB			vbm	saldo
612	kosta	VERB		A1	verb	kelly
613	juli	NOUN		A1	noun	kelly
614	chans	NOUN	en	A1	noun-en	kelly
615	tydlig	ADJ		A1	adjective	kelly
616	slippa	VERB		A1	verb	kelly
617	behövas	VERB			vb	saldo
618	särskilja	VERB			vb	saldo
619	dator	NOUN	en	A1	noun-en	kelly
620	mycken	OTHER			pn	saldo
621	fri	ADJ		A1	adjective	kelly
622	igång	OTHER		A1	particle	kelly
623	sommar	NOUN	en	A1	noun-en	kelly
624	missa	VERB		A1	verb	kelly
625	parti	NOUN	ett	A1	noun-ett	kelly
626	säng	NOUN	en	A2	noun-en	kelly
627	framför	OTHER		A1	prep	kelly
628	var	OTHER		A1	adverb/pronoun	kelly
629	märka	VERB		A1	verb	kelly
630	vart	OTHER		A2	adverb	kelly
631	exakt	OTHER		A1	adverb/adjective	kelly
632	ålder	NOUN	en	A1	noun-en	kelly
633	fixa	VERB		A2	verb	kelly
634	värd	ADJ		A1	adjective	kelly
635	lösa	VERB		A1	verb	kelly
636	göra ont	VERB			vbm	saldo
637	komma ut	VERB			vbm	saldo
638	snabbt	OTHER		A1	adverb	kelly
639	liknande	ADJ		A1	adjective	kelly
640	våga	VERB		A1	verb	kelly
641	önska	VERB		A1	verb	kelly
642	medan	OTHER		A1	subj	kelly
643	klara sig	VERB			vbm	saldo
644	grej	NOUN	en	A2	noun-en	kelly
645	räcka	VERB		A1	verb	kelly
646	dags	NOUN			nn	saldo
647	bestämmelse	NOUN	en	A1	noun-en	kelly
648	ha ont	VERB			vbm	saldo
649	försvinna	VERB		A1	verb	kelly
650	information	NOUN	en	A1	noun-en	kelly
651	kläder	NOUN		A1	noun	kelly
652	känna igen	VERB			vbm	saldo
653	ingenting	OTHER		A1	pronoun	kelly
654	lugn	ADJ		A2	adjective/noun-ett	kelly
655	stämma	VERB		A1	verb/noun-en	kelly
656	slag	NOUN	ett	A1	noun-ett	kelly
657	erfarenhet	NOUN	en	A1	noun-en	kelly
658	rum	NOUN	ett	A1	noun-ett	kelly
659	ensam	ADJ		A1	adjective	kelly
660	minna	VERB			vb	saldo
661	vikt	NOUN	en	A1	noun-en	kelly
662	öga	NOUN	ett	A1	noun-ett	kelly
663	diskutera	VERB		A1	verb	kelly
664	skaffa	VERB		A1	verb	kelly
665	bestämma sig	VERB			vbm	saldo
666	kontakt	NOUN	en	A1	noun-en	kelly
667	otrolig	ADJ		B1	adjective	kelly
668	snäll	ADJ		A2	adjective	kelly
669	ikväll	OTHER		A2	adverb	kelly
670	prova	VERB		A2	verb	kelly
671	utanför	OTHER		A1	prep/adverb	kelly
672	ytterlig	ADJ		C2	adjective	kelly
673	social	ADJ		A1	adjective	kelly
674	tydligen	OTHER		A1	adverb	kelly
675	i morgon	OTHER			abm	saldo
676	flicka	NOUN	en	A1	noun-en	kelly
677	inse	VERB		A1	verb	kelly
678	utskott	NOUN	ett	A1	noun-ett	kelly
679	icke	OTHER			ab	saldo
680	kring	OTHER		A1	prep	kelly
681	dum	ADJ		A2	adjective	kelly
682	utveckla	VERB		A1	verb	kelly
683	härlig	ADJ		A2	adjective	kelly
684	framtid	NOUN	en	A1	noun-en	kelly
685	tråkig	ADJ		A2	adjective	kelly
686	bakom	OTHER		A1	prep	kelly
687	program	NOUN	ett	A1	noun-ett	kelly
688	kostnad	NOUN	en	A1	noun-en	kelly
689	somna	VERB		A2	verb	kelly
690	minnas	VERB		A1	verb	kelly
691	pojke	NOUN	en	A1	noun-en	kelly
692	politisk	ADJ		A1	adjective	kelly
693	å andra sidan	OTHER			abm	saldo
694	eller hur	OTHER			inm	saldo
695	anföra	VERB		A1	verb	kelly
696	tänka om	VERB			vbm	saldo
697	skäl	NOUN	ett	A1	noun-ett	kelly
698	följande	ADJ		B2	adjective	kelly
699	vända	VERB		A1	verb	kelly
700	brott	NOUN	ett	A1	noun-ett	kelly
701	närhet	NOUN	en	A2	noun-en	kelly
702	graviditet	NOUN	en	B2	noun-en	kelly
703	komma sig	VERB			vbm	saldo
704	till exempel	OTHER		A1	adverb	kelly
705	ställa sig	VERB			vbm	saldo
706	i övrigt	OTHER		A2	adverb	kelly
707	intresse	NOUN	ett	A1	noun-ett	kelly
708	åsikt	NOUN	en	A1	noun-en	kelly
709	rädd	ADJ		A2	adjective	kelly
710	billig	ADJ		A1	adjective	kelly
711	fredag	NOUN	en	A1	noun-en	kelly
712	stanna	VERB		A1	verb	kelly
713	tas	VERB			vb	saldo
714	fem	NUM		A1	numeral	kelly
715	rå	ADJ		B1	adjective	kelly
716	trots att	OTHER		A1	subj	kelly
717	styck	NOUN		A1	noun	kelly
718	på samma sätt	OTHER			abm	saldo
719	hamna	VERB		A1	verb	kelly
720	ena	VERB		A1	verb	kelly
721	princip	NOUN	en	A1	noun-en	kelly
722	system	NOUN	ett	A1	noun-ett	kelly
723	eget	ADJ		A1	adjective	kelly
724	juni	NOUN		A1	noun	kelly
725	medium	NOUN	ett	A1	noun-ett	kelly
726	i huvudsak	OTHER		A2	adverb	kelly
727	torr	ADJ		B1	adjective	kelly
728	hålla tummarna	VERB			vbm	saldo
729	skatt	NOUN	en	A1	noun-en	kelly
730	huvudstad	NOUN	en	A2	noun-en	kelly
731	öppna	VERB		A1	verb	kelly
732	ha fel	VERB			vbm	saldo
733	såväl som	OTHER		B1	conj	kelly
734	ämne	NOUN	ett	A1	noun-ett	kelly
735	råda	VERB		A1	verb	kelly
736	träna	VERB		A2	verb	kelly
737	maj	NOUN		A1	noun	kelly
738	oxå	OTHER			ab	saldo
739	dyka upp	VERB			vbm	saldo
740	ange	VERB		A1	verb	kelly
741	liksom	OTHER		A1	adverb/subj	kelly
742	grattis	OTHER		B1	interj	kelly
743	säkert	OTHER		A1	adverb	kelly
744	enbart	OTHER		A1	adverb	kelly
745	jämföra	VERB		A1	verb	kelly
746	halv	ADJ		A1	adjective	kelly
747	född	ADJ			av	saldo
748	gemensam	ADJ		A1	adjective	kelly
749	förlossning	NOUN	en	C1	noun-en	kelly
750	planera	VERB		A1	verb	kelly
751	bry	VERB			vb	saldo
752	sann	ADJ		A1	adjective	kelly
753	gott	OTHER		A2	adverb	kelly
754	enskild	ADJ		A1	adjective	kelly
755	springa	VERB		A1	verb	kelly
756	stund	NOUN	en	A1	noun-en	kelly
757	bära	VERB		A1	verb	kelly
758	för övrigt	OTHER		A1	adverb	kelly
759	nöjd	ADJ		A1	adjective	kelly
760	vuxen	ADJ		A1	adjective	kelly
761	föra	VERB		A1	verb	kelly
762	fru	NOUN	en	A1	noun-en	kelly
763	nivå	NOUN	en	A1	noun-en	kelly
764	ta in	VERB			vbm	saldo
765	svart	ADJ		A1	adjective	kelly
766	alldeles	OTHER		A1	adverb	kelly
767	behandla	VERB		A1	verb	kelly
768	dyr	ADJ		A1	adjective	kelly
769	som att	OTHER		A1	subj	kelly
770	allt	OTHER		A1	adverb	kelly
771	knappt	OTHER		A2	adverb	kelly
772	möta	VERB		A1	verb	kelly
773	suga	VERB		B1	verb	kelly
774	lägga ner	VERB			vbm	saldo
775	omfatta	VERB		A1	verb	kelly
776	därmed	OTHER		A1	adverb	kelly
777	se till	VERB			vbm	saldo
778	ta om	VERB			vbm	saldo
779	mer eller mindre	OTHER		A2	adverb	kelly
780	kommentar	NOUN	en	A1	noun-en	kelly
781	ställ	NOUN	ett	C2	noun-ett	kelly
782	upp på	OTHER			ppm	saldo
783	inte ens	OTHER		A1	adverb	kelly
784	ta emot	VERB			vbm	saldo
785	samband	NOUN	ett	A2	noun-ett	kelly
786	t ex	OTHER			abm	saldo
787	tillräcklig	ADJ		A2	adjective	kelly
788	förlora	VERB		A1	verb	kelly
789	än så länge	OTHER		B1	adverb	kelly
790	lägenhet	NOUN	en	A2	noun-en	kelly
791	augusti	NOUN		A1	noun	kelly
792	test	NOUN	en	A2	noun-en/noun-ett	kelly
793	ifrån	OTHER		A1	prep/adverb	kelly
794	invånare	NOUN	en	A2	noun-en	kelly
795	tillfälle	NOUN	ett	A1	noun-ett	kelly
796	period	NOUN	en	A1	noun-en	kelly
797	oj	OTHER		B1	interj	kelly
798	alternativ	NOUN	ett	A1	noun-ett/adjective	kelly
799	ha råd	VERB			vbm	saldo
800	äga	VERB		A1	verb	kelly
801	ersättning	NOUN	en	A1	noun-en	kelly
802	sätta in	VERB			vbm	saldo
803	förutom	OTHER		A1	prep	kelly
804	effekt	NOUN	en	A1	noun-en	kelly
805	krävas	VERB			vb	saldo
806	måndag	NOUN	en	A1	noun-en	kelly
807	mars	NOUN		A1	noun	kelly
808	genomsnitt	NOUN	ett	A2	noun-ett	kelly
809	uppleva	VERB		A1	verb	kelly
810	i första hand	OTHER		A2	adverb	kelly
811	fantastisk	ADJ		A1	adjective	kelly
812	rösta	VERB		A1	verb	kelly
813	ge till känna	VERB			vbm	saldo
814	tycka om	VERB			vbm	saldo
815	spännande	ADJ		A1	adjective	kelly
816	läge	NOUN	ett	A1	noun-ett	kelly
817	värde	NOUN	ett	A1	noun-ett	kelly
818	medeltemperatur	NOUN			nn	saldo
819	hjärta	NOUN	ett	A1	noun-ett	kelly
820	på riktigt	OTHER			abm	saldo
821	ta med	VERB			vbm	saldo
822	vagn	NOUN	en	A2	noun-en	kelly
823	till slut	OTHER		C1	adverb	kelly
824	stänga	VERB		A1	verb	kelly
825	främst	OTHER		A1	adverb	kelly
826	årsmedeltemperatur	NOUN			nn	saldo
827	misstänka	VERB		A2	verb	kelly
828	text	NOUN	en	A1	noun-en	kelly
829	gå över	VERB			vbm	saldo
830	avgöra	VERB		A1	verb	kelly
831	vända sig	VERB			vbm	saldo
832	komma tillbaka	VERB			vbm	saldo
833	elev	NOUN	en	A1	noun-en	kelly
834	politik	NOUN	en	A1	noun-en	kelly
835	falla	VERB		A1	verb	kelly
836	hur än	OTHER			abm	saldo
837	förutsättning	NOUN	en	A1	noun-en	kelly
838	borta	OTHER		A1	adverb	kelly
839	i enlighet med	OTHER		A1	prep	kelly
840	genomsnittlig	ADJ		B1	adjective	kelly
841	mitt	OTHER		A1	adverb/noun-en	kelly
842	gräns	NOUN	en	A1	noun-en	kelly
843	fara	VERB		A1	verb/noun-en	kelly
844	mån	NOUN		B1	noun	kelly
845	då och då	OTHER		A2	adverb	kelly
846	oroa sig	VERB			vbm	saldo
847	hämta	VERB		A1	verb	kelly
848	personal	NOUN	en	A1	noun-en	kelly
849	leta	VERB		A1	verb	kelly
850	lägga upp	VERB			vbm	saldo
851	bete sig	VERB		A2	verb	kelly
852	nä	OTHER			in	saldo
853	iväg	OTHER		A1	particle	kelly
854	intressera	VERB		B1	verb	kelly
855	väga	VERB		A2	verb	kelly
856	ge upp	VERB			vbm	saldo
857	befinna sig	VERB			vbm	saldo
858	båda	OTHER		A1	pronoun	kelly
859	någon gång	OTHER			abm	saldo
860	genomföra	VERB		A1	verb	kelly
861	diskussion	NOUN	en	A1	noun-en	kelly
862	lista	NOUN	en	A1	noun-en/verb	kelly
863	orolig	ADJ		A2	adjective	kelly
864	bröst	NOUN	ett	B1	noun-ett	kelly
865	komma upp	VERB			vbm	saldo
866	lön	NOUN	en	A1	noun-en	kelly
867	äntligen	OTHER		A1	adverb	kelly
868	röd	ADJ		A1	adjective	kelly
869	bryta	VERB		A1	verb	kelly
870	rund	ADJ		B1	adjective	kelly
871	framför allt	OTHER		A1	adverb	kelly
872	driva	VERB		A1	verb	kelly
873	talman	NOUN			nn	saldo
874	i stort	OTHER			abm	saldo
875	historia	NOUN	en	A1	noun-en	kelly
876	faktum	NOUN	ett	A1	noun-ett	kelly
877	i stort sett	OTHER		A2	adverb	kelly
878	givetvis	OTHER		A1	adverb	kelly
879	i framtiden	OTHER			abm	saldo
880	april	NOUN		A1	noun	kelly
881	december	NOUN		A1	noun	kelly
882	från början	OTHER			abm	saldo
883	amma	VERB			vb	saldo
884	i form	ADJ			avm	saldo
885	lärare	NOUN	en	A1	noun-en	kelly
886	internationell	ADJ		A1	adjective	kelly
887	klart	OTHER		A1	adverb	kelly
888	spelare	NOUN	en	A1	noun-en	kelly
889	knappast	OTHER		A1	adverb	kelly
890	hata	VERB		A2	verb	kelly
891	synas	VERB		A1	verb	kelly
892	släkte	NOUN			nn	saldo
893	säsong	NOUN	en	A1	noun-en	kelly
894	innehålla	VERB		A1	verb	kelly
895	när än	OTHER			abm	saldo
896	röka	VERB		B1	verb	kelly
897	poäng	NOUN	en	A1	noun-en	kelly
898	lördag	NOUN	en	A1	noun-en	kelly
899	bjuda	VERB		A1	verb	kelly
900	vård	NOUN	en	A1	noun-en	kelly
901	negativ	ADJ		A1	adjective	kelly
902	tappa	VERB		A1	verb	kelly
903	tjänst	NOUN	en	A1	noun-en	kelly
904	va	OTHER			in	saldo
905	avsnitt	NOUN	ett	A2	noun-ett	kelly
906	relation	NOUN	en	A1	noun-en	kelly
907	topp	NOUN	en	A2	noun-en	kelly
908	lösning	NOUN	en	A1	noun-en	kelly
909	plan	NOUN	en	A1	noun-en/noun-ett	kelly
910	i livet	ADJ			avm	saldo
911	skada	NOUN	en	A1	noun-en/verb	kelly
912	bidrag	NOUN	ett	A1	noun-ett	kelly
913	gå igenom	VERB			vbm	saldo
914	organisation	NOUN	en	A1	noun-en	kelly
915	klara av	VERB			vbm	saldo
916	ned	OTHER		A1	particle	kelly
917	tacka	VERB		A1	verb	kelly
918	hit	OTHER		A1	adverb	kelly
919	nämligen	OTHER		A1	adverb	kelly
920	i stället för	OTHER			ppm	saldo
921	vad än	OTHER			pnm	saldo
922	extrem	ADJ		A2	adjective	kelly
923	make	NOUN	en	A2	noun-en	kelly
924	rest	NOUN	en	A1	noun-en	kelly
925	syfte	NOUN	ett	A1	noun-ett	kelly
926	februari	NOUN		A1	noun	kelly
927	betydelse	NOUN	en	A1	noun-en	kelly
928	tung	ADJ		A1	adjective	kelly
929	motsvara	VERB		A2	verb	kelly
930	snacka	VERB		A2	verb	kelly
931	kärlek	NOUN	en	A1	noun-en	kelly
932	någonting	OTHER		A1	pronoun	kelly
933	såklart	OTHER		A2	adverb	kelly
934	skjuta	VERB		A1	verb	kelly
935	mitt i	OTHER			ppm	saldo
936	få tag	VERB			vbm	saldo
937	stoppa	VERB		A1	verb	kelly
938	nuvarande	ADJ		A1	adjective	kelly
939	gå vidare	VERB			vbm	saldo
940	påstå	VERB		A1	verb	kelly
941	skilja	VERB		A1	verb	kelly
942	vacker	ADJ		A1	adjective	kelly
943	lägga in	VERB			vbm	saldo
944	skrika	VERB		A2	verb	kelly
945	ta tag	VERB			vbm	saldo
946	med andra ord	OTHER		A2	adverb	kelly
947	central	ADJ		A1	adjective/noun-en	kelly
948	debatt	NOUN	en	A1	noun-en	kelly
949	stycke	NOUN	ett	B1	noun-ett	kelly
950	farlig	ADJ		A1	adjective	kelly
951	hår	NOUN	ett	A2	noun-ett	kelly
952	regnig	ADJ			av	saldo
953	millimeter	NOUN	en	A1	noun-en	kelly
954	ekonomi	NOUN	en	A1	noun-en	kelly
955	idé	NOUN	en	A1	noun-en	kelly
956	äldre	ADJ		A1	adjective	kelly
957	i går	OTHER			abm	saldo
958	besluta	VERB		A1	verb	kelly
959	bolag	NOUN	ett	A1	noun-ett	kelly
960	offentlig	ADJ		A1	adjective	kelly
961	katt	NOUN	en	A1	noun-en	kelly
962	dagis	NOUN	ett	B1	noun-ett	kelly
963	kolla upp	VERB			vbm	saldo
964	län	NOUN	ett	A1	noun-ett	kelly
965	blogg	NOUN	en	A1	noun-en	kelly
966	intresserad	ADJ		A1	adjective	kelly
967	med hänsyn till	OTHER		A2	prep	kelly
968	just det	OTHER			inm	saldo
969	resa	NOUN	en	A1	noun-en/verb	kelly
970	allvarlig	ADJ		A1	adjective	kelly
971	tumme	NOUN	en	B2	noun-en	kelly
972	hur som helst	OTHER		A2	adverb	kelly
973	leka	VERB		A2	verb	kelly
974	få nog	VERB			vbm	saldo
975	kunskap	NOUN	en	A1	noun-en	kelly
976	snarare	OTHER		A1	adverb	kelly
977	ta fram	VERB			vbm	saldo
978	länk	NOUN	en	A1	noun-en	kelly
979	beroende	NOUN	ett	B2	noun-ett	kelly
980	pass	NOUN	ett	A2	noun-ett	kelly
981	naturligtvis	OTHER		A1	adverb	kelly
982	statlig	ADJ		A1	adjective	kelly
983	bättre	OTHER		A1	adverb	kelly
984	klocka	NOUN	en	A1	noun-en	kelly
985	trots allt	OTHER			abm	saldo
986	privat	ADJ		A1	adjective	kelly
987	spara	VERB		A1	verb	kelly
988	drabba	VERB		A1	verb	kelly
989	i och med	OTHER		B1	adverb	kelly
990	plötslig	ADJ		B2	adjective	kelly
991	styra	VERB		A1	verb	kelly
992	emot	OTHER		A1	prep	kelly
993	dryg	ADJ		B1	adjective	kelly
994	musik	NOUN	en	A1	noun-en	kelly
995	högt	OTHER		A1	adverb	kelly
996	komma igen	VERB			vbm	saldo
997	höst	NOUN	en	A1	noun-en	kelly
998	underart	NOUN			nn	saldo
999	insats	NOUN	en	A1	noun-en	kelly
1000	ok	NOUN			nn	saldo
1001	ovanlig	ADJ		A2	adjective	kelly
1002	söndag	NOUN	en	A1	noun-en	kelly
1003	värt	OTHER		B1	adverb	kelly
1004	gråta	VERB		A2	verb	kelly
1005	bestå	VERB		A1	verb	kelly
1006	september	NOUN		A1	noun	kelly
1007	kvadratkilometer	NOUN			nn	saldo
1008	ställa upp	VERB			vbm	saldo
1009	lova	VERB		A1	verb	kelly
1010	utgöra	VERB		A1	verb	kelly
1011	håll	NOUN	ett	A1	noun-ett	kelly
1012	förändring	NOUN	en	A1	noun-en	kelly
1013	färg	NOUN	en	A1	noun-en	kelly
1014	utgå	VERB		A1	verb	kelly
1015	ben	NOUN	ett	A2	noun-ett	kelly
1016	aning	NOUN	en	A1	noun-en	kelly
1017	helvete	NOUN	ett	A2	noun-ett	kelly
1018	ändring	NOUN	en	A1	noun-en	kelly
1019	förekomma	VERB		A1	verb	kelly
1020	fråga sig	VERB			vbm	saldo
1021	grad	NOUN	en	A1	noun-en	kelly
1022	för att	OTHER		A1	subj	kelly
1023	låta bli	VERB			vbm	saldo
1024	sjukhus	NOUN	ett	A2	noun-ett	kelly
1025	rygg	NOUN	en	A2	noun-en	kelly
1026	eventuell	ADJ		A1	adjective	kelly
1027	konstatera	VERB		A1	verb	kelly
1028	någonsin	OTHER		A1	adverb	kelly
1029	rak	ADJ		A2	adjective	kelly
1030	anmäla	VERB		A1	verb	kelly
1031	ex	NOUN			nn	saldo
1032	tidning	NOUN	en	A1	noun-en	kelly
1033	djur	NOUN	ett	A1	noun-ett	kelly
1034	beställa	VERB		A2	verb	kelly
1035	uppdrag	NOUN	ett	A1	noun-ett	kelly
1036	ordentlig	ADJ		B1	adjective	kelly
1037	samtidigt som	OTHER		A1	subj	kelly
1038	herr	NOUN		A1	noun	kelly
1039	samla	VERB		A1	verb	kelly
1040	november	NOUN		A1	noun	kelly
1041	steg	NOUN	ett	A1	noun-ett	kelly
1042	rekommendera	VERB		A2	verb	kelly
1043	låt	NOUN	en	A1	noun-en	kelly
1044	oktober	NOUN		A1	noun	kelly
1045	ledsen	ADJ		B1	adjective	kelly
1046	tjäna	VERB		A1	verb	kelly
1047	hemsk	ADJ		A2	adjective	kelly
1048	mängd	NOUN	en	A1	noun-en	kelly
1049	införa	VERB		A1	verb	kelly
1050	förmodligen	OTHER		A1	adverb	kelly
1051	i och för sig	OTHER		A2	adverb	kelly
1052	ungdom	NOUN	en	A1	noun-en	kelly
1053	iallafall	OTHER			ab	saldo
1054	utsätta	VERB		A1	verb	kelly
1055	i samband med	OTHER		A1	prep	kelly
1056	naturlig	ADJ		A1	adjective	kelly
1057	politiker	NOUN	en	A1	noun-en	kelly
1058	aktiv	ADJ		A1	adjective	kelly
1059	förut	OTHER		A2	adverb	kelly
1060	vara sig	VERB			vbm	saldo
1061	trycka	VERB		A1	verb	kelly
1062	perfekt	ADJ		A2	adjective/adverb	kelly
1063	kämpa	VERB		A1	verb	kelly
1064	medlem	NOUN	en	A1	noun-en	kelly
1065	speciellt	OTHER		A1	adverb	kelly
1066	gud	NOUN	en	A1	noun-en/interj	kelly
1067	jul	NOUN	en	A2	noun-en	kelly
1068	ifall	OTHER		A2	subj	kelly
1069	blanda	VERB		A2	verb	kelly
1070	be om ursäkt	VERB			vbm	saldo
1071	acceptera	VERB		A1	verb	kelly
1072	chef	NOUN	en	A1	noun-en	kelly
1073	kontroll	NOUN	en	A1	noun-en	kelly
1074	bit	NOUN	en	A1	noun-en	kelly
1075	se fram	VERB			vbm	saldo
1076	i förhållande till	OTHER		A2	prep	kelly
1077	bidra	VERB		A1	verb	kelly
1078	lik	ADJ		A1	adjective/noun-ett	kelly
1079	åh	OTHER			in	saldo
1080	min	OTHER		A1	pronoun	kelly
1081	ta ansvar	VERB			vbm	saldo
1082	uppfattning	NOUN	en	A1	noun-en	kelly
1083	grym	ADJ		B1	adjective	kelly
1084	invandrare	NOUN	en	A1	noun-en	kelly
1085	tillgång	NOUN	en	A1	noun-en	kelly
1086	avtal	NOUN	ett	A1	noun-ett	kelly
1087	gifta sig	VERB			vbm	saldo
1088	tio	NUM		A1	numeral	kelly
1089	forskning	NOUN	en	A1	noun-en	kelly
1090	begränsa	VERB		A2	verb	kelly
1091	hänsyn	NOUN	en	A2	noun-en	kelly
1092	få reda	VERB			vbm	saldo
1093	mera	OTHER			ab	saldo
1094	ärende	NOUN	ett	A1	noun-ett	kelly
1095	torsdag	NOUN	en	A1	noun-en	kelly
1096	åtminstone	OTHER		A1	adverb	kelly
1097	tillräckligt	OTHER		A1	adverb	kelly
1098	betydlig	ADJ		C2	adjective	kelly
1099	nyhet	NOUN	en	A1	noun-en	kelly
1100	bli av	VERB			vbm	saldo
1101	undersökning	NOUN	en	A1	noun-en	kelly
1102	extra	ADJ		A1	adjective/adverb	kelly
1103	råka	VERB		A1	verb	kelly
1104	längta	VERB		A2	verb	kelly
1105	kraft	NOUN	en	A1	noun-en	kelly
1106	undvika	VERB		A1	verb	kelly
1107	exempelvis	OTHER		A1	adverb	kelly
1108	miljard	NOUN	en	A1	noun-en/numeral	kelly
1109	lokal	ADJ		A1	adjective/noun-en	kelly
1110	sammanhang	NOUN	ett	A1	noun-ett	kelly
1111	på gång	ADJ			avm	saldo
1112	seriös	ADJ		A2	adjective	kelly
1113	slänga	VERB		A2	verb	kelly
1114	sjukdom	NOUN	en	A1	noun-en	kelly
1115	på en gång	OTHER			abm	saldo
1116	pågå	VERB		A1	verb	kelly
1117	möte	NOUN	ett	A1	noun-ett	kelly
1118	svag	ADJ		A1	adjective	kelly
1119	språk	NOUN	ett	A1	noun-ett	kelly
1120	erbjuda	VERB		A1	verb	kelly
1121	fet	ADJ		B1	adjective	kelly
1122	inkomst	NOUN	en	A1	noun-en	kelly
1123	ordning	NOUN	en	A1	noun-en	kelly
1124	meddela	VERB		A1	verb	kelly
1125	betydligt	OTHER		A1	adverb	kelly
1126	sol	NOUN	en	A1	noun-en	kelly
1127	rapport	NOUN	en	A1	noun-en	kelly
1128	förvänta sig	VERB			vbm	saldo
1129	plocka	VERB		A2	verb	kelly
1130	sällan	OTHER		A1	adverb	kelly
1131	omgivning	NOUN	en	A2	noun-en	kelly
1132	källa	NOUN	en	A1	noun-en	kelly
1133	röst	NOUN	en	A1	noun-en	kelly
1134	satsa	VERB		A1	verb	kelly
1135	utföra	VERB		A1	verb	kelly
1136	tal	NOUN	ett	A1	noun-ett	kelly
1137	verklighet	NOUN	en	A1	noun-en	kelly
1138	studie	NOUN	en	A1	noun-en	kelly
1139	uppe	OTHER		A2	adverb/particle	kelly
1140	fylla år	VERB			vbm	saldo
1141	störa	VERB		A2	verb	kelly
1142	koll	NOUN	en	A2	noun-en	kelly
1143	delta	VERB		A1	verb	kelly
1144	storlek	NOUN	en	A2	noun-en	kelly
1145	gissa	VERB		A2	verb	kelly
1146	onsdag	NOUN	en	A1	noun-en	kelly
1147	ihop med	OTHER			abm	saldo
1148	omöjlig	ADJ		A1	adjective	kelly
1149	rad	NOUN	en	A1	noun-en	kelly
1150	söt	ADJ		B1	adjective	kelly
1151	lägga ut	VERB			vbm	saldo
1152	nät	NOUN	ett	A1	noun-ett	kelly
1153	förändra	VERB		A1	verb	kelly
1154	bakgrund	NOUN	en	A1	noun-en	kelly
1155	telefon	NOUN	en	A2	noun-en	kelly
1156	marknad	NOUN	en	A1	noun-en	kelly
1157	aktuell	ADJ		A1	adjective	kelly
1158	rättighet	NOUN	en	A1	noun-en	kelly
1159	kraftig	ADJ		A2	adjective	kelly
1160	alkohol	NOUN	en	A2	noun-en	kelly
1161	skita	VERB		B1	verb	kelly
1162	behandling	NOUN	en	A1	noun-en	kelly
1163	sist	OTHER		A2	adverb	kelly
1164	plötsligt	OTHER		A1	adverb	kelly
1165	inga problem	OTHER			inm	saldo
1166	beröra	VERB		A2	verb	kelly
1167	vägra	VERB		A1	verb	kelly
1168	nationell	ADJ		A1	adjective	kelly
1169	arg	ADJ		A2	adjective	kelly
1170	därför att	OTHER		A1	subj	kelly
1171	siffra	NOUN	en	A1	noun-en	kelly
1172	jävlig	ADJ			av	saldo
1173	kasta	VERB		A1	verb	kelly
1174	besök	NOUN	ett	A1	noun-ett	kelly
1175	på allvar	OTHER			abm	saldo
1176	ärlig	ADJ		A2	adjective	kelly
1177	totalt	OTHER		A1	adverb	kelly
1178	skratta	VERB		A2	verb	kelly
1179	fot	NOUN	en	A1	noun-en	kelly
1180	död	NOUN	en	A1	noun-en/adjective	kelly
1181	bedömning	NOUN	en	A1	noun-en	kelly
1182	ladda	VERB		A2	verb	kelly
1183	avsluta	VERB		A1	verb	kelly
1184	ägg	NOUN	ett	A1	noun-ett	kelly
1185	sänka	VERB		A1	verb	kelly
1186	mysig	ADJ		B1	adjective	kelly
1187	så att säga	OTHER		B1	adverb	kelly
1188	angående	OTHER		A2	prep	kelly
1189	personlig	ADJ		A1	adjective	kelly
1190	rejäl	ADJ		A2	adjective	kelly
1191	medel	NOUN	ett	A1	noun-ett	kelly
1192	tom	ADJ		A2	adjective	kelly
1193	resurs	NOUN	en	A1	noun-en	kelly
1194	samarbete	NOUN	ett	A1	noun-ett	kelly
1195	krig	NOUN	ett	A1	noun-ett	kelly
1196	förstöra	VERB		A2	verb	kelly
1197	frisk	ADJ		A2	adjective	kelly
1198	skydda	VERB		A1	verb	kelly
1199	varken…eller	OTHER		A1	conj	kelly
1200	så klart	OTHER			abm	saldo
1201	sort	NOUN	en	A1	noun-en	kelly
1202	nyss	OTHER		A2	adverb	kelly
1203	ha sitt	VERB			vbm	saldo
1204	produkt	NOUN	en	A1	noun-en	kelly
1205	rent	OTHER		A1	adverb	kelly
1206	brist	NOUN	en	A1	noun-en	kelly
1207	jord	NOUN	en	A1	noun-en	kelly
1208	så där	ADJ			avm	saldo
1209	samtlig	ADJ		A1	adjective	kelly
1210	reagera	VERB		A2	verb	kelly
1211	förskola	NOUN	en	A2	noun-en	kelly
1212	emellertid	OTHER		A1	adverb	kelly
1213	usch	OTHER		B2	interj	kelly
1214	hittills	OTHER		A1	adverb	kelly
1215	ta slut	VERB			vbm	saldo
1216	vis	NOUN	ett	A1	noun-ett/adjective	kelly
1217	redovisa	VERB		A2	verb	kelly
1218	förr	OTHER		A2	adverb	kelly
1219	hävda	VERB		A1	verb	kelly
1220	tillåta	VERB		A1	verb	kelly
1221	orsak	NOUN	en	A1	noun-en	kelly
1222	vinst	NOUN	en	A1	noun-en	kelly
1223	galen	ADJ		A2	adjective	kelly
1224	nödvändig	ADJ		A1	adjective	kelly
1225	enorm	ADJ		A1	adjective	kelly
1226	serie	NOUN	en	A1	noun-en	kelly
1227	proposition	NOUN	en	A2	noun-en	kelly
1228	inte minst	OTHER		A1	adverb	kelly
1229	ovan	OTHER		A1	adverb/prep	kelly
1230	sprida	VERB		A1	verb	kelly
1231	rimlig	ADJ		A1	adjective	kelly
1232	middag	NOUN	en	A2	noun-en	kelly
1233	så kallad	OTHER		A1	adverb	kelly
1234	gå med	VERB			vbm	saldo
1235	kyrka	NOUN	en	A1	noun-en	kelly
1236	hjälpa till	VERB			vbm	saldo
1237	tillhöra	VERB		A1	verb	kelly
1238	bank	NOUN	en	A1	noun-en	kelly
1239	hantera	VERB		A1	verb	kelly
1240	ful	ADJ		A2	adjective	kelly
1241	medicin	NOUN	en	A2	noun-en	kelly
1242	klass	NOUN	en	A1	noun-en	kelly
1243	antagligen	OTHER		A2	adverb	kelly
1244	tvungen	ADJ			av	saldo
1245	sätta igång	VERB			vbm	saldo
1246	till sig	ADJ			avm	saldo
1247	himla	OTHER		B1	adverb	kelly
1248	huvudsak	NOUN	en	C1	noun-en	kelly
1249	bedöma	VERB		A1	verb	kelly
1250	döda	VERB		A1	verb	kelly
1251	tisdag	NOUN	en	A1	noun-en	kelly
1252	träning	NOUN	en	A2	noun-en	kelly
1253	så pass	OTHER		B1	adverb	kelly
1254	relativ	ADJ		B2	adjective	kelly
1255	förstås	OTHER		A1	adverb	kelly
1256	oroa	VERB		A2	verb	kelly
1257	hela dagen	OTHER			abm	saldo
1258	buss	NOUN	en	A2	noun-en	kelly
1259	kär	ADJ		A2	adjective	kelly
1260	miljö	NOUN	en	A1	noun-en	kelly
1261	ta det lugnt	VERB			vbm	saldo
1262	anonym	ADJ		A2	adjective	kelly
1263	idiot	NOUN	en	B1	noun-en	kelly
1264	fullt	OTHER		A1	adverb	kelly
1265	fy	OTHER			in	saldo
1266	oavsett	OTHER		A1	prep/adverb	kelly
1267	lyfta	VERB		A1	verb	kelly
1268	jävligt	OTHER			ab	saldo
1269	begära	VERB		A2	verb	kelly
1270	såhär	OTHER			ab	saldo
1271	dela sig	VERB			vbm	saldo
1272	uppskatta	VERB		A2	verb	kelly
1273	sanning	NOUN	en	A1	noun-en	kelly
1274	allmänt	OTHER		A1	adverb	kelly
1275	far	NOUN	en	A1	noun-en	kelly
1276	forum	NOUN	ett	A2	noun-ett	kelly
1277	kultur	NOUN	en	A1	noun-en	kelly
1278	förvänta	VERB		A1	verb	kelly
1279	duktig	ADJ		A2	adjective	kelly
1280	känd	ADJ		A1	adjective	kelly
1281	säkerhet	NOUN	en	A1	noun-en	kelly
1282	stödja	VERB		A1	verb	kelly
1283	kön	NOUN	ett	A2	noun-ett	kelly
1284	dörr	NOUN	en	A1	noun-en	kelly
1285	ställa in	VERB			vbm	saldo
1286	medveten	ADJ		A1	adjective	kelly
1287	hemsida	NOUN	en	A1	noun-en	kelly
1288	gå till	VERB			vbm	saldo
1289	muslim	NOUN	en	A1	noun-en	kelly
1290	energi	NOUN	en	A1	noun-en	kelly
1291	internet	NOUN		A1	noun	kelly
1292	senast	OTHER			ab	saldo
1293	affär	NOUN	en	A2	noun-en	kelly
1294	kram	NOUN	en	B1	noun-en	kelly
1295	i form av	OTHER		A1	prep	kelly
1296	fysisk	ADJ		A1	adjective	kelly
1297	handling	NOUN	en	A1	noun-en	kelly
1298	framgå	VERB		A1	verb	kelly
1299	jätte	NOUN	en	B1	noun-en	kelly
1300	dyka	VERB		A1	verb	kelly
1301	samtal	NOUN	ett	A1	noun-ett	kelly
1302	oavsedd	ADJ			av	saldo
1303	i år	OTHER		A1	adverb	kelly
1304	på så sätt	OTHER		A2	adverb	kelly
1305	upptäcka	VERB		A1	verb	kelly
1306	märklig	ADJ		A2	adjective	kelly
1307	byta ut	VERB			vbm	saldo
1308	numera	OTHER		A1	adverb	kelly
1309	grov	ADJ		A2	adjective	kelly
1310	vad som helst	OTHER		B1	adverb	kelly
1311	ledig	ADJ		A2	adjective	kelly
1312	antingen…eller	OTHER		A1	conj	kelly
1313	njuta	VERB		A2	verb	kelly
1314	skog	NOUN	en	A1	noun-en	kelly
1315	metod	NOUN	en	A1	noun-en	kelly
1316	kritik	NOUN	en	A1	noun-en	kelly
1317	semester	NOUN	en	A2	noun-en	kelly
1318	fördel	NOUN	en	A1	noun-en	kelly
1319	sugen	ADJ			av	saldo
1320	vad gäller	OTHER		A1	prep	kelly
1321	någonstans	OTHER		A2	adverb	kelly
1322	region	NOUN	en	A1	noun-en	kelly
1323	kommunal	ADJ		A2	adjective	kelly
1324	video	NOUN	en	A2	noun-en	kelly
1325	sköta	VERB		A1	verb	kelly
1326	bostad	NOUN	en	A2	noun-en	kelly
1327	kund	NOUN	en	A1	noun-en	kelly
1328	start	NOUN	en	A2	noun-en	kelly
1329	därefter	OTHER		A1	adverb	kelly
1330	grön	ADJ		A1	adjective	kelly
1331	tillstånd	NOUN	ett	A1	noun-ett	kelly
1332	projekt	NOUN	ett	A1	noun-ett	kelly
1333	bror	NOUN	en	A2	noun-en	kelly
1334	våld	NOUN	ett	A1	noun-ett	kelly
1335	ansikte	NOUN	ett	A1	noun-ett	kelly
1336	butik	NOUN	en	A2	noun-en	kelly
1337	kurs	NOUN	en	A2	noun-en	kelly
1338	träda i kraft	VERB			vbm	saldo
1339	amerikansk	ADJ		A1	adjective	kelly
1340	dagen efter	OTHER			abm	saldo
1341	ö	NOUN	en	A1	noun-en	kelly
1342	makt	NOUN	en	A1	noun-en	kelly
1343	teknisk	ADJ		A1	adjective	kelly
1344	generell	ADJ		A2	adjective	kelly
1345	erkänna	VERB		A1	verb	kelly
1346	individ	NOUN	en	A1	noun-en	kelly
1347	terräng	NOUN	en	B2	noun-en	kelly
1348	behålla	VERB		A1	verb	kelly
1349	sätta upp	VERB			vbm	saldo
1350	förresten	OTHER		A2	adverb	kelly
1351	fira	VERB		A2	verb	kelly
1352	tydligt	OTHER		A1	adverb	kelly
1353	hårt	OTHER		A1	adverb	kelly
1354	part	NOUN	en	A1	noun-en	kelly
1355	konsekvens	NOUN	en	A1	noun-en	kelly
1356	lunch	NOUN	en	A2	noun-en	kelly
1357	lägga fram	VERB			vbm	saldo
1358	kaffe	NOUN	ett	A2	noun-ett	kelly
1359	vara till	VERB			vbm	saldo
1360	oerhörd	ADJ		B1	adjective	kelly
1361	för tidig	ADJ			avm	saldo
1362	lida	VERB		A2	verb	kelly
1363	pröva	VERB		A2	verb	kelly
1364	yrkande	NOUN	ett	A2	noun-ett	kelly
1365	okej	OTHER		B1	interj	kelly
1366	vare sig	OTHER		A2	conj	kelly
1367	effektiv	ADJ		A1	adjective	kelly
1368	likadan	ADJ		B1	adjective	kelly
1369	mark	NOUN	en	A1	noun-en	kelly
1370	dygn	NOUN	ett	A2	noun-ett	kelly
1371	arbetsgivare	NOUN	en	A1	noun-en	kelly
1372	psykisk	ADJ		A2	adjective	kelly
1373	domstol	NOUN	en	A1	noun-en	kelly
1374	modell	NOUN	en	A1	noun-en	kelly
1375	lycklig	ADJ		A2	adjective	kelly
1376	syster	NOUN	en	A2	noun-en	kelly
1377	gratis	OTHER		A2	adverb/adjective	kelly
1378	växa upp	VERB			vbm	saldo
1379	bereda	VERB		A2	verb	kelly
1380	patient	NOUN	en	A2	noun-en	kelly
1381	tacksam	ADJ		A2	adjective	kelly
1382	andel	NOUN	en	A1	noun-en	kelly
1383	beträffande	OTHER		A2	prep	kelly
1384	till skillnad från	OTHER			ppm	saldo
1385	sådär	OTHER		B1	adverb	kelly
1386	förvåna	VERB		B1	verb	kelly
1387	slå sig	VERB			vbm	saldo
1388	bevis	NOUN	ett	A1	noun-ett	kelly
1389	utnyttja	VERB		A1	verb	kelly
1390	allmänhet	NOUN	en	A2	noun-en	kelly
1391	allvar	NOUN	ett	A1	noun-ett	kelly
1392	bilaga	NOUN	en	A2	noun-en	kelly
1393	synd	NOUN	en	A2	noun-en/adverb	kelly
1394	mjölk	NOUN	en	B1	noun-en	kelly
1395	allra	OTHER		A1	adverb	kelly
1396	syn	NOUN	en	A1	noun-en	kelly
1397	torde	VERB		A2	aux verb	kelly
1398	unge	NOUN	en	A1	noun-en	kelly
1399	presentera	VERB		A1	verb	kelly
1400	lämplig	ADJ		A1	adjective	kelly
1401	ångest	NOUN	en	A2	noun-en	kelly
1402	räknas	VERB			vb	saldo
1403	densamma	OTHER		A2	pronoun	kelly
1404	oerhört	OTHER		A1	adverb	kelly
1405	partner	NOUN	en	A2	noun-en	kelly
1406	gå hem	VERB			vbm	saldo
1407	hälsa	NOUN	en	A2	noun-en/verb	kelly
1408	således	OTHER		A1	adverb	kelly
1409	villkor	NOUN	ett	A1	noun-ett	kelly
1410	nyfiken	ADJ		A2	adjective	kelly
1411	godkänna	VERB		A2	verb	kelly
1412	förbättra	VERB		A1	verb	kelly
1413	händelse	NOUN	en	A1	noun-en	kelly
1414	djup	ADJ		A1	adjective/noun-ett	kelly
1415	höra av sig	VERB			vbm	saldo
1416	relativt	OTHER		A1	adverb	kelly
1417	undan	OTHER		A2	prep	kelly
1418	självklart	OTHER		A1	adverb	kelly
1419	låna	VERB		A2	verb	kelly
1420	granne	NOUN	en	A2	noun-en	kelly
1421	i praktiken	OTHER			abm	saldo
1422	motsvarande	ADJ		A1	adjective	kelly
1423	väder	NOUN	ett	A2	noun-ett	kelly
1424	minne	NOUN	ett	A1	noun-ett	kelly
1425	fotboll	NOUN	en	A2	noun-en	kelly
1426	skriva ut	VERB			vbm	saldo
1427	sekund	NOUN	en	A2	noun-en	kelly
1428	var och en	OTHER		A2	pronoun	kelly
1429	tåg	NOUN	ett	A2	noun-ett	kelly
1430	ständigt	OTHER		A1	adverb	kelly
1431	koppla	VERB		A2	verb	kelly
1432	argument	NOUN	ett	A1	noun-ett	kelly
1433	le	VERB		A2	verb	kelly
1434	europeisk	ADJ		A1	adjective	kelly
1435	info	NOUN	en	B1	noun-en	kelly
1436	klubb	NOUN	en	A2	noun-en	kelly
1437	tala om	VERB			vbm	saldo
1438	ta över	VERB			vbm	saldo
1439	provins	NOUN	en	B1	noun-en	kelly
1440	utifrån	OTHER		A1	prep/adverb	kelly
1441	höja	VERB		A1	verb	kelly
1442	boka	VERB		A2	verb	kelly
1443	arm	NOUN	en	A2	noun-en/adjective	kelly
1444	landsting	NOUN	ett	A2	noun-ett	kelly
1445	klaga	VERB		A2	verb	kelly
1446	smart	ADJ		A2	adjective	kelly
1447	soffa	NOUN	en	B1	noun-en	kelly
1448	nere	OTHER		A2	adverb	kelly
1449	väcka	VERB		A1	verb	kelly
1450	närma sig	VERB		A2	verb	kelly
1451	anslag	NOUN	ett	A2	noun-ett	kelly
1452	uttala	VERB		A2	verb	kelly
1453	ute efter	ADJ			avm	saldo
1454	glömma bort	VERB			vbm	saldo
1455	komma igång	VERB			vbm	saldo
1456	osäker	ADJ		A2	adjective	kelly
1457	förening	NOUN	en	A1	noun-en	kelly
1458	hopp	NOUN	ett	A2	noun-ett	kelly
1459	värk	NOUN	en	B2	noun-en	kelly
1460	lita	VERB		A2	verb	kelly
1461	beräkna	VERB		A2	verb	kelly
1462	återkomma	VERB		A2	verb	kelly
1463	prov	NOUN	ett	A2	noun-ett	kelly
1464	sexuell	ADJ		A1	adjective	kelly
1465	rädda	VERB		A1	verb	kelly
1466	lagstiftning	NOUN	en	A1	noun-en	kelly
1467	religion	NOUN	en	A1	noun-en	kelly
1468	bedriva	VERB		A1	verb	kelly
1469	med hjälp av	OTHER		A1	prep	kelly
1470	tolka	VERB		A1	verb	kelly
1471	tuff	ADJ		A2	adjective	kelly
1472	beteende	NOUN	ett	A2	noun-ett	kelly
1473	i allmänhet	OTHER		A2	adverb	kelly
1474	tvärtom	OTHER		A1	adverb	kelly
1475	fruktansvärd	ADJ		B1	adjective	kelly
1476	det vill säga	OTHER		A1	adverb	kelly
1477	häst	NOUN	en	A1	noun-en	kelly
1478	hot	NOUN	ett	A1	noun-ett	kelly
1479	mörk	ADJ		A2	adjective	kelly
1480	dra in	VERB			vbm	saldo
1481	undantag	NOUN	ett	A1	noun-ett	kelly
1482	påpeka	VERB		A1	verb	kelly
1483	strax	OTHER		A2	adverb	kelly
1484	medföra	VERB		A1	verb	kelly
1485	onödig	ADJ		A2	adjective	kelly
1486	laga	VERB		A2	verb	kelly
1487	socialdemokrat	NOUN	en	A1	noun-en	kelly
1488	mor	NOUN	en	A1	noun-en	kelly
1489	majoritet	NOUN	en	A1	noun-en	kelly
1490	från och med	OTHER		A2	prep	kelly
1491	nummer	NOUN	ett	A1	noun-ett	kelly
1492	stå sig	VERB			vbm	saldo
1493	vår	OTHER		A1	pronoun/noun-en	kelly
1494	förbjuda	VERB		A2	verb	kelly
1495	personligen	OTHER		A2	adverb	kelly
1496	vila	VERB		A2	verb/noun-en	kelly
1497	statistik	NOUN	en	A2	noun-en	kelly
1498	följd	NOUN	en	A1	noun-en	kelly
1499	papper	NOUN	ett	A2	noun-ett	kelly
1500	tagen	ADJ			av	saldo
1501	under tiden	OTHER			abm	saldo
1502	avgift	NOUN	en	A2	noun-en	kelly
1503	universitet	NOUN	ett	A1	noun-ett	kelly
1504	sjunga	VERB		A2	verb	kelly
1505	post	NOUN	en	A1	noun-en	kelly
1506	verk	NOUN	ett	A1	noun-ett	kelly
1507	dröm	NOUN	en	A2	noun-en	kelly
1508	uppenbar	ADJ		A1	adjective	kelly
1509	befinna	VERB		A1	verb	kelly
1510	sko	NOUN	en	A2	noun-en	kelly
1511	ställning	NOUN	en	A1	noun-en	kelly
1512	cirka	OTHER		A1	adverb	kelly
1513	förklaring	NOUN	en	A1	noun-en	kelly
1514	blod	NOUN	ett	A2	noun-ett	kelly
1515	lägga till	VERB			vbm	saldo
1516	inleda	VERB		A1	verb	kelly
1517	skydd	NOUN	ett	A1	noun-ett	kelly
1518	mäta	VERB		A2	verb	kelly
1519	uppstå	VERB		A1	verb	kelly
1520	smärta	NOUN	en	A2	noun-en	kelly
1521	tillämpa	VERB		A1	verb	kelly
1522	betänkande	NOUN			nn	saldo
1523	på förhand	OTHER			abm	saldo
1524	i natt	OTHER		B2	adverb	kelly
1525	utvecklas	VERB			vb	saldo
1526	starkt	OTHER		A1	adverb	kelly
1527	ljus	NOUN	ett	A1	noun-ett/adjective	kelly
1528	gubbe	NOUN	en	A2	noun-en	kelly
1529	kolla in	VERB			vbm	saldo
1530	ljuga	VERB		A2	verb	kelly
1531	kommentera	VERB		A1	verb	kelly
1532	hota	VERB		A1	verb	kelly
1533	plugga	VERB		B1	verb	kelly
1534	peka	VERB		A1	verb	kelly
1535	sjukvård	NOUN	en	A2	noun-en	kelly
1536	el	NOUN	en	A1	noun-en	kelly
1537	träffas	VERB			vb	saldo
1538	tvätta	VERB		B1	verb	kelly
1539	agera	VERB		A1	verb	kelly
1540	vem som helst	OTHER		B1	pronoun	kelly
1541	summa	NOUN	en	A2	noun-en	kelly
1542	mun	NOUN	en	A1	noun-en	kelly
1543	praktisk	ADJ		A2	adjective	kelly
1544	hjärna	NOUN	en	A2	noun-en	kelly
1545	anställa	VERB		A2	verb	kelly
1546	japp	OTHER			in	saldo
1547	riskera	VERB		A1	verb	kelly
1548	tyst	ADJ		A2	adjective/adverb	kelly
1549	straff	NOUN	ett	A2	noun-ett	kelly
1550	över huvud taget	OTHER		A2	adverb	kelly
1551	kika	VERB		B1	verb	kelly
1552	trist	ADJ		B1	adjective	kelly
1553	efteråt	OTHER		A2	adverb	kelly
1554	student	NOUN	en	A1	noun-en	kelly
1555	sur	ADJ		B1	adjective	kelly
1556	dom	NOUN	en	A1	noun-en	kelly
1557	stänga av	VERB			vbm	saldo
1558	lån	NOUN	ett	A2	noun-ett	kelly
1559	på egen hand	OTHER			abm	saldo
1560	befolkning	NOUN	en	A1	noun-en	kelly
1561	utav	OTHER		A2	prep	kelly
1562	hänga med	VERB			vbm	saldo
1563	uttrycka	VERB		A1	verb	kelly
1564	umgås	VERB		A2	verb	kelly
1565	spela in	VERB			vbm	saldo
1566	helt och hållet	OTHER			abm	saldo
1567	ram	NOUN	en	A2	noun-en	kelly
1568	kommitté	NOUN	en	A2	noun-en	kelly
1569	fest	NOUN	en	A2	noun-en	kelly
1570	material	NOUN	ett	A1	noun-ett	kelly
1571	ta reda	VERB			vbm	saldo
1572	i början	OTHER		A1	prep	kelly
1573	tecken	NOUN	ett	A1	noun-ett	kelly
1574	smaka	VERB		A2	verb	kelly
1575	ägare	NOUN	en	A2	noun-en	kelly
1576	visserligen	OTHER		A1	adverb	kelly
1577	syskon	NOUN	ett	B1	noun-ett	kelly
1578	sönder	OTHER		A2	particle	kelly
1579	medborgare	NOUN	en	A1	noun-en	kelly
1580	äcklig	ADJ		A2	adjective	kelly
1581	välkommen	ADJ		A2	adjective/interj	kelly
1582	fy fan	OTHER			inm	saldo
1583	ersätta	VERB		A1	verb	kelly
1584	skull	NOUN		A1	noun	kelly
1585	gäng	NOUN	ett	A2	noun-ett	kelly
1586	förmåga	NOUN	en	A1	noun-en	kelly
1587	sticka	VERB		A2	verb	kelly
1588	längd	NOUN	en	A2	noun-en	kelly
1589	vela	VERB			vb	saldo
1590	hälft	NOUN	en	A2	noun-en	kelly
1591	vettig	ADJ		A2	adjective	kelly
1592	anpassa	VERB		A2	verb	kelly
1593	stiga	VERB		A1	verb	kelly
1594	ledning	NOUN	en	A1	noun-en	kelly
1595	konto	NOUN	ett	A2	noun-ett	kelly
1596	kollega	NOUN	en	A2	noun-en	kelly
1597	sätta ut	VERB			vbm	saldo
1598	styrelse	NOUN	en	A1	noun-en	kelly
1599	tack vare	OTHER		A2	prep	kelly
1600	i morse	OTHER		B1	adverb	kelly
1601	bevisa	VERB		A2	verb	kelly
1602	bilda	VERB		A1	verb	kelly
1603	blå	ADJ		A2	adjective	kelly
1604	tusentals	OTHER		A1	adverb	kelly
1605	vin	NOUN	ett	A2	noun-ett	kelly
1606	flaska	NOUN	en	B1	noun-en	kelly
1607	långt ifrån	OTHER			abm	saldo
1608	förhoppningsvis	OTHER		A2	adverb	kelly
1609	sjö	NOUN	en	A2	noun-en	kelly
1610	ge ut	VERB			vbm	saldo
1611	ta till	VERB			vbm	saldo
1612	definitiv	ADJ		C1	adjective	kelly
1613	vinter	NOUN	en	A2	noun-en	kelly
1614	ordförande	NOUN	en	A1	noun-en	kelly
1615	rikta	VERB		A2	verb	kelly
1616	hmm	OTHER			in	saldo
1617	stå ut	VERB			vbm	saldo
1618	med stöd av	OTHER		B1	prep	kelly
1619	tidigt	OTHER		A2	adverb	kelly
1620	i kraft	OTHER			abm	saldo
1621	vägg	NOUN	en	A2	noun-en	kelly
1622	ständig	ADJ		A2	adjective	kelly
1623	överallt	OTHER		A2	adverb	kelly
1624	omkring	OTHER		A1	adverb/prep	kelly
1625	fullständig	ADJ		A2	adjective	kelly
1626	på g	ADJ			avm	saldo
1627	utländsk	ADJ		A1	adjective	kelly
1628	till och från	OTHER			abm	saldo
1629	mobil	ADJ		B1	adjective/noun-en	kelly
1630	ihåg	OTHER		A2	particle	kelly
1631	besöka	VERB		A1	verb	kelly
1632	framåt	OTHER		A1	adverb	kelly
1633	svenska	NOUN	en	A2	noun-en	kelly
1634	ort	NOUN	en	A1	noun-en	kelly
1635	skämma	VERB		A2	verb	kelly
1636	ordna	VERB		A2	verb	kelly
1637	enkelt	OTHER		A2	adverb	kelly
1638	bred	ADJ		A1	adjective	kelly
1639	i detta fall	OTHER			abm	saldo
1640	frukost	NOUN	en	A2	noun-en	kelly
1641	mord	NOUN	ett	A2	noun-ett	kelly
1642	övertyga	VERB		B1	verb	kelly
1643	försvar	NOUN	ett	A1	noun-ett	kelly
1644	i kväll	OTHER			abm	saldo
1645	cykel	NOUN	en	A2	noun-en	kelly
1646	aktie	NOUN	en	A2	noun-en	kelly
1647	teknik	NOUN	en	A1	noun-en	kelly
1648	belopp	NOUN	ett	A2	noun-ett	kelly
1649	så när	OTHER			abm	saldo
1650	i tid	OTHER			abm	saldo
1651	för tillfället	OTHER			abm	saldo
1652	åka dit	VERB			vbm	saldo
1653	natur	NOUN	en	A1	noun-en	kelly
1654	ursäkt	NOUN	en	A2	noun-en	kelly
1655	smak	NOUN	en	A2	noun-en	kelly
1656	golv	NOUN	ett	A2	noun-ett	kelly
1657	intervju	NOUN	en	A1	noun-en	kelly
1658	kvalitet	NOUN	en	A1	noun-en	kelly
1659	teori	NOUN	en	A1	noun-en	kelly
1660	fängelse	NOUN	ett	A1	noun-ett	kelly
1661	dubbel	ADJ		A2	adjective	kelly
1662	utsträckning	NOUN	en	A2	noun-en	kelly
1663	tyckas	VERB			vb	saldo
1664	trygg	ADJ		A2	adjective	kelly
1665	demokrati	NOUN	en	A1	noun-en	kelly
1666	skaffa sig	VERB			vbm	saldo
1667	begå	VERB		A2	verb	kelly
1668	drog	NOUN	en	A2	noun-en	kelly
1669	ifrågasätta	VERB		A1	verb	kelly
1670	snitt	NOUN	ett	A2	noun-ett	kelly
1671	slutsats	NOUN	en	A1	noun-en	kelly
1672	flyga	VERB		A2	verb	kelly
1673	linje	NOUN	en	A1	noun-en	kelly
1674	uppdatera	VERB		B1	verb	kelly
1675	föredra	VERB		A2	verb	kelly
1676	nyligen	OTHER		A1	adverb	kelly
1677	kontakta	VERB		A2	verb	kelly
1678	högst	OTHER			ab	saldo
1679	uppenbarligen	OTHER		A2	adverb	kelly
1680	sju	NUM		A1	numeral	kelly
1681	vänster	ADJ		A1	adjective/noun	kelly
1682	skylla	VERB		A2	verb	kelly
1683	i slutet	OTHER		A2	prep	kelly
1684	paket	NOUN	ett	A2	noun-ett	kelly
1685	tusen	NUM		A1	numeral	kelly
1686	brev	NOUN	ett	A1	noun-ett	kelly
1687	länsstyrelse	NOUN	en	A2	noun-en	kelly
1688	uppfatta	VERB		A1	verb	kelly
1689	vars	OTHER			pn	saldo
1690	utreda	VERB		A2	verb	kelly
1691	förordning	NOUN	en	A2	noun-en	kelly
1692	syfta	VERB		A2	verb	kelly
1693	vapen	NOUN	ett	A1	noun-ett	kelly
1694	drygt	OTHER		A2	adverb	kelly
1695	oro	NOUN	en	A2	noun-en	kelly
1696	mil	NOUN	en	A2	noun-en	kelly
1697	städa	VERB		B1	verb	kelly
1698	funktion	NOUN	en	A1	noun-en	kelly
1699	stolt	ADJ		A2	adjective/adverb	kelly
1700	kristen	ADJ		A1	adjective	kelly
1701	innehåll	NOUN	ett	A1	noun-ett	kelly
1702	känna av	VERB			vbm	saldo
1703	jaha	OTHER			in	saldo
1704	uttryck	NOUN	ett	A1	noun-ett	kelly
1705	fatta beslut	VERB			vbm	saldo
1706	piratparti	NOUN	ett	A2	noun-ett	kelly
1707	otroligt	OTHER		A2	adverb	kelly
1708	roligt	OTHER		A2	adverb	kelly
1709	skuld	NOUN	en	A2	noun-en	kelly
1710	korrekt	ADJ		A2	adjective/adverb	kelly
1711	uttala sig	VERB			vbm	saldo
1712	troligen	OTHER		A2	adverb	kelly
1713	vardag	NOUN	en	A2	noun-en	kelly
1714	studera	VERB		A1	verb	kelly
1715	abort	NOUN	en	B1	noun-en	kelly
1716	en aning	OTHER			abm	saldo
1717	misstänkt	ADJ		A2	adjective	kelly
1718	mänsklig	ADJ		A1	adjective	kelly
1719	direktiv	NOUN	ett	A1	noun-ett	kelly
1720	uppge	VERB		A2	verb	kelly
1721	för närvarande	OTHER		A2	adverb	kelly
1722	besked	NOUN	ett	A2	noun-ett	kelly
1723	sjunka	VERB		A2	verb	kelly
1724	journalist	NOUN	en	A1	noun-en	kelly
1725	klä	VERB		B1	verb	kelly
1726	ända	OTHER		A1	adverb/noun-en	kelly
1727	band	NOUN	ett	A1	noun-ett	kelly
1728	säga upp	VERB			vbm	saldo
1729	för den delen	OTHER			abm	saldo
1730	sända	VERB		A1	verb	kelly
1731	nordisk	ADJ		A2	adjective	kelly
1732	fett	NOUN	ett	B1	noun-ett	kelly
1733	analys	NOUN	en	A1	noun-en	kelly
1734	allting	OTHER		A2	pronoun	kelly
1735	tand	NOUN	en	A2	noun-en	kelly
1736	nån gång	OTHER			abm	saldo
1737	synpunkt	NOUN	en	A2	noun-en	kelly
1738	krama	VERB		B2	verb	kelly
1739	kilometer	NOUN	en	A2	noun-en	kelly
1740	utöver	OTHER		A2	prep	kelly
1741	kontrollera	VERB		A1	verb	kelly
1742	modern	ADJ		A1	adjective	kelly
1743	inställning	NOUN	en	A2	noun-en	kelly
1744	luft	NOUN	en	A2	noun-en	kelly
1745	tillägga	VERB		A2	verb	kelly
1746	passa på	VERB			vbm	saldo
1747	berg	NOUN	ett	A2	noun-ett	kelly
1748	begrepp	NOUN	ett	A1	noun-ett	kelly
1749	gata	NOUN	en	A1	noun-en	kelly
1750	visa upp	VERB			vbm	saldo
1751	respekt	NOUN	en	A2	noun-en	kelly
1752	kommande	ADJ		A1	adjective	kelly
1753	bekräfta	VERB		A2	verb	kelly
1754	påminna	VERB		A2	verb	kelly
1755	köp	NOUN	ett	A2	noun-ett	kelly
1756	i efterhand	OTHER			abm	saldo
1757	lust	NOUN	en	A2	noun-en	kelly
1758	passa sig	VERB			vbm	saldo
1759	flera	OTHER		A1	pronoun	kelly
1760	jättebra	ADJ		B1	adjective	kelly
1761	få rätt	VERB			vbm	saldo
1762	missfall	NOUN	ett	C2	noun-ett	kelly
1763	tävling	NOUN	en	A2	noun-en	kelly
1764	klok	ADJ		A2	adjective	kelly
1765	ledare	NOUN	en	A1	noun-en	kelly
1766	högskola	NOUN	en	A2	noun-en	kelly
1767	svårt	OTHER		A2	adverb	kelly
1768	favorit	NOUN	en	A2	noun-en	kelly
1769	finger	NOUN	ett	A2	noun-ett	kelly
1770	lukta	VERB		B1	verb	kelly
1771	till följd	OTHER			abm	saldo
1772	handlägga	VERB		B2	verb	kelly
1773	försvara	VERB		A1	verb	kelly
1774	trivas	VERB		A2	verb	kelly
1775	sömn	NOUN	en	B1	noun-en	kelly
1776	jude	NOUN	en	A1	noun-en	kelly
1777	praktik	NOUN	en	A1	noun-en	kelly
1778	varannan	OTHER		B2	det	kelly
1779	fika	NOUN	en	B2	noun-en	kelly
1780	publicera	VERB		A1	verb	kelly
1781	och så vidare	OTHER		A1	adverb	kelly
1782	basera	VERB		A2	verb	kelly
1783	vidta	VERB		A2	verb	kelly
1784	förlåta	VERB		B1	verb	kelly
1785	saker och ting	OTHER			pnm	saldo
1786	bita	VERB		B1	verb	kelly
1787	art	NOUN	en	A1	noun-en	kelly
1788	stil	NOUN	en	A2	noun-en	kelly
1789	het	ADJ		A2	adjective	kelly
1790	känna till	VERB			vbm	saldo
1791	ändra sig	VERB			vbm	saldo
1792	uppnå	VERB		A1	verb	kelly
1793	ta hänsyn	VERB			vbm	saldo
1794	ladda ner	VERB			vbm	saldo
1795	foto	NOUN	ett	A1	noun-ett	kelly
1796	ta på sig	VERB			vbm	saldo
1797	något	OTHER		A2	adverb	kelly
1798	ägna	VERB		A1	verb	kelly
1799	förbannad	ADJ		B1	adjective	kelly
1800	äga rum	VERB			vbm	saldo
1801	beredd	ADJ			av	saldo
1802	färdig	ADJ		A2	adjective	kelly
1803	glas	NOUN	ett	A2	noun-ett	kelly
1804	som vanligt	OTHER		A2	adverb	kelly
1805	lura	VERB		A2	verb	kelly
1806	stärka	VERB		A1	verb	kelly
1807	ljud	NOUN	ett	A2	noun-ett	kelly
1808	lugna sig	VERB			vbm	saldo
1809	ta hem	VERB			vbm	saldo
1810	riktning	NOUN	en	A2	noun-en	kelly
1811	regional	ADJ		A1	adjective	kelly
1812	frihet	NOUN	en	A1	noun-en	kelly
1813	alltför	OTHER		A1	adverb	kelly
1814	sjukt	OTHER			ab	saldo
1815	märke	NOUN	ett	A2	noun-ett	kelly
1816	dos	NOUN	en	B1	noun-en	kelly
1817	promenad	NOUN	en	A2	noun-en	kelly
1818	utmärkt	OTHER		B2	adverb	kelly
1819	framhålla	VERB		A2	verb	kelly
1820	kilo	NOUN			nn	saldo
1821	dåligt	OTHER		A2	adverb	kelly
1822	bord	NOUN	ett	A2	noun-ett	kelly
1823	saknas	VERB			vb	saldo
1824	föreligga	VERB		A2	verb	kelly
1825	tjock	ADJ		B1	adjective	kelly
1826	drömma	VERB		A2	verb	kelly
1827	blanda in	VERB			vbm	saldo
1828	stackars	ADJ		B1	adjective	kelly
1829	dela ut	VERB			vbm	saldo
1830	gripa	VERB		A2	verb	kelly
1831	rik	ADJ		A1	adjective	kelly
1832	skyldig	ADJ		A2	adjective	kelly
1833	säga till	VERB			vbm	saldo
1834	moderat	NOUN	en	A1	noun-en/adjective	kelly
1835	öra	NOUN	ett	A2	noun-ett	kelly
1836	existera	VERB		A1	verb	kelly
1837	öl	NOUN	en	A2	noun-en	kelly
1838	nära nog	OTHER			abm	saldo
1839	arbetsmarknad	NOUN	en	A1	noun-en	kelly
1840	begränsad	ADJ		A1	adjective	kelly
1841	överhuvudtaget	OTHER		A2	adverb	kelly
1842	spår	NOUN	ett	A1	noun-ett	kelly
1843	södra	ADJ		A2	adjective	kelly
1844	variera	VERB		A2	verb	kelly
1845	användning	NOUN	en	A1	noun-en	kelly
1846	kött	NOUN	ett	A2	noun-ett	kelly
1847	döma	VERB		A1	verb	kelly
1848	koka	VERB		B1	verb	kelly
1849	perspektiv	NOUN	ett	A1	noun-ett	kelly
1850	hänvisa	VERB		A2	verb	kelly
1851	rakt	OTHER		A2	adverb	kelly
1852	notera	VERB		A1	verb	kelly
1853	förutsätta	VERB		A2	verb	kelly
1854	delvis	OTHER		A1	adverb	kelly
1855	betyg	NOUN	ett	A2	noun-ett	kelly
1856	tröja	NOUN	en	B1	noun-en	kelly
1857	slita	VERB		A2	verb	kelly
1858	flertal	NOUN	ett	A1	noun-ett	kelly
1859	låsa	VERB		A2	verb	kelly
1860	hål	NOUN	ett	A2	noun-ett	kelly
1861	vaken	ADJ		B1	adjective	kelly
1862	åt helvete	OTHER			abm	saldo
1863	täcka	VERB		A1	verb	kelly
1864	kök	NOUN	ett	A2	noun-ett	kelly
1865	bränna	VERB		A2	verb	kelly
1866	typisk	ADJ		A2	adjective	kelly
1867	rapportera	VERB		A2	verb	kelly
1868	kraftigt	OTHER		A2	adverb	kelly
1869	gå långt	VERB			vbm	saldo
1870	trafik	NOUN	en	A2	noun-en	kelly
1871	för det mesta	OTHER			abm	saldo
1872	like	NOUN		B1	noun	kelly
1873	omfattning	NOUN	en	A2	noun-en	kelly
1874	ta ställning	VERB			vbm	saldo
1875	göra slut	VERB			vbm	saldo
1876	laga mat	VERB			vbm	saldo
1877	i helvete	OTHER			abm	saldo
1878	sannolik	ADJ		B1	adjective	kelly
1879	utsatt	ADJ		A2	adjective	kelly
1880	budget	NOUN	en	A2	noun-en	kelly
1881	rulla	VERB		A2	verb	kelly
1882	rubrik	NOUN	en	A2	noun-en	kelly
1883	fokus	NOUN		A2	noun	kelly
1884	kvinnlig	ADJ		A2	adjective	kelly
1885	offer	NOUN	ett	A1	noun-ett	kelly
1886	klippa	VERB		B1	verb/noun-en	kelly
1887	fullständigt	OTHER		A2	adverb	kelly
1888	polare	NOUN			nn	saldo
1889	besviken	ADJ		B1	adjective	kelly
1890	lydelse	NOUN	en	A2	noun-en	kelly
1891	skrämma	VERB		A2	verb	kelly
1892	förbereda	VERB		A2	verb	kelly
1893	åtta	NOUN	en	A1	noun-en/numeral	kelly
1894	i fredags	OTHER			abm	saldo
1895	guld	NOUN	ett	A2	noun-ett	kelly
1896	reklam	NOUN	en	A2	noun-en	kelly
1897	känslig	ADJ		A2	adjective	kelly
1898	seger	NOUN	en	A2	noun-en	kelly
1899	vänja sig	VERB			vbm	saldo
1900	i regel	OTHER			abm	saldo
1901	motivera	VERB		A2	verb	kelly
1902	nervös	ADJ		B2	adjective	kelly
1903	platt	ADJ		B2	adjective	kelly
1904	olycka	NOUN	en	A2	noun-en	kelly
1905	eftermiddag	NOUN	en	A1	noun-en	kelly
1906	tak	NOUN	ett	A2	noun-ett	kelly
1907	boll	NOUN	en	A2	noun-en	kelly
1908	by	NOUN	en	A1	noun-en	kelly
1909	måla	VERB		A2	verb	kelly
1910	hindra	VERB		A1	verb	kelly
1911	biljett	NOUN	en	B1	noun-en	kelly
1912	framtida	ADJ		A1	adjective	kelly
1913	hålla i sig	VERB			vbm	saldo
1914	vattendrag	NOUN			nn	saldo
1915	hända sig	VERB			vbm	saldo
1916	förlust	NOUN	en	A2	noun-en	kelly
1917	dam	NOUN	en	A2	noun-en	kelly
1918	flykting	NOUN	en	A2	noun-en	kelly
1919	mot bakgrund av	OTHER			ppm	saldo
1920	omständighet	NOUN	en	A2	noun-en	kelly
1921	nu för tiden	OTHER			abm	saldo
1922	faktor	NOUN	en	A1	noun-en	kelly
1923	invandring	NOUN	en	A2	noun-en	kelly
1924	få för sig	VERB			vbm	saldo
1925	ägna sig	VERB			vbm	saldo
1926	värme	NOUN	en	A2	noun-en	kelly
1927	våldtäkt	NOUN	en	A2	noun-en	kelly
1928	rörelse	NOUN	en	A1	noun-en	kelly
1929	dra ut	VERB			vbm	saldo
1930	recept	NOUN	ett	B1	noun-ett	kelly
1931	därifrån	OTHER		A2	adverb	kelly
1932	lämna in	VERB			vbm	saldo
1933	anmälan	NOUN	en	B1	noun-en	kelly
1934	komma överens	VERB			vbm	saldo
1935	orsaka	VERB		A2	verb	kelly
1936	stå upp	VERB			vbm	saldo
1937	godis	NOUN	ett	B1	noun-ett	kelly
1938	ledamot	NOUN	en	A1	noun-en	kelly
1939	räkna ut	VERB			vbm	saldo
1940	politiskt	OTHER		A2	adverb	kelly
1941	släkt	NOUN	en	A2	noun-en	kelly
1942	tabell	NOUN	en	A2	noun-en	kelly
1943	främsta	ADJ		A2	adjective	kelly
1944	utomlands	OTHER		A2	adverb	kelly
1945	råka ut	VERB			vbm	saldo
1946	arbetslös	ADJ		A2	adjective	kelly
1947	djupt	OTHER		A2	adverb	kelly
1948	länka	VERB		A1	verb	kelly
1949	president	NOUN	en	A1	noun-en	kelly
1950	på den tiden	OTHER			abm	saldo
1951	norra	ADJ		A2	adjective	kelly
1952	tända	VERB		B1	verb	kelly
1953	i själva verket	OTHER		A2	adverb	kelly
1954	ökning	NOUN	en	A1	noun-en	kelly
1955	bry sig om	VERB			vbm	saldo
1956	placera	VERB		A2	verb	kelly
1957	kommission	NOUN	en	A1	noun-en	kelly
1958	tryck	NOUN	ett	A1	noun-ett	kelly
1959	sparka	VERB		B1	verb	kelly
1960	lös	ADJ		A2	adjective	kelly
1961	skyldighet	NOUN	en	A2	noun-en	kelly
1962	cool	ADJ		B1	adjective	kelly
1963	produktion	NOUN	en	A1	noun-en	kelly
1964	fart	NOUN	en	A2	noun-en	kelly
1965	huvudsakligen	OTHER		A2	adverb	kelly
1966	omfattande	ADJ		A1	adjective	kelly
1967	fisk	NOUN	en	A2	noun-en	kelly
1968	för fan	OTHER			inm	saldo
1969	uttalande	NOUN	ett	A2	noun-ett	kelly
1970	kamera	NOUN	en	A2	noun-en	kelly
1971	hållas	VERB			vb	saldo
1972	ränta	NOUN	en	A2	noun-en	kelly
1973	brun	ADJ		B1	adjective	kelly
1974	fokusera	VERB		A2	verb	kelly
1975	ut ur	OTHER			ppm	saldo
1976	sannolikt	OTHER		A2	adverb	kelly
1977	förtjäna	VERB		A2	verb	kelly
1978	dra ner	VERB			vbm	saldo
1979	undersöka	VERB		A2	verb	kelly
1980	fattig	ADJ		A1	adjective	kelly
1981	överleva	VERB		A2	verb	kelly
1982	aktivitet	NOUN	en	A1	noun-en	kelly
1983	komma ifrån	VERB			vbm	saldo
1984	varda	VERB			vb	saldo
1985	sedan dess	OTHER			abm	saldo
1986	verklig	ADJ		A1	adjective	kelly
1987	feber	NOUN	en	B2	noun-en	kelly
1988	ångra	VERB		B1	verb	kelly
1989	datum	NOUN	ett	A2	noun-ett	kelly
1990	runt om	OTHER			ppm	saldo
1991	redo	ADJ		A2	adjective	kelly
1992	blöda	VERB		C1	verb	kelly
1993	snö	NOUN	en	A2	noun-en	kelly
1994	mod	NOUN	ett	A2	noun-ett	kelly
1995	föreskrift	NOUN	en	A2	noun-en	kelly
1996	gå sönder	VERB			vbm	saldo
1997	styrka	NOUN	en	A1	noun-en/verb	kelly
1998	länge sedan	OTHER			abm	saldo
1999	en gång till	OTHER			abm	saldo
2000	nöja sig	VERB		A2	verb	kelly
2001	konflikt	NOUN	en	A1	noun-en	kelly
2002	nja	OTHER			in	saldo
2003	framförallt	OTHER			ab	saldo
2004	fly	VERB		A2	verb	kelly
2005	förvånad	ADJ		A2	adjective	kelly
2006	pojkvän	NOUN	en	B2	noun-en	kelly
2007	skicka in	VERB			vbm	saldo
2008	googla	VERB			vb	saldo
2009	fruktansvärt	OTHER		B1	adverb	kelly
2010	uppmärksamhet	NOUN	en	A2	noun-en	kelly
2011	utesluta	VERB		A2	verb	kelly
2012	amning	NOUN			nn	saldo
2013	israel	NOUN	en	A2	noun-en	kelly
2014	sträcka sig	VERB			vbm	saldo
2015	göra skillnad	VERB			vbm	saldo
2016	jämförelse	NOUN	en	A2	noun-en	kelly
2017	videoklipp	NOUN			nn	saldo
2018	varenda	OTHER		A1	det	kelly
2019	process	NOUN	en	A1	noun-en	kelly
2020	åklagare	NOUN	en	A2	noun-en	kelly
2021	version	NOUN	en	A1	noun-en	kelly
2022	fastighet	NOUN	en	A2	noun-en	kelly
2023	rosa	ADJ		B1	adjective	kelly
2024	gång på gång	OTHER		B1	adverb	kelly
2025	än en gång	OTHER			abm	saldo
2026	tillfällig	ADJ		A2	adjective	kelly
2027	frysa	VERB		B1	verb	kelly
2028	gifta	VERB		A2	verb	kelly
2029	radio	NOUN	en	A2	noun-en	kelly
2030	desto	OTHER		A2	adverb	kelly
2031	väsentlig	ADJ		A2	adjective	kelly
2032	god morgon	OTHER			inm	saldo
2033	försäljning	NOUN	en	A2	noun-en	kelly
2034	återigen	OTHER		A1	adverb	kelly
2035	lugna	VERB		B1	verb	kelly
2036	klicka	VERB		A1	verb	kelly
2037	fastna	VERB		A2	verb	kelly
2038	försäkring	NOUN	en	A2	noun-en	kelly
2039	sms	NOUN	ett	B1	noun-ett	kelly
2040	expert	NOUN	en	A2	noun-en	kelly
2041	bana	NOUN	en	A2	noun-en	kelly
2042	tysk	ADJ		A1	adjective/noun-en	kelly
2043	inträffa	VERB		A2	verb	kelly
2044	kung	NOUN	en	A1	noun-en	kelly
2045	herregud	OTHER		B2	interj	kelly
2046	falsk	ADJ		A2	adjective	kelly
2047	prioritera	VERB		A2	verb	kelly
2048	åter	OTHER		A1	adverb	kelly
2049	betrakta	VERB		A1	verb	kelly
2050	islam	NOUN	en	A1	noun-en	kelly
2051	olja	NOUN	en	A2	noun-en	kelly
2052	bekant	ADJ		A2	adjective	kelly
2053	skiva	NOUN	en	A1	noun-en	kelly
2054	grundlägga	VERB			vb	saldo
2055	locka	VERB		A2	verb	kelly
2056	grabb	NOUN	en	B1	noun-en	kelly
2057	diagnos	NOUN	en	B1	noun-en	kelly
2058	misstag	NOUN	ett	A2	noun-ett	kelly
2059	posta	VERB		A2	verb	kelly
2060	reaktion	NOUN	en	A1	noun-en	kelly
2061	upplevelse	NOUN	en	A2	noun-en	kelly
2062	ja då	OTHER			inm	saldo
2063	hals	NOUN	en	B1	noun-en	kelly
2064	miljöparti	NOUN	ett	A2	noun-ett	kelly
2065	blöja	NOUN			nn	saldo
2066	illamående	NOUN	ett	C1	noun-ett/adjective	kelly
2067	om inte annat	OTHER			abm	saldo
2068	normalt	OTHER		A2	adverb	kelly
2069	dylik	ADJ		B1	adjective	kelly
2070	smal	ADJ		A2	adjective	kelly
2071	fönster	NOUN	ett	A2	noun-ett	kelly
2072	så småningom	OTHER		A2	adverb	kelly
2073	reglera	VERB		A2	verb	kelly
2074	omedelbart	OTHER		A2	adverb	kelly
2075	karaktär	NOUN	en	A1	noun-en	kelly
2076	bjuda in	VERB			vbm	saldo
2077	utrymme	NOUN	ett	A2	noun-ett	kelly
2078	fritt	OTHER		A2	adverb	kelly
2079	påstående	NOUN	ett	A2	noun-ett	kelly
2080	frivillig	ADJ		A2	adjective	kelly
2081	initiativ	NOUN	ett	A1	noun-ett	kelly
2082	erhålla	VERB		A2	verb	kelly
2083	skämmas	VERB			vb	saldo
2084	allians	NOUN	en	A1	noun-en	kelly
2085	mormor	NOUN	en	B1	noun-en	kelly
2086	upp och ner	OTHER		B2	adverb	kelly
2087	byxa	NOUN	en	B2	noun-en	kelly
2088	knulla	VERB			vb	saldo
2089	grundläggande	ADJ		A1	adjective	kelly
2090	annorlunda	ADJ		A2	adjective/adverb	kelly
2091	beroende på	OTHER		A2	prep	kelly
2092	ring	NOUN	en	A1	noun-en	kelly
2093	tät	ADJ		B1	adjective	kelly
2094	investering	NOUN	en	A2	noun-en	kelly
2095	till en början	OTHER			abm	saldo
2096	ingen fara	OTHER			inm	saldo
2097	blåsa	VERB		A2	verb	kelly
2098	domare	NOUN	en	A2	noun-en	kelly
2099	andas	VERB		B1	verb	kelly
2100	kompetens	NOUN	en	A2	noun-en	kelly
2101	forskare	NOUN	en	A1	noun-en	kelly
2102	rysk	ADJ		A1	adjective	kelly
2103	detalj	NOUN	en	A2	noun-en	kelly
2104	pinsam	ADJ		B1	adjective	kelly
2105	bl a	OTHER			abm	saldo
2106	lära känna	VERB			vbm	saldo
2107	meddelande	NOUN	ett	A2	noun-ett	kelly
2108	gymnasium	NOUN	ett	A2	noun-ett	kelly
2109	avgörande	NOUN	ett	B2	noun-ett	kelly
2110	dölja	VERB		A2	verb	kelly
2111	hungrig	ADJ		B1	adjective	kelly
2112	tillgänglig	ADJ		A1	adjective	kelly
2113	reservation	NOUN	en	A2	noun-en	kelly
2114	tipsa	VERB		A2	verb	kelly
2115	utom	OTHER		A1	prep	kelly
2116	ett dugg	OTHER			pnm	saldo
2117	hundra	NUM		A1	numeral	kelly
2118	app	NOUN			nn	saldo
2119	till stor del	OTHER			abm	saldo
2120	an	OTHER		A1	particle	kelly
2121	gnälla	VERB		B1	verb	kelly
2122	satsning	NOUN	en	A2	noun-en	kelly
2123	avstånd	NOUN	ett	A2	noun-ett	kelly
2124	skära	VERB		A2	verb	kelly
2125	kissa	VERB			vb	saldo
2126	hemskt	OTHER		B1	adverb	kelly
2127	industri	NOUN	en	A2	noun-en	kelly
2128	utbilda	VERB		A2	verb	kelly
2129	avseende	NOUN	ett	A2	noun-ett	kelly
2130	försiktig	ADJ		B1	adjective	kelly
2131	lov	NOUN	ett	A2	noun-ett	kelly
2132	överväga	VERB		A2	verb	kelly
2133	gå igen	VERB			vbm	saldo
2134	tillkännage	VERB		B1	verb	kelly
2135	scen	NOUN	en	A2	noun-en	kelly
2136	torka	VERB		B1	verb	kelly
2137	stol	NOUN	en	A1	noun-en	kelly
2138	given	ADJ			av	saldo
2139	packa	VERB		B1	verb	kelly
2140	felaktig	ADJ		A2	adjective	kelly
2141	registrera	VERB		A2	verb	kelly
2142	upprepa	VERB		A2	verb	kelly
2143	jaga	VERB		A2	verb	kelly
2144	namnge	VERB			vb	saldo
2145	klimat	NOUN	ett	A2	noun-ett	kelly
2146	norr	NOUN		B1	noun	kelly
2147	värdering	NOUN	en	A1	noun-en	kelly
2148	underlätta	VERB		A2	verb	kelly
2149	klassisk	ADJ		A2	adjective	kelly
2150	hyra	VERB		A2	verb/noun-en	kelly
2151	lägga ned	VERB			vbm	saldo
2152	uppmärksamma	VERB		A2	verb	kelly
2153	i rad	OTHER			abm	saldo
2154	söka sig	VERB			vbm	saldo
2155	på det viset	ADJ			avm	saldo
2156	utgift	NOUN	en	A2	noun-en	kelly
2157	berörd	ADJ		A2	adjective	kelly
2158	hotell	NOUN	ett	A2	noun-ett	kelly
2159	kö	NOUN	en	B1	noun-en	kelly
2160	i varje fall	OTHER			abm	saldo
2161	tillväxt	NOUN	en	A1	noun-en	kelly
2162	regelbunden	ADJ		B1	adjective	kelly
2163	ursäkta	VERB		B1	verb	kelly
2164	jan	NOUN			nn	saldo
2165	i vanliga fall	OTHER			abm	saldo
2166	käka	VERB		B2	verb	kelly
2167	först och främst	OTHER		B1	adverb	kelly
2168	medans	OTHER			sn	saldo
2169	imponera	VERB		B1	verb	kelly
2170	museum	NOUN	ett	A2	noun-ett	kelly
2171	troligtvis	OTHER		B1	adverb	kelly
2172	ta vara	VERB			vbm	saldo
2173	flickvän	NOUN	en	B2	noun-en	kelly
2174	brinna	VERB		A2	verb	kelly
2175	glädje	NOUN	en	A2	noun-en	kelly
2176	mörda	VERB		A2	verb	kelly
2177	relevant	ADJ		A2	adjective	kelly
2178	långsam	ADJ		B1	adjective	kelly
2179	övertygad	ADJ		A2	adjective	kelly
2180	rutin	NOUN	en	B1	noun-en	kelly
2181	båt	NOUN	en	A1	noun-en	kelly
2182	kritisera	VERB		A1	verb	kelly
2183	utgångspunkt	NOUN	en	A2	noun-en	kelly
2184	tyda	VERB		A1	verb	kelly
2185	i synnerhet	OTHER		A2	adverb	kelly
2186	byggnad	NOUN	en	A2	noun-en	kelly
2187	operation	NOUN	en	A2	noun-en	kelly
2188	nytta	NOUN	en	A2	noun-en	kelly
2189	avslöja	VERB		A2	verb	kelly
2190	slappna av	VERB			vbm	saldo
2191	manlig	ADJ		A2	adjective	kelly
2192	förbud	NOUN	ett	A2	noun-ett	kelly
2193	smidig	ADJ		B1	adjective	kelly
2194	öster	NOUN		B2	noun	kelly
2195	anpassa sig	VERB			vbm	saldo
2196	välling	NOUN			nn	saldo
2197	symptom	NOUN	ett	B1	noun-ett	kelly
2198	vid sidan av	OTHER		B1	prep	kelly
2199	ansvarig	ADJ		A2	adjective	kelly
2200	dra upp	VERB			vbm	saldo
2201	trolig	ADJ		A2	adjective	kelly
2202	stöta	VERB		A2	verb	kelly
2203	gjord	ADJ			av	saldo
2204	spy	VERB			vb	saldo
2205	leverera	VERB		A2	verb	kelly
2206	kamp	NOUN	en	A1	noun-en	kelly
2207	grav	NOUN	en	B1	noun-en	kelly
2208	långsiktig	ADJ		A2	adjective	kelly
2209	på nytt	OTHER			abm	saldo
2210	därav	OTHER		B1	adverb	kelly
2211	kris	NOUN	en	A1	noun-en	kelly
2212	ärligt talat	OTHER			abm	saldo
2213	ansökan	NOUN	en	A2	noun-en	kelly
2214	möjligen	OTHER		A2	adverb	kelly
2215	arbetslöshet	NOUN	en	A1	noun-en	kelly
2216	brud	NOUN	en	B2	noun-en	kelly
2217	definitivt	OTHER		A2	adverb	kelly
2218	digital	ADJ		A2	adjective	kelly
2219	final	NOUN	en	B1	noun-en	kelly
2220	fil	NOUN	en	A2	noun-en	kelly
2221	äta upp	VERB			vbm	saldo
2222	få ihop	VERB			vbm	saldo
2223	vidrig	ADJ		B2	adjective	kelly
2224	förbanna	VERB			vb	saldo
2225	publik	NOUN	en	A2	noun-en	kelly
2226	press	NOUN	en	A2	noun-en	kelly
2227	omgång	NOUN	en	A2	noun-en	kelly
2228	budgetår	NOUN	ett	B2	noun-ett	kelly
2229	själ	NOUN	en	A2	noun-en	kelly
2230	bada	VERB		B1	verb	kelly
2231	religiös	ADJ		A1	adjective	kelly
2232	uppgå	VERB		A2	verb	kelly
2233	ha för sig	VERB			vbm	saldo
2234	gift	NOUN	ett	B2	noun-ett	kelly
2235	avdelning	NOUN	en	A2	noun-en	kelly
2236	stabil	ADJ		A2	adjective	kelly
2237	våldta	VERB		B2	verb	kelly
2238	officiell	ADJ		A2	adjective	kelly
2239	om och om igen	OTHER			abm	saldo
2240	pigg	ADJ		B2	adjective	kelly
2241	till största delen	OTHER			abm	saldo
2242	gå vägen	VERB			vbm	saldo
2243	dras	VERB			vb	saldo
2244	rinna	VERB		A2	verb	kelly
2245	logga in	VERB			vbm	saldo
2246	så gott som	OTHER		B1	adverb	kelly
2247	sten	NOUN	en	A2	noun-en	kelly
2248	finansiera	VERB		A2	verb	kelly
2249	frukt	NOUN	en	A2	noun-en	kelly
2250	kriminell	ADJ		A2	adjective	kelly
2251	sikt	NOUN	en	A1	noun-en	kelly
2252	ångra sig	VERB			vbm	saldo
2253	konkret	ADJ		A2	adjective	kelly
2254	huruvida	OTHER		A2	subj	kelly
2255	binda	VERB		B1	verb	kelly
2256	för sent	OTHER			abm	saldo
2257	granskning	NOUN	en	A2	noun-en	kelly
2258	handel	NOUN	en	A2	noun-en	kelly
2259	restaurang	NOUN	en	A2	noun-en	kelly
2260	kur	NOUN			nn	saldo
2261	varav	OTHER		A2	adverb	kelly
2262	cykla	VERB		B1	verb	kelly
2263	mjuk	ADJ		B1	adjective	kelly
2264	specifik	ADJ		A2	adjective	kelly
2265	köra på	VERB			vbm	saldo
2266	hoppa in	VERB			vbm	saldo
2267	passa in	VERB			vbm	saldo
2268	nämnd	NOUN	en	A2	noun-en	kelly
2269	med tiden	OTHER			abm	saldo
2270	av sig själv	OTHER			abm	saldo
2271	gömma	VERB		A2	verb	kelly
2272	trä	NOUN	ett	B1	noun-ett	kelly
2273	service	NOUN	en	A2	noun-en	kelly
2274	barnmorska	NOUN	en	C1	noun-en	kelly
2275	militär	ADJ		A1	adjective/noun-en	kelly
2276	tack och lov	OTHER			inm	saldo
2277	beräkning	NOUN	en	A2	noun-en	kelly
2278	sjukskriva	VERB			vb	saldo
2279	stanna kvar	VERB			vbm	saldo
2280	vänta sig	VERB			vbm	saldo
2281	sektor	NOUN	en	A1	noun-en	kelly
2282	definition	NOUN	en	A2	noun-en	kelly
2283	egenskap	NOUN	en	A2	noun-en	kelly
2284	halvår	NOUN	ett	B1	noun-ett	kelly
2285	inom ramen för	OTHER		A2	prep	kelly
2286	bestämd	ADJ		A2	adjective	kelly
2287	brand	NOUN	en	B1	noun-en	kelly
2288	korkad	ADJ		B2	adjective	kelly
2289	gul	ADJ		A2	adjective	kelly
2290	tingsrätt	NOUN	en	A2	noun-en	kelly
2291	tablett	NOUN	en	C1	noun-en	kelly
2292	vänta barn	VERB			vbm	saldo
2293	omedelbar	ADJ		A2	adjective	kelly
2294	socker	NOUN	ett	B1	noun-ett	kelly
2295	medlemsstat	NOUN	en	A1	noun-en	kelly
2296	i dagsläget	OTHER			abm	saldo
2297	med flera	OTHER		B2	adverb	kelly
2298	fram och tillbaka	OTHER		B2	adverb	kelly
2299	blödning	NOUN	en	C2	noun-en	kelly
2300	skämt	NOUN	ett	B1	noun-ett	kelly
2301	i längden	OTHER			abm	saldo
2302	smitta	VERB		B2	verb	kelly
2303	spoiler	NOUN			nn	saldo
2304	passera	VERB		A2	verb	kelly
2305	noll	NUM		B1	numeral/noun	kelly
2306	gå bort	VERB			vbm	saldo
2307	baka	VERB		B2	verb	kelly
2308	träda	VERB		A2	verb	kelly
2309	rörande	OTHER		A2	prep	kelly
2310	okänd	ADJ		A2	adjective	kelly
2311	yrke	NOUN	ett	A2	noun-ett	kelly
2312	i slutändan	OTHER			abm	saldo
2313	användare	NOUN	en	A2	noun-en	kelly
2314	tweet	NOUN			nn	saldo
2315	trygghet	NOUN	en	A2	noun-en	kelly
2316	konstant	ADJ		B1	adjective	kelly
2317	utseende	NOUN	ett	A2	noun-ett	kelly
2318	individuell	ADJ		A2	adjective	kelly
2319	förrän	OTHER		A2	subj	kelly
2320	när som helst	OTHER		C1	adverb	kelly
2321	hela vägen	OTHER			abm	saldo
2322	botten	NOUN	en	A2	noun-en	kelly
2323	statsråd	NOUN	ett	A2	noun-ett	kelly
2324	knä	NOUN	ett	A2	noun-ett	kelly
2325	kanal	NOUN	en	A2	noun-en	kelly
2326	framöver	OTHER		A2	adverb	kelly
2327	höger	ADJ		A2	adjective/noun	kelly
2328	grunda	VERB		A2	verb	kelly
2329	utse	VERB		A2	verb	kelly
2330	diverse	ADJ		A2	adjective	kelly
2331	global	ADJ		A1	adjective	kelly
2332	lysa	VERB		A2	verb	kelly
2333	boende	NOUN	ett	A2	noun-ett	kelly
2334	vem vet	OTHER			inm	saldo
2335	kupera	VERB			vb	saldo
2336	bevilja	VERB		A2	verb	kelly
2337	adress	NOUN	en	A2	noun-en	kelly
2338	längst	OTHER			ab	saldo
2339	elak	ADJ		B1	adjective	kelly
2340	akut	ADJ		B1	adjective	kelly
2341	författare	NOUN	en	A1	noun-en	kelly
2342	tillämpning	NOUN	en	A2	noun-en	kelly
2343	i anslutning till	OTHER		B1	prep	kelly
2344	kuperad	ADJ			av	saldo
2345	i somras	OTHER			abm	saldo
2346	uppta	VERB		B1	verb	kelly
2347	lyfta fram	VERB			vbm	saldo
2348	tja	OTHER			in	saldo
2349	lund	NOUN	en	C2	noun-en	kelly
2350	lögn	NOUN	en	A2	noun-en	kelly
2351	is	NOUN	en	A1	noun-en	kelly
2352	väster	NOUN		C2	noun	kelly
2353	riva	VERB		A1	verb	kelly
2354	föreskriva	VERB		A2	verb	kelly
2355	kombination	NOUN	en	A2	noun-en	kelly
2356	löjlig	ADJ		B1	adjective	kelly
2357	tveksam	ADJ		A2	adjective	kelly
2358	slå ut	VERB			vbm	saldo
2359	dela upp	VERB			vbm	saldo
2360	näringsliv	NOUN	ett	A2	noun-ett	kelly
2361	beräknad	ADJ			av	saldo
2362	beskrivning	NOUN	en	A2	noun-en	kelly
2363	extremt	OTHER		A2	adverb	kelly
2364	ta plats	VERB			vbm	saldo
2365	släppa in	VERB			vbm	saldo
2366	kränka	VERB		B1	verb	kelly
2367	krog	NOUN	en	B1	noun-en	kelly
2368	kuk	NOUN			nn	saldo
2369	vetenskaplig	ADJ		A1	adjective	kelly
2370	kapitel	NOUN	ett	A1	noun-ett	kelly
2371	utforma	VERB		A2	verb	kelly
2372	nordväst	NOUN		C2	noun	kelly
2373	burk	NOUN	en	B2	noun-en	kelly
2374	paragraf	NOUN	en	B1	noun-en	kelly
2375	underlag	NOUN	ett	A2	noun-ett	kelly
2376	panik	NOUN	en	B1	noun-en	kelly
2377	variant	NOUN	en	A2	noun-en	kelly
2378	svårighet	NOUN	en	A2	noun-en	kelly
2379	plussa	VERB			vb	saldo
2380	maskin	NOUN	en	A2	noun-en	kelly
2381	resa sig	VERB			vbm	saldo
2382	norsk	ADJ		A2	adjective	kelly
2383	respektera	VERB		A2	verb	kelly
2384	dansk	ADJ		A2	adjective/noun-en	kelly
2385	anmäla sig	VERB			vbm	saldo
2386	klipp	NOUN	ett	B1	noun-ett	kelly
2387	generation	NOUN	en	A1	noun-en	kelly
2388	stjärna	NOUN	en	A2	noun-en	kelly
2389	snubbe	NOUN	en	C1	noun-en	kelly
2390	krypa	VERB		B1	verb	kelly
2391	näsa	NOUN	en	B1	noun-en	kelly
2392	främja	VERB		A2	verb	kelly
2393	inriktning	NOUN	en	A2	noun-en	kelly
2394	grymt	OTHER			ab	saldo
2395	sköta sig	VERB			vbm	saldo
2396	i väntan på	OTHER			ppm	saldo
2397	automatisk	ADJ		B2	adjective	kelly
2398	hm	OTHER			in	saldo
2399	medicinsk	ADJ		A2	adjective	kelly
2400	stjäla	VERB		A2	verb	kelly
2401	apotek	NOUN	ett	B2	noun-ett	kelly
2402	supa	VERB		B2	verb	kelly
2403	present	NOUN	en	B1	noun-en	kelly
2404	framstå	VERB		A2	verb	kelly
2405	förtroende	NOUN	ett	A2	noun-ett	kelly
2406	enhet	NOUN	en	A1	noun-en	kelly
2407	axel	NOUN	en	B1	noun-en	kelly
2408	betydande	ADJ		A2	adjective	kelly
2409	seg	ADJ		B2	adjective	kelly
2410	napp	NOUN			nn	saldo
2411	arbetsplats	NOUN	en	A2	noun-en	kelly
2412	centrum	NOUN	ett	A2	noun-ett	kelly
2413	illa	OTHER		A1	adverb	kelly
2414	komma undan	VERB			vbm	saldo
2415	glesbefolkad	ADJ			av	saldo
2416	lat	ADJ		B1	adjective	kelly
2417	ägglossning	NOUN			nn	saldo
2418	spendera	VERB		A2	verb	kelly
2419	jämn	ADJ		A2	adjective	kelly
2420	fas	NOUN	en	B1	noun-en	kelly
2421	i lördags	OTHER			abm	saldo
2422	mail	NOUN			nn	saldo
2423	bas	NOUN	en	A2	noun-en	kelly
2424	hat	NOUN	ett	A2	noun-ett	kelly
2425	historisk	ADJ		A1	adjective	kelly
2426	ordentligt	OTHER		A2	adverb	kelly
2427	löpa	VERB		A2	verb	kelly
2428	granska	VERB		A2	verb	kelly
2429	i fortsättningen	OTHER			abm	saldo
2430	engelska	NOUN	en	A2	noun-en	kelly
2431	kategori	NOUN	en	A1	noun-en	kelly
2432	körkort	NOUN	ett	B2	noun-ett	kelly
2433	van	ADJ		B1	adjective	kelly
2434	prövning	NOUN	en	A2	noun-en	kelly
2435	klänning	NOUN	en	B1	noun-en	kelly
2436	medge	VERB		A2	verb	kelly
2437	potatis	NOUN	en	B1	noun-en	kelly
2438	fond	NOUN	en	A2	noun-en	kelly
2439	vakna upp	VERB			vbm	saldo
2440	påbörja	VERB		A2	verb	kelly
2441	jävel	NOUN	en	B2	noun-en	kelly
2442	sammanlagd	ADJ		B2	adjective	kelly
2443	fordon	NOUN	ett	A2	noun-ett	kelly
2444	lopp	NOUN	ett	A2	noun-ett	kelly
2445	juridisk	ADJ		A2	adjective	kelly
2446	hud	NOUN	en	B1	noun-en	kelly
2447	en gång i veckan	OTHER			abm	saldo
2448	strunta	VERB		B1	verb	kelly
2449	hinder	NOUN	ett	A2	noun-ett	kelly
2450	närma	VERB		A2	verb	kelly
2451	upphöra	VERB		A2	verb	kelly
2452	resonemang	NOUN	ett	A2	noun-ett	kelly
2453	obehaglig	ADJ		B1	adjective	kelly
2454	nio	NUM		A1	numeral	kelly
2455	yta	NOUN	en	A2	noun-en	kelly
2456	i likhet med	OTHER		B1	adverb	kelly
2457	för det andra	OTHER			abm	saldo
2458	gröt	NOUN	en	C1	noun-en	kelly
2459	organ	NOUN	ett	A2	noun-ett	kelly
2460	hyfsad	ADJ			av	saldo
2461	i måndags	OTHER			abm	saldo
2462	yttrande	NOUN	ett	A2	noun-ett	kelly
2463	populär	ADJ		A2	adjective	kelly
2464	nyttig	ADJ		B1	adjective	kelly
2465	brista	VERB		B1	verb	kelly
2466	ändamål	NOUN	ett	A2	noun-ett	kelly
2467	slåss	VERB			vb	saldo
2468	föremål	NOUN	ett	A2	noun-ett	kelly
2469	tacka nej	VERB			vbm	saldo
2470	takt	NOUN	en	A1	noun-en	kelly
2471	västra	ADJ		A2	adjective	kelly
2472	herre	NOUN	en	A2	noun-en	kelly
2473	reda ut	VERB			vbm	saldo
2474	sålunda	OTHER		A2	adverb	kelly
2475	rädsla	NOUN	en	A2	noun-en	kelly
2476	olaglig	ADJ		A2	adjective	kelly
2477	pension	NOUN	en	A2	noun-en	kelly
2478	ta av	VERB			vbm	saldo
2479	påse	NOUN	en	B1	noun-en	kelly
2480	förr eller senare	OTHER		B2	adverb	kelly
2481	blick	NOUN	en	A2	noun-en	kelly
2482	kliva	VERB		A2	verb	kelly
2483	ge sig in	VERB			vbm	saldo
2484	julklapp	NOUN	en	B1	noun-en	kelly
2485	ytterst	OTHER		A2	adverb	kelly
2486	bli kvar	VERB			vbm	saldo
2487	knyta	VERB		A2	verb	kelly
2488	kritisk	ADJ		A2	adjective	kelly
2489	karl	NOUN	en	B1	noun-en	kelly
2490	undervisning	NOUN	en	A2	noun-en	kelly
2491	fälla	VERB		A2	verb/noun-en	kelly
2492	angelägen	ADJ		A2	adjective	kelly
2493	inblandad	ADJ			av	saldo
2494	engelsk	ADJ		A1	adjective	kelly
2495	värdelös	ADJ		B1	adjective	kelly
2496	förhand	NOUN		B2	noun	kelly
2497	nackdel	NOUN	en	A2	noun-en	kelly
2498	demokratisk	ADJ		A1	adjective	kelly
2499	cannabis	NOUN			nn	saldo
2500	lagom	OTHER		B1	adverb/adjective	kelly
2501	unik	ADJ		A2	adjective	kelly
2502	citat	NOUN	ett	A2	noun-ett	kelly
2503	dela med sig	VERB			vbm	saldo
2504	inatt	OTHER			ab	saldo
2505	egendom	NOUN	en	A2	noun-en	kelly
2506	tillsätta	VERB		A2	verb	kelly
2507	eventuellt	OTHER		A2	adverb	kelly
2508	feminist	NOUN	en	B1	noun-en	kelly
2509	standard	NOUN	en	A2	noun-en	kelly
2510	räkning	NOUN	en	A2	noun-en	kelly
2511	jämt	OTHER		B1	adverb	kelly
2512	sällskap	NOUN	ett	A2	noun-ett	kelly
2513	fördela	VERB		A2	verb	kelly
2514	konkurrens	NOUN	en	A2	noun-en	kelly
2515	i förväg	OTHER		B1	adverb	kelly
2516	skum	ADJ		B2	adjective	kelly
2517	muskel	NOUN	en	B1	noun-en	kelly
2518	kod	NOUN	en	B1	noun-en	kelly
2519	sorg	NOUN	en	A2	noun-en	kelly
2520	förvirra	VERB		C2	verb	kelly
2521	mått	NOUN	ett	A2	noun-ett	kelly
2522	garantera	VERB		A2	verb	kelly
2523	misshandel	NOUN	en	B1	noun-en	kelly
2524	attack	NOUN	en	A2	noun-en	kelly
2525	pressa	VERB		A2	verb	kelly
2526	heja	VERB		C1	verb	kelly
2527	i jämförelse med	OTHER		B1	prep	kelly
2528	rasist	NOUN	en	B1	noun-en	kelly
2529	data	NOUN		A2	noun	kelly
2530	förhindra	VERB		A2	verb	kelly
2531	rasism	NOUN	en	A2	noun-en	kelly
2532	gå ihop	VERB			vbm	saldo
2533	östra	ADJ		A2	adjective	kelly
2534	informera	VERB		A2	verb	kelly
2535	fransk	ADJ		A1	adjective	kelly
2536	i onödan	OTHER		B2	adverb	kelly
2537	kräkas	VERB		C1	verb	kelly
2538	förhandling	NOUN	en	A2	noun-en	kelly
2539	gård	NOUN	en	A2	noun-en	kelly
2540	utmaning	NOUN	en	A2	noun-en	kelly
2541	engagera	VERB		A2	verb	kelly
2542	framföra	VERB		A2	verb	kelly
2543	till sist	OTHER		A2	adverb	kelly
2544	till höger	OTHER			abm	saldo
2545	på tal om	OTHER			ppm	saldo
2546	välkomna	VERB		A2	verb	kelly
2547	logisk	ADJ		A2	adjective	kelly
2548	väska	NOUN	en	B1	noun-en	kelly
2549	dansa	VERB		A2	verb	kelly
2550	gram	NOUN	ett	A1	noun-ett	kelly
2551	bredvid	OTHER		A2	prep	kelly
2552	bransch	NOUN	en	A2	noun-en	kelly
2553	stötta	VERB		B1	verb	kelly
2554	avstå	VERB		A2	verb	kelly
2555	vid det här laget	OTHER			abm	saldo
2556	ihjäl	OTHER		B1	particle	kelly
2557	korka	VERB			vb	saldo
2558	gäst	NOUN	en	A2	noun-en	kelly
2559	kontrakt	NOUN	ett	A2	noun-ett	kelly
2560	statsminister	NOUN	en	A2	noun-en	kelly
2561	slänga sig	VERB			vbm	saldo
2562	toa	NOUN			nn	saldo
2563	hemlig	ADJ		A2	adjective	kelly
2564	strategi	NOUN	en	A1	noun-en	kelly
2565	föreställa sig	VERB			vbm	saldo
2566	länge sen	OTHER			abm	saldo
2567	förståelse	NOUN	en	A2	noun-en	kelly
2568	stress	NOUN	en	B1	noun-en	kelly
2569	inta	VERB		A2	verb	kelly
2570	uppfylla	VERB		A2	verb	kelly
2571	samman	OTHER		A1	particle	kelly
2572	karriär	NOUN	en	A2	noun-en	kelly
2573	producera	VERB		A2	verb	kelly
2574	aktivt	OTHER		A2	adverb	kelly
2575	gullig	ADJ			av	saldo
2576	som mest	OTHER			abm	saldo
2577	hållbar	ADJ		A2	adjective	kelly
2578	på sikt	OTHER			abm	saldo
2579	humör	NOUN	ett	B1	noun-ett	kelly
2580	ansluta	VERB		A2	verb	kelly
2581	följa upp	VERB			vbm	saldo
2582	ta tillbaka	VERB			vbm	saldo
2583	godkänd	ADJ		A2	adjective	kelly
2584	åring	NOUN			nn	saldo
2585	flytning	NOUN			nn	saldo
2586	komplettera	VERB		A2	verb	kelly
2587	citera	VERB		A1	verb	kelly
2588	tränare	NOUN	en	B1	noun-en	kelly
2589	i takt med	OTHER			ppm	saldo
2590	stopp	NOUN	ett	A2	noun-ett	kelly
2591	sund	ADJ		A2	adjective	kelly
2592	vinnare	NOUN	en	A2	noun-en	kelly
2593	live	ADJ			av	saldo
2594	få till	VERB			vbm	saldo
2595	installera	VERB		B1	verb	kelly
2596	ras	NOUN	en	A2	noun-en	kelly
2597	bröd	NOUN	ett	A2	noun-ett	kelly
2598	ah	OTHER			in	saldo
2599	om än	OTHER			abm	saldo
2600	hockey	NOUN	en	B1	noun-en	kelly
2601	nazist	NOUN	en	A2	noun-en	kelly
2602	anställd	NOUN	en	A2	noun-en/adjective	kelly
2603	fartyg	NOUN	ett	A2	noun-ett	kelly
2604	sport	NOUN	en	A2	noun-en	kelly
2605	institut	NOUN	ett	A2	noun-ett	kelly
2606	bråka	VERB		B2	verb	kelly
2607	i fjol	OTHER		B2	adverb	kelly
2608	noga	OTHER		A2	adverb	kelly
2609	ting	NOUN	ett	A1	noun-ett	kelly
2610	till följd av	OTHER		A2	prep	kelly
2611	otrogen	ADJ		C1	adjective	kelly
2612	innan dess	OTHER			abm	saldo
2613	framgång	NOUN	en	A1	noun-en	kelly
2614	blomma	NOUN	en	A2	noun-en/verb	kelly
2615	rykte	NOUN	ett	A2	noun-ett	kelly
2616	salt	NOUN	ett	B1	noun-ett	kelly
2617	regn	NOUN	ett	A2	noun-ett	kelly
2618	läskig	ADJ		B2	adjective	kelly
2619	inbilla sig	VERB			vbm	saldo
2620	hälla	VERB		B2	verb	kelly
2621	vänlig	ADJ		A2	adjective	kelly
2622	begå brott	VERB			vbm	saldo
2623	tjata	VERB		B2	verb	kelly
2624	symtom	NOUN			nn	saldo
2625	likt	OTHER		A2	adverb	kelly
2626	levande	ADJ		A1	adjective	kelly
2627	misshandla	VERB		B1	verb	kelly
2628	i värsta fall	OTHER			abm	saldo
2629	tant	NOUN	en	A2	noun-en	kelly
2630	plus	OTHER		A2	adverb/noun-ett	kelly
2631	höjd	NOUN	en	A2	noun-en	kelly
2632	tillsyn	NOUN	en	B1	noun-en	kelly
2633	laglig	ADJ		B1	adjective	kelly
2634	ta av sig	VERB			vbm	saldo
2635	välfärd	NOUN	en	A2	noun-en	kelly
2636	en gång i tiden	OTHER			abm	saldo
2637	oklar	ADJ		B1	adjective	kelly
2638	ta till sig	VERB			vbm	saldo
2639	sannolikhet	NOUN	en	A2	noun-en	kelly
2640	organisera	VERB		A2	verb	kelly
2641	planering	NOUN	en	A2	noun-en	kelly
2642	återstå	VERB		A2	verb	kelly
2643	muslimsk	ADJ		A1	adjective	kelly
2644	farmor	NOUN	en	B1	noun-en	kelly
2645	jakt	NOUN	en	A2	noun-en	kelly
2646	fortsättning	NOUN	en	A2	noun-en	kelly
2647	gömma sig	VERB			vbm	saldo
2648	civil	ADJ		A1	adjective	kelly
2649	konsument	NOUN	en	A2	noun-en	kelly
2650	skicka ut	VERB			vbm	saldo
2651	position	NOUN	en	A1	noun-en	kelly
2652	rike	NOUN	ett	A1	noun-ett	kelly
2653	vänja	VERB		B1	verb	kelly
2654	katten	NOUN			nn	saldo
2655	fullt ut	OTHER			abm	saldo
2656	väntan	NOUN	en	B1	noun-en	kelly
2657	utmärka	VERB		B2	verb	kelly
2658	tillverka	VERB		A2	verb	kelly
2659	himmel	NOUN	en	A1	noun-en	kelly
2660	dollar	NOUN	en	A2	noun-en	kelly
2661	koppling	NOUN	en	A2	noun-en	kelly
2662	anställning	NOUN	en	A2	noun-en	kelly
2663	samlad	ADJ			av	saldo
2664	allt mer	OTHER		A2	adverb	kelly
2665	lägga om	VERB			vbm	saldo
2666	riktlinje	NOUN	en	A2	noun-en	kelly
2667	varna	VERB		A2	verb	kelly
2668	till stånd	OTHER			abm	saldo
2669	borgerlig	ADJ		A1	adjective	kelly
2670	genast	OTHER		A2	adverb	kelly
2671	äkta	ADJ		A2	adjective	kelly
2672	jättefin	ADJ			av	saldo
2673	sträcka	VERB		A2	verb/noun-en	kelly
2674	varning	NOUN	en	B1	noun-en	kelly
2675	hushåll	NOUN	ett	A2	noun-ett	kelly
2676	kapital	NOUN	ett	A2	noun-ett	kelly
2677	ställa till	VERB			vbm	saldo
2678	inslag	NOUN	ett	A2	noun-ett	kelly
2679	sprida sig	VERB			vbm	saldo
2680	spruta	VERB		C1	verb/noun-en	kelly
2681	bröllop	NOUN	ett	B1	noun-ett	kelly
2682	glass	NOUN	en	B2	noun-en	kelly
2683	skärm	NOUN	en	B1	noun-en	kelly
2684	medverka	VERB		A2	verb	kelly
2685	våg	NOUN	en	A2	noun-en	kelly
2686	nordost	NOUN		A1	noun	kelly
2687	efterhand	OTHER		A2	adverb	kelly
2688	beakta	VERB		A2	verb	kelly
2689	läkemedel	NOUN	ett	A2	noun-ett	kelly
2690	lager	NOUN	ett	B1	noun-ett	kelly
2691	tår	NOUN	en	B1	noun-en	kelly
2692	tävla	VERB		A2	verb	kelly
2693	back	NOUN	en	B1	noun-en	kelly
2694	häftig	ADJ		B1	adjective	kelly
2695	inflytande	NOUN	ett	A1	noun-ett	kelly
2696	rida	VERB		A1	verb	kelly
2697	i taget	OTHER			abm	saldo
2698	vild	ADJ		B1	adjective	kelly
2699	heltid	NOUN	en	B2	noun-en	kelly
2700	en och samma	OTHER			pnm	saldo
2701	förmån	NOUN	en	A2	noun-en	kelly
2702	skärpa	VERB		B1	verb	kelly
2703	minister	NOUN	en	A2	noun-en	kelly
2704	etablera	VERB		A2	verb	kelly
2705	sy	VERB		B2	verb	kelly
2706	förstärka	VERB		A2	verb	kelly
2707	på ett eller annat sätt	OTHER			abm	saldo
2708	irriterad	ADJ			av	saldo
2709	försäkringskassa	NOUN			nn	saldo
2710	tidpunkt	NOUN	en	A2	noun-en	kelly
2711	kaka	NOUN	en	B1	noun-en	kelly
2712	tradition	NOUN	en	A1	noun-en	kelly
2713	landa	VERB		A2	verb	kelly
2714	misslyckas	VERB		A2	verb	kelly
2715	flyta	VERB		B1	verb	kelly
2716	samvete	NOUN	ett	B1	noun-ett	kelly
2717	aktör	NOUN	en	A2	noun-en	kelly
2718	streck	NOUN	ett	C1	noun-ett	kelly
2719	låda	NOUN	en	B1	noun-en	kelly
2720	väljare	NOUN	en	A2	noun-en	kelly
2721	ha mage	VERB			vbm	saldo
2722	vänsterparti	NOUN	ett	A2	noun-ett	kelly
2723	avbryta	VERB		A2	verb	kelly
2724	beklaga	VERB		B1	verb	kelly
2725	finansiell	ADJ		A1	adjective	kelly
2726	neka	VERB		A2	verb	kelly
2727	anklaga	VERB		A2	verb	kelly
2728	dagligen	OTHER		A2	adverb	kelly
2729	genomgå	VERB		A2	verb	kelly
2730	biologisk	ADJ		A2	adjective	kelly
2731	pizza	NOUN	en	B2	noun-en	kelly
2732	strand	NOUN	en	A2	noun-en	kelly
2733	slå till	VERB			vbm	saldo
2734	tröttna	VERB		B1	verb	kelly
2735	tvilling	NOUN	en	C1	noun-en	kelly
2736	tunn	ADJ		B1	adjective	kelly
2737	utöva	VERB		A2	verb	kelly
2738	övning	NOUN	en	A2	noun-en	kelly
2739	duga	VERB		B1	verb	kelly
2740	tillbaks	OTHER			ab	saldo
2741	toalett	NOUN	en	B1	noun-en	kelly
2742	servera	VERB		A2	verb	kelly
2743	rumpa	NOUN	en	B2	noun-en	kelly
2744	vara ihop	VERB			vbm	saldo
2745	snack	NOUN	ett	B1	noun-ett	kelly
2746	läsa igenom	VERB			vbm	saldo
2747	anhörig	ADJ		A2	adjective	kelly
2748	tragisk	ADJ		B1	adjective	kelly
2749	nedan	OTHER		A2	adverb	kelly
2750	kasta sig	VERB			vbm	saldo
2751	intryck	NOUN	ett	A2	noun-ett	kelly
2752	fattas	VERB			vb	saldo
2753	värma	VERB		B1	verb	kelly
2754	drag	NOUN	ett	A1	noun-ett	kelly
2755	yttra sig	VERB			vbm	saldo
2756	förebygga	VERB		B1	verb	kelly
2757	rätta	VERB		A1	verb/noun	kelly
2758	motiv	NOUN	ett	A2	noun-ett	kelly
2759	institution	NOUN	en	A2	noun-en	kelly
2760	helhet	NOUN	en	A2	noun-en	kelly
2761	get	NOUN	en	A2	noun-en	kelly
2762	psykolog	NOUN	en	B2	noun-en	kelly
2763	träd	NOUN	ett	A2	noun-ett	kelly
2764	sydväst	NOUN		A1	noun	kelly
2765	skott	NOUN	ett	A1	noun-ett	kelly
2766	säljare	NOUN	en	B1	noun-en	kelly
2767	berättelse	NOUN	en	A1	noun-en	kelly
2768	lugna ner	VERB			vbm	saldo
2769	smått	OTHER		B1	adverb	kelly
2770	komma till	VERB			vbm	saldo
2771	planerad	ADJ		A2	adjective	kelly
2772	vittne	NOUN	ett	A2	noun-ett	kelly
2773	resonera	VERB		A2	verb	kelly
2774	choklad	NOUN	en	B2	noun-en	kelly
2775	analysera	VERB		A2	verb	kelly
2776	vind	NOUN	en	A2	noun-en	kelly
2777	strid	NOUN	en	A1	noun-en	kelly
2778	för när	OTHER			abm	saldo
2779	nånting	OTHER			pn	saldo
2780	titel	NOUN	en	A2	noun-en	kelly
2781	i grunden	OTHER			abm	saldo
2782	säga ifrån	VERB			vbm	saldo
2783	tema	NOUN	ett	A2	noun-ett	kelly
2784	sysselsättning	NOUN	en	A2	noun-en	kelly
2785	ta livet	VERB			vbm	saldo
2786	asså	OTHER			ab	saldo
2787	avsedd	ADJ		A2	adjective	kelly
2788	dröja	VERB		A2	verb	kelly
2789	backa	VERB		B1	verb	kelly
2790	börja om	VERB			vbm	saldo
2791	mötas	VERB			vb	saldo
2792	åka in	VERB			vbm	saldo
2793	övergrepp	NOUN	ett	A2	noun-ett	kelly
2794	euro	NOUN	en	A2	noun-en	kelly
2795	utöka	VERB		A2	verb	kelly
2796	komma för	VERB			vbm	saldo
2797	singel	NOUN	en	B2	noun-en	kelly
2798	göra av	VERB			vbm	saldo
2799	mensvärk	NOUN			nn	saldo
2800	peka ut	VERB			vbm	saldo
2801	yrka	VERB		A2	verb	kelly
2802	tåla	VERB		B1	verb	kelly
2803	ligga till	VERB			vbm	saldo
2804	anläggning	NOUN	en	A2	noun-en	kelly
2805	gynna	VERB		A2	verb	kelly
2806	mental	ADJ		B1	adjective	kelly
2807	liga	NOUN	en	B1	noun-en	kelly
2808	resultera	VERB		A2	verb	kelly
2809	björn	NOUN	en	B1	noun-en	kelly
2810	delstat	NOUN	en	B1	noun-en	kelly
2811	fördelning	NOUN	en	A2	noun-en	kelly
2812	inre	ADJ		A2	adjective	kelly
2813	still	OTHER		B1	adverb/adjective	kelly
2814	sätta sig in	VERB			vbm	saldo
2815	administrativ	ADJ		A2	adjective	kelly
2816	yttre	ADJ		A2	adjective	kelly
2817	höra hemma	VERB			vbm	saldo
2818	syna	VERB		A2	verb	kelly
2819	oberoende	ADJ		A2	adjective/noun-ett	kelly
2820	hänvisning	NOUN	en	B1	noun-en	kelly
2821	kontor	NOUN	ett	A2	noun-ett	kelly
2822	komma över	VERB			vbm	saldo
2823	fantasi	NOUN	en	B1	noun-en	kelly
2824	så länge som	OTHER			abm	saldo
2825	god jul	OTHER			inm	saldo
2826	tolkning	NOUN	en	A2	noun-en	kelly
2827	sorglig	ADJ		B1	adjective	kelly
2828	enstaka	ADJ		A2	adjective	kelly
2829	suck	NOUN	en	B2	noun-en	kelly
2830	ansluta sig	VERB			vbm	saldo
2831	aha	OTHER		C1	interj	kelly
2832	instämma	VERB		B1	verb	kelly
2833	reform	NOUN	en	A2	noun-en	kelly
2834	tjänsteman	NOUN	en	A2	noun-en	kelly
2835	tillåten	ADJ		B2	adjective	kelly
2836	överenskommelse	NOUN	en	A2	noun-en	kelly
2837	till dess	OTHER		A2	adverb	kelly
2838	gentemot	OTHER		A2	prep	kelly
2839	bio	NOUN	en	B2	noun-en	kelly
2840	släkting	NOUN	en	B1	noun-en	kelly
2841	församling	NOUN	en	A1	noun-en	kelly
2842	fack	NOUN	ett	A2	noun-ett	kelly
2843	ensamt	OTHER		A2	adverb	kelly
2844	gemensamt	OTHER		A2	adverb	kelly
2845	grå	ADJ		B1	adjective	kelly
2846	utfärda	VERB		A2	verb	kelly
2847	ro	VERB		A1	verb/noun-en	kelly
2848	förhålla sig	VERB		A2	verb	kelly
2849	älskad	ADJ			av	saldo
2850	spontan	ADJ		B2	adjective	kelly
2851	mönster	NOUN	ett	A2	noun-ett	kelly
2852	röra på sig	VERB			vbm	saldo
2853	åstadkomma	VERB		A2	verb	kelly
2854	ställa till det	VERB			vbm	saldo
2855	skaka	VERB		A2	verb	kelly
2856	humor	NOUN	en	B1	noun-en	kelly
2857	tvåa	NOUN	en	B1	noun-en	kelly
2858	ge sig ut	VERB			vbm	saldo
2859	traditionell	ADJ		A1	adjective	kelly
2860	irritera	VERB		C1	verb	kelly
2861	skild	ADJ		A2	adjective	kelly
2862	i våras	OTHER			abm	saldo
2863	inklusive	OTHER		A2	prep	kelly
2864	i lugn och ro	OTHER			abm	saldo
2865	naken	ADJ		B1	adjective	kelly
2866	ramla	VERB		B1	verb	kelly
2867	mysa	VERB			vb	saldo
2868	skärpa sig	VERB			vbm	saldo
2869	svamp	NOUN	en	B2	noun-en	kelly
2870	status	NOUN	en	A2	noun-en	kelly
2871	sverigedemokrat	NOUN			nn	saldo
2872	livmoder	NOUN	en	C2	noun-en	kelly
2873	oskyldig	ADJ		A2	adjective	kelly
2874	kniv	NOUN	en	B1	noun-en	kelly
2875	usel	ADJ		B1	adjective	kelly
2876	hitta på	VERB			vbm	saldo
2877	mer och mer	OTHER		A2	adverb	kelly
2878	bruk	NOUN	ett	A2	noun-ett	kelly
2879	kost	NOUN	en	A2	noun-en	kelly
2880	signal	NOUN	en	A2	noun-en	kelly
2881	kassa	NOUN	en	A2	noun-en	kelly
2882	lira	VERB			vb	saldo
2883	slutligen	OTHER		A1	adverb	kelly
2884	definiera	VERB		A2	verb	kelly
2885	ta sig tid	VERB			vbm	saldo
2886	förlänga	VERB		B1	verb	kelly
2887	lugnt	OTHER		A2	adverb	kelly
2888	bekväm	ADJ		B2	adjective	kelly
2889	paus	NOUN	en	B1	noun-en	kelly
2890	hormon	NOUN	ett	C1	noun-ett	kelly
2891	i höstas	OTHER			abm	saldo
2892	i vilket fall som helst	OTHER			abm	saldo
2893	köra in	VERB			vbm	saldo
2894	broder	NOUN			nn	saldo
2895	dusch	NOUN	en	B2	noun-en	kelly
2896	jacka	NOUN	en	B2	noun-en	kelly
2897	socialstyrelse	NOUN			nn	saldo
2898	uppkomma	VERB		A2	verb	kelly
2899	avslå	VERB		B1	verb	kelly
2900	uppåt	OTHER		B1	adverb	kelly
2901	sakta	OTHER		A2	adverb	kelly
2902	tillgodose	VERB		B1	verb	kelly
2903	lek	NOUN	en	A1	noun-en	kelly
2904	rättegång	NOUN	en	A2	noun-en	kelly
2905	tillkomma	VERB		A2	verb	kelly
2906	fånga	VERB		A2	verb	kelly
2907	utgång	NOUN	en	A2	noun-en	kelly
2908	läsare	NOUN	en	A1	noun-en	kelly
2909	alternativt	OTHER		B1	adverb	kelly
2910	konvention	NOUN	en	A2	noun-en	kelly
2911	soldat	NOUN	en	A1	noun-en	kelly
2912	kusin	NOUN	en	B1	noun-en	kelly
2913	neger	NOUN			nn	saldo
2914	blanda ihop	VERB			vbm	saldo
2915	jaja	OTHER			in	saldo
2916	artist	NOUN	en	A2	noun-en	kelly
2917	för länge sedan	OTHER			abm	saldo
2918	i det hela	OTHER			abm	saldo
2919	bli utan	VERB			vbm	saldo
2920	reglering	NOUN	en	A2	noun-en	kelly
2921	set	NOUN	ett	C2	noun-ett	kelly
2922	anslutning	NOUN	en	B1	noun-en	kelly
2923	lägga av	VERB			vbm	saldo
2924	kombinera	VERB		B1	verb	kelly
2925	bege sig	VERB		A2	verb	kelly
2926	litet	OTHER			ab	saldo
2927	dokument	NOUN	ett	A2	noun-ett	kelly
2928	uppmana	VERB		A2	verb	kelly
2929	fred	NOUN	en	A1	noun-en	kelly
2930	kammare	NOUN	en	A2	noun-en	kelly
2931	ost	NOUN	en	A1	noun-en	kelly
2932	dominera	VERB		A2	verb	kelly
2933	överklaga	VERB		B1	verb	kelly
2934	nånstans	OTHER			ab	saldo
2935	ringa upp	VERB			vbm	saldo
2936	hänga sig	VERB			vbm	saldo
2937	union	NOUN	en	A1	noun-en	kelly
2938	stämning	NOUN	en	A2	noun-en	kelly
2939	finsk	ADJ		A2	adjective	kelly
2940	odds	NOUN	ett	B2	noun-ett	kelly
2941	krossa	VERB		B1	verb	kelly
2942	hallå	OTHER		C1	interj/noun-ett	kelly
2943	representera	VERB		A2	verb	kelly
2944	besvär	NOUN	ett	B1	noun-ett	kelly
2945	advokat	NOUN	en	A2	noun-en	kelly
2946	garanti	NOUN	en	A2	noun-en	kelly
2947	album	NOUN	ett	A2	noun-ett	kelly
2948	låna ut	VERB			vbm	saldo
2949	tillföra	VERB		A2	verb	kelly
2950	deltagare	NOUN	en	A2	noun-en	kelly
2951	en och annan	OTHER			pnm	saldo
2952	översyn	NOUN	en	B1	noun-en	kelly
2953	förvirrad	ADJ		B1	adjective	kelly
2954	ansöka	VERB		B1	verb	kelly
2955	virus	NOUN	ett	B1	noun-ett	kelly
2956	kommunikation	NOUN	en	A2	noun-en	kelly
2957	gott nytt år	OTHER			inm	saldo
2958	bibliotek	NOUN	ett	A2	noun-ett	kelly
2959	bråk	NOUN	ett	B1	noun-ett	kelly
2960	födelsedag	NOUN	en	B1	noun-en	kelly
2961	lyda	VERB		A2	verb	kelly
2962	rensa	VERB		B1	verb	kelly
2963	professor	NOUN	en	A2	noun-en	kelly
2964	närvarande	ADJ		A2	adjective	kelly
2965	avsikt	NOUN	en	A2	noun-en	kelly
2966	öm	ADJ		C1	adjective	kelly
2967	sätta på	VERB			vbm	saldo
2968	låtsas	VERB		B1	verb	kelly
2969	begränsning	NOUN	en	A2	noun-en	kelly
2970	överdriva	VERB		B2	verb	kelly
2971	lite grann	OTHER		B2	adverb	kelly
2972	ge bort	VERB			vbm	saldo
2973	kalas	NOUN	ett	B2	noun-ett	kelly
2974	samverkan	NOUN	en	A2	noun-en	kelly
2975	kulle	NOUN	en	C1	noun-en	kelly
2976	med anledning av	OTHER		A2	prep	kelly
2977	till förmån för	OTHER		B1	prep	kelly
2978	luta	VERB		A1	verb	kelly
2979	kant	NOUN	en	B1	noun-en	kelly
2980	i hela världen	OTHER			abm	saldo
2981	gräva	VERB		A2	verb	kelly
2982	bistånd	NOUN	ett	A2	noun-ett	kelly
2983	hylla	VERB		A2	verb/noun-en	kelly
2984	lägga på	VERB			vbm	saldo
2985	konst	NOUN	en	A1	noun-en	kelly
2986	stånd	NOUN	ett	A1	noun-ett	kelly
2987	gå över tiden	VERB			vbm	saldo
2988	släppa ut	VERB			vbm	saldo
2989	redovisning	NOUN	en	B1	noun-en	kelly
2990	stressad	ADJ			av	saldo
2991	åtala	VERB		B1	verb	kelly
2992	transport	NOUN	en	A2	noun-en	kelly
2993	i gång	OTHER		B1	adverb	kelly
2994	etnisk	ADJ		A2	adjective	kelly
2995	tårta	NOUN	en	C1	noun-en	kelly
2996	hållen	ADJ			av	saldo
2997	norm	NOUN	en	A2	noun-en	kelly
2998	vetenskap	NOUN	en	A2	noun-en	kelly
2999	brittisk	ADJ		A1	adjective	kelly
3000	tokig	ADJ		B2	adjective	kelly
3001	ta för givet	VERB			vbm	saldo
3002	maila	VERB		B2	verb	kelly
3003	jordbruk	NOUN	ett	A2	noun-ett	kelly
3004	sammandragning	NOUN			nn	saldo
3005	anstränga sig	VERB			vbm	saldo
3006	avgå	VERB		B1	verb	kelly
3007	besvara	VERB		A2	verb	kelly
3008	nation	NOUN	en	A1	noun-en	kelly
3009	foster	NOUN	ett	C1	noun-ett	kelly
3010	inställa	VERB		C2	verb	kelly
3011	förvaltning	NOUN	en	A2	noun-en	kelly
3012	brottslighet	NOUN	en	A2	noun-en	kelly
3013	tätbefolkad	ADJ			av	saldo
3014	utredare	NOUN	en	B1	noun-en	kelly
3015	å ena sidan	OTHER			abm	saldo
3016	inspirera	VERB		B1	verb	kelly
3017	samarbeta	VERB		A2	verb	kelly
3018	attityd	NOUN	en	A2	noun-en	kelly
3019	leksak	NOUN	en	B2	noun-en	kelly
3020	motståndare	NOUN	en	A2	noun-en	kelly
3021	duscha	VERB		C1	verb	kelly
3022	lustig	ADJ		B1	adjective	kelly
3023	kass	ADJ			av	saldo
3024	utformning	NOUN	en	A2	noun-en	kelly
3025	bajsa	VERB			vb	saldo
3026	förneka	VERB		A2	verb	kelly
3027	gårdag	NOUN	en	A2	noun-en	kelly
3028	färsk	ADJ		B1	adjective	kelly
3029	stimulera	VERB		A2	verb	kelly
3030	balans	NOUN	en	A2	noun-en	kelly
3031	i mål	OTHER			abm	saldo
3032	intensiv	ADJ		A2	adjective	kelly
3033	te	NOUN	ett	A1	noun-ett	kelly
3034	smör	NOUN	ett	B2	noun-ett	kelly
3035	logga	VERB		A2	verb	kelly
3036	föregående	ADJ		A2	adjective	kelly
3037	hålla fast	VERB			vbm	saldo
3038	låtsa	VERB			vb	saldo
3039	dygnet runt	OTHER			abm	saldo
3040	oh	OTHER			in	saldo
3041	syssla	VERB		A2	verb	kelly
3042	fundering	NOUN	en	B1	noun-en	kelly
3043	jämställdhet	NOUN	en	A2	noun-en	kelly
3044	evig	ADJ		A2	adjective	kelly
3045	flytta sig	VERB			vbm	saldo
3046	ton	NOUN	ett	B1	noun-ett/noun-en	kelly
3047	trend	NOUN	en	A2	noun-en	kelly
3048	cancer	NOUN	en	B1	noun-en	kelly
3049	puss	NOUN	en	B2	noun-en	kelly
3050	avstänga	VERB			vb	saldo
3051	bygga ut	VERB			vbm	saldo
3052	plocka upp	VERB			vbm	saldo
3053	sydost	NOUN			nn	saldo
3054	utslag	NOUN	ett	B2	noun-ett	kelly
3055	komma till stånd	VERB			vbm	saldo
3056	hit och dit	OTHER			abm	saldo
3057	läsa på	VERB			vbm	saldo
3058	likhet	NOUN	en	A2	noun-en	kelly
3059	arbetstagare	NOUN	en	A2	noun-en	kelly
3060	flygplats	NOUN	en	A2	noun-en	kelly
3061	budskap	NOUN	ett	A1	noun-ett	kelly
3062	upprörd	ADJ		B2	adjective	kelly
3063	ställa om	VERB			vbm	saldo
3064	vaccin	NOUN	ett	B1	noun-ett	kelly
3065	moderator	NOUN			nn	saldo
3066	förbjuden	ADJ		B2	adjective	kelly
3067	nätverk	NOUN	ett	A2	noun-ett	kelly
3068	svärmor	NOUN	en	C2	noun-en	kelly
3069	inom kort	OTHER			abm	saldo
3070	göra upp	VERB			vbm	saldo
3071	göra sig av	VERB			vbm	saldo
3072	mogen	ADJ		B1	adjective	kelly
3073	spänna	VERB		B2	verb	kelly
3074	i viss mån	OTHER		B2	adverb	kelly
3075	troll	NOUN	ett	B2	noun-ett	kelly
3076	motstånd	NOUN	ett	A2	noun-ett	kelly
3077	trevlig helg	OTHER			inm	saldo
3078	inte utan	OTHER			abm	saldo
3079	straffa	VERB		B1	verb	kelly
3080	sväng	NOUN	en	B1	noun-en	kelly
3081	i hög grad	OTHER			abm	saldo
3082	komplicera	VERB		C2	verb	kelly
3083	tvivla	VERB		B1	verb	kelly
3084	ordinarie	ADJ		B1	adjective	kelly
3085	agenda	NOUN	en	B1	noun-en	kelly
3086	titta in	VERB			vbm	saldo
3087	skjuta upp	VERB			vbm	saldo
3088	utan tvekan	OTHER			abm	saldo
3089	såra	VERB		C1	verb	kelly
3090	främmande	ADJ		A2	adjective	kelly
3091	verktyg	NOUN	ett	A2	noun-ett	kelly
3092	sprit	NOUN	en	B1	noun-en	kelly
3093	i torsdags	OTHER			abm	saldo
3094	tå	NOUN	en	B2	noun-en	kelly
3095	kasta ut	VERB			vbm	saldo
3096	block	NOUN	ett	B1	noun-ett	kelly
3097	hänga ut	VERB			vbm	saldo
3098	med mera	OTHER			abm	saldo
3099	sticka ut	VERB			vbm	saldo
3100	rättvis	ADJ		A2	adjective	kelly
3101	doktor	NOUN	en	A2	noun-en	kelly
3102	jeans	NOUN	en	B2	noun-en	kelly
3103	klinik	NOUN	en	B2	noun-en	kelly
3104	förmiddag	NOUN	en	A2	noun-en	kelly
3105	uppdatering	NOUN	en	A2	noun-en	kelly
3106	automatiskt	OTHER		A2	adverb	kelly
3107	kvart	NOUN	en	B1	noun-en	kelly
3108	ar	NOUN			nn	saldo
3109	i söndags	OTHER			abm	saldo
3110	huvudvärk	NOUN	en	B2	noun-en	kelly
3111	på samma gång	OTHER			abm	saldo
3112	tagga	VERB			vb	saldo
3113	led	NOUN	ett	A2	noun-ett/noun-en	kelly
3114	utrustning	NOUN	en	A2	noun-en	kelly
3115	betalning	NOUN	en	A2	noun-en	kelly
3116	operera	VERB		B2	verb	kelly
3117	motsats	NOUN	en	A2	noun-en	kelly
3118	depression	NOUN	en	B1	noun-en	kelly
3119	tonåring	NOUN	en	B1	noun-en	kelly
3120	fenomen	NOUN	ett	A2	noun-ett	kelly
3121	företrädare	NOUN	en	A2	noun-en	kelly
3122	ta avstånd	VERB			vbm	saldo
3123	tätt	OTHER		B1	adverb	kelly
3124	pensionär	NOUN	en	A2	noun-en	kelly
3125	nyckel	NOUN	en	A2	noun-en	kelly
3126	klimatzon	NOUN			nn	saldo
3127	ruta	NOUN	en	B1	noun-en	kelly
3128	skratt	NOUN	ett	B1	noun-ett	kelly
3129	shoppa	VERB		B2	verb	kelly
3130	motor	NOUN	en	B1	noun-en	kelly
3131	allt möjligt	OTHER			pnm	saldo
3132	ana	VERB		A2	verb	kelly
3133	frys	NOUN			nn	saldo
3134	sen dess	OTHER			abm	saldo
3135	lillebror	NOUN	en	C1	noun-en	kelly
3136	ladda upp	VERB			vbm	saldo
3137	hans	OTHER		A1	pronoun	kelly
3138	medvetet	OTHER		A2	adverb	kelly
3139	lugna ner sig	VERB			vbm	saldo
3140	kaos	NOUN	ett	B1	noun-ett	kelly
3141	grönsak	NOUN	en	B2	noun-en	kelly
3142	loss	OTHER		B1	particle	kelly
3143	träff	NOUN	en	B1	noun-en	kelly
3144	sådan här	OTHER		A2	det	kelly
3145	slänga ut	VERB			vbm	saldo
3146	sång	NOUN	en	A2	noun-en	kelly
3147	utvärdering	NOUN	en	A2	noun-en	kelly
3148	finansiering	NOUN	en	A2	noun-en	kelly
3149	tomte	NOUN			nn	saldo
3150	hälsning	NOUN	en	B1	noun-en	kelly
3151	gräs	NOUN	ett	B1	noun-ett	kelly
3152	förfarande	NOUN	ett	A2	noun-ett	kelly
3153	filma	VERB		B2	verb	kelly
3154	gymm	NOUN			nn	saldo
3155	likaså	OTHER		A2	adverb	kelly
3156	register	NOUN	ett	B1	noun-ett	kelly
3157	flyg	NOUN	ett	A2	noun-ett	kelly
3158	obefolkad	ADJ			av	saldo
3159	framställa	VERB		A2	verb	kelly
3160	orimlig	ADJ		B1	adjective	kelly
3161	på tiden	OTHER			abm	saldo
3162	skippa	VERB			vb	saldo
3163	liter	NOUN	en	B2	noun-en	kelly
3164	bitter	ADJ		B1	adjective	kelly
3165	med en gång	OTHER			abm	saldo
3166	klämma	VERB		B2	verb	kelly
3167	insätta	VERB			vb	saldo
3168	i takt	OTHER			abm	saldo
3169	personlighet	NOUN	en	B1	noun-en	kelly
3170	bredd	NOUN	en	B1	noun-en	kelly
3171	generellt	OTHER		A2	adverb	kelly
3172	motionär	NOUN	en	B1	noun-en	kelly
3173	sydöstra	ADJ			av	saldo
3174	minsann	OTHER		B1	adverb	kelly
3175	lyckad	ADJ		A2	adjective	kelly
3176	ultraljud	NOUN			nn	saldo
3177	hastighet	NOUN	en	B1	noun-en	kelly
3178	ont	OTHER		A2	adverb/noun	kelly
3179	gärningsman	NOUN	en	B2	noun-en	kelly
3180	som bäst	OTHER			abm	saldo
3181	imorse	OTHER			ab	saldo
3182	få lov	VERB			vbm	saldo
3183	missbruk	NOUN	ett	B1	noun-ett	kelly
3184	som bara den	OTHER			abm	saldo
3185	etta	NOUN	en	B2	noun-en	kelly
3186	befintlig	ADJ		A2	adjective	kelly
3187	kopp	NOUN	en	B1	noun-en	kelly
3188	arbetstid	NOUN	en	B1	noun-en	kelly
3189	rasistisk	ADJ			av	saldo
3190	känna igen sig	VERB			vbm	saldo
3191	rätta sig	VERB			vbm	saldo
3192	mata	VERB		B2	verb	kelly
3193	porr	NOUN	en	C1	noun-en	kelly
3194	lapp	NOUN	en	B1	noun-en	kelly
3195	sits	NOUN			nn	saldo
3196	motivering	NOUN	en	A2	noun-en	kelly
3197	investera	VERB		A2	verb	kelly
3198	tillägg	NOUN	ett	A2	noun-ett	kelly
3199	naiv	ADJ		B1	adjective	kelly
3200	s k	ADJ			avm	saldo
3201	blind	ADJ		B1	adjective	kelly
3202	praktiskt	OTHER		A2	adverb	kelly
3203	mätt	ADJ		B1	adjective	kelly
3204	framgångsrik	ADJ		A2	adjective	kelly
3205	inrätta	VERB		A2	verb	kelly
3206	bud	NOUN	ett	A2	noun-ett	kelly
3207	rektor	NOUN	en	B1	noun-en	kelly
3208	döpa	VERB		B1	verb	kelly
3209	äktenskap	NOUN	ett	A2	noun-ett	kelly
3210	bonus	NOUN	en	B1	noun-en	kelly
3211	obligatorisk	ADJ		A2	adjective	kelly
3212	målvakt	NOUN	en	B2	noun-en	kelly
3213	dra sig	VERB			vbm	saldo
3214	arbetare	NOUN	en	A1	noun-en	kelly
3215	käft	NOUN			nn	saldo
3216	m m	OTHER			abm	saldo
3217	biverkning	NOUN	en	C1	noun-en	kelly
3218	ställningstagande	NOUN	ett	A2	noun-ett	kelly
3219	sno	VERB		B2	verb	kelly
3220	ta illa upp	VERB			vbm	saldo
3221	i stor utsträckning	OTHER			abm	saldo
3222	tendens	NOUN	en	A2	noun-en	kelly
3223	under förutsättning att	OTHER		B2	subj	kelly
3224	bemöta	VERB		A2	verb	kelly
3225	öppna sig	VERB			vbm	saldo
3226	överdriven	ADJ		B1	adjective	kelly
3227	markera	VERB		A2	verb	kelly
3228	möjligtvis	OTHER		B1	adverb	kelly
3229	köra om	VERB			vbm	saldo
3230	eld	NOUN	en	A2	noun-en	kelly
3231	rycka	VERB		A1	verb	kelly
3232	motverka	VERB		A2	verb	kelly
3233	i sin helhet	ADJ			avm	saldo
3234	spricka	VERB		B2	verb/noun-en	kelly
3235	insikt	NOUN	en	A2	noun-en	kelly
3236	omsorg	NOUN	en	A2	noun-en	kelly
3237	fritid	NOUN	en	B1	noun-en	kelly
3238	rekommendation	NOUN	en	A2	noun-en	kelly
3239	blodprov	NOUN			nn	saldo
3240	därvid	OTHER		B1	adverb	kelly
3241	bifall	NOUN	ett	B1	noun-ett	kelly
3242	tvätt	NOUN	en	C1	noun-en	kelly
3243	förorda	VERB			vb	saldo
3244	trädgård	NOUN	en	A2	noun-en	kelly
3245	ignorera	VERB		B1	verb	kelly
3246	karta	NOUN	en	A2	noun-en	kelly
3247	mild	ADJ		B1	adjective	kelly
3248	löna sig	VERB		B2	verb	kelly
3249	säkerligen	OTHER		B1	adverb	kelly
3250	slå in	VERB			vbm	saldo
3251	tillgångar	NOUN			nn	saldo
3252	teckna	VERB		A2	verb	kelly
3253	lampa	NOUN	en	B1	noun-en	kelly
3254	stoppa in	VERB			vbm	saldo
3255	terrorist	NOUN	en	A2	noun-en	kelly
3256	pågående	ADJ		A2	adjective	kelly
3257	företagare	NOUN	en	A2	noun-en	kelly
3258	förena	VERB		A2	verb	kelly
3259	efterfrågan	NOUN	en	A2	noun-en	kelly
3260	till vänster	OTHER			abm	saldo
3261	sitta upp	VERB			vbm	saldo
3262	avdrag	NOUN	ett	B1	noun-ett	kelly
3263	spänning	NOUN	en	A2	noun-en	kelly
3264	gå ned	VERB			vbm	saldo
3265	park	NOUN	en	A2	noun-en	kelly
3266	arena	NOUN	en	B1	noun-en	kelly
3267	intern	ADJ		A2	adjective	kelly
3268	fästa	VERB		B1	verb	kelly
3269	väl så	OTHER			abm	saldo
3270	sammanfattning	NOUN	en	A2	noun-en	kelly
3271	gemenskap	NOUN	en	A1	noun-en	kelly
3272	magisk	ADJ		B1	adjective	kelly
3273	närvara	VERB		C1	verb	kelly
3274	förvisso	OTHER		A2	adverb	kelly
3275	hörn	NOUN	ett	A2	noun-ett	kelly
3276	arab	NOUN	en	A2	noun-en	kelly
3277	trupp	NOUN	en	A2	noun-en	kelly
3278	identifiera	VERB		A2	verb	kelly
3279	skarp	ADJ		B1	adjective	kelly
3280	varv	NOUN	ett	A2	noun-ett	kelly
3281	byte	NOUN	ett	A2	noun-ett	kelly
3282	småningom	OTHER			ab	saldo
3283	inställd	ADJ			av	saldo
3284	folkparti	NOUN	ett	A2	noun-ett	kelly
3285	ifrån sig	ADJ			avm	saldo
3286	återvända	VERB		A2	verb	kelly
3287	stängd	ADJ		B1	particip	kelly
3288	ropa	VERB		A2	verb	kelly
3289	order	NOUN	en	A2	noun-en	kelly
3290	syrra	NOUN			nn	saldo
3291	sosse	NOUN			nn	saldo
3292	tolv	NUM		A1	numeral	kelly
3293	anvisa	VERB		C1	verb	kelly
3294	vrida	VERB		B1	verb	kelly
3295	före detta	OTHER		A2	adverb	kelly
3296	här och där	OTHER			abm	saldo
3297	hejsan	OTHER			in	saldo
3298	grönsaker	NOUN			nn	saldo
3299	steka	VERB		C1	verb	kelly
3300	smälta	VERB		B1	verb	kelly
3301	kopiera	VERB		A2	verb	kelly
3302	avskaffa	VERB		A2	verb	kelly
3303	utsläpp	NOUN	ett	A2	noun-ett	kelly
3304	protokoll	NOUN	ett	A2	noun-ett	kelly
3305	komplicerad	ADJ		A2	adjective	kelly
3306	meningslös	ADJ		B1	adjective	kelly
3307	attraktiv	ADJ		B1	adjective	kelly
3308	radera	VERB		B1	verb	kelly
3309	förhör	NOUN	ett	B1	noun-ett	kelly
3310	underhåll	NOUN	ett	B1	noun-ett	kelly
3311	låsa in	VERB			vbm	saldo
3312	piller	NOUN			nn	saldo
3313	fröken	NOUN	en	B1	noun-en	kelly
3314	blandad	ADJ		B1	adjective	kelly
3315	läcka	VERB		B2	verb	kelly
3316	självständig	ADJ		A2	adjective	kelly
3317	rejält	OTHER		A2	adverb	kelly
3318	pumpa	VERB		B2	verb	kelly
3319	anordna	VERB		B1	verb	kelly
3320	katastrof	NOUN	en	A2	noun-en	kelly
3321	slå fast	VERB			vbm	saldo
3322	i tisdags	OTHER			abm	saldo
3323	aspekt	NOUN	en	A2	noun-en	kelly
3324	sitta inne	VERB			vbm	saldo
3325	läsning	NOUN	en	A2	noun-en	kelly
3326	engagemang	NOUN	ett	A2	noun-ett	kelly
3327	uppröra	VERB		C1	verb	kelly
3328	homosexuell	ADJ		A2	adjective	kelly
3329	spark	NOUN	en	B2	noun-en	kelly
3330	säkerställa	VERB		A2	verb	kelly
3331	fastställa	VERB		A1	verb	kelly
3332	tänka efter	VERB			vbm	saldo
3333	vårdnad	NOUN			nn	saldo
3334	näst	OTHER		A2	adverb	kelly
3335	underhålla	VERB		B2	verb	kelly
3336	skrämmande	ADJ		A2	adjective	kelly
3337	struktur	NOUN	en	A2	noun-en	kelly
3338	fader	NOUN			nn	saldo
3339	längs	OTHER		A2	prep	kelly
3340	kudde	NOUN	en	C1	noun-en	kelly
3341	skrivelse	NOUN	en	B1	noun-en	kelly
3342	ligga ner	VERB			vbm	saldo
3343	oväntad	ADJ		B1	adjective	kelly
3344	leta upp	VERB			vbm	saldo
3345	böter	NOUN		B1	noun	kelly
3346	stava	VERB		B2	verb	kelly
3347	fågel	NOUN	en	A2	noun-en	kelly
3348	annons	NOUN	en	A2	noun-en	kelly
3349	insatt	ADJ			av	saldo
3350	nyår	NOUN	ett	B2	noun-ett	kelly
3351	backe	NOUN	en	B2	noun-en	kelly
3352	vätska	NOUN	en	B2	noun-en	kelly
3353	koncentrera sig	VERB			vbm	saldo
3354	föreställa	VERB		A2	verb	kelly
3355	förhoppning	NOUN	en	A2	noun-en	kelly
3356	köpare	NOUN	en	B1	noun-en	kelly
3357	hen	NOUN			nn	saldo
3358	upp mot	OTHER			abm	saldo
3359	leva upp	VERB			vbm	saldo
3360	allvarligt	OTHER		A2	adverb	kelly
3361	koncentrera	VERB		A2	verb	kelly
3362	saga	NOUN	en	A2	noun-en	kelly
3363	sovrum	NOUN	ett	B2	noun-ett	kelly
3364	betona	VERB		A2	verb	kelly
3365	ge fan	VERB			vbm	saldo
3366	ovanligt	OTHER		A2	adverb	kelly
3367	vanligt	OTHER		A2	adverb	kelly
3368	logik	NOUN	en	A2	noun-en	kelly
3369	bli till	VERB			vbm	saldo
3370	uppmuntra	VERB		A2	verb	kelly
3371	utbud	NOUN	ett	A2	noun-ett	kelly
3372	mörker	NOUN	ett	A2	noun-ett	kelly
3373	upprätta	VERB		A2	verb	kelly
3374	otrevlig	ADJ		B2	adjective	kelly
3375	liberal	ADJ		A2	adjective/noun-en	kelly
3376	runt omkring	OTHER		C1	adverb	kelly
3377	dans	NOUN	en	A2	noun-en	kelly
3378	försäkra	VERB		B1	verb	kelly
3379	inrikta	VERB		B1	verb	kelly
3380	därtill	OTHER		A2	adverb	kelly
3381	kulturell	ADJ		A2	adjective	kelly
3382	i botten	OTHER			abm	saldo
3383	vårdcentral	NOUN	en	C1	noun-en	kelly
3384	öre	NOUN	ett	B2	noun-ett	kelly
3385	emellan	OTHER		B1	prep	kelly
3386	upptagen	ADJ		B1	adjective	kelly
3387	fitta	NOUN			nn	saldo
3388	kurva	NOUN	en	B2	noun-en	kelly
3389	störning	NOUN	en	B1	noun-en	kelly
3390	umgänge	NOUN	ett	B2	noun-ett	kelly
3391	önskemål	NOUN	ett	B1	noun-ett	kelly
3392	bokstav	NOUN	en	B1	noun-en	kelly
3393	försörja	VERB		B1	verb	kelly
3394	järnväg	NOUN	en	A2	noun-en	kelly
3395	i vägen	OTHER			abm	saldo
3396	go	ADJ			av	saldo
3397	batteri	NOUN	ett	C1	noun-ett	kelly
3398	dra åt helvete	VERB			vbm	saldo
3399	provocera	VERB		B2	verb	kelly
3400	för egen del	OTHER			abm	saldo
3401	japan	NOUN	en	B2	noun-en	kelly
3402	schema	NOUN	ett	B2	noun-ett	kelly
3403	centerparti	NOUN	ett	A2	noun-ett	kelly
3404	självförtroende	NOUN	ett	B1	noun-ett	kelly
3405	gen	NOUN	en	B1	noun-en	kelly
3406	dömd	ADJ			av	saldo
3407	representant	NOUN	en	A2	noun-en	kelly
3408	hyra ut	VERB			vbm	saldo
3409	famn	NOUN	en	C1	noun-en	kelly
3410	överlämna	VERB		A2	verb	kelly
3411	formulera	VERB		A2	verb	kelly
3412	föranleda	VERB			vb	saldo
3413	feminism	NOUN	en	B1	noun-en	kelly
3414	ugn	NOUN	en	C1	noun-en	kelly
3415	årlig	ADJ		A2	adjective	kelly
3416	avsevärd	ADJ		B2	adjective	kelly
3417	avvakta	VERB		B2	verb	kelly
3418	förare	NOUN	en	B1	noun-en	kelly
3419	prognos	NOUN	en	A2	noun-en	kelly
3420	övervägande	NOUN	ett	B2	noun-ett/adjective	kelly
3421	arbetskraft	NOUN	en	A2	noun-en	kelly
3422	slappna	VERB		C1	verb	kelly
3423	dialog	NOUN	en	A2	noun-en	kelly
3424	ogilla	VERB		B1	verb	kelly
3425	förbättring	NOUN	en	A2	noun-en	kelly
3426	vice	ADJ		B1	adjective	kelly
3427	fräsch	ADJ		C1	adjective	kelly
3428	långsamt	OTHER		B1	adverb	kelly
3429	i onsdags	OTHER			abm	saldo
3430	foglossning	NOUN			nn	saldo
3431	fylld	ADJ			av	saldo
3432	förkylning	NOUN	en	C1	noun-en	kelly
3433	rasa	VERB		B1	verb	kelly
3434	bära sig	VERB			vbm	saldo
3435	åtal	NOUN	ett	B1	noun-ett	kelly
3436	tvekan	NOUN	en	A2	noun-en	kelly
3437	tomt	NOUN	en	B1	noun-en	kelly
3438	ekonomiskt	OTHER		B1	adverb	kelly
3439	inge	VERB		B2	verb	kelly
3440	migrationsverk	NOUN			nn	saldo
3441	drift	NOUN	en	B1	noun-en	kelly
3442	julafton	NOUN	en	B2	noun-en	kelly
3443	gå åt	VERB			vbm	saldo
3444	samlas	VERB			vb	saldo
3445	yttersta	ADJ		B1	adjective	kelly
3446	observera	VERB		B1	verb	kelly
3447	premiär	NOUN	en	B1	noun-en	kelly
3448	plocka bort	VERB			vbm	saldo
3449	fota	VERB			vb	saldo
3450	få fast	VERB			vbm	saldo
3451	hemifrån	OTHER		B2	adverb	kelly
3452	bevara	VERB		A2	verb	kelly
3453	identitet	NOUN	en	A2	noun-en	kelly
3454	övre	ADJ		A2	adjective	kelly
3455	skadlig	ADJ		B1	adjective	kelly
3456	frustrera	VERB			vb	saldo
3457	omge	VERB		B2	verb	kelly
3458	larm	NOUN	ett	B2	noun-ett	kelly
3459	inkludera	VERB		A2	verb	kelly
3460	sexig	ADJ		C1	adjective	kelly
3461	ovanstående	ADJ		B1	adjective	kelly
3462	hacka	VERB		B2	verb	kelly
3463	barnvakt	NOUN			nn	saldo
3464	villa	NOUN	en	B1	noun-en	kelly
3465	sakkunnig	ADJ		C1	adjective	kelly
3466	skriva upp	VERB			vbm	saldo
3467	innebörd	NOUN	en	A2	noun-en	kelly
3468	kampanj	NOUN	en	A2	noun-en	kelly
3469	skriva ner	VERB			vbm	saldo
3470	förväntning	NOUN	en	A2	noun-en	kelly
3471	jäkla	ADJ			av	saldo
3472	bro	NOUN	en	A2	noun-en	kelly
3473	erbjudande	NOUN	ett	B1	noun-ett	kelly
3474	i relation till	OTHER		B2	prep	kelly
3475	bortsett från	OTHER		B1	prep	kelly
3476	skoj	ADJ		C1	adjective/noun	kelly
3477	tillslut	OTHER			ab	saldo
3478	sitta fast	VERB			vbm	saldo
3479	begagna	VERB			vb	saldo
3480	ryss	NOUN	en	A2	noun-en	kelly
3481	arbetsliv	NOUN	ett	B1	noun-ett	kelly
3482	moder	NOUN			nn	saldo
3483	skoja	VERB		C1	verb	kelly
3484	skatteverk	NOUN			nn	saldo
3485	glida	VERB		B1	verb	kelly
3486	hänga ihop	VERB			vbm	saldo
3487	se upp	VERB			vbm	saldo
3488	försvarsmakt	NOUN	en	B1	noun-en	kelly
3489	överstiga	VERB		B1	verb	kelly
3490	instrument	NOUN	ett	A2	noun-ett	kelly
3491	jaa	OTHER			in	saldo
3492	matte	NOUN	en	B1	noun-en	kelly
3493	desperat	ADJ		B2	adjective	kelly
3494	framme	OTHER		B1	adverb	kelly
3495	i större utsträckning	OTHER			abm	saldo
3496	kyckling	NOUN	en	B2	noun-en	kelly
3497	formell	ADJ		A2	adjective	kelly
3498	än mer	OTHER			abm	saldo
3499	lastbil	NOUN	en	B1	noun-en	kelly
3500	dumpa	VERB		C1	verb	kelly
3501	motsätta	VERB		B1	verb	kelly
3502	puff	NOUN			nn	saldo
3503	blivande	ADJ		B1	adjective	kelly
3504	överraska	VERB		B2	verb	kelly
3505	skadad	ADJ		B1	adjective	kelly
3506	välja om	VERB			vbm	saldo
3507	delad	ADJ		B1	adjective	kelly
3508	avundsjuk	ADJ			av	saldo
3509	hinna med	VERB			vbm	saldo
3510	ge med sig	VERB			vbm	saldo
3511	patetisk	ADJ		C1	adjective	kelly
3512	bortse	VERB		B1	verb	kelly
3513	säkra	VERB		A2	verb	kelly
3514	internationellt	OTHER		B1	adverb	kelly
3515	nationellt	OTHER		B1	adverb	kelly
3516	skriva av	VERB			vbm	saldo
3517	design	NOUN	en	A2	noun-en	kelly
3518	ambition	NOUN	en	A2	noun-en	kelly
3519	trappa	NOUN	en	B1	noun-en	kelly
3520	galleri	NOUN	ett	C1	noun-ett	kelly
3521	bad	NOUN	ett	B1	noun-ett	kelly
3522	evighet	NOUN	en	B1	noun-en	kelly
3523	ta i anspråk	VERB			vbm	saldo
3524	ta i	VERB			vbm	saldo
3525	replik	NOUN	en	A2	noun-en	kelly
3526	förkyld	ADJ			av	saldo
3527	less	ADJ		B2	adjective	kelly
3528	avancera	VERB		C1	verb	kelly
3529	term	NOUN	en	A2	noun-en	kelly
3530	på heltid	OTHER			abm	saldo
3531	yttra	VERB		B1	verb	kelly
3532	temp	NOUN			nn	saldo
3533	överföra	VERB		A2	verb	kelly
3534	fiende	NOUN	en	A2	noun-en	kelly
3535	kvarstå	VERB		B1	verb	kelly
3536	älskling	NOUN	en	C1	noun-en	kelly
3537	övrigt	OTHER		B1	adverb	kelly
3538	regelverk	NOUN	ett	A2	noun-ett	kelly
3539	ta sig ut	VERB			vbm	saldo
3540	orättvis	ADJ		B1	adjective	kelly
3541	intäkt	NOUN	en	B1	noun-en	kelly
3542	argumentera	VERB		A2	verb	kelly
3543	game	NOUN			nn	saldo
3544	understryka	VERB		A2	verb	kelly
3545	försämra	VERB		B1	verb	kelly
3546	minus	OTHER		C1	adverb	kelly
3547	relatera	VERB		B2	verb	kelly
3548	stryka	VERB		A2	verb	kelly
3549	hovrätt	NOUN	en	B1	noun-en	kelly
3550	placering	NOUN	en	B1	noun-en	kelly
3551	värdefull	ADJ		A2	adjective	kelly
3552	objektiv	ADJ		B1	adjective	kelly
3553	hänga upp	VERB			vbm	saldo
3554	trycka ner	VERB			vbm	saldo
3555	division	NOUN	en	B1	noun-en	kelly
3556	misstanke	NOUN	en	B1	noun-en	kelly
3557	färga	VERB		B2	verb	kelly
3558	volym	NOUN	en	B1	noun-en	kelly
3559	skänka	VERB		B1	verb	kelly
3560	glädja	VERB		B1	verb	kelly
3561	en och en	OTHER			pnm	saldo
3562	grädde	NOUN	en	C1	noun-en	kelly
3563	skalle	NOUN	en	B2	noun-en	kelly
3564	anstränga	VERB		B2	verb	kelly
3565	socialtjänst	NOUN	en	B2	noun-en	kelly
3566	innefatta	VERB		A2	verb	kelly
3567	last	NOUN	en	B1	noun-en	kelly
3568	korv	NOUN	en	B2	noun-en	kelly
3569	midsommar	NOUN	en	B2	noun-en	kelly
3570	förbund	NOUN	ett	A2	noun-ett	kelly
3571	ursprung	NOUN	ett	A2	noun-ett	kelly
3572	hänga på	VERB			vbm	saldo
3573	idrott	NOUN	en	B1	noun-en	kelly
3574	öppna upp	VERB			vbm	saldo
3575	kvalificera	VERB		C1	verb	kelly
3576	rättslig	ADJ		A2	adjective	kelly
3577	area	NOUN	en	C2	noun-en	kelly
3578	server	NOUN	en	B1	noun-en	kelly
3579	inskrivning	NOUN	en	C2	noun-en	kelly
3580	komma till rätta	VERB			vbm	saldo
3581	grundskola	NOUN	en	B1	noun-en	kelly
3582	hamn	NOUN	en	A2	noun-en	kelly
3583	intervjua	VERB		B1	verb	kelly
3584	morfar	NOUN	en	B2	noun-en	kelly
3585	hora	NOUN	en	B2	noun-en	kelly
3586	motsätta sig	VERB		B1	verb	kelly
3587	snarast	OTHER		B1	adverb	kelly
3588	myt	NOUN	en	A2	noun-en	kelly
3589	disk	NOUN	en	B2	noun-en	kelly
3590	trång	ADJ		B1	adjective	kelly
3591	präst	NOUN	en	A2	noun-en	kelly
3592	våldsam	ADJ		A2	adjective	kelly
3593	läpp	NOUN	en	B1	noun-en	kelly
3594	minskning	NOUN	en	B1	noun-en	kelly
3595	känna efter	VERB			vbm	saldo
3596	komma på	VERB			vbm	saldo
3597	för säkerhets skull	OTHER			abm	saldo
3598	chocka	VERB			vb	saldo
3599	dokumentär	NOUN	en	B1	noun-en	kelly
3600	byta om	VERB			vbm	saldo
3601	finna sig	VERB			vbm	saldo
3602	övergå	VERB		A2	verb	kelly
3603	macka	NOUN			nn	saldo
3604	rent ut sagt	OTHER			abm	saldo
3605	på sätt och vis	OTHER		C1	adverb	kelly
3606	attackera	VERB		A2	verb	kelly
3607	gott om	OTHER		B1	adverb	kelly
3608	någorlunda	OTHER		B1	adverb	kelly
3609	bibel	NOUN	en	A2	noun-en	kelly
3610	i mitten av	OTHER		B1	prep	kelly
3611	konsert	NOUN	en	B1	noun-en	kelly
3612	sjuksköterska	NOUN	en	B1	noun-en	kelly
3613	bomb	NOUN	en	B1	noun-en	kelly
3614	stenhård	ADJ			av	saldo
3615	öva	VERB		A1	verb	kelly
3616	fördom	NOUN	en	B1	noun-en	kelly
3617	genomförande	NOUN	ett	A2	noun-ett	kelly
3618	svullen	ADJ			av	saldo
3619	permanent	ADJ		B1	adjective	kelly
3620	i närheten av	OTHER		B1	prep	kelly
3621	på topp	ADJ			avm	saldo
3622	skam	NOUN	en	B1	noun-en	kelly
3623	äh	OTHER			in	saldo
3624	avslag	NOUN	ett	B2	noun-ett	kelly
3625	utvisa	VERB		B2	verb	kelly
3626	arbetsförmedling	NOUN	en	B1	noun-en	kelly
3627	socialdemokratisk	ADJ		A2	adjective	kelly
3628	ängel	NOUN	en	A2	noun-en	kelly
3629	spänn	NOUN	en	B2	noun-en	kelly
3630	belysa	VERB		B1	verb	kelly
3631	vika	VERB		A1	verb/adverb	kelly
3632	egentlig	ADJ		A2	adjective	kelly
3633	frid	NOUN	en	A2	noun-en	kelly
3634	festa	VERB		C1	verb	kelly
3635	protein	NOUN	ett	B2	noun-ett	kelly
3636	blogga	VERB		A2	verb	kelly
3637	med avseende på	OTHER		B2	prep	kelly
3638	näring	NOUN	en	B1	noun-en	kelly
3639	upprätthålla	VERB		A2	verb	kelly
3640	sökande	NOUN	en	B2	noun-en/noun-ett	kelly
3641	förbli	VERB		A2	verb	kelly
3642	torg	NOUN	ett	A2	noun-ett	kelly
3643	röv	NOUN			nn	saldo
3644	reda	NOUN	en	A2	noun-en/verb	kelly
3645	motiverad	ADJ			av	saldo
3646	regna	VERB		B1	verb	kelly
3647	värst	ADJ			av	saldo
3648	kåt	ADJ			av	saldo
3649	otur	NOUN	en	B2	noun-en	kelly
3650	sår	NOUN	ett	B1	noun-ett	kelly
3651	bonde	NOUN	en	A2	noun-en	kelly
3652	ta ner	VERB			vbm	saldo
3653	körd	ADJ			av	saldo
3654	dagsläge	NOUN	ett	B1	noun-ett	kelly
3655	såvitt	OTHER		B1	subj	kelly
3656	not	NOUN	en	B1	noun-en	kelly
3657	odla	VERB		B1	verb	kelly
3658	ensamstående	ADJ		B2	adjective	kelly
3659	te sig	VERB		A1	verb	kelly
3660	moralisk	ADJ		A2	adjective	kelly
3661	effektivt	OTHER		B1	adverb	kelly
3662	blöt	ADJ		B2	adjective	kelly
3663	längre fram	OTHER			abm	saldo
3664	dra till	VERB			vbm	saldo
3665	gris	NOUN	en	B1	noun-en	kelly
3666	tum	NOUN	en	C2	noun-en	kelly
3667	barnvagn	NOUN	en	C2	noun-en	kelly
3668	sammanfatta	VERB		A2	verb	kelly
3669	uppföljning	NOUN	en	B1	noun-en	kelly
3670	uppenbart	OTHER		B1	adverb	kelly
3671	göra åt	VERB			vbm	saldo
3672	god natt	OTHER			inm	saldo
3673	yttrandefrihet	NOUN	en	A2	noun-en	kelly
3674	bekämpa	VERB		A2	verb	kelly
3675	tull	NOUN	en	B1	noun-en	kelly
3676	hjul	NOUN	ett	B1	noun-ett	kelly
3677	i god tid	OTHER			abm	saldo
3678	försörja sig	VERB			vbm	saldo
3679	revisor	NOUN	en	C1	noun-en	kelly
3680	spåra	VERB		B1	verb	kelly
3681	tippa	VERB		C1	verb	kelly
3682	landsbygd	NOUN	en	A2	noun-en	kelly
3683	äpple	NOUN	ett	B2	noun-ett	kelly
3684	det är lugnt	OTHER			inm	saldo
3685	stressa	VERB		C1	verb	kelly
3686	simma	VERB		B1	verb	kelly
3687	i annat fall	OTHER			abm	saldo
3688	uppväxt	NOUN	en	B2	noun-en	kelly
3689	morsa	NOUN			nn	saldo
3690	blandning	NOUN	en	B1	noun-en	kelly
3691	ris	NOUN	ett	A1	noun-ett	kelly
3692	i grund och botten	OTHER		B2	adverb	kelly
3693	gas	NOUN	en	A2	noun-en	kelly
3694	klia	VERB		C1	verb	kelly
3695	landslag	NOUN	ett	B2	noun-ett	kelly
3696	statsbidrag	NOUN	ett	C1	noun-ett	kelly
3697	avancerad	ADJ		A2	adjective	kelly
3698	moment	NOUN	ett	B1	noun-ett	kelly
3699	nacke	NOUN	en	B2	noun-en	kelly
3700	agerande	NOUN	ett	A2	noun-ett	kelly
3701	dra på	VERB			vbm	saldo
3702	minoritet	NOUN	en	A2	noun-en	kelly
3703	höjning	NOUN	en	B1	noun-en	kelly
3704	station	NOUN	en	B1	noun-en	kelly
3705	farfar	NOUN	en	B2	noun-en	kelly
3706	regelbundet	OTHER		B1	adverb	kelly
3707	reta	VERB		B1	verb	kelly
3708	få till stånd	VERB			vbm	saldo
3709	skugga	NOUN	en	A2	noun-en	kelly
3710	hålla ut	VERB			vbm	saldo
3711	tillfredsställa	VERB		B2	verb	kelly
3712	vanligtvis	OTHER		A2	adverb	kelly
3713	figur	NOUN	en	A2	noun-en	kelly
3714	varg	NOUN	en	A2	noun-en	kelly
3715	adoptera	VERB		B2	verb	kelly
3716	igenom	OTHER		A1	prep	kelly
3717	bakåt	OTHER		B1	adverb	kelly
3718	remiss	NOUN	en	B2	noun-en	kelly
3719	arbetsuppgift	NOUN	en	B1	noun-en	kelly
3720	pasta	NOUN	en	B1	noun-en	kelly
3721	termin	NOUN	en	B2	noun-en	kelly
3722	bristande	ADJ			av	saldo
3723	konkurs	NOUN	en	B1	noun-en	kelly
3724	misslyckad	ADJ		C1	adjective	kelly
3725	smäll	NOUN	en	B2	noun-en	kelly
3726	villig	ADJ		B1	adjective	kelly
3727	utge	VERB		B1	verb	kelly
3728	börs	NOUN	en	B1	noun-en	kelly
3729	titt	NOUN	en	B1	noun-en	kelly
3730	kandidat	NOUN	en	A2	noun-en	kelly
3731	departement	NOUN	ett	B1	noun-ett	kelly
3732	därigenom	OTHER		A2	adverb	kelly
3733	universum	NOUN	ett	A2	noun-ett	kelly
3734	mångfald	NOUN	en	A2	noun-en	kelly
3735	svin	NOUN	ett	C1	noun-ett	kelly
3736	festival	NOUN	en	B1	noun-en	kelly
3737	hålla kvar	VERB			vbm	saldo
3738	varann	OTHER			pn	saldo
3739	snurra	VERB		B2	verb	kelly
3740	ha för avsikt	VERB			vbm	saldo
3741	vaccinera	VERB			vb	saldo
3742	åt sidan	OTHER			abm	saldo
3743	rymma	VERB		A2	verb	kelly
3744	protest	NOUN	en	A2	noun-en	kelly
3745	självfallen	ADJ			av	saldo
3746	vana	NOUN	en	A2	noun-en	kelly
3747	sinne	NOUN	ett	A2	noun-ett	kelly
3748	kind	NOUN	en	B1	noun-en	kelly
3749	motsatt	ADJ		A2	adjective	kelly
3750	förr i tiden	OTHER			abm	saldo
3751	teoretisk	ADJ		B1	adjective	kelly
3752	spekulera	VERB		B1	verb	kelly
3753	sned	ADJ		C2	adjective/noun	kelly
3754	för alltid	OTHER		B2	adverb	kelly
3755	tömma	VERB		B2	verb	kelly
3756	rep	NOUN	ett	C1	noun-ett	kelly
3757	opposition	NOUN	en	A2	noun-en	kelly
3758	tillämplig	ADJ		B1	adjective	kelly
3759	självfallet	OTHER		B1	adverb	kelly
3760	värdera	VERB		A2	verb	kelly
3761	palla	VERB			vb	saldo
3762	upphandling	NOUN	en	B1	noun-en	kelly
3763	avlida	VERB		B1	verb	kelly
3764	hugga	VERB		B1	verb	kelly
3765	skadestånd	NOUN	ett	A2	noun-ett	kelly
3766	diskriminering	NOUN	en	A2	noun-en	kelly
3767	tös	NOUN			nn	saldo
3768	kriterium	NOUN	ett	A2	noun-ett	kelly
3769	hoppa över	VERB			vbm	saldo
3770	fullkomligt	OTHER		B1	adverb	kelly
3771	rita	VERB		B1	verb	kelly
3772	vandra	VERB		A2	verb	kelly
3773	gym	NOUN	ett	B2	noun-ett	kelly
3774	önskvärd	ADJ		B1	adjective	kelly
3775	på gränsen	OTHER			abm	saldo
3776	raka	VERB		C1	verb	kelly
3777	rabatt	NOUN	en	B2	noun-en	kelly
3778	klassa	VERB		B2	verb	kelly
3779	livrädd	ADJ			av	saldo
3780	tålamod	NOUN	ett	B1	noun-ett	kelly
3781	filt	NOUN	en	C1	noun-en	kelly
3782	plocka fram	VERB			vbm	saldo
3783	klättra	VERB		B1	verb	kelly
3784	upplysning	NOUN	en	B1	noun-en	kelly
3785	begäran	NOUN	en	B1	noun-en	kelly
3786	förövrigt	OTHER			ab	saldo
3787	rus	NOUN			nn	saldo
3788	bänk	NOUN	en	B2	noun-en	kelly
3789	sajt	NOUN	en	A2	noun-en	kelly
3790	sammanlagt	OTHER		B1	adverb	kelly
3791	ambulans	NOUN	en	C1	noun-en	kelly
3792	sakta men säkert	OTHER			abm	saldo
3793	gåva	NOUN	en	A2	noun-en	kelly
3794	det ena och det andra	OTHER			pnm	saldo
3795	dessvärre	OTHER		B1	adverb	kelly
3796	omvärld	NOUN			nn	saldo
3797	trafikolycka	NOUN			nn	saldo
3798	trasig	ADJ		B2	adjective	kelly
3799	ekologisk	ADJ		A2	adjective	kelly
3800	häkta	VERB		C2	verb	kelly
3801	ovanför	OTHER		B1	prep	kelly
3802	statistisk	ADJ		B2	adjective	kelly
3803	frågeställning	NOUN	en	B1	noun-en	kelly
3804	ursprunglig	ADJ		A2	adjective	kelly
3805	hantering	NOUN	en	B1	noun-en	kelly
3806	bajs	NOUN			nn	saldo
3807	inbilla	VERB		B2	verb	kelly
3808	rent av	OTHER			abm	saldo
3809	till rätta	OTHER		B2	adverb	kelly
3810	anpassad	ADJ		B1	adjective	kelly
3811	elektronisk	ADJ		A2	adjective	kelly
3812	nåja	OTHER			in	saldo
3813	vakt	NOUN	en	A2	noun-en	kelly
3814	studio	NOUN	en	B1	noun-en	kelly
3815	anspråk	NOUN	ett	A2	noun-ett	kelly
3816	hall	NOUN	en	B1	noun-en	kelly
3817	beredning	NOUN	en	B1	noun-en	kelly
3818	dra slutsatser	VERB			vbm	saldo
3819	roa	VERB		A2	verb	kelly
3820	samordning	NOUN	en	B1	noun-en	kelly
3821	ja visst	OTHER			inm	saldo
3822	vilja sig	VERB			vbm	saldo
3823	förmedla	VERB		A2	verb	kelly
3824	trea	NOUN	en	B2	noun-en	kelly
3825	och dylikt	OTHER			abm	saldo
3826	strida	VERB		A2	verb	kelly
3827	lektion	NOUN	en	B1	noun-en	kelly
3828	story	NOUN	en	B1	noun-en	kelly
3829	kolhydrat	NOUN			nn	saldo
3830	halvtimme	NOUN	en	B1	noun-en	kelly
3831	hemställan	NOUN			nn	saldo
3832	prick	NOUN	en	C1	noun-en	kelly
3833	kondom	NOUN	en	C1	noun-en	kelly
3834	tillhandahålla	VERB		A2	verb	kelly
3835	x antal	OTHER			pnm	saldo
3836	sallad	NOUN	en	C1	noun-en	kelly
3837	möjliggöra	VERB		A2	verb	kelly
3838	ide	NOUN			nn	saldo
3839	vistas	VERB		B1	verb	kelly
3840	slump	NOUN	en	B1	noun-en	kelly
3841	föreläsning	NOUN	en	B1	noun-en	kelly
3842	med undantag för	OTHER			ppm	saldo
3843	behörig	ADJ		B1	adjective	kelly
3844	omröstning	NOUN	en	A2	noun-en	kelly
3845	sistnämnd	ADJ		B1	adjective	kelly
3846	tränga	VERB		A2	verb	kelly
3847	forma	VERB		A2	verb	kelly
3848	plocka ut	VERB			vbm	saldo
3849	garderob	NOUN	en	B2	noun-en	kelly
3850	mössa	NOUN	en	B2	noun-en	kelly
3851	klockren	ADJ			av	saldo
3852	enormt	OTHER		B1	adverb	kelly
3853	smyga	VERB		B1	verb	kelly
3854	avvika	VERB		B1	verb	kelly
3855	finne	NOUN			nn	saldo
3856	fylla på	VERB			vbm	saldo
3857	integration	NOUN	en	A2	noun-en	kelly
3858	beställning	NOUN	en	B2	noun-en	kelly
3859	på rygg	OTHER			abm	saldo
3860	utlänning	NOUN	en	B1	noun-en	kelly
3861	plagg	NOUN	ett	C1	noun-ett	kelly
3862	seminarium	NOUN	ett	A2	noun-ett	kelly
3863	införande	NOUN	ett	A2	noun-ett	kelly
3864	badrum	NOUN	ett	B2	noun-ett	kelly
3865	trams	NOUN	ett	B2	noun-ett	kelly
3866	infektion	NOUN	en	C1	noun-en	kelly
3867	balkong	NOUN	en	B2	noun-en	kelly
3868	välja ut	VERB			vbm	saldo
3869	judisk	ADJ		A1	adjective	kelly
3870	intressera sig	VERB			vbm	saldo
3871	måltid	NOUN	en	B2	noun-en	kelly
3872	ställa sig upp	VERB			vbm	saldo
3873	väst	NOUN		A2	noun	kelly
3874	komma åt	VERB			vbm	saldo
3875	tämligen	OTHER		A2	adverb	kelly
3876	avvisa	VERB		A2	verb	kelly
3877	moral	NOUN	en	A2	noun-en	kelly
3878	sistnämnda	ADJ			av	saldo
3879	avstyrka	VERB			vb	saldo
3880	tveka	VERB		B1	verb	kelly
3881	gärning	NOUN	en	A2	noun-en	kelly
3882	hålla ihop	VERB			vbm	saldo
3883	remissinstans	NOUN	en	B1	noun-en	kelly
3884	förespråka	VERB		A2	verb	kelly
3885	offentligt	OTHER		B1	adverb	kelly
3886	mördare	NOUN	en	B1	noun-en	kelly
3887	mellanrum	NOUN	ett	B2	noun-ett	kelly
3888	ansvara	VERB		A2	verb	kelly
3889	integrera	VERB		B1	verb	kelly
3890	ta steget	VERB			vbm	saldo
3891	jodå	OTHER			in	saldo
3892	kula	NOUN	en	B2	noun-en	kelly
3893	teater	NOUN	en	B1	noun-en	kelly
3894	utmana	VERB		B1	verb	kelly
3895	bränsle	NOUN	ett	B1	noun-ett	kelly
3896	skrift	NOUN	en	A2	noun-en	kelly
3897	allihop	OTHER		B1	pronoun	kelly
3898	smälla	VERB		B2	verb	kelly
3899	begagnad	ADJ			av	saldo
3900	jordbruksmark	NOUN			nn	saldo
3901	ideologi	NOUN	en	A2	noun-en	kelly
3902	same	NOUN	en	B1	noun-en	kelly
3903	möbel	NOUN	en	B2	noun-en	kelly
3904	framkomma	VERB		B1	verb	kelly
3905	tandläkare	NOUN	en	B2	noun-en	kelly
3906	ta till vara	VERB			vbm	saldo
3907	utdelning	NOUN	en	B1	noun-en	kelly
3908	ta tiden	VERB			vbm	saldo
3909	avsevärt	OTHER		B1	adverb	kelly
3910	häromdagen	OTHER		B1	adverb	kelly
3911	stuga	NOUN	en	B1	noun-en	kelly
3912	indirekt	OTHER		B1	adverb/adjective	kelly
3913	ära	NOUN	en	A2	noun-en	kelly
3914	överge	VERB		A2	verb	kelly
3915	daglig	ADJ		A2	adjective	kelly
3916	hjälte	NOUN	en	B1	noun-en	kelly
3917	räddningstjänst	NOUN			nn	saldo
3918	för dagen	OTHER			abm	saldo
3919	gå emot	VERB			vbm	saldo
3920	svälja	VERB		B2	verb	kelly
3921	gött	ADJ			av	saldo
3922	rot	NOUN	en	A2	noun-en	kelly
3923	göra gott	VERB			vbm	saldo
3924	göra bort sig	VERB			vbm	saldo
3925	skämta	VERB		B2	verb	kelly
3926	hålla käften	VERB			vbm	saldo
3927	tyg	NOUN	ett	A2	noun-ett	kelly
3928	beskattning	NOUN	en	B1	noun-en	kelly
3929	hemland	NOUN	ett	A2	noun-ett	kelly
3930	kvalité	NOUN			nn	saldo
3931	oberoende av	OTHER		B1	prep	kelly
3932	för en stund	OTHER			abm	saldo
3933	läka	VERB		C1	verb	kelly
3934	kopia	NOUN	en	A2	noun-en	kelly
3935	påverkan	NOUN	en	A2	noun-en	kelly
3936	olycklig	ADJ		B1	adjective	kelly
3937	ta sig an	VERB			vbm	saldo
3938	grilla	VERB		C1	verb	kelly
3939	inköp	NOUN	ett	B1	noun-ett	kelly
3940	räkna upp	VERB			vbm	saldo
3941	som oftast	OTHER			abm	saldo
3942	panna	NOUN	en	B1	noun-en	kelly
3943	föreställning	NOUN	en	A2	noun-en	kelly
3944	lidande	NOUN	ett	A2	noun-ett	kelly
3945	elva	NUM		A1	numeral	kelly
3946	jobba sig	VERB			vbm	saldo
3947	begripa	VERB		B1	verb	kelly
3948	upplysa	VERB		B1	verb	kelly
3949	räcka till	VERB			vbm	saldo
3950	chips	NOUN	ett	B2	noun-ett	kelly
3951	blott	OTHER		A2	adverb	kelly
3952	inspiration	NOUN	en	A2	noun-en	kelly
3953	fåtal	NOUN	ett	A2	noun-ett	kelly
3954	i förrgår	OTHER			abm	saldo
3955	grepp	NOUN	ett	A1	noun-ett	kelly
3956	verkställa	VERB		B1	verb	kelly
3957	täcke	NOUN	ett	C1	noun-ett	kelly
3958	överlag	OTHER		B2	adverb	kelly
3959	leende	NOUN	ett	B1	noun-ett	kelly
3960	växt	NOUN	en	A1	noun-en	kelly
3961	flygplan	NOUN	ett	A2	noun-ett	kelly
3962	avsky	VERB		B2	verb	kelly
3963	debattera	VERB		B1	verb	kelly
3964	ko	NOUN	en	B1	noun-en	kelly
3965	konsumtion	NOUN	en	A2	noun-en	kelly
3966	överlägsen	ADJ		B1	adjective	kelly
3967	motta	VERB		B1	verb	kelly
3968	dal	NOUN	en	B1	noun-en	kelly
3969	på tok	OTHER			abm	saldo
3970	distrikt	NOUN	ett	B1	noun-ett	kelly
3971	besökare	NOUN	en	A2	noun-en	kelly
3972	trötthet	NOUN	en	B2	noun-en	kelly
3973	scenario	NOUN	ett	B1	noun-ett	kelly
3974	reducera	VERB		A2	verb	kelly
3975	temperatur	NOUN	en	A2	noun-en	kelly
3976	titt som tätt	OTHER			abm	saldo
3977	göra illa	VERB			vbm	saldo
3978	profil	NOUN	en	B1	noun-en	kelly
3979	utbyggnad	NOUN	en	B1	noun-en	kelly
3980	för länge sen	OTHER			abm	saldo
3981	lök	NOUN	en	C1	noun-en	kelly
3982	nykter	ADJ		C1	adjective	kelly
3983	kapacitet	NOUN	en	A2	noun-en	kelly
3984	komma i fråga	VERB			vbm	saldo
3985	i sak	OTHER			abm	saldo
3986	självmord	NOUN	ett	B1	noun-ett	kelly
3987	anlita	VERB		B1	verb	kelly
3988	vårda	VERB		B1	verb	kelly
3989	pedagogisk	ADJ		B1	adjective	kelly
3990	anknytning	NOUN	en	B1	noun-en	kelly
3991	smörja	VERB		C2	verb/noun-en	kelly
3992	samråd	NOUN	ett	B1	noun-ett	kelly
3993	bulle	NOUN	en	C1	noun-en	kelly
3994	organiserad	ADJ		A2	adjective	kelly
3995	idiotisk	ADJ		B2	adjective	kelly
3996	vansinnig	ADJ		B2	adjective	kelly
3997	noggrann	ADJ		B1	adjective	kelly
3998	världskrig	NOUN	ett	A1	noun-ett	kelly
3999	vända om	VERB			vbm	saldo
4000	rakt av	OTHER			abm	saldo
4001	tillvaro	NOUN	en	A2	noun-en	kelly
4002	godmorgon	OTHER			in	saldo
4003	kommunist	NOUN	en	A2	noun-en	kelly
4004	taxi	NOUN	en	B1	noun-en	kelly
4005	avsätta	VERB		B1	verb	kelly
4006	uppehåll	NOUN	ett	B2	noun-ett	kelly
4007	kinesisk	ADJ		A2	adjective	kelly
4008	brutal	ADJ		B2	adjective	kelly
4009	export	NOUN	en	B1	noun-en	kelly
4010	nuförtiden	OTHER		B2	adverb	kelly
4011	föregå	VERB		B1	verb	kelly
4012	stiftelse	NOUN	en	B1	noun-en	kelly
4013	rån	NOUN	ett	B2	noun-ett	kelly
4014	look	NOUN			nn	saldo
4015	stilla	OTHER		B1	adverb	kelly
4016	klappa	VERB		C1	verb	kelly
4017	kvalificerad	ADJ		B1	adjective	kelly
4018	utarbeta	VERB		A2	verb	kelly
4019	timma	NOUN			nn	saldo
4020	talan	NOUN			nn	saldo
4021	skala	NOUN	en	A2	noun-en	kelly
4022	feg	ADJ			av	saldo
4023	separat	ADJ		B1	adjective	kelly
4024	ork	NOUN			nn	saldo
4025	italiensk	ADJ		A2	adjective	kelly
4026	gödd	ADJ			av	saldo
4027	plånbok	NOUN	en	B1	noun-en	kelly
4028	påsk	NOUN	en	B2	noun-en	kelly
4029	slutändan	NOUN		B1	noun	kelly
4030	gymnasieskola	NOUN	en	B2	noun-en	kelly
4031	support	NOUN			nn	saldo
4032	gissning	NOUN	en	B2	noun-en	kelly
4033	runda	VERB		A2	verb/noun-en	kelly
4034	nöje	NOUN	ett	B1	noun-ett	kelly
4035	rättvisa	NOUN	en	A2	noun-en	kelly
4036	skjorta	NOUN	en	B2	noun-en	kelly
4037	skriftlig	ADJ		A2	adjective	kelly
4038	på benen	OTHER			abm	saldo
4039	sås	NOUN	en	C1	noun-en	kelly
4040	röra om	VERB			vbm	saldo
4041	tappa bort	VERB			vbm	saldo
4042	framställning	NOUN	en	B1	noun-en	kelly
4043	en gång för alla	OTHER			abm	saldo
4044	valfri	ADJ		B2	adjective	kelly
4045	förenkla	VERB		B2	verb	kelly
4046	trösta	VERB		C1	verb	kelly
4047	berättiga	VERB		C2	verb	kelly
4048	litteratur	NOUN	en	A2	noun-en	kelly
4049	samordna	VERB		B2	verb	kelly
4050	prägla	VERB		A2	verb	kelly
4051	fullkomlig	ADJ			av	saldo
4052	tvär	ADJ			av	saldo
4053	vaginal	ADJ			av	saldo
4054	angå	VERB		C1	verb	kelly
4055	roa sig	VERB			vbm	saldo
4056	overall	NOUN			nn	saldo
4057	så vitt	OTHER			abm	saldo
4058	peppar	NOUN	en	C1	noun-en	kelly
4059	stöld	NOUN	en	B1	noun-en	kelly
4060	ringa in	VERB			vbm	saldo
4061	blodtryck	NOUN			nn	saldo
4062	innerst inne	OTHER			abm	saldo
4063	trilla	VERB		B2	verb	kelly
4064	svika	VERB		B1	verb	kelly
4065	flytta ut	VERB			vbm	saldo
4066	tills vidare	OTHER		B2	adverb	kelly
4067	platta	NOUN	en	B1	noun-en	kelly
4068	motivation	NOUN	en	B2	noun-en	kelly
4069	sitta ner	VERB			vbm	saldo
4070	tropisk	ADJ			av	saldo
4071	tänkande	NOUN	ett	A2	noun-ett	kelly
4072	löpande	ADJ		B1	adjective	kelly
4073	dop	NOUN	ett	B1	noun-ett	kelly
4074	till känna	OTHER		B1	adverb	kelly
4075	återhämta sig	VERB			vbm	saldo
4076	på sistone	OTHER		C1	adverb	kelly
4077	ärligt	OTHER		B1	adverb	kelly
4078	försvåra	VERB		B1	verb	kelly
4079	chock	NOUN	en	B2	noun-en	kelly
4080	krönika	NOUN	en	A2	noun-en	kelly
4081	historiskt	OTHER		B1	adverb	kelly
4082	sikta	VERB		B1	verb	kelly
4083	antyda	VERB		A2	verb	kelly
4084	stråla	VERB		C1	verb	kelly
4085	strumpa	NOUN	en	C1	noun-en	kelly
4086	efternamn	NOUN	ett	B2	noun-ett	kelly
4087	säga emot	VERB			vbm	saldo
4088	halvlek	NOUN	en	B2	noun-en	kelly
4089	svänga	VERB		B1	verb	kelly
4090	lagförslag	NOUN	ett	B1	noun-ett	kelly
4091	trovärdig	ADJ		B1	adjective	kelly
4092	knäcka	VERB		C1	verb	kelly
4093	storm	NOUN	en	B1	noun-en	kelly
4094	instruktion	NOUN	en	B1	noun-en	kelly
4095	ögonblick	NOUN	ett	A2	noun-ett	kelly
4096	nödvändigtvis	OTHER		B1	adverb	kelly
4097	löfte	NOUN	ett	A2	noun-ett	kelly
4098	decennium	NOUN	ett	A2	noun-ett	kelly
4099	ström	NOUN	en	B1	noun-en	kelly
4100	förlängning	NOUN	en	B1	noun-en	kelly
4101	ja ja	OTHER			inm	saldo
4102	spridning	NOUN	en	A2	noun-en	kelly
4103	oändlig	ADJ		B1	adjective	kelly
4104	samling	NOUN	en	A1	noun-en	kelly
4105	osäkerhet	NOUN	en	A2	noun-en	kelly
4106	hundratal	NOUN	ett	B1	noun-ett	kelly
4107	värna	VERB		A2	verb	kelly
4108	genetisk	ADJ		B1	adjective	kelly
4109	på lång sikt	OTHER			abm	saldo
4110	hosta	VERB		C1	verb/noun-en	kelly
4111	göra fast	VERB			vbm	saldo
4112	infrastruktur	NOUN	en	A2	noun-en	kelly
4113	party	NOUN	ett	B1	noun-ett	kelly
4114	miss	NOUN	en	B2	noun-en	kelly
4115	i ordning	ADJ			avm	saldo
4116	erforderlig	ADJ			av	saldo
4117	ty	OTHER		A1	conj	kelly
4118	såvida	OTHER		B1	subj	kelly
4119	barnbarn	NOUN	ett	B1	noun-ett	kelly
4120	skälla	VERB		B2	verb	kelly
4121	hålla uppe	VERB			vbm	saldo
4122	jäklig	ADJ			av	saldo
4123	intelligent	ADJ		B1	adjective	kelly
4124	droppe	NOUN	en	C2	noun-en	kelly
4125	mänsklighet	NOUN	en	A2	noun-en	kelly
4126	vardagsrum	NOUN	ett	B2	noun-ett	kelly
4127	bifalla	VERB			vb	saldo
4128	portion	NOUN	en	B1	noun-en	kelly
4129	dryck	NOUN	en	B1	noun-en	kelly
4130	potentiell	ADJ		A2	adjective	kelly
4131	hoppa av	VERB			vbm	saldo
4132	ifråga	OTHER			ab	saldo
4133	hämta sig	VERB			vbm	saldo
4134	bostadsrätt	NOUN	en	C1	noun-en	kelly
4135	lägga märke	VERB			vbm	saldo
4136	mätning	NOUN	en	B1	noun-en	kelly
4137	fiske	NOUN	ett	B1	noun-ett	kelly
4138	lucka	NOUN	en	B1	noun-en	kelly
4139	fullgöra	VERB		B2	verb	kelly
4140	bakterie	NOUN	en	B2	noun-en	kelly
4141	distans	NOUN	en	B2	noun-en	kelly
4142	kollektiv	ADJ		A2	adjective/noun-ett	kelly
4143	rent ut	OTHER			abm	saldo
4144	surfa	VERB		B2	verb	kelly
4145	dra på sig	VERB			vbm	saldo
4146	rekord	NOUN	ett	B1	noun-ett	kelly
4147	vid sidan om	OTHER			ppm	saldo
4148	längtan	NOUN	en	B1	noun-en	kelly
4149	övergripande	ADJ		A2	adjective	kelly
4150	på den punkten	OTHER			abm	saldo
4151	förstörd	ADJ			av	saldo
4152	mäktig	ADJ		A2	adjective	kelly
4153	konstnär	NOUN	en	A2	noun-en	kelly
4154	slå ner	VERB			vbm	saldo
4155	arv	NOUN	ett	A2	noun-ett	kelly
4156	matta	NOUN	en	B1	noun-en	kelly
4157	armé	NOUN	en	A2	noun-en	kelly
4158	ta sig i kragen	VERB			vbm	saldo
4159	matcha	VERB		B2	verb	kelly
4160	ge upphov	VERB			vbm	saldo
4161	tilldela	VERB		B1	verb	kelly
4162	på sin plats	OTHER			abm	saldo
4163	böja	VERB		B2	verb	kelly
4164	en smula	OTHER			abm	saldo
4165	en gång i månaden	OTHER			abm	saldo
4166	utebli	VERB		C1	verb	kelly
4167	ståndpunkt	NOUN	en	A2	noun-en	kelly
4168	storstad	NOUN	en	B1	noun-en	kelly
4169	urval	NOUN	ett	B1	noun-ett	kelly
4170	kristendom	NOUN	en	A2	noun-en	kelly
4171	magsjuka	NOUN			nn	saldo
4172	falla sig	VERB			vbm	saldo
4173	ta betalt	VERB			vbm	saldo
4174	extern	ADJ		A2	adjective	kelly
4175	bög	NOUN			nn	saldo
4176	stackare	NOUN	en	C1	noun-en	kelly
4177	kvartal	NOUN	ett	B1	noun-ett	kelly
4178	tredjedel	NOUN	en	B1	noun-en	kelly
4179	firma	NOUN	en	B2	noun-en	kelly
4180	förebild	NOUN	en	B1	noun-en	kelly
4181	i sträck	OTHER			abm	saldo
4182	handikappa	VERB			vb	saldo
4183	tempo	NOUN	ett	B1	noun-ett	kelly
4184	kasta in	VERB			vbm	saldo
4185	dubbelt	OTHER		B1	adverb	kelly
4186	importera	VERB		B2	verb	kelly
4187	aggressiv	ADJ		B1	adjective	kelly
4188	hysterisk	ADJ			av	saldo
4189	stirra	VERB		B2	verb	kelly
4190	nyanländ	ADJ			av	saldo
4191	bryta ut	VERB			vbm	saldo
4192	ilska	NOUN	en	B1	noun-en	kelly
4193	peta	VERB		C1	verb	kelly
4194	upphäva	VERB		B1	verb	kelly
4195	helig	ADJ		A1	adjective	kelly
4196	praxis	NOUN	en	B1	noun-en	kelly
4197	grunda sig	VERB			vbm	saldo
4198	verksam	ADJ		B1	adjective	kelly
4199	se ner	VERB			vbm	saldo
4200	av betydelse	ADJ			avm	saldo
4201	utvisning	NOUN	en	B2	noun-en	kelly
4202	hemlighet	NOUN	en	A2	noun-en	kelly
4203	uppehållstillstånd	NOUN	ett	B1	noun-ett	kelly
4204	förort	NOUN	en	B1	noun-en	kelly
4205	åtagande	NOUN	ett	B1	noun-ett	kelly
4206	underlig	ADJ		B1	adjective	kelly
4207	kors	NOUN	ett	A2	noun-ett	kelly
4208	so	NOUN			nn	saldo
4209	emellanåt	OTHER		B2	adverb	kelly
4210	asylsökande	ADJ			av	saldo
4211	återfinna	VERB		A2	verb	kelly
4212	matematik	NOUN	en	B1	noun-en	kelly
4213	bensin	NOUN	en	B2	noun-en	kelly
4214	önskan	NOUN	en	B1	noun-en	kelly
4215	intill	OTHER		B1	prep/adverb	kelly
4216	medarbetare	NOUN	en	A2	noun-en	kelly
4217	slicka	VERB		C1	verb	kelly
4218	neutral	ADJ		B1	adjective	kelly
4219	här och nu	OTHER			abm	saldo
4220	tystnad	NOUN	en	A2	noun-en	kelly
4221	utrikesminister	NOUN	en	A2	noun-en	kelly
4222	järn	NOUN	ett	B2	noun-ett	kelly
4223	familjeliv	NOUN			nn	saldo
4224	knepig	ADJ		C1	adjective	kelly
4225	verkstad	NOUN	en	B2	noun-en	kelly
4226	olämplig	ADJ		B1	adjective	kelly
4227	krångla	VERB			vb	saldo
4228	pryl	NOUN	en	B1	noun-en	kelly
4229	blatte	NOUN			nn	saldo
4230	avge	VERB		B2	verb	kelly
4231	nuläge	NOUN	ett	B2	noun-ett	kelly
4232	utomhus	OTHER		B2	adverb	kelly
4233	efterlysa	VERB		B2	verb	kelly
4234	port	NOUN	en	A1	noun-en	kelly
4235	positivt	OTHER		B1	adverb	kelly
4236	övergång	NOUN	en	A2	noun-en	kelly
4237	stadig	ADJ		B2	adjective	kelly
4238	isolera	VERB		B2	verb	kelly
4239	inkomma	VERB		B2	verb	kelly
4240	substans	NOUN	en	B2	noun-en	kelly
4241	taskig	ADJ			av	saldo
4242	sjutton	NUM		A1	numeral	kelly
4243	partiledare	NOUN	en	B1	noun-en	kelly
4244	riksdagsbeslut	NOUN	ett	B2	noun-ett	kelly
4245	storebror	NOUN	en	B2	noun-en	kelly
4246	tanka	VERB		C1	verb	kelly
4247	föra fram	VERB			vbm	saldo
4248	uppföra	VERB		B1	verb	kelly
4249	efterfråga	VERB			vb	saldo
4250	avslutad	ADJ		B1	adjective	kelly
4251	tomat	NOUN	en	C1	noun-en	kelly
4252	spegel	NOUN	en	B2	noun-en	kelly
4253	kompensera	VERB		B1	verb	kelly
4254	olika	OTHER			ab	saldo
4255	omsättning	NOUN	en	B2	noun-en	kelly
4256	onekligen	OTHER		B1	adverb	kelly
4257	propaganda	NOUN	en	B1	noun-en	kelly
4258	tutte	NOUN			nn	saldo
4259	ta sig fram	VERB			vbm	saldo
4260	påtaglig	ADJ		B1	adjective	kelly
4261	i hopp om	OTHER			ppm	saldo
4262	promenera	VERB		B2	verb	kelly
4263	utvidga	VERB		B1	verb	kelly
4264	lansera	VERB		A2	verb	kelly
4265	kommersiell	ADJ		A2	adjective	kelly
4266	prestera	VERB		B1	verb	kelly
4267	ta med en nypa salt	VERB			vbm	saldo
4268	konferens	NOUN	en	A2	noun-en	kelly
4269	skylt	NOUN	en	B1	noun-en	kelly
4270	uppfostra	VERB		B2	verb	kelly
4271	protestera	VERB		A2	verb	kelly
4272	livsmedel	NOUN	ett	B1	noun-ett	kelly
4273	lår	NOUN	ett	C1	noun-ett	kelly
4274	översätta	VERB		A2	verb	kelly
4275	överviktig	ADJ			av	saldo
4276	för helvete	OTHER			inm	saldo
4277	kreativ	ADJ		A2	adjective	kelly
4278	förvärk	NOUN			nn	saldo
4279	annanstans	OTHER		B1	adverb	kelly
4280	krets	NOUN	en	B1	noun-en	kelly
4281	få sparken	VERB			vbm	saldo
4282	ve	NOUN			nn	saldo
4283	förnuft	NOUN	ett	B1	noun-ett	kelly
4284	pedofil	NOUN	en	B2	noun-en	kelly
4285	morgondag	NOUN	en	B1	noun-en	kelly
4286	handläggning	NOUN	en	B2	noun-en	kelly
4287	tok	NOUN			nn	saldo
4288	lax	NOUN	en	B2	noun-en	kelly
4289	farsa	NOUN			nn	saldo
4290	kemisk	ADJ		B1	adjective	kelly
4291	leverans	NOUN	en	B1	noun-en	kelly
4292	tatuering	NOUN			nn	saldo
4293	bekymmer	NOUN	ett	B1	noun-ett	kelly
4294	skräp	NOUN	ett	B2	noun-ett	kelly
4295	trög	ADJ		C1	adjective	kelly
4296	ta rätt	VERB			vbm	saldo
4297	team	NOUN			nn	saldo
4298	konkurrera	VERB		B1	verb	kelly
4299	rök	NOUN	en	B2	noun-en	kelly
4300	trosa	NOUN	en	C2	noun-en	kelly
4301	mjölke	NOUN			nn	saldo
4302	promemoria	NOUN			nn	saldo
4303	rationell	ADJ		B1	adjective	kelly
4304	blunda	VERB		B1	verb	kelly
4305	handikappad	ADJ			av	saldo
4306	principiell	ADJ		B2	adjective	kelly
4307	gå på	VERB			vbm	saldo
4308	samla sig	VERB			vbm	saldo
4309	aj	OTHER			in	saldo
4310	prioritering	NOUN	en	B1	noun-en	kelly
4311	utspela sig	VERB		B1	verb	kelly
4312	försäkringsbolag	NOUN	ett	B2	noun-ett	kelly
4313	inneha	VERB		B1	verb	kelly
4314	otrohet	NOUN			nn	saldo
4315	anda	NOUN	en	A2	noun-en	kelly
4316	sätta dit	VERB			vbm	saldo
4317	objekt	NOUN	ett	B1	noun-ett	kelly
4318	ansökning	NOUN	en	B1	noun-en	kelly
4319	lätta	VERB		A2	verb	kelly
4320	file	NOUN			nn	saldo
4321	orgasm	NOUN			nn	saldo
4322	etablerad	ADJ		A2	adjective	kelly
4323	gumma	NOUN	en	C1	noun-en	kelly
4324	erinra	VERB		B1	verb	kelly
4325	sparande	NOUN	ett	B1	noun-ett	kelly
4326	jurist	NOUN	en	B1	noun-en	kelly
4327	bar	ADJ		A2	adjective/noun-en	kelly
4328	bekräftelse	NOUN	en	B2	noun-en	kelly
4329	professionell	ADJ		B1	adjective	kelly
4330	morot	NOUN	en	C1	noun-en	kelly
4331	fabrik	NOUN	en	A2	noun-en	kelly
4332	mardröm	NOUN	en	B2	noun-en	kelly
4333	kunnig	ADJ		B1	adjective	kelly
4334	lillasyster	NOUN	en	C1	noun-en	kelly
4335	integritet	NOUN	en	A2	noun-en	kelly
4336	hyresgäst	NOUN	en	B2	noun-en	kelly
4337	femma	NOUN	en	C1	noun-en	kelly
4338	antagande	NOUN	ett	B1	noun-ett	kelly
4339	befogenhet	NOUN	en	B1	noun-en	kelly
4340	socken	NOUN			nn	saldo
4341	i andra hand	OTHER			abm	saldo
4342	ideell	ADJ		B1	adjective	kelly
4343	sändning	NOUN	en	B2	noun-en	kelly
4344	saklig	ADJ		A2	adjective	kelly
4345	smink	NOUN	ett	C1	noun-ett	kelly
4346	åtgärda	VERB		B2	verb	kelly
4347	facklig	ADJ		A2	adjective	kelly
4348	utställning	NOUN	en	A2	noun-en	kelly
4349	separera	VERB		C1	verb	kelly
4350	inledning	NOUN	en	A2	noun-en	kelly
4351	missförstå	VERB		B2	verb	kelly
4352	fält	NOUN	ett	A2	noun-ett	kelly
4353	finansminister	NOUN	en	B1	noun-en	kelly
4354	slösa	VERB		B2	verb	kelly
4355	illegal	ADJ		B1	adjective	kelly
4356	pyssla	VERB		C1	verb	kelly
4357	registrering	NOUN	en	B1	noun-en	kelly
4358	vass	ADJ		B2	adjective	kelly
4359	tänkbar	ADJ		B1	adjective	kelly
4360	fixera	VERB			vb	saldo
4361	åka fast	VERB			vbm	saldo
4362	hatt	NOUN	en	B2	noun-en	kelly
4363	doft	NOUN	en	B1	noun-en	kelly
4364	skådespelare	NOUN	en	B1	noun-en	kelly
4365	nyfödd	ADJ		C1	adjective	kelly
4366	efterbliven	ADJ			av	saldo
4367	omdöme	NOUN	ett	B1	noun-ett	kelly
4368	spansk	ADJ		A2	adjective	kelly
4369	deprimerad	ADJ		C1	adjective	kelly
4370	anhålla	VERB			vb	saldo
4371	anstalt	NOUN	en	C1	noun-en	kelly
4372	landskap	NOUN	ett	A2	noun-ett	kelly
4373	i brist på	OTHER			ppm	saldo
4374	betala sig	VERB			vbm	saldo
4375	sysselsätta	VERB			vb	saldo
4376	slutlig	ADJ		A2	adjective	kelly
4377	vari	OTHER		B2	adverb	kelly
4378	imponerande	ADJ		B1	adjective	kelly
4379	drink	NOUN	en	C1	noun-en	kelly
4380	hand i hand	OTHER			abm	saldo
4381	kommunicera	VERB		A2	verb	kelly
4382	huvudman	NOUN	en	B2	noun-en	kelly
4383	läsa in	VERB			vbm	saldo
4384	officiellt	OTHER		B1	adverb	kelly
4385	amerikan	NOUN	en	A2	noun-en	kelly
4386	skeptisk	ADJ		B1	adjective	kelly
4387	narkotika	NOUN			nn	saldo
4388	realistisk	ADJ		B1	adjective	kelly
4389	i egenskap av	OTHER			ppm	saldo
4390	mobba	VERB			vb	saldo
4391	spela upp	VERB			vbm	saldo
4392	skruva	VERB		B2	verb	kelly
4393	förknippa	VERB		B1	verb	kelly
4394	råna	VERB		C1	verb	kelly
4395	ledighet	NOUN	en	B2	noun-en	kelly
4396	frivilligt	OTHER		B1	adverb	kelly
4397	villigt	OTHER		B1	adverb	kelly
4398	import	NOUN	en	B1	noun-en	kelly
4399	tunnelbana	NOUN	en	B1	noun-en	kelly
4400	sliten	ADJ			av	saldo
4401	få ihop det	VERB			vbm	saldo
4402	planet	NOUN	en	A2	noun-en	kelly
4403	påverkad	ADJ			av	saldo
4404	krånglig	ADJ		B2	adjective	kelly
4405	kyla	NOUN	en	B1	noun-en	kelly
4406	bryta ihop	VERB			vbm	saldo
4407	lägga sig ner	VERB			vbm	saldo
4408	missnöjd	ADJ		B1	adjective	kelly
4409	fristående	ADJ		B1	adjective	kelly
4410	akta sig	VERB			vbm	saldo
4411	supporter	NOUN	en	B2	noun-en	kelly
4412	strikt	ADJ		B2	adjective/adverb	kelly
4413	schysst	ADJ			av	saldo
4414	återgå	VERB		B1	verb	kelly
4415	kollektivtrafik	NOUN	en	B1	noun-en	kelly
4416	härifrån	OTHER		B1	adverb	kelly
4417	plast	NOUN	en	B2	noun-en	kelly
4418	nedre	ADJ		B2	adjective	kelly
4419	allergisk	ADJ		C2	adjective	kelly
4420	släcka	VERB		B2	verb	kelly
4421	stryk	NOUN	ett	B2	noun-ett	kelly
4422	resa sig upp	VERB			vbm	saldo
4423	tillverkare	NOUN	en	B1	noun-en	kelly
4424	front	NOUN	en	B1	noun-en	kelly
4425	både det ena och det andra	OTHER			pnm	saldo
4426	skick	NOUN	ett	B1	noun-ett	kelly
4427	allsvenska	NOUN			nn	saldo
4428	väninna	NOUN	en	C1	noun-en	kelly
4429	ficka	NOUN	en	B1	noun-en	kelly
4430	hustru	NOUN	en	A2	noun-en	kelly
4431	lukt	NOUN	en	C1	noun-en	kelly
4432	slant	NOUN	en	B2	noun-en	kelly
4433	kristdemokrat	NOUN	en	A2	noun-en	kelly
4434	närvaro	NOUN	en	A2	noun-en	kelly
4435	utbyte	NOUN	ett	A2	noun-ett	kelly
4436	obekväm	ADJ		B2	adjective	kelly
4437	tillverkning	NOUN	en	B1	noun-en	kelly
4438	allergi	NOUN	en	C1	noun-en	kelly
4439	smutsig	ADJ		B1	adjective	kelly
4440	rea	NOUN	en	C2	noun-en/verb	kelly
4441	ock	OTHER			ab	saldo
4442	säga sig själv	VERB			vbm	saldo
4443	fjärilsart	NOUN			nn	saldo
4444	förhålla	VERB		A2	verb	kelly
4445	häck	NOUN	en	C1	noun-en	kelly
4446	skattebetalare	NOUN	en	B1	noun-en	kelly
4447	hopplös	ADJ		C1	adjective	kelly
4448	baby	NOUN	en	B2	noun-en	kelly
4449	potential	NOUN	en	B1	noun-en	kelly
4450	utfall	NOUN	ett	B1	noun-ett	kelly
4451	ta itu	VERB			vbm	saldo
4452	förvara	VERB		B2	verb	kelly
4453	med beaktande av	OTHER			ppm	saldo
4454	dramatisk	ADJ		B1	adjective	kelly
4455	gå till väga	VERB			vbm	saldo
4456	målsättning	NOUN	en	B1	noun-en	kelly
4457	som regel	OTHER			abm	saldo
4458	osannolik	ADJ		B2	adjective	kelly
4459	försena	VERB		C1	verb	kelly
4460	leverantör	NOUN	en	B1	noun-en	kelly
4461	flagga	NOUN	en	B1	noun-en	kelly
4462	uppträda	VERB		A2	verb	kelly
4463	tavla	NOUN	en	B1	noun-en	kelly
4464	fuska	VERB			vb	saldo
4465	sitta bra	VERB			vbm	saldo
4466	förhandla	VERB		A2	verb	kelly
4467	examen	NOUN	en	B2	noun-en	kelly
4468	förlorad	ADJ			av	saldo
4469	likadant	OTHER		B1	adverb	kelly
4470	unna	VERB		A1	verb	kelly
4471	skitsnack	NOUN			nn	saldo
4472	klargöra	VERB		B1	verb	kelly
4473	förekommande	ADJ			av	saldo
4474	udda	ADJ		B1	adjective	kelly
4475	haka	VERB		B2	verb	kelly
4476	på ett ungefär	OTHER			abm	saldo
4477	dra slutsatsen	VERB			vbm	saldo
4478	ande	NOUN	en	A1	noun-en	kelly
4479	absurd	ADJ		B1	adjective	kelly
4480	överraskning	NOUN	en	B1	noun-en	kelly
4481	tunga	NOUN	en	B2	noun-en	kelly
4482	förtydliga	VERB		B2	verb	kelly
4483	springa in	VERB			vbm	saldo
4484	show	NOUN	en	B2	noun-en	kelly
4485	årligen	OTHER		B1	adverb	kelly
4486	överskott	NOUN	ett	B1	noun-ett	kelly
4487	terrorism	NOUN	en	A2	noun-en	kelly
4488	cigg	NOUN			nn	saldo
4489	negativt	OTHER		B1	adverb	kelly
4490	utland	NOUN	ett	B1	noun-ett	kelly
4491	oförändrad	ADJ		B1	adjective	kelly
4492	öde	NOUN	ett	A2	noun-ett	kelly
4493	hur pass	OTHER			abm	saldo
4494	nagel	NOUN	en	C1	noun-en	kelly
4495	tilltala	VERB		B2	verb	kelly
4496	förse	VERB		B1	verb	kelly
4497	berättigad	ADJ		B1	adjective	kelly
4498	ointressant	ADJ		B1	adjective	kelly
4499	få besök	VERB			vbm	saldo
4500	akademisk	ADJ		B1	adjective	kelly
4501	ironisk	ADJ		C1	adjective	kelly
4502	dejt	NOUN			nn	saldo
4503	kabel	NOUN	en	B2	noun-en	kelly
4504	successiv	ADJ		C2	adjective	kelly
4505	stående	ADJ			av	saldo
4506	barnbidrag	NOUN			nn	saldo
4507	stöta på	VERB			vbm	saldo
4508	inget vidare	OTHER			abm	saldo
4509	rörlig	ADJ		B1	adjective	kelly
4510	så värst	OTHER			abm	saldo
4511	valuta	NOUN	en	A2	noun-en	kelly
4512	eko	NOUN	ett	B2	noun-ett	kelly
4513	hundralapp	NOUN			nn	saldo
4514	inflation	NOUN	en	A2	noun-en	kelly
4515	verkan	NOUN	en	A2	noun-en	kelly
4516	tillstyrka	VERB		B2	verb	kelly
4517	mus	NOUN	en	C1	noun-en	kelly
4518	roman	NOUN	en	A2	noun-en	kelly
4519	variation	NOUN	en	B1	noun-en	kelly
4520	lur	NOUN	en	C1	noun-en	kelly
4521	dödsfall	NOUN	ett	B1	noun-ett	kelly
4522	förordna	VERB		C1	verb	kelly
4523	avkastning	NOUN	en	B1	noun-en	kelly
4524	optimal	ADJ		B2	adjective	kelly
4525	på sin höjd	OTHER			abm	saldo
4526	åt gången	OTHER			abm	saldo
4527	härmed	OTHER		B1	adverb	kelly
4528	talang	NOUN	en	B1	noun-en	kelly
4529	privatperson	NOUN	en	B1	noun-en	kelly
4530	svida	VERB		C1	verb	kelly
4531	studerande	NOUN	en	B2	noun-en	kelly
4532	sträva	VERB		A2	verb	kelly
4533	inom en snar framtid	OTHER			abm	saldo
4534	påföljd	NOUN	en	B1	noun-en	kelly
4535	rätt som	OTHER			abm	saldo
4536	formellt	OTHER		B1	adverb	kelly
4537	nånsin	OTHER			ab	saldo
4538	ända till	OTHER			ppm	saldo
4539	återställa	VERB		B1	verb	kelly
4540	sand	NOUN	en	B1	noun-en	kelly
4541	fara illa	VERB			vbm	saldo
4542	fysik	NOUN	en	B1	noun-en	kelly
4543	lillan	NOUN			nn	saldo
4544	stämma överens	VERB			vbm	saldo
4545	barndom	NOUN	en	B1	noun-en	kelly
4546	klistra	VERB		B2	verb	kelly
4547	knäppa	VERB		C1	verb	kelly
4548	klassiker	NOUN	en	B1	noun-en	kelly
4549	ta för sig	VERB			vbm	saldo
4550	successivt	OTHER		B1	adverb	kelly
4551	flytt	NOUN	en	B2	noun-en	kelly
4552	inbrott	NOUN			nn	saldo
4553	på köpet	OTHER			abm	saldo
4554	bestående	ADJ		A2	adjective	kelly
4555	kändis	NOUN	en	B2	noun-en	kelly
4556	spana	VERB		B2	verb	kelly
4557	slå sönder	VERB			vbm	saldo
4558	blandskog	NOUN			nn	saldo
4559	moln	NOUN	ett	B1	noun-ett	kelly
4560	ta sitt liv	VERB			vbm	saldo
4561	likvärdig	ADJ		B1	adjective	kelly
4562	slå upp	VERB			vbm	saldo
4563	taggad	ADJ			av	saldo
4564	fria	VERB		B1	verb	kelly
4565	från och med nu	OTHER			abm	saldo
4566	pilla	VERB			vb	saldo
4567	intelligens	NOUN	en	C2	noun-en	kelly
4568	center	NOUN	en	B1	noun-en	kelly
4569	sörja	VERB		B1	verb	kelly
4570	fotograf	NOUN	en	A2	noun-en	kelly
4571	parlament	NOUN	ett	A1	noun-ett	kelly
4572	avta	VERB		B2	verb	kelly
4573	runka	VERB			vb	saldo
4574	tugga	VERB		C1	verb	kelly
4575	nöt	NOUN	en	C2	noun-en	kelly
4576	spermie	NOUN			nn	saldo
4577	radikal	ADJ		A2	adjective	kelly
4578	snål	ADJ			av	saldo
4579	i avvaktan på	OTHER			ppm	saldo
4580	tacka ja	VERB			vbm	saldo
4581	glatt	OTHER		B2	adverb	kelly
4582	missbruka	VERB		B2	verb	kelly
4583	lagråd	NOUN	ett	B1	noun-ett	kelly
4584	i det stora hela	OTHER			abm	saldo
4585	dumt	ADJ		B1	adjective	kelly
4586	mästare	NOUN	en	B1	noun-en	kelly
4587	till saken	OTHER			abm	saldo
4588	trycke	NOUN			nn	saldo
4589	dejta	VERB			vb	saldo
4590	reflektera	VERB		B1	verb	kelly
4591	i väg	OTHER			abm	saldo
4592	kärring	NOUN			nn	saldo
4593	mode	NOUN	ett	B2	noun-ett	kelly
4594	pressmeddelande	NOUN	ett	B1	noun-ett	kelly
4595	frånvaro	NOUN	en	B1	noun-en	kelly
4596	ikapp	OTHER		B2	particle	kelly
4597	med säkerhet	OTHER			abm	saldo
4598	demonstration	NOUN	en	A2	noun-en	kelly
4599	apa	NOUN	en	B2	noun-en	kelly
4600	soppa	NOUN	en	C1	noun-en	kelly
4601	alltmer	OTHER			ab	saldo
4602	förpackning	NOUN	en	B2	noun-en	kelly
4603	knäpp	ADJ			av	saldo
4604	besvikelse	NOUN	en	B1	noun-en	kelly
4605	koncept	NOUN	ett	B1	noun-ett	kelly
4606	dö ut	VERB			vbm	saldo
4607	offra	VERB		B1	verb	kelly
4608	med hänvisning till	OTHER		B1	prep	kelly
4609	arrangera	VERB		A2	verb	kelly
4610	minst sagt	OTHER		B1	adverb	kelly
4611	arbetsmiljö	NOUN	en	B2	noun-en	kelly
4612	reportage	NOUN	ett	B1	noun-ett	kelly
4613	existens	NOUN	en	A2	noun-en	kelly
4614	fantastiskt	OTHER		B1	adverb	kelly
4615	ros	NOUN	en	B2	noun-en	kelly
4616	tvång	NOUN	ett	B1	noun-ett	kelly
4617	dra ut på tiden	VERB			vbm	saldo
4618	var för sig	OTHER			abm	saldo
4619	växla	VERB		B2	verb	kelly
4620	spekulation	NOUN	en	B1	noun-en	kelly
4621	bosätta sig	VERB		B2	verb	kelly
4622	värma upp	VERB			vbm	saldo
4623	guide	NOUN	en	B1	noun-en	kelly
4624	justera	VERB		B2	verb	kelly
4625	vanligen	OTHER		B1	adverb	kelly
4626	hyresvärd	NOUN	en	C1	noun-en	kelly
4627	skåp	NOUN	ett	B2	noun-ett	kelly
4628	såpass	OTHER			ab	saldo
4629	få syn	VERB			vbm	saldo
4630	feministisk	ADJ			av	saldo
4631	geografisk	ADJ		B1	adjective	kelly
4632	synlig	ADJ		B1	adjective	kelly
4633	gren	NOUN	en	B1	noun-en	kelly
4634	i fred	OTHER		B2	adverb	kelly
4635	samlag	NOUN	ett	C1	noun-ett	kelly
4636	hårddisk	NOUN	en	B2	noun-en	kelly
4637	förvandla	VERB		A2	verb	kelly
4638	komma iväg	VERB			vbm	saldo
4639	simpel	ADJ			av	saldo
4640	snus	NOUN	ett	C1	noun-ett	kelly
4641	leva om	VERB			vbm	saldo
4642	dra ihop	VERB			vbm	saldo
4643	klippa sig	VERB			vbm	saldo
4644	flöde	NOUN	ett	B1	noun-ett	kelly
4645	skandal	NOUN	en	B1	noun-en	kelly
4646	grann	NOUN			nn	saldo
4647	intellektuell	ADJ		A2	adjective	kelly
4648	regeringskansli	NOUN			nn	saldo
4649	överensstämma	VERB		B1	verb	kelly
4650	blond	ADJ		C1	adjective	kelly
4651	systematisk	ADJ		B1	adjective	kelly
4652	självkänsla	NOUN	en	B2	noun-en	kelly
4653	stå fast	VERB			vbm	saldo
4654	otäck	ADJ			av	saldo
4655	ingenstans	OTHER		B2	adverb	kelly
4656	kyl	NOUN			nn	saldo
4657	gigantisk	ADJ		B1	adjective	kelly
4658	lock	NOUN	ett	B1	noun-ett	kelly
4659	marknadsföring	NOUN	en	A2	noun-en	kelly
4660	sjukskrivning	NOUN	en	C1	noun-en	kelly
4661	mestadels	OTHER		B1	adverb	kelly
4662	lära ut	VERB			vbm	saldo
4663	skattepeng	NOUN			nn	saldo
4664	utvärdera	VERB		B1	verb	kelly
4665	ingående	ADJ		B2	adjective	kelly
4666	infinna sig	VERB		B2	verb	kelly
4667	bygga om	VERB			vbm	saldo
4668	bli över	VERB			vbm	saldo
4669	sikte	NOUN	ett	A2	noun-ett	kelly
4670	ironi	NOUN	en	B2	noun-en	kelly
4671	släpa	VERB		B2	verb	kelly
4672	till hands	ADJ			avm	saldo
4673	bearbeta	VERB		B2	verb	kelly
4674	besparing	NOUN	en	B1	noun-en	kelly
4675	i åtanke	OTHER			abm	saldo
4676	till fullo	OTHER		B2	adverb	kelly
4677	budgetproposition	NOUN	en	B2	noun-en	kelly
4678	redogörelse	NOUN	en	B2	noun-en	kelly
4679	konservativ	ADJ		A2	adjective	kelly
4680	år efter år	OTHER			abm	saldo
4681	vinkel	NOUN	en	B1	noun-en	kelly
4682	prinsessa	NOUN	en	B1	noun-en	kelly
4683	fuktig	ADJ		C1	adjective	kelly
4684	våning	NOUN	en	B1	noun-en	kelly
4685	såld	ADJ			av	saldo
4686	rusa	VERB		B1	verb	kelly
4687	spjälsäng	NOUN			nn	saldo
4688	lista ut	VERB			vbm	saldo
4689	underhållande	ADJ		B1	adjective	kelly
4690	skina	VERB		C1	verb	kelly
4691	slott	NOUN	ett	A2	noun-ett	kelly
4692	lysande	ADJ		B1	adjective	kelly
4693	styrning	NOUN	en	B1	noun-en	kelly
4694	ställd	ADJ			av	saldo
4695	konstigt	OTHER		B1	adverb	kelly
4696	peppa	VERB			vb	saldo
4697	box	NOUN	en	C1	noun-en	kelly
4698	anfall	NOUN	ett	A2	noun-ett	kelly
4699	real	ADJ		B2	adjective	kelly
4700	slopa	VERB		B2	verb	kelly
4701	förberedelse	NOUN	en	B1	noun-en	kelly
4702	tillbringa	VERB		A2	verb	kelly
4703	inhemsk	ADJ		A2	adjective	kelly
4704	psyke	NOUN	ett	C1	noun-ett	kelly
4705	sätta stopp	VERB			vbm	saldo
4706	med en nypa salt	OTHER			abm	saldo
4707	besluta sig	VERB			vbm	saldo
4708	leva livet	VERB			vbm	saldo
4709	strategisk	ADJ		A2	adjective	kelly
4710	vart än	OTHER			abm	saldo
4711	dåvarande	ADJ		B1	adjective	kelly
4712	sjal	NOUN			nn	saldo
4713	dold	ADJ		B1	adjective	kelly
4714	likväl	OTHER		B1	adverb	kelly
4715	härigenom	OTHER			ab	saldo
4716	i det närmaste	OTHER			abm	saldo
4717	instans	NOUN	en	A2	noun-en	kelly
4718	skynda	VERB		B1	verb	kelly
4719	oskuld	NOUN	en	C1	noun-en	kelly
4720	höft	NOUN	en	C1	noun-en	kelly
4721	preliminär	ADJ		B2	adjective	kelly
4722	neråt	OTHER			ab	saldo
4723	föräldrapenning	NOUN			nn	saldo
4724	borg	NOUN	en	B2	noun-en	kelly
4725	söder	NOUN		B1	noun	kelly
4726	föra sig	VERB			vbm	saldo
4727	engagerad	ADJ			av	saldo
4728	förefalla	VERB		A2	verb	kelly
4729	ett och ett	OTHER			pnm	saldo
4730	för stunden	OTHER			abm	saldo
4731	ragga	VERB			vb	saldo
4732	recension	NOUN	en	A2	noun-en	kelly
4733	barnomsorg	NOUN	en	B2	noun-en	kelly
4734	förvärva	VERB		B2	verb	kelly
4735	hyresrätt	NOUN	en	B2	noun-en	kelly
4736	stall	NOUN	ett	B1	noun-ett	kelly
4737	baksida	NOUN	en	B1	noun-en	kelly
4738	turnering	NOUN	en	B1	noun-en	kelly
4739	konstruktion	NOUN	en	B1	noun-en	kelly
4740	godkännande	NOUN	ett	B1	noun-ett	kelly
4741	tvivel	NOUN	ett	A2	noun-ett	kelly
4742	ett och annat	OTHER			pnm	saldo
4743	skrik	NOUN	ett	C1	noun-ett	kelly
4744	elände	NOUN	ett	B1	noun-ett	kelly
4745	bäbis	NOUN			nn	saldo
4746	medborgarskap	NOUN	ett	B1	noun-ett	kelly
4747	långt borta	OTHER			abm	saldo
4748	hurra	VERB		C1	verb/interj/noun-ett/noun-en	kelly
4749	redogöra	VERB		B1	verb	kelly
4750	missbrukare	NOUN			nn	saldo
4751	våga sig	VERB			vbm	saldo
4752	sekretess	NOUN	en	B2	noun-en	kelly
4753	läggning	NOUN	en	A2	noun-en	kelly
4754	aktiebolag	NOUN	ett	B2	noun-ett	kelly
4755	hålla till	VERB			vbm	saldo
4756	derby	NOUN			nn	saldo
4757	presskonferens	NOUN	en	B2	noun-en	kelly
4758	moms	NOUN	en	B2	noun-en	kelly
4759	köra över	VERB			vbm	saldo
4760	lägga för	VERB			vbm	saldo
4761	skattskyldig	ADJ			av	saldo
4762	bloggare	NOUN	en	A2	noun-en	kelly
4763	skryta	VERB		B2	verb	kelly
4764	väsentligt	OTHER		B1	adverb	kelly
4765	diska	VERB			vb	saldo
4766	inlägga	VERB			vb	saldo
4767	översättning	NOUN	en	A2	noun-en	kelly
4768	säte	NOUN	ett	B1	noun-ett	kelly
4769	ingripa	VERB		B1	verb	kelly
4770	svära	VERB		B1	verb	kelly
4771	gnäll	NOUN			nn	saldo
4772	cola	NOUN			nn	saldo
4773	aktivera	VERB		B2	verb	kelly
4774	opinion	NOUN	en	A2	noun-en	kelly
4775	administration	NOUN	en	B1	noun-en	kelly
4776	sätta ihop	VERB			vbm	saldo
4777	bibehålla	VERB		B1	verb	kelly
4778	beredskap	NOUN	en	B2	noun-en	kelly
4779	värva	VERB		B1	verb	kelly
4780	monster	NOUN	ett	B2	noun-ett	kelly
4781	prins	NOUN	en	B1	noun-en	kelly
4782	marginal	NOUN	en	B1	noun-en	kelly
4783	besvärlig	ADJ		B1	adjective	kelly
4784	mobiltelefon	NOUN	en	B1	noun-en	kelly
4785	borsta	VERB		C1	verb	kelly
4786	glasöga	NOUN			nn	saldo
4787	terapi	NOUN	en	C1	noun-en	kelly
4788	deltagande	NOUN	ett	A2	noun-ett	kelly
4789	norr om	OTHER		B1	prep	kelly
4790	kärnkraft	NOUN	en	A2	noun-en	kelly
4791	belägg	NOUN	ett	B1	noun-ett	kelly
4792	dra åt	VERB			vbm	saldo
4793	gå tillväga	VERB			vbm	saldo
4794	sköterska	NOUN			nn	saldo
4795	glasögon	NOUN	ett	B2	noun-ett	kelly
4796	köra upp	VERB			vbm	saldo
4797	kejsarsnitt	NOUN			nn	saldo
4798	tutt	NOUN			nn	saldo
4799	ego	NOUN			nn	saldo
4800	underskatta	VERB		B2	verb	kelly
4801	äventyr	NOUN	ett	B1	noun-ett	kelly
4802	märkligt	OTHER		B1	adverb	kelly
4803	invänta	VERB			vb	saldo
4804	spotta	VERB		C1	verb	kelly
4805	källare	NOUN	en	B2	noun-en	kelly
4806	preparat	NOUN			nn	saldo
4807	förundersökning	NOUN	en	B2	noun-en	kelly
4808	lämna tillbaka	VERB			vbm	saldo
4809	skal	NOUN	ett	B2	noun-ett	kelly
4810	för evigt	OTHER			abm	saldo
4811	pinne	NOUN	en	C2	noun-en	kelly
4812	reta sig	VERB			vbm	saldo
4813	gå i pension	VERB			vbm	saldo
4814	tröst	NOUN	en	B2	noun-en	kelly
4815	presentation	NOUN	en	B1	noun-en	kelly
4816	vittna	VERB		A2	verb	kelly
4817	motsvarighet	NOUN	en	B1	noun-en	kelly
4818	för all del	OTHER			abm	saldo
4819	behörighet	NOUN	en	B1	noun-en	kelly
4820	moderkaka	NOUN			nn	saldo
4821	best	NOUN	en	C1	noun-en	kelly
4822	anpassning	NOUN	en	B1	noun-en	kelly
4823	bita ihop	VERB			vbm	saldo
4824	auktion	NOUN	en	B2	noun-en	kelly
4825	drama	NOUN	ett	B2	noun-ett	kelly
4826	twittra	VERB			vb	saldo
4827	i kombination med	OTHER		B1	prep	kelly
4828	hålla upp	VERB			vbm	saldo
4829	shopping	NOUN	en	B2	noun-en	kelly
4830	stadga	NOUN	en	B1	noun-en	kelly
4831	ensamkommande	ADJ			av	saldo
4832	regim	NOUN	en	A2	noun-en	kelly
4833	faktura	NOUN	en	C1	noun-en	kelly
4834	frakt	NOUN			nn	saldo
4835	bädda	VERB		C1	verb	kelly
4836	kort och gott	OTHER			abm	saldo
4837	inomhus	OTHER		B2	adverb	kelly
4838	sola	VERB		C1	verb	kelly
4839	söka upp	VERB			vbm	saldo
4840	troende	ADJ		B1	adjective/noun-ett	kelly
4841	dokumentera	VERB		B2	verb	kelly
4842	stå emot	VERB			vbm	saldo
4843	kliva upp	VERB			vbm	saldo
4844	inskränka	VERB		B1	verb	kelly
4845	växtlighet	NOUN	en	C2	noun-en	kelly
4846	vara på	VERB			vbm	saldo
4847	pricka	VERB		B2	verb	kelly
4848	småbarn	NOUN			nn	saldo
4849	stadium	NOUN	ett	B1	noun-ett	kelly
4850	stadion	NOUN	ett	C1	noun-ett	kelly
4851	sortera	VERB		B1	verb	kelly
4852	sätta igen	VERB			vbm	saldo
4853	isär	OTHER		B2	particle	kelly
4854	gänge	NOUN			nn	saldo
4855	befria	VERB		B1	verb	kelly
4856	oväntat	OTHER		B1	adverb	kelly
4857	ohälsa	NOUN	en	B2	noun-en	kelly
4858	synnerligen	OTHER		B1	adverb	kelly
4859	hänföra	VERB		B2	verb	kelly
4860	komplex	ADJ		B1	adjective	kelly
4861	ta åt sig	VERB			vbm	saldo
4862	sug	NOUN			nn	saldo
4863	visning	NOUN	en	A2	noun-en	kelly
4864	psykologisk	ADJ		B1	adjective	kelly
4865	övervakning	NOUN	en	A2	noun-en	kelly
4866	gott och väl	OTHER			abm	saldo
4867	avfall	NOUN	ett	B1	noun-ett	kelly
4868	blockera	VERB		B1	verb	kelly
4869	verkligt	OTHER		B1	adverb	kelly
4870	restera	VERB			vb	saldo
4871	löna	VERB			vb	saldo
4872	kontinuerlig	ADJ		B2	adjective	kelly
4873	äsch	OTHER			in	saldo
4874	in i det sista	OTHER			abm	saldo
4875	ombud	NOUN	ett	B1	noun-ett	kelly
4876	arbetsgrupp	NOUN	en	B1	noun-en	kelly
4877	generös	ADJ		B2	adjective	kelly
4878	sträng	ADJ		B1	adjective	kelly
4879	bröstvårta	NOUN			nn	saldo
4880	turist	NOUN	en	B1	noun-en	kelly
4881	cell	NOUN	en	B1	noun-en	kelly
4882	gripen	ADJ			av	saldo
4883	obegriplig	ADJ		B1	adjective	kelly
4884	ytlig	ADJ		B2	adjective	kelly
4885	ta folk	VERB			vbm	saldo
4886	tycke	NOUN	ett	B1	noun-ett	kelly
4887	lösenord	NOUN	ett	B2	noun-ett	kelly
4888	kvitto	NOUN	ett	C1	noun-ett	kelly
4889	trampa	VERB		B1	verb	kelly
4890	tillfredsställande	ADJ		B1	adjective	kelly
4891	primär	ADJ		B2	adjective	kelly
4892	gran	NOUN	en	B1	noun-en	kelly
4893	pool	NOUN	en	C1	noun-en	kelly
4894	förlita sig	VERB		B2	verb	kelly
4895	konsekvent	OTHER		B1	adverb/adjective	kelly
4896	fordran	NOUN			nn	saldo
4897	ingrepp	NOUN	ett	B2	noun-ett	kelly
4898	pussa	VERB			vb	saldo
4899	element	NOUN	ett	A2	noun-ett	kelly
4900	gnällig	ADJ			av	saldo
4901	föräldraledig	ADJ			av	saldo
4902	japansk	ADJ		A2	adjective	kelly
4903	effektivitet	NOUN	en	B1	noun-en	kelly
4904	självklarhet	NOUN	en	B1	noun-en	kelly
4905	kännedom	NOUN	en	B1	noun-en	kelly
4906	starta upp	VERB			vbm	saldo
4907	intyg	NOUN	ett	B2	noun-ett	kelly
4908	kredit	NOUN	en	B1	noun-en	kelly
4909	empati	NOUN	en	B2	noun-en	kelly
4910	åtskillig	ADJ		B1	adjective	kelly
4911	bosatt	ADJ		B1	adjective	kelly
4912	attrahera	VERB		C1	verb	kelly
4913	till döds	OTHER			abm	saldo
4914	kjol	NOUN	en	C1	noun-en	kelly
4915	bergig	ADJ		C2	adjective	kelly
4916	kalori	NOUN	en	C1	noun-en	kelly
4917	känna på	VERB			vbm	saldo
4918	spets	NOUN	en	B1	noun-en	kelly
4919	passiv	ADJ		B1	adjective	kelly
4920	intagen	ADJ			av	saldo
4921	angripa	VERB		A2	verb	kelly
4922	uppvisa	VERB		B1	verb	kelly
4923	vision	NOUN	en	A2	noun-en	kelly
4924	säga upp sig	VERB			vbm	saldo
4925	blad	NOUN	ett	A2	noun-ett	kelly
4926	författning	NOUN	en	B1	noun-en	kelly
4927	uppföra sig	VERB			vbm	saldo
4928	förvalta	VERB		B1	verb	kelly
4929	dikt	NOUN	en	A2	noun-en	kelly
4930	utsikt	NOUN	en	A2	noun-en	kelly
4931	kurd	NOUN	en	B2	noun-en	kelly
4932	komplett	ADJ		B1	adjective	kelly
4933	skede	NOUN	ett	A2	noun-ett	kelly
4934	undanta	VERB		C1	verb	kelly
4935	medlemskap	NOUN	ett	A2	noun-ett	kelly
4936	inspektion	NOUN	en	B2	noun-en	kelly
4937	lägga samman	VERB			vbm	saldo
4938	cirkel	NOUN	en	B1	noun-en	kelly
4939	bi	NOUN	ett	C2	noun-ett/adverb	kelly
4940	turkisk	ADJ		B1	adjective	kelly
4941	anmälning	NOUN	en	B2	noun-en	kelly
4942	inhämta	VERB		B2	verb	kelly
4943	anvisning	NOUN	en	B2	noun-en	kelly
4944	nedsätta	VERB			vb	saldo
4945	snitta	VERB			vb	saldo
4946	sluten	ADJ			av	saldo
4947	utbetalning	NOUN	en	B2	noun-en	kelly
4948	i motsats till	OTHER		B2	prep	kelly
4949	förfogande	NOUN		B1	noun	kelly
4950	insyn	NOUN	en	B1	noun-en	kelly
4951	innanför	OTHER		B1	prep	kelly
4952	problematik	NOUN	en	B1	noun-en	kelly
4953	utvecklad	ADJ			av	saldo
4954	till varje pris	OTHER			abm	saldo
4955	invändning	NOUN	en	B1	noun-en	kelly
4956	asyl	NOUN		B2	noun	kelly
4957	slita sig	VERB			vbm	saldo
4958	lotta	VERB			vb	saldo
4959	bevaka	VERB		B1	verb	kelly
4960	puck	NOUN			nn	saldo
4961	uttag	NOUN	ett	C1	noun-ett	kelly
4962	livstid	NOUN	en	B2	noun-en	kelly
4963	tjena	OTHER			in	saldo
4964	underskott	NOUN	ett	B1	noun-ett	kelly
4965	fläck	NOUN	en	B2	noun-en	kelly
4966	berömma	VERB		C1	verb	kelly
4967	stiga upp	VERB			vbm	saldo
4968	framlägga	VERB		C1	verb	kelly
4969	arbetsdag	NOUN	en	B2	noun-en	kelly
4970	långvarig	ADJ		B1	adjective	kelly
4971	stel	ADJ		C1	adjective	kelly
4972	handläggare	NOUN			nn	saldo
4973	formulering	NOUN	en	B1	noun-en	kelly
4974	däck	NOUN	ett	B2	noun-ett	kelly
4975	lämpa	VERB			vb	saldo
4976	varelse	NOUN	en	A2	noun-en	kelly
4977	don	NOUN			nn	saldo
4978	beteckna	VERB		B1	verb	kelly
4979	gods	NOUN	ett	B1	noun-ett	kelly
4980	dra fram	VERB			vbm	saldo
4981	kraftfull	ADJ		A2	adjective	kelly
4982	ingång	NOUN	en	B1	noun-en	kelly
4983	kval	NOUN	ett	C1	noun-ett	kelly
4984	betydelsefull	ADJ		B1	adjective	kelly
4985	sätta fast	VERB			vbm	saldo
4986	sexliv	NOUN			nn	saldo
4987	kamrat	NOUN	en	A2	noun-en	kelly
4988	pojk	NOUN			nn	saldo
4989	läger	NOUN	ett	A2	noun-ett	kelly
4990	hobby	NOUN	en	C1	noun-en	kelly
4991	inlagd	ADJ		B1	adjective	kelly
4992	folkgrupp	NOUN	en	B1	noun-en	kelly
4993	skattepengar	NOUN		B1	noun	kelly
4994	genuin	ADJ		B2	adjective	kelly
4995	beskatta	VERB		B2	verb	kelly
4996	kollektivavtal	NOUN	ett	B1	noun-ett	kelly
4997	interpellation	NOUN	en	B1	noun-en	kelly
4998	reporter	NOUN	en	B1	noun-en	kelly
4999	jämställd	ADJ			av	saldo
5000	vardera	OTHER		B2	pronoun	kelly
5001	fritt fram	ADJ			avm	saldo
5002	ärva	VERB		B1	verb	kelly
5003	referens	NOUN	en	A2	noun-en	kelly
5004	prestation	NOUN	en	B1	noun-en	kelly
5005	döma ut	VERB			vbm	saldo
5006	ta nya tag	VERB			vbm	saldo
5007	i högre grad	OTHER			abm	saldo
5008	släppa sig	VERB			vbm	saldo
5009	tobak	NOUN	en	C1	noun-en	kelly
5010	dödlig	ADJ		B1	adjective	kelly
5011	parallellt	OTHER		B1	adverb	kelly
5012	dra ihop sig	VERB			vbm	saldo
5013	nedgång	NOUN	en	B1	noun-en	kelly
5014	skinka	NOUN	en	C1	noun-en	kelly
5015	söder om	OTHER		B1	prep	kelly
5016	jämte	OTHER		B1	prep	kelly
5017	ombord	OTHER		B1	adverb	kelly
5018	läxa	NOUN	en	B2	noun-en	kelly
5019	insida	NOUN	en	B2	noun-en	kelly
5020	komma bort	VERB			vbm	saldo
5021	strax efter	OTHER		B1	adverb	kelly
5022	varmt	OTHER		B1	adverb	kelly
5023	enhetlig	ADJ		B1	adjective	kelly
5024	lagligt	OTHER		B1	adverb	kelly
5025	falla in	VERB			vbm	saldo
5026	regi	NOUN	en	B2	noun-en	kelly
5027	slå om	VERB			vbm	saldo
5028	avveckla	VERB		B1	verb	kelly
5029	jämställa	VERB		C1	verb	kelly
5030	personuppgift	NOUN	en	B2	noun-en	kelly
5031	dra av	VERB			vbm	saldo
5032	ställa ut	VERB			vbm	saldo
5033	överföring	NOUN	en	B1	noun-en	kelly
5034	påvisa	VERB		B1	verb	kelly
5035	maximal	ADJ		B1	adjective	kelly
5036	klump	NOUN	en	C1	noun-en	kelly
5037	möta upp	VERB			vbm	saldo
5038	hyfsa	VERB			vb	saldo
5039	embryo	NOUN	ett	C1	noun-ett	kelly
5040	upplägg	NOUN	ett	B2	noun-ett	kelly
5041	fattigdom	NOUN	en	A2	noun-en	kelly
5042	ge tillbaka	VERB			vbm	saldo
5043	delegation	NOUN	en	B1	noun-en	kelly
5044	i blodet	ADJ			avm	saldo
5045	spänd	ADJ		C1	adjective	kelly
5046	valp	NOUN	en	B2	noun-en	kelly
5047	referera	VERB		B1	verb	kelly
5048	förnya	VERB		B2	verb	kelly
5049	måne	NOUN	en	B1	noun-en	kelly
5050	förmå	VERB		A2	verb	kelly
5051	brorsa	NOUN			nn	saldo
5052	födsel	NOUN	en	C1	noun-en	kelly
5053	anlända	VERB		A2	verb	kelly
5054	tarm	NOUN	en	C2	noun-en	kelly
5055	underliv	NOUN			nn	saldo
5056	tapet	NOUN	en	C1	noun-en	kelly
5057	på alla sätt och vis	OTHER			abm	saldo
5058	omhänderta	VERB			vb	saldo
5059	ett och samma	OTHER			pnm	saldo
5060	känning	NOUN			nn	saldo
5061	router	NOUN			nn	saldo
5062	naturligt	OTHER		B1	adverb	kelly
5063	frustrerad	ADJ			av	saldo
5064	pluss	NOUN			nn	saldo
5065	knark	NOUN			nn	saldo
5066	pissa	VERB			vb	saldo
5067	journal	NOUN	en	B1	noun-en	kelly
5068	roller	NOUN			nn	saldo
5069	tvist	NOUN	en	B1	noun-en	kelly
5070	bunden	ADJ		B1	adjective	kelly
5071	hålla undan	VERB			vbm	saldo
5072	symbol	NOUN	en	A2	noun-en	kelly
5073	intala sig	VERB			vbm	saldo
5074	repris	NOUN	en	C1	noun-en	kelly
5075	diet	NOUN	en	C1	noun-en	kelly
5076	sammanträde	NOUN	ett	B1	noun-ett	kelly
5077	överta	VERB		B1	verb	kelly
5078	bröstmjölk	NOUN			nn	saldo
5079	mottagare	NOUN	en	B1	noun-en	kelly
5080	vänskap	NOUN	en	B1	noun-en	kelly
5081	trolla	VERB			vb	saldo
5082	personbil	NOUN			nn	saldo
5083	sammanlägga	VERB			vb	saldo
5084	sommarlov	NOUN	ett	C2	noun-ett	kelly
5085	för en tid	OTHER			abm	saldo
5086	överlåta	VERB		B1	verb	kelly
5087	skära sig	VERB			vbm	saldo
5088	utbrott	NOUN	ett	B2	noun-ett	kelly
5089	kull	NOUN	en	A1	noun-en	kelly
5090	omogen	ADJ			av	saldo
5091	sällsynt	ADJ		B1	adjective	kelly
5092	göra i ordning	VERB			vbm	saldo
5093	irritera sig	VERB			vbm	saldo
5094	kyssa	VERB		C1	verb	kelly
5095	rinna ut	VERB			vbm	saldo
5096	chansa	VERB			vb	saldo
5097	trovärdighet	NOUN	en	A2	noun-en	kelly
5098	godta	VERB		B1	verb	kelly
5099	kriminalitet	NOUN	en	B1	noun-en	kelly
5100	kedja	NOUN	en	B1	noun-en	kelly
5101	åberopa	VERB		B1	verb	kelly
5102	i detalj	OTHER			abm	saldo
5103	bota	VERB		A2	verb	kelly
5104	medvetande	NOUN	ett	B1	noun-ett	kelly
5105	renovera	VERB		B2	verb	kelly
5106	besegra	VERB		A2	verb	kelly
5107	hänseende	NOUN	ett	B2	noun-ett	kelly
5108	kanon	NOUN			nn	saldo
5109	i samma veva	OTHER			abm	saldo
5110	här och var	OTHER			abm	saldo
5111	spiral	NOUN			nn	saldo
5112	polismyndighet	NOUN	en	B2	noun-en	kelly
5113	omgående	OTHER		B2	adverb	kelly
5114	på tråden	OTHER			abm	saldo
5115	rökning	NOUN	en	C1	noun-en	kelly
5116	etisk	ADJ		A2	adjective	kelly
5117	på längre sikt	OTHER			abm	saldo
5118	underteckna	VERB		B1	verb	kelly
5119	silver	NOUN	ett	B2	noun-ett	kelly
5120	allsvensk	ADJ			av	saldo
5121	förtjust	OTHER		B2	adverb	kelly
5122	tiotusentals	OTHER		B1	adverb	kelly
5123	framsteg	NOUN	ett	A2	noun-ett	kelly
5124	spegla	VERB		B1	verb	kelly
5125	göra sitt bästa	VERB			vbm	saldo
5126	skälig	ADJ		B2	adjective	kelly
5127	läsa upp	VERB			vbm	saldo
5128	lönsam	ADJ		B1	adjective	kelly
5129	känslomässig	ADJ		B2	adjective	kelly
5130	lagra	VERB		B1	verb	kelly
5131	lokalt	OTHER		B1	adverb	kelly
5132	minimal	ADJ		B2	adjective	kelly
5133	mask	NOUN	en	B2	noun-en	kelly
5134	kurator	NOUN			nn	saldo
5135	tillgänglighet	NOUN	en	B1	noun-en	kelly
5136	hålla tyst	VERB			vbm	saldo
5137	åk	NOUN			nn	saldo
5138	avklara	VERB			vb	saldo
5139	kids	NOUN			nn	saldo
5140	avsaknad	NOUN	en	B1	noun-en	kelly
5141	nyttja	VERB		A1	verb	kelly
5142	arabisk	ADJ		A2	adjective	kelly
5143	igångsättning	NOUN			nn	saldo
5144	lämna bort	VERB			vbm	saldo
5145	benämna	VERB		B1	verb	kelly
5146	meny	NOUN	en	B2	noun-en	kelly
5147	veterinär	NOUN	en	C1	noun-en/adjective	kelly
5148	adoption	NOUN	en	C1	noun-en	kelly
5149	vid liv	ADJ			avm	saldo
5150	med allt vad det innebär	OTHER			abm	saldo
5151	frustration	NOUN	en	B2	noun-en	kelly
5152	ryka	VERB		A2	verb	kelly
5153	svart på vitt	OTHER			abm	saldo
5154	cup	NOUN	en	B2	noun-en	kelly
5155	fullfölja	VERB		B1	verb	kelly
5156	ifrågavarande	ADJ			av	saldo
5157	skål	NOUN	en	B2	noun-en	kelly
5158	hemmaplan	NOUN	en	B2	noun-en	kelly
5159	molvärk	NOUN			nn	saldo
5160	blinka	VERB		C1	verb	kelly
5161	spåra ur	VERB			vbm	saldo
5162	islamist	NOUN	en	B1	noun-en	kelly
5163	belasta	VERB		C1	verb	kelly
5164	byggande	NOUN	ett	B1	noun-ett	kelly
5165	splittra	VERB		B2	verb	kelly
5166	sova över	VERB			vbm	saldo
5167	redigera	VERB		B2	verb	kelly
5168	acceptabel	ADJ		B1	adjective	kelly
5169	grekisk	ADJ		A2	adjective	kelly
5170	praktiskt taget	OTHER			abm	saldo
5171	stå rätt till	VERB			vbm	saldo
5172	republik	NOUN	en	A2	noun-en	kelly
5173	flytta hit	VERB			vbm	saldo
5174	ålägga	VERB		B2	verb	kelly
5175	kronan	NOUN			nn	saldo
5176	trösta sig	VERB			vbm	saldo
5177	sats	NOUN	en	A1	noun-en	kelly
5178	medverkan	NOUN	en	B1	noun-en	kelly
5179	fullmäktige	NOUN		B1	noun	kelly
5180	omvänd	ADJ		B2	adjective	kelly
5181	akt	NOUN	en	A1	noun-en	kelly
5182	anklagelse	NOUN	en	B1	noun-en	kelly
5183	inhandla	VERB			vb	saldo
5184	blek	ADJ		B2	adjective	kelly
5185	gratulera	VERB		B2	verb	kelly
5186	fynd	NOUN	ett	B1	noun-ett	kelly
5187	massage	NOUN	en	C1	noun-en	kelly
5188	passagerare	NOUN	en	B1	noun-en	kelly
5189	sprida ut	VERB			vbm	saldo
5190	montera	VERB		B2	verb	kelly
5191	hålla inne	VERB			vbm	saldo
5192	begravning	NOUN	en	B1	noun-en	kelly
5193	tolerans	NOUN	en	B2	noun-en	kelly
5194	i tid och otid	OTHER			abm	saldo
5195	kompetent	ADJ		B1	adjective	kelly
5196	konkurrent	NOUN	en	B1	noun-en	kelly
5197	city	NOUN			nn	saldo
5198	snopp	NOUN			nn	saldo
5199	skribent	NOUN	en	A2	noun-en	kelly
5200	riksdagsledamot	NOUN	en	A2	noun-en	kelly
5201	pulver	NOUN	ett	C2	noun-ett	kelly
5202	i korthet	OTHER			abm	saldo
5203	farbror	NOUN	en	B2	noun-en	kelly
5204	noggrant	OTHER		B1	adverb	kelly
5205	hjärtljud	NOUN			nn	saldo
5206	original	NOUN	ett	B1	noun-ett	kelly
5207	dämpa	VERB		B2	verb	kelly
5208	polisanmäla	VERB			vb	saldo
5209	smula	NOUN	en	B1	noun-en	kelly
5210	sammanställning	NOUN	en	B2	noun-en	kelly
5211	utnyttjande	NOUN	ett	B1	noun-ett	kelly
5212	ollon	NOUN			nn	saldo
5213	tjack	NOUN			nn	saldo
5214	strålande	ADJ		B1	adjective	kelly
5215	parkera	VERB		C1	verb	kelly
5216	företräda	VERB		B1	verb	kelly
5217	gå miste	VERB			vbm	saldo
5218	massiv	ADJ		B1	adjective	kelly
5219	försäkran	NOUN			nn	saldo
5220	puffa	VERB			vb	saldo
5221	måla upp	VERB			vbm	saldo
5222	frö	NOUN	ett	B2	noun-ett	kelly
5223	mandat	NOUN	ett	A2	noun-ett	kelly
5224	producent	NOUN	en	B1	noun-en	kelly
5225	missuppfatta	VERB			vb	saldo
5226	lossna	VERB		C1	verb	kelly
5227	tonår	NOUN			nn	saldo
5228	fånig	ADJ		C1	adjective	kelly
5229	huvudsaklig	ADJ		B1	adjective	kelly
5230	rättsväsende	NOUN	ett	B1	noun-ett	kelly
5231	passande	ADJ		B2	adjective	kelly
5232	fördjupa	VERB		B1	verb	kelly
5233	lovande	ADJ		B2	adjective	kelly
5234	röja	VERB		A2	verb	kelly
5235	försiktigt	OTHER		B1	adverb	kelly
5236	hej då	OTHER			inm	saldo
5237	vidga	VERB		B1	verb	kelly
5238	ideologisk	ADJ		A2	adjective	kelly
5239	övervikt	NOUN	en	C1	noun-en	kelly
5240	galning	NOUN	en	C1	noun-en	kelly
5241	framträda	VERB		B1	verb	kelly
5242	frisör	NOUN	en	C1	noun-en	kelly
5243	innebandy	NOUN			nn	saldo
5244	envis	ADJ		C1	adjective	kelly
5245	blank	ADJ		B2	adjective	kelly
5246	folkomröstning	NOUN	en	A2	noun-en	kelly
5247	iaktta	VERB		B2	verb	kelly
5248	koran	NOUN			nn	saldo
5249	samla ihop	VERB			vbm	saldo
5250	erfaren	ADJ		B2	adjective	kelly
5251	gravtest	NOUN			nn	saldo
5252	skrapa	VERB		C1	verb	kelly
5253	oregelbunden	ADJ			av	saldo
5254	underbart	OTHER		B1	adverb	kelly
5255	hälsosam	ADJ		B2	adjective	kelly
5256	dumhet	NOUN	en	B1	noun-en	kelly
5257	deklaration	NOUN	en	B1	noun-en	kelly
5258	tillfälligt	OTHER		B1	adverb	kelly
5259	nordvästra	ADJ			av	saldo
5260	bekostnad	NOUN	en	B1	noun-en	kelly
5261	fight	NOUN			nn	saldo
5262	flitig	ADJ		C1	adjective	kelly
5263	förtryck	NOUN	ett	A2	noun-ett	kelly
5264	dagtid	NOUN			nn	saldo
5265	komplikation	NOUN	en	C1	noun-en	kelly
5266	ledarskap	NOUN	ett	A2	noun-ett	kelly
5267	rekrytera	VERB		B2	verb	kelly
5268	häva	VERB		B1	verb	kelly
5269	somalier	NOUN			nn	saldo
5270	inverkan	NOUN	en	B1	noun-en	kelly
5271	raka sig	VERB			vbm	saldo
5272	stänga in	VERB			vbm	saldo
5273	flexibel	ADJ		B1	adjective	kelly
5274	beklaga sig	VERB			vbm	saldo
5275	detaljerad	ADJ		B1	adjective	kelly
5276	löpning	NOUN	en	C1	noun-en	kelly
5277	berusa	VERB			vb	saldo
5278	bryta ner	VERB			vbm	saldo
5279	årsskifte	NOUN	ett	B2	noun-ett	kelly
5280	parallell	NOUN	en	B2	noun-en/adjective	kelly
5281	vägare	NOUN			nn	saldo
5282	generera	VERB		B1	verb	kelly
5283	enas	VERB			vb	saldo
5284	klä ut	VERB			vbm	saldo
5285	semifinal	NOUN	en	C1	noun-en	kelly
5286	handduk	NOUN	en	C1	noun-en	kelly
5287	idol	NOUN	en	C2	noun-en	kelly
5288	akta	VERB		A2	verb	kelly
5289	lillen	NOUN			nn	saldo
5290	rom	NOUN	en	B1	noun-en	kelly
5291	råka illa ut	VERB			vbm	saldo
5292	bryta upp	VERB			vbm	saldo
5293	vid namn	ADJ			avm	saldo
5294	blyg	ADJ			av	saldo
5295	övervaka	VERB		B1	verb	kelly
5296	slöja	NOUN	en	B2	noun-en	kelly
5297	ligga nere	VERB			vbm	saldo
5298	våldtäktsman	NOUN			nn	saldo
5299	ta chansen	VERB			vbm	saldo
5300	egoistisk	ADJ			av	saldo
5301	nål	NOUN	en	C1	noun-en	kelly
5302	laddad	ADJ		C1	adjective	kelly
5303	förvärv	NOUN	ett	B2	noun-ett	kelly
5304	premie	NOUN	en	C1	noun-en	kelly
5305	läktare	NOUN	en	C1	noun-en	kelly
5306	slå ihjäl	VERB			vbm	saldo
5307	hjälpmedel	NOUN	ett	B1	noun-ett	kelly
5308	modig	ADJ		B2	adjective	kelly
5309	mys	NOUN			nn	saldo
5310	pack	NOUN			nn	saldo
5311	tallrik	NOUN	en	C1	noun-en	kelly
5312	avfärda	VERB		B1	verb	kelly
5313	direktör	NOUN	en	B1	noun-en	kelly
5314	enig	ADJ		B1	adjective	kelly
5315	en vacker dag	OTHER			abm	saldo
5316	kasta bort	VERB			vbm	saldo
5317	stavning	NOUN	en	C1	noun-en	kelly
5318	hålla handen	VERB			vbm	saldo
5319	sträck	NOUN			nn	saldo
5320	taktik	NOUN	en	B1	noun-en	kelly
5321	lunga	NOUN	en	C1	noun-en	kelly
5322	strula	VERB			vb	saldo
5323	konstruktiv	ADJ		B1	adjective	kelly
5324	traditionellt	OTHER		B1	adverb	kelly
5325	förflyta	VERB		C1	verb	kelly
5326	has	NOUN			nn	saldo
5327	uppskattning	NOUN	en	B1	noun-en	kelly
5328	bliva	VERB		B1	verb	kelly
5329	slå ihop	VERB			vbm	saldo
5330	hemställa	VERB			vb	saldo
5331	vitamin	NOUN		C2	noun-en/-ett	kelly
5332	i viss utsträckning	OTHER			abm	saldo
5333	repa upp	VERB			vbm	saldo
5334	tendera	VERB		B1	verb	kelly
5335	återkommande	ADJ		B1	adjective	kelly
5336	hursomhelst	OTHER			ab	saldo
5337	offensiv	NOUN	en	B2	noun-en/adjective	kelly
5338	utförlig	ADJ			av	saldo
5339	rådande	ADJ		B1	adjective	kelly
5340	komma av sig	VERB			vbm	saldo
5341	brottsling	NOUN	en	B1	noun-en	kelly
5342	breda	VERB		B1	verb	kelly
5343	såga	VERB		B2	verb	kelly
5344	från och till	OTHER			abm	saldo
5345	vitt	OTHER		B2	adverb	kelly
5346	kokt	ADJ			av	saldo
5347	nybörjare	NOUN	en	C1	noun-en	kelly
5348	långsiktigt	OTHER		B2	adverb	kelly
5349	upprepad	ADJ			av	saldo
5350	föräldraledighet	NOUN			nn	saldo
5351	premiärminister	NOUN	en	A2	noun-en	kelly
5352	på gott och ont	OTHER			abm	saldo
5353	ingrediens	NOUN	en	B2	noun-en	kelly
5354	solklar	ADJ			av	saldo
5355	ände	NOUN	en	B2	noun-en	kelly
5356	klient	NOUN	en	B2	noun-en	kelly
5357	forska	VERB		B1	verb	kelly
5358	ankomma	VERB		B2	verb	kelly
5359	de facto	OTHER			abm	saldo
5360	illa ut	OTHER			abm	saldo
5361	försenad	ADJ			av	saldo
5362	stadsdel	NOUN	en	B1	noun-en	kelly
5363	på fullaste allvar	OTHER			abm	saldo
5364	succé	NOUN	en	B2	noun-en	kelly
5365	på kort sikt	OTHER			abm	saldo
5366	tiggare	NOUN			nn	saldo
5367	söderut	OTHER		B1	adverb	kelly
5368	sked	NOUN	en	C2	noun-en	kelly
5369	kort sagt	OTHER			abm	saldo
5370	toppa	VERB		A1	verb	kelly
5371	befattning	NOUN	en	C1	noun-en	kelly
5372	mur	NOUN	en	A2	noun-en	kelly
5373	i samråd	OTHER			abm	saldo
5374	kärna	NOUN	en	A2	noun-en	kelly
5375	svettig	ADJ		C1	adjective	kelly
5376	hänge sig	VERB			vbm	saldo
5377	skickad	ADJ			av	saldo
5378	förmoda	VERB		B2	verb	kelly
5379	linne	NOUN	ett	C2	noun-ett	kelly
5380	pendla	VERB		C1	verb	kelly
5381	revolution	NOUN	en	A1	noun-en	kelly
5382	knuten	ADJ			av	saldo
5383	pers	NOUN			nn	saldo
5384	varpå	OTHER		B1	adverb	kelly
5385	balansera	VERB		B2	verb	kelly
5386	okunnig	ADJ		B1	adjective	kelly
5387	knipa	VERB		C1	verb/noun-en	kelly
5388	fusk	NOUN	ett	B2	noun-ett	kelly
5389	bli ihop	VERB			vbm	saldo
5390	påtala	VERB		B2	verb	kelly
5391	sanktion	NOUN	en	B2	noun-en	kelly
5392	parkering	NOUN	en	C1	noun-en	kelly
5393	norrut	OTHER		B2	adverb	kelly
5394	in i helvete	OTHER			abm	saldo
5395	tillskott	NOUN	ett	B2	noun-ett	kelly
5396	diskriminera	VERB		B2	verb	kelly
5397	ifred	OTHER			ab	saldo
5398	så in i helvete	OTHER			abm	saldo
5399	diktatur	NOUN	en	A2	noun-en	kelly
5400	skilsmässa	NOUN	en	B2	noun-en	kelly
5401	läsk	NOUN	en	C1	noun-en	kelly
5402	konversation	NOUN	en	B2	noun-en	kelly
5403	rörlighet	NOUN	en	B1	noun-en	kelly
5404	öppna dörren	VERB			vbm	saldo
5405	huve	NOUN			nn	saldo
5406	komplimang	NOUN	en	C2	noun-en	kelly
5407	högstadium	NOUN			nn	saldo
5408	pump	NOUN	en	C1	noun-en	kelly
5409	skinn	NOUN	ett	B2	noun-ett	kelly
5410	försvunnen	ADJ			av	saldo
5411	synsätt	NOUN	ett	B1	noun-ett	kelly
5412	bortom	OTHER		A2	prep	kelly
5413	bortskämd	ADJ		C2	adjective	kelly
5414	förbindelse	NOUN	en	A2	noun-en	kelly
5415	nick	NOUN			nn	saldo
5416	genomgång	NOUN	en	B1	noun-en	kelly
5417	förhållandevis	OTHER		B1	adverb	kelly
5418	hiss	NOUN	en	B2	noun-en	kelly
5419	kriminalvård	NOUN			nn	saldo
5420	kostym	NOUN	en	B2	noun-en	kelly
5421	giltig	ADJ		B1	adjective	kelly
5422	tweets	NOUN			nn	saldo
5423	deppig	ADJ			av	saldo
5424	nordöstra	ADJ			av	saldo
5425	förbi	OTHER		A2	prep	kelly
5426	köra ut	VERB			vbm	saldo
5427	byrå	NOUN	en	B1	noun-en	kelly
5428	flykt	NOUN	en	B1	noun-en	kelly
5429	komisk	ADJ		C1	adjective	kelly
5430	värdig	ADJ		A2	adjective	kelly
5431	sälja sig	VERB			vbm	saldo
5432	glo	VERB			vb	saldo
5433	bekymra	VERB		B2	verb	kelly
5434	låsa upp	VERB			vbm	saldo
5435	en gång om dagen	OTHER			abm	saldo
5436	fastighetsägare	NOUN			nn	saldo
5437	i grund	OTHER			abm	saldo
5438	kust	NOUN	en	B1	noun-en	kelly
5439	bälte	NOUN	ett	C1	noun-ett	kelly
5440	jaså	OTHER		C1	interj	kelly
5441	anförande	NOUN	ett	B1	noun-ett	kelly
5442	svetta	VERB			vb	saldo
5443	planera in	VERB			vbm	saldo
5444	för fem öre	OTHER			abm	saldo
5445	lämna över	VERB			vbm	saldo
5446	bagage	NOUN	ett	B2	noun-ett	kelly
5447	belägen	ADJ		B1	adjective	kelly
5448	varumärke	NOUN	ett	A2	noun-ett	kelly
5449	storasyster	NOUN	en	A1	noun-en	kelly
5450	skräck	NOUN	en	B1	noun-en	kelly
5451	javisst	OTHER		B2	interj	kelly
5452	verkställighet	NOUN			nn	saldo
5453	ofarlig	ADJ			av	saldo
5454	deg	NOUN	en	C1	noun-en	kelly
5455	docka	NOUN	en	C1	noun-en/verb	kelly
5456	innehav	NOUN	ett	B2	noun-ett	kelly
5457	gapa	VERB			vb	saldo
5458	psykopat	NOUN			nn	saldo
5459	pannkaka	NOUN			nn	saldo
5460	springa ut	VERB			vbm	saldo
5461	sminka	VERB			vb	saldo
5462	avslut	NOUN			nn	saldo
5463	smycke	NOUN	ett	C2	noun-ett	kelly
5464	därpå	OTHER		B1	adverb	kelly
5465	hålla igång	VERB			vbm	saldo
5466	spola	VERB		C1	verb	kelly
5467	tekniskt	OTHER		B2	adverb	kelly
5468	livsstil	NOUN	en	B1	noun-en	kelly
5469	helikopter	NOUN	en	C1	noun-en	kelly
5470	vänta in	VERB			vbm	saldo
5471	robot	NOUN	en	B2	noun-en	kelly
5472	ursprungligen	OTHER		A2	adverb	kelly
5473	snöa	VERB		C1	verb	kelly
5474	rulle	NOUN	en	C2	noun-en	kelly
5475	poängtera	VERB		B2	verb	kelly
5476	samtycke	NOUN	ett	B2	noun-ett	kelly
5477	kol	NOUN	ett	B2	noun-ett	kelly
5478	sexualitet	NOUN	en	B1	noun-en	kelly
5479	klack	NOUN			nn	saldo
5480	irrelevant	ADJ		B2	adjective	kelly
5481	ansträngning	NOUN	en	A2	noun-en	kelly
5482	angrepp	NOUN	ett	A2	noun-ett	kelly
5483	i mångt och mycket	OTHER			abm	saldo
5484	benämning	NOUN	en	B1	noun-en	kelly
5485	skälla ut	VERB			vbm	saldo
5486	nolla	NOUN	en	C1	noun-en/verb	kelly
5487	belastning	NOUN	en	B2	noun-en	kelly
5488	varva	VERB		C1	verb	kelly
5489	städning	NOUN	en	C1	noun-en	kelly
5490	dra ned	VERB			vbm	saldo
5491	lindrig	ADJ			av	saldo
5492	ursäkta sig	VERB			vbm	saldo
5493	lina	NOUN	en	B2	noun-en	kelly
5494	explodera	VERB		B2	verb	kelly
5495	ensamhet	NOUN	en	B1	noun-en	kelly
5496	trycka på	VERB			vbm	saldo
5497	krocka	VERB		C1	verb	kelly
5498	göra rätt för sig	VERB			vbm	saldo
5499	stå till	VERB			vbm	saldo
5500	till salu	ADJ			avm	saldo
5501	funktionshinder	NOUN	ett	B1	noun-ett	kelly
5502	si och så	OTHER			abm	saldo
5503	slå igenom	VERB			vbm	saldo
5504	barnfamilj	NOUN	en	B2	noun-en	kelly
5505	exemplar	NOUN	ett	B1	noun-ett	kelly
5506	psykiatri	NOUN	en	B2	noun-en	kelly
5507	elit	NOUN	en	B1	noun-en	kelly
5508	vackert	OTHER		B2	adverb	kelly
5509	varvid	OTHER			ab	saldo
5510	typiskt	OTHER		B2	adverb	kelly
5511	suverän	ADJ		B2	adjective	kelly
5512	åta sig	VERB		A1	verb	kelly
5513	slutspel	NOUN			nn	saldo
5514	fiska	VERB		B2	verb	kelly
5515	förutse	VERB		B1	verb	kelly
5516	svettas	VERB			vb	saldo
5517	till synes	OTHER		B2	adverb	kelly
5518	tenta	NOUN			nn	saldo
5519	näringsidkare	NOUN	en	B2	noun-en	kelly
5520	införskaffa	VERB			vb	saldo
5521	ambassad	NOUN	en	B1	noun-en	kelly
5522	fläkt	NOUN	en	C1	noun-en	kelly
5523	sammansättning	NOUN	en	B1	noun-en	kelly
5524	näst intill	OTHER			abm	saldo
5525	göra detsamma	VERB			vbm	saldo
5526	väntetid	NOUN			nn	saldo
5527	dugg	NOUN	ett	B2	noun-ett	kelly
5528	skägg	NOUN	ett	C1	noun-ett	kelly
5529	tusan	OTHER			in	saldo
5530	få upp ögonen	VERB			vbm	saldo
5531	influensa	NOUN	en	B1	noun-en	kelly
5532	försäkra sig	VERB			vbm	saldo
5533	någon som helst	OTHER		B2	det	kelly
5534	överskatta	VERB			vb	saldo
5535	hands	NOUN			nn	saldo
5536	sammanhänga	VERB			vb	saldo
5537	främling	NOUN	en	B2	noun-en	kelly
5538	pop	NOUN	en	B2	noun-en	kelly
5539	involvera	VERB		C1	verb	kelly
5540	lättare sagt än gjort	OTHER			abm	saldo
5541	jättekul	ADJ			av	saldo
5542	flitigt	OTHER		B2	adverb	kelly
5543	rötter	NOUN			nn	saldo
5544	kanin	NOUN	en	C1	noun-en	kelly
5545	försöksverksamhet	NOUN			nn	saldo
5546	pistol	NOUN	en	C1	noun-en	kelly
5547	skicklig	ADJ		B1	adjective	kelly
5548	innovation	NOUN	en	B1	noun-en	kelly
5549	rödgrön	ADJ		B1	adjective	kelly
5550	slå på	VERB			vbm	saldo
5551	gitarr	NOUN	en	B1	noun-en	kelly
5552	håna	VERB			vb	saldo
5553	bemyndigande	NOUN			nn	saldo
5554	spis	NOUN	en	C1	noun-en	kelly
5555	spärra	VERB		C1	verb	kelly
5556	diabetes	NOUN	en	B2	noun-en	kelly
5557	befara	VERB		B2	verb	kelly
5558	dimension	NOUN	en	B1	noun-en	kelly
5559	passa ihop	VERB			vbm	saldo
5560	på banan	ADJ			avm	saldo
5561	till förfogande	OTHER			abm	saldo
5562	slå tillbaka	VERB			vbm	saldo
5563	smörja in	VERB			vbm	saldo
5564	omställning	NOUN	en	B2	noun-en	kelly
5565	knacka	VERB		B2	verb	kelly
5566	bubbla	NOUN	en	C1	noun-en/verb	kelly
5567	rapportering	NOUN	en	B1	noun-en	kelly
5568	moster	NOUN	en	C2	noun-en	kelly
5569	terror	NOUN	en	C1	noun-en	kelly
5570	kommunism	NOUN	en	A2	noun-en	kelly
5571	socialt	OTHER		B2	adverb	kelly
5572	from	ADJ		B2	adjective	kelly
5573	sätta ner foten	VERB			vbm	saldo
5574	tillhörande	ADJ		B1	adjective	kelly
5575	för gott	OTHER			abm	saldo
5576	härtill	OTHER			ab	saldo
5577	högtalare	NOUN	en	C1	noun-en	kelly
5578	påhopp	NOUN			nn	saldo
5579	naturvårdsverk	NOUN			nn	saldo
5580	mäklare	NOUN	en	C1	noun-en	kelly
5581	skriva på	VERB			vbm	saldo
5582	lyx	NOUN	en	B2	noun-en	kelly
5583	subjektiv	ADJ		B2	adjective	kelly
5584	nerv	NOUN	en	C1	noun-en	kelly
5585	penna	NOUN	en	B2	noun-en	kelly
5586	zon	NOUN	en	B2	noun-en	kelly
5587	elektrisk	ADJ		B1	adjective	kelly
5588	barnslig	ADJ		C1	adjective	kelly
5589	sätta foten	VERB			vbm	saldo
5590	vägverk	NOUN			nn	saldo
5591	rökare	NOUN			nn	saldo
5592	övertala	VERB		B2	verb	kelly
5593	blodig	ADJ		B1	adjective	kelly
5594	laptop	NOUN			nn	saldo
5595	materiell	ADJ			av	saldo
5596	satan	NOUN		B2	noun	kelly
5597	respons	NOUN	en	B2	noun-en	kelly
5598	romantisk	ADJ		B2	adjective	kelly
5599	tripp	NOUN			nn	saldo
5600	kurder	NOUN			nn	saldo
5601	tjugo	NUM		A1	numeral	kelly
5602	oseriös	ADJ			av	saldo
5603	skölja	VERB			vb	saldo
5604	råtta	NOUN	en	B2	noun-en	kelly
5605	i smyg	OTHER			abm	saldo
5606	åtalad	ADJ			av	saldo
5607	trailer	NOUN	en	C2	noun-en	kelly
5608	uppsägning	NOUN	en	B1	noun-en	kelly
5609	torsk	NOUN			nn	saldo
5610	fånge	NOUN	en	A2	noun-en	kelly
5611	i avvaktan	OTHER			ppm	saldo
5612	förnedra	VERB			vb	saldo
5613	ömsesidig	ADJ		B1	adjective	kelly
5614	gråt	NOUN	en	C1	noun-en	kelly
5615	äggstock	NOUN			nn	saldo
5616	skynda sig	VERB			vbm	saldo
5617	köttbulle	NOUN			nn	saldo
5618	avvikelse	NOUN	en	B2	noun-en	kelly
5619	sammantagen	ADJ			av	saldo
5620	midja	NOUN	en	C2	noun-en	kelly
5621	starta om	VERB			vbm	saldo
5622	ta fel	VERB			vbm	saldo
5623	arkiv	NOUN	ett	B1	noun-ett	kelly
5624	urin	NOUN	en	C2	noun-en	kelly
5625	delaktig	ADJ		B1	adjective	kelly
5626	vetskap	NOUN	en	B2	noun-en	kelly
5627	ödmjuk	ADJ		B2	adjective	kelly
5628	konstruera	VERB		B2	verb	kelly
5629	assistent	NOUN	en	B2	noun-en	kelly
5630	utveckla sig	VERB			vbm	saldo
5631	förstärkning	NOUN	en	B1	noun-en	kelly
5632	ligga lågt	VERB			vbm	saldo
5633	puls	NOUN	en	B2	noun-en	kelly
5634	ateist	NOUN	en	B2	noun-en	kelly
5635	otydlig	ADJ			av	saldo
5636	varifrån	OTHER		B1	adverb	kelly
5637	skilja sig	VERB			vbm	saldo
5638	grundval	NOUN	en	A2	noun-en	kelly
5639	kränkning	NOUN	en	B1	noun-en	kelly
5640	tillträde	NOUN	ett	B1	noun-ett	kelly
5641	mellanmål	NOUN	ett	A1	noun-ett	kelly
5642	jordgubbe	NOUN	en	C2	noun-en	kelly
5643	enkät	NOUN	en	B2	noun-en	kelly
5644	rörig	ADJ			av	saldo
5645	larma	VERB		C2	verb	kelly
5646	skaka på huvudet	VERB			vbm	saldo
5647	ende	ADJ		B2	adjective	kelly
5648	nöd	NOUN	en	B1	noun-en	kelly
5649	älg	NOUN	en	B2	noun-en	kelly
5650	periodisk	ADJ		C2	adjective	kelly
5651	garage	NOUN	ett	C1	noun-ett	kelly
5652	oacceptabel	ADJ		B2	adjective	kelly
5653	vifta	VERB		B2	verb	kelly
5654	plåga	VERB		B2	verb/noun-en	kelly
5655	fler och fler	OTHER		B2	pronoun	kelly
5656	bevisning	NOUN			nn	saldo
5657	etnicitet	NOUN	en	B2	noun-en	kelly
5658	problematisk	ADJ		B1	adjective	kelly
5659	exklusiv	ADJ		B1	adjective	kelly
5660	talare	NOUN	en	A2	noun-en	kelly
5661	kriga	VERB		C1	verb	kelly
5662	human	ADJ		B2	adjective	kelly
5663	ta fast	VERB			vbm	saldo
5664	hjälpas åt	VERB			vbm	saldo
5665	programledare	NOUN	en	B2	noun-en	kelly
5666	introducera	VERB		B1	verb	kelly
5667	mjöl	NOUN	ett	C1	noun-ett	kelly
5668	experiment	NOUN	ett	B1	noun-ett	kelly
5669	äckla	VERB			vb	saldo
5670	elda	VERB			vb	saldo
5671	mix	NOUN	en	C1	noun-en	kelly
5672	lättnad	NOUN	en	B2	noun-en	kelly
5673	smeka	VERB		C2	verb	kelly
5674	krydda	NOUN			nn	saldo
5675	igångsätta	VERB			vb	saldo
5676	statsbudget	NOUN			nn	saldo
5677	demonstrera	VERB		B1	verb	kelly
5678	spränga	VERB		B1	verb	kelly
5679	på sitt sätt	OTHER			abm	saldo
5680	uppvärmning	NOUN	en	B1	noun-en	kelly
5681	drastisk	ADJ		C1	adjective	kelly
5682	dammsuga	VERB			vb	saldo
5683	ökenklimat	NOUN			nn	saldo
5684	hederlig	ADJ		B2	adjective	kelly
5685	mista	VERB		B2	verb	kelly
5686	utvälja	VERB			vb	saldo
5687	manipulera	VERB		B2	verb	kelly
5688	kapten	NOUN	en	B1	noun-en	kelly
5689	berusad	ADJ		C1	adjective	kelly
5690	mapp	NOUN	en	C1	noun-en	kelly
5691	missförstånd	NOUN	ett	B2	noun-ett	kelly
5692	underrätta	VERB		B2	verb	kelly
5693	mirakel	NOUN	ett	C1	noun-ett	kelly
5694	blä	OTHER			in	saldo
5695	tatuera	VERB			vb	saldo
5696	spädbarn	NOUN	ett	B2	noun-ett	kelly
5697	sjukgymnast	NOUN			nn	saldo
5698	uppgång	NOUN	en	B1	noun-en	kelly
5699	lägga undan	VERB			vbm	saldo
5700	reell	ADJ		B1	adjective	kelly
5701	västvärld	NOUN			nn	saldo
5702	uttalad	ADJ			av	saldo
5703	krascha	VERB			vb	saldo
5704	frisyr	NOUN			nn	saldo
5705	databas	NOUN	en	B1	noun-en	kelly
5706	rekrytering	NOUN	en	B2	noun-en	kelly
5707	handboll	NOUN			nn	saldo
5708	bygge	NOUN	ett	B1	noun-ett	kelly
5709	skifta	VERB		B2	verb	kelly
5710	rör	NOUN	ett	B2	noun-ett	kelly
5711	innerlig	ADJ			av	saldo
5712	gången	ADJ		B2	adjective	kelly
5713	överklagande	NOUN	ett	B2	noun-ett	kelly
5714	avslappnad	ADJ		C1	adjective	kelly
5715	slö	ADJ			av	saldo
5716	svälta	VERB		B2	verb	kelly
5717	kontinuerligt	OTHER		B2	adverb	kelly
5718	tekniker	NOUN	en	C2	noun-en	kelly
5719	banan	NOUN	en	C1	noun-en	kelly
5720	påkalla	VERB			vb	saldo
5721	vräka	VERB			vb	saldo
5722	knarka	VERB			vb	saldo
5723	koppla ihop	VERB			vbm	saldo
5724	geni	NOUN	ett	C1	noun-ett	kelly
5725	äldreomsorg	NOUN	en	B2	noun-en	kelly
5726	sval	ADJ		C1	adjective	kelly
5727	id	NOUN			nn	saldo
5728	företa	VERB		B2	verb	kelly
5729	en gång om året	OTHER			abm	saldo
5730	eurovision	NOUN			nn	saldo
5731	prat	NOUN	ett	B2	noun-ett	kelly
5732	retorik	NOUN	en	B1	noun-en	kelly
5733	klinisk	ADJ		C1	adjective	kelly
5734	skämma ut	VERB			vbm	saldo
5735	sjukpenning	NOUN	en	B2	noun-en	kelly
5736	förlägga	VERB		B2	verb	kelly
5737	förteckning	NOUN	en	B1	noun-en	kelly
5738	vakna till	VERB			vbm	saldo
5739	filosofi	NOUN	en	A2	noun-en	kelly
5740	sänkning	NOUN	en	B1	noun-en	kelly
5741	lågt	OTHER		B2	adverb	kelly
5742	i hela friden	OTHER			abm	saldo
5743	tält	NOUN	ett	B1	noun-ett	kelly
5744	klädd	ADJ			av	saldo
5745	bomba	VERB		B2	verb	kelly
5746	bromsa	VERB		B2	verb	kelly
5747	sova middag	VERB			vbm	saldo
5748	lustgas	NOUN			nn	saldo
5749	i förtid	OTHER			abm	saldo
5750	bosätta	VERB		B2	verb	kelly
5751	medalj	NOUN	en	C1	noun-en	kelly
5752	regera	VERB		B1	verb	kelly
5753	tapp	NOUN			nn	saldo
5754	med facit i hand	OTHER			abm	saldo
5755	hållning	NOUN	en	B1	noun-en	kelly
5756	nämnvärd	ADJ			av	saldo
5757	skev	ADJ			av	saldo
5758	försörjning	NOUN	en	B2	noun-en	kelly
5759	nazism	NOUN	en	B1	noun-en	kelly
5760	mandatperiod	NOUN	en	B1	noun-en	kelly
5761	snusa	VERB			vb	saldo
5762	inredning	NOUN	en	B2	noun-en	kelly
5763	vederbörande	NOUN			nn	saldo
5764	hälsa på	VERB			vbm	saldo
5765	halt	NOUN	en	B2	noun-en	kelly
5766	eljest	OTHER			ab	saldo
5767	inbygga	VERB			vb	saldo
5768	koncentration	NOUN	en	B2	noun-en	kelly
5769	anmärkningsvärd	ADJ		B1	adjective	kelly
5770	slarva	VERB			vb	saldo
5771	kicka	VERB			vb	saldo
5772	list	NOUN	en	A1	noun-en	kelly
5773	befrukta	VERB			vb	saldo
5774	sköta om	VERB			vbm	saldo
5775	med undantag av	OTHER			ppm	saldo
5776	kränkande	ADJ			av	saldo
5777	förtrycka	VERB		B2	verb	kelly
5778	kartlägga	VERB		B2	verb	kelly
5779	vem än	OTHER			pnm	saldo
5780	skida	NOUN	en	B2	noun-en	kelly
5781	förutsatt att	OTHER		B2	subj	kelly
5782	kapa	VERB		A1	verb	kelly
5783	släppa taget	VERB			vbm	saldo
5784	nyhetsbrev	NOUN	ett	B2	noun-ett	kelly
5785	i full gång	OTHER			abm	saldo
5786	därutöver	OTHER		B2	adverb	kelly
5787	muntlig	ADJ		B2	adjective	kelly
5788	söva	VERB			vb	saldo
5789	kick	NOUN			nn	saldo
5790	jättestor	ADJ			av	saldo
5791	sopa	VERB		C1	verb	kelly
5792	i bruk	OTHER			abm	saldo
5793	familjemedlem	NOUN	en	B2	noun-en	kelly
5794	termer	NOUN			nn	saldo
5795	halva	NOUN	en	B1	noun-en	kelly
5796	cd	NOUN	en	B2	noun-en	kelly
5797	dra till sig	VERB			vbm	saldo
5798	pott	NOUN	en	B1	noun-en	kelly
5799	turk	NOUN	en	B1	noun-en	kelly
5800	förband	NOUN	ett	B2	noun-ett	kelly
5801	erkännande	NOUN	ett	B1	noun-ett	kelly
5802	grina	VERB			vb	saldo
5803	israelisk	ADJ		A2	adjective	kelly
5804	industriell	ADJ		B1	adjective	kelly
5805	vik	NOUN	en	B1	noun-en	kelly
5806	väga in	VERB			vbm	saldo
5807	skönhet	NOUN	en	B1	noun-en	kelly
5808	som ett brev på posten	OTHER			abm	saldo
5809	action	NOUN			nn	saldo
5810	kvitta	VERB			vb	saldo
5811	i alla tider	OTHER			abm	saldo
5812	lärande	NOUN	ett	B1	noun-ett	kelly
5813	zigenare	NOUN			nn	saldo
5814	snett	OTHER		B2	adverb	kelly
5815	frågetecken	NOUN	ett	B2	noun-ett	kelly
5816	spraya	VERB			vb	saldo
5817	härja	VERB		B2	verb	kelly
5818	spöka	VERB			vb	saldo
5819	restriktion	NOUN	en	B2	noun-en	kelly
5820	rådgivning	NOUN	en	B2	noun-en	kelly
5821	fantisera	VERB		C1	verb	kelly
5822	revision	NOUN	en	C1	noun-en	kelly
5823	utanförskap	NOUN	ett	B1	noun-ett	kelly
5824	överläggning	NOUN	en	B2	noun-en	kelly
5825	bostadsbidrag	NOUN			nn	saldo
5826	i förskott	OTHER			abm	saldo
5827	förberedd	ADJ			av	saldo
5828	stolthet	NOUN	en	B1	noun-en	kelly
5829	föra med sig	VERB			vbm	saldo
5830	över en natt	OTHER			abm	saldo
5831	ge igen	VERB			vbm	saldo
5832	otillräcklig	ADJ		B2	adjective	kelly
5833	halvtid	NOUN	en	C1	noun-en	kelly
5834	härligt	OTHER		B2	adverb	kelly
5835	sovmorgon	NOUN			nn	saldo
5836	politiskt korrekt	ADJ			avm	saldo
5837	tidskrift	NOUN	en	A2	noun-en	kelly
5838	päron	NOUN	ett	C1	noun-ett	kelly
5839	sätta i halsen	VERB			vbm	saldo
5840	journalistik	NOUN	en	B1	noun-en	kelly
5841	kylskåp	NOUN	ett	C1	noun-ett	kelly
5842	fysiskt	OTHER		B2	adverb	kelly
5843	policy	NOUN	en	B1	noun-en	kelly
5844	sympati	NOUN	en	B1	noun-en	kelly
5845	insemination	NOUN			nn	saldo
5846	stökig	ADJ		C1	adjective	kelly
5847	polisman	NOUN	en	B2	noun-en	kelly
5848	förlag	NOUN	ett	A2	noun-ett	kelly
5849	på fullt allvar	OTHER			abm	saldo
5850	råvara	NOUN	en	B1	noun-en	kelly
5851	årskurs	NOUN			nn	saldo
5852	ärr	NOUN			nn	saldo
5853	trogen	ADJ		B1	adjective	kelly
5854	brevlåda	NOUN	en	C1	noun-en	kelly
5855	valfrihet	NOUN	en	B2	noun-en	kelly
5856	ta fart	VERB			vbm	saldo
5857	närstående	ADJ		B2	adjective	kelly
5858	saknad	NOUN	en	B1	noun-en	kelly
5859	apropå	OTHER		B1	prep	kelly
5860	härav	OTHER			ab	saldo
5861	tränga sig	VERB			vbm	saldo
5862	nedåt	OTHER		B2	adverb	kelly
5863	sydvästra	ADJ			av	saldo
5864	backa upp	VERB			vbm	saldo
5865	etikett	NOUN	en	A1	noun-en	kelly
5866	socialbidrag	NOUN	ett	C1	noun-ett	kelly
5867	uppfostran	NOUN	en	C1	noun-en	kelly
5868	krävande	ADJ		B2	adjective	kelly
5869	testamente	NOUN	ett	A2	noun-ett	kelly
5870	misslyckande	NOUN	ett	B1	noun-ett	kelly
5871	upphov	NOUN	ett	B1	noun-ett	kelly
5872	förväntad	ADJ			av	saldo
5873	medelålder	NOUN	en	B2	noun-en	kelly
5874	solidaritet	NOUN	en	A2	noun-en	kelly
5875	inlandsklimat	NOUN			nn	saldo
5876	smärtsam	ADJ		B2	adjective	kelly
5877	vitlök	NOUN	en	C2	noun-en	kelly
5878	tillit	NOUN	en	B2	noun-en	kelly
5879	trakasseri	NOUN	ett	B2	noun-ett	kelly
5880	operatör	NOUN	en	B1	noun-en	kelly
5881	rock	NOUN	en	B2	noun-en	kelly
5882	kalender	NOUN	en	C1	noun-en	kelly
5883	aktieägare	NOUN	en	B2	noun-en	kelly
5884	dra sig tillbaka	VERB			vbm	saldo
5885	sitta uppe	VERB			vbm	saldo
5886	var sin	OTHER			pnm	saldo
5887	proffs	NOUN	ett	C1	noun-ett	kelly
5888	förevara	VERB			vb	saldo
5889	stock	NOUN			nn	saldo
5890	i högsta grad	OTHER			abm	saldo
5891	utvald	ADJ		B1	adjective	kelly
5892	långt gången	ADJ			avm	saldo
5893	hyfsat	OTHER		B2	adverb	kelly
5894	därinne	OTHER			ab	saldo
5895	rimligen	OTHER		B1	adverb	kelly
5896	rättsväsen	NOUN			nn	saldo
5897	klumpig	ADJ		C2	adjective	kelly
5898	redaktion	NOUN	en	A2	noun-en	kelly
5899	utbredningsområde	NOUN			nn	saldo
5900	sladd	NOUN			nn	saldo
5901	heroin	NOUN			nn	saldo
5902	våt	ADJ		C1	adjective	kelly
5903	grundlag	NOUN	en	B1	noun-en	kelly
5904	kines	NOUN	en	B1	noun-en	kelly
5905	avliden	ADJ		B2	adjective/adjective	kelly
5906	yoghurt	NOUN	en	C2	noun-en	kelly
5907	lås	NOUN	ett	C1	noun-ett	kelly
5908	lysa upp	VERB			vbm	saldo
5909	i vintras	OTHER			abm	saldo
5910	droppa	VERB		C1	verb	kelly
5911	höjdare	NOUN			nn	saldo
5912	givande	ADJ		C1	adjective	kelly
5913	inbyggd	ADJ		B2	adjective	kelly
5914	riksförbund	NOUN	ett	B2	noun-ett	kelly
5915	slemhinna	NOUN			nn	saldo
5916	till slutet	OTHER			abm	saldo
5917	rehabilitering	NOUN	en	B2	noun-en	kelly
5918	garanterat	OTHER		B2	adverb	kelly
5919	saft	NOUN	en	C2	noun-en	kelly
5920	format	NOUN	ett	B1	noun-ett	kelly
5921	smita	VERB			vb	saldo
5922	glädja sig	VERB			vbm	saldo
5923	innehavare	NOUN	en	B2	noun-en	kelly
5924	glädjas	VERB			vb	saldo
5925	tungt	OTHER		B2	adverb	kelly
5926	licens	NOUN	en	B2	noun-en	kelly
5927	persisk	ADJ		B2	adjective	kelly
5928	livsfarlig	ADJ		C1	adjective	kelly
5929	socialism	NOUN	en	A2	noun-en	kelly
5930	webb	NOUN	en	A2	noun-en	kelly
5931	dåre	NOUN			nn	saldo
5932	legend	NOUN	en	B2	noun-en	kelly
5933	växa till sig	VERB			vbm	saldo
5934	jätteglad	ADJ			av	saldo
5935	komma till världen	VERB			vbm	saldo
5936	återhämta	VERB		B2	verb	kelly
5937	fullmäktig	NOUN			nn	saldo
5938	odling	NOUN	en	B2	noun-en	kelly
5939	somlig	OTHER		B1	pronoun	kelly
5940	golf	NOUN	en	B2	noun-en	kelly
5941	brottslig	ADJ		C1	adjective	kelly
5942	användande	NOUN	ett	B1	noun-ett	kelly
5943	reserv	NOUN	en	C1	noun-en	kelly
5944	inspelning	NOUN	en	B1	noun-en	kelly
5945	kramp	NOUN			nn	saldo
5946	boreal	ADJ			av	saldo
5947	åt skogen	OTHER			abm	saldo
5948	omedveten	ADJ		B2	adjective	kelly
5949	madrass	NOUN	en	C2	noun-en	kelly
5950	lindra	VERB		C1	verb	kelly
5951	bedrägeri	NOUN	ett	B2	noun-ett	kelly
5952	påminnelse	NOUN	en	B2	noun-en	kelly
5953	bur	NOUN	en	C1	noun-en	kelly
5954	efterlängtad	ADJ			av	saldo
5955	svartsjuk	ADJ		C2	adjective	kelly
5956	tiotal	NOUN	ett	B1	noun-ett	kelly
5957	nåväl	OTHER			in	saldo
5958	till vardags	OTHER			abm	saldo
5959	i spetsen	OTHER			abm	saldo
5960	ideal	NOUN	ett	B1	noun-ett	kelly
5961	halka	VERB		B2	verb	kelly
5962	lagändring	NOUN	en	B2	noun-en	kelly
5963	cigarett	NOUN	en	B2	noun-en	kelly
5964	fordra	VERB		B1	verb	kelly
5965	amfetamin	NOUN			nn	saldo
5966	förmögenhet	NOUN	en	B2	noun-en	kelly
5967	kunglig	ADJ		B1	adjective	kelly
5968	afrikansk	ADJ		B1	adjective	kelly
5969	andetag	NOUN	ett	C1	noun-ett	kelly
5970	gräva ner	VERB			vbm	saldo
5971	efter hand	OTHER			abm	saldo
5972	fat	NOUN	ett	C1	noun-ett	kelly
5973	tunnel	NOUN	en	B2	noun-en	kelly
5974	köpa upp	VERB			vbm	saldo
5975	sjukförsäkring	NOUN	en	B1	noun-en	kelly
5976	bekosta	VERB			vb	saldo
5977	handlingsplan	NOUN	en	B1	noun-en	kelly
5978	intag	NOUN	ett	C1	noun-ett	kelly
5979	blåsa upp	VERB			vbm	saldo
5980	förövare	NOUN	en	B2	noun-en	kelly
5981	stop	NOUN			nn	saldo
5982	imorgon bitti	OTHER			abm	saldo
5983	västerländsk	ADJ		A2	adjective	kelly
5984	avslutning	NOUN	en	B1	noun-en	kelly
5985	mejl	NOUN	ett	B2	noun-ett	kelly
5986	biträda	VERB			vb	saldo
5987	frän	ADJ			av	saldo
5988	jägare	NOUN	en	B1	noun-en	kelly
5989	jasså	OTHER			in	saldo
5990	ägande	NOUN	ett	B1	noun-ett	kelly
5991	löv	NOUN	ett	B2	noun-ett	kelly
5992	feel	NOUN			nn	saldo
5993	ta tillvara	VERB			vbm	saldo
5994	upplaga	NOUN	en	B1	noun-en	kelly
5995	fortsatt	OTHER			ab	saldo
5996	utan vidare	OTHER			abm	saldo
5997	entreprenör	NOUN	en	B1	noun-en	kelly
5998	akademi	NOUN	en	B1	noun-en	kelly
5999	facit	NOUN		B2	noun	kelly
6000	dåd	NOUN			nn	saldo
6001	utåt	OTHER		B2	adverb	kelly
6002	dissa	VERB			vb	saldo
6003	humanitär	ADJ		B1	adjective	kelly
6004	flytta fram	VERB			vbm	saldo
6005	badkar	NOUN	ett	C2	noun-ett	kelly
6006	potta	NOUN			nn	saldo
6007	rymd	NOUN	en	B1	noun-en	kelly
6008	orka med	VERB			vbm	saldo
6009	mottagning	NOUN	en	C1	noun-en	kelly
6010	överensstämmelse	NOUN	en	B2	noun-en	kelly
6011	ut och in	OTHER			abm	saldo
6012	jämförbar	ADJ		B2	adjective	kelly
6013	dvd	NOUN	en	B2	noun-en	kelly
6014	vett	NOUN	ett	C1	noun-ett	kelly
6015	systematiskt	OTHER		B2	adverb	kelly
6016	tillbehör	NOUN	ett	C1	noun-ett	kelly
6017	förevarande	ADJ			av	saldo
6018	tittare	NOUN	en	B2	noun-en	kelly
6019	bristning	NOUN			nn	saldo
6020	i detta nu	OTHER			abm	saldo
6021	spöke	NOUN	ett	C2	noun-ett	kelly
6022	avgång	NOUN	en	B2	noun-en	kelly
6023	fixera sig	VERB			vbm	saldo
6024	era	NOUN	en	A2	noun-en	kelly
6025	psykos	NOUN			nn	saldo
6026	psykiskt	OTHER		B2	adverb	kelly
6027	viska	VERB		C1	verb	kelly
6028	manuell	ADJ		C2	adjective	kelly
6029	räddning	NOUN	en	B2	noun-en	kelly
6030	användbar	ADJ		B1	adjective	kelly
6031	utlova	VERB		B2	verb	kelly
6032	ledas	VERB			vb	saldo
6033	sucka	VERB		C1	verb	kelly
6034	ta sikte	VERB			vbm	saldo
6035	renovering	NOUN	en	C1	noun-en	kelly
6036	begrava	VERB		B2	verb	kelly
6037	komma på tanken	VERB			vbm	saldo
6038	vinka	VERB		C1	verb	kelly
6039	osynlig	ADJ		B1	adjective	kelly
6040	njutning	NOUN	en	B2	noun-en	kelly
6041	köra hem	VERB			vbm	saldo
6042	genre	NOUN	en	B1	noun-en	kelly
6043	utlösa	VERB		B2	verb	kelly
6044	inledningsvis	OTHER		B1	adverb	kelly
6045	kräm	NOUN	en	C2	noun-en	kelly
6046	solig	ADJ		B2	adjective	kelly
6047	vändning	NOUN	en	A1	noun-en	kelly
6048	vräka sig	VERB			vbm	saldo
6049	entré	NOUN	en	B2	noun-en	kelly
6050	utomstående	ADJ		B2	adjective	kelly
6051	gryta	NOUN	en	C1	noun-en	kelly
6052	tjuv	NOUN	en	B2	noun-en	kelly
6053	hemlös	ADJ		B2	adjective	kelly
6054	tillsynsmyndighet	NOUN	en	B2	noun-en	kelly
6055	utbetala	VERB		C1	verb	kelly
6056	dialekt	NOUN	en	B2	noun-en	kelly
6057	dra igen	VERB			vbm	saldo
6058	konstnärlig	ADJ		B1	adjective	kelly
6059	stockholmare	NOUN			nn	saldo
6060	statsmakt	NOUN	en	B2	noun-en	kelly
6061	medgivande	NOUN	ett	C1	noun-ett	kelly
6062	mässa	NOUN	en	B1	noun-en	kelly
6063	besätta	VERB		C2	verb	kelly
6064	vara av	VERB			vbm	saldo
6065	spelning	NOUN	en	B1	noun-en	kelly
6066	transportera	VERB		B1	verb	kelly
6067	framkalla	VERB		B2	verb	kelly
6068	uppmaning	NOUN	en	B1	noun-en	kelly
6069	ask	NOUN	en	B2	noun-en	kelly
6070	heder	NOUN	en	C2	noun-en	kelly
6071	skogsbruk	NOUN			nn	saldo
6072	resenär	NOUN	en	B2	noun-en	kelly
6073	justitieminister	NOUN	en	B2	noun-en	kelly
6074	besitta	VERB		B2	verb	kelly
6075	kvarter	NOUN	ett	B1	noun-ett	kelly
6076	komponent	NOUN	en	B1	noun-en	kelly
6077	klä på	VERB			vbm	saldo
6078	bedrövlig	ADJ			av	saldo
6079	plattform	NOUN	en	B1	noun-en	kelly
6080	skrika ut	VERB			vbm	saldo
6081	förbruka	VERB		B2	verb	kelly
6082	massinvandring	NOUN			nn	saldo
6083	kartläggning	NOUN	en	B2	noun-en	kelly
6084	arbetskamrat	NOUN	en	B2	noun-en	kelly
6085	d v s	OTHER			abm	saldo
6086	patent	NOUN	ett	B1	noun-ett	kelly
6087	autism	NOUN			nn	saldo
6088	lakan	NOUN	ett	C2	noun-ett	kelly
6089	handikapp	NOUN	ett	C1	noun-ett	kelly
6090	hörna	NOUN			nn	saldo
6091	radikalt	OTHER		B2	adverb	kelly
6092	ondska	NOUN	en	B1	noun-en	kelly
6093	filter	NOUN	ett	C1	noun-ett	kelly
6094	evolution	NOUN	en	A1	noun-en	kelly
6095	växel	NOUN	en	B2	noun-en	kelly
6096	svaghet	NOUN	en	B1	noun-en	kelly
6097	lasta	VERB		B2	verb	kelly
6098	jämlik	ADJ		B2	adjective	kelly
6099	cyklist	NOUN	en	C1	noun-en	kelly
6100	oj då	OTHER			inm	saldo
6101	spik	NOUN	en	C1	noun-en	kelly
6102	isolerad	ADJ		B1	adjective	kelly
6103	klyfta	NOUN	en	B1	noun-en	kelly
6104	förverkliga	VERB		B1	verb	kelly
6105	tangentbord	NOUN	ett	C1	noun-ett	kelly
6106	ta ur	VERB			vbm	saldo
6107	töntig	ADJ			av	saldo
6108	uppställa	VERB			vb	saldo
6109	på raken	OTHER			abm	saldo
6110	uppgörelse	NOUN	en	B1	noun-en	kelly
6111	samhällsekonomisk	ADJ			av	saldo
6112	i det långa loppet	OTHER			abm	saldo
6113	säga sig självt	VERB			vbm	saldo
6114	nyans	NOUN	en	C1	noun-en	kelly
6115	gardin	NOUN	en	C1	noun-en	kelly
6116	overklig	ADJ			av	saldo
6117	livs	NOUN			nn	saldo
6118	åker	NOUN	en	C2	noun-en	kelly
6119	intervall	NOUN	ett	C1	noun-ett	kelly
6120	hunger	NOUN	en	C1	noun-en	kelly
6121	ta om hand	VERB			vbm	saldo
6122	lövskog	NOUN			nn	saldo
6123	slapp	ADJ		C1	adjective	kelly
6124	fluga	NOUN	en	B2	noun-en	kelly
6125	snut	NOUN			nn	saldo
6126	mynt	NOUN	ett	B1	noun-ett	kelly
6127	bredband	NOUN	ett	B2	noun-ett	kelly
6128	socialen	NOUN			nn	saldo
6129	dra sig undan	VERB			vbm	saldo
6130	nyfikenhet	NOUN	en	B2	noun-en	kelly
6131	temperera	VERB			vb	saldo
6132	gå in i väggen	VERB			vbm	saldo
6133	åta	VERB		B2	verb	kelly
6134	hy	NOUN			nn	saldo
6135	hetsa upp	VERB			vbm	saldo
6136	öppenhet	NOUN	en	A2	noun-en	kelly
6137	längesen	OTHER			ab	saldo
6138	synvinkel	NOUN	en	B1	noun-en	kelly
6139	myra	NOUN	en	C1	noun-en	kelly
6140	automatik	NOUN			nn	saldo
6141	ratt	NOUN	en	B2	noun-en	kelly
6142	tempererad	ADJ			av	saldo
6143	dilemma	NOUN	ett	B2	noun-ett	kelly
6144	pilot	NOUN	en	B2	noun-en	kelly
6145	på vägnar	OTHER			ppm	saldo
6146	pipa	NOUN	en	C1	noun-en/verb	kelly
6147	hävda sig	VERB			vbm	saldo
6148	penis	NOUN			nn	saldo
6149	pedagog	NOUN	en	C1	noun-en	kelly
6150	svimma	VERB			vb	saldo
6151	rusta	VERB		B2	verb	kelly
6152	grannland	NOUN	ett	B1	noun-ett	kelly
6153	bär	NOUN	ett	C1	noun-ett	kelly
6154	deklarera	VERB		B1	verb	kelly
6155	stämpla	VERB		C1	verb	kelly
6156	mixa	VERB			vb	saldo
6157	vårdnadshavare	NOUN			nn	saldo
6158	kemi	NOUN		B2	noun	kelly
6159	ofrivillig	ADJ		C2	adjective	kelly
6160	handtag	NOUN	ett	C2	noun-ett	kelly
6161	tes	NOUN	en	B1	noun-en	kelly
6162	arbetsgivaravgift	NOUN	en	B2	noun-en	kelly
6163	palestinier	NOUN	en	A2	noun-en	kelly
6164	markant	OTHER		B2	adverb	kelly
6165	frysa in	VERB			vbm	saldo
6166	uppmärksammad	ADJ			av	saldo
6167	blixt	NOUN	en	C1	noun-en	kelly
6168	delägare	NOUN	en	B2	noun-en	kelly
6169	marin	ADJ		B2	adjective	kelly
6170	mot förmodan	OTHER			abm	saldo
6171	gurka	NOUN	en	C2	noun-en	kelly
6172	kompensation	NOUN	en	B2	noun-en	kelly
6173	garva	VERB			vb	saldo
6174	aldrig i livet	OTHER			abm	saldo
6175	aktualisera	VERB		B2	verb	kelly
6176	legal	ADJ		B2	adjective	kelly
6177	anlägga	VERB		B1	verb	kelly
6178	jättejobbig	ADJ			av	saldo
6179	förekomst	NOUN	en	B1	noun-en	kelly
6180	trådlös	ADJ		C1	adjective	kelly
6181	inträde	NOUN	ett	B2	noun-ett	kelly
6182	kronofogde	NOUN			nn	saldo
6183	iskall	ADJ		C1	adjective	kelly
6184	apparat	NOUN	en	B2	noun-en	kelly
6185	itu	OTHER		B1	particle	kelly
6186	förfluten	ADJ		B1	adjective	kelly
6187	hamburgare	NOUN			nn	saldo
6188	gosa	VERB			vb	saldo
6189	grinig	ADJ			av	saldo
6190	green	NOUN			nn	saldo
6191	pärla	NOUN	en	B2	noun-en	kelly
6192	i farten	ADJ			avm	saldo
6193	historik	NOUN	en	B2	noun-en	kelly
6194	befäl	NOUN	ett	B2	noun-ett	kelly
6195	friskola	NOUN	en	B1	noun-en	kelly
6196	stressig	ADJ			av	saldo
6197	hudfärg	NOUN			nn	saldo
6198	fördöma	VERB		B1	verb	kelly
6199	ack	OTHER			in	saldo
6200	tvättmaskin	NOUN	en	C2	noun-en	kelly
6201	kritiskt	OTHER		B2	adverb	kelly
6202	underhållning	NOUN	en	B2	noun-en	kelly
6203	stabilitet	NOUN	en	B1	noun-en	kelly
6204	destruktiv	ADJ		B2	adjective	kelly
6205	check	NOUN	en	B2	noun-en	kelly
6206	återge	VERB		B1	verb	kelly
6207	finansinspektion	NOUN			nn	saldo
6208	inskriva	VERB			vb	saldo
6209	stick	NOUN	ett	C2	noun-ett	kelly
6210	gå under	VERB			vbm	saldo
6211	ögonbryn	NOUN	ett	C1	noun-ett	kelly
6212	packa upp	VERB			vbm	saldo
6213	flod	NOUN	en	A2	noun-en	kelly
6214	framgångsrikt	OTHER		B2	adverb	kelly
6215	härom	OTHER		B2	adverb	kelly
6216	incitament	NOUN	ett	B1	noun-ett	kelly
6217	slutföra	VERB		B2	verb	kelly
6218	hjälm	NOUN	en	C1	noun-en	kelly
6219	färd	NOUN	en	A2	noun-en	kelly
6220	belöna	VERB		B2	verb	kelly
6221	ingenjör	NOUN	en	B2	noun-en	kelly
6222	av och till	OTHER			abm	saldo
6223	fixerad	ADJ			av	saldo
6224	lugnande	ADJ			av	saldo
6225	inspirerad	ADJ			av	saldo
6226	däribland	OTHER		B1	adverb	kelly
6227	explosion	NOUN	en	B2	noun-en	kelly
6228	skriva under	VERB			vbm	saldo
6229	blocka	VERB			vb	saldo
6230	jämna ut	VERB			vbm	saldo
6231	kongress	NOUN	en	A2	noun-en	kelly
6232	erfordra	VERB			vb	saldo
6233	i ett nötskal	OTHER			abm	saldo
6234	mystisk	ADJ		B1	adjective	kelly
6235	obefintlig	ADJ		B2	adjective	kelly
6236	ramla ner	VERB			vbm	saldo
6237	omvandla	VERB		B1	verb	kelly
6238	klädsel	NOUN	en	B2	noun-en	kelly
6239	tjat	NOUN	ett	C2	noun-ett	kelly
6240	beaktande	NOUN	ett	B1	noun-ett	kelly
6241	räka	NOUN	en	C2	noun-en	kelly
6242	kungörelse	NOUN	en	C2	noun-en	kelly
6243	mammaledig	ADJ			av	saldo
6244	serb	NOUN	en	B2	noun-en	kelly
6245	drottning	NOUN	en	A2	noun-en	kelly
6246	online	OTHER		A2	adverb	kelly
6247	olägenhet	NOUN			nn	saldo
6248	lämna efter sig	VERB			vbm	saldo
6249	förstöras	VERB			vb	saldo
6250	bisarr	ADJ		C1	adjective	kelly
6251	tagg	NOUN	en	B1	noun-en	kelly
6252	musiker	NOUN	en	C2	noun-en	kelly
6253	utlåtande	NOUN			nn	saldo
6254	företeelse	NOUN	en	B1	noun-en	kelly
6255	forward	NOUN			nn	saldo
6256	alltjämt	OTHER		B1	adverb	kelly
6257	hasch	NOUN			nn	saldo
6258	norrman	NOUN	en	B2	noun-en	kelly
6259	kapabel	ADJ		B2	adjective	kelly
6260	var som helst	OTHER			abm	saldo
6261	antiken	NOUN		B2	noun	kelly
6262	sjuka	NOUN			nn	saldo
6263	ovanpå	OTHER		B2	prep	kelly
6264	göra sig gällande	VERB			vbm	saldo
6265	tjejkompis	NOUN			nn	saldo
6266	mack	NOUN			nn	saldo
6267	procentenhet	NOUN	en	B1	noun-en	kelly
6268	obetydlig	ADJ		B2	adjective	kelly
6269	banne mig	OTHER			inm	saldo
6270	merit	NOUN	en	B2	noun-en	kelly
6271	plantera	VERB		B2	verb	kelly
6272	beväpna	VERB		C2	verb	kelly
6273	lagtext	NOUN	en	C1	noun-en	kelly
6274	slå vad	VERB			vbm	saldo
6275	förarbete	NOUN			nn	saldo
6276	tajt	ADJ			av	saldo
6277	agent	NOUN	en	B1	noun-en	kelly
6278	näve	NOUN	en	C1	noun-en	kelly
6279	psykologi	NOUN	en	B1	noun-en	kelly
6280	hörlur	NOUN			nn	saldo
6281	jättesvår	ADJ			av	saldo
6282	förkorta	VERB		C1	verb	kelly
6283	trav	NOUN			nn	saldo
6284	trappa ner	VERB			vbm	saldo
6285	medelstor	ADJ		B1	adjective	kelly
6286	vägnar	NOUN		B2	noun	kelly
6287	banka	VERB			vb	saldo
6288	välkänd	ADJ		B1	adjective	kelly
6289	förnybar	ADJ		B2	adjective	kelly
6290	socialistisk	ADJ		A2	adjective	kelly
6291	angelägenhet	NOUN	en	B1	noun-en	kelly
6292	koppla av	VERB			vbm	saldo
6293	i dess helhet	ADJ			avm	saldo
6294	motorväg	NOUN	en	B1	noun-en	kelly
6295	specialist	NOUN	en	B2	noun-en	kelly
6296	taco	NOUN			nn	saldo
6297	kemikalie	NOUN	en	C2	noun-en	kelly
6298	göra sig illa	VERB			vbm	saldo
6299	medlemsland	NOUN	ett	B1	noun-ett	kelly
6300	navel	NOUN			nn	saldo
6301	måttlig	ADJ		C1	adjective	kelly
6302	preventivmedel	NOUN			nn	saldo
6303	uppfinna	VERB		B2	verb	kelly
6304	fobi	NOUN			nn	saldo
6305	uppdelning	NOUN	en	B1	noun-en	kelly
6306	beröm	NOUN		B2	noun	kelly
6307	shorts	NOUN	en	C2	noun-en	kelly
6308	udde	NOUN			nn	saldo
6309	biträde	NOUN			nn	saldo
6310	cash	NOUN			nn	saldo
6311	tröttsam	ADJ			av	saldo
6312	moraliskt	OTHER		B2	adverb	kelly
6313	förvärra	VERB		B2	verb	kelly
6314	ösa	VERB		A1	verb	kelly
6315	flytta på sig	VERB			vbm	saldo
6316	skötbord	NOUN			nn	saldo
6317	terrordåd	NOUN			nn	saldo
6318	ersättare	NOUN	en	B2	noun-en	kelly
6319	inskränkning	NOUN	en	B2	noun-en	kelly
6320	på rak arm	OTHER			abm	saldo
6321	kronisk	ADJ		C1	adjective	kelly
6322	åkpåse	NOUN			nn	saldo
6323	sekreterare	NOUN	en	B1	noun-en	kelly
6324	tight	ADJ			av	saldo
6325	lyxig	ADJ		C1	adjective	kelly
6326	tråka ut	VERB			vbm	saldo
6327	hålla tillbaka	VERB			vbm	saldo
6328	socialist	NOUN	en	B1	noun-en	kelly
6329	förfölja	VERB		B1	verb	kelly
6330	palestinsk	ADJ		A2	adjective	kelly
6331	anhängare	NOUN	en	A2	noun-en	kelly
6332	smörgås	NOUN	en	C2	noun-en	kelly
6333	idioti	NOUN			nn	saldo
6334	fotografera	VERB		B1	verb	kelly
6335	ömma	VERB			vb	saldo
6336	bemötande	NOUN			nn	saldo
6337	tvättstuga	NOUN			nn	saldo
6338	sabba	VERB			vb	saldo
6339	korruption	NOUN	en	B1	noun-en	kelly
6340	redskap	NOUN	ett	B1	noun-ett	kelly
6341	hetsa	VERB			vb	saldo
6342	kontra	OTHER		B2	prep	kelly
6343	yr	ADJ		C2	adjective	kelly
6344	utsida	NOUN	en	C1	noun-en	kelly
6345	polsk	ADJ		B1	adjective	kelly
6346	inbjudan	NOUN	en	B2	noun-en	kelly
6347	vrida sig	VERB			vbm	saldo
6348	melodifestival	NOUN			nn	saldo
6349	android	NOUN			nn	saldo
6350	påhittad	ADJ			av	saldo
6351	besatt	ADJ			av	saldo
6352	ändamålsenlig	ADJ		C1	adjective	kelly
6353	slav	NOUN	en	B1	noun-en	kelly
6354	tusenlapp	NOUN			nn	saldo
6355	mejla	VERB			vb	saldo
6356	bemärkelse	NOUN	en	B1	noun-en	kelly
6357	skärgård	NOUN	en	B2	noun-en	kelly
6358	förråd	NOUN	ett	B2	noun-ett	kelly
6359	ta det säkra före det osäkra	VERB			vbm	saldo
6360	skattesänkning	NOUN	en	B1	noun-en	kelly
6361	lila	ADJ		C1	adjective	kelly
6362	piss	NOUN			nn	saldo
6363	antibiotika	NOUN			nn	saldo
6364	centimeter	NOUN	en	B1	noun-en	kelly
6365	övertygelse	NOUN	en	B1	noun-en	kelly
6366	sele	NOUN			nn	saldo
6367	starta eget	VERB			vbm	saldo
6368	hänföra sig	VERB			vbm	saldo
6369	klättra upp	VERB			vbm	saldo
6370	nedsatt	ADJ			av	saldo
6371	psykiatrisk	ADJ		C1	adjective	kelly
6372	utrota	VERB		B2	verb	kelly
6373	skjuta ihjäl	VERB			vbm	saldo
6374	sätta i gång	VERB			vbm	saldo
6375	upplösning	NOUN	en	B2	noun-en	kelly
6376	gynekolog	NOUN			nn	saldo
6377	parlamentarisk	ADJ		B1	adjective	kelly
6378	reservera	VERB		C1	verb	kelly
6379	till den grad	OTHER			abm	saldo
6380	pyre	NOUN			nn	saldo
6381	kran	NOUN	en	C2	noun-en	kelly
6382	hastig	ADJ		C1	adjective	kelly
6383	läsvärd	ADJ		B1	adjective	kelly
6384	tiga	VERB		A1	verb	kelly
6385	finfin	ADJ			av	saldo
6386	målgrupp	NOUN	en	B1	noun-en	kelly
6387	fryst	ADJ			av	saldo
6388	utflykt	NOUN	en	B2	noun-en	kelly
6389	läkarbesök	NOUN			nn	saldo
6390	folkhögskola	NOUN	en	B2	noun-en	kelly
6391	blåvit	ADJ			av	saldo
6392	nicka	VERB		B2	verb	kelly
6393	foga	VERB		B1	verb	kelly
6394	initiera	VERB		B2	verb	kelly
6395	konsumera	VERB		B1	verb	kelly
6396	citron	NOUN	en	C2	noun-en	kelly
6397	klagomål	NOUN	ett	B2	noun-ett	kelly
6398	på spåret	ADJ			avm	saldo
6399	föra upp	VERB			vbm	saldo
6400	regissör	NOUN	en	B1	noun-en	kelly
6401	ggr	NOUN		B2	noun	kelly
6402	knasig	ADJ			av	saldo
6403	sinnessjuk	ADJ			av	saldo
6404	charmig	ADJ			av	saldo
6405	skånsk	ADJ		B2	adjective	kelly
6406	konung	NOUN	en	A2	noun-en	kelly
6407	ta tillfället i akt	VERB			vbm	saldo
6408	uppdela	VERB			vb	saldo
6409	eftersträva	VERB		B1	verb	kelly
6410	juridik	NOUN	en	B2	noun-en	kelly
6411	glad i	ADJ			avm	saldo
6412	omsätta	VERB		B2	verb	kelly
6413	avvikande	ADJ			av	saldo
6414	okunskap	NOUN	en	B2	noun-en	kelly
6415	koncern	NOUN	en	B2	noun-en	kelly
6416	skiljas	VERB			vb	saldo
6417	för att inte säga	OTHER			abm	saldo
6418	stå till förfogande	VERB			vbm	saldo
6419	knep	NOUN			nn	saldo
6420	återkalla	VERB		C1	verb	kelly
6421	slakta	VERB		C1	verb	kelly
6422	ligga för	VERB			vbm	saldo
6423	metall	NOUN	en	B2	noun-en	kelly
6424	gynnsam	ADJ		B1	adjective	kelly
6425	till sömns	OTHER			abm	saldo
6426	över huvudtaget	OTHER			abm	saldo
6427	kapitalism	NOUN	en	A2	noun-en	kelly
6428	territorium	NOUN	ett	A2	noun-ett	kelly
6429	mästerskap	NOUN	ett	C1	noun-ett	kelly
6430	övertid	NOUN	en	C2	noun-en	kelly
6431	förenlig	ADJ		B1	adjective	kelly
6432	profet	NOUN	en	A2	noun-en	kelly
6433	anmärkning	NOUN	en	B2	noun-en	kelly
6434	skatta	VERB		A2	verb	kelly
6435	offentliggöra	VERB		B1	verb	kelly
6436	strävan	NOUN		B1	noun	kelly
6437	dagbok	NOUN	en	B1	noun-en	kelly
6438	lösa upp	VERB			vbm	saldo
6439	utlämna	VERB		C2	verb	kelly
6440	brevid	OTHER			pp	saldo
6441	för ändamålet	OTHER			abm	saldo
6442	husdjur	NOUN	ett	C1	noun-ett	kelly
6443	göra pengar	VERB			vbm	saldo
6444	äldreboende	NOUN			nn	saldo
6445	skit samma	ADJ			avm	saldo
6446	klyva	VERB			vb	saldo
6447	brukare	NOUN			nn	saldo
6448	respektlös	ADJ			av	saldo
6449	deltid	NOUN			nn	saldo
6450	hugg	NOUN	ett	C1	noun-ett	kelly
6451	juice	NOUN	en	C2	noun-en	kelly
6452	lägga på hyllan	VERB			vbm	saldo
6453	ojämn	ADJ		C1	adjective	kelly
6454	överraskad	ADJ			av	saldo
6455	uppsätta	VERB			vb	saldo
6456	flytta upp	VERB			vbm	saldo
6457	för hand	OTHER			abm	saldo
6458	företagande	NOUN			nn	saldo
6459	slempropp	NOUN			nn	saldo
6460	matlagning	NOUN	en	C1	noun-en	kelly
6461	av allt att döma	OTHER			abm	saldo
6462	sponsra	VERB		C1	verb	kelly
6463	kontroversiell	ADJ		B1	adjective	kelly
6464	separation	NOUN	en	C1	noun-en	kelly
6465	folkmord	NOUN	ett	B1	noun-ett	kelly
6466	utvidgning	NOUN	en	B1	noun-en	kelly
6467	slarvig	ADJ			av	saldo
6468	fundersam	ADJ			av	saldo
6469	anordning	NOUN	en	B2	noun-en	kelly
6470	få rum	VERB			vbm	saldo
6471	undervisa	VERB		B1	verb	kelly
6472	lämpa sig	VERB		A2	verb	kelly
6473	ge vid handen	VERB			vbm	saldo
6474	hets	NOUN			nn	saldo
6475	ultimat	ADJ			av	saldo
6476	illustrera	VERB		B1	verb	kelly
6477	korg	NOUN	en	C1	noun-en	kelly
6478	ekvation	NOUN	en	C1	noun-en	kelly
6479	tillfråga	VERB			vb	saldo
6480	försvarsminister	NOUN	en	B2	noun-en	kelly
6481	disponera	VERB		C1	verb	kelly
6482	massmedium	NOUN	ett	B1	noun-ett	kelly
6483	med flit	OTHER			abm	saldo
6484	tjänstgöra	VERB		B2	verb	kelly
6485	vänta ut	VERB			vbm	saldo
6486	tigga	VERB			vb	saldo
6487	diskret	ADJ		C1	adjective	kelly
6488	kartong	NOUN	en	C1	noun-en	kelly
6489	raket	NOUN	en	B1	noun-en	kelly
6490	mitt uppe i	OTHER			ppm	saldo
6491	diagram	NOUN	ett	B2	noun-ett	kelly
6492	krympa	VERB		B2	verb	kelly
6493	tjafs	NOUN			nn	saldo
6494	töras	VERB			vb	saldo
6495	tyngd	NOUN	en	B2	noun-en	kelly
6496	skarpt	OTHER		B2	adverb	kelly
6497	bilist	NOUN			nn	saldo
6498	plocka undan	VERB			vbm	saldo
6499	körning	NOUN	en	C1	noun-en	kelly
6500	gosse	NOUN			nn	saldo
6501	förbundskapten	NOUN			nn	saldo
6502	krya på sig	VERB			vbm	saldo
6503	avveckling	NOUN	en	B2	noun-en	kelly
6504	kvartsfinal	NOUN			nn	saldo
6505	skämt åsido	OTHER			inm	saldo
6506	slösa bort	VERB			vbm	saldo
6507	uteslutande	OTHER		B1	adverb	kelly
6508	tillkännagivande	NOUN	ett	C1	noun-ett	kelly
6509	i det avseendet	OTHER			abm	saldo
6510	värnpliktig	ADJ			av	saldo
6511	onanera	VERB			vb	saldo
6512	vederböra	VERB			vb	saldo
6513	operativ	ADJ		B1	adjective	kelly
6514	uppbygga	VERB			vb	saldo
6515	i vad mån	OTHER			abm	saldo
6516	ruskig	ADJ			av	saldo
6517	orange	NOUN	en	C2	noun-en	kelly
6518	befogad	ADJ			av	saldo
6519	utdrag	NOUN	ett	B2	noun-ett	kelly
6520	sill	NOUN			nn	saldo
6521	investerare	NOUN	en	B2	noun-en	kelly
6522	kommunalråd	NOUN			nn	saldo
6523	skrivbord	NOUN	ett	B2	noun-ett	kelly
6524	sträcka ut	VERB			vbm	saldo
6525	monopol	NOUN	ett	B1	noun-ett	kelly
6526	kontanter	NOUN	en	C1	noun-en	kelly
6527	rubba	VERB			vb	saldo
6528	vinge	NOUN	en	B2	noun-en	kelly
6529	andning	NOUN		B1	noun	kelly
6530	meningsfull	ADJ		B1	adjective	kelly
6531	vice versa	OTHER			abm	saldo
6532	mums	OTHER			in	saldo
6533	försvaga	VERB		B1	verb	kelly
6534	bära av	VERB			vbm	saldo
6535	general	NOUN	en	B1	noun-en	kelly
6536	teckning	NOUN	en	B1	noun-en	kelly
6537	gott folk	OTHER			inm	saldo
6538	inledande	ADJ		B1	adjective	kelly
6539	förintelse	NOUN	en	B1	noun-en	kelly
6540	klen	ADJ			av	saldo
6541	i sikte	OTHER			abm	saldo
6542	öppning	NOUN	en	B2	noun-en	kelly
6543	upp och ned	OTHER			abm	saldo
6544	kyss	NOUN	en	C1	noun-en	kelly
6545	ingripande	NOUN	ett	B2	noun-ett	kelly
6546	förnamn	NOUN			nn	saldo
6547	ta ledningen	VERB			vbm	saldo
6548	medmänniska	NOUN	en	B2	noun-en	kelly
6549	onödigt	OTHER		B2	adverb	kelly
6550	skepp	NOUN	ett	A2	noun-ett	kelly
6551	installation	NOUN	en	B2	noun-en	kelly
6552	rast	NOUN	en	B1	noun-en	kelly
6553	ishockey	NOUN			nn	saldo
6554	djävul	NOUN	en	B1	noun-en	kelly
6555	målskytt	NOUN			nn	saldo
6556	valrörelse	NOUN	en	B1	noun-en	kelly
6557	i någon mån	OTHER			abm	saldo
6558	slå ett slag	VERB			vbm	saldo
6559	prisvärd	ADJ			av	saldo
6560	löpa ut	VERB			vbm	saldo
6561	dagmamma	NOUN			nn	saldo
6562	reta upp	VERB			vbm	saldo
6563	abonnemang	NOUN	ett	C1	noun-ett	kelly
6564	vinkla	VERB			vb	saldo
6565	donera	VERB		B2	verb	kelly
6566	myndig	ADJ		C1	adjective	kelly
6567	mobbning	NOUN	en	B2	noun-en	kelly
6568	sökning	NOUN	en	A1	noun-en	kelly
6569	reflektion	NOUN	en	B1	noun-en	kelly
6570	pjäs	NOUN	en	B1	noun-en	kelly
6571	härvid	OTHER			ab	saldo
6572	mugg	NOUN	en	C2	noun-en	kelly
6573	champion	NOUN			nn	saldo
6574	sperma	NOUN			nn	saldo
6575	utväg	NOUN	en	B2	noun-en	kelly
6576	fascinera	VERB		C1	verb	kelly
6577	beteckning	NOUN	en	B1	noun-en	kelly
6578	så långt som möjligt	OTHER			abm	saldo
6579	överlycklig	ADJ			av	saldo
6580	upphetsa	VERB		C2	verb	kelly
6581	avatar	NOUN			nn	saldo
6582	femton	NUM		A1	numeral	kelly
6583	på sista tiden	OTHER			abm	saldo
6584	besvära	VERB		C2	verb	kelly
6585	färgad	ADJ			av	saldo
6586	språklig	ADJ		B1	adjective	kelly
6587	moské	NOUN	en	B2	noun-en	kelly
6588	planta	NOUN	en	C1	noun-en/verb	kelly
6589	vansinnigt	OTHER			ab	saldo
6590	pålitlig	ADJ		B2	adjective	kelly
6591	busa	VERB			vb	saldo
6592	logga ut	VERB			vbm	saldo
6593	comeback	NOUN			nn	saldo
6594	spärr	NOUN			nn	saldo
6595	efterrätt	NOUN			nn	saldo
6596	hallon	NOUN			nn	saldo
6597	bekymra sig	VERB			vbm	saldo
6598	falla ner	VERB			vbm	saldo
6599	styre	NOUN	ett	B1	noun-ett	kelly
6600	stig	NOUN	en	B2	noun-en	kelly
6601	incident	NOUN	en	B2	noun-en	kelly
6602	oändligt	OTHER		B2	adverb	kelly
6603	ta sig till	VERB			vbm	saldo
6604	proportion	NOUN	en	B2	noun-en	kelly
6605	lins	NOUN	en	C1	noun-en	kelly
6606	bostadsområde	NOUN	ett	B2	noun-ett	kelly
6607	inbegripa	VERB		B2	verb	kelly
6608	signatur	NOUN	en	B2	noun-en	kelly
6609	natta	VERB			vb	saldo
6610	snöa in	VERB			vbm	saldo
6611	på något vis	OTHER		B2	adverb	kelly
6612	kortsiktig	ADJ		B2	adjective	kelly
6613	hona	NOUN	en	C1	noun-en	kelly
6614	frigöra	VERB		B1	verb	kelly
6615	löpa risk	VERB			vbm	saldo
6616	jävlas	VERB			vb	saldo
6617	fortsättningsvis	OTHER		B2	adverb	kelly
6618	klarlägga	VERB			vb	saldo
6619	syndrom	NOUN	ett	C1	noun-ett	kelly
6620	bacon	NOUN	ett	C1	noun-ett	kelly
6621	rinna ut i sanden	VERB			vbm	saldo
6622	utbre	VERB			vb	saldo
6623	britt	NOUN	en	B1	noun-en	kelly
6624	ifråga om	OTHER			ppm	saldo
6625	tänka till	VERB			vbm	saldo
6626	precisera	VERB		C1	verb	kelly
6627	riklig	ADJ		C1	adjective	kelly
6628	ivrig	ADJ		C1	adjective	kelly
6629	inträda	VERB		B2	verb	kelly
6630	rösträtt	NOUN	en	B1	noun-en	kelly
6631	moped	NOUN	en	C2	noun-en	kelly
6632	transaktion	NOUN	en	B2	noun-en	kelly
6633	uppvuxen	ADJ			av	saldo
6634	anklagad	ADJ		B2	adjective	kelly
6635	etapp	NOUN	en	B2	noun-en	kelly
6636	tyska	NOUN	en	B2	noun-en	kelly
6637	skaplig	ADJ			av	saldo
6638	ofattbar	ADJ		C1	adjective	kelly
6639	i sin ordning	ADJ			avm	saldo
6640	invandra	VERB			vb	saldo
6641	bak	OTHER		B2	adverb	kelly
6642	jisses	OTHER			in	saldo
6643	taxering	NOUN			nn	saldo
6644	generalisera	VERB		C1	verb	kelly
6645	halsbränna	NOUN			nn	saldo
6646	processor	NOUN	en	C2	noun-en	kelly
6647	inuti	OTHER		B2	prep	kelly
6648	ving	NOUN			nn	saldo
6649	bre	VERB			vb	saldo
6650	mosaik	NOUN			nn	saldo
6651	intensivt	OTHER		B2	adverb	kelly
6652	bukt	NOUN	en	C1	noun-en	kelly
6653	mala	VERB		C1	verb	kelly
6654	tummen upp	OTHER			abm	saldo
6655	fredlig	ADJ		A2	adjective	kelly
6656	uttryckligen	OTHER		B1	adverb	kelly
6657	bre ut sig	VERB			vbm	saldo
6658	klä ut sig	VERB			vbm	saldo
6659	hastigt	OTHER		B2	adverb	kelly
6660	vikarie	NOUN	en	C2	noun-en	kelly
6661	försening	NOUN	en	C1	noun-en	kelly
6662	groda	NOUN	en	C1	noun-en	kelly
6663	miste	OTHER		B2	particle	kelly
6664	räkna med	VERB			vbm	saldo
6665	tillvara	OTHER		B2	particle	kelly
6666	avliva	VERB			vb	saldo
6667	beslag	NOUN	ett	C1	noun-ett	kelly
6668	merpart	NOUN	en	B2	noun-en	kelly
6669	organisatorisk	ADJ		B2	adjective	kelly
6670	skara	NOUN	en	B1	noun-en	kelly
6671	evigt	OTHER		B2	adverb	kelly
6672	spika	VERB			vb	saldo
6673	fordring	NOUN			nn	saldo
6674	riksbank	NOUN	en	B2	noun-en	kelly
6675	dominerande	ADJ		B1	adjective	kelly
6676	ekonom	NOUN	en	B1	noun-en	kelly
6677	förälskad	ADJ		C1	adjective	kelly
6678	omkomma	VERB		C1	verb	kelly
6679	stål	NOUN	ett	B2	noun-ett	kelly
6680	anfallare	NOUN			nn	saldo
6681	svek	NOUN	ett	B2	noun-ett	kelly
6682	tjänstgöring	NOUN			nn	saldo
6683	kock	NOUN	en	C1	noun-en	kelly
6684	ladda ned	VERB			vbm	saldo
6685	prostitution	NOUN	en	B1	noun-en	kelly
6686	tjafsa	VERB			vb	saldo
6687	sväva	VERB		C1	verb	kelly
6688	huvudregel	NOUN			nn	saldo
6689	vite	NOUN			nn	saldo
6690	astma	NOUN	en	C2	noun-en	kelly
6691	fi	NOUN			nn	saldo
6692	utforska	VERB		B2	verb	kelly
6693	komma till tals	VERB			vbm	saldo
6694	värka	VERB		C2	verb	kelly
6695	förvaltare	NOUN	en	C1	noun-en	kelly
6696	stort	OTHER		B2	adverb	kelly
6697	kammarrätt	NOUN			nn	saldo
6698	falla i smaken	VERB			vbm	saldo
6699	torska	VERB			vb	saldo
6700	sekt	NOUN	en	B2	noun-en	kelly
6701	tära	VERB			vb	saldo
6702	justering	NOUN	en	B2	noun-en	kelly
6703	göra ifrån sig	VERB			vbm	saldo
6704	kommentator	NOUN	en	C1	noun-en	kelly
6705	väktare	NOUN	en	C1	noun-en	kelly
6706	expansion	NOUN	en	B1	noun-en	kelly
6707	stå på spel	VERB			vbm	saldo
6708	vägledning	NOUN	en	B1	noun-en	kelly
6709	vetenskapligt	OTHER		B2	adverb	kelly
6710	stång	NOUN	en	C2	noun-en	kelly
6711	avisera	VERB			vb	saldo
6712	rar	ADJ			av	saldo
6713	lämna kvar	VERB			vbm	saldo
6714	räkna bort	VERB			vbm	saldo
6715	årsredovisning	NOUN			nn	saldo
6716	utbyta	VERB		C1	verb	kelly
6717	slå igen	VERB			vbm	saldo
6718	bus	NOUN			nn	saldo
6719	ointresserad	ADJ			av	saldo
6720	tvål	NOUN	en	C2	noun-en	kelly
6721	behärska	VERB		B2	verb	kelly
6722	avlägsen	ADJ		B1	adjective	kelly
6723	gilla läget	VERB			vbm	saldo
6724	hov	NOUN	ett	A1	noun-ett	kelly
6725	omvända	VERB		C1	verb	kelly
6726	ved	NOUN	en	B2	noun-en	kelly
6727	avstängning	NOUN			nn	saldo
6728	skattemyndighet	NOUN			nn	saldo
6729	subtropisk	ADJ			av	saldo
6730	sammanställa	VERB		B2	verb	kelly
6731	hemtjänst	NOUN			nn	saldo
6732	anteckning	NOUN	en	B1	noun-en	kelly
6733	gästa	VERB			vb	saldo
6734	revidera	VERB		B2	verb	kelly
6735	vag	ADJ		A1	adjective	kelly
6736	uppsats	NOUN	en	B1	noun-en	kelly
6737	ljuvlig	ADJ			av	saldo
6738	bryta sig in	VERB			vbm	saldo
6739	fängsla	VERB		B2	verb	kelly
6740	vispa	VERB			vb	saldo
6741	ärlighet	NOUN	en	B2	noun-en	kelly
6742	intention	NOUN	en	B2	noun-en	kelly
6743	envisas	VERB		C1	verb	kelly
6744	gå efter	VERB			vbm	saldo
6745	från början till slut	OTHER			abm	saldo
6746	komma på tal	VERB			vbm	saldo
6747	salva	NOUN			nn	saldo
6748	spontant	OTHER		B2	adverb	kelly
6749	arbetstillfälle	NOUN	ett	B2	noun-ett	kelly
6750	argumentation	NOUN	en	B1	noun-en	kelly
6751	tillkalla	VERB			vb	saldo
6752	marginell	ADJ		C1	adjective	kelly
6753	förskott	NOUN	ett	C1	noun-ett	kelly
6754	frekvens	NOUN	en	C1	noun-en	kelly
6755	coach	NOUN			nn	saldo
6756	flöda	VERB		C1	verb	kelly
6757	parfym	NOUN	en	C1	noun-en	kelly
6758	uppgradera	VERB		C1	verb	kelly
6759	lära om	VERB			vbm	saldo
6760	omtanke	NOUN			nn	saldo
6761	fejka	VERB			vb	saldo
6762	egentid	NOUN			nn	saldo
6763	konkurrenskraft	NOUN	en	B1	noun-en	kelly
6764	avvägning	NOUN	en	B2	noun-en	kelly
6765	bluff	NOUN	en	B2	noun-en	kelly
6766	regeringsform	NOUN	en	B2	noun-en	kelly
6767	årtionde	NOUN	ett	B1	noun-ett	kelly
6768	index	NOUN	ett	B2	noun-ett	kelly
6769	utvecklingsarbete	NOUN			nn	saldo
6770	blogginlägg	NOUN	ett	A2	noun-ett	kelly
6771	belägga	VERB			vb	saldo
6772	bön	NOUN	en	A2	noun-en	kelly
6773	i bitar	OTHER			abm	saldo
6774	försvarare	NOUN	en	B2	noun-en	kelly
6775	panel	NOUN	en	B2	noun-en	kelly
6776	skönt	OTHER		B2	adverb	kelly
6777	stimulans	NOUN	en	C1	noun-en	kelly
6778	handske	NOUN	en	C1	noun-en	kelly
6779	andlig	ADJ		A2	adjective	kelly
6780	arvode	NOUN	ett	C2	noun-ett	kelly
6781	strul	NOUN			nn	saldo
6782	motionera	VERB			vb	saldo
6783	nojjig	ADJ			av	saldo
6784	tortyr	NOUN	en	B1	noun-en	kelly
6785	komplement	NOUN	ett	B2	noun-ett	kelly
6786	ta efter	VERB			vbm	saldo
6787	passion	NOUN	en	B2	noun-en	kelly
6788	kyrklig	ADJ		B1	adjective	kelly
6789	funktionshindrad	ADJ		B2	adjective	kelly
6790	kritiker	NOUN	en	A2	noun-en	kelly
6791	belöning	NOUN	en	B1	noun-en	kelly
6792	utrusta	VERB		C1	verb	kelly
6793	observation	NOUN	en	B2	noun-en	kelly
6794	sanslös	ADJ			av	saldo
6795	rysa	VERB			vb	saldo
6796	slita ut	VERB			vbm	saldo
6797	från dag till dag	OTHER			abm	saldo
6798	akademiker	NOUN	en	C1	noun-en	kelly
6799	hänga samman	VERB			vbm	saldo
6800	kontrast	NOUN	en	B1	noun-en	kelly
6801	slagen	ADJ			av	saldo
6802	utbredd	ADJ		B2	adjective	kelly
6803	mätta	VERB		C2	verb	kelly
6804	förskollärare	NOUN			nn	saldo
6805	fjärdedel	NOUN	en	B2	noun-en	kelly
6806	klarhet	NOUN	en	B2	noun-en	kelly
6807	indisk	ADJ		B1	adjective	kelly
6808	svartsjuka	NOUN	en	C2	noun-en	kelly
6809	bedövning	NOUN			nn	saldo
6810	poker	NOUN	en	B1	noun-en	kelly
6811	vittnesmål	NOUN	ett	B2	noun-ett	kelly
6812	österut	OTHER		C1	adverb	kelly
6813	invandringspolitik	NOUN	en	C1	noun-en	kelly
6814	begå självmord	VERB			vbm	saldo
6815	inkomstskatt	NOUN	en	B2	noun-en	kelly
6816	grafik	NOUN	en	C1	noun-en	kelly
6817	insamling	NOUN	en	B2	noun-en	kelly
6818	fördrag	NOUN	ett	A2	noun-ett	kelly
6819	afrikan	NOUN			nn	saldo
6820	ta form	VERB			vbm	saldo
6821	mall	NOUN	en	B1	noun-en	kelly
6822	chaufför	NOUN	en	B2	noun-en	kelly
6823	inrättande	NOUN			nn	saldo
6824	böna	NOUN	en	C1	noun-en/verb	kelly
6825	bindande	ADJ		B1	adjective	kelly
6826	likartad	ADJ		C1	adjective	kelly
6827	evenemang	NOUN	ett	B2	noun-ett	kelly
6828	lever	NOUN	en	A2	noun-en	kelly
6829	manus	NOUN	ett	B1	noun-ett	kelly
6830	kavaj	NOUN	en	C1	noun-en	kelly
6831	svepa	VERB			vb	saldo
6832	nära till hands	OTHER			abm	saldo
6833	dokumentation	NOUN	en	B2	noun-en	kelly
6834	plikt	NOUN	en	B1	noun-en	kelly
6835	melodi	NOUN	en	B2	noun-en	kelly
6836	växa så det knakar	VERB			vbm	saldo
6837	onormal	ADJ		C2	adjective	kelly
6838	debattör	NOUN	en	B1	noun-en	kelly
6839	uppsöka	VERB			vb	saldo
6840	bägge	OTHER			pn	saldo
6841	ta tid på sig	VERB			vbm	saldo
6842	indikation	NOUN	en	B2	noun-en	kelly
6843	åldersgräns	NOUN			nn	saldo
6844	begåva	VERB			vb	saldo
6845	rota	VERB		B2	verb	kelly
6846	borgenär	NOUN			nn	saldo
6847	moderkort	NOUN			nn	saldo
6848	i morgon bitti	OTHER			abm	saldo
6849	föra talan	VERB			vbm	saldo
6850	samverka	VERB		B2	verb	kelly
6851	a la	OTHER			ppm	saldo
6852	leva ut	VERB			vbm	saldo
6853	satt	ADJ			av	saldo
6854	andas ut	VERB			vbm	saldo
6855	sätta sin fot	VERB			vbm	saldo
6856	intim	ADJ		C1	adjective	kelly
6857	prostituerad	ADJ		B2	adjective	kelly
6858	höja sig	VERB			vbm	saldo
6859	nu och då	OTHER			abm	saldo
6860	salong	NOUN	en	C1	noun-en	kelly
6861	sätta på sig	VERB			vbm	saldo
6862	sagt och gjort	OTHER			inm	saldo
6863	halsband	NOUN			nn	saldo
6864	vaccination	NOUN			nn	saldo
6865	självständigt	OTHER		B2	adverb	kelly
6866	vegetarisk	ADJ			av	saldo
6867	högljudd	ADJ		C2	adjective	kelly
6868	defensiv	ADJ		C1	adjective/noun-en	kelly
6869	bre ut	VERB			vbm	saldo
6870	ten	NOUN			nn	saldo
6871	korridor	NOUN	en	B2	noun-en	kelly
6872	förlova sig	VERB			vbm	saldo
6873	förordnande	NOUN			nn	saldo
6874	midnatt	NOUN	en	C1	noun-en	kelly
6875	vete	NOUN	ett	A2	noun-ett	kelly
6876	minderårig	ADJ		C1	adjective	kelly
6877	gill	ADJ			av	saldo
6878	paprika	NOUN			nn	saldo
6879	sannerligen	OTHER		B1	adverb	kelly
6880	steg för steg	OTHER			abm	saldo
6881	halvera	VERB			vb	saldo
6882	kärleksfull	ADJ		B2	adjective	kelly
6883	undersköterska	NOUN			nn	saldo
6884	minimera	VERB		B2	verb	kelly
6885	påtagligt	OTHER		B2	adverb	kelly
6886	skapad	ADJ			av	saldo
6887	läcker	ADJ		C2	adjective	kelly
6888	bestrida	VERB		B2	verb	kelly
6889	sken	NOUN	ett	B2	noun-ett	kelly
6890	vardaglig	ADJ		B1	adjective	kelly
6891	stoppa i sig	VERB			vbm	saldo
6892	date	NOUN			nn	saldo
6893	bläddra	VERB		B2	verb	kelly
6894	bevisligen	OTHER		C1	adverb	kelly
6895	svärförälder	NOUN			nn	saldo
6896	sätta sig upp	VERB			vbm	saldo
6897	bifoga	VERB		C1	verb	kelly
6898	alkoholist	NOUN			nn	saldo
6899	rimligtvis	OTHER		C1	adverb	kelly
6900	uppmärksam	ADJ		C1	adjective	kelly
6901	sammantaget	OTHER		B2	adverb	kelly
6902	faster	NOUN	en	C1	noun-en	kelly
6903	ensidig	ADJ		B2	adjective	kelly
6904	motsättning	NOUN	en	A2	noun-en	kelly
6905	uppbära	VERB		C1	verb	kelly
6906	drivkraft	NOUN	en	B1	noun-en	kelly
6907	bot	NOUN	en	B2	noun-en	kelly
6908	glesbygd	NOUN			nn	saldo
6909	applåd	NOUN	en	B2	noun-en	kelly
6910	stadigt	OTHER		B2	adverb	kelly
6911	generaldirektör	NOUN			nn	saldo
6912	ta risken	VERB			vbm	saldo
6913	förlorare	NOUN	en	B2	noun-en	kelly
6914	i händelse av	OTHER			ppm	saldo
6915	jämlikhet	NOUN	en	B1	noun-en	kelly
6916	målning	NOUN	en	B1	noun-en	kelly
6917	koppla upp	VERB			vbm	saldo
6918	konvertera	VERB		B2	verb	kelly
6919	webbplats	NOUN	en	A2	noun-en	kelly
6920	överlevnad	NOUN	en	B1	noun-en	kelly
6921	överträdelse	NOUN	en	B2	noun-en	kelly
6922	avrätta	VERB		B1	verb	kelly
6923	uttråkad	ADJ		C1	adjective	kelly
6924	gunga	VERB		C2	verb/noun-en	kelly
6925	spara ihop	VERB			vbm	saldo
6926	migration	NOUN	en	C1	noun-en	kelly
6927	barnlös	ADJ			av	saldo
6928	berömd	ADJ		C1	adjective	kelly
6929	kallelse	NOUN	en	B2	noun-en	kelly
6930	uppehålla sig	VERB			vbm	saldo
6931	tysta	VERB		C1	verb	kelly
6932	utge sig	VERB			vbm	saldo
6933	pyjamas	NOUN	en	C2	noun-en	kelly
6934	personnummer	NOUN			nn	saldo
6935	konsult	NOUN	en	B2	noun-en	kelly
6936	höra till	VERB			vbm	saldo
6937	beundra	VERB		B2	verb	kelly
6938	ranka	VERB			vb	saldo
6939	debattartikel	NOUN	en	B1	noun-en	kelly
6940	vansinne	NOUN	ett	C1	noun-ett	kelly
6941	studiemedel	NOUN			nn	saldo
6942	sound	NOUN			nn	saldo
6943	jury	NOUN	en	B2	noun-en	kelly
6944	delge	VERB			vb	saldo
6945	funktionsnedsättning	NOUN	en	B2	noun-en	kelly
6946	missnöje	NOUN	ett	B2	noun-ett	kelly
6947	drastiskt	OTHER		B2	adverb	kelly
6948	stam	NOUN	en	B1	noun-en	kelly
6949	klanka ner	VERB			vbm	saldo
6950	genomtänka	VERB			vb	saldo
6951	lyft	NOUN	ett	C1	noun-ett	kelly
6952	utomordentligt	OTHER		B2	adverb	kelly
6953	undgå	VERB		B1	verb	kelly
6954	frånvarande	ADJ		B2	adjective	kelly
6955	haka upp sig	VERB			vbm	saldo
6956	mola	VERB			vb	saldo
6957	övertyga sig	VERB			vbm	saldo
6958	på fri fot	OTHER			abm	saldo
6959	skitbra	ADJ			av	saldo
6960	strukturell	ADJ		B2	adjective	kelly
6961	vältränad	ADJ			av	saldo
6962	ta sig uttryck	VERB			vbm	saldo
6963	tänka ut	VERB			vbm	saldo
6964	grill	NOUN			nn	saldo
6965	ledtråd	NOUN			nn	saldo
6966	året runt	OTHER			abm	saldo
6967	svans	NOUN	en	B2	noun-en	kelly
6968	arsle	NOUN			nn	saldo
6969	konfrontera	VERB		B2	verb	kelly
6970	falla bort	VERB			vbm	saldo
6971	rycka upp	VERB			vbm	saldo
6972	antibiotikum	NOUN			nn	saldo
6973	enighet	NOUN	en	B1	noun-en	kelly
6974	självständighet	NOUN	en	A2	noun-en	kelly
6975	badhus	NOUN			nn	saldo
6976	marknadsföra	VERB		B2	verb	kelly
6977	medicinering	NOUN			nn	saldo
6978	brottsbalk	NOUN			nn	saldo
6979	sexlust	NOUN			nn	saldo
6980	rosta	VERB			vb	saldo
6981	operera bort	VERB			vbm	saldo
6982	nominerad	ADJ			av	saldo
6983	massera	VERB		C2	verb	kelly
6984	gemen	ADJ			av	saldo
6985	genomtänkt	ADJ			av	saldo
6986	verksamhetsområde	NOUN			nn	saldo
6987	på nära håll	OTHER			abm	saldo
6988	resolution	NOUN	en	B1	noun-en	kelly
6989	miljövänlig	ADJ		B1	adjective	kelly
6990	kemikalier	NOUN		B2	noun	kelly
6991	skärpt	ADJ			av	saldo
6992	till godo	OTHER			abm	saldo
6993	kommunistisk	ADJ		A2	adjective	kelly
6994	lönsamhet	NOUN	en	B2	noun-en	kelly
6995	onyttig	ADJ			av	saldo
6996	höjdpunkt	NOUN	en	B2	noun-en	kelly
6997	kärnvapen	NOUN	ett	B1	noun-ett	kelly
6998	vante	NOUN			nn	saldo
6999	klassrum	NOUN	ett	B2	noun-ett	kelly
7000	grundad	ADJ			av	saldo
7001	asiatisk	ADJ		B2	adjective	kelly
7002	obehag	NOUN	ett	C1	noun-ett	kelly
7003	omhändertagande	NOUN			nn	saldo
7004	frukta	VERB		B1	verb	kelly
7005	tönt	NOUN			nn	saldo
7006	special	NOUN			nn	saldo
7007	drake	NOUN	en	C1	noun-en	kelly
7008	korrigera	VERB		B2	verb	kelly
7009	hedra	VERB		B2	verb	kelly
7010	nybliven	ADJ			av	saldo
7011	sortiment	NOUN	ett	C1	noun-ett	kelly
7012	uppsatt	ADJ			av	saldo
7013	halvö	NOUN	en	C1	noun-en	kelly
7014	strypa	VERB		C1	verb	kelly
7015	på det stora hela	OTHER			abm	saldo
7016	äggledare	NOUN			nn	saldo
7017	insättning	NOUN	en	C1	noun-en	kelly
7018	svett	NOUN	en	C1	noun-en	kelly
7019	tandvård	NOUN			nn	saldo
7020	hålla samman	VERB			vbm	saldo
7021	cirkus	NOUN			nn	saldo
7022	hysa	VERB		B1	verb	kelly
7023	innerstad	NOUN			nn	saldo
7024	skämma bort	VERB			vbm	saldo
7025	packa ner	VERB			vbm	saldo
7026	olaga	ADJ			av	saldo
7027	underkläder	NOUN	en	C1	noun-en	kelly
7028	orm	NOUN	en	A1	noun-en	kelly
7029	nationalist	NOUN	en	C1	noun-en	kelly
7030	elefant	NOUN	en	C1	noun-en	kelly
7031	kokain	NOUN			nn	saldo
7032	jubla	VERB		C1	verb	kelly
7033	fråga ut	VERB			vbm	saldo
7034	aptit	NOUN	en	C2	noun-en	kelly
7035	brottsoffer	NOUN			nn	saldo
7036	pizzeria	NOUN	en	C2	noun-en	kelly
7037	giftig	ADJ		B2	adjective	kelly
7038	läroplan	NOUN	en	C1	noun-en	kelly
7039	paradis	NOUN	ett	B2	noun-ett	kelly
7040	kidnappa	VERB		C1	verb	kelly
7041	al	NOUN			nn	saldo
7042	fruga	NOUN			nn	saldo
7043	finanser	NOUN		B1	noun	kelly
7044	köra fast	VERB			vbm	saldo
7045	checka	VERB			vb	saldo
7046	fördelare	NOUN			nn	saldo
7047	städsegrön	ADJ			av	saldo
7048	diesel	NOUN			nn	saldo
7049	ha ögonen	VERB			vbm	saldo
7050	jösses	OTHER			in	saldo
7051	befattningshavare	NOUN			nn	saldo
7052	skärpning	NOUN			nn	saldo
7053	påläst	ADJ			av	saldo
7054	hämnd	NOUN	en	B2	noun-en	kelly
7055	homosexualitet	NOUN	en	B2	noun-en	kelly
7056	päls	NOUN	en	B2	noun-en	kelly
7057	lärosäte	NOUN			nn	saldo
7058	livlig	ADJ		B2	adjective	kelly
7059	svägerska	NOUN	en	C2	noun-en	kelly
7060	hane	NOUN	en	C1	noun-en	kelly
7061	representativ	ADJ		B2	adjective	kelly
7062	utomordentlig	ADJ		C1	adjective	kelly
7063	länsrätt	NOUN			nn	saldo
7064	socialnämnd	NOUN			nn	saldo
7065	sångare	NOUN	en	B2	noun-en	kelly
7066	vända ryggen	VERB			vbm	saldo
7067	hyra in	VERB			vbm	saldo
7068	vistelse	NOUN	en	B2	noun-en	kelly
7069	i bakhuvudet	OTHER			abm	saldo
7070	västerut	OTHER		C1	adverb	kelly
7071	drunkna	VERB		C1	verb	kelly
7072	immunförsvar	NOUN			nn	saldo
7073	jätteskön	ADJ			av	saldo
7074	bevakning	NOUN	en	B2	noun-en	kelly
7075	rättssäkerhet	NOUN			nn	saldo
7076	förflytta	VERB		B1	verb	kelly
7077	atmosfär	NOUN	en	B1	noun-en	kelly
7078	klubba	NOUN			nn	saldo
7079	bostadsmarknad	NOUN	en	C1	noun-en	kelly
7080	reparera	VERB		B2	verb	kelly
7081	nödvändighet	NOUN	en	B1	noun-en	kelly
7082	puh	OTHER			in	saldo
7083	yrkesutbildning	NOUN			nn	saldo
7084	fasad	NOUN	en	B2	noun-en	kelly
7085	väga upp	VERB			vbm	saldo
7086	officer	NOUN	en	C1	noun-en	kelly
7087	migrän	NOUN			nn	saldo
7088	aktion	NOUN	en	A1	noun-en	kelly
7089	vuxenutbildning	NOUN			nn	saldo
7090	arrangör	NOUN	en	B2	noun-en	kelly
7091	hemvist	NOUN	en	C1	noun-en	kelly
7092	göra susen	VERB			vbm	saldo
7093	olympisk	ADJ		B2	adjective	kelly
7094	identisk	ADJ		B2	adjective	kelly
7095	utförande	NOUN	ett	B2	noun-ett	kelly
7096	lack	NOUN			nn	saldo
7097	sysselsatt	ADJ			av	saldo
7098	blankett	NOUN	en	C1	noun-en	kelly
7099	innevarande	ADJ			av	saldo
7100	diskmaskin	NOUN			nn	saldo
7101	inskolning	NOUN			nn	saldo
7102	dropp	NOUN			nn	saldo
7103	så smått	OTHER			abm	saldo
7104	på avstånd	OTHER			abm	saldo
7105	hjärntvätta	VERB			vb	saldo
7106	förkortning	NOUN	en	C1	noun-en	kelly
7107	kiss	NOUN			nn	saldo
7108	sektion	NOUN	en	B2	noun-en	kelly
7109	göra iordning	VERB			vbm	saldo
7110	lockande	ADJ			av	saldo
7111	katolsk	ADJ		A2	adjective	kelly
7112	slösa tid	VERB			vbm	saldo
7113	oroande	ADJ			av	saldo
7114	nyhetsbyrå	NOUN			nn	saldo
7115	utspel	NOUN	ett	B1	noun-ett	kelly
7116	studium	NOUN	ett	C2	noun-ett	kelly
7117	vad beträffar	OTHER			ppm	saldo
7118	motpart	NOUN	en	B2	noun-en	kelly
7119	ticka	VERB			vb	saldo
7120	rand	NOUN	en	C1	noun-en	kelly
7121	debut	NOUN	en	C1	noun-en	kelly
7122	komma ikapp	VERB			vbm	saldo
7123	hångla	VERB			vb	saldo
7124	däri	OTHER			ab	saldo
7125	greppa	VERB			vb	saldo
7126	ockupera	VERB		B2	verb	kelly
7127	attraktion	NOUN	en	C1	noun-en	kelly
7128	upplopp	NOUN	ett	B1	noun-ett	kelly
7129	dödsstraff	NOUN	ett	B1	noun-ett	kelly
7130	förtvivlad	ADJ		C1	adjective	kelly
7131	bomber	NOUN			nn	saldo
7132	illusion	NOUN	en	B1	noun-en	kelly
7133	tätort	NOUN			nn	saldo
7134	hejdå	OTHER		C1	interj	kelly
7135	smärtlindring	NOUN			nn	saldo
7136	dramatiskt	OTHER		B2	adverb	kelly
7137	gäldenär	NOUN			nn	saldo
7138	klä på sig	VERB			vbm	saldo
7139	ställa in sig	VERB			vbm	saldo
7140	strejk	NOUN	en	B1	noun-en	kelly
7141	bristfällig	ADJ		B2	adjective	kelly
7142	restriktiv	ADJ		C1	adjective	kelly
7143	anfalla	VERB		B1	verb	kelly
7144	gruva	NOUN	en	B2	noun-en	kelly
7145	revben	NOUN	ett	C2	noun-ett	kelly
7146	feedback	NOUN			nn	saldo
7147	orättvisa	NOUN	en	B1	noun-en	kelly
7148	trigga	VERB			vb	saldo
7149	fjäril	NOUN	en	C1	noun-en	kelly
7150	subvention	NOUN	en	B2	noun-en	kelly
7151	försätta	VERB		B2	verb	kelly
7152	i behov av	OTHER		B2	prep	kelly
7153	alban	NOUN			nn	saldo
7154	året om	OTHER			abm	saldo
7155	ligga nära till hands	VERB			vbm	saldo
7156	sitta fint	VERB			vbm	saldo
7157	för en stund sedan	OTHER			abm	saldo
7158	beta	VERB		A1	verb	kelly
7159	hygien	NOUN	en	C2	noun-en	kelly
7160	väll	NOUN			nn	saldo
7161	begåvad	ADJ		B2	adjective	kelly
7162	i utbyte	OTHER			abm	saldo
7163	kryss	NOUN			nn	saldo
7164	upptäckt	NOUN	en	B1	noun-en	kelly
7165	sushi	NOUN			nn	saldo
7166	kortfattad	ADJ		C1	adjective	kelly
7167	formel	NOUN	en	C1	noun-en	kelly
7168	varsel	NOUN	ett	C1	noun-ett	kelly
7169	realitet	NOUN	en	B2	noun-en	kelly
7170	på samma vis	OTHER			abm	saldo
7171	täckas	VERB			vb	saldo
7172	uppdra	VERB		C2	verb	kelly
7173	föreläggande	NOUN			nn	saldo
7174	uppriktig	ADJ		C1	adjective	kelly
7175	slöseri	NOUN	ett	C1	noun-ett	kelly
7176	på god väg	OTHER			abm	saldo
7177	uppbyggnad	NOUN	en	B2	noun-en	kelly
7178	kasse	NOUN			nn	saldo
7179	redig	ADJ			av	saldo
7180	vid tiden för	OTHER			ppm	saldo
7181	champagne	NOUN			nn	saldo
7182	avråda	VERB			vb	saldo
7183	rebell	NOUN	en	C1	noun-en	kelly
7184	genomskinlig	ADJ		C1	adjective	kelly
7185	tala sanning	VERB			vbm	saldo
7186	handlande	NOUN	ett	B1	noun-ett	kelly
7187	igen och igen	OTHER			abm	saldo
7188	klä av	VERB			vbm	saldo
7189	sakfråga	NOUN	en	B1	noun-en	kelly
7190	praktisera	VERB		B2	verb	kelly
7191	klapp	NOUN	en	B1	noun-en	kelly
7192	få bukt	VERB			vbm	saldo
7193	felaktigt	OTHER		B2	adverb	kelly
7194	åtnjuta	VERB		B2	verb	kelly
7195	vila ut	VERB			vbm	saldo
7196	alltihop	OTHER		B2	pronoun	kelly
7197	armband	NOUN			nn	saldo
7198	narkotikabrott	NOUN			nn	saldo
7199	telefonsamtal	NOUN	ett	B2	noun-ett	kelly
7200	säck	NOUN	en	C1	noun-en	kelly
7201	leta fram	VERB			vbm	saldo
7202	konspiration	NOUN	en	B2	noun-en	kelly
7203	kalkyl	NOUN	en	C1	noun-en	kelly
7204	lärarutbildning	NOUN			nn	saldo
7205	lämpligen	OTHER			ab	saldo
7206	förminska	VERB			vb	saldo
7207	anteckna	VERB		C1	verb	kelly
7208	tryckt	ADJ			av	saldo
7209	inrikta sig	VERB			vbm	saldo
7210	verkställande	ADJ		B2	adjective	kelly
7211	grus	NOUN			nn	saldo
7212	propp	NOUN	en	C2	noun-en	kelly
7213	arrangemang	NOUN	ett	B1	noun-ett	kelly
7214	signera	VERB		C1	verb	kelly
7215	förståelig	ADJ		C1	adjective	kelly
7216	fjäll	NOUN	ett	C1	noun-ett	kelly
7217	borra	VERB		C1	verb	kelly
7218	erlägga	VERB			vb	saldo
7219	magkänsla	NOUN			nn	saldo
7220	samfund	NOUN	ett	B1	noun-ett	kelly
7221	färja	NOUN	en	C1	noun-en	kelly
7222	bebyggelse	NOUN	en	B2	noun-en	kelly
7223	ta kväll	VERB			vbm	saldo
7224	hygglig	ADJ			av	saldo
7225	gåta	NOUN	en	B2	noun-en	kelly
7226	lämpad	ADJ			av	saldo
7227	bruten	ADJ			av	saldo
7228	ställa till svars	VERB			vbm	saldo
7229	kommunstyrelse	NOUN	en	B2	noun-en	kelly
7230	chatt	NOUN			nn	saldo
7231	tour	NOUN			nn	saldo
7232	kör	NOUN	en	B2	noun-en	kelly
7233	fotbollsspelare	NOUN	en	C1	noun-en	kelly
7234	stadgande	NOUN	ett	C2	noun-ett	kelly
7235	kommunfullmäktige	NOUN		B1	noun	kelly
7236	numer	OTHER			ab	saldo
7237	ed	NOUN	en	A1	noun-en	kelly
7238	miljöbalk	NOUN			nn	saldo
7239	per capita	OTHER			abm	saldo
7240	varierad	ADJ			av	saldo
7241	buske	NOUN	en	C1	noun-en	kelly
7242	villkorlig	ADJ			av	saldo
7243	julbord	NOUN			nn	saldo
7244	tillförlitlig	ADJ		B2	adjective	kelly
7245	briljant	ADJ		C1	adjective	kelly
7246	undanröja	VERB		B2	verb	kelly
7247	kattunge	NOUN			nn	saldo
7248	till råga på	OTHER			abm	saldo
7249	motbevisa	VERB		C1	verb	kelly
7250	svagt	OTHER		B2	adverb	kelly
7251	halvvägs	OTHER		C1	adverb	kelly
7252	skära ner	VERB			vbm	saldo
7253	underrättelse	NOUN	en	B2	noun-en	kelly
7254	nationalism	NOUN	en	B1	noun-en	kelly
7255	kommunfullmäktig	NOUN			nn	saldo
7256	ärta	NOUN	en	C2	noun-en	kelly
7257	stinka	VERB		C2	verb	kelly
7258	erfara	VERB		B2	verb	kelly
7259	tillkomst	NOUN	en	B2	noun-en	kelly
7260	innerst	OTHER			ab	saldo
7261	sammanfattningsvis	OTHER		B2	adverb	kelly
7262	krage	NOUN	en	C2	noun-en	kelly
7263	åtanke	NOUN	en	B2	noun-en	kelly
7264	stolpe	NOUN	en	C1	noun-en	kelly
7265	dimma	NOUN	en	B2	noun-en	kelly
7266	rätta till	VERB			vbm	saldo
7267	sed	NOUN	en	B1	noun-en	kelly
7268	plutt	NOUN			nn	saldo
7269	stegring	NOUN			nn	saldo
7270	segla	VERB		B1	verb	kelly
7271	betinga	VERB		C2	verb	kelly
7272	grovt	OTHER		B2	adverb	kelly
7273	svärfar	NOUN	en	C2	noun-en	kelly
7274	skrämma upp	VERB			vbm	saldo
7275	kondition	NOUN	en	C1	noun-en	kelly
7276	får	NOUN	ett	B2	noun-ett	kelly
7277	jättegod	ADJ			av	saldo
7278	omnämna	VERB		C1	verb	kelly
7279	jämväl	OTHER			ab	saldo
7280	lyckligt lottad	ADJ			avm	saldo
7281	pung	NOUN			nn	saldo
7282	till vara	OTHER		B2	adverb	kelly
7283	familjerätt	NOUN			nn	saldo
7284	plåt	NOUN			nn	saldo
7285	departementschef	NOUN			nn	saldo
7286	torn	NOUN	ett	B1	noun-ett	kelly
7287	greja	VERB			vb	saldo
7288	hoppa på	VERB			vbm	saldo
7289	exportera	VERB		B2	verb	kelly
7290	läsår	NOUN			nn	saldo
7291	börda	NOUN	en	B1	noun-en	kelly
7292	stövel	NOUN	en	C1	noun-en	kelly
7293	snubbla	VERB			vb	saldo
7294	forn	ADJ		B1	adjective	kelly
7295	i utbyte mot	OTHER			ppm	saldo
7296	sjunka ner	VERB			vbm	saldo
7297	fiskare	NOUN	en	C1	noun-en	kelly
7298	färdas	VERB		B1	verb	kelly
7299	grotta	NOUN	en	B2	noun-en	kelly
7300	applicera	VERB		C1	verb	kelly
7301	oönskad	ADJ		B2	adjective	kelly
7302	fängelsestraff	NOUN	ett	C1	noun-ett	kelly
7303	i första taget	OTHER			abm	saldo
7304	fastighetsskatt	NOUN	en	B2	noun-en	kelly
7305	påve	NOUN	en	B1	noun-en	kelly
7306	däcka	VERB			vb	saldo
7307	snyggt	OTHER		B2	adverb	kelly
7308	träna upp	VERB			vbm	saldo
7309	turism	NOUN	en	B2	noun-en	kelly
7310	pandemi	NOUN			nn	saldo
7311	intala	VERB			vb	saldo
7312	banta	VERB			vb	saldo
7313	popcorn	NOUN			nn	saldo
7314	inräkna	VERB			vb	saldo
7315	vers	NOUN	en	B2	noun-en	kelly
7316	fräck	ADJ		C1	adjective	kelly
7317	trakassera	VERB		C1	verb	kelly
7318	luddig	ADJ			av	saldo
7319	mäta sig	VERB			vbm	saldo
7320	spårvagn	NOUN	en	B2	noun-en	kelly
7321	pajas	NOUN			nn	saldo
7322	för allt i världen	OTHER			abm	saldo
7323	kastrull	NOUN	en	C2	noun-en	kelly
7324	nominera	VERB		C1	verb	kelly
7325	akupunktur	NOUN			nn	saldo
7326	retur	NOUN	en	C1	noun-en	kelly
7327	hyckleri	NOUN	ett	B2	noun-ett	kelly
7328	återuppta	VERB		B2	verb	kelly
7329	reformera	VERB		B2	verb	kelly
7330	sjöfart	NOUN	en	C1	noun-en	kelly
7331	hypotes	NOUN	en	B1	noun-en	kelly
7332	luras	VERB			vb	saldo
7333	reparation	NOUN	en	C1	noun-en	kelly
7334	ombyggnad	NOUN	en	C1	noun-en	kelly
7335	till trots	OTHER			ppm	saldo
7336	tillgodogöra sig	VERB			vbm	saldo
7337	nedskärning	NOUN	en	B2	noun-en	kelly
7338	se tillbaka	VERB			vbm	saldo
7339	fördubbla	VERB		B2	verb	kelly
7340	filosofisk	ADJ		B1	adjective	kelly
7341	värdegrund	NOUN	en	C1	noun-en	kelly
7342	därute	OTHER			ab	saldo
7343	ambassadör	NOUN	en	B1	noun-en	kelly
7344	rättelse	NOUN	en	A1	noun-en	kelly
7345	basis	NOUN			nn	saldo
7346	gräsmatta	NOUN	en	C1	noun-en	kelly
7347	honung	NOUN	en	C1	noun-en	kelly
7348	chilla	VERB			vb	saldo
7349	hållbarhet	NOUN	en	C1	noun-en	kelly
7350	keps	NOUN			nn	saldo
7351	etik	NOUN	en	B1	noun-en	kelly
7352	telefonnummer	NOUN	ett	C1	noun-ett	kelly
7353	bikini	NOUN			nn	saldo
7354	expandera	VERB		B2	verb	kelly
7355	förmodan	NOUN			nn	saldo
7356	skapare	NOUN	en	B1	noun-en	kelly
7357	tillträda	VERB		B2	verb	kelly
7358	ass	NOUN			nn	saldo
7359	foder	NOUN	ett	C1	noun-ett	kelly
7360	indian	NOUN	en	B2	noun-en	kelly
7361	i åratal	OTHER			abm	saldo
7362	känna sig för	VERB			vbm	saldo
7363	fastslå	VERB		B2	verb	kelly
7364	population	NOUN	en	B2	noun-en	kelly
7365	pall	NOUN			nn	saldo
7366	ansvarsfull	ADJ		B2	adjective	kelly
7367	kub	NOUN			nn	saldo
7368	nix	OTHER			in	saldo
7369	åskådare	NOUN	en	B2	noun-en	kelly
7370	utan dess like	ADJ			avm	saldo
7371	intrång	NOUN	ett	B1	noun-ett	kelly
7372	indelning	NOUN	en	B2	noun-en	kelly
7373	stå i centrum	VERB			vbm	saldo
7374	årstid	NOUN	en	C1	noun-en	kelly
7375	märkbar	ADJ		C1	adjective	kelly
7376	vovve	NOUN			nn	saldo
7377	mätare	NOUN	en	C2	noun-en	kelly
7378	lagd	ADJ			av	saldo
7379	konstitutionsutskott	NOUN			nn	saldo
7380	kluven	ADJ			av	saldo
7381	checka in	VERB			vbm	saldo
7382	plugg	NOUN			nn	saldo
7383	sida vid sida	OTHER			abm	saldo
7384	rycka på axlarna	VERB			vbm	saldo
7385	liknelse	NOUN	en	B2	noun-en	kelly
7386	kam	NOUN	en	C2	noun-en	kelly
7387	flygbolag	NOUN	ett	B2	noun-ett	kelly
7388	nästintill	OTHER			ab	saldo
7389	jämnt	ADJ		C1	adjective	kelly
7390	förfalla	VERB		C1	verb	kelly
7391	upphandla	VERB			vb	saldo
7392	inkompetent	ADJ			av	saldo
7393	designa	VERB			vb	saldo
7394	handled	NOUN			nn	saldo
7395	motarbeta	VERB		B2	verb	kelly
7396	rånare	NOUN			nn	saldo
7397	livsmedelsverk	NOUN			nn	saldo
7398	musikalisk	ADJ		B1	adjective	kelly
7399	internt	OTHER		C1	adverb	kelly
7400	på långa vägar	OTHER			abm	saldo
7401	fotografi	NOUN	ett	B1	noun-ett	kelly
7402	nedläggning	NOUN	en	B2	noun-en	kelly
7403	snurrig	ADJ			av	saldo
7404	medelklass	NOUN	en	B1	noun-en	kelly
7405	utslagen	ADJ			av	saldo
7406	slinka	VERB			vb	saldo
7407	lösa ut	VERB			vbm	saldo
7408	beskaffenhet	NOUN			nn	saldo
7409	väpna	VERB			vb	saldo
7410	skildra	VERB		B1	verb	kelly
7411	förflytta sig	VERB			vbm	saldo
7412	döv	ADJ		C1	adjective	kelly
7413	tillhörighet	NOUN	en	B2	noun-en	kelly
7414	lärdom	NOUN	en	B1	noun-en	kelly
7415	skrota	VERB			vb	saldo
7416	semla	NOUN			nn	saldo
7417	sedermera	OTHER		B1	adverb	kelly
7418	grundlig	ADJ		C1	adjective	kelly
7419	skjutsa	VERB			vb	saldo
7420	avsäga sig	VERB			vbm	saldo
7421	måhända	OTHER		B2	adverb	kelly
7422	session	NOUN	en	C1	noun-en	kelly
7423	trygga	VERB		C1	verb	kelly
7424	skottlossning	NOUN			nn	saldo
7425	hämma	VERB		C1	verb	kelly
7426	olikhet	NOUN	en	A2	noun-en	kelly
7427	katastrofal	ADJ		B2	adjective	kelly
7428	nojig	ADJ			av	saldo
7429	avbrott	NOUN	ett	C1	noun-ett	kelly
7430	tidsperiod	NOUN	en	B2	noun-en	kelly
7431	rökt	ADJ			av	saldo
7432	i ljuset av	OTHER		C1	prep	kelly
7433	cover	NOUN			nn	saldo
7434	gå illa	VERB			vbm	saldo
7435	andas in	VERB			vbm	saldo
7436	slät	ADJ		C2	adjective	kelly
7437	inbördeskrig	NOUN	ett	B1	noun-ett	kelly
7438	finansutskott	NOUN			nn	saldo
7439	provision	NOUN	en	C2	noun-en	kelly
7440	legitim	ADJ		B2	adjective	kelly
7441	regionalpolitisk	ADJ			av	saldo
7442	ämna	VERB		A1	aux verb	kelly
7443	överlåtelse	NOUN			nn	saldo
7444	materiel	NOUN	en	B2	noun-en	kelly
7445	procentuell	ADJ			av	saldo
7446	olivolja	NOUN	en	C2	noun-en	kelly
7447	utgående	ADJ			av	saldo
7448	mångkulturell	ADJ		B2	adjective	kelly
7449	nedlägga	VERB			vb	saldo
7450	torka ut	VERB			vbm	saldo
7451	skåda	VERB		B2	verb	kelly
7452	fortlöpande	ADJ		B2	adjective	kelly
7453	spa	NOUN			nn	saldo
7454	a och o	ADJ			avm	saldo
7455	krok	NOUN	en	C1	noun-en	kelly
7456	fransman	NOUN	en	B1	noun-en	kelly
7457	ball	ADJ			av	saldo
7458	rösta fram	VERB			vbm	saldo
7459	smet	NOUN			nn	saldo
7460	bredda	VERB		C1	verb	kelly
7461	av vikt	ADJ			avm	saldo
7462	summera	VERB		C1	verb	kelly
7463	parasit	NOUN	en	C1	noun-en	kelly
7464	avskräcka	VERB			vb	saldo
7465	kategorisera	VERB			vb	saldo
7466	fakta	NOUN			nn	saldo
7467	besiktning	NOUN	en	C2	noun-en	kelly
7468	paj	NOUN	en	C2	noun-en	kelly
7469	inblandning	NOUN	en	B2	noun-en	kelly
7470	skör	ADJ			av	saldo
7471	stå på egna ben	VERB			vbm	saldo
7472	på ytan	OTHER			abm	saldo
7473	köra ner	VERB			vbm	saldo
7474	krypa ner	VERB			vbm	saldo
7475	arkitekt	NOUN	en	B1	noun-en	kelly
7476	bryta in	VERB			vbm	saldo
7477	korsning	NOUN	en	C1	noun-en	kelly
7478	television	NOUN	en	A1	noun-en	kelly
7479	rymmas	VERB			vb	saldo
7480	göra det samma	VERB			vbm	saldo
7481	traktor	NOUN			nn	saldo
7482	motorcykel	NOUN	en	C1	noun-en	kelly
7483	jätterolig	ADJ			av	saldo
7484	avbruten	ADJ			av	saldo
7485	så det så	OTHER			inm	saldo
7486	alliera	VERB			vb	saldo
7487	köpa ut	VERB			vbm	saldo
7488	logiskt	OTHER		C1	adverb	kelly
7489	extremist	NOUN	en	C1	noun-en	kelly
7490	nypa	NOUN			nn	saldo
7491	högtid	NOUN	en	B2	noun-en	kelly
7492	grundutbildning	NOUN			nn	saldo
7493	annonsera	VERB		B2	verb	kelly
7494	skolgång	NOUN	en	C1	noun-en	kelly
7495	mottagande	NOUN	ett	B2	noun-ett	kelly
7496	belysning	NOUN	en	B2	noun-en	kelly
7497	snäpp	NOUN			nn	saldo
7498	tillställning	NOUN	en	B2	noun-en	kelly
7499	borgare	NOUN	en	A1	noun-en	kelly
7500	varaktig	ADJ		B2	adjective	kelly
7501	julkalender	NOUN			nn	saldo
7502	slipa	VERB			vb	saldo
7503	stå på sig	VERB			vbm	saldo
7504	sal	NOUN	en	B2	noun-en	kelly
7505	doppa	VERB			vb	saldo
7506	glasklar	ADJ			av	saldo
7507	lös i magen	ADJ			avm	saldo
7508	i drift	ADJ			avm	saldo
7509	vägleda	VERB			vb	saldo
7510	demonstrant	NOUN	en	B2	noun-en	kelly
7511	yrkesmässig	ADJ			av	saldo
7512	på rad	OTHER			abm	saldo
7513	morfin	NOUN			nn	saldo
7514	islamisk	ADJ		B1	adjective	kelly
7515	spindel	NOUN	en	C1	noun-en	kelly
7516	tillsatt	ADJ			av	saldo
7517	uppriktigt	OTHER		C1	adverb	kelly
7518	dyster	ADJ		B2	adjective	kelly
7519	säga åt	VERB			vbm	saldo
7520	opera	NOUN	en	B2	noun-en	kelly
7521	förelägga	VERB			vb	saldo
7522	så snart som	OTHER		C1	adverb	kelly
7523	färdighet	NOUN	en	B1	noun-en	kelly
7524	beträffa	VERB			vb	saldo
7525	spara in	VERB			vbm	saldo
7526	fräsa	VERB			vb	saldo
7527	under all kritik	ADJ			avm	saldo
7528	på rätt plats	OTHER			abm	saldo
7529	utredningsarbete	NOUN			nn	saldo
7530	smått och gott	OTHER			pnm	saldo
7531	bastu	NOUN			nn	saldo
7532	avtala	VERB		C1	verb	kelly
7533	bita i det sura äpplet	VERB			vbm	saldo
7534	chassi	NOUN			nn	saldo
7535	förpliktelse	NOUN	en	B2	noun-en	kelly
7536	parentes	NOUN	en	C1	noun-en	kelly
7537	åsyfta	VERB			vb	saldo
7538	uppsättning	NOUN	en	B1	noun-en	kelly
7539	otrygg	ADJ			av	saldo
7540	hålla tal	VERB			vbm	saldo
7541	rikta in	VERB			vbm	saldo
7542	göda	VERB			vb	saldo
7543	skitig	ADJ			av	saldo
7544	hålla utkik	VERB			vbm	saldo
7545	existerande	ADJ			av	saldo
7546	slå ned	VERB			vbm	saldo
7547	mast	NOUN			nn	saldo
7548	fel ute	ADJ			avm	saldo
7549	högskoleutbildning	NOUN			nn	saldo
7550	mosa	VERB		C2	verb	kelly
7551	loma	VERB			vb	saldo
7552	grek	NOUN	en	B1	noun-en	kelly
7553	småsak	NOUN			nn	saldo
7554	spänna sig	VERB			vbm	saldo
7555	finländsk	ADJ		B2	adjective	kelly
7556	tub	NOUN			nn	saldo
7557	häkte	NOUN			nn	saldo
7558	bemöda sig	VERB			vbm	saldo
7559	fras	NOUN	en	B2	noun-en	kelly
7560	packad	ADJ			av	saldo
7561	slagsmål	NOUN	ett	C1	noun-ett	kelly
7562	bojkotta	VERB			vb	saldo
7563	teoretiskt	OTHER		C1	adverb	kelly
7564	bevittna	VERB		B2	verb	kelly
7565	omprövning	NOUN			nn	saldo
7566	fascist	NOUN	en	C1	noun-en	kelly
7567	tullverk	NOUN			nn	saldo
7568	överskrida	VERB		B2	verb	kelly
7569	stav	NOUN	en	C2	noun-en	kelly
7570	därom	OTHER			ab	saldo
7571	uträkning	NOUN			nn	saldo
7572	varva ner	VERB			vbm	saldo
7573	bokstavlig	ADJ		C2	adjective	kelly
7574	på tur	ADJ			avm	saldo
7575	demokrat	NOUN	en	A1	noun-en	kelly
7576	samspel	NOUN	ett	B2	noun-ett	kelly
7577	åldersgrupp	NOUN			nn	saldo
7578	blåbär	NOUN			nn	saldo
7579	värvning	NOUN			nn	saldo
7580	uppfinning	NOUN	en	B1	noun-en	kelly
7581	snällt	OTHER		C1	adverb	kelly
7582	äganderätt	NOUN	en	B1	noun-en	kelly
7583	återbetalning	NOUN	en	C1	noun-en	kelly
7584	smuts	NOUN	en	C1	noun-en	kelly
7585	möjligt	OTHER		C1	adverb	kelly
7586	försämring	NOUN	en	B2	noun-en	kelly
7587	bedra	VERB		C1	verb	kelly
7588	slang	NOUN	en	C2	noun-en	kelly
7589	slutgiltig	ADJ		B2	adjective	kelly
7590	kollapsa	VERB		C1	verb	kelly
7591	beväpnad	ADJ		B2	adjective	kelly
7592	lott	NOUN	en	C1	noun-en	kelly
7593	mekanism	NOUN	en	B1	noun-en	kelly
7594	damm	NOUN	en	B2	noun-en/noun-ett	kelly
7595	brygga	NOUN	en	B2	noun-en	kelly
7596	notis	NOUN	en	B2	noun-en	kelly
7597	behaglig	ADJ		B1	adjective	kelly
7598	löst	OTHER		C1	adverb	kelly
7599	folklig	ADJ		B1	adjective	kelly
7600	underkasta	VERB		C1	verb	kelly
7601	demon	NOUN	en	B2	noun-en	kelly
7602	kompromiss	NOUN	en	B1	noun-en	kelly
7603	husvagn	NOUN	en	C1	noun-en	kelly
7604	världsbild	NOUN	en	B1	noun-en	kelly
7605	nyårsafton	NOUN	en	C1	noun-en	kelly
7606	förtal	NOUN	ett	C1	noun-ett	kelly
7607	franska	NOUN	en	C1	noun-en	kelly
7608	tråkigt	OTHER		C1	adverb	kelly
7609	privatliv	NOUN	ett	B1	noun-ett	kelly
7610	kurdisk	ADJ		B2	adjective	kelly
7611	ryggsäck	NOUN	en	C1	noun-en	kelly
7612	klimatförändring	NOUN	en	B1	noun-en	kelly
7613	följaktligen	OTHER		B1	adverb	kelly
7614	biskop	NOUN	en	A2	noun-en	kelly
7615	lejon	NOUN	ett	C1	noun-ett	kelly
7616	ambitiös	ADJ		B2	adjective	kelly
7617	förakt	NOUN	ett	B1	noun-ett	kelly
7618	verbal	ADJ		C1	adjective	kelly
7619	oroväckande	ADJ		C1	adjective	kelly
7620	specialisera	VERB		C1	verb	kelly
7621	godtycklig	ADJ		B2	adjective	kelly
7622	förväntan	NOUN	en	C1	noun-en	kelly
7623	tydlighet	NOUN	en	B2	noun-en	kelly
7624	biologi	NOUN	en	C1	noun-en	kelly
7625	strålning	NOUN	en	B2	noun-en	kelly
7626	anslå	VERB		C1	verb	kelly
7627	eliminera	VERB		B2	verb	kelly
7628	civilisation	NOUN	en	B1	noun-en	kelly
7629	korthet	NOUN		B2	noun	kelly
7630	pub	NOUN	en	C1	noun-en	kelly
7631	dike	NOUN	ett	C1	noun-ett	kelly
7632	bärbar	ADJ		C1	adjective	kelly
7633	ansluten	ADJ		C1	adjective	kelly
7634	indikera	VERB		B2	verb	kelly
7635	biff	NOUN	en	C2	noun-en	kelly
7636	infektera	VERB		C2	verb	kelly
7637	förhöra	VERB		C1	verb	kelly
7638	principiellt	OTHER		C1	adverb	kelly
7639	kontinent	NOUN	en	B1	noun-en	kelly
7640	klo	NOUN	en	B2	noun-en	kelly
7641	avsättning	NOUN	en	C1	noun-en	kelly
7642	känneteckna	VERB		B1	verb	kelly
7643	motgång	NOUN	en	C1	noun-en	kelly
7644	kansli	NOUN	ett	B1	noun-ett	kelly
7645	avhandling	NOUN	en	B1	noun-en	kelly
7646	studsa	VERB		C1	verb	kelly
7647	fäste	NOUN	ett	B2	noun-ett	kelly
7648	koldioxid	NOUN	en	B1	noun-en	kelly
7649	nalle	NOUN	en	C2	noun-en	kelly
7650	förvånansvärt	OTHER		C1	adverb	kelly
7651	solsken	NOUN	ett	C2	noun-ett	kelly
7652	sky	NOUN	en	B2	noun-en	kelly
7653	hyllning	NOUN	en	C1	noun-en	kelly
7654	ologisk	ADJ		A2	adjective	kelly
7655	tryggt	OTHER		C1	adverb	kelly
7656	vindkraft	NOUN	en	B2	noun-en	kelly
7657	vodka	NOUN	en	C1	noun-en	kelly
7658	återhämtning	NOUN	en	B2	noun-en	kelly
7659	avslöjande	NOUN	ett	B2	noun-ett	kelly
7660	födelse	NOUN	en	B1	noun-en	kelly
7661	kreativitet	NOUN	en	B1	noun-en	kelly
7662	förvaring	NOUN	en	C1	noun-en	kelly
7663	njure	NOUN	en	C2	noun-en	kelly
7664	vits	NOUN	en	C1	noun-en	kelly
7665	trick	NOUN	ett	C1	noun-ett	kelly
7666	förbinda	VERB		B2	verb	kelly
7667	para	VERB		A2	verb	kelly
7668	modifiera	VERB		C1	verb	kelly
7669	analytiker	NOUN	en	C1	noun-en	kelly
7670	tillgå	VERB		C1	verb	kelly
7671	benägen	ADJ		B2	adjective	kelly
7672	kvot	NOUN	en	C1	noun-en	kelly
7673	bokstavligen	OTHER		B2	adverb	kelly
7674	hal	ADJ		C1	adjective	kelly
7675	förstora	VERB		C2	verb	kelly
7676	omslag	NOUN	ett	B1	noun-ett	kelly
7677	knuffa	VERB		C1	verb	kelly
7678	störta	VERB		B1	verb	kelly
7679	variabel	NOUN	en	C1	noun-en/adjective	kelly
7680	överflödig	ADJ		C1	adjective	kelly
7681	distribution	NOUN	en	B2	noun-en	kelly
7682	rentav	OTHER		B2	adverb	kelly
7683	kvantitet	NOUN	en	C1	noun-en	kelly
7684	skörd	NOUN	en	C1	noun-en	kelly
7685	bistå	VERB		B2	verb	kelly
7686	firande	NOUN		C1	noun	kelly
7687	hop	NOUN	en	C1	noun-en	kelly
7688	relevans	NOUN	en	B2	noun-en	kelly
7689	subventionera	VERB		C1	verb	kelly
7690	representation	NOUN	en	B2	noun-en	kelly
7691	genomgående	ADJ		B2	adjective/adverb	kelly
7692	brandman	NOUN	en	C1	noun-en	kelly
7693	produktiv	ADJ		B2	adjective	kelly
7694	etablissemang	NOUN	ett	B2	noun-ett	kelly
7695	diktator	NOUN	en	B2	noun-en	kelly
7696	redaktör	NOUN	en	B1	noun-en	kelly
7697	etablering	NOUN	en	B2	noun-en	kelly
7698	ohållbar	ADJ		C1	adjective	kelly
7699	långtgående	ADJ		B2	adjective	kelly
7700	skrivning	NOUN	en	A2	noun-en	kelly
7701	magi	NOUN	en	B2	noun-en	kelly
7702	makthavare	NOUN	en	B1	noun-en	kelly
7703	invadera	VERB		B2	verb	kelly
7704	kista	NOUN	en	B2	noun-en	kelly
7705	framsida	NOUN	en	C1	noun-en	kelly
7706	teknologi	NOUN	en	B1	noun-en	kelly
7707	kontant	ADJ		C1	adjective	kelly
7708	vida	OTHER		B2	adverb	kelly
7709	fakultet	NOUN	en	C1	noun-en	kelly
7710	uppror	NOUN	ett	A2	noun-ett	kelly
7711	rådgivare	NOUN	en	B1	noun-en	kelly
7712	legitimation	NOUN	en	C2	noun-en	kelly
7713	förvirring	NOUN	en	B2	noun-en	kelly
7714	försäljare	NOUN	en	C1	noun-en	kelly
7715	förhållningssätt	NOUN	ett	B1	noun-ett	kelly
7716	hektar	NOUN	ett	C2	noun-ett	kelly
7717	översikt	NOUN	en	C1	noun-en	kelly
7718	tydliggöra	VERB		C1	verb	kelly
7719	genomslag	NOUN	ett	B1	noun-ett	kelly
7720	postning	NOUN	en	C1	noun-en	kelly
7721	berika	VERB		C1	verb	kelly
7722	apelsin	NOUN	en	C2	noun-en	kelly
7723	lekplats	NOUN	en	C2	noun-en	kelly
7724	ryck	NOUN	ett	A1	noun-ett	kelly
7725	höna	NOUN	en	C1	noun-en	kelly
7726	aktivist	NOUN	en	B1	noun-en	kelly
7727	mana	VERB		A2	verb	kelly
7728	primitiv	ADJ		B2	adjective	kelly
7729	medeltid	NOUN	en	B1	noun-en	kelly
7730	gyllene	ADJ		B1	adjective	kelly
7731	matt	ADJ		C1	adjective	kelly
7732	samtala	VERB		B2	verb	kelly
7733	bättra	VERB		A1	verb	kelly
7734	graf	NOUN	en	A2	noun-en	kelly
7735	styrelseledamot	NOUN	en	C1	noun-en	kelly
7736	majs	NOUN	en	C2	noun-en	kelly
7737	clown	NOUN	en	C1	noun-en	kelly
7738	passning	NOUN	en	C2	noun-en	kelly
7739	väster om	OTHER		C1	prep	kelly
7740	sedel	NOUN	en	B2	noun-en	kelly
7741	hotfull	ADJ		C1	adjective	kelly
7742	iakttagelse	NOUN	en	C1	noun-en	kelly
7743	övergiven	ADJ		B2	adjective	kelly
7744	adekvat	ADJ		C1	adjective	kelly
7745	godtagbar	ADJ		B2	adjective	kelly
7746	attentat	NOUN	ett	C1	noun-ett	kelly
7747	genetiskt	OTHER		C1	adverb	kelly
7748	spridd	ADJ		B2	adjective	kelly
7749	finanskris	NOUN	en	B1	noun-en	kelly
7750	hiv	NOUN		B2	noun	kelly
7751	balanserad	ADJ		B2	adjective	kelly
7752	välta	VERB		B2	verb	kelly
7753	rengöra	VERB		C2	verb	kelly
7754	upplösa	VERB		B1	verb	kelly
7755	muta	NOUN	en	C1	noun-en	kelly
7756	trumma	NOUN	en	B2	noun-en	kelly
7757	legitimera	VERB		C1	verb	kelly
7758	kontext	NOUN	en	B2	noun-en	kelly
7759	bäcken	NOUN	ett	C2	noun-ett	kelly
7760	stabilisera	VERB		C1	verb	kelly
7761	avföring	NOUN	en	C2	noun-en	kelly
7762	irritation	NOUN	en	C1	noun-en	kelly
7763	fördelaktig	ADJ		B2	adjective	kelly
7764	matematisk	ADJ		B2	adjective	kelly
7765	bildning	NOUN	en	A1	noun-en	kelly
7766	sårbar	ADJ		C1	adjective	kelly
7767	välstånd	NOUN	ett	B1	noun-ett	kelly
7768	charm	NOUN	en	C1	noun-en	kelly
7769	insekt	NOUN	en	C1	noun-en	kelly
7770	huvudroll	NOUN	en	C1	noun-en	kelly
7771	räv	NOUN	en	C1	noun-en	kelly
7772	preferens	NOUN	en	C1	noun-en	kelly
7773	århundrade	NOUN	ett	A2	noun-ett	kelly
7774	delaktighet	NOUN	en	B2	noun-en	kelly
7775	censur	NOUN	en	B2	noun-en	kelly
7776	nationalitet	NOUN	en	B2	noun-en	kelly
7777	kl.	NOUN	en	A1	noun-en	kelly
7778	påhitt	NOUN	ett	C1	noun-ett	kelly
7779	täckning	NOUN	en	C1	noun-en	kelly
7780	katalog	NOUN	en	B2	noun-en	kelly
7781	iransk	ADJ		B1	adjective	kelly
7782	heterosexuell	ADJ		C1	adjective	kelly
7783	rutten	ADJ		C1	adjective	kelly
7784	stämpel	NOUN	en	C1	noun-en	kelly
7785	häxa	NOUN	en	C1	noun-en	kelly
7786	tvärt	OTHER		C1	adverb	kelly
7787	prestanda	NOUN	en	C1	noun-en	kelly
7788	flexibilitet	NOUN	en	B2	noun-en	kelly
7789	otalig	ADJ		B2	adjective	kelly
7790	mysterium	NOUN	ett	C1	noun-ett	kelly
7791	förvåning	NOUN	en	B2	noun-en	kelly
7792	ankomst	NOUN	en	B1	noun-en	kelly
7793	liberalism	NOUN	en	B1	noun-en	kelly
7794	anamma	VERB		C1	verb	kelly
7795	invasion	NOUN	en	B1	noun-en	kelly
7796	kryssa	VERB		C1	verb	kelly
7797	nazistisk	ADJ		B2	adjective	kelly
7798	bekymrad	ADJ		B2	adjective	kelly
7799	image	NOUN	en	B2	noun-en	kelly
7800	skapelse	NOUN	en	B1	noun-en	kelly
7801	överdrift	NOUN	en	C1	noun-en	kelly
7802	snäv	ADJ		C1	adjective	kelly
7803	förbrukning	NOUN	en	C1	noun-en	kelly
7804	suppleant	NOUN	en	C2	noun-en	kelly
7805	estetisk	ADJ		B2	adjective	kelly
7806	behaga	VERB		C1	verb	kelly
7807	oliv	NOUN	en	C2	noun-en	kelly
7808	talesman	NOUN	en	B2	noun-en	kelly
7809	kuvert	NOUN	ett	C1	noun-ett	kelly
7810	taktisk	ADJ		C1	adjective	kelly
7811	tillika	OTHER		B2	adverb	kelly
7812	prioritet	NOUN	en	C1	noun-en	kelly
7813	utdragen	ADJ		C1	adjective	kelly
7814	allierad	ADJ		B1	adjective	kelly
7815	vinnande	ADJ		C1	adjective	kelly
7816	offentlighet	NOUN	en	B2	noun-en	kelly
7817	förstånd	NOUN	ett	B2	noun-ett	kelly
7818	förkasta	VERB		B1	verb	kelly
7819	piano	NOUN	ett	C1	noun-ett	kelly
7820	påträffa	VERB		C1	verb	kelly
7821	främlingsfientlig	ADJ		B2	adjective	kelly
7822	irakisk	ADJ		B2	adjective	kelly
7823	poet	NOUN	en	B1	noun-en	kelly
7824	uppehålla	VERB		B2	verb	kelly
7825	kvarn	NOUN	en	C2	noun-en	kelly
7826	entydig	ADJ		B2	adjective	kelly
7827	mineral	NOUN	ett	C2	noun-ett	kelly
7828	tennis	NOUN	en	C1	noun-en	kelly
7829	poesi	NOUN	en	B1	noun-en	kelly
7830	laddning	NOUN	en	B2	noun-en	kelly
7831	syre	NOUN	ett	C1	noun-ett	kelly
7832	turné	NOUN	en	B2	noun-en	kelly
7833	buller	NOUN	ett	C1	noun-ett	kelly
7834	kompromissa	VERB		B2	verb	kelly
7835	sponsor	NOUN	en	C1	noun-en	kelly
7836	otänkbar	ADJ		C1	adjective	kelly
7837	intressent	NOUN	en	C1	noun-en	kelly
7838	projektledare	NOUN	en	B2	noun-en	kelly
7839	biträdande	ADJ		C1	adjective	kelly
7840	avkomma	NOUN	en	C1	noun-en	kelly
7841	magasin	NOUN	ett	B2	noun-ett	kelly
7842	hantverkare	NOUN	en	C1	noun-en	kelly
7843	solidarisk	ADJ		C1	adjective	kelly
7844	misstänksam	ADJ		C1	adjective	kelly
7845	slutta	VERB		C2	verb	kelly
7846	stift	NOUN	ett	B2	noun-ett	kelly
7847	spilla	VERB		C1	verb	kelly
7848	konsistens	NOUN	en	C2	noun-en	kelly
7849	fundamental	ADJ		B2	adjective	kelly
7850	disciplin	NOUN	en	B2	noun-en	kelly
7851	litterär	ADJ		B1	adjective	kelly
7852	fiber	NOUN	en	C2	noun-en	kelly
7853	korsa	VERB		B2	verb	kelly
7854	antisemitism	NOUN	en	B1	noun-en	kelly
7855	gruppering	NOUN	en	B2	noun-en	kelly
7856	markering	NOUN	en	B2	noun-en	kelly
7857	vakta	VERB		B2	verb	kelly
7858	italienare	NOUN	en	C1	noun-en	kelly
7859	grundare	NOUN	en	B2	noun-en	kelly
7860	löntagare	NOUN	en	C1	noun-en	kelly
7861	täckt	ADJ		B2	adjective	kelly
7862	småföretag	NOUN	ett	C1	noun-ett	kelly
7863	tilltro	NOUN	en	B2	noun-en	kelly
7864	uttal	NOUN	ett	C1	noun-ett	kelly
7865	åratal	NOUN		C1	noun	kelly
7866	armbåge	NOUN	en	C2	noun-en	kelly
7867	bokhylla	NOUN	en	B2	noun-en	kelly
7868	oförmåga	NOUN	en	B2	noun-en	kelly
7869	signalera	VERB		C1	verb	kelly
7870	strömma	VERB		B2	verb	kelly
7871	pc	NOUN	en	C1	noun-en	kelly
7872	amatör	NOUN	en	C1	noun-en	kelly
7873	underlåta	VERB		C1	verb	kelly
7874	tragedi	NOUN	en	B2	noun-en	kelly
7875	bokföring	NOUN	en	C1	noun-en	kelly
7876	syra	NOUN	en	C2	noun-en/verb	kelly
7877	vilse	OTHER		C1	adverb	kelly
7878	islamistisk	ADJ		B2	adjective	kelly
7879	kärnkraftverk	NOUN	ett	B2	noun-ett	kelly
7880	arbetsmarknadspolitik	NOUN	en	B2	noun-en	kelly
7881	lågkonjunktur	NOUN	en	B1	noun-en	kelly
7882	broms	NOUN	en	C1	noun-en	kelly
7883	mekanisk	ADJ		B2	adjective	kelly
7884	manifestation	NOUN	en	B2	noun-en	kelly
7885	avlägga	VERB		C1	verb	kelly
7886	grubbla	VERB		C1	verb	kelly
7887	tona	VERB		A2	verb	kelly
7888	närområde	NOUN	ett	C1	noun-ett	kelly
7889	svält	NOUN	en	B2	noun-en	kelly
7890	netto	NOUN	ett	C1	noun-ett	kelly
7891	befrielse	NOUN	en	B2	noun-en	kelly
7892	beordra	VERB		B2	verb	kelly
7893	alarm	NOUN	ett	C2	noun-ett	kelly
7894	minimum	NOUN	ett	C1	noun-ett	kelly
7895	omtyckt	ADJ		C1	adjective	kelly
7896	förnyelse	NOUN	en	B2	noun-en	kelly
7897	trauma	NOUN	ett	C2	noun-ett	kelly
7898	effektivisera	VERB		C1	verb	kelly
7899	gudomlig	ADJ		B1	adjective	kelly
7900	förankring	NOUN	en	B2	noun-en	kelly
7901	bearbetning	NOUN	en	C1	noun-en	kelly
7902	plåster	NOUN	ett	C2	noun-ett	kelly
7903	tröskel	NOUN	en	C1	noun-en	kelly
7904	anknyta	VERB		C1	verb	kelly
7905	fjäder	NOUN	en	C2	noun-en	kelly
7906	donator	NOUN	en	C2	noun-en	kelly
7907	öst	NOUN	en	A2	noun-en	kelly
7908	frekvent	ADJ		C1	adjective	kelly
7909	stundtals	OTHER		B2	adverb	kelly
7910	bunt	NOUN	en	C1	noun-en	kelly
7911	folkbildning	NOUN	en	B1	noun-en	kelly
7912	dotterbolag	NOUN	ett	C1	noun-ett	kelly
7913	obligation	NOUN	en	C2	noun-en	kelly
7914	utnämna	VERB		B2	verb	kelly
7915	nedanstående	ADJ		B2	adjective	kelly
7916	skruv	NOUN	en	C2	noun-en	kelly
7917	skvaller	NOUN	ett	C1	noun-ett	kelly
7918	lagstifta	VERB		C1	verb	kelly
7919	krock	NOUN	en	C2	noun-en	kelly
7920	bygd	NOUN	en	A2	noun-en	kelly
7921	arbetarklass	NOUN	en	A2	noun-en	kelly
7922	intyga	VERB		C1	verb	kelly
7923	lotteri	NOUN	ett	C1	noun-ett	kelly
7924	bräda	NOUN	en	C1	noun-en/verb	kelly
7925	tankegång	NOUN	en	B2	noun-en	kelly
7926	mentalitet	NOUN	en	C1	noun-en	kelly
7927	sjöman	NOUN	en	B2	noun-en	kelly
7928	ikon	NOUN	en	C1	noun-en	kelly
7929	förakta	VERB		C1	verb	kelly
7930	stängning	NOUN	en	C1	noun-en	kelly
7931	nobelpris	NOUN	ett	B2	noun-ett	kelly
7932	snöre	NOUN	ett	C2	noun-ett	kelly
7933	beskylla	VERB		B2	verb	kelly
7934	obegränsad	ADJ		B2	adjective	kelly
7935	hink	NOUN	en	C2	noun-en	kelly
7936	verkning	NOUN	en	B2	noun-en	kelly
7937	introduktion	NOUN	en	B2	noun-en	kelly
7938	taliban	NOUN	en	B1	noun-en	kelly
7939	konjunktur	NOUN	en	B1	noun-en	kelly
7940	grind	NOUN	en	C1	noun-en	kelly
7941	rullstol	NOUN	en	C1	noun-en	kelly
7942	avsiktligt	OTHER		C1	adverb	kelly
7943	censurera	VERB		C1	verb	kelly
7944	assistans	NOUN	en	C1	noun-en	kelly
7945	samtid	NOUN	en	B2	noun-en	kelly
7946	fascism	NOUN	en	B1	noun-en	kelly
7947	flock	NOUN	en	B2	noun-en	kelly
7948	komplettering	NOUN	en	C1	noun-en	kelly
7949	härstamma	VERB		B2	verb	kelly
7950	pedagogik	NOUN	en	C1	noun-en	kelly
7951	dröjsmål	NOUN	ett	C1	noun-ett	kelly
7952	cirkulera	VERB		C1	verb	kelly
7953	underkänna	VERB		C1	verb	kelly
7954	alliansregering	NOUN	en	B2	noun-en	kelly
7955	kostsam	ADJ		C1	adjective	kelly
7956	glädjande	ADJ		B1	adjective	kelly
7957	dofta	VERB		C2	verb	kelly
7958	slips	NOUN	en	C1	noun-en	kelly
7959	laboratorium	NOUN	ett	C1	noun-ett	kelly
7960	fostra	VERB		C1	verb	kelly
7961	kroppslig	ADJ		C1	adjective	kelly
7962	vålla	VERB		C1	verb	kelly
7963	nord	NOUN		B1	noun	kelly
7964	presidentval	NOUN	ett	B1	noun-ett	kelly
7965	utplåna	VERB		B2	verb	kelly
7966	lokalisera	VERB		C1	verb	kelly
7967	tillskriva	VERB		B2	verb	kelly
7968	klick	NOUN	en	C1	noun-en	kelly
7969	europé	NOUN	en	B2	noun-en	kelly
7970	utdela	VERB		C1	verb	kelly
7971	chefredaktör	NOUN	en	B1	noun-en	kelly
7972	väsen	NOUN	ett	B1	noun-ett	kelly
7973	hårdvara	NOUN	en	C2	noun-en	kelly
7974	civiliserad	ADJ		C1	adjective	kelly
7975	utkast	NOUN	ett	B2	noun-ett	kelly
7976	biograf	NOUN	en	C1	noun-en	kelly
7977	trettio	NUM		A1	numeral	kelly
7978	utrikespolitik	NOUN	en	B1	noun-en	kelly
7979	genombrott	NOUN	ett	B2	noun-ett	kelly
7980	gedigen	ADJ		C2	adjective	kelly
7981	express	NOUN	en	C1	noun-en	kelly
7982	dagstidning	NOUN	en	B2	noun-en	kelly
7983	grafisk	ADJ		B1	adjective	kelly
7984	prisa	VERB		B2	verb	kelly
7985	modersmål	NOUN	ett	B2	noun-ett	kelly
7986	kvadratmeter	NOUN	en	C1	noun-en	kelly
7987	avundsjuka	NOUN	en	C1	noun-en	kelly
7988	nutid	NOUN	en	B2	noun-en	kelly
7989	lokalisering	NOUN	en	C2	noun-en	kelly
7990	predika	VERB		B1	verb	kelly
7991	närliggande	ADJ		B2	adjective	kelly
7992	auktoritet	NOUN	en	B1	noun-en	kelly
7993	bäck	NOUN	en	C1	noun-en	kelly
7994	ull	NOUN	en	C2	noun-en	kelly
7995	konspirationsteori	NOUN	en	B2	noun-en	kelly
7996	specificera	VERB		C1	verb	kelly
7997	kylig	ADJ		C1	adjective	kelly
7998	eskalera	VERB		C2	verb	kelly
7999	republikan	NOUN	en	B2	noun-en	kelly
8000	afton	NOUN	en	B2	noun-en	kelly
8001	isolering	NOUN	en	B2	noun-en	kelly
8002	novell	NOUN	en	B1	noun-en	kelly
8003	produktivitet	NOUN	en	B1	noun-en	kelly
8004	förfärlig	ADJ		C1	adjective	kelly
8005	uniform	NOUN	en	C1	noun-en	kelly
8006	putsa	VERB		C2	verb	kelly
8007	skörda	VERB		B2	verb	kelly
8008	sovjetisk	ADJ		A2	adjective	kelly
8009	spinna	VERB		C1	verb	kelly
8010	stöt	NOUN	en	C2	noun-en	kelly
8011	vattna	VERB		C2	verb	kelly
8012	dynamisk	ADJ		B1	adjective	kelly
8013	kast	NOUN	ett	B1	noun-ett	kelly
8014	äng	NOUN	en	A2	noun-en	kelly
8015	huvudperson	NOUN	en	B1	noun-en	kelly
8016	ammunition	NOUN	en	B2	noun-en	kelly
8017	procedur	NOUN	en	C1	noun-en	kelly
8018	hårig	ADJ		C2	adjective	kelly
8019	älskare	NOUN	en	C1	noun-en	kelly
8020	inflammation	NOUN	en	C2	noun-en	kelly
8021	förenkling	NOUN	en	C1	noun-en	kelly
8022	komedi	NOUN	en	C1	noun-en	kelly
8023	instinkt	NOUN	en	C1	noun-en	kelly
8024	flotta	NOUN	en	B1	noun-en	kelly
8025	näringsminister	NOUN	en	B2	noun-en	kelly
8026	erövra	VERB		B1	verb	kelly
8027	avla	VERB		C2	verb	kelly
8028	samhällelig	ADJ		B1	adjective	kelly
8029	avlopp	NOUN	ett	C2	noun-ett	kelly
8030	samisk	ADJ		C1	adjective	kelly
8031	kulturarv	NOUN	ett	B2	noun-ett	kelly
8032	undergång	NOUN	en	B2	noun-en	kelly
8033	föreläsa	VERB		C1	verb	kelly
8034	omtänksam	ADJ		C2	adjective	kelly
8035	räckvidd	NOUN	en	C1	noun-en	kelly
8036	staket	NOUN	ett	C2	noun-ett	kelly
8037	fasa	NOUN	en	C1	noun-en	kelly
8038	amortering	NOUN	en	C2	noun-en	kelly
8039	maträtt	NOUN	en	C2	noun-en	kelly
8040	hjälpsam	ADJ		C2	adjective	kelly
8041	anka	NOUN	en	B2	noun-en	kelly
8042	arbetssätt	NOUN	ett	B2	noun-ett	kelly
8043	sparsam	ADJ		C2	adjective	kelly
8044	toppmöte	NOUN	ett	B2	noun-ett	kelly
8045	bestraffa	VERB		C1	verb	kelly
8046	kolumn	NOUN	en	C1	noun-en	kelly
8047	korn	NOUN	ett	C1	noun-ett	kelly
8048	plågsam	ADJ		C1	adjective	kelly
8049	framträdande	ADJ		B2	adjective/noun-ett	kelly
8050	kruka	NOUN	en	C1	noun-en	kelly
8051	förbehåll	NOUN	ett	C1	noun-ett	kelly
8052	sekulär	ADJ		B2	adjective	kelly
8053	fortgå	VERB		C1	verb	kelly
8054	analog	ADJ		A1	adjective	kelly
8055	assistera	VERB		C2	verb	kelly
8056	sammansatt	ADJ		B2	adjective	kelly
8057	duk	NOUN	en	C1	noun-en	kelly
8058	kvällsmat	NOUN	en	C2	noun-en	kelly
8059	optimistisk	ADJ		C1	adjective	kelly
8060	progressiv	ADJ		B1	adjective	kelly
8061	överklass	NOUN	en	B2	noun-en	kelly
8062	dessförinnan	OTHER		B2	adverb	kelly
8063	indikator	NOUN	en	B2	noun-en	kelly
8064	manager	NOUN	en	C1	noun-en	kelly
8065	svälla	VERB		C2	verb	kelly
8066	förfoga	VERB		C1	verb	kelly
8067	bringa	VERB		A2	verb	kelly
8068	handledare	NOUN	en	C1	noun-en	kelly
8069	associera	VERB		C1	verb	kelly
8070	krut	NOUN	ett	C1	noun-ett	kelly
8071	rondell	NOUN	en	C2	noun-en	kelly
8072	portfölj	NOUN	en	C1	noun-en	kelly
8073	kretsa	VERB		C1	verb	kelly
8074	farhåga	NOUN	en	B2	noun-en	kelly
8075	brunn	NOUN	en	C1	noun-en	kelly
8076	pil	NOUN	en	C1	noun-en	kelly
8077	skrattretande	ADJ		C1	adjective	kelly
8078	nia	NOUN	en	A1	noun-en	kelly
8079	förföljelse	NOUN	en	B1	noun-en	kelly
8080	organism	NOUN	en	B2	noun-en	kelly
8081	kvalitativ	ADJ		C1	adjective	kelly
8082	medvetenhet	NOUN	en	B1	noun-en	kelly
8083	nedanför	OTHER		B2	prep	kelly
8084	webbläsare	NOUN	en	B1	noun-en	kelly
8085	förfrågan	NOUN	en	C2	noun-en	kelly
8086	delning	NOUN	en	A2	noun-en	kelly
8087	flyktingpolitik	NOUN	en	C1	noun-en	kelly
8088	märkning	NOUN	en	B2	noun-en	kelly
8089	reaktor	NOUN	en	C1	noun-en	kelly
8090	framhäva	VERB		C1	verb	kelly
8091	programmera	VERB		C2	verb	kelly
8092	bestånd	NOUN	ett	C1	noun-ett	kelly
8093	flit	NOUN	en	C1	noun-en	kelly
8094	vrede	NOUN	en	B2	noun-en	kelly
8095	urholka	VERB		C1	verb	kelly
8096	diplomatisk	ADJ		B1	adjective	kelly
8097	vädja	VERB		B2	verb	kelly
8098	slumpmässig	ADJ		C1	adjective	kelly
8099	byråkrati	NOUN	en	B1	noun-en	kelly
8100	verifiera	VERB		B2	verb	kelly
8101	livslång	ADJ		B2	adjective	kelly
8102	delegera	VERB		C1	verb	kelly
8103	bildande	ADJ		B2	adjective	kelly
8104	konstverk	NOUN	ett	B2	noun-ett	kelly
8105	partikel	NOUN	en	C1	noun-en	kelly
8106	visuell	ADJ		C1	adjective	kelly
8107	taxa	NOUN	en	C2	noun-en	kelly
8108	sammanslutning	NOUN	en	B2	noun-en	kelly
8109	areal	NOUN	en	C1	noun-en	kelly
8110	homogen	ADJ		C1	adjective	kelly
8111	årsmöte	NOUN	ett	B2	noun-ett	kelly
8112	obalans	NOUN	en	B2	noun-en	kelly
8113	sexa	NOUN	en	A1	noun-en	kelly
8114	asfalt	NOUN	en	C1	noun-en	kelly
8115	snuskig	ADJ		C2	adjective	kelly
8116	julgran	NOUN	en	C2	noun-en	kelly
8117	publicering	NOUN	en	B1	noun-en	kelly
8118	bosättning	NOUN	en	B1	noun-en	kelly
8119	rasande	ADJ		B2	adjective	kelly
8120	sympatisk	ADJ		C1	adjective	kelly
8121	toffel	NOUN	en	C2	noun-en	kelly
8122	besättning	NOUN	en	B1	noun-en	kelly
8123	invända	VERB		B2	verb	kelly
8124	centralbank	NOUN	en	B1	noun-en	kelly
8125	nationalistisk	ADJ		B2	adjective	kelly
8126	premiss	NOUN	en	C1	noun-en	kelly
8127	föredrag	NOUN	ett	B1	noun-ett	kelly
8128	tillfällighet	NOUN	en	C1	noun-en	kelly
8129	galenskap	NOUN	en	C1	noun-en	kelly
8130	livslängd	NOUN	en	C1	noun-en	kelly
8131	förlopp	NOUN	ett	B2	noun-ett	kelly
8132	holländsk	ADJ		B2	adjective	kelly
8133	avlägsna	VERB		B2	verb	kelly
8134	femte	NUM		A1	numeral	kelly
8135	hundratusen	NUM		A1	numeral	kelly
8136	tredje	NUM		A1	numeral	kelly
8137	oundviklig	ADJ		B2	adjective	kelly
8138	knut	NOUN	en	B2	noun-en	kelly
8139	upprättande	NOUN	ett	B2	noun-ett	kelly
8140	bomull	NOUN	en	C1	noun-en	kelly
8141	fossil	ADJ		B2	adjective	kelly
8142	stipendium	NOUN	ett	C1	noun-ett	kelly
8143	äventyra	VERB		C1	verb	kelly
8144	fyr	NOUN	en	C1	noun-en	kelly
8145	fyllning	NOUN	en	C2	noun-en	kelly
8146	påtryckning	NOUN	en	B2	noun-en	kelly
8147	inbjuda	VERB		B2	verb	kelly
8148	mager	ADJ		C1	adjective	kelly
8149	programmering	NOUN	en	C2	noun-en	kelly
8150	demo	NOUN	en	C1	noun-en	kelly
8151	lojal	ADJ		C1	adjective	kelly
8152	mognad	NOUN	en	C1	noun-en	kelly
8153	betong	NOUN	en	C1	noun-en	kelly
8154	terminal	NOUN	en	C2	noun-en/adjective	kelly
8155	översvämning	NOUN	en	B2	noun-en	kelly
8156	propagera	VERB		B2	verb	kelly
8157	underordna	VERB		C1	verb	kelly
8158	utbildningsminister	NOUN	en	A1	noun-en	kelly
8159	återförsäljare	NOUN	en	C1	noun-en	kelly
8160	empirisk	ADJ		B2	adjective	kelly
8161	exponering	NOUN	en	C1	noun-en	kelly
8162	engelsman	NOUN	en	B1	noun-en	kelly
8163	svärd	NOUN	ett	B1	noun-ett	kelly
8164	fusion	NOUN	en	C2	noun-en	kelly
8165	pol	NOUN	en	B2	noun-en	kelly
8166	ek	NOUN	en	A1	noun-en	kelly
8167	orealistisk	ADJ		C1	adjective	kelly
8168	visum	NOUN	ett	C1	noun-ett	kelly
8169	hetta	NOUN	en	C1	noun-en/verb	kelly
8170	strukturera	VERB		C1	verb	kelly
8171	motstå	VERB		C1	verb	kelly
8172	fukt	NOUN	en	C1	noun-en	kelly
8173	befruktning	NOUN	en	C2	noun-en	kelly
8174	rättfärdiga	VERB		C1	verb	kelly
8175	kirurg	NOUN	en	C2	noun-en	kelly
8176	expertis	NOUN	en	C1	noun-en	kelly
8177	segra	VERB		B1	verb	kelly
8178	privilegium	NOUN	ett	B2	noun-ett	kelly
8179	fullborda	VERB		C1	verb	kelly
8180	fotografering	NOUN	en	C1	noun-en	kelly
8181	generalsekreterare	NOUN	en	B2	noun-en	kelly
8182	morbror	NOUN	en	A1	noun-en	kelly
8183	förfall	NOUN	ett	B2	noun-ett	kelly
8184	polack	NOUN	en	C1	noun-en	kelly
8185	sammanfalla	VERB		B2	verb	kelly
8186	lämplighet	NOUN	en	C1	noun-en	kelly
8187	omöjlighet	NOUN	en	C1	noun-en	kelly
8188	lera	NOUN	en	C1	noun-en	kelly
8189	låga	NOUN	en	B2	noun-en	kelly
8190	pussel	NOUN	ett	C2	noun-ett	kelly
8191	serbisk	ADJ		B2	adjective	kelly
8192	tiger	NOUN	en	C1	noun-en	kelly
8193	eftertanke	NOUN	en	B2	noun-en	kelly
8194	återkomst	NOUN	en	B2	noun-en	kelly
8195	företräde	NOUN	ett	C1	noun-ett	kelly
8196	krigare	NOUN	en	B2	noun-en	kelly
8197	beklaglig	ADJ		C1	adjective	kelly
8198	grädda	VERB		C2	verb	kelly
8199	tillåtelse	NOUN	en	B2	noun-en	kelly
8200	tvärs	OTHER		B2	adverb	kelly
8201	förbränning	NOUN	en	C1	noun-en	kelly
8202	förlåt	OTHER		C2	interj	kelly
8203	avsändare	NOUN	en	C1	noun-en	kelly
8204	folkrörelse	NOUN	en	B2	noun-en	kelly
8205	konventionell	ADJ		B2	adjective	kelly
8206	kostnadsfri	ADJ		C1	adjective	kelly
8207	packning	NOUN	en	B2	noun-en	kelly
8208	cynisk	ADJ		C1	adjective	kelly
8209	påskynda	VERB		C1	verb	kelly
8210	designer	NOUN	en	C2	noun-en	kelly
8211	avslutningsvis	OTHER		B2	adverb	kelly
8212	öken	NOUN	en	B2	noun-en	kelly
8213	förtjänst	NOUN	en	B2	noun-en	kelly
8214	uppförande	NOUN	ett	B2	noun-ett	kelly
8215	utfrågning	NOUN	en	C1	noun-en	kelly
8216	lamm	NOUN	ett	C1	noun-ett	kelly
8217	funktionell	ADJ		C1	adjective	kelly
8218	avskaffande	NOUN	ett	B2	noun-ett	kelly
8219	tolerera	VERB		C1	verb	kelly
8220	överblick	NOUN	en	C1	noun-en	kelly
8221	inviga	VERB		B2	verb	kelly
8222	ungdomsförbund	NOUN	ett	B1	noun-ett	kelly
8223	socialförsäkring	NOUN	en	C1	noun-en	kelly
8224	återta	VERB		B2	verb	kelly
8225	bilateral	ADJ		C1	adjective	kelly
8226	invigning	NOUN	en	C1	noun-en	kelly
8227	utlopp	NOUN	ett	C1	noun-ett	kelly
8228	biografi	NOUN	en	B2	noun-en	kelly
8229	reflex	NOUN	en	C2	noun-en	kelly
8230	glimt	NOUN	en	C1	noun-en	kelly
8231	jazz	NOUN	en	C1	noun-en	kelly
8232	förväxla	VERB		C1	verb	kelly
8233	bidragande	ADJ		C1	adjective	kelly
8234	oriktig	ADJ		C1	adjective	kelly
8235	donation	NOUN	en	C1	noun-en	kelly
8236	tortera	VERB		C1	verb	kelly
8237	värdighet	NOUN	en	A2	noun-en	kelly
8238	runtom	OTHER		B2	adverb	kelly
8239	horn	NOUN	ett	B2	noun-ett	kelly
8240	uttrycklig	ADJ		C1	adjective	kelly
8241	ordförandeskap	NOUN	ett	B1	noun-ett	kelly
8242	abstrakt	ADJ		B2	adjective	kelly
8243	kupp	NOUN	en	B2	noun-en	kelly
8244	exponera	VERB		C1	verb	kelly
8245	kollaps	NOUN	en	B2	noun-en	kelly
8246	stekpanna	NOUN	en	C2	noun-en	kelly
8247	brottas	VERB		C1	verb	kelly
8248	beröva	VERB		B2	verb	kelly
8249	artig	ADJ		C2	adjective	kelly
8250	symbolisk	ADJ		B2	adjective	kelly
8251	tacksamhet	NOUN	en	C1	noun-en	kelly
8252	snickare	NOUN	en	C1	noun-en	kelly
8253	inblick	NOUN	en	B2	noun-en	kelly
8254	tystna	VERB		C1	verb	kelly
8255	festlig	ADJ		C1	adjective	kelly
8256	kvarvarande	ADJ		B2	adjective	kelly
8257	administrera	VERB		B2	verb	kelly
8258	avskrivning	NOUN	en	C2	noun-en	kelly
8259	upphovsrätt	NOUN	en	A2	noun-en	kelly
8260	maffia	NOUN	en	C1	noun-en	kelly
8261	kiosk	NOUN	en	C2	noun-en	kelly
8262	båge	NOUN	en	C2	noun-en	kelly
8263	religionsfrihet	NOUN	en	B2	noun-en	kelly
8264	latin	NOUN	ett	B2	noun-ett	kelly
8265	käpp	NOUN	en	C2	noun-en	kelly
8266	bal	NOUN	en	C2	noun-en	kelly
8267	uppträdande	NOUN	ett	B2	noun-ett	kelly
8268	kappa	NOUN	en	C1	noun-en	kelly
8269	sittplats	NOUN	en	C2	noun-en	kelly
8270	lagring	NOUN	en	C1	noun-en	kelly
8271	formulär	NOUN	ett	C1	noun-ett	kelly
8272	mjukvara	NOUN	en	B2	noun-en	kelly
8273	lagstiftare	NOUN	en	C1	noun-en	kelly
8274	kommando	NOUN	ett	C2	noun-ett	kelly
8275	porträtt	NOUN	ett	B2	noun-ett	kelly
8276	experimentera	VERB		C1	verb	kelly
8277	riksdagsparti	NOUN	ett	B2	noun-ett	kelly
8278	utelämna	VERB		C1	verb	kelly
8279	levnadsstandard	NOUN	en	B2	noun-en	kelly
8280	överdrivet	OTHER		C1	adverb	kelly
8281	slakt	NOUN	en	C1	noun-en	kelly
8282	nominering	NOUN	en	C1	noun-en	kelly
8283	givare	NOUN	en	A1	noun-en	kelly
8284	huvudkontor	NOUN	ett	C1	noun-ett	kelly
8285	godhet	NOUN	en	C1	noun-en	kelly
8286	statisk	ADJ		C1	adjective	kelly
8287	pund	NOUN	ett	C1	noun-ett	kelly
8288	innovativ	ADJ		B2	adjective	kelly
8289	kognitiv	ADJ		C1	adjective	kelly
8290	gradvis	OTHER		B1	adverb	kelly
8291	spaning	NOUN	en	B2	noun-en	kelly
8292	veteran	NOUN	en	C1	noun-en	kelly
8293	intensifiera	VERB		C1	verb	kelly
8294	elektronik	NOUN	en	C1	noun-en	kelly
8295	rotera	VERB		C2	verb	kelly
8296	fresta	VERB		C2	verb	kelly
8297	ärm	NOUN	en	C2	noun-en	kelly
8298	aska	NOUN	en	B2	noun-en	kelly
8299	tia	NOUN	en	A1	noun-en	kelly
8300	elegant	ADJ		B2	adjective	kelly
8301	utbrista	VERB		C1	verb	kelly
8302	härma	VERB		C2	verb	kelly
8303	inbördes	ADJ		B2	adjective	kelly
8304	omvårdnad	NOUN	en	C2	noun-en	kelly
8305	exotisk	ADJ		C1	adjective	kelly
8306	riksdagsval	NOUN	ett	B1	noun-ett	kelly
8307	lantbrukare	NOUN	en	C1	noun-en	kelly
8308	partnerskap	NOUN	ett	B2	noun-ett	kelly
8309	simning	NOUN	en	C2	noun-en	kelly
8310	människosyn	NOUN	en	C1	noun-en	kelly
8311	naturresurs	NOUN	en	C1	noun-en	kelly
8312	recensera	VERB		B2	verb	kelly
8313	oändlighet	NOUN	en	C1	noun-en	kelly
8314	blotta	VERB		C2	verb/noun-en	kelly
8315	provisorisk	ADJ		C1	adjective	kelly
8316	medial	ADJ		B2	adjective	kelly
8317	arkitektur	NOUN	en	B1	noun-en	kelly
8318	kyrkogård	NOUN	en	B2	noun-en	kelly
8319	snarka	VERB		C2	verb	kelly
8320	dragning	NOUN	en	C1	noun-en	kelly
8321	diameter	NOUN	en	C1	noun-en	kelly
8322	härröra	VERB		C1	verb	kelly
8323	dominans	NOUN	en	B2	noun-en	kelly
8324	valsedel	NOUN	en	B2	noun-en	kelly
8325	avskeda	VERB		C1	verb	kelly
8326	omvänt	OTHER		C1	adverb	kelly
8327	fyrverkeri	NOUN	ett	C2	noun-ett	kelly
8328	utstå	VERB		C1	verb	kelly
8329	domän	NOUN	en	C1	noun-en	kelly
8330	gudstjänst	NOUN	en	B1	noun-en	kelly
8331	undre	ADJ		C1	adjective	kelly
8332	respektive	OTHER		A2	conj/adverb	kelly
8333	tillvägagångssätt	NOUN	ett	B2	noun-ett	kelly
8334	kristall	NOUN	en	C2	noun-en	kelly
8335	heltäckande	ADJ		B2	adjective	kelly
8336	harmoni	NOUN	en	B2	noun-en	kelly
8337	hållplats	NOUN	en	C2	noun-en	kelly
8338	skandinavisk	ADJ		B2	adjective	kelly
8339	nåd	NOUN	en	A2	noun-en	kelly
8340	återvinning	NOUN	en	C1	noun-en	kelly
8341	garn	NOUN	ett	C1	noun-ett	kelly
8342	aids	NOUN		C1	noun	kelly
8343	passage	NOUN	en	B2	noun-en	kelly
8344	rovdjur	NOUN	ett	B2	noun-ett	kelly
8345	sekundär	ADJ		C1	adjective	kelly
8346	lärjunge	NOUN	en	B1	noun-en	kelly
8347	hantverk	NOUN	ett	C1	noun-ett	kelly
8348	förutsägbar	ADJ		C1	adjective	kelly
8349	narkotikum	NOUN	ett	B1	noun-ett	kelly
8350	sylt	NOUN	en	C2	noun-en	kelly
8351	betvivla	VERB		C1	verb	kelly
8352	mittfält	NOUN	ett	C2	noun-ett	kelly
8353	vänligen	OTHER		C1	adverb	kelly
8354	avreglering	NOUN	en	B2	noun-en	kelly
8355	brandkår	NOUN	en	C2	noun-en	kelly
8356	inrikes	OTHER		C2	adverb	kelly
8357	välbefinnande	NOUN	ett	C1	noun-ett	kelly
8358	yxa	NOUN	en	B2	noun-en	kelly
8359	retorisk	ADJ		B2	adjective	kelly
8360	bevarande	NOUN	ett	B2	noun-ett	kelly
8361	bricka	NOUN	en	C1	noun-en	kelly
8362	mötesplats	NOUN	en	B2	noun-en	kelly
8363	brant	ADJ		B2	adjective/noun-en	kelly
8364	staty	NOUN	en	B2	noun-en	kelly
8365	automat	NOUN	en	C2	noun-en	kelly
8366	organisk	ADJ		B2	adjective	kelly
8367	blockad	NOUN	en	B2	noun-en	kelly
8368	immunitet	NOUN	en	C2	noun-en	kelly
8369	eka	VERB		A1	verb	kelly
8370	option	NOUN	en	C1	noun-en	kelly
8371	miljöfråga	NOUN	en	B2	noun-en	kelly
8372	kvantitativ	ADJ		C1	adjective	kelly
8373	ledarsida	NOUN	en	B2	noun-en	kelly
8374	ritning	NOUN	en	B2	noun-en	kelly
8375	åkomma	NOUN	en	C2	noun-en	kelly
8376	informell	ADJ		B2	adjective	kelly
8377	kräfta	NOUN	en	C2	noun-en	kelly
8378	nykomling	NOUN	en	C1	noun-en	kelly
8379	lyssnare	NOUN	en	C1	noun-en	kelly
8380	mission	NOUN	en	A1	noun-en	kelly
8381	tjur	NOUN	en	C1	noun-en	kelly
8382	överväldiga	VERB		C2	verb	kelly
8383	bekantskap	NOUN	en	C1	noun-en	kelly
8384	brytning	NOUN	en	C1	noun-en	kelly
8385	valresultat	NOUN	ett	C1	noun-ett	kelly
8386	auktorisera	VERB		C2	verb	kelly
8387	stormakt	NOUN	en	B2	noun-en	kelly
8388	kvadrat	NOUN	en	C2	noun-en	kelly
8389	skötsel	NOUN	en	C1	noun-en	kelly
8390	handlare	NOUN	en	C1	noun-en	kelly
8391	impuls	NOUN	en	C1	noun-en	kelly
8392	skift	NOUN	ett	C2	noun-ett	kelly
8393	polisstation	NOUN	en	C1	noun-en	kelly
8394	femtio	NUM		A1	numeral	kelly
8395	försiktighet	NOUN	en	C1	noun-en	kelly
8396	gest	NOUN	en	A2	noun-en	kelly
8397	krämpa	NOUN	en	C2	noun-en	kelly
8398	landshövding	NOUN	en	C1	noun-en	kelly
8399	klan	NOUN	en	C1	noun-en	kelly
8400	bestraffning	NOUN	en	B2	noun-en	kelly
8401	genomsyra	VERB		B2	verb	kelly
8402	hare	NOUN	en	C2	noun-en	kelly
8403	parameter	NOUN	en	C1	noun-en	kelly
8404	övertygande	ADJ		B2	adjective	kelly
8405	skelett	NOUN	ett	C1	noun-ett	kelly
8406	boss	NOUN	en	C2	noun-en	kelly
8407	medvetslös	ADJ		C2	adjective	kelly
8408	skapande	NOUN	ett	B1	noun-ett	kelly
8409	genus	NOUN	ett	C1	noun-ett	kelly
8410	lyckligtvis	OTHER		B2	adverb	kelly
8411	grop	NOUN	en	C2	noun-en	kelly
8412	dyrbar	ADJ		B2	adjective	kelly
8413	fördriva	VERB		B2	verb	kelly
8414	dräkt	NOUN	en	C1	noun-en	kelly
8415	väva	VERB		B2	verb	kelly
8416	stifta	VERB		B2	verb	kelly
8417	förolämpning	NOUN	en	C1	noun-en	kelly
8418	pirat	NOUN	en	B1	noun-en	kelly
8419	föregångare	NOUN	en	B2	noun-en	kelly
8420	tolk	NOUN	en	C1	noun-en	kelly
8421	överflöd	NOUN	ett	B2	noun-ett	kelly
8422	mästerverk	NOUN	ett	C1	noun-ett	kelly
8423	upprop	NOUN	ett	B2	noun-ett	kelly
8424	utgivare	NOUN	en	B2	noun-en	kelly
8425	tumör	NOUN	en	C2	noun-en	kelly
8426	änka	NOUN	en	B1	noun-en	kelly
8427	enkelhet	NOUN	en	B2	noun-en	kelly
8428	förgäves	OTHER		B2	adverb	kelly
8429	lojalitet	NOUN	en	B2	noun-en	kelly
8430	vaka	VERB		B1	verb	kelly
8431	webbsida	NOUN	en	B1	noun-en	kelly
8432	tusental	NOUN	ett	C2	noun-ett	kelly
8433	uppför	OTHER		B2	prep	kelly
8434	sammanslagning	NOUN	en	C1	noun-en	kelly
8435	förorening	NOUN	en	C1	noun-en	kelly
8436	dagordning	NOUN	en	B2	noun-en	kelly
8437	återfå	VERB		B2	verb	kelly
8438	dråp	NOUN	ett	C2	noun-ett	kelly
8439	talarstol	NOUN	en	C1	noun-en	kelly
8440	mörkhyad	ADJ		C2	adjective	kelly
8441	avtryck	NOUN	ett	C1	noun-ett	kelly
8442	gap	NOUN	ett	C1	noun-ett	kelly
8443	ocean	NOUN	en	C1	noun-en	kelly
8444	marknadsekonomi	NOUN	en	B1	noun-en	kelly
8445	kreditkort	NOUN	ett	B2	noun-ett	kelly
8446	överträffa	VERB		C1	verb	kelly
8447	förfader	NOUN	en	B2	noun-en	kelly
8448	aggression	NOUN	en	C1	noun-en	kelly
8449	uppkomst	NOUN	en	B1	noun-en	kelly
8450	sekel	NOUN	ett	B2	noun-ett	kelly
8451	samordnare	NOUN	en	C2	noun-en	kelly
8452	insändare	NOUN	en	B1	noun-en	kelly
8453	fiktiv	ADJ		B2	adjective	kelly
8454	oförmögen	ADJ		B2	adjective	kelly
8455	blygsam	ADJ		C1	adjective	kelly
8456	åska	NOUN	en	C2	noun-en/verb	kelly
8457	spelregel	NOUN	en	B2	noun-en	kelly
8458	illustration	NOUN	en	B2	noun-en	kelly
8459	återspegla	VERB		B2	verb	kelly
8460	afghansk	ADJ		B2	adjective	kelly
8461	ockupation	NOUN	en	A2	noun-en	kelly
8462	simmare	NOUN	en	C2	noun-en	kelly
8463	fackförening	NOUN	en	B1	noun-en	kelly
8464	skrivare	NOUN	en	C1	noun-en	kelly
8465	flygning	NOUN	en	B2	noun-en	kelly
8466	utmärkelse	NOUN	en	B2	noun-en	kelly
8467	broschyr	NOUN	en	C1	noun-en	kelly
8468	drivande	ADJ		B2	adjective	kelly
8469	beslutsfattare	NOUN	en	B2	noun-en	kelly
8470	rytm	NOUN	en	C1	noun-en	kelly
8471	svininfluensa	NOUN	en	B2	noun-en	kelly
8472	konkurrenskraftig	ADJ		B2	adjective	kelly
8473	ponny	NOUN	en	C2	noun-en	kelly
8474	implementera	VERB		C1	verb	kelly
8475	rop	NOUN	ett	B2	noun-ett	kelly
8476	koda	VERB		C2	verb	kelly
8477	lantbruk	NOUN	ett	C1	noun-ett	kelly
8478	irakier	NOUN	en	C1	noun-en	kelly
8479	dosering	NOUN	en	C2	noun-en	kelly
8480	äggvita	NOUN	en	C2	noun-en	kelly
8481	urskilja	VERB		C1	verb	kelly
8482	rådjur	NOUN	ett	C2	noun-ett	kelly
8483	palm	NOUN	en	B2	noun-en	kelly
8484	självsäker	ADJ		C2	adjective	kelly
8485	kryssning	NOUN	en	C2	noun-en	kelly
8486	ovilja	NOUN	en	B2	noun-en	kelly
8487	skär	ADJ		C1	adjective/noun-ett	kelly
8488	föreståndare	NOUN	en	C2	noun-en	kelly
8489	farförälder	NOUN	en	C2	noun-en	kelly
8490	pytteliten	ADJ		C2	adjective	kelly
8491	ödmjukhet	NOUN	en	C1	noun-en	kelly
8492	programvara	NOUN	en	B1	noun-en	kelly
8493	förorsaka	VERB		C1	verb	kelly
8494	vandring	NOUN	en	A2	noun-en	kelly
8495	kärl	NOUN	ett	C1	noun-ett	kelly
8496	monarki	NOUN	en	B2	noun-en	kelly
8497	rekommenderad	ADJ		C1	adjective	kelly
8498	tass	NOUN	en	C2	noun-en	kelly
8499	rikedom	NOUN	en	B1	noun-en	kelly
8500	triangel	NOUN	en	C2	noun-en	kelly
8501	resande	NOUN	ett	C1	noun-ett/adjective	kelly
8502	utvecklare	NOUN	en	C1	noun-en	kelly
8503	begriplig	ADJ		B1	adjective	kelly
8504	frakta	VERB		C1	verb	kelly
8505	allsidig	ADJ		C2	adjective	kelly
8506	förnuftig	ADJ		B2	adjective	kelly
8507	applådera	VERB		C1	verb	kelly
8508	anskaffa	VERB		C2	verb	kelly
8509	uppställning	NOUN	en	C2	noun-en	kelly
8510	monter	NOUN	en	C2	noun-en	kelly
8511	bemanning	NOUN	en	C2	noun-en	kelly
8512	utmanande	ADJ		C1	adjective	kelly
8513	förtvivlan	NOUN	en	C1	noun-en	kelly
8514	medfölja	VERB		C2	verb	kelly
8515	kupong	NOUN	en	C2	noun-en	kelly
8516	kosttillskott	NOUN	ett	C2	noun-ett	kelly
8517	tillfredsställelse	NOUN	en	C1	noun-en	kelly
8518	uppskov	NOUN	ett	C2	noun-ett	kelly
8519	prenumerera	VERB		C1	verb	kelly
8520	förolämpa	VERB		C1	verb	kelly
8521	oavgjord	ADJ		C2	adjective	kelly
8522	målare	NOUN	en	C1	noun-en	kelly
8523	uppoffring	NOUN	en	C1	noun-en	kelly
8524	hjärtlig	ADJ		C2	adjective	kelly
8525	härleda	VERB		C1	verb	kelly
8526	bedrift	NOUN	en	C1	noun-en	kelly
8527	upphovsman	NOUN	en	B1	noun-en	kelly
8528	språkbruk	NOUN	ett	B2	noun-ett	kelly
8529	kontinuitet	NOUN	en	C1	noun-en	kelly
8530	föreläsare	NOUN	en	C1	noun-en	kelly
8531	kafé	NOUN	ett	C1	noun-ett	kelly
8532	rådfråga	VERB		C2	verb	kelly
8533	ogiltig	ADJ		C2	adjective	kelly
8534	affisch	NOUN	en	C1	noun-en	kelly
8535	avrättning	NOUN	en	B2	noun-en	kelly
8536	vinning	NOUN	en	B2	noun-en	kelly
8537	lossa	VERB		C2	verb	kelly
8538	rang	NOUN	en	A2	noun-en	kelly
8539	acceptans	NOUN	en	C2	noun-en	kelly
8540	orolighet	NOUN	en	B2	noun-en	kelly
8541	vägledande	ADJ		C1	adjective	kelly
8542	publikation	NOUN	en	B2	noun-en	kelly
8543	fyrkantig	ADJ		C2	adjective	kelly
8544	övernaturlig	ADJ		B2	adjective	kelly
8545	bete	NOUN	ett	C2	noun-ett	kelly
8546	rena	VERB		A2	verb	kelly
8547	utbryta	VERB		B2	verb	kelly
8548	filosof	NOUN	en	B1	noun-en	kelly
8549	association	NOUN	en	C1	noun-en	kelly
8550	vy	NOUN	en	C1	noun-en	kelly
8551	stilig	ADJ		C2	adjective	kelly
8552	prestige	NOUN	en	C1	noun-en	kelly
8553	otillåten	ADJ		C1	adjective	kelly
8554	segrare	NOUN	en	C1	noun-en	kelly
8555	slaveri	NOUN	ett	B2	noun-ett	kelly
8556	anskaffning	NOUN	en	C2	noun-en	kelly
8557	medfödd	ADJ		C1	adjective	kelly
8558	jordbävning	NOUN	en	B2	noun-en	kelly
8559	välmående	ADJ		C1	adjective	kelly
8560	stridsvagn	NOUN	en	B2	noun-en	kelly
8561	privatisering	NOUN	en	B2	noun-en	kelly
8562	horisont	NOUN	en	B2	noun-en	kelly
8563	livskvalitet	NOUN	en	C1	noun-en	kelly
8564	explosiv	ADJ		C1	adjective	kelly
8565	livskraftig	ADJ		C1	adjective	kelly
8566	gagna	VERB		C1	verb	kelly
8567	inrymma	VERB		C1	verb	kelly
8568	käke	NOUN	en	C2	noun-en	kelly
8569	skifte	NOUN	ett	B1	noun-ett	kelly
8570	färdigställa	VERB		C1	verb	kelly
8571	giltighet	NOUN	en	C1	noun-en	kelly
8572	destination	NOUN	en	C1	noun-en	kelly
8573	frånta	VERB		C1	verb	kelly
8574	domslut	NOUN	ett	B2	noun-ett	kelly
8575	globalisering	NOUN	en	B1	noun-en	kelly
8576	förmedling	NOUN	en	C1	noun-en	kelly
8577	diamant	NOUN	en	C1	noun-en	kelly
8578	simhall	NOUN	en	C2	noun-en	kelly
8579	utvecklingsland	NOUN	ett	B1	noun-ett	kelly
8580	dyrka	VERB		B2	verb	kelly
8581	opassande	ADJ		B2	adjective	kelly
8582	försvinnande	NOUN	ett	C1	noun-ett/adverb	kelly
8583	uträtta	VERB		C1	verb	kelly
8584	officerare	NOUN	en	B2	noun-en	kelly
8585	kväva	VERB		C1	verb	kelly
8586	tilldelning	NOUN	en	C1	noun-en	kelly
8587	ceremoni	NOUN	en	B2	noun-en	kelly
8588	tvättmedel	NOUN	ett	C2	noun-ett	kelly
8589	oavbruten	ADJ		C2	adjective	kelly
8590	åklagarmyndighet	NOUN	en	C2	noun-en	kelly
8591	gaffel	NOUN	en	C2	noun-en	kelly
8592	ört	NOUN	en	C1	noun-en	kelly
8593	bokning	NOUN	en	C2	noun-en	kelly
8594	bergstopp	NOUN	en	C2	noun-en	kelly
8595	obildad	ADJ		C2	adjective	kelly
8596	treårig	ADJ		C2	adjective	kelly
8597	klassificera	VERB		C1	verb	kelly
8598	repetera	VERB		C2	verb	kelly
8599	isländsk	ADJ		B2	adjective	kelly
8600	avsiktlig	ADJ		C2	adjective	kelly
8601	expedition	NOUN	en	B2	noun-en	kelly
8602	tomhet	NOUN	en	C1	noun-en	kelly
8603	darra	VERB		C1	verb	kelly
8604	ackumulera	VERB		C2	verb	kelly
8605	kanadensisk	ADJ		C1	adjective	kelly
8606	betoning	NOUN	en	C1	noun-en	kelly
8607	möda	NOUN	en	B2	noun-en	kelly
8608	misstro	NOUN	en	B2	noun-en	kelly
8609	materia	NOUN	en	B2	noun-en	kelly
8610	schack	NOUN	ett	C1	noun-ett	kelly
8611	tuggummi	NOUN	ett	C2	noun-ett	kelly
8612	tvivelaktig	ADJ		C1	adjective	kelly
8613	matsal	NOUN	en	C1	noun-en	kelly
8614	kollision	NOUN	en	C2	noun-en	kelly
8615	skildring	NOUN	en	B2	noun-en	kelly
8616	energikälla	NOUN	en	C1	noun-en	kelly
8617	sfär	NOUN	en	A2	noun-en	kelly
8618	skrivande	NOUN	ett	B2	noun-ett	kelly
8619	tunna	NOUN	en	C2	noun-en/verb	kelly
8620	hörsel	NOUN	en	A1	noun-en	kelly
8621	trottoar	NOUN	en	C1	noun-en	kelly
8622	historiker	NOUN	en	B1	noun-en	kelly
8623	emission	NOUN	en	C2	noun-en	kelly
8624	välgörenhet	NOUN	en	C1	noun-en	kelly
8625	beröring	NOUN	en	C2	noun-en	kelly
8626	konstgjord	ADJ		C1	adjective	kelly
8627	virtuell	ADJ		B2	adjective	kelly
8628	laser	NOUN	en	C2	noun-en	kelly
8629	fientlig	ADJ		B2	adjective	kelly
8630	skiss	NOUN	en	C1	noun-en	kelly
8631	immun	ADJ		C2	adjective	kelly
8632	inbillning	NOUN	en	C2	noun-en	kelly
8633	vilseleda	VERB		C1	verb	kelly
8634	helgdag	NOUN	en	C1	noun-en	kelly
8635	mikrofon	NOUN	en	C1	noun-en	kelly
8636	nobel	ADJ		C2	adjective	kelly
8637	medeltida	ADJ		B1	adjective	kelly
8638	riksdagsman	NOUN	en	B2	noun-en	kelly
8639	differentiera	VERB		C2	verb	kelly
8640	skivbolag	NOUN	ett	B1	noun-ett	kelly
8641	benägenhet	NOUN	en	C1	noun-en	kelly
8642	sök	NOUN	ett	A1	noun-ett	kelly
8643	ordbok	NOUN	en	C1	noun-en	kelly
8644	gräl	NOUN	ett	C1	noun-ett	kelly
8645	orkester	NOUN	en	C2	noun-en	kelly
8646	begär	NOUN	ett	B2	noun-ett	kelly
8647	säkerhetspolitik	NOUN	en	B1	noun-en	kelly
8648	mina	NOUN	en	B2	noun-en	kelly
8649	kooperativ	NOUN	ett	C1	noun-ett/adjective	kelly
8650	handväska	NOUN	en	C2	noun-en	kelly
8651	legitimitet	NOUN	en	B2	noun-en	kelly
8652	anlag	NOUN	ett	C1	noun-ett	kelly
8653	läder	NOUN	ett	C2	noun-ett	kelly
8654	växthusgas	NOUN	en	B2	noun-en	kelly
8655	föredöme	NOUN	ett	C1	noun-ett	kelly
8656	konstitution	NOUN	en	B1	noun-en	kelly
8657	förestå	VERB		C2	verb	kelly
8658	hysteri	NOUN	en	C2	noun-en	kelly
8659	verb	NOUN	ett	C1	noun-ett	kelly
8660	lord	NOUN	en	B1	noun-en	kelly
8661	kår	NOUN	en	C1	noun-en	kelly
8662	tejp	NOUN	en	C2	noun-en	kelly
8663	orientering	NOUN	en	C1	noun-en	kelly
8664	ovetande	ADJ		C1	adjective	kelly
8665	satellit	NOUN	en	C1	noun-en	kelly
8666	avbetalning	NOUN	en	C2	noun-en	kelly
8667	bokhandel	NOUN	en	C1	noun-en	kelly
8668	vetenskapsman	NOUN	en	B2	noun-en	kelly
8669	romersk	ADJ		B1	adjective	kelly
8670	tangent	NOUN	en	C2	noun-en	kelly
8671	utgåva	NOUN	en	B2	noun-en	kelly
8672	judendom	NOUN	en	B1	noun-en	kelly
8673	distribuera	VERB		B2	verb	kelly
8674	häl	NOUN	en	C2	noun-en	kelly
8675	rättfärdig	ADJ		B1	adjective	kelly
8676	certifikat	NOUN	ett	C1	noun-ett	kelly
8677	landsman	NOUN	en	C1	noun-en	kelly
8678	befälhavare	NOUN	en	B2	noun-en	kelly
8679	injektion	NOUN	en	C2	noun-en	kelly
8680	munk	NOUN	en	C1	noun-en	kelly
8681	underordnad	ADJ		B2	adjective	kelly
8682	disposition	NOUN	en	C2	noun-en	kelly
8683	rymlig	ADJ		C2	adjective	kelly
8684	genomgripande	ADJ		C1	adjective	kelly
8685	anförtro	VERB		C1	verb	kelly
8686	alster	NOUN	ett	C1	noun-ett	kelly
8687	bråkdel	NOUN	en	C1	noun-en	kelly
8688	kejsare	NOUN	en	A2	noun-en	kelly
8689	sångerska	NOUN	en	C1	noun-en	kelly
8690	mobilisera	VERB		B2	verb	kelly
8691	utövare	NOUN	en	C1	noun-en	kelly
8692	spade	NOUN	en	C2	noun-en	kelly
8693	fåtölj	NOUN	en	C2	noun-en	kelly
8694	modernisera	VERB		C1	verb	kelly
8695	skicklighet	NOUN	en	C1	noun-en	kelly
8696	överfall	NOUN	ett	C2	noun-ett	kelly
8697	stråle	NOUN	en	C2	noun-en	kelly
8698	gränslös	ADJ		C1	adjective	kelly
8699	förespråkare	NOUN	en	B2	noun-en	kelly
8700	kila	VERB		C2	verb	kelly
8701	atom	NOUN	en	B2	noun-en	kelly
8702	odemokratisk	ADJ		B2	adjective	kelly
8703	feminin	ADJ		C2	adjective	kelly
8704	ryttare	NOUN	en	C1	noun-en	kelly
8705	symbolisera	VERB		B2	verb	kelly
8706	miljöpolitik	NOUN	en	C1	noun-en	kelly
8707	opinionsundersökning	NOUN	en	B2	noun-en	kelly
8708	gevär	NOUN	ett	C1	noun-ett	kelly
8709	oxe	NOUN	en	C2	noun-en	kelly
8710	humanistisk	ADJ		C1	adjective	kelly
8711	oerfaren	ADJ		C2	adjective	kelly
8712	framstående	ADJ		B2	adjective	kelly
8713	notering	NOUN	en	C1	noun-en	kelly
8714	vetande	NOUN	ett	B1	noun-ett	kelly
8715	avspegla	VERB		C1	verb	kelly
8716	återvinna	VERB		C1	verb	kelly
8717	kakao	NOUN		C2	noun	kelly
8718	gummi	NOUN	ett	C2	noun-ett	kelly
8719	handfat	NOUN	ett	C2	noun-ett	kelly
8720	gnista	NOUN	en	C2	noun-en	kelly
8721	införliva	VERB		C1	verb	kelly
8722	tempel	NOUN	ett	A2	noun-ett	kelly
8723	vital	ADJ		B2	adjective	kelly
8724	realisera	VERB		C1	verb	kelly
8725	intensitet	NOUN	en	C1	noun-en	kelly
8726	splittring	NOUN	en	B2	noun-en	kelly
8727	likgiltig	ADJ		C1	adjective	kelly
8728	beslutsfattande	NOUN	ett	B2	noun-ett	kelly
8729	desperation	NOUN	en	C1	noun-en	kelly
8730	hjälplös	ADJ		C1	adjective	kelly
8731	extraordinär	ADJ		C1	adjective	kelly
8732	gås	NOUN	en	C2	noun-en	kelly
8733	balk	NOUN	en	C2	noun-en	kelly
8734	stöna	VERB		C2	verb	kelly
8735	efterlevnad	NOUN	en	C1	noun-en	kelly
8736	vävnad	NOUN	en	C2	noun-en	kelly
8737	instruktör	NOUN	en	C2	noun-en	kelly
8738	legendarisk	ADJ		C1	adjective	kelly
8739	rutt	NOUN	en	C1	noun-en	kelly
8740	väsentligen	OTHER		C1	adverb	kelly
8741	nordlig	ADJ		B2	adjective	kelly
8742	irländsk	ADJ		B2	adjective	kelly
8743	förlåtelse	NOUN	en	B2	noun-en	kelly
8744	baltisk	ADJ		B2	adjective	kelly
8745	katolik	NOUN	en	B1	noun-en	kelly
8746	precision	NOUN	en	C1	noun-en	kelly
8747	lärorik	ADJ		C1	adjective	kelly
8748	utpräglad	ADJ		C1	adjective	kelly
8749	ministerråd	NOUN	ett	B2	noun-ett	kelly
8750	skymta	VERB		C1	verb	kelly
8751	utmed	OTHER		B2	prep	kelly
8752	pryda	VERB		C1	verb	kelly
8753	varsin	OTHER		B2	pronoun	kelly
8754	uthyrning	NOUN	en	C2	noun-en	kelly
8755	maka	NOUN	en	C1	noun-en/verb	kelly
8756	patrull	NOUN	en	C2	noun-en	kelly
8757	lim	NOUN	ett	C2	noun-ett	kelly
8758	anständig	ADJ		C1	adjective	kelly
8759	älskarinna	NOUN	en	C2	noun-en	kelly
8760	avsked	NOUN	ett	C1	noun-ett	kelly
8761	försändelse	NOUN	en	C2	noun-en	kelly
8762	syntetisk	ADJ		C1	adjective	kelly
8763	måtta	NOUN	en	C2	noun-en/verb	kelly
8764	delgivning	NOUN	en	C2	noun-en	kelly
8765	borgmästare	NOUN	en	B2	noun-en	kelly
8766	kapitalistisk	ADJ		A2	adjective	kelly
8767	utkomma	VERB		B2	verb	kelly
8768	bedragare	NOUN	en	C2	noun-en	kelly
8769	reklamera	VERB		C2	verb	kelly
8770	värdesätta	VERB		C2	verb	kelly
8771	naturvetenskap	NOUN	en	C1	noun-en	kelly
8772	hela	NOUN	en	A1	noun-en	kelly
8773	fjorton	NUM		A1	numeral	kelly
8774	handledning	NOUN	en	C1	noun-en	kelly
8775	episod	NOUN	en	C1	noun-en	kelly
8776	försumma	VERB		C1	verb	kelly
8777	gränsa	VERB		A2	verb	kelly
8778	rådgivande	ADJ		C1	adjective	kelly
8779	dåtid	NOUN	en	C1	noun-en	kelly
8780	barack	NOUN	en	C1	noun-en	kelly
8781	nominell	ADJ		C1	adjective	kelly
8782	genial	ADJ		C1	adjective	kelly
8783	tretton	NUM		A1	numeral	kelly
8784	sammanföra	VERB		C1	verb	kelly
8785	specialitet	NOUN	en	C1	noun-en	kelly
8786	gratulation	NOUN	en	C2	noun-en	kelly
8787	författa	VERB		C1	verb	kelly
8788	högkonjunktur	NOUN	en	C1	noun-en	kelly
8789	avskilja	VERB		C2	verb	kelly
8790	fildelning	NOUN	en	A2	noun-en	kelly
8791	kraftverk	NOUN	ett	C1	noun-ett	kelly
8792	spektakulär	ADJ		C1	adjective	kelly
8793	kapitalist	NOUN	en	B1	noun-en	kelly
8794	addera	VERB		C2	verb	kelly
8795	resväska	NOUN	en	C2	noun-en	kelly
8796	koloni	NOUN	en	B1	noun-en	kelly
8797	frige	VERB		C2	verb	kelly
8798	militant	ADJ		B2	adjective	kelly
8799	diplomat	NOUN	en	C1	noun-en	kelly
8800	stum	ADJ		C2	adjective	kelly
8801	återgång	NOUN	en	C1	noun-en	kelly
8802	trasa	NOUN	en	C2	noun-en/verb	kelly
8803	tam	ADJ		C2	adjective	kelly
8804	strejka	VERB		C2	verb	kelly
8805	fasta	NOUN	en	C2	noun-en/verb	kelly
8806	tesked	NOUN	en	C2	noun-en	kelly
8807	återbetala	VERB		C2	verb	kelly
8808	tillägna	VERB		C1	verb	kelly
8809	nutida	ADJ		B2	adjective	kelly
8810	sjua	NOUN	en	A1	noun-en	kelly
8811	anseende	NOUN	ett	C1	noun-ett	kelly
8812	reglemente	NOUN	ett	C2	noun-ett	kelly
8813	bröstkorg	NOUN	en	C2	noun-en	kelly
8814	intellekt	NOUN	ett	C1	noun-ett	kelly
8815	understödja	VERB		C1	verb	kelly
8816	sammanträffande	NOUN	ett	C2	noun-ett	kelly
8817	diktera	VERB		C1	verb	kelly
8818	regelrätt	ADJ		C1	adjective	kelly
8819	logg	NOUN	en	C2	noun-en	kelly
8820	dekorera	VERB		C2	verb	kelly
8821	koldioxidutsläpp	NOUN	ett	B2	noun-ett	kelly
8822	grammatik	NOUN	en	C1	noun-en	kelly
8823	federal	ADJ		B2	adjective	kelly
8824	könsneutral	ADJ		B2	adjective	kelly
8825	rättsstat	NOUN	en	C1	noun-en	kelly
8826	ökänd	ADJ		C1	adjective	kelly
8827	solid	ADJ		C1	adjective	kelly
8828	röstning	NOUN	en	A2	noun-en	kelly
8829	solnedgång	NOUN	en	C1	noun-en	kelly
8830	ögonlock	NOUN	ett	A1	noun-ett	kelly
8831	samförstånd	NOUN	ett	C1	noun-ett	kelly
8832	stelna	VERB		C2	verb	kelly
8833	ämbete	NOUN	ett	B2	noun-ett	kelly
8834	regemente	NOUN	ett	C2	noun-ett	kelly
8835	hemort	NOUN	en	C2	noun-en	kelly
8836	totalitär	ADJ		B2	adjective	kelly
8837	tillmäta	VERB		C1	verb	kelly
8838	omkrets	NOUN	en	C2	noun-en	kelly
8839	frimärke	NOUN	ett	C2	noun-ett	kelly
8840	nederlag	NOUN	ett	B1	noun-ett	kelly
8841	gymnastik	NOUN	en	C2	noun-en	kelly
8842	finans	NOUN	en	B1	noun-en	kelly
8843	glänsa	VERB		C2	verb	kelly
8844	kortvarig	ADJ		C1	adjective	kelly
8845	stab	NOUN	en	C1	noun-en	kelly
8846	ridning	NOUN	en	C1	noun-en	kelly
8847	rensning	NOUN	en	B2	noun-en	kelly
8848	psalm	NOUN	en	C1	noun-en	kelly
8849	kål	NOUN	en	C2	noun-en	kelly
8850	reception	NOUN	en	C2	noun-en	kelly
8851	lykta	NOUN	en	C2	noun-en	kelly
8852	kompakt	ADJ		C1	adjective	kelly
8853	efterträdare	NOUN	en	B2	noun-en	kelly
8854	spektrum	NOUN	ett	C1	noun-ett	kelly
8855	filial	NOUN	en	C1	noun-en	kelly
8856	frestelse	NOUN	en	C1	noun-en	kelly
8857	sekvens	NOUN	en	A1	noun-en	kelly
8858	hälsovård	NOUN	en	C1	noun-en	kelly
8859	bekänna	VERB		B2	verb	kelly
8860	inlämna	VERB		C2	verb	kelly
8861	lågstadium	NOUN	ett	C2	noun-ett	kelly
8862	samtycka	VERB		C1	verb	kelly
8863	meditation	NOUN	en	C1	noun-en	kelly
8864	limma	VERB		C2	verb	kelly
8865	ruin	NOUN	en	C1	noun-en	kelly
8866	elektriker	NOUN	en	C2	noun-en	kelly
8867	duell	NOUN	en	C1	noun-en	kelly
8868	debitera	VERB		C2	verb	kelly
8869	konstitutionell	ADJ		B2	adjective	kelly
8870	fela	VERB		C2	verb/noun-en	kelly
8871	uppslag	NOUN	ett	C1	noun-ett	kelly
8872	mentor	NOUN	en	C2	noun-en	kelly
8873	utbredning	NOUN	en	C1	noun-en	kelly
8874	triumf	NOUN	en	C1	noun-en	kelly
8875	ortodox	ADJ		B1	adjective	kelly
8876	tillgripa	VERB		C1	verb	kelly
8877	ängslig	ADJ		C2	adjective	kelly
8878	envar	OTHER		C1	pronoun	kelly
8879	uppenbara	VERB		B2	verb	kelly
8880	upprepning	NOUN	en	C1	noun-en	kelly
8881	oviss	ADJ		C2	adjective	kelly
8882	ädel	ADJ		C2	adjective	kelly
8883	överse	VERB		C2	verb	kelly
8884	stereotyp	ADJ		C2	adjective/noun-en	kelly
8885	utopi	NOUN	en	C1	noun-en	kelly
8886	sammanhållning	NOUN	en	B2	noun-en	kelly
8887	utrikespolitisk	ADJ		B2	adjective	kelly
8888	geting	NOUN	en	C2	noun-en	kelly
8889	fullmakt	NOUN	en	C1	noun-en	kelly
8890	farväl	NOUN	ett	C1	noun-ett/interj	kelly
8891	entreprenörskap	NOUN	ett	B2	noun-ett	kelly
8892	ömhet	NOUN	en	C2	noun-en	kelly
8893	accelerera	VERB		C2	verb	kelly
8894	proportionell	ADJ		C1	adjective	kelly
8895	gammaldags	ADJ		C1	adjective	kelly
8896	årsdag	NOUN	en	C2	noun-en	kelly
8897	massaker	NOUN	en	C1	noun-en	kelly
8898	specifikation	NOUN	en	C2	noun-en	kelly
8899	valdeltagande	NOUN	ett	C1	noun-ett	kelly
8900	gisslan	NOUN	en	C1	noun-en	kelly
8901	i övermorgon	OTHER		C2	adverb	kelly
8902	storföretag	NOUN	ett	C1	noun-ett	kelly
8903	chockera	VERB		C2	verb	kelly
8904	handbok	NOUN	en	C1	noun-en	kelly
8905	oljepris	NOUN	ett	C1	noun-ett	kelly
8906	journalistisk	ADJ		B2	adjective	kelly
8907	sammankomst	NOUN	en	C1	noun-en	kelly
8908	insjö	NOUN	en	C2	noun-en	kelly
8909	åsna	NOUN	en	C1	noun-en	kelly
8910	mottaglig	ADJ		C2	adjective	kelly
8911	permission	NOUN	en	C1	noun-en	kelly
8912	överväldigande	ADJ		B2	adjective	kelly
8913	tillmötesgå	VERB		C2	verb	kelly
8914	granat	NOUN	en	C2	noun-en	kelly
8915	befästa	VERB		C1	verb	kelly
8916	förbannelse	NOUN	en	C1	noun-en	kelly
8917	konsensus	NOUN	en	B2	noun-en	kelly
8918	känsel	NOUN	en	A1	noun-en	kelly
8919	förorena	VERB		C2	verb	kelly
8920	ritual	NOUN		C1	noun-en/-ett	kelly
8921	hädanefter	OTHER		C1	adverb	kelly
8922	rikligt	OTHER		C2	adverb	kelly
8923	anekdot	NOUN	en	C1	noun-en	kelly
8924	manifestera	VERB		C1	verb	kelly
8925	subtil	ADJ		C2	adjective	kelly
8926	årtal	NOUN	ett	C1	noun-ett	kelly
8927	fascistisk	ADJ		B2	adjective	kelly
8928	sträckning	NOUN	en	A2	noun-en	kelly
8929	applikation	NOUN	en	C1	noun-en	kelly
8930	utgivning	NOUN	en	C1	noun-en	kelly
8931	uran	NOUN	ett	B2	noun-ett	kelly
8932	trendig	ADJ		C2	adjective	kelly
8933	enhällig	ADJ		C2	adjective	kelly
8934	spannmål	NOUN	en	C1	noun-en	kelly
8935	deckare	NOUN	en	C1	noun-en	kelly
8936	multiplicera	VERB		C2	verb	kelly
8937	ådra	VERB		C2	verb/noun-en	kelly
8938	utsända	VERB		C2	verb	kelly
8939	övervinna	VERB		B2	verb	kelly
8940	affärsman	NOUN	en	C1	noun-en	kelly
8941	utkant	NOUN	en	C1	noun-en	kelly
8942	förskräcklig	ADJ		C2	adjective	kelly
8943	gjuta	VERB		C2	verb	kelly
8944	attribut	NOUN	ett	C1	noun-ett	kelly
8945	frost	NOUN	en	C2	noun-en	kelly
8946	förflyttning	NOUN	en	C1	noun-en	kelly
8947	datera	VERB		B1	verb	kelly
8948	företrädesvis	OTHER		C1	adverb	kelly
8949	eländig	ADJ		C1	adjective	kelly
8950	paraply	NOUN	ett	C2	noun-ett	kelly
8951	skaft	NOUN	ett	C2	noun-ett	kelly
8952	inspektör	NOUN	en	C2	noun-en	kelly
8953	syd	NOUN		A1	noun	kelly
8954	uthållighet	NOUN	en	C1	noun-en	kelly
8955	frigivning	NOUN	en	C2	noun-en	kelly
8956	gryning	NOUN	en	C1	noun-en	kelly
8957	styrelseordförande	NOUN	en	C2	noun-en	kelly
8958	yngling	NOUN	en	C1	noun-en	kelly
8959	smaklös	ADJ		C2	adjective	kelly
8960	filtrera	VERB		C1	verb	kelly
8961	auktoritär	ADJ		C1	adjective	kelly
8962	avlyssna	VERB		C1	verb	kelly
8963	frikänna	VERB		C2	verb	kelly
8964	överordnad	ADJ		C1	adjective	kelly
8965	ratificera	VERB		C1	verb	kelly
8966	bandit	NOUN	en	C2	noun-en	kelly
8967	viga	VERB		B2	verb	kelly
8968	galax	NOUN	en	C1	noun-en	kelly
8969	narkoman	NOUN	en	C2	noun-en	kelly
8970	antik	ADJ		B2	adjective	kelly
8971	egyptisk	ADJ		B2	adjective	kelly
8972	klang	NOUN	en	C1	noun-en	kelly
8973	samtida	ADJ		B2	adjective	kelly
8974	blus	NOUN	en	C2	noun-en	kelly
8975	tomrum	NOUN	ett	C1	noun-ett	kelly
8976	mustasch	NOUN	en	C2	noun-en	kelly
8977	föråldrad	ADJ		C1	adjective	kelly
8978	skolgård	NOUN	en	C2	noun-en	kelly
8979	förbrylla	VERB		C2	verb	kelly
8980	överhuvud	NOUN	ett	C2	noun-ett	kelly
8981	omringa	VERB		C2	verb	kelly
8982	likaledes	OTHER		C1	adverb	kelly
8983	slavisk	ADJ		C2	adjective	kelly
8984	inbetalning	NOUN	en	C2	noun-en	kelly
8985	interaktion	NOUN	en	C1	noun-en	kelly
8986	lärobok	NOUN	en	C1	noun-en	kelly
8987	malm	NOUN	en	B1	noun-en	kelly
8988	borste	NOUN	en	C2	noun-en	kelly
8989	oförutsedd	ADJ		C1	adjective	kelly
8990	underskrift	NOUN	en	C2	noun-en	kelly
8991	monitor	NOUN	en	C2	noun-en	kelly
8992	pyramid	NOUN	en	C1	noun-en	kelly
8993	rival	NOUN	en	C1	noun-en	kelly
8994	institutionell	ADJ		B2	adjective	kelly
8995	ljusblå	ADJ		C2	adjective	kelly
8996	utvinna	VERB		C1	verb	kelly
8997	inspektera	VERB		C2	verb	kelly
8998	diagnostisera	VERB		C2	verb	kelly
8999	infödd	ADJ		C1	adjective	kelly
9000	konfrontation	NOUN	en	C1	noun-en	kelly
9001	fästman	NOUN	en	C2	noun-en	kelly
9002	storslagen	ADJ		C1	adjective	kelly
9003	paradox	NOUN	en	C1	noun-en	kelly
9004	arbetarrörelse	NOUN	en	B1	noun-en	kelly
9005	begåvning	NOUN	en	C1	noun-en	kelly
9006	subjekt	NOUN	ett	C1	noun-ett	kelly
9007	ficklampa	NOUN	en	C2	noun-en	kelly
9008	koncession	NOUN	en	C2	noun-en	kelly
9009	kvalifikation	NOUN	en	C1	noun-en	kelly
9010	kompatibel	ADJ		C2	adjective	kelly
9011	ljuda	VERB		C2	verb	kelly
9012	ånga	NOUN	en	C1	noun-en/verb	kelly
9013	förmögen	ADJ		B2	adjective	kelly
9014	begrunda	VERB		C1	verb	kelly
9015	omvandling	NOUN	en	B2	noun-en	kelly
9016	exploatering	NOUN	en	B2	noun-en	kelly
9017	riddare	NOUN	en	C1	noun-en	kelly
9018	uppgradering	NOUN	en	C1	noun-en	kelly
9019	universell	ADJ		B2	adjective	kelly
9020	stege	NOUN	en	C2	noun-en	kelly
9021	gnida	VERB		C2	verb	kelly
9022	hierarki	NOUN	en	B2	noun-en	kelly
9023	metafor	NOUN	en	C1	noun-en	kelly
9024	dill	NOUN	en	C2	noun-en	kelly
9025	ordspråk	NOUN	ett	C1	noun-ett	kelly
9026	topplista	NOUN	en	C1	noun-en	kelly
9027	bekvämlighet	NOUN	en	C1	noun-en	kelly
9028	pekfinger	NOUN	ett	C2	noun-ett	kelly
9029	ventil	NOUN	en	C2	noun-en	kelly
9030	ånger	NOUN	en	C2	noun-en	kelly
9031	insistera	VERB		C1	verb	kelly
9032	bärare	NOUN	en	B2	noun-en	kelly
9033	massvis	OTHER		C1	adverb	kelly
9034	landning	NOUN	en	C1	noun-en	kelly
9035	brödraskap	NOUN	ett	C1	noun-ett	kelly
9036	repetition	NOUN	en	C2	noun-en	kelly
9037	vårdare	NOUN	en	C2	noun-en	kelly
9038	prenumeration	NOUN	en	C1	noun-en	kelly
9039	spektakel	NOUN	ett	C2	noun-ett	kelly
9040	löpare	NOUN	en	C1	noun-en	kelly
9041	kanna	NOUN	en	C2	noun-en	kelly
9042	skaldjur	NOUN	ett	C2	noun-ett	kelly
9043	uppståndelse	NOUN	en	B2	noun-en	kelly
9044	federation	NOUN	en	B2	noun-en	kelly
9045	antenn	NOUN	en	C2	noun-en	kelly
9046	medborgerlig	ADJ		B2	adjective	kelly
9047	oväder	NOUN	ett	C2	noun-ett	kelly
9048	fotnot	NOUN	en	B2	noun-en	kelly
9049	kännetecken	NOUN	ett	B2	noun-ett	kelly
9050	kompani	NOUN	ett	C1	noun-ett/noun	kelly
9051	okunnighet	NOUN	en	C1	noun-en	kelly
9052	teologisk	ADJ		B1	adjective	kelly
9053	kloster	NOUN	ett	B2	noun-ett	kelly
9054	domkyrka	NOUN	en	C1	noun-en	kelly
9055	inrikesminister	NOUN	en	A1	noun-en	kelly
9056	iver	NOUN	en	B2	noun-en	kelly
9057	ekosystem	NOUN	ett	C1	noun-ett	kelly
9058	ansats	NOUN	en	C1	noun-en	kelly
9059	banal	ADJ		C2	adjective	kelly
9060	samarbetspartner	NOUN	en	C1	noun-en	kelly
9061	orientera	VERB		C2	verb	kelly
9062	bakre	ADJ		A1	adjective	kelly
9063	omstrukturering	NOUN	en	C1	noun-en	kelly
9064	omfamna	VERB		C1	verb	kelly
9065	lansering	NOUN	en	C1	noun-en	kelly
9066	otvivelaktigt	OTHER		C2	adverb	kelly
9067	känslighet	NOUN	en	C2	noun-en	kelly
9068	sammanfoga	VERB		C2	verb	kelly
9069	geografi	NOUN	en	C1	noun-en	kelly
9070	utropa	VERB		B1	verb	kelly
9071	penningpolitik	NOUN	en	A2	noun-en	kelly
9072	metodik	NOUN	en	C1	noun-en	kelly
9073	originell	ADJ		C1	adjective	kelly
9074	osanning	NOUN	en	C1	noun-en	kelly
9075	gröda	NOUN	en	B2	noun-en	kelly
9076	defekt	NOUN	en	C2	noun-en/adjective	kelly
9077	imperium	NOUN	ett	B1	noun-ett	kelly
9078	folkrätt	NOUN	en	B2	noun-en	kelly
9079	evangelium	NOUN	ett	A2	noun-ett	kelly
9080	himmelsk	ADJ		B1	adjective	kelly
9081	bassäng	NOUN	en	C2	noun-en	kelly
9082	bemanna	VERB		C2	verb	kelly
9083	mygga	NOUN	en	C2	noun-en	kelly
9084	österrikisk	ADJ		C1	adjective	kelly
9085	bakverk	NOUN	ett	C2	noun-ett	kelly
9086	avlösa	VERB		C1	verb	kelly
9087	kämpe	NOUN	en	C2	noun-en	kelly
9088	härska	VERB		B1	verb	kelly
9089	informativ	ADJ		C1	adjective	kelly
9090	elektricitet	NOUN	en	B2	noun-en	kelly
9091	storskalig	ADJ		B2	adjective	kelly
9092	arvinge	NOUN	en	C2	noun-en	kelly
9093	klimatfråga	NOUN	en	B2	noun-en	kelly
9094	fastland	NOUN	ett	C1	noun-ett	kelly
9095	vidsträckt	ADJ		C1	adjective	kelly
9096	basilika	NOUN	en	C2	noun-en	kelly
9097	vildsvin	NOUN	ett	C2	noun-ett	kelly
9098	popularitet	NOUN	en	B2	noun-en	kelly
9099	småstad	NOUN	en	C2	noun-en	kelly
9100	paradoxal	ADJ		C2	adjective	kelly
9101	förmyndare	NOUN	en	C2	noun-en	kelly
9102	aluminium	NOUN	ett	C1	noun-ett	kelly
9103	galler	NOUN	ett	C2	noun-ett	kelly
9104	enastående	ADJ		C1	adjective	kelly
9105	arton	NUM		A1	numeral	kelly
9106	privatisera	VERB		C1	verb	kelly
9107	vidarebefordra	VERB		C1	verb	kelly
9108	blomstra	VERB		C1	verb	kelly
9109	linjär	ADJ		C2	adjective	kelly
9110	greve	NOUN	en	C1	noun-en	kelly
9111	försprång	NOUN	ett	C1	noun-ett	kelly
9112	utmattning	NOUN	en	C2	noun-en	kelly
9113	nationalekonomi	NOUN	en	B2	noun-en	kelly
9114	drickande	NOUN	ett	C2	noun-ett	kelly
9115	vindruva	NOUN	en	C2	noun-en	kelly
9116	nedladdning	NOUN	en	B2	noun-en	kelly
9117	gruppledare	NOUN	en	C1	noun-en	kelly
9118	senat	NOUN	en	B2	noun-en	kelly
9119	pensel	NOUN	en	C2	noun-en	kelly
9120	sköld	NOUN	en	C1	noun-en	kelly
9121	pelare	NOUN	en	A1	noun-en	kelly
9122	romantik	NOUN	en	C1	noun-en	kelly
9123	robust	ADJ		C2	adjective	kelly
9124	vaktmästare	NOUN	en	C2	noun-en	kelly
9125	vax	NOUN	ett	C2	noun-ett	kelly
9126	missionär	NOUN	en	B2	noun-en	kelly
9127	bekanta	VERB		C1	verb	kelly
9128	saliv	NOUN	en	C2	noun-en	kelly
9129	tall	NOUN	en	C2	noun-en	kelly
9130	autonom	ADJ		B2	adjective	kelly
9131	befordra	VERB		C1	verb	kelly
9132	reduktion	NOUN	en	C2	noun-en	kelly
9133	lärd	ADJ		C2	adjective	kelly
9134	brådska	NOUN	en	C2	noun-en/verb	kelly
9135	bägare	NOUN	en	C1	noun-en	kelly
9136	rengöring	NOUN	en	C2	noun-en	kelly
9137	örn	NOUN	en	C2	noun-en	kelly
9138	tjeckisk	ADJ		B2	adjective	kelly
9139	tålmodig	ADJ		C2	adjective	kelly
9140	profit	NOUN	en	C1	noun-en	kelly
9141	översättare	NOUN	en	C1	noun-en	kelly
9142	beståndsdel	NOUN	en	C1	noun-en	kelly
9143	prägel	NOUN	en	C1	noun-en	kelly
9144	koalition	NOUN	en	C1	noun-en	kelly
9145	helgon	NOUN	ett	C1	noun-ett	kelly
9146	tabu	ADJ		C2	adjective/noun-ett	kelly
9147	rekonstruktion	NOUN	en	C1	noun-en	kelly
9148	tjocklek	NOUN	en	C2	noun-en	kelly
9149	uppvisning	NOUN	en	C1	noun-en	kelly
9150	passionerad	ADJ		C2	adjective	kelly
9151	ämnesområde	NOUN	ett	C2	noun-ett	kelly
9152	slitage	NOUN	ett	C2	noun-ett	kelly
9153	arrestera	VERB		C1	verb	kelly
9154	adjö	OTHER		C2	interj/noun-ett	kelly
9155	beskåda	VERB		C1	verb	kelly
9156	substitut	NOUN	ett	C2	noun-ett	kelly
9157	kollegium	NOUN	ett	C2	noun-ett	kelly
9158	akvarium	NOUN	ett	C2	noun-ett	kelly
9159	uppehälle	NOUN	ett	C2	noun-ett	kelly
9160	nyliberal	ADJ		B1	adjective	kelly
9161	entusiasm	NOUN	en	B2	noun-en	kelly
9162	terminologi	NOUN	en	C1	noun-en	kelly
9163	marschera	VERB		B2	verb	kelly
9164	korrigering	NOUN	en	C1	noun-en	kelly
9165	dynamik	NOUN	en	B2	noun-en	kelly
9166	kandidera	VERB		B2	verb	kelly
9167	klädesplagg	NOUN	ett	C2	noun-ett	kelly
9168	kamel	NOUN	en	C2	noun-en	kelly
9169	slätt	NOUN	en	C1	noun-en/adverb	kelly
9170	erotisk	ADJ		C1	adjective	kelly
9171	tidtabell	NOUN	en	C1	noun-en	kelly
9172	optisk	ADJ		C2	adjective	kelly
9173	folkmassa	NOUN	en	C1	noun-en	kelly
9174	vandrarhem	NOUN	ett	C2	noun-ett	kelly
9175	guvernör	NOUN	en	C1	noun-en	kelly
9176	dekoration	NOUN	en	C2	noun-en	kelly
9177	entusiastisk	ADJ		C1	adjective	kelly
9178	mervärde	NOUN	ett	B2	noun-ett	kelly
9179	vidd	NOUN	en	B2	noun-en	kelly
9180	stram	ADJ		C1	adjective	kelly
9181	almanacka	NOUN	en	C2	noun-en	kelly
9182	invändig	ADJ		C2	adjective	kelly
9183	avlyssning	NOUN	en	B2	noun-en	kelly
9184	temperament	NOUN	ett	C2	noun-ett	kelly
9185	ihärdig	ADJ		C2	adjective	kelly
9186	observatör	NOUN	en	B2	noun-en	kelly
9187	främre	ADJ		A1	adjective	kelly
9188	veck	NOUN	ett	C2	noun-ett	kelly
9189	alkoholism	NOUN	en	C2	noun-en	kelly
9190	styv	ADJ		C2	adjective	kelly
9191	pensionering	NOUN	en	C2	noun-en	kelly
9192	martyr	NOUN	en	C1	noun-en	kelly
9193	gruvarbetare	NOUN	en	C2	noun-en	kelly
9194	kungarike	NOUN	ett	B2	noun-ett	kelly
9195	ridå	NOUN	en	C2	noun-en	kelly
9196	behållare	NOUN	en	C2	noun-en	kelly
9197	girighet	NOUN	en	C1	noun-en	kelly
9198	volontär	NOUN	en	C2	noun-en	kelly
9199	komponera	VERB		C1	verb	kelly
9200	intervention	NOUN	en	C1	noun-en	kelly
9201	glans	NOUN	en	C2	noun-en	kelly
9202	tron	NOUN	en	B2	noun-en	kelly
9203	vertikal	ADJ		C2	adjective	kelly
9204	företagsamhet	NOUN	en	C1	noun-en	kelly
9205	analytisk	ADJ		C1	adjective	kelly
9206	explicit	OTHER		C1	adverb/adjective	kelly
9207	marsch	NOUN	en	B2	noun-en	kelly
9208	underrättelsetjänst	NOUN	en	B2	noun-en	kelly
9209	avbilda	VERB		C1	verb	kelly
9210	artificiell	ADJ		C1	adjective	kelly
9211	handflata	NOUN	en	C2	noun-en	kelly
9212	växthus	NOUN	ett	C1	noun-ett	kelly
9213	slogan	NOUN	en	C1	noun-en	kelly
9214	språng	NOUN	ett	C1	noun-ett	kelly
9215	skulptur	NOUN	en	C1	noun-en	kelly
9216	dussin	NOUN	ett	C1	noun-ett	kelly
9217	poetisk	ADJ		C1	adjective	kelly
9218	duva	NOUN	en	C1	noun-en	kelly
9219	häfte	NOUN	ett	C2	noun-ett	kelly
9220	kidnappning	NOUN	en	C2	noun-en	kelly
9221	publicitet	NOUN	en	C1	noun-en	kelly
9222	ojämlikhet	NOUN	en	C1	noun-en	kelly
9223	exploatera	VERB		C1	verb	kelly
9224	spion	NOUN	en	C2	noun-en	kelly
9225	yla	VERB		C2	verb	kelly
9226	komplexitet	NOUN	en	C1	noun-en	kelly
9227	ätt	NOUN	en	A1	noun-en	kelly
9228	folie	NOUN	en	C2	noun-en	kelly
9229	latinsk	ADJ		C1	adjective	kelly
9230	administratör	NOUN	en	C1	noun-en	kelly
9231	eftergift	NOUN	en	C1	noun-en	kelly
9232	underminera	VERB		C1	verb	kelly
9233	vykort	NOUN	ett	C1	noun-ett	kelly
9234	brunch	NOUN	en	A1	noun-en	kelly
9235	fjärrkontroll	NOUN	en	C2	noun-en	kelly
9236	uppslutning	NOUN	en	C1	noun-en	kelly
9237	förträfflig	ADJ		C1	adjective	kelly
9238	fruktan	NOUN	en	B2	noun-en	kelly
9239	utstrålning	NOUN	en	C2	noun-en	kelly
9240	specialisering	NOUN	en	C2	noun-en	kelly
9241	klausul	NOUN	en	C1	noun-en	kelly
9242	undersida	NOUN	en	C2	noun-en	kelly
9243	modernisering	NOUN	en	C1	noun-en	kelly
9244	luftfart	NOUN	en	C2	noun-en	kelly
9245	dundra	VERB		C2	verb	kelly
9246	utskrift	NOUN	en	C2	noun-en	kelly
9247	dunkel	ADJ		C1	adjective	kelly
9248	hytt	NOUN	en	C2	noun-en	kelly
9249	anarkist	NOUN	en	B2	noun-en	kelly
9250	frist	NOUN	en	C2	noun-en	kelly
9251	bark	NOUN	en	C2	noun-en	kelly
9252	porto	NOUN	ett	C2	noun-ett	kelly
9253	visdom	NOUN	en	B2	noun-en	kelly
9254	optimism	NOUN	en	C1	noun-en	kelly
9255	senator	NOUN	en	C2	noun-en	kelly
9256	systerdotter	NOUN	en	C2	noun-en	kelly
9257	angränsande	ADJ		C1	adjective	kelly
9258	klot	NOUN	ett	C1	noun-ett	kelly
9259	välsigna	VERB		C1	verb	kelly
9260	summering	NOUN	en	C2	noun-en	kelly
9261	inflytelserik	ADJ		B2	adjective	kelly
9262	urban	ADJ		B1	adjective	kelly
9263	utvändig	ADJ		C2	adjective	kelly
9264	sexton	NUM		A1	numeral	kelly
9265	expansiv	ADJ		C1	adjective	kelly
9266	åldring	NOUN	en	C2	noun-en	kelly
9267	dagsljus	NOUN	ett	C1	noun-ett	kelly
9268	humanist	NOUN	en	B2	noun-en	kelly
9269	gränd	NOUN	en	C1	noun-en	kelly
9270	förutsäga	VERB		C1	verb	kelly
9271	odödlig	ADJ		C1	adjective	kelly
9272	ombildning	NOUN	en	C2	noun-en	kelly
9273	profetia	NOUN	en	B2	noun-en	kelly
9274	adel	NOUN	en	B2	noun-en	kelly
9275	otvivelaktig	ADJ		C2	adjective	kelly
9276	alfabet	NOUN	ett	C1	noun-ett	kelly
9277	inlärning	NOUN	en	C1	noun-en	kelly
9278	förvarna	VERB		C2	verb	kelly
9279	lem	NOUN	en	C2	noun-en	kelly
9280	utnämning	NOUN	en	C1	noun-en	kelly
9281	opinionsbildning	NOUN	en	C1	noun-en	kelly
9282	byråkratisk	ADJ		B2	adjective	kelly
9283	skådespel	NOUN	ett	C1	noun-ett	kelly
9284	major	NOUN	en	C1	noun-en	kelly
9285	tillfreds	ADJ		C2	adjective	kelly
9286	gestalt	NOUN	en	B2	noun-en	kelly
9287	munter	ADJ		C2	adjective	kelly
9288	upphöjd	ADJ		C1	adjective	kelly
9289	sofistikerad	ADJ		C1	adjective	kelly
9290	skikt	NOUN	ett	B2	noun-ett	kelly
9291	bemästra	VERB		C2	verb	kelly
9292	odjur	NOUN	ett	C2	noun-ett	kelly
9293	fax	NOUN	en	C1	noun-en/noun-ett	kelly
9294	skingra	VERB		C1	verb	kelly
9295	återupprätta	VERB		B2	verb	kelly
9296	glödlampa	NOUN	en	C1	noun-en	kelly
9297	syskonbarn	NOUN	ett	C2	noun-ett	kelly
9298	absorbera	VERB		C1	verb	kelly
9299	kvitt	NOUN		C2	noun	kelly
9300	brodera	VERB		C2	verb	kelly
9301	sydlig	ADJ		C1	adjective	kelly
9302	botemedel	NOUN	ett	C2	noun-ett	kelly
9303	lätthet	NOUN	en	C1	noun-en	kelly
9304	skattemässig	ADJ		C2	adjective	kelly
9305	byggare	NOUN	en	C2	noun-en	kelly
9306	finanspolitik	NOUN	en	B2	noun-en	kelly
9307	identifiering	NOUN	en	C1	noun-en	kelly
9308	timmer	NOUN	ett	C2	noun-ett	kelly
9309	fyrtio	NUM		A1	numeral	kelly
9310	uppenbarelse	NOUN	en	B1	noun-en	kelly
9311	kvist	NOUN	en	C2	noun-en	kelly
9312	förstörelse	NOUN	en	B2	noun-en	kelly
9313	likviditet	NOUN	en	C1	noun-en	kelly
9314	skådespelerska	NOUN	en	C2	noun-en	kelly
9315	exekutiv	ADJ		C2	adjective	kelly
9316	ordförråd	NOUN	ett	C2	noun-ett	kelly
9317	teologi	NOUN	en	B1	noun-en	kelly
9318	ärkebiskop	NOUN	en	B2	noun-en	kelly
9319	horisontell	ADJ		C2	adjective	kelly
9320	turkos	NOUN	en	C2	noun-en/adjective	kelly
9321	differentiering	NOUN	en	C2	noun-en	kelly
9322	interagera	VERB		C2	verb	kelly
9323	skissera	VERB		C2	verb	kelly
9324	energisk	ADJ		C2	adjective	kelly
9325	undkomma	VERB		C1	verb	kelly
9326	programmerare	NOUN	en	C1	noun-en	kelly
9327	bebo	VERB		C1	verb	kelly
9328	sömnig	ADJ		C2	adjective	kelly
9329	fångst	NOUN	en	C2	noun-en	kelly
9330	kork	NOUN	en	C2	noun-en	kelly
9331	tålmodigt	OTHER		C2	adverb	kelly
9332	doktrin	NOUN	en	C1	noun-en	kelly
9333	mör	ADJ		C2	adjective	kelly
9334	vrå	NOUN	en	C2	noun-en	kelly
9335	brännvin	NOUN	ett	C2	noun-ett	kelly
9336	algoritm	NOUN	en	C2	noun-en	kelly
9337	stek	NOUN	en	C2	noun-en	kelly
9338	högkvarter	NOUN	ett	C1	noun-ett	kelly
9339	stapla	VERB		C2	verb	kelly
9340	häpnadsväckande	ADJ		C1	adjective	kelly
9341	grundtanke	NOUN	en	C1	noun-en	kelly
9342	hed	NOUN	en	B2	noun-en	kelly
9343	mejeri	NOUN	ett	C2	noun-ett	kelly
9344	välsignelse	NOUN	en	B1	noun-en	kelly
9345	trollkarl	NOUN	en	C1	noun-en	kelly
9346	gräla	VERB		C2	verb	kelly
9347	fosterland	NOUN	ett	C1	noun-ett	kelly
9348	avslappning	NOUN	en	C2	noun-en	kelly
9349	integrering	NOUN	en	C1	noun-en	kelly
9350	självstyre	NOUN	ett	C1	noun-ett	kelly
9351	bombning	NOUN	en	C1	noun-en	kelly
9352	andedräkt	NOUN	en	C2	noun-en	kelly
9353	veto	NOUN	ett	C1	noun-ett	kelly
9354	jungfru	NOUN	en	C1	noun-en	kelly
9355	pina	NOUN	en	C2	noun-en/verb	kelly
9356	ömtålig	ADJ		C2	adjective	kelly
9357	sensationell	ADJ		C2	adjective	kelly
9358	portal	NOUN	en	C1	noun-en	kelly
9359	själslig	ADJ		C1	adjective	kelly
9360	monetär	ADJ		C1	adjective	kelly
9361	sammanträda	VERB		C2	verb	kelly
9362	istid	NOUN	en	C1	noun-en	kelly
9363	referat	NOUN	ett	C1	noun-ett	kelly
9364	exemplarisk	ADJ		C2	adjective	kelly
9365	fotografisk	ADJ		C2	adjective	kelly
9366	modifikation	NOUN	en	C2	noun-en	kelly
9367	nattlig	ADJ		C2	adjective	kelly
9368	komfort	NOUN		C2	noun	kelly
9369	biblisk	ADJ		B1	adjective	kelly
9370	motsägelse	NOUN	en	C1	noun-en	kelly
9371	ark	NOUN	ett	C1	noun-ett/noun-en	kelly
9372	susa	VERB		C2	verb	kelly
9373	sponsring	NOUN	en	C1	noun-en	kelly
9374	avvärja	VERB		C2	verb	kelly
9375	fullvärdig	ADJ		C1	adjective	kelly
9376	tillfoga	VERB		C1	verb	kelly
9377	avgrund	NOUN	en	C1	noun-en	kelly
9378	koja	NOUN	en	C2	noun-en	kelly
9379	trivsam	ADJ		C1	adjective	kelly
9380	klassificering	NOUN	en	C1	noun-en	kelly
9381	multinationell	ADJ		C1	adjective	kelly
9382	campus	NOUN	ett	C2	noun-ett	kelly
9383	vulgär	ADJ		C2	adjective	kelly
9384	besläktad	ADJ		C1	adjective	kelly
9385	ven	NOUN	en	C2	noun-en	kelly
9386	besittning	NOUN	en	C1	noun-en	kelly
9387	formation	NOUN	en	C2	noun-en	kelly
9388	svängning	NOUN	en	C1	noun-en	kelly
9389	avdelningschef	NOUN	en	C2	noun-en	kelly
9390	epok	NOUN	en	B2	noun-en	kelly
9391	dricks	NOUN	en	C2	noun-en	kelly
9392	flerårig	ADJ		C2	adjective	kelly
9393	omfång	NOUN	ett	C2	noun-ett	kelly
9394	vapenvila	NOUN	en	C1	noun-en	kelly
9395	organisering	NOUN	en	B2	noun-en	kelly
9396	spjut	NOUN	ett	C2	noun-ett	kelly
9397	arkeologisk	ADJ		C1	adjective	kelly
9398	läglig	ADJ		C2	adjective	kelly
9399	realism	NOUN	en	C1	noun-en	kelly
9400	vakuum	NOUN	ett	C2	noun-ett	kelly
9401	revolutionär	ADJ		A2	adjective/noun-en	kelly
9402	radie	NOUN	en	C2	noun-en	kelly
9403	aktiemarknad	NOUN	en	C1	noun-en	kelly
9404	nationalstat	NOUN	en	B2	noun-en	kelly
9405	akustisk	ADJ		C2	adjective	kelly
9406	fördjupning	NOUN	en	C1	noun-en	kelly
9407	bondgård	NOUN	en	C2	noun-en	kelly
9408	oenighet	NOUN	en	C1	noun-en	kelly
9409	brådskande	ADJ		C1	adjective	kelly
9410	returnera	VERB		C2	verb	kelly
9411	adressera	VERB		C2	verb	kelly
9412	kontur	NOUN	en	C2	noun-en	kelly
9413	teknologisk	ADJ		C1	adjective	kelly
9414	cykelväg	NOUN	en	C2	noun-en	kelly
9415	sammandrag	NOUN	ett	C2	noun-ett	kelly
9416	civilbefolkning	NOUN	en	C1	noun-en	kelly
9417	omstridd	ADJ		C2	adjective	kelly
9418	fotgängare	NOUN	en	C2	noun-en	kelly
9419	vinäger	NOUN	en	C2	noun-en	kelly
9420	maskulin	ADJ		C2	adjective	kelly
9421	tjänare	NOUN	en	B1	noun-en	kelly
9422	kompositör	NOUN	en	C1	noun-en	kelly
9423	världsekonomi	NOUN	en	C1	noun-en	kelly
9424	medlidande	NOUN	ett	C1	noun-ett	kelly
9425	tristess	NOUN	en	C2	noun-en	kelly
9426	kirurgi	NOUN		C2	noun	kelly
9427	västlig	ADJ		C1	adjective	kelly
9428	konsultation	NOUN	en	C2	noun-en	kelly
9429	höghus	NOUN	ett	C2	noun-ett	kelly
9430	närmande	NOUN	ett	C2	noun-ett	kelly
9431	fana	NOUN	en	C1	noun-en	kelly
9432	översvämma	VERB		C2	verb	kelly
9433	barriär	NOUN	en	C1	noun-en	kelly
9434	tänkare	NOUN	en	C1	noun-en	kelly
9435	vederbörlig	ADJ		C2	adjective	kelly
9436	kalkylera	VERB		C2	verb	kelly
9437	intuition	NOUN	en	C1	noun-en	kelly
9438	parad	NOUN	en	C1	noun-en	kelly
9439	ansiktsuttryck	NOUN	ett	C2	noun-ett	kelly
9440	experimentell	ADJ		C1	adjective	kelly
9441	veckodag	NOUN	en	A1	noun-en	kelly
9442	nyttighet	NOUN	en	C2	noun-en	kelly
9443	immigrant	NOUN	en	C1	noun-en	kelly
9444	skymning	NOUN	en	C1	noun-en	kelly
9445	kalcium	NOUN		C2	noun	kelly
9446	copyright	NOUN	en	C1	noun-en	kelly
9447	idrottsman	NOUN	en	C2	noun-en	kelly
9448	kväve	NOUN		C2	noun	kelly
9449	beskydda	VERB		C2	verb	kelly
9450	sammanbrott	NOUN	ett	C1	noun-ett	kelly
9451	begynnelse	NOUN	en	C1	noun-en	kelly
9452	tillsättning	NOUN	en	C2	noun-en	kelly
9453	korrekthet	NOUN	en	C1	noun-en	kelly
9454	ålderdom	NOUN	en	C2	noun-en	kelly
9455	palats	NOUN	ett	B2	noun-ett	kelly
9456	offert	NOUN	en	C2	noun-en	kelly
9457	sökmotor	NOUN	en	B2	noun-en	kelly
9458	adjektiv	NOUN	ett	C2	noun-ett	kelly
9459	manifest	NOUN	ett	C1	noun-ett/adjective	kelly
9460	monument	NOUN	ett	C1	noun-ett	kelly
9461	grammatisk	ADJ		C2	adjective	kelly
9462	tillförsel	NOUN	en	C2	noun-en	kelly
9463	autentisk	ADJ		C1	adjective	kelly
9464	bål	NOUN	ett	C2	noun-ett/noun-en	kelly
9465	elektron	NOUN	en	C2	noun-en	kelly
9466	pose	NOUN	en	C2	noun-en	kelly
9467	fullmåne	NOUN	en	C2	noun-en	kelly
9468	territoriell	ADJ		C1	adjective	kelly
9469	elementär	ADJ		C1	adjective	kelly
9470	mittemot	OTHER		C2	prep/adverb	kelly
9471	lydnad	NOUN	en	B2	noun-en	kelly
9472	revolt	NOUN	en	C1	noun-en	kelly
9473	betingelse	NOUN	en	C2	noun-en	kelly
9474	välvillig	ADJ		C2	adjective	kelly
9475	sociologi	NOUN	en	C1	noun-en	kelly
9476	växthuseffekt	NOUN	en	B2	noun-en	kelly
9477	veranda	NOUN	en	C2	noun-en	kelly
9478	fridfull	ADJ		C2	adjective	kelly
9479	härlighet	NOUN	en	B2	noun-en	kelly
9480	obekant	ADJ		C2	adjective	kelly
9481	intrig	NOUN	en	C1	noun-en	kelly
9482	mobilisering	NOUN	en	C1	noun-en	kelly
9483	segment	NOUN	ett	C2	noun-ett	kelly
9484	analogi	NOUN	en	C2	noun-en	kelly
9485	fästning	NOUN	en	C1	noun-en	kelly
9486	flyktig	ADJ		C2	adjective	kelly
9487	arrest	NOUN	en	C2	noun-en	kelly
9488	växellåda	NOUN	en	C2	noun-en	kelly
9489	karakterisera	VERB		C1	verb	kelly
9490	åtkomst	NOUN	en	C2	noun-en	kelly
9491	bekännelse	NOUN	en	B2	noun-en	kelly
9492	överste	NOUN	en	C1	noun-en	kelly
9493	spalt	NOUN	en	C1	noun-en	kelly
9494	fysiker	NOUN	en	C2	noun-en	kelly
9495	rotation	NOUN	en	C2	noun-en	kelly
9496	djärv	ADJ		C1	adjective	kelly
9497	tågstation	NOUN	en	C2	noun-en	kelly
9498	utsliten	ADJ		C2	adjective	kelly
9499	besk	ADJ		C2	adjective/noun-en	kelly
9500	gudinna	NOUN	en	C1	noun-en	kelly
9501	högtidlig	ADJ		C1	adjective	kelly
9502	internationalisering	NOUN	en	C2	noun-en	kelly
9503	serum	NOUN	ett	C2	noun-ett	kelly
9504	valla	VERB		C2	verb/noun-en	kelly
9505	skorsten	NOUN	en	C2	noun-en	kelly
9506	fundament	NOUN	ett	C1	noun-ett	kelly
9507	övernatta	VERB		C2	verb	kelly
9508	sankt	ADJ		C1	adjective	kelly
9509	blues	NOUN	en	B2	noun-en	kelly
9510	spegelbild	NOUN	en	C2	noun-en	kelly
9511	skönlitteratur	NOUN	en	C1	noun-en	kelly
9512	envishet	NOUN	en	C2	noun-en	kelly
9513	marxism	NOUN	en	B1	noun-en	kelly
9514	syndare	NOUN	en	C1	noun-en	kelly
9515	decimeter	NOUN	en	A1	noun-en	kelly
9516	räddare	NOUN	en	C2	noun-en	kelly
9517	grannskap	NOUN	ett	C2	noun-ett	kelly
9518	maximum	NOUN	ett	C2	noun-ett	kelly
9519	omlopp	NOUN	ett	C2	noun-ett	kelly
9520	vägran	NOUN	en	C1	noun-en	kelly
9521	trappsteg	NOUN	ett	C2	noun-ett	kelly
9522	månadsskifte	NOUN	ett	A1	noun-ett	kelly
9523	törst	NOUN	en	C2	noun-en	kelly
9524	brigad	NOUN	en	C2	noun-en	kelly
9525	självdeklaration	NOUN	en	C2	noun-en	kelly
9526	videokamera	NOUN	en	C2	noun-en	kelly
9527	systerson	NOUN	en	C2	noun-en	kelly
9528	animation	NOUN	en	C2	noun-en	kelly
9529	tillbe	VERB		C1	verb	kelly
9530	kapell	NOUN	ett	C1	noun-ett	kelly
9531	affärsverksamhet	NOUN	en	C1	noun-en	kelly
9532	personell	ADJ		C2	adjective	kelly
9533	stygg	ADJ		C2	adjective	kelly
9534	fysiologisk	ADJ		C2	adjective	kelly
9535	revidering	NOUN	en	C2	noun-en	kelly
9536	predikan	NOUN	en	B2	noun-en	kelly
9537	bläck	NOUN	ett	C2	noun-ett	kelly
9538	bagare	NOUN	en	C2	noun-en	kelly
9539	uteslutning	NOUN	en	C2	noun-en	kelly
9540	elastisk	ADJ		C2	adjective	kelly
9541	idealisk	ADJ		C1	adjective	kelly
9542	modul	NOUN	en	C1	noun-en	kelly
9543	substantiv	NOUN	ett	C2	noun-ett	kelly
9544	skyltfönster	NOUN	ett	C2	noun-ett	kelly
9545	socka	NOUN	en	C2	noun-en	kelly
9546	gränssnitt	NOUN	ett	C1	noun-ett	kelly
9547	segel	NOUN	ett	C1	noun-ett	kelly
9548	ungdomlig	ADJ		C2	adjective	kelly
9549	konsultera	VERB		C2	verb	kelly
9550	såg	NOUN	en	C2	noun-en	kelly
9551	besatthet	NOUN	en	C2	noun-en	kelly
9552	varaktighet	NOUN	en	C2	noun-en	kelly
9553	förutbestämma	VERB		C2	verb	kelly
9554	knall	NOUN	en	C2	noun-en	kelly
9555	återuppliva	VERB		C2	verb	kelly
9556	förrädare	NOUN	en	C2	noun-en	kelly
9557	rakning	NOUN	en	C2	noun-en	kelly
9558	välvilja	NOUN	en	C2	noun-en	kelly
9559	växelkurs	NOUN	en	B2	noun-en	kelly
9560	måleri	NOUN	ett	C1	noun-ett	kelly
9561	segling	NOUN	en	C1	noun-en	kelly
9562	klunga	NOUN	en	C2	noun-en	kelly
9563	tegel	NOUN	ett	C2	noun-ett	kelly
9564	blixtsnabbt	OTHER		C2	adverb	kelly
9565	perfektion	NOUN	en	C2	noun-en	kelly
9566	svenskspråkig	ADJ		C1	adjective	kelly
9567	tillförlitlighet	NOUN	en	C2	noun-en	kelly
9568	byråkrat	NOUN	en	C1	noun-en	kelly
9569	kult	NOUN	en	C1	noun-en	kelly
9570	koordinera	VERB		C2	verb	kelly
9571	revolutionerande	ADJ		C2	adjective	kelly
9572	förplikta	VERB		C2	verb	kelly
9573	ättling	NOUN	en	C1	noun-en	kelly
9574	återlämna	VERB		C2	verb	kelly
9575	väv	NOUN	en	C2	noun-en	kelly
9576	interaktiv	ADJ		C1	adjective	kelly
9577	kvällsmål	NOUN	ett	A1	noun-ett	kelly
9578	manöver	NOUN	en	C2	noun-en	kelly
9579	underjordisk	ADJ		C1	adjective	kelly
9580	förlikning	NOUN	en	C2	noun-en	kelly
9581	pristagare	NOUN	en	C2	noun-en	kelly
9582	bagatell	NOUN	en	C2	noun-en	kelly
9583	oreda	NOUN	en	C2	noun-en	kelly
9584	oljud	NOUN	ett	C2	noun-ett	kelly
9585	härskare	NOUN	en	B2	noun-en	kelly
9586	försoning	NOUN	en	B2	noun-en	kelly
9587	distributör	NOUN	en	C2	noun-en	kelly
9588	försvarsadvokat	NOUN	en	C2	noun-en	kelly
9589	förvandling	NOUN	en	C1	noun-en	kelly
9590	marxist	NOUN	en	C1	noun-en	kelly
9591	essä	NOUN	en	B2	noun-en	kelly
9592	konsulat	NOUN	ett	C2	noun-ett	kelly
9593	nunna	NOUN	en	C2	noun-en	kelly
9594	engelskspråkig	ADJ		C1	adjective	kelly
9595	remsa	NOUN	en	C2	noun-en	kelly
9596	uppfyllelse	NOUN	en	C2	noun-en	kelly
9597	författarskap	NOUN	ett	C1	noun-ett	kelly
9598	debitering	NOUN	en	C2	noun-en	kelly
9599	återkoppling	NOUN	en	C2	noun-en	kelly
9600	huva	NOUN	en	C2	noun-en	kelly
9601	cirkulation	NOUN	en	C2	noun-en	kelly
9602	korrespondent	NOUN	en	C2	noun-en	kelly
9603	eskort	NOUN	en	C2	noun-en	kelly
9604	deponera	VERB		C2	verb	kelly
9605	logotyp	NOUN	en	C1	noun-en	kelly
9606	arkeolog	NOUN	en	C1	noun-en	kelly
9607	maskineri	NOUN	ett	C1	noun-ett	kelly
9608	resebyrå	NOUN	en	C2	noun-en	kelly
9609	sjösätta	VERB		C2	verb	kelly
9610	vokal	NOUN	en	C2	noun-en/adjective	kelly
9611	fragment	NOUN	ett	C1	noun-ett	kelly
9612	plakat	NOUN	ett	C2	noun-ett	kelly
9613	avskrift	NOUN	en	C2	noun-en	kelly
9614	boskap	NOUN	en	C1	noun-en	kelly
9615	överträda	VERB		C2	verb	kelly
9616	bensinstation	NOUN	en	C2	noun-en	kelly
9617	altare	NOUN	ett	C2	noun-ett	kelly
9618	immateriell	ADJ		C1	adjective	kelly
9619	instruera	VERB		C2	verb	kelly
9620	vattenmelon	NOUN	en	C2	noun-en	kelly
9621	kommunistparti	NOUN	ett	B1	noun-ett	kelly
9622	bataljon	NOUN	en	C2	noun-en	kelly
9623	lärarinna	NOUN	en	C2	noun-en	kelly
9624	arbetsrum	NOUN	ett	C2	noun-ett	kelly
9625	montering	NOUN	en	C2	noun-en	kelly
9626	plommon	NOUN	ett	C2	noun-ett	kelly
9627	påföljande	ADJ		C1	adjective	kelly
9628	pluton	NOUN	en	C2	noun-en	kelly
9629	matvara	NOUN	en	C2	noun-en	kelly
9630	funktionalitet	NOUN	en	C2	noun-en	kelly
9631	knytnäve	NOUN	en	C2	noun-en	kelly
9632	kommissarie	NOUN	en	C2	noun-en	kelly
9633	tillfredsställd	ADJ		C2	adjective	kelly
9634	bravo	OTHER		C2	interj	kelly
9635	uppkalla	VERB		C2	verb	kelly
9636	anträffa	VERB		C2	verb	kelly
9637	påbud	NOUN	ett	C1	noun-ett	kelly
9638	decimal	NOUN	en	C2	noun-en	kelly
9639	exil	NOUN	en	C1	noun-en	kelly
9640	soluppgång	NOUN	en	C2	noun-en	kelly
9641	hake	NOUN	en	C2	noun-en	kelly
9642	magister	NOUN	en	C1	noun-en	kelly
9643	fångenskap	NOUN	en	C1	noun-en	kelly
9644	fästmö	NOUN	en	C2	noun-en	kelly
9645	oväsen	NOUN	ett	C2	noun-ett	kelly
9646	konvent	NOUN	ett	B2	noun-ett	kelly
9647	navigera	VERB		C1	verb	kelly
9648	instifta	VERB		C1	verb	kelly
9649	frälsare	NOUN	en	B2	noun-en	kelly
9650	jubileum	NOUN	ett	C2	noun-ett	kelly
9651	sportig	ADJ		C2	adjective	kelly
9652	lobby	NOUN	en	C1	noun-en	kelly
9653	betjäna	VERB		C1	verb	kelly
9654	delegat	NOUN	en	C1	noun-en	kelly
9655	knop	NOUN	en	C2	noun-en	kelly
9656	frigörelse	NOUN	en	C1	noun-en	kelly
9657	trohet	NOUN	en	C1	noun-en	kelly
9658	accent	NOUN	en	C2	noun-en	kelly
9659	terapeutisk	ADJ		C2	adjective	kelly
9660	uråldrig	ADJ		C1	adjective	kelly
9661	arbetslag	NOUN	ett	C2	noun-ett	kelly
9662	förkunna	VERB		B2	verb	kelly
9663	cement	NOUN	en	C2	noun-en	kelly
9664	hertig	NOUN	en	B2	noun-en	kelly
9665	klarvaken	ADJ		C2	adjective	kelly
9666	bildskärm	NOUN	en	C2	noun-en	kelly
9667	planlägga	VERB		C2	verb	kelly
9668	åtstramning	NOUN	en	C2	noun-en	kelly
9669	kurera	VERB		C2	verb	kelly
9670	reproduktion	NOUN	en	C2	noun-en	kelly
9671	repertoar	NOUN	en	C2	noun-en	kelly
9672	vänskaplig	ADJ		C2	adjective	kelly
9673	matematiker	NOUN	en	C2	noun-en	kelly
9674	dispyt	NOUN	en	C2	noun-en	kelly
9675	essens	NOUN	en	C1	noun-en	kelly
9676	suveränitet	NOUN	en	C1	noun-en	kelly
9677	komposition	NOUN	en	C1	noun-en	kelly
9678	dygd	NOUN	en	C1	noun-en	kelly
9679	hebreisk	ADJ		B2	adjective	kelly
9680	likgiltighet	NOUN	en	C2	noun-en	kelly
9681	utrotning	NOUN	en	C2	noun-en	kelly
9682	noggrannhet	NOUN	en	C2	noun-en	kelly
9683	brorson	NOUN	en	C2	noun-en	kelly
9684	frälsning	NOUN	en	B1	noun-en	kelly
9685	tändsticka	NOUN	en	C2	noun-en	kelly
9686	elektromagnetisk	ADJ		C2	adjective	kelly
9687	hök	NOUN	en	C2	noun-en	kelly
9688	reporänta	NOUN	en	B2	noun-en	kelly
9689	arbetarparti	NOUN	ett	C1	noun-ett	kelly
9690	tonvikt	NOUN	en	C1	noun-en	kelly
9691	strömning	NOUN	en	B2	noun-en	kelly
9692	rangordna	VERB		C2	verb	kelly
9693	projektering	NOUN	en	C2	noun-en	kelly
9694	aktivering	NOUN	en	C2	noun-en	kelly
9695	tariff	NOUN	en	C2	noun-en	kelly
9696	säregen	ADJ		C2	adjective	kelly
9697	implementering	NOUN	en	C2	noun-en	kelly
9698	hekto	NOUN	ett	A1	noun-ett	kelly
9699	devalvering	NOUN	en	C2	noun-en	kelly
9700	jämförande	ADJ		C2	adjective	kelly
9701	ändlös	ADJ		C2	adjective	kelly
9702	byggnation	NOUN	en	C2	noun-en	kelly
9703	veckoslut	NOUN	ett	C2	noun-ett	kelly
9704	aktualitet	NOUN	en	C2	noun-en	kelly
9705	välgörande	ADJ		C2	adjective	kelly
9706	prototyp	NOUN	en	C1	noun-en	kelly
9707	telekommunikation	NOUN	en	C2	noun-en	kelly
9708	spann	NOUN	en	C2	noun-en/noun-ett	kelly
9709	slank	ADJ		C2	adjective	kelly
9710	slagfält	NOUN	ett	C1	noun-ett	kelly
9711	överlägsenhet	NOUN	en	C1	noun-en	kelly
9712	statist	NOUN	en	C2	noun-en	kelly
9713	densitet	NOUN	en	C2	noun-en	kelly
9714	fatal	ADJ		C2	adjective	kelly
9715	gnistra	VERB		C2	verb	kelly
9716	kvarlåtenskap	NOUN	en	C2	noun-en	kelly
9717	privilegierad	ADJ		C1	adjective	kelly
9718	jurisdiktion	NOUN	en	C1	noun-en	kelly
9719	gradera	VERB		C2	verb	kelly
9720	vidareutveckling	NOUN	en	C2	noun-en	kelly
9721	tråkighet	NOUN	en	C2	noun-en	kelly
9722	centrera	VERB		C2	verb	kelly
9723	lodrät	ADJ		C2	adjective	kelly
9724	diplom	NOUN	ett	C2	noun-ett	kelly
9725	listig	ADJ		C2	adjective	kelly
9726	spanare	NOUN	en	C2	noun-en	kelly
9727	matris	NOUN	en	C2	noun-en	kelly
9728	alldaglig	ADJ		C2	adjective	kelly
9729	beskydd	NOUN	ett	C1	noun-ett	kelly
9730	gravera	VERB		C2	verb	kelly
9731	diplomati	NOUN	en	C1	noun-en	kelly
9732	ögonkast	NOUN	ett	C2	noun-ett	kelly
9733	bestiga	VERB		C2	verb	kelly
9734	jämvikt	NOUN	en	C1	noun-en	kelly
9735	upphetsning	NOUN	en	C2	noun-en	kelly
9736	tonfall	NOUN	ett	C2	noun-ett	kelly
9737	postkontor	NOUN	ett	C2	noun-ett	kelly
9738	prestigefylld	ADJ		C2	adjective	kelly
9739	årtusende	NOUN	ett	C2	noun-ett	kelly
9740	välsignad	ADJ		B2	adjective	kelly
9741	reaktionär	ADJ		B2	adjective	kelly
9742	synbar	ADJ		C2	adjective	kelly
9743	klagan	NOUN	en	C2	noun-en	kelly
9744	fraktion	NOUN	en	B2	noun-en	kelly
9745	kilogram	NOUN	ett	A2	noun-ett	kelly
9746	körsbär	NOUN	ett	C2	noun-ett	kelly
9747	kopiering	NOUN	en	B2	noun-en	kelly
9748	autonomi	NOUN	en	C1	noun-en	kelly
9749	kemist	NOUN	en	C2	noun-en	kelly
9750	profylax	NOUN	en	C2	noun-en	kelly
9751	mekaniker	NOUN	en	C2	noun-en	kelly
9752	marmelad	NOUN	en	C2	noun-en	kelly
9753	trehundra	NUM		C2	numeral	kelly
9754	förfalskning	NOUN	en	C2	noun-en	kelly
9755	utsökt	ADJ		C2	adjective	kelly
9756	uthärda	VERB		C1	verb	kelly
9757	logo	NOUN	en	C2	noun-en	kelly
9758	konfirmation	NOUN	en	C2	noun-en	kelly
9759	antydning	NOUN	en	C2	noun-en	kelly
9760	sparv	NOUN	en	C2	noun-en	kelly
9761	reträtt	NOUN	en	C1	noun-en	kelly
9762	talrik	ADJ		C1	adjective	kelly
9763	grönska	NOUN	en	C2	noun-en/verb	kelly
9764	förläggare	NOUN	en	C1	noun-en	kelly
9765	disciplinär	ADJ		C2	adjective	kelly
9766	arkivera	VERB		C2	verb	kelly
9767	återhållsamhet	NOUN	en	C2	noun-en	kelly
9768	flamma	NOUN	en	C2	noun-en/verb	kelly
9769	grymhet	NOUN	en	C1	noun-en	kelly
9770	imitera	VERB		C2	verb	kelly
9771	huslig	ADJ		C2	adjective	kelly
9772	biolog	NOUN	en	C2	noun-en	kelly
9773	frågeformulär	NOUN	ett	C2	noun-ett	kelly
9774	orgel	NOUN	en	C2	noun-en	kelly
9775	förverkligande	NOUN	ett	C2	noun-ett	kelly
9776	signalspaning	NOUN	en	B2	noun-en	kelly
9777	lantlig	ADJ		C2	adjective	kelly
9778	raseri	NOUN	ett	C2	noun-ett	kelly
9779	radiostation	NOUN	en	C1	noun-en	kelly
9780	interiör	NOUN	en	C2	noun-en	kelly
9781	världslig	ADJ		B2	adjective	kelly
9782	råolja	NOUN	en	C2	noun-en	kelly
9783	renhet	NOUN	en	C1	noun-en	kelly
9784	livad	ADJ		B1	adjective	kelly
9785	servitör	NOUN	en	C2	noun-en	kelly
9786	beslutsamt	OTHER		C2	adverb	kelly
9787	patologisk	ADJ		C2	adjective	kelly
9788	ministerium	NOUN	ett	C2	noun-ett	kelly
9789	raffinera	VERB		C2	verb	kelly
9790	ödelägga	VERB		C2	verb	kelly
9791	karakteristisk	ADJ		C2	adjective	kelly
9792	fyndighet	NOUN	en	C2	noun-en	kelly
9793	ankare	NOUN	ett	C2	noun-ett	kelly
9794	betraktelse	NOUN	en	C1	noun-en	kelly
9795	sittning	NOUN	en	C2	noun-en	kelly
9796	fjärran	ADJ		C1	adjective/adverb/noun-ett	kelly
9797	magnetisk	ADJ		C2	adjective	kelly
9798	uppsyn	NOUN	en	C2	noun-en	kelly
9799	underkastelse	NOUN	en	C1	noun-en	kelly
9800	innevånare	NOUN	en	C2	noun-en	kelly
9801	brutto	OTHER		C2	adverb	kelly
9802	samstämmighet	NOUN	en	C2	noun-en	kelly
9803	apostel	NOUN	en	B1	noun-en	kelly
9804	förgrund	NOUN	en	C2	noun-en	kelly
9805	efterfölja	VERB		C2	verb	kelly
9806	sammankalla	VERB		C1	verb	kelly
9807	juvel	NOUN	en	C2	noun-en	kelly
9808	undantagslöst	OTHER		C2	adverb	kelly
9809	utantill	OTHER		C2	adverb	kelly
9810	sandstrand	NOUN	en	C2	noun-en	kelly
9811	scarf	NOUN	en	C2	noun-en	kelly
9812	kassett	NOUN	en	C2	noun-en	kelly
9813	aprikos	NOUN	en	C2	noun-en	kelly
9814	vicepresident	NOUN	en	C2	noun-en	kelly
9815	alstra	VERB		C2	verb	kelly
9816	synfält	NOUN	ett	C2	noun-ett	kelly
9817	bildlig	ADJ		C2	adjective	kelly
9818	proklamera	VERB		C1	verb	kelly
9819	bottenvåning	NOUN	en	C2	noun-en	kelly
9820	aveny	NOUN	en	C2	noun-en	kelly
9821	oenig	ADJ		C2	adjective	kelly
9822	egenhet	NOUN	en	C2	noun-en	kelly
9823	ljum	ADJ		C2	adjective	kelly
9824	paroll	NOUN	en	B2	noun-en	kelly
9825	orörlig	ADJ		C2	adjective	kelly
9826	sanitär	ADJ		C2	adjective	kelly
9827	dykning	NOUN	en	C2	noun-en	kelly
9828	utgrävning	NOUN	en	C1	noun-en	kelly
9829	förutsägelse	NOUN	en	C1	noun-en	kelly
9830	keramik	NOUN		C2	noun	kelly
9831	vidröra	VERB		C2	verb	kelly
9832	persika	NOUN	en	C2	noun-en	kelly
9833	multimedia	NOUN		C2	noun	kelly
9834	avfärd	NOUN	en	C2	noun-en	kelly
9835	imperialism	NOUN	en	B1	noun-en	kelly
9836	ämbetsman	NOUN	en	C1	noun-en	kelly
9837	postlåda	NOUN	en	C2	noun-en	kelly
9838	molnig	ADJ		C2	adjective	kelly
9839	sextio	NUM		A1	numeral	kelly
9840	avresa	NOUN	en	C2	noun-en/verb	kelly
9841	användbarhet	NOUN	en	C1	noun-en	kelly
9842	lexikon	NOUN	ett	C1	noun-ett	kelly
9843	smaklig	ADJ		C2	adjective	kelly
9844	ohyra	NOUN	en	C2	noun-en	kelly
9845	stormig	ADJ		C2	adjective	kelly
9846	uppköp	NOUN	ett	C2	noun-ett	kelly
9847	avdela	VERB		C2	verb	kelly
9848	löjtnant	NOUN	en	C2	noun-en	kelly
9849	teolog	NOUN	en	C1	noun-en	kelly
9850	månatlig	ADJ		C2	adjective	kelly
9851	östlig	ADJ		C1	adjective	kelly
9852	favör	NOUN	en	C2	noun-en	kelly
9853	erövring	NOUN	en	B2	noun-en	kelly
9854	nitton	NUM		A1	numeral	kelly
9855	pingst	NOUN	en	A1	noun-en	kelly
9856	kompanjon	NOUN	en	C2	noun-en	kelly
9857	sionism	NOUN	en	C1	noun-en	kelly
9858	ekologi	NOUN	en	C1	noun-en	kelly
9859	boplats	NOUN	en	C2	noun-en	kelly
9860	innesluta	VERB		C2	verb	kelly
9861	konduktör	NOUN	en	C2	noun-en	kelly
9862	tryne	NOUN	ett	C2	noun-ett	kelly
9863	manuskript	NOUN	ett	C1	noun-ett	kelly
9864	protestantisk	ADJ		C1	adjective	kelly
9865	terrass	NOUN	en	C2	noun-en	kelly
9866	följeslagare	NOUN	en	C1	noun-en	kelly
9867	delikat	ADJ		C2	adjective	kelly
9868	föräldralös	ADJ		C2	adjective	kelly
9869	krabba	NOUN	en	C2	noun-en	kelly
9870	oanvändbar	ADJ		C2	adjective	kelly
9871	syntes	NOUN	en	C2	noun-en	kelly
9872	squash	NOUN	en	C2	noun-en	kelly
9873	informationssamhälle	NOUN	ett	C1	noun-ett	kelly
9874	närbelägen	ADJ		C2	adjective	kelly
9875	betyg sätta	VERB		C2	verb	kelly
9876	periferi	NOUN	en	C2	noun-en	kelly
9877	belägenhet	NOUN	en	C2	noun-en	kelly
9878	försona	VERB		C2	verb	kelly
9879	fosterbarn	NOUN	ett	C2	noun-ett	kelly
9880	teleskop	NOUN	ett	C2	noun-ett	kelly
9881	prosa	NOUN		C1	noun	kelly
9882	baron	NOUN	en	C2	noun-en	kelly
9883	patriotisk	ADJ		C2	adjective	kelly
9884	skenbar	ADJ		C2	adjective	kelly
9885	viskning	NOUN	en	C2	noun-en	kelly
9886	tryckning	NOUN	en	C2	noun-en	kelly
9887	namnteckning	NOUN	en	C2	noun-en	kelly
9888	skolkamrat	NOUN	en	C2	noun-en	kelly
9889	hjort	NOUN	en	C2	noun-en	kelly
9890	anor	NOUN		B2	noun	kelly
9891	sårande	ADJ		C2	adjective	kelly
9892	kulminera	VERB		C2	verb	kelly
9893	kvast	NOUN	en	C2	noun-en	kelly
9894	kassaskåp	NOUN	ett	C2	noun-ett	kelly
9895	international	NOUN	en	B1	noun-en	kelly
9896	konsortium	NOUN	ett	C2	noun-ett	kelly
9897	flygel	NOUN	en	C1	noun-en	kelly
9898	brorsdotter	NOUN	en	C2	noun-en	kelly
9899	allé	NOUN	en	C2	noun-en	kelly
9900	inkassera	VERB		C2	verb	kelly
9901	restaurering	NOUN	en	C2	noun-en	kelly
9902	köpman	NOUN	en	C1	noun-en	kelly
9903	avvara	VERB		C2	verb	kelly
9904	slaktare	NOUN	en	C2	noun-en	kelly
9905	dårskap	NOUN	en	C2	noun-en	kelly
9906	stabilisering	NOUN	en	C2	noun-en	kelly
9907	tilltugg	NOUN	ett	C2	noun-ett	kelly
9908	oordning	NOUN	en	C2	noun-en	kelly
9909	förbluffa	VERB		C2	verb	kelly
9910	rådman	NOUN	en	C2	noun-en	kelly
9911	hedervärd	ADJ		C2	adjective	kelly
9912	vrist	NOUN	en	C2	noun-en	kelly
9913	bestämdhet	NOUN	en	C2	noun-en	kelly
9914	regent	NOUN	en	C1	noun-en	kelly
9915	myr	NOUN	en	C2	noun-en	kelly
9916	hednisk	ADJ		C1	adjective	kelly
9917	rit	NOUN	en	A2	noun-en	kelly
9918	avspänd	ADJ		C2	adjective	kelly
9919	fildelare	NOUN	en	B1	noun-en	kelly
9920	beslutsamhet	NOUN	en	C1	noun-en	kelly
9921	atlet	NOUN	en	C2	noun-en	kelly
9922	mynning	NOUN	en	C2	noun-en	kelly
9923	förevändning	NOUN	en	C1	noun-en	kelly
9924	restaurera	VERB		C2	verb	kelly
9925	diagnostisk	ADJ		C2	adjective	kelly
9926	adlig	ADJ		C2	adjective	kelly
9927	förråda	VERB		C2	verb	kelly
9928	tidsskrift	NOUN	en	C2	noun-en	kelly
9929	svärdotter	NOUN	en	C2	noun-en	kelly
9930	stadsbo	NOUN	en	C2	noun-en	kelly
9931	uppfödning	NOUN	en	C2	noun-en	kelly
9932	metropol	NOUN	en	C2	noun-en	kelly
9933	katedral	NOUN	en	C1	noun-en	kelly
9934	rankning	NOUN	en	C2	noun-en	kelly
9935	utstyrsel	NOUN	en	C2	noun-en	kelly
9936	kölvatten	NOUN	ett	C2	noun-ett	kelly
9937	etcetera	OTHER		A1	adverb	kelly
9938	fientlighet	NOUN	en	B2	noun-en	kelly
9939	sammankoppla	VERB		C2	verb	kelly
9940	rekonstruera	VERB		C2	verb	kelly
9941	butiksägare	NOUN	en	C2	noun-en	kelly
9942	nattvard	NOUN	en	C1	noun-en	kelly
9943	födelsemärke	NOUN	ett	C2	noun-ett	kelly
9944	sönderfall	NOUN	ett	C1	noun-ett	kelly
9945	kommunikativ	ADJ		C2	adjective	kelly
9946	apparatur	NOUN	en	C2	noun-en	kelly
9947	sjätte	NUM		A1	numeral	kelly
9948	visare	NOUN	en	C2	noun-en	kelly
9949	luthersk	ADJ		C1	adjective	kelly
9950	tiotusen	NUM		A1	numeral	kelly
9951	omåttlig	ADJ		C2	adjective	kelly
9952	brudgum	NOUN	en	C2	noun-en	kelly
9953	väte	NOUN	ett	C2	noun-ett	kelly
9954	integral	NOUN	en	C2	noun-en	kelly
9955	reformation	NOUN	en	C1	noun-en	kelly
9956	omloppsbana	NOUN	en	C2	noun-en	kelly
9957	hydda	NOUN	en	C2	noun-en	kelly
9958	vittnesbörd	NOUN	ett	B1	noun-ett	kelly
9959	kolossal	ADJ		C2	adjective	kelly
9960	strykning	NOUN	en	C2	noun-en	kelly
9961	syrsa	NOUN	en	C2	noun-en	kelly
9962	paviljong	NOUN	en	C2	noun-en	kelly
9963	optik	NOUN	en	C2	noun-en	kelly
9964	långfristig	ADJ		C2	adjective	kelly
9965	knippe	NOUN	ett	C2	noun-ett	kelly
9966	undervärdera	VERB		C2	verb	kelly
9967	kandidatur	NOUN	en	C2	noun-en	kelly
9968	knekt	NOUN	en	C2	noun-en	kelly
9969	simulering	NOUN	en	C2	noun-en	kelly
9970	veckotidning	NOUN	en	C2	noun-en	kelly
9971	beskyddare	NOUN	en	C2	noun-en	kelly
9972	presidium	NOUN	ett	C2	noun-ett	kelly
9973	hyvel	NOUN	en	C2	noun-en	kelly
9974	syssling	NOUN	en	A1	noun-en	kelly
9975	kontrovers	NOUN	en	C2	noun-en	kelly
9976	projektion	NOUN	en	C1	noun-en	kelly
9977	parlamentsledamot	NOUN	en	C1	noun-en	kelly
9978	böjning	NOUN	en	C2	noun-en	kelly
9979	förbrukare	NOUN	en	C2	noun-en	kelly
9980	inrikespolitik	NOUN	en	A1	noun-en	kelly
9981	rugby	NOUN	en	C2	noun-en	kelly
9982	bräde	NOUN	ett	C2	noun-ett	kelly
9983	getto	NOUN	ett	C2	noun-ett	kelly
9984	huvudämne	NOUN	ett	C2	noun-ett	kelly
9985	eskortera	VERB		C2	verb	kelly
9986	tagning	NOUN	en	C2	noun-en	kelly
9987	ofördelaktig	ADJ		C2	adjective	kelly
9988	avskedande	NOUN	ett	C2	noun-ett	kelly
9989	lockelse	NOUN	en	C2	noun-en	kelly
9990	projektil	NOUN	en	C2	noun-en	kelly
9991	beslutsam	ADJ		C2	adjective	kelly
9992	forntid	NOUN	en	B2	noun-en	kelly
9993	stearinljus	NOUN	ett	C2	noun-ett	kelly
9994	jordisk	ADJ		B2	adjective	kelly
9995	packe	NOUN	en	C2	noun-en	kelly
9996	högerhand	NOUN	en	C2	noun-en	kelly
9997	motorbåt	NOUN	en	C2	noun-en	kelly
9998	baktala	VERB		C2	verb	kelly
9999	sluttning	NOUN	en	C2	noun-en	kelly
10000	nybyggare	NOUN	en	C2	noun-en	kelly
10001	samtalspartner	NOUN	en	C2	noun-en	kelly
10002	sjuttio	NUM		A1	numeral	kelly
10003	tematisk	ADJ		C2	adjective	kelly
10004	idrottsplats	NOUN	en	C2	noun-en	kelly
10005	patriotism	NOUN	en	C2	noun-en	kelly
10006	glänsande	ADJ		C2	adjective	kelly
10007	geometri	NOUN	en	C2	noun-en	kelly
10008	kontinental	ADJ		C2	adjective	kelly
10009	oräknelig	ADJ		C2	adjective	kelly
10010	milligram	NOUN	ett	A1	noun-ett	kelly
10011	befalla	VERB		C1	verb	kelly
10012	klibba	VERB		C2	verb	kelly
10013	vingård	NOUN	en	C2	noun-en	kelly
10014	karaktärsdrag	NOUN	ett	C2	noun-ett	kelly
10015	konsolidering	NOUN	en	C1	noun-en	kelly
10016	spröd	ADJ		C2	adjective	kelly
10017	rigorös	ADJ		C2	adjective	kelly
10018	förtrolig	ADJ		C2	adjective	kelly
10019	kameraman	NOUN	en	C2	noun-en	kelly
10020	pantsätta	VERB		C2	verb	kelly
10021	majestät	NOUN	ett	C2	noun-ett	kelly
10022	svärson	NOUN	en	C2	noun-en	kelly
10023	residens	NOUN	ett	C2	noun-ett	kelly
10024	invalid	NOUN	en	C2	noun-en	kelly
10025	utväxling	NOUN	en	C2	noun-en	kelly
10026	tillflykt	NOUN	en	C2	noun-en	kelly
10027	orätt	NOUN	en	C2	noun-en/adjective	kelly
10028	projektera	VERB		C2	verb	kelly
10029	hjältinna	NOUN	en	C2	noun-en	kelly
10030	återse	VERB		C2	verb	kelly
10031	violin	NOUN	en	C2	noun-en	kelly
10032	förbipasserande	ADJ		C2	adjective	kelly
10033	stjälk	NOUN	en	C2	noun-en	kelly
10034	käring	NOUN	en	C2	noun-en	kelly
10035	gymnasist	NOUN	en	C2	noun-en	kelly
10036	moderskap	NOUN	ett	C2	noun-ett	kelly
10037	ägarskap	NOUN	ett	C2	noun-ett	kelly
10038	pilgrim	NOUN	en	C2	noun-en	kelly
10039	tvåhundra	NUM		C2	numeral	kelly
10040	beväpning	NOUN	en	C2	noun-en	kelly
10041	illvilja	NOUN	en	C2	noun-en	kelly
10042	sockel	NOUN	en	C2	noun-en	kelly
10043	koordinator	NOUN	en	C2	noun-en	kelly
10044	förräderi	NOUN	ett	C1	noun-ett	kelly
10045	bullrig	ADJ		C2	adjective	kelly
10046	utsändning	NOUN	en	C2	noun-en	kelly
10047	minnesmärke	NOUN	ett	C2	noun-ett	kelly
10048	försegla	VERB		C2	verb	kelly
10049	befallning	NOUN	en	C1	noun-en	kelly
10050	berättigande	NOUN	ett	C2	noun-ett	kelly
10051	silke	NOUN	ett	C2	noun-ett	kelly
10052	ratificering	NOUN	en	C2	noun-en	kelly
10053	proletär	ADJ		B2	adjective	kelly
10054	ströva	VERB		C2	verb	kelly
10055	herde	NOUN	en	C2	noun-en	kelly
10056	statistiker	NOUN	en	C2	noun-en	kelly
10057	navigation	NOUN	en	C2	noun-en	kelly
10058	regelbundenhet	NOUN	en	C2	noun-en	kelly
10059	bullra	VERB		C2	verb	kelly
10060	barmhärtighet	NOUN	en	C1	noun-en	kelly
10061	bjälke	NOUN	en	C2	noun-en	kelly
10062	nyck	NOUN	en	C2	noun-en	kelly
10063	adressat	NOUN	en	B2	noun-en	kelly
10064	studiekamrat	NOUN	en	C2	noun-en	kelly
10065	rättfärdighet	NOUN	en	B2	noun-en	kelly
10066	häpnad	NOUN	en	C2	noun-en	kelly
10067	strömbrytare	NOUN	en	C2	noun-en	kelly
10068	frånskild	ADJ		C2	adjective	kelly
10069	seglare	NOUN	en	C2	noun-en	kelly
10070	progression	NOUN	en	C2	noun-en	kelly
10071	täthet	NOUN	en	C2	noun-en	kelly
10072	överlämning	NOUN	en	C2	noun-en	kelly
10073	förnekande	NOUN	ett	C2	noun-ett	kelly
10074	ekumenisk	ADJ		C1	adjective	kelly
10075	arbetsam	ADJ		C2	adjective	kelly
10076	kardinal	NOUN	en	C1	noun-en/adjective	kelly
10077	koefficient	NOUN	en	C2	noun-en	kelly
10078	opponent	NOUN	en	C2	noun-en	kelly
10079	yrkesman	NOUN	en	C2	noun-en	kelly
10080	metallisk	ADJ		C2	adjective	kelly
10081	stigning	NOUN	en	C2	noun-en	kelly
10082	konsul	NOUN	en	C2	noun-en	kelly
10083	indignation	NOUN	en	C2	noun-en	kelly
10084	forcerad	ADJ		C2	adjective	kelly
10085	trofé	NOUN	en	C2	noun-en	kelly
10086	agentur	NOUN	en	C2	noun-en	kelly
10087	förhandsvisning	NOUN	en	C2	noun-en	kelly
10088	trafikpolis	NOUN	en	C2	noun-en	kelly
10089	adelsman	NOUN	en	C1	noun-en	kelly
10090	millennium	NOUN	ett	C2	noun-ett	kelly
10091	mellantid	NOUN	en	C2	noun-en	kelly
10092	farmaceutisk	ADJ		C2	adjective	kelly
10093	startpunkt	NOUN	en	C2	noun-en	kelly
10094	rumslig	ADJ		C2	adjective	kelly
10095	berömmelse	NOUN	en	C2	noun-en	kelly
10096	spårning	NOUN	en	C2	noun-en	kelly
10097	imperialistisk	ADJ		B2	adjective	kelly
10098	skolflicka	NOUN	en	C2	noun-en	kelly
10099	kolonn	NOUN	en	C2	noun-en	kelly
10100	komplott	NOUN	en	C2	noun-en	kelly
10101	ungkarl	NOUN	en	C2	noun-en	kelly
10102	infarkt	NOUN	en	C2	noun-en	kelly
10103	stockning	NOUN	en	C2	noun-en	kelly
10104	underlydande	ADJ		C2	adjective	kelly
10105	kittel	NOUN	en	C2	noun-en	kelly
10106	konfiguration	NOUN	en	C2	noun-en	kelly
10107	tillbakadragande	NOUN	ett	C2	noun-ett	kelly
10108	avkomling	NOUN	en	C2	noun-en	kelly
10109	oförrätt	NOUN	en	C2	noun-en	kelly
10110	omnämnande	NOUN	ett	C2	noun-ett	kelly
10111	fuktighet	NOUN	en	C2	noun-en	kelly
10112	ägarinna	NOUN	en	C2	noun-en	kelly
10113	rättfram	ADJ		C2	adjective	kelly
10114	sammanstötning	NOUN	en	C2	noun-en	kelly
10115	proletariat	NOUN	ett	B1	noun-ett	kelly
10116	gränsområde	NOUN	ett	C2	noun-ett	kelly
10117	atletisk	ADJ		C2	adjective	kelly
10118	regelvidrig	ADJ		C2	adjective	kelly
10119	nittio	NUM		A1	numeral	kelly
10120	åttio	NUM		A1	numeral	kelly
10121	påfallande	ADJ		C1	adjective	kelly
10122	vilken	OTHER		A1	pronoun	kelly
10123	huvudrollsinnehavare	NOUN	en	C2	noun-en	kelly
10124	dynasti	NOUN	en	C1	noun-en	kelly
10125	återupptäcka	VERB		C2	verb	kelly
10126	sigill	NOUN	ett	C2	noun-ett	kelly
10127	stadfästa	VERB		C2	verb	kelly
10128	äventyrare	NOUN	en	C2	noun-en	kelly
10129	stött	ADJ		C2	adjective	kelly
10130	formge	VERB		C2	verb	kelly
10131	aktning	NOUN	en	C2	noun-en	kelly
10132	himmelsblå	ADJ		C2	adjective	kelly
10133	arkitektonisk	ADJ		C2	adjective	kelly
10134	transplantera	VERB		C2	verb	kelly
10135	organisatör	NOUN	en	C2	noun-en	kelly
10136	luftkonditionering	NOUN	en	C2	noun-en	kelly
10137	modus	NOUN	ett	C2	noun-ett	kelly
10138	renlighet	NOUN	en	C2	noun-en	kelly
10139	dyrkan	NOUN	en	C2	noun-en	kelly
10140	fönsterbräda	NOUN	en	C2	noun-en	kelly
10141	kabin	NOUN	en	C2	noun-en	kelly
10142	världsåskådning	NOUN	en	C2	noun-en	kelly
10143	sjunde	NUM		A1	numeral	kelly
10144	armbandsur	NOUN	ett	C2	noun-ett	kelly
10145	ringklocka	NOUN	en	C2	noun-en	kelly
10146	pittoresk	ADJ		C2	adjective	kelly
10147	facilitet	NOUN	en	C2	noun-en	kelly
10148	termisk	ADJ		C2	adjective	kelly
10149	sonson	NOUN	en	C2	noun-en	kelly
10150	laglighet	NOUN	en	C2	noun-en	kelly
10151	bundsförvant	NOUN	en	C2	noun-en	kelly
10152	handelsman	NOUN	en	C2	noun-en	kelly
10153	äktenskaplig	ADJ		C2	adjective	kelly
10154	akustik	NOUN	en	C2	noun-en	kelly
10155	mellanliggande	ADJ		C2	adjective	kelly
10156	fint	OTHER		B1	adverb	kelly
10157	påskrift	NOUN	en	C2	noun-en	kelly
10158	återgälda	VERB		C2	verb	kelly
10159	gudom	NOUN	en	C1	noun-en	kelly
10160	borttagning	NOUN	en	C2	noun-en	kelly
10161	änkling	NOUN	en	A1	noun-en	kelly
10162	mångfaldig	ADJ		C2	adjective	kelly
10163	poem	NOUN	ett	C2	noun-ett	kelly
10164	antikvitet	NOUN	en	C2	noun-en	kelly
10165	ordningsföljd	NOUN	en	C2	noun-en	kelly
10166	artikulera	VERB		C2	verb	kelly
10167	straffspark	NOUN	en	C2	noun-en	kelly
10168	tillfälligtvis	OTHER		C2	adverb	kelly
10169	herravälde	NOUN	ett	C1	noun-ett	kelly
10170	anstöt	NOUN	en	C2	noun-en	kelly
10171	annullera	VERB		C2	verb	kelly
10172	grafiker	NOUN	en	C2	noun-en	kelly
10173	kabinett	NOUN	ett	C2	noun-ett	kelly
10174	fotfolk	NOUN	ett	C2	noun-ett	kelly
10175	glidning	NOUN	en	C2	noun-en	kelly
10176	membran	NOUN	ett	C2	noun-ett	kelly
10177	reseledare	NOUN	en	C2	noun-en	kelly
10178	ortopedi	NOUN	en	C2	noun-en	kelly
10179	tidsschema	NOUN	ett	C2	noun-ett	kelly
10180	upplag	NOUN	ett	C2	noun-ett	kelly
10181	oföränderlig	ADJ		C2	adjective	kelly
10182	innertak	NOUN	ett	C2	noun-ett	kelly
10183	askkopp	NOUN	en	C2	noun-en	kelly
10184	avtäcka	VERB		C2	verb	kelly
10185	föresats	NOUN	en	C2	noun-en	kelly
10186	kraftlös	ADJ		C2	adjective	kelly
10187	sparsamhet	NOUN	en	C2	noun-en	kelly
10188	handfull	NOUN	en	C1	noun-en	kelly
10189	legering	NOUN	en	C2	noun-en	kelly
10190	tekanna	NOUN	en	C2	noun-en	kelly
10191	husgeråd	NOUN	ett	C2	noun-ett	kelly
10192	inkvartering	NOUN	en	C2	noun-en	kelly
10193	ädelsten	NOUN	en	C2	noun-en	kelly
10194	upprepat	OTHER		C2	adverb	kelly
10195	relik	NOUN	en	C2	noun-en	kelly
10196	avläsning	NOUN	en	C2	noun-en	kelly
10197	dån	NOUN	ett	C2	noun-ett	kelly
10198	hjord	NOUN	en	C2	noun-en	kelly
10199	villighet	NOUN	en	C2	noun-en	kelly
10200	tursam	ADJ		C2	adjective	kelly
10201	skollov	NOUN	ett	C2	noun-ett	kelly
10202	blyertspenna	NOUN	en	C2	noun-en	kelly
10203	tunnland	NOUN	ett	C2	noun-ett	kelly
10204	flytande	ADJ		B2	adjective	kelly
10205	arrestering	NOUN	en	C2	noun-en	kelly
10206	fadd	ADJ		C2	adjective	kelly
10207	hängivenhet	NOUN	en	C2	noun-en	kelly
10208	gästfrihet	NOUN	en	C2	noun-en	kelly
10209	undervåning	NOUN	en	C2	noun-en	kelly
10210	kodifiera	VERB		C2	verb	kelly
10211	snabbköp	NOUN	ett	C2	noun-ett	kelly
10212	tyngdkraft	NOUN	en	C2	noun-en	kelly
10213	sydöst	NOUN		A1	noun	kelly
10214	karavan	NOUN	en	C2	noun-en	kelly
10215	bindel	NOUN	en	C2	noun-en	kelly
10216	emigrant	NOUN	en	C2	noun-en	kelly
10217	opublicerad	ADJ		C2	adjective	kelly
10218	subtrahera	VERB		C2	verb	kelly
10219	betecknande	ADJ		C2	adjective	kelly
10220	hålighet	NOUN	en	C2	noun-en	kelly
10221	animering	NOUN	en	C2	noun-en	kelly
10222	brevväxling	NOUN	en	C2	noun-en	kelly
10223	simbassäng	NOUN	en	C2	noun-en	kelly
10224	bulletin	NOUN	en	C2	noun-en	kelly
10225	egenartad	ADJ		C2	adjective	kelly
10226	atmosfärisk	ADJ		C2	adjective	kelly
10227	singularis	NOUN		C2	noun	kelly
10228	rymling	NOUN	en	C2	noun-en	kelly
10229	postulat	NOUN	ett	C2	noun-ett	kelly
10230	vägavgift	NOUN	en	C2	noun-en	kelly
10231	jetplan	NOUN	ett	C2	noun-ett	kelly
10232	ledsaga	VERB		C2	verb	kelly
10233	kultiverad	ADJ		C2	adjective	kelly
10234	samexistens	NOUN	en	C2	noun-en	kelly
10235	periodiskt	OTHER		C2	adverb	kelly
10236	läkarvetenskap	NOUN	en	C2	noun-en	kelly
10237	världsomfattande	ADJ		C2	adjective	kelly
10238	kapplöpning	NOUN	en	C2	noun-en	kelly
10239	poängställning	NOUN	en	C2	noun-en	kelly
10240	eliminering	NOUN	en	C2	noun-en	kelly
10241	konvergens	NOUN	en	C2	noun-en	kelly
10242	kännare	NOUN	en	C2	noun-en	kelly
10243	skrynkla	VERB		C2	verb/noun-en	kelly
10244	ungdomstid	NOUN	en	C2	noun-en	kelly
10245	knackning	NOUN	en	C2	noun-en	kelly
10246	didaktisk	ADJ		C2	adjective	kelly
10247	epos	NOUN	ett	C2	noun-ett	kelly
10248	vadå	OTHER		C1	interj	kelly
10249	avskedsansökan	NOUN	en	C2	noun-en	kelly
10250	kejsardöme	NOUN	ett	C2	noun-ett	kelly
10251	tillgivenhet	NOUN	en	C2	noun-en	kelly
10252	genomfart	NOUN	en	C2	noun-en	kelly
10253	oupphörlig	ADJ		C2	adjective	kelly
10254	nödhjälp	NOUN	en	C2	noun-en	kelly
10255	genetiker	NOUN	en	C2	noun-en	kelly
10256	moderlig	ADJ		C2	adjective	kelly
10257	upphängning	NOUN	en	C2	noun-en	kelly
10258	kommendant	NOUN	en	C2	noun-en	kelly
10259	doktorsgrad	NOUN	en	C2	noun-en	kelly
10260	flanera	VERB		C2	verb	kelly
10261	teatralisk	ADJ		C2	adjective	kelly
10262	inneslutning	NOUN	en	C2	noun-en	kelly
10263	appell	NOUN	en	C2	noun-en	kelly
10264	förebyggande	ADJ		B2	adjective	kelly
10265	författningsenlig	ADJ		C2	adjective	kelly
10266	översida	NOUN	en	C2	noun-en	kelly
10267	betäckning	NOUN	en	C2	noun-en	kelly
10268	tempus	NOUN	ett	C2	noun-ett	kelly
10269	frisersalong	NOUN	en	C2	noun-en	kelly
10270	betjäning	NOUN	en	C2	noun-en	kelly
10271	sjukskötare	NOUN	en	C2	noun-en	kelly
10272	skolväska	NOUN	en	C2	noun-en	kelly
10273	utprovning	NOUN	en	C2	noun-en	kelly
10274	pånyttfödelse	NOUN	en	C2	noun-en	kelly
10275	koffert	NOUN	en	C2	noun-en	kelly
10276	olivträd	NOUN	ett	C2	noun-ett	kelly
10277	långsamhet	NOUN	en	C2	noun-en	kelly
10278	kontingent	NOUN	en	C2	noun-en	kelly
10279	iakttagare	NOUN	en	C2	noun-en	kelly
10280	månljus	NOUN	ett	C2	noun-ett	kelly
10281	excellens	NOUN	en	C2	noun-en	kelly
10282	överräcka	VERB		C2	verb	kelly
10283	bibliografi	NOUN	en	C2	noun-en	kelly
10284	enfamiljshus	NOUN	ett	C2	noun-ett	kelly
10285	kvalificering	NOUN	en	C2	noun-en	kelly
10286	kärnpunkt	NOUN	en	C2	noun-en	kelly
10287	marskalk	NOUN	en	C2	noun-en	kelly
10288	genomresa	NOUN	en	C2	noun-en	kelly
10289	konservator	NOUN	en	C2	noun-en	kelly
10290	korporation	NOUN	en	C2	noun-en	kelly
10291	rättfärdigande	NOUN	ett	C2	noun-ett	kelly
10292	korporativ	ADJ		C2	adjective	kelly
10293	kasus	NOUN	ett	C2	noun-ett/noun-en	kelly
10294	sesam	NOUN	en	C2	noun-en	kelly
10295	oföränderligt	OTHER		C2	adverb	kelly
10296	särprägel	NOUN	en	C2	noun-en	kelly
10297	likkista	NOUN	en	C2	noun-en	kelly
10298	er	OTHER		A1	pronoun	kelly
10299	ärorik	ADJ		C2	adjective	kelly
10300	återuppståndelse	NOUN	en	C2	noun-en	kelly
10301	olympiad	NOUN	en	C2	noun-en	kelly
10302	stridslysten	ADJ		C2	adjective	kelly
10303	kakelplatta	NOUN	en	C2	noun-en	kelly
10304	rutnät	NOUN	ett	C2	noun-ett	kelly
10305	hemgift	NOUN	en	C2	noun-en	kelly
10306	karakteristik	NOUN	en	C2	noun-en	kelly
10307	aritmetisk	ADJ		C2	adjective	kelly
10308	ovannämnd	ADJ		C1	adjective	kelly
10309	genomträngande	ADJ		C2	adjective	kelly
10310	timmerstock	NOUN	en	C2	noun-en	kelly
10311	encyklopedi	NOUN	en	C2	noun-en	kelly
10312	försyn	NOUN	en	C2	noun-en	kelly
10313	stränghet	NOUN	en	C2	noun-en	kelly
10314	dossier	NOUN	en	C2	noun-en	kelly
10315	dotterdotter	NOUN	en	C2	noun-en	kelly
10316	bråttom	OTHER		C1	adverb	kelly
10317	fler	ADJ		A1	adjective	kelly
10318	hövlighet	NOUN	en	C2	noun-en	kelly
10319	dotterson	NOUN	en	C2	noun-en	kelly
10320	oregelbundenhet	NOUN	en	C2	noun-en	kelly
10321	studenthem	NOUN	ett	C2	noun-ett	kelly
10322	växande	ADJ		A2	adjective	kelly
10323	segerrik	ADJ		C2	adjective	kelly
10324	första	NUM		A1	numeral	kelly
10325	pilgrimsfärd	NOUN	en	C2	noun-en	kelly
10326	media	NOUN		C1	noun	kelly
10327	fullbordande	NOUN	ett	C2	noun-ett	kelly
10328	genomskinlighet	NOUN	en	C2	noun-en	kelly
10329	överens	OTHER		A1	adverb	kelly
10330	hänförelse	NOUN	en	C2	noun-en	kelly
10331	undertröja	NOUN	en	C2	noun-en	kelly
10332	åttonde	NUM		A1	numeral	kelly
10333	anfallsspelare	NOUN	en	C2	noun-en	kelly
10334	änkeman	NOUN	en	A1	noun-en	kelly
10335	förbluffande	OTHER		C2	adverb	kelly
10336	kuriositet	NOUN	en	C2	noun-en	kelly
10337	mottaga	VERB		C2	verb	kelly
10338	terroristisk	ADJ		C2	adjective	kelly
10339	metalltråd	NOUN	en	C2	noun-en	kelly
10340	sorgsenhet	NOUN	en	C2	noun-en	kelly
10341	förbittring	NOUN	en	C2	noun-en	kelly
10342	textstorlek	NOUN	en	B2	noun-en	kelly
10343	trådbuss	NOUN	en	C2	noun-en	kelly
10344	vårlig	ADJ		C2	adjective	kelly
10345	nittonde	NUM		C2	numeral	kelly
10346	ekolog	NOUN	en	C2	noun-en	kelly
10347	realisering	NOUN	en	C2	noun-en	kelly
10348	läsesal	NOUN	en	C2	noun-en	kelly
10349	annullering	NOUN	en	C2	noun-en	kelly
10350	bönfalla	VERB		C2	verb	kelly
10351	sondotter	NOUN	en	C2	noun-en	kelly
10352	vardaglighet	NOUN	en	C2	noun-en	kelly
10353	cirkelformad	ADJ		C2	adjective	kelly
10354	både	OTHER		A1	conj	kelly
10355	uppdykande	ADJ		C2	adjective	kelly
10356	återstående	ADJ		B2	adjective	kelly
10357	försakelse	NOUN	en	C2	noun-en	kelly
10358	miljontals	OTHER		B1	adverb	kelly
10359	okultiverad	ADJ		C2	adjective	kelly
10360	hypotekslån	NOUN	ett	C2	noun-ett	kelly
10361	tvåsidig	ADJ		C2	adjective	kelly
10362	sextionde	NUM		C2	numeral	kelly
10363	berömdhet	NOUN	en	C2	noun-en	kelly
10364	femtionde	NUM		C2	numeral	kelly
10365	tionde	NUM		A1	numeral	kelly
10366	specificitet	NOUN	en	C2	noun-en	kelly
10367	bergskam	NOUN	en	C2	noun-en	kelly
10368	förkroppsligande	NOUN	ett	C2	noun-ett	kelly
10369	verkställare	NOUN	en	C2	noun-en	kelly
10370	nittionde	NUM		C2	numeral	kelly
10371	efterföljande	ADJ		B2	adjective	kelly
10372	kalsong	NOUN	en	C2	noun-en	kelly
10373	lagstiftande	ADJ		C1	adjective	kelly
10374	fyrtionde	NUM		C2	numeral	kelly
10375	elfte	NUM		C1	numeral	kelly
10376	si	OTHER		B2	adverb	kelly
10377	fastän	OTHER		B1	subj	kelly
10378	fascinerande	ADJ		B2	adjective	kelly
10379	stigande	ADJ		B1	adjective	kelly
10380	detsamma	OTHER		A2	pronoun	kelly
10381	begeistring	NOUN	en	C2	noun-en	kelly
10382	sammanhängande	ADJ		B2	adjective	kelly
10383	tolfte	NUM		C2	numeral	kelly
10384	territorial	ADJ		C2	adjective	kelly
10385	öppet	OTHER		A2	adverb	kelly
10386	fjärde	NUM		A1	numeral	kelly
10387	tjugonde	NUM		C2	numeral	kelly
10388	toppen	ADJ		C2	adjective	kelly
10389	femtonde	NUM		C2	numeral	kelly
10390	motsägande	ADJ		C2	adjective	kelly
10391	dels	OTHER		A1	conj	kelly
10392	trettionde	NUM		C2	numeral	kelly
10393	såväl	OTHER		A1	conj	kelly
10394	ett	OTHER		A1	det/pronoun/numeral	kelly
10395	nionde	NUM		A1	numeral	kelly
10396	charmerande	ADJ		C2	adjective	kelly
10397	varje	OTHER		A1	det	kelly
10398	såsom	OTHER		A1	subj	kelly
10399	ytterligare	OTHER		A1	adverb/adjective	kelly
10400	oss	OTHER		A1	pronoun	kelly
10401	max	NOUN			nn	saldo
10402	tina	VERB			vb	saldo
10403	presentkort	NOUN			nn	saldo
10404	hoppfull	ADJ			av	saldo
10405	när det begav sig	OTHER			abm	saldo
10406	försent	OTHER			ab	saldo
10407	kaxig	ADJ			av	saldo
10408	djungel	NOUN			nn	saldo
10409	väpnad	ADJ			av	saldo
10410	med ens	OTHER			abm	saldo
10411	spray	NOUN			nn	saldo
10412	knulla runt	VERB			vbm	saldo
10413	dispens	NOUN			nn	saldo
10414	elda upp	VERB			vbm	saldo
10415	älta	VERB			vb	saldo
10416	locka till sig	VERB			vbm	saldo
10417	alert	ADJ			av	saldo
10418	ballong	NOUN			nn	saldo
10419	bitch	NOUN			nn	saldo
10420	missminna sig	VERB			vbm	saldo
10421	konstighet	NOUN			nn	saldo
10422	äckel	NOUN			nn	saldo
10423	i följd	OTHER			abm	saldo
10424	den som lever får se	OTHER			inm	saldo
10425	kvittera	VERB			vb	saldo
10426	rada upp	VERB			vbm	saldo
10427	skollag	NOUN			nn	saldo
10428	fars	NOUN			nn	saldo
10429	otålig	ADJ			av	saldo
10430	ta illa vid sig	VERB			vbm	saldo
10431	klura ut	VERB			vbm	saldo
10432	bakis	ADJ			av	saldo
10433	justitiedepartement	NOUN			nn	saldo
10434	renodla	VERB			vb	saldo
10435	tids nog	OTHER			abm	saldo
10436	få spel	VERB			vbm	saldo
10437	målsägande	NOUN			nn	saldo
10438	frispark	NOUN			nn	saldo
10439	blåsa bort	VERB			vbm	saldo
10440	ta lätt	VERB			vbm	saldo
10441	hemmamatch	NOUN			nn	saldo
10442	varsågod	OTHER			in	saldo
10443	underverk	NOUN			nn	saldo
10444	socialdemokrati	NOUN			nn	saldo
10445	på alla fyra	OTHER			abm	saldo
10446	gles	ADJ			av	saldo
10447	veterligen	OTHER			ab	saldo
10448	maskera	VERB			vb	saldo
10449	varken mer eller mindre	OTHER			abm	saldo
10450	kräsen	ADJ			av	saldo
10451	fynda	VERB			vb	saldo
10452	mille	NOUN			nn	saldo
10453	koppla bort	VERB			vbm	saldo
10454	åligga	VERB			vb	saldo
10455	göteborgare	NOUN			nn	saldo
10456	skitjobbig	ADJ			av	saldo
10457	amen	OTHER			in	saldo
10458	öh	OTHER			in	saldo
10459	mesig	ADJ			av	saldo
10460	kissnödig	ADJ			av	saldo
10461	tillämpningsområde	NOUN			nn	saldo
10462	dunka	VERB			vb	saldo
10463	slå sig ner	VERB			vbm	saldo
10464	föräldraskap	NOUN			nn	saldo
10465	tjockis	NOUN			nn	saldo
10466	påfrestande	ADJ			av	saldo
10467	huvuddel	NOUN			nn	saldo
10468	tycka till	VERB			vbm	saldo
10469	banna	VERB			vb	saldo
10470	bieffekt	NOUN			nn	saldo
10471	sluta sig	VERB			vbm	saldo
10472	ha ihjäl	VERB			vbm	saldo
10473	ge sig iväg	VERB			vbm	saldo
10474	konsumentverk	NOUN			nn	saldo
10475	blog	NOUN			nn	saldo
10476	dra sig ur	VERB			vbm	saldo
10477	högskoleprov	NOUN			nn	saldo
10478	straffa sig	VERB			vbm	saldo
10479	bära sig åt	VERB			vbm	saldo
10480	tackling	NOUN			nn	saldo
10481	hålla käft	VERB			vbm	saldo
10482	paranoid	ADJ			av	saldo
10483	i tillämpliga delar	OTHER			abm	saldo
10484	sätta fingret	VERB			vbm	saldo
10485	bemyndiga	VERB			vb	saldo
10486	hemmagjord	ADJ			av	saldo
10487	förstnämnd	ADJ			av	saldo
10488	göra kväll	VERB			vbm	saldo
10489	mogna	VERB			vb	saldo
10490	allihopa	OTHER			pn	saldo
10491	läsa ut	VERB			vbm	saldo
10492	camping	NOUN			nn	saldo
10493	ljumske	NOUN			nn	saldo
10494	näringsverksamhet	NOUN			nn	saldo
10495	nedsättning	NOUN			nn	saldo
10496	rivas	VERB			vb	saldo
10497	därest	OTHER			sn	saldo
10498	på längden	OTHER			abm	saldo
10499	mordförsök	NOUN			nn	saldo
10500	härda	VERB			vb	saldo
10501	migrant	NOUN			nn	saldo
10502	panikångest	NOUN			nn	saldo
10503	med glimten i ögat	OTHER			abm	saldo
10504	blodsocker	NOUN			nn	saldo
10505	nångång	OTHER			ab	saldo
10506	bortta	VERB			vb	saldo
10507	styrmedel	NOUN			nn	saldo
10508	bakifrån	OTHER			ab	saldo
10509	cysta	NOUN			nn	saldo
10510	yrsel	NOUN			nn	saldo
10511	utpeka	VERB			vb	saldo
10512	rycka ut	VERB			vbm	saldo
10513	weekend	NOUN			nn	saldo
10514	opiat	NOUN			nn	saldo
10515	ubåt	NOUN			nn	saldo
10516	babbla	VERB			vb	saldo
10517	skrämma bort	VERB			vbm	saldo
10518	förankra	VERB			vb	saldo
10519	salta	VERB			vb	saldo
10520	pucko	NOUN			nn	saldo
10521	första bästa	ADJ			avm	saldo
10522	under årens lopp	OTHER			abm	saldo
10523	bästis	NOUN			nn	saldo
10524	spä	VERB			vb	saldo
10525	leg	NOUN			nn	saldo
10526	radhus	NOUN			nn	saldo
10527	föröda	VERB			vb	saldo
10528	stadgar	NOUN			nn	saldo
10529	sötnos	NOUN			nn	saldo
10530	kissa på sig	VERB			vbm	saldo
10531	rastlös	ADJ			av	saldo
10532	härför	OTHER			ab	saldo
10533	fjortis	NOUN			nn	saldo
10534	skadegörelse	NOUN			nn	saldo
10535	natti natti	OTHER			inm	saldo
10536	tänka tillbaka	VERB			vbm	saldo
10537	blanda ut	VERB			vbm	saldo
10538	träningsvärk	NOUN			nn	saldo
10539	vråla	VERB			vb	saldo
10540	sisådär	OTHER			ab	saldo
10541	rensa ut	VERB			vbm	saldo
10542	krysta	VERB			vb	saldo
10543	nära på	OTHER			abm	saldo
10544	styrketräning	NOUN			nn	saldo
10545	föra ut	VERB			vbm	saldo
10546	snorig	ADJ			av	saldo
10547	skämma ut sig	VERB			vbm	saldo
10548	analsex	NOUN			nn	saldo
10549	spöa	VERB			vb	saldo
10550	digitalisering	NOUN			nn	saldo
10551	totalförsvar	NOUN			nn	saldo
10552	uppsåt	NOUN			nn	saldo
10553	snudd på	OTHER			abm	saldo
10554	kalsonger	NOUN			nn	saldo
10555	blåmärke	NOUN			nn	saldo
10556	städad	ADJ			av	saldo
10557	indra	VERB			vb	saldo
10558	våra	VERB			vb	saldo
10559	inför rätta	OTHER			abm	saldo
10560	altan	NOUN			nn	saldo
10561	ge sig tid	VERB			vbm	saldo
10562	statskontor	NOUN			nn	saldo
10563	putta	VERB			vb	saldo
10564	fostervatten	NOUN			nn	saldo
10565	rata	VERB			vb	saldo
10566	svartvit	ADJ			av	saldo
10567	titta på	VERB			vbm	saldo
10568	omtala	VERB			vb	saldo
10569	café	NOUN			nn	saldo
10570	trycka i sig	VERB			vbm	saldo
10571	stoppa upp	VERB			vbm	saldo
10572	svenne	NOUN			nn	saldo
10573	ombudsman	NOUN			nn	saldo
10574	köttfärs	NOUN			nn	saldo
10575	en gång i timmen	OTHER			abm	saldo
10576	ompröva	VERB			vb	saldo
10577	flummig	ADJ			av	saldo
10578	säkerhetsråd	NOUN			nn	saldo
10579	rattfylleri	NOUN			nn	saldo
10580	dag ut och dag in	OTHER			abm	saldo
10581	visa vägen	VERB			vbm	saldo
10582	lirare	NOUN			nn	saldo
10583	sandlåda	NOUN			nn	saldo
10584	mo	NOUN			nn	saldo
10585	morron	NOUN			nn	saldo
10586	fastställd	ADJ			av	saldo
10587	fordras	VERB			vb	saldo
10588	stå till svars	VERB			vbm	saldo
10589	pepparkaka	NOUN			nn	saldo
10590	jättedålig	ADJ			av	saldo
10591	kisse	NOUN			nn	saldo
10592	hypotetisk	ADJ			av	saldo
10593	folkslag	NOUN			nn	saldo
10594	vina	VERB			vb	saldo
10595	inåt	OTHER			pp	saldo
10596	stödja sig	VERB			vbm	saldo
10597	misär	NOUN			nn	saldo
10598	omklädningsrum	NOUN			nn	saldo
10599	rask	ADJ			av	saldo
10600	gala	NOUN			nn	saldo
10601	bokmässa	NOUN			nn	saldo
10602	business	NOUN			nn	saldo
10603	kvala in	VERB			vbm	saldo
10604	föda upp	VERB			vbm	saldo
10605	god kväll	OTHER			inm	saldo
10606	blåst	ADJ			av	saldo
10607	ta fasta	VERB			vbm	saldo
10608	falla på plats	VERB			vbm	saldo
10609	fredagskväll	NOUN			nn	saldo
10610	hålla igen	VERB			vbm	saldo
10611	oansvarig	ADJ			av	saldo
10612	splittrad	ADJ			av	saldo
10613	assist	NOUN			nn	saldo
10614	kräk	NOUN			nn	saldo
10615	slänga ur sig	VERB			vbm	saldo
10616	dominant	ADJ			av	saldo
10617	värnplikt	NOUN			nn	saldo
10618	jogga	VERB			vb	saldo
10619	till sjöss	OTHER			abm	saldo
10620	lägga ihop	VERB			vbm	saldo
10621	yoga	NOUN			nn	saldo
10622	i sista stund	OTHER			abm	saldo
10623	syrisk	ADJ			av	saldo
10624	elbil	NOUN			nn	saldo
10625	kundtjänst	NOUN			nn	saldo
10626	missvisande	ADJ			av	saldo
10627	bättra sig	VERB			vbm	saldo
10628	upplåta	VERB			vb	saldo
10629	någon enstaka gång	OTHER			abm	saldo
10630	rikspolisstyrelse	NOUN			nn	saldo
10631	kebab	NOUN			nn	saldo
10632	avgränsa	VERB			vb	saldo
10633	viktnedgång	NOUN			nn	saldo
10634	ladda om	VERB			vbm	saldo
10635	smyg	NOUN			nn	saldo
10636	för tusan	OTHER			inm	saldo
10637	intet	OTHER			pn	saldo
10638	selfie	NOUN			nn	saldo
10639	i stora drag	OTHER			abm	saldo
10640	smittspridning	NOUN			nn	saldo
10641	köa	VERB			vb	saldo
10642	tillaga	VERB			vb	saldo
10643	flytta ner	VERB			vbm	saldo
10644	slappa	VERB			vb	saldo
10645	inköpa	VERB			vb	saldo
10646	stå till buds	VERB			vbm	saldo
10647	helt sonika	OTHER			abm	saldo
10648	hjälpa på traven	VERB			vbm	saldo
10649	frusen	ADJ			av	saldo
10650	koffein	NOUN			nn	saldo
10651	sätta samman	VERB			vbm	saldo
10652	härda ut	VERB			vbm	saldo
10653	olovlig	ADJ			av	saldo
10654	hojta	VERB			vb	saldo
10655	klara upp	VERB			vbm	saldo
10656	haka på	VERB			vbm	saldo
10657	glob	NOUN			nn	saldo
10658	förödande	ADJ			av	saldo
10659	hälla upp	VERB			vbm	saldo
10660	driva igenom	VERB			vbm	saldo
10661	ofredande	NOUN			nn	saldo
10662	knapra	VERB			vb	saldo
10663	avis	NOUN			nn	saldo
10664	polisanmälan	NOUN			nn	saldo
10665	komma till kritan	VERB			vbm	saldo
10666	till hälften	OTHER			abm	saldo
10667	livmodertapp	NOUN			nn	saldo
10668	älv	NOUN			nn	saldo
10669	ypperlig	ADJ			av	saldo
10670	mittfältare	NOUN			nn	saldo
10671	slockna	VERB			vb	saldo
10672	världsklass	NOUN			nn	saldo
10673	sjuklig	ADJ			av	saldo
10674	vilsen	ADJ			av	saldo
10675	vegetarian	NOUN			nn	saldo
10676	jättenöjd	ADJ			av	saldo
10677	klåda	NOUN			nn	saldo
10678	avgjord	ADJ			av	saldo
10679	knarkare	NOUN			nn	saldo
10680	kamma	VERB			vb	saldo
10681	slå av	VERB			vbm	saldo
10682	poppa upp	VERB			vbm	saldo
10683	snoka	VERB			vb	saldo
10684	svalna	VERB			vb	saldo
10685	kliniker	NOUN			nn	saldo
10686	veta varken ut eller in	VERB			vbm	saldo
10687	för hela slanten	OTHER			abm	saldo
10688	temporär	ADJ			av	saldo
10689	våldsbrott	NOUN			nn	saldo
10690	metro	NOUN			nn	saldo
10691	kroppsdel	NOUN			nn	saldo
10692	ribba	NOUN			nn	saldo
10693	nyansera	VERB			vb	saldo
10694	trippa	VERB			vb	saldo
10695	arbetslöshetsförsäkring	NOUN			nn	saldo
10696	mellan varven	OTHER			abm	saldo
10697	rikta in sig	VERB			vbm	saldo
10698	återinföra	VERB			vb	saldo
10699	kombo	NOUN			nn	saldo
10700	kronofogdemyndighet	NOUN			nn	saldo
10701	sedvanlig	ADJ			av	saldo
10702	anmärka	VERB			vb	saldo
10703	föröka sig	VERB			vbm	saldo
10704	emotionell	ADJ			av	saldo
10705	sommarjobb	NOUN			nn	saldo
10706	uppväxa	VERB			vb	saldo
10707	långsökt	ADJ			av	saldo
10708	kry	ADJ			av	saldo
10709	basket	NOUN			nn	saldo
10710	till punkt och pricka	OTHER			abm	saldo
10711	brinnande	ADJ			av	saldo
10712	primärvård	NOUN			nn	saldo
10713	flopp	NOUN			nn	saldo
10714	mos	NOUN			nn	saldo
10715	dubbelmoral	NOUN			nn	saldo
10716	chatta	VERB			vb	saldo
10717	slem	NOUN			nn	saldo
10718	chi	NOUN			nn	saldo
10719	avlastning	NOUN			nn	saldo
10720	växa ut	VERB			vbm	saldo
10721	alkoholfri	ADJ			av	saldo
10722	inte på långa vägar	OTHER			abm	saldo
10723	förvånansvärd	ADJ			av	saldo
10724	ruggig	ADJ			av	saldo
10725	babysitter	NOUN			nn	saldo
10726	hör och häpna	OTHER			inm	saldo
10727	självmant	OTHER			ab	saldo
10728	flyt	NOUN			nn	saldo
10729	föräldraförsäkring	NOUN			nn	saldo
10730	kotte	NOUN			nn	saldo
10731	däremellan	OTHER			ab	saldo
10732	fylla i	VERB			vbm	saldo
10733	bov	NOUN			nn	saldo
10734	arbetssökande	ADJ			av	saldo
10735	få tummen ur	VERB			vbm	saldo
10736	arbetsmarknadspolitisk	ADJ			av	saldo
10737	terapeut	NOUN			nn	saldo
10738	på tapeten	ADJ			avm	saldo
10739	sekretesslag	NOUN			nn	saldo
10740	bli med	VERB			vbm	saldo
10741	spring	NOUN			nn	saldo
10742	superfin	ADJ			av	saldo
10743	abstinens	NOUN			nn	saldo
10744	ge sken	VERB			vbm	saldo
10745	påtvinga	VERB			vb	saldo
10746	felfri	ADJ			av	saldo
10747	junior	NOUN			nn	saldo
10748	leta reda	VERB			vbm	saldo
10749	tecknad	ADJ			av	saldo
10750	skattehöjning	NOUN			nn	saldo
10751	äggblåsa	NOUN			nn	saldo
10752	jätteviktig	ADJ			av	saldo
10753	i sista minuten	OTHER			abm	saldo
10754	drömma sig bort	VERB			vbm	saldo
10755	strö	VERB			vb	saldo
10756	komma runt	VERB			vbm	saldo
10757	kolik	NOUN			nn	saldo
10758	ligga på	VERB			vbm	saldo
10759	vårdpersonal	NOUN			nn	saldo
10760	treåring	NOUN			nn	saldo
10761	hämna	VERB			vb	saldo
10762	stans	NOUN			nn	saldo
10763	trapp	NOUN			nn	saldo
10764	utbygga	VERB			vb	saldo
10765	lägga på minnet	VERB			vbm	saldo
10766	erinran	NOUN			nn	saldo
10767	i hemlighet	OTHER			abm	saldo
10768	rättegångsbalk	NOUN			nn	saldo
10769	uppgiven	ADJ			av	saldo
10770	dränka	VERB			vb	saldo
10771	springa fram	VERB			vbm	saldo
10772	i land	OTHER			abm	saldo
10773	fighter	NOUN			nn	saldo
10774	cred	NOUN			nn	saldo
10775	till botten	OTHER			abm	saldo
10776	på tvären	OTHER			abm	saldo
10777	hänga upp sig	VERB			vbm	saldo
10778	förhöjd	ADJ			av	saldo
10779	komma i kläm	VERB			vbm	saldo
10780	sansad	ADJ			av	saldo
10781	zombie	NOUN			nn	saldo
10782	beslagta	VERB			vb	saldo
10783	million	NOUN			nn	saldo
10784	risig	ADJ			av	saldo
10785	erkänd	ADJ			av	saldo
10786	för sista gången	OTHER			abm	saldo
10787	överrepresenterad	ADJ			av	saldo
10788	förtvivla	VERB			vb	saldo
10789	förundra	VERB			vb	saldo
10790	fläsk	NOUN			nn	saldo
10791	input	NOUN			nn	saldo
10792	dag för dag	OTHER			abm	saldo
10793	bostadsbrist	NOUN			nn	saldo
10794	vips	OTHER			ab	saldo
10795	and	NOUN			nn	saldo
10796	papperskorg	NOUN			nn	saldo
10797	gå utför	VERB			vbm	saldo
10798	på sin tid	OTHER			abm	saldo
10799	skyndsam	ADJ			av	saldo
10800	bärsele	NOUN			nn	saldo
10801	bom	NOUN			nn	saldo
10802	fälla ihop	VERB			vbm	saldo
10803	bugg	NOUN			nn	saldo
10804	något litet	OTHER			pnm	saldo
10805	tillta	VERB			vb	saldo
10806	i balans	ADJ			avm	saldo
10807	platsa	VERB			vb	saldo
10808	polisbil	NOUN			nn	saldo
10809	vagga	NOUN			nn	saldo
10810	på direkten	OTHER			abm	saldo
10811	vegan	NOUN			nn	saldo
10812	lesbisk	ADJ			av	saldo
10813	hoppsan	OTHER			in	saldo
10814	nämndeman	NOUN			nn	saldo
10815	undertecknad	ADJ			av	saldo
10816	försörjningsstöd	NOUN			nn	saldo
10817	lacka	VERB			vb	saldo
10818	ett smack	OTHER			pnm	saldo
10819	läsa mellan raderna	VERB			vbm	saldo
10820	slå samman	VERB			vbm	saldo
10821	handen på hjärtat	OTHER			inm	saldo
10822	pest	NOUN			nn	saldo
10823	klockrent	OTHER			ab	saldo
10824	nysa	VERB			vb	saldo
10825	summer	NOUN			nn	saldo
10826	överläkare	NOUN			nn	saldo
10827	gotta sig	VERB			vbm	saldo
10828	urinprov	NOUN			nn	saldo
10829	poppa	VERB			vb	saldo
10830	växtart	NOUN			nn	saldo
10831	inreda	VERB			vb	saldo
10832	allt efter	OTHER			ppm	saldo
10833	vända upp och ner	VERB			vbm	saldo
10834	nappa	VERB			vb	saldo
10835	driven	ADJ			av	saldo
10836	ha tid på sig	VERB			vbm	saldo
10837	i valet och kvalet	ADJ			avm	saldo
10838	uppfylld	ADJ			av	saldo
10839	straffbar	ADJ			av	saldo
10840	inombords	OTHER			ab	saldo
10841	mede	NOUN			nn	saldo
10842	pi	NOUN			nn	saldo
10843	god fortsättning	OTHER			inm	saldo
10844	elitserie	NOUN			nn	saldo
10845	nikotin	NOUN			nn	saldo
10846	inverka	VERB			vb	saldo
10847	hängig	ADJ			av	saldo
10848	sammanhålla	VERB			vb	saldo
10849	befolka	VERB			vb	saldo
10850	ligg	NOUN			nn	saldo
10851	sunkig	ADJ			av	saldo
10852	förlora sig	VERB			vbm	saldo
10853	matlåda	NOUN			nn	saldo
10854	rykta	VERB			vb	saldo
10855	ryggrad	NOUN			nn	saldo
10856	till mötes	OTHER			abm	saldo
10857	på skoj	OTHER			abm	saldo
10858	nyförvärv	NOUN			nn	saldo
10859	bortglömd	ADJ			av	saldo
10860	jämna	VERB			vb	saldo
10861	à la	OTHER			ppm	saldo
10862	loppis	NOUN			nn	saldo
10863	dosa	NOUN			nn	saldo
10864	korrupt	ADJ			av	saldo
10865	klä av sig	VERB			vbm	saldo
10866	smeknamn	NOUN			nn	saldo
10867	mående	NOUN			nn	saldo
10868	slingra sig	VERB			vbm	saldo
10869	åkare	NOUN			nn	saldo
10870	socialminister	NOUN			nn	saldo
10871	promille	NOUN			nn	saldo
10872	tackla	VERB			vb	saldo
10873	marginaler	NOUN			nn	saldo
10874	rusta upp	VERB			vbm	saldo
10875	harmonisk	ADJ			av	saldo
10876	hundägare	NOUN			nn	saldo
10877	på det hela taget	OTHER			abm	saldo
10878	hemmafru	NOUN			nn	saldo
10879	fog	NOUN			nn	saldo
10880	förutspå	VERB			vb	saldo
10881	bostadsbyggande	NOUN			nn	saldo
10882	ojdå	OTHER			in	saldo
10883	på eget bevåg	OTHER			abm	saldo
10884	glögg	NOUN			nn	saldo
10885	markägare	NOUN			nn	saldo
10886	storma	VERB			vb	saldo
10887	utöver det vanliga	OTHER			abm	saldo
10888	advent	NOUN			nn	saldo
10889	allt mindre	OTHER			abm	saldo
10890	värdepapper	NOUN			nn	saldo
10891	randig	ADJ			av	saldo
10892	modem	NOUN			nn	saldo
10893	efter varandra	OTHER			abm	saldo
10894	för en sekund	OTHER			abm	saldo
10895	kvick	ADJ			av	saldo
10896	mol	NOUN			nn	saldo
10897	ta sig igenom	VERB			vbm	saldo
10898	hämnas	VERB			vb	saldo
10899	len	ADJ			av	saldo
10900	provtagning	NOUN			nn	saldo
10901	år ut och år in	OTHER			abm	saldo
10902	överkropp	NOUN			nn	saldo
10903	känna på sig	VERB			vbm	saldo
10904	efterleva	VERB			vb	saldo
10905	hålla ögonen	VERB			vbm	saldo
10906	iranier	NOUN			nn	saldo
10907	vårdgivare	NOUN			nn	saldo
10908	utrikesdepartement	NOUN			nn	saldo
10909	oplanerad	ADJ			av	saldo
10910	fetma	NOUN			nn	saldo
10911	skrapning	NOUN			nn	saldo
10912	spörsmål	NOUN			nn	saldo
10913	initial	ADJ			av	saldo
10914	ventilera	VERB			vb	saldo
10915	pundare	NOUN			nn	saldo
10916	kläm	NOUN			nn	saldo
10917	hage	NOUN			nn	saldo
10918	i rörelse	ADJ			avm	saldo
10919	mellersta	ADJ			av	saldo
10920	höggravid	ADJ			av	saldo
10921	inspela	VERB			vb	saldo
10922	i slutänden	OTHER			abm	saldo
10923	i sakens natur	OTHER			abm	saldo
10924	nedvärdera	VERB			vb	saldo
10925	utmärka sig	VERB			vbm	saldo
10926	mellis	NOUN			nn	saldo
10927	kladdig	ADJ			av	saldo
10928	kvinnosyn	NOUN			nn	saldo
10929	viktminskning	NOUN			nn	saldo
10930	extremism	NOUN			nn	saldo
10931	påfrestning	NOUN			nn	saldo
10932	träningspass	NOUN			nn	saldo
10933	märkvärdig	ADJ			av	saldo
10934	förstående	ADJ			av	saldo
10935	poppis	ADJ			av	saldo
10936	pusha	VERB			vb	saldo
10937	civilisera	VERB			vb	saldo
10938	selektiv	ADJ			av	saldo
10939	rosengård	NOUN			nn	saldo
10940	jättetrevlig	ADJ			av	saldo
10941	kvala	VERB			vb	saldo
10942	tidsbegränsad	ADJ			av	saldo
10943	digga	VERB			vb	saldo
10944	duka	VERB			vb	saldo
10945	skriva ned	VERB			vbm	saldo
10946	skitsamma	ADJ			av	saldo
10947	skjuta in	VERB			vbm	saldo
10948	micro	NOUN			nn	saldo
10949	skåning	NOUN			nn	saldo
10950	tystnadsplikt	NOUN			nn	saldo
10951	konsol	NOUN			nn	saldo
10952	kurvor	NOUN			nn	saldo
10953	träningsmatch	NOUN			nn	saldo
10954	krystvärk	NOUN			nn	saldo
10955	stup	NOUN			nn	saldo
10956	släppa fram	VERB			vbm	saldo
10957	dammsugare	NOUN			nn	saldo
10958	bandy	NOUN			nn	saldo
10959	finansdepartement	NOUN			nn	saldo
10960	indragen	ADJ			av	saldo
10961	utrikes	OTHER			ab	saldo
10962	kräkning	NOUN			nn	saldo
10963	sparkonto	NOUN			nn	saldo
10964	trotsa	VERB			vb	saldo
10965	kanton	NOUN			nn	saldo
10966	flyktingbarn	NOUN			nn	saldo
10967	vad då	OTHER			abm	saldo
10968	törstig	ADJ			av	saldo
10969	buffert	NOUN			nn	saldo
10970	dra med sig	VERB			vbm	saldo
10971	finska	NOUN			nn	saldo
10972	herre gud	OTHER			inm	saldo
10973	hö	NOUN			nn	saldo
10974	ryktas	VERB			vb	saldo
10975	bryta ned	VERB			vbm	saldo
10976	skådis	NOUN			nn	saldo
10977	hålla ordning	VERB			vbm	saldo
10978	legalisera	VERB			vb	saldo
10979	broccoli	NOUN			nn	saldo
10980	bankkonto	NOUN			nn	saldo
10981	stygn	NOUN			nn	saldo
10982	break	NOUN			nn	saldo
10983	med på noterna	ADJ			avm	saldo
10984	fröjd	NOUN			nn	saldo
10985	förbaskad	ADJ			av	saldo
10986	country	NOUN			nn	saldo
10987	fik	NOUN			nn	saldo
10988	krångel	NOUN			nn	saldo
10989	slarva bort	VERB			vbm	saldo
10990	slida	NOUN			nn	saldo
10991	tvätta bort	VERB			vbm	saldo
10992	sympatisera	VERB			vb	saldo
10993	till buds	OTHER			abm	saldo
10994	tiggeri	NOUN			nn	saldo
10995	stöta sig	VERB			vbm	saldo
10996	spräcka	VERB			vb	saldo
10997	centralbyrå	NOUN			nn	saldo
10998	västkust	NOUN			nn	saldo
10999	streama	VERB			vb	saldo
11000	fackförbund	NOUN			nn	saldo
11001	inget snack om saken	OTHER			inm	saldo
11002	kläcka	VERB			vb	saldo
11003	opartisk	ADJ			av	saldo
11004	ruva	VERB			vb	saldo
11005	yrkesgrupp	NOUN			nn	saldo
11006	hålla måttet	VERB			vbm	saldo
11007	slå larm	VERB			vbm	saldo
11008	instängd	ADJ			av	saldo
11009	sudda ut	VERB			vbm	saldo
11010	lyfta sig	VERB			vbm	saldo
11011	kastrera	VERB			vb	saldo
11012	utvecklingsstörd	ADJ			av	saldo
11013	behövlig	ADJ			av	saldo
11014	välla	VERB			vb	saldo
11015	lätt som en plätt	ADJ			avm	saldo
11016	suga upp	VERB			vbm	saldo
11017	ofruktbar	ADJ			av	saldo
11018	utsträcka	VERB			vb	saldo
11019	chili	NOUN			nn	saldo
11020	afghan	NOUN			nn	saldo
11021	följas åt	VERB			vbm	saldo
11022	en gnutta	OTHER			pnm	saldo
11023	makalös	ADJ			av	saldo
11024	dödlighet	NOUN			nn	saldo
11025	killkompis	NOUN			nn	saldo
11026	skjuta i höjden	VERB			vbm	saldo
11027	missköta	VERB			vb	saldo
11028	utvilad	ADJ			av	saldo
11029	babysim	NOUN			nn	saldo
11030	skattesats	NOUN			nn	saldo
11031	rimma	VERB			vb	saldo
11032	kustbevakning	NOUN			nn	saldo
11033	instänga	VERB			vb	saldo
11034	rond	NOUN			nn	saldo
11035	sommarstuga	NOUN			nn	saldo
11036	ordval	NOUN			nn	saldo
11037	sparka ut	VERB			vbm	saldo
11038	välförtjänt	ADJ			av	saldo
11039	hån	NOUN			nn	saldo
11040	kofta	NOUN			nn	saldo
11041	flygvapen	NOUN			nn	saldo
11042	motsäga	VERB			vb	saldo
11043	på djupet	OTHER			abm	saldo
11044	säkerhetspolis	NOUN			nn	saldo
11045	över lag	OTHER			abm	saldo
11046	galant	ADJ			av	saldo
11047	ävensom	OTHER			sn	saldo
11048	skolinspektion	NOUN			nn	saldo
11049	steroid	NOUN			nn	saldo
11050	på prov	OTHER			abm	saldo
11051	oförklarlig	ADJ			av	saldo
11052	sportchef	NOUN			nn	saldo
11053	koppel	NOUN			nn	saldo
11054	för längesen	OTHER			abm	saldo
11055	vidhålla	VERB			vb	saldo
11056	klurig	ADJ			av	saldo
11057	tik	NOUN			nn	saldo
11058	nöta	VERB			vb	saldo
11059	rapa	VERB			vb	saldo
11060	tradera	VERB			vb	saldo
11061	lump	NOUN			nn	saldo
11062	kapsel	NOUN			nn	saldo
11063	skära upp	VERB			vbm	saldo
11064	jättekonstig	ADJ			av	saldo
11065	oral	ADJ			av	saldo
11066	kollektion	NOUN			nn	saldo
11067	brännas	VERB			vb	saldo
11068	anbud	NOUN			nn	saldo
11069	skjutning	NOUN			nn	saldo
11070	slå fel	VERB			vbm	saldo
11071	sjunka in	VERB			vbm	saldo
11072	kladdkaka	NOUN			nn	saldo
11073	hälla ut	VERB			vbm	saldo
11074	månadslön	NOUN			nn	saldo
11075	reguljär	ADJ			av	saldo
11076	pusta ut	VERB			vbm	saldo
11077	hur då	OTHER			abm	saldo
11078	skamlig	ADJ			av	saldo
11079	lotta ut	VERB			vbm	saldo
11080	teve	NOUN			nn	saldo
11081	gå före	VERB			vbm	saldo
11082	kon	NOUN			nn	saldo
11083	skvätt	NOUN			nn	saldo
11084	vedertagen	ADJ			av	saldo
11085	tampong	NOUN			nn	saldo
11086	cider	NOUN			nn	saldo
11087	säl	NOUN			nn	saldo
11088	saftig	ADJ			av	saldo
11089	eksem	NOUN			nn	saldo
11090	kustklimat	NOUN			nn	saldo
11091	kanelbulle	NOUN			nn	saldo
11092	basera sig på	VERB			vbm	saldo
11093	dietist	NOUN			nn	saldo
11094	arbetsmarknadsminister	NOUN			nn	saldo
11095	pausa	VERB			vb	saldo
11096	gå back	VERB			vbm	saldo
11097	brottmål	NOUN			nn	saldo
11098	jämnårig	ADJ			av	saldo
11099	lass	NOUN			nn	saldo
11100	skrutt	NOUN			nn	saldo
11101	i gengäld	OTHER			abm	saldo
11102	ge efter	VERB			vbm	saldo
11103	nejdå	OTHER			in	saldo
11104	friidrott	NOUN			nn	saldo
11105	skära ned	VERB			vbm	saldo
11106	tillsägelse	NOUN			nn	saldo
11107	bänkpress	NOUN			nn	saldo
11108	springa upp	VERB			vbm	saldo
11109	bortrest	ADJ			av	saldo
11110	upplagd	ADJ			av	saldo
11111	familjehem	NOUN			nn	saldo
11112	votering	NOUN			nn	saldo
11113	arabiska	NOUN			nn	saldo
11114	förvirrande	ADJ			av	saldo
11115	slampa	NOUN			nn	saldo
11116	bortamatch	NOUN			nn	saldo
11117	hålla i schack	VERB			vbm	saldo
11118	rycka in	VERB			vbm	saldo
11119	fullsatt	ADJ			av	saldo
11120	onaturlig	ADJ			av	saldo
11121	på tu man hand	OTHER			abm	saldo
11122	ligga efter	VERB			vbm	saldo
11123	bodelning	NOUN			nn	saldo
11124	provsvar	NOUN			nn	saldo
11125	oförskämd	ADJ			av	saldo
11126	se sig omkring	VERB			vbm	saldo
11127	hemstad	NOUN			nn	saldo
11128	utläsa	VERB			vb	saldo
11129	förbinda sig	VERB			vbm	saldo
11130	tafsa	VERB			vb	saldo
11131	kasta sig in	VERB			vbm	saldo
11132	magsjuk	ADJ			av	saldo
11133	hundring	NOUN			nn	saldo
11134	svindyr	ADJ			av	saldo
11135	bonusbarn	NOUN			nn	saldo
11136	page	NOUN			nn	saldo
11137	underläge	NOUN			nn	saldo
11138	avhjälpa	VERB			vb	saldo
11139	svamla	VERB			vb	saldo
11140	över förväntan	OTHER			abm	saldo
11141	röntgen	NOUN			nn	saldo
11142	bränna ner	VERB			vbm	saldo
11143	synnerlig	ADJ			av	saldo
11144	komiker	NOUN			nn	saldo
11145	en susning	OTHER			pnm	saldo
11146	på sidan av	OTHER			ppm	saldo
11147	arbetsförmåga	NOUN			nn	saldo
11148	lada	NOUN			nn	saldo
11149	trappa upp	VERB			vbm	saldo
11150	systembolag	NOUN			nn	saldo
11151	självisk	ADJ			av	saldo
11152	makaroner	NOUN			nn	saldo
11153	droga	VERB			vb	saldo
11154	kåk	NOUN			nn	saldo
11155	anstalter	NOUN			nn	saldo
11156	skaka hand	VERB			vbm	saldo
11157	förtydligande	NOUN			nn	saldo
11158	gå av stapeln	VERB			vbm	saldo
11159	reproducera	VERB			vb	saldo
11160	tänk	NOUN			nn	saldo
11161	sjukersättning	NOUN			nn	saldo
11162	klandra	VERB			vb	saldo
11163	överkörd	ADJ			av	saldo
11164	knöl	NOUN			nn	saldo
11165	utbyggd	ADJ			av	saldo
11166	navelsträng	NOUN			nn	saldo
11167	gnugga	VERB			vb	saldo
11168	utmatta	VERB			vb	saldo
11169	barnkläder	NOUN			nn	saldo
11170	högerextrem	ADJ			av	saldo
11171	könsroll	NOUN			nn	saldo
11172	asiat	NOUN			nn	saldo
11173	osmaklig	ADJ			av	saldo
11174	ha på känn	VERB			vbm	saldo
11175	mello	NOUN			nn	saldo
11176	bullshit	NOUN			nn	saldo
11177	ta vid sig	VERB			vbm	saldo
11178	undran	NOUN			nn	saldo
11179	spruta in	VERB			vbm	saldo
11180	suddig	ADJ			av	saldo
11181	kex	NOUN			nn	saldo
11182	lasarett	NOUN			nn	saldo
11183	skvallra	VERB			vb	saldo
11184	haj	NOUN			nn	saldo
11185	rödvin	NOUN			nn	saldo
11186	miljöminister	NOUN			nn	saldo
11187	mad	NOUN			nn	saldo
11188	banverk	NOUN			nn	saldo
11189	resa bort	VERB			vbm	saldo
11190	dildo	NOUN			nn	saldo
11191	tidsbegränsa	VERB			vb	saldo
11192	imam	NOUN			nn	saldo
11193	missgynna	VERB			vb	saldo
11194	lördagskväll	NOUN			nn	saldo
11195	tidsfråga	NOUN			nn	saldo
11196	ta personligt	VERB			vbm	saldo
11197	statsskuld	NOUN			nn	saldo
11198	reservera sig	VERB			vbm	saldo
11199	studielån	NOUN			nn	saldo
11200	skjuta sig i foten	VERB			vbm	saldo
