# rank	sv	ru	pos	cefr
1	den	тот, он, она (о предмете)	OTHER	A1
2	en	один; неопр. артикль	OTHER	A1
3	att vara	быть	VERB	A1
4	att	что (союз); частица инфинитива	OTHER	A1
5	jag	я	OTHER	A1
6	och	и	OTHER	A1
7	i	в	OTHER	A1
8	att ha	иметь	VERB	A1
9	på	на	OTHER	A1
10	dess	его, её (о предмете)	OTHER	A1
11	inte	не	OTHER	A1
12	det	это, оно	OTHER	A1
13	för	для, за	OTHER	A1
14	med	с	OTHER	A1
15	du	ты	OTHER	A1
16	så	так, поэтому	OTHER	A1
17	av	из, от	OTHER	A1
18	till	к, до	OTHER	A1
19	men	но	OTHER	A1
20	man	ты, люди (безл.)	OTHER	A1
21	ska	буду (буд. вр.), должен	VERB	A1
22	att kunna	мочь, уметь	VERB	A1
23	vi	мы	OTHER	A1
24	att få	получать, мочь (разреш.)	VERB	A1
25	de	они	OTHER	A1
26	sig	себя, -ся	OTHER	A1
27	han	он	OTHER	A1
28	om	о, если	OTHER	A1
29	någon	кто-то, какой-нибудь	OTHER	A1
30	att bli	становиться	VERB	A1
31	att göra	делать	VERB	A1
32	att komma	приходить	VERB	A1
33	eller	или	OTHER	A1
34	när	когда	OTHER	A1
35	nu	сейчас	OTHER	A1
36	all, allt, alla	весь, все	OTHER	A1
37	mycket	много, очень	OTHER	A1
38	denna	этот	OTHER	A1
39	ju	ведь, же	OTHER	A1
40	då	тогда, когда	OTHER	A1
41	hon	она	OTHER	A1
42	att gå	идти	VERB	A1
43	vad	что	OTHER	A1
44	att se	видеть	VERB	A1
45	att ta	брать	VERB	A1
46	bara	только	OTHER	A1
47	att vilja	хотеть	VERB	A1
48	sin	свой	OTHER	A1
49	att säga	сказать	VERB	A1
50	lite	немного	OTHER	A1
51	hur	как	OTHER	A1
52	från	от, из	OTHER	A1
53	annan	другой	OTHER	A1
54	att finna	находить	VERB	A1
55	här	здесь	OTHER	A1
56	hel	целый	ADJ	A1
57	ni	вы	OTHER	A1
58	att finnas	существовать, иметься	VERB	-
59	ingen	никакой, никто	OTHER	A1
60	ett år	год	NOUN	A1
61	bra	хороший	ADJ	A1
62	där	там, где	OTHER	A1
63	ett barn	ребёнок	NOUN	A1
64	en dag	день	NOUN	A1
65	detta	это	OTHER	A1
66	att känna	чувствовать, знать (кого)	VERB	A1
67	god	хороший, добрый, вкусный	ADJ	A1
68	ut	наружу	OTHER	A1
69	att veta	знать	VERB	A1
70	också	тоже	OTHER	A1
71	den här	этот (вот)	OTHER	-
72	stor	большой	ADJ	A1
73	att tro	верить, думать	VERB	A1
74	efter	после	OTHER	A1
75	upp	вверх	OTHER	A1
76	att tycka	считать, думать (мнение)	VERB	A1
77	liten	маленький	ADJ	A1
78	in	внутрь	OTHER	A1
79	mig	меня, мне	OTHER	A1
80	mer	больше	OTHER	-
81	själv	сам	OTHER	A1
82	kanske	может быть	OTHER	A1
83	även	также, даже	OTHER	A1
84	under	под, во время	OTHER	A1
85	vid	у, при, около	OTHER	A1
86	ja	да	OTHER	A1
87	helt	полностью	OTHER	A1
88	måste	должен	VERB	A1
89	väl	хорошо, пожалуй	OTHER	A1
90	ny	новый	ADJ	A1
91	en tid	время	NOUN	A1
92	att tänka	думать	VERB	A1
93	att ge	давать	VERB	A1
94	en gång	раз	NOUN	A1
95	dem	их, им	OTHER	A1
96	mot	против, к	OTHER	A1
97	att skriva	писать	VERB	A1
98	att börja	начинать	VERB	A1
99	en del	часть	NOUN	A1
100	andra	второй; другие	NUM	A1
101	bör	следует, должен	VERB	A1
102	över	над, через	OTHER	A1
103	sen	поздний	ADJ	A1
104	sån	такой (разг.)	OTHER	-
105	nog	наверное, достаточно	OTHER	A1
106	att behöva	нуждаться, нужно	VERB	A1
107	att hålla	держать	VERB	A1
108	idag	сегодня	OTHER	A1
109	vad för	какой, что за	OTHER	-
110	att se ut	выглядеть	VERB	-
111	lång	длинный, высокий	ADJ	A1
112	en vecka	неделя	NOUN	A1
113	två	два	NUM	A1
114	en fråga	вопрос	NOUN	A1
115	att ligga	лежать	VERB	A1
116	samma	тот же самый	OTHER	A1
117	aldrig	никогда	OTHER	A1
118	att hoppa	прыгать	VERB	A1
119	en månad	месяц	NOUN	A1
120	viss	некоторый, определённый	ADJ	A1
121	gärna	охотно	OTHER	A1
122	utan	без	OTHER	A1
123	sedan	потом, с тех пор	OTHER	A1
124	länge	долго	OTHER	A1
125	igen	снова	OTHER	A1
126	en sak	вещь, дело	NOUN	A1
127	att stå	стоять	VERB	A1
128	att gälla	касаться, действовать	VERB	A1
129	ett fall	случай, падение	NOUN	A1
130	att läsa	читать	VERB	A1
131	att lägga	класть	VERB	A1
132	dock	однако	OTHER	A1
133	just	как раз, именно	OTHER	A1
134	varför	почему	OTHER	A1
135	att hoppas	надеяться	VERB	A1
136	enligt	согласно	OTHER	A1
137	att kännas	ощущаться	VERB	-
138	att låta	звучать, позволять	VERB	A1
139	riktig	настоящий	ADJ	A1
140	som	который, как	OTHER	A1
141	väldig	огромный, очень	ADJ	B1
142	att försöka	пытаться	VERB	A1
143	att köpa	покупать	VERB	A1
144	att ta sig	добираться	VERB	-
145	sådan	такой	OTHER	A1
146	din	твой	OTHER	A1
147	tidig	ранний	ADJ	A1
148	den där	тот (вон)	OTHER	-
149	att känna sig	чувствовать себя	VERB	-
150	ett folk	народ, люди	NOUN	A1
151	ändå	всё-таки	OTHER	A1
152	att sitta	сидеть	VERB	A1
153	att använda	использовать	VERB	A1
154	ett land	страна	NOUN	A1
155	olik	разный	ADJ	A1
156	ett problem	проблема	NOUN	A1
157	en människa	человек	NOUN	A1
158	ett sätt	способ	NOUN	A1
159	svensk	шведский	ADJ	A1
160	alltid	всегда	OTHER	A1
161	att förstå	понимать	VERB	A1
162	hög	высокий	ADJ	A1
163	eftersom	поскольку	OTHER	A1
164	att höra	слышать	VERB	A1
165	även om	даже если	OTHER	A1
166	en person	человек, персона	NOUN	A1
167	genom	через, посредством	OTHER	A1
168	inom	в пределах, внутри	OTHER	A1
169	mellan	между	OTHER	A1
170	egen	собственный	ADJ	A1
171	alltså	то есть, значит	OTHER	A1
172	in i	в, внутрь	OTHER	-
173	ner	вниз	OTHER	A1
174	svår	трудный	ADJ	A1
175	bäst	лучше всего	OTHER	A2
176	nej	нет	OTHER	A1
177	innan	до того как	OTHER	A1
178	verkligen	действительно	OTHER	A1
179	ett liv	жизнь	NOUN	A1
180	i alla fall	во всяком случае	OTHER	A1
181	att hitta	находить	VERB	A1
182	att visa	показывать	VERB	A1
183	en kvinna	женщина	NOUN	A1
184	att verka	казаться, действовать	VERB	A1
185	fram	вперёд	OTHER	A1
186	att äta	есть (кушать)	VERB	A1
187	just nu	прямо сейчас	OTHER	-
188	redan	уже	OTHER	A1
189	dålig	плохой	ADJ	A1
190	en rätt	право; блюдо	NOUN	A1
191	deras	их	OTHER	A1
192	att köra	ехать, водить	VERB	A1
193	gammal	старый	ADJ	A1
194	ofta	часто	OTHER	A1
195	en regering	правительство	NOUN	A1
196	hos	у (кого-то)	OTHER	A1
197	snar	скорый	ADJ	B2
198	honom	его, ему	OTHER	A1
199	dig	тебя, тебе	OTHER	A1
200	precis	точно, именно	OTHER	A1
201	en bild	картина, фото	NOUN	A1
202	faktisk	фактический	ADJ	A2
203	ond	злой	ADJ	A1
204	ett par	пара, несколько	OTHER	-
205	att spela	играть	VERB	A1
206	ett jobb	работа	NOUN	A1
207	en typ	тип; типа	NOUN	A1
208	att prata	разговаривать	VERB	A1
209	att jobba	работать (разг.)	VERB	A1
210	att hända	случаться	VERB	A1
211	att åka	ехать	VERB	A1
212	att kolla	проверять, смотреть	VERB	A1
213	lika	одинаково	OTHER	A1
214	klar	готовый, ясный	ADJ	A1
215	fin	красивый, прекрасный	ADJ	A1
216	en annan	другой (кто-то)	OTHER	-
217	heller	тоже не	OTHER	A1
218	vanlig	обычный	ADJ	A1
219	en tråd	нить, ветка форума	NOUN	A2
220	att vara med	участвовать	VERB	-
221	bort	прочь	OTHER	A1
222	att mena	иметь в виду	VERB	A1
223	att följa	следовать	VERB	A1
224	att sätta	ставить, сажать	VERB	A1
225	därför	поэтому	OTHER	A1
226	en tjej	девушка	NOUN	A1
227	viktig	важный	ADJ	A1
228	en sida	сторона, страница	NOUN	A1
229	ganska	довольно	OTHER	A1
230	åt	для, к	OTHER	A1
231	en mamma	мама	NOUN	A1
232	att vänta	ждать	VERB	A1
233	ett svar	ответ	NOUN	A1
234	föga	мало, едва	OTHER	-
235	hemma	дома	OTHER	A1
236	att välja	выбирать	VERB	A1
237	säker	уверенный, безопасный	ADJ	A1
238	att sova	спать	VERB	A1
239	kvar	оставшийся	OTHER	A1
240	pengar	деньги	NOUN	-
241	att ha att göra	иметь отношение к	VERB	-
242	att dra	тянуть	VERB	A1
243	samt	а также	OTHER	A1
244	att handla	покупать, торговать	VERB	A1
245	ett förslag	предложение (идея)	NOUN	A1
246	att bo	жить (проживать)	VERB	A1
247	att ha rätt	быть правым	VERB	-
248	att ge sig	сдаваться, уходить	VERB	-
249	att anse	считать (мнение)	VERB	A1
250	att sluta	прекращать	VERB	A1
251	runt	вокруг	OTHER	A1
252	ens	даже	OTHER	A1
253	att hålla sig	держаться	VERB	-
254	att lämna	оставлять, покидать	VERB	A1
255	lätt	лёгкий	ADJ	A1
256	att bruka	иметь обыкновение	VERB	A1
257	att lära	учить, обучать	VERB	A1
258	hela tiden	всё время	OTHER	-
259	tre	три	NUM	A1
260	snart	скоро	OTHER	A1
261	fortfarande	всё ещё	OTHER	A1
262	istället	вместо этого	OTHER	A1
263	i dag	сегодня	OTHER	-
264	enkel	простой	ADJ	A1
265	tack	спасибо	OTHER	A1
266	att gilla	нравиться	VERB	A1
267	att öka	увеличивать(ся)	VERB	A1
268	så länge	пока, до тех пор	OTHER	B2
269	tillbaka	назад, обратно	OTHER	A1
270	hej	привет	OTHER	A1
271	kul	весёлый, классный	ADJ	A1
272	ibland	иногда	OTHER	A1
273	hem	домой	OTHER	A1
274	att lära sig	учиться, выучить	VERB	-
275	att göra sig	выделываться	VERB	-
276	tidigare	раньше, ранее	OTHER	A1
277	lycka till	удачи!	OTHER	-
278	en familj	семья	NOUN	A1
279	en kille	парень	NOUN	A1
280	att veta om	знать о	VERB	-
281	nära	близко	OTHER	A1
282	att leva	жить	VERB	A1
283	att betala	платить	VERB	A1
284	genom att	тем, что; путём	OTHER	A1
285	en väg	дорога, путь	NOUN	A1
286	särskild	особый	ADJ	A1
287	en värld	мир	NOUN	A1
288	en hand	рука (кисть)	NOUN	A1
289	en massa	масса, куча	NOUN	A1
290	att må	чувствовать себя	VERB	A1
291	alls	совсем (не)	OTHER	A1
292	direkt	прямо, сразу	OTHER	A1
293	ett lag	команда (спорт)	NOUN	A1
294	skön	приятный, удобный	ADJ	A1
295	så att	так что, чтобы	OTHER	A1
296	dessutom	кроме того	OTHER	A1
297	att hjälpa	помогать	VERB	A1
298	nästan	почти	OTHER	A1
299	att ställa	ставить	VERB	A1
300	annars	иначе	OTHER	A1
301	en timme	час	NOUN	A1
302	att fortsätta	продолжать	VERB	A1
303	helt enkelt	просто-напросто	OTHER	A1
304	nästa	следующий	ADJ	A1
305	som sagt	как уже сказано	OTHER	-
306	en bil	машина	NOUN	A1
307	först	сначала	OTHER	A1
308	att gå bra	получаться, удаваться	VERB	-
309	vem	кто	OTHER	A1
310	en tanke	мысль	NOUN	A1
311	på grund av	из-за	OTHER	A1
312	en plats	место	NOUN	A1
313	enda	единственный	ADJ	A1
314	en kommun	коммуна, муниципалитет	NOUN	A1
315	ännu	ещё	OTHER	-
316	att bero	зависеть	VERB	A1
317	sjuk	больной	ADJ	A1
318	en son	сын	NOUN	A1
319	väldigt	очень	OTHER	A1
320	en natt	ночь	NOUN	A1
321	en förälder	родитель	NOUN	A1
322	en kväll	вечер	NOUN	A1
323	en polis	полиция, полицейский	NOUN	A1
324	att älska	любить	VERB	A1
325	gravid	беременная	ADJ	B1
326	egentligen	собственно говоря	OTHER	A1
327	att kalla	называть, звать	VERB	A1
328	att träffa	встречать	VERB	A1
329	en vän	друг	NOUN	A1
330	ett tag	некоторое время	NOUN	A1
331	ej	не (офиц.)	OTHER	-
332	att ta upp	поднимать (вопрос)	VERB	-
333	att testa	пробовать, тестировать	VERB	A2
334	bland	среди	OTHER	A1
335	att tänka sig	представлять себе	VERB	-
336	ur	из	OTHER	A1
337	att gå in	заходить	VERB	-
338	att undra	интересоваться, гадать	VERB	A1
339	en mat	еда	NOUN	A1
340	att funka	работать, функционировать (разг.)	VERB	-
341	ett ord	слово	NOUN	A1
342	rolig	весёлый, смешной	ADJ	A1
343	en trakt	местность, округа	NOUN	B1
344	längre	дольше, дальше	OTHER	-
345	så här	вот так	OTHER	-
346	samtidig	одновременный	ADJ	C1
347	faktiskt	фактически	OTHER	A1
348	att fungera	функционировать	VERB	A1
349	en mage	живот	NOUN	A2
350	att innebära	означать, подразумевать	VERB	A1
351	en fan	чёрт (ругат.)	NOUN	B1
352	en riksdag	риксдаг (парламент)	NOUN	A1
353	att tala	говорить	VERB	A1
354	ett mål	цель, гол	NOUN	A1
355	att klara	справляться	VERB	A1
356	per	в, за (каждый)	OTHER	A1
357	att ringa	звонить	VERB	A1
358	att komma in	входить	VERB	-
359	att föda	рожать	VERB	A1
360	sent	поздно	OTHER	A1
361	en möjlighet	возможность	NOUN	A1
362	trots	несмотря на	OTHER	A1
363	att berätta	рассказывать	VERB	A1
364	att gå ut	выходить	VERB	-
365	igår	вчера	OTHER	A1
366	istället för	вместо	OTHER	A1
367	att hålla med	соглашаться	VERB	-
368	snabb	быстрый	ADJ	A1
369	att slå	бить	VERB	A1
370	att söka	искать	VERB	A1
371	vidare	дальше	OTHER	A1
372	själva	сами	OTHER	-
373	att kräva	требовать	VERB	A1
374	en pappa	папа	NOUN	A1
375	stark	сильный	ADJ	A2
376	ett företag	фирма, предприятие	NOUN	A1
377	ute	снаружи	OTHER	A1
378	att svara	отвечать	VERB	A1
379	att ske	происходить	VERB	A1
380	tyvärr	к сожалению	OTHER	A1
381	ihop	вместе	OTHER	A1
382	en hjälp	помощь	NOUN	A1
383	ett arbete	работа, труд	NOUN	A1
384	med tanke på	учитывая	OTHER	A1
385	att lägga sig	ложиться	VERB	-
386	många	многие	OTHER	A1
387	att se om	пересмотреть	VERB	-
388	ett antal	количество	NOUN	A1
389	en dotter	дочь	NOUN	A1
390	möjlig	возможный	ADJ	A1
391	sista	последний	ADJ	A1
392	ett namn	имя	NOUN	A1
393	ett beslut	решение	NOUN	A1
394	en anledning	причина	NOUN	A1
395	ett samhälle	общество	NOUN	A1
396	ett område	область, район	NOUN	A1
397	att fatta	понимать, принимать (решение)	VERB	A1
398	att hålla på	заниматься, продолжать	VERB	-
399	att titta	смотреть	VERB	A1
400	att gå upp	вставать	VERB	-
401	en film	фильм	NOUN	A1
402	att bry sig	заботиться, беспокоиться	VERB	A1
403	full	полный	ADJ	A1
404	ett inlägg	пост, запись	NOUN	A1
405	att vinna	выигрывать	VERB	A1
406	riktigt	по-настоящему	OTHER	A1
407	sex	шесть	NUM	A1
408	en uppgift	задача	NOUN	A1
409	en stad	город	NOUN	A1
410	en bebis	младенец	NOUN	C1
411	att räkna	считать	VERB	A1
412	glad	радостный, весёлый	ADJ	A1
413	en knapp	кнопка, пуговица	NOUN	B1
414	visst	конечно, да	OTHER	A1
415	ung	молодой	ADJ	A1
416	en krona	крона	NOUN	A1
417	att ingå	входить в состав	VERB	A1
418	en kropp	тело	NOUN	A1
419	att bestämma	решать	VERB	A1
420	via	через	OTHER	A1
421	ett tips	совет, подсказка	NOUN	A1
422	en skillnad	разница	NOUN	A1
423	däremot	напротив	OTHER	A1
424	att komma hem	приходить домой	VERB	-
425	att skicka	отправлять	VERB	A1
426	jobbig	тяжёлый, утомительный	ADJ	A2
427	hennes	её (притяж.)	OTHER	A1
428	varm	тёплый	ADJ	A1
429	en match	матч	NOUN	A1
430	henne	её, ей	OTHER	A1
431	endast	только	OTHER	A1
432	att nå	достигать	VERB	A1
433	förra	прошлый	ADJ	A1
434	att flytta	переезжать	VERB	A1
435	absolut	абсолютно	OTHER	A1
436	tillsammans	вместе	OTHER	A1
437	jo	нет же, да (возраж.)	OTHER	A1
438	fast	но, хотя	OTHER	A1
439	att skapa	создавать	VERB	A1
440	att visa sig	оказываться	VERB	-
441	flest	большинство	ADJ	A1
442	låg	низкий	ADJ	A1
443	övrig	остальной	ADJ	A1
444	en grund	основа, причина	NOUN	A1
445	att heta	называться, звать	VERB	A1
446	en stat	государство	NOUN	A1
447	till och med	даже	OTHER	A1
448	ett ställe	место	NOUN	A1
449	att bygga	строить	VERB	A1
450	en morgon	утро	NOUN	A1
451	en form	форма	NOUN	A1
452	en början	начало	NOUN	A1
453	bland annat	в том числе	OTHER	A1
454	i närheten	поблизости	OTHER	-
455	långt	далеко	OTHER	-
456	en lycka	счастье	NOUN	A2
457	att ta bort	удалять	VERB	-
458	kort	короткий	ADJ	A1
459	i så fall	в таком случае	OTHER	-
460	att byta	менять	VERB	A1
461	att lyckas	удаваться	VERB	A1
462	konstig	странный	ADJ	A1
463	att föreslå	предлагать	VERB	A1
464	att spela roll	иметь значение	VERB	-
465	speciell	особенный	ADJ	A1
466	att sälja	продавать	VERB	A1
467	en regel	правило	NOUN	A1
468	ren	чистый	ADJ	A1
469	att beskriva	описывать	VERB	A1
470	ett slut	конец	NOUN	A1
471	intressant	интересный	ADJ	A1
472	samtidigt	одновременно	OTHER	A1
473	en utredning	расследование	NOUN	A1
474	att leda	вести	VERB	A1
475	en helg	выходные	NOUN	A1
476	en verksamhet	деятельность	NOUN	A1
477	total	общий, полный	ADJ	A1
478	ett exempel	пример	NOUN	A1
479	en mening	предложение, смысл	NOUN	A1
480	en läkare	врач	NOUN	A1
481	inne	внутри	OTHER	A1
482	en tur	очередь, удача	NOUN	A1
483	att tvinga	заставлять	VERB	A1
484	ett fel	ошибка	NOUN	A1
485	inför	перед	OTHER	A1
486	en procent	процент	NOUN	A1
487	att sakna	скучать, не хватать	VERB	A1
488	första gången	в первый раз	OTHER	-
489	en situation	ситуация	NOUN	A1
490	senare	позже	OTHER	-
491	en skit	дерьмо, ерунда	NOUN	A2
492	att dela	делить, делиться	VERB	A1
493	minst	минимум	OTHER	-
494	en motion	предложение (в парламенте)	NOUN	A1
495	att be	просить, молиться	VERB	A1
496	en känsla	чувство	NOUN	A1
497	att orka	иметь силы, мочь	VERB	A1
498	imorgon	завтра	OTHER	A1
499	i stället	вместо этого	OTHER	-
500	kall	холодный	ADJ	A1
501	att fundera	размышлять	VERB	A1
502	att ändra	изменять	VERB	A1
503	att passa	подходить	VERB	A1
504	fyra	четыре	NUM	A1
505	när det gäller	что касается	OTHER	A1
506	varandra	друг друга	OTHER	A1
507	nederbörd	осадки	NOUN	-
508	en sambo	сожитель, партнёр	NOUN	B1
509	en risk	риск	NOUN	A1
510	en bok	книга	NOUN	A1
511	allmän	общий, всеобщий	ADJ	A1
512	dit	туда	OTHER	A1
513	att växa	расти	VERB	A1
514	att betyda	означать	VERB	A1
515	ett förhållande	отношение, отношения	NOUN	A1
516	ett stöd	поддержка	NOUN	A1
517	januari	январь	NOUN	A1
518	att röra sig	двигаться	VERB	-
519	ett hus	дом	NOUN	A1
520	ett vatten	вода	NOUN	A1
521	hård	твёрдый, жёсткий	ADJ	A1
522	att avse	иметь в виду, касаться	VERB	A1
523	att dö	умирать	VERB	A1
524	ett behov	потребность	NOUN	A1
525	att hinna	успевать	VERB	A1
526	att dricka	пить	VERB	A1
527	självklar	само собой разумеющийся	ADJ	A1
528	lär	говорят, что (якобы)	VERB	-
529	att sätta sig	садиться	VERB	-
530	ekonomisk	экономический	ADJ	A1
531	att gå ner	спускаться, снижаться	VERB	-
532	att anta	предполагать, принимать	VERB	A1
533	att glömma	забывать	VERB	A1
534	än	чем (при сравнении)	OTHER	A1
535	en meter	метр	NOUN	A1
536	särskilt	особенно	OTHER	A1
537	en tank	бак, танк	NOUN	C1
538	en minut	минута	NOUN	A1
539	att komma ihåg	помнить	VERB	-
540	att likna	быть похожим	VERB	A2
541	normal	нормальный	ADJ	A2
542	en grupp	группа	NOUN	A1
543	ha det	поживать (как ты?)	OTHER	-
544	för ... skull	ради	OTHER	-
545	att förklara	объяснять	VERB	A1
546	ett råd	совет; средства	NOUN	A1
547	att göra om	переделывать	VERB	-
548	ungefär	примерно	OTHER	A1
549	en myndighet	ведомство, орган власти	NOUN	A1
550	en kompis	приятель	NOUN	A2
551	att komma fram	добираться, приходить к	VERB	-
552	ett resultat	результат	NOUN	A1
553	ett ansvar	ответственность	NOUN	A1
554	fort	быстро	OTHER	A1
555	att ha kvar	сохранять, оставлять у себя	VERB	-
556	ett krav	требование	NOUN	A1
557	att fylla	наполнять; исполняться (о возрасте)	VERB	A1
558	efter att	после того как	OTHER	A1
559	ett huvud	голова	NOUN	A1
560	ett val	выбор, выборы	NOUN	A1
561	tills	до тех пор пока	OTHER	A1
562	att ta hand om	заботиться о	VERB	-
563	att släppa	отпускать	VERB	A1
564	på väg	в пути, на подходе	ADJ	-
565	ett försök	попытка	NOUN	A1
566	att ta ut	снимать (деньги), брать (отпуск)	VERB	-
567	ett pris	цена, приз	NOUN	A1
568	en roll	роль	NOUN	A1
569	att lyssna	слушать	VERB	A1
570	en utveckling	развитие	NOUN	A1
571	att nämna	упоминать	VERB	A1
572	trött	уставший	ADJ	A1
573	en miljon	миллион	NOUN	A1
574	var än	где бы ни	OTHER	-
575	mens	менструация	NOUN	-
576	i fråga	о котором идёт речь	OTHER	A2
577	en utbildning	образование	NOUN	A1
578	snygg	симпатичный	ADJ	A2
579	öppen	открытый	ADJ	A1
580	för sig	отдельно, сам по себе	OTHER	-
581	att minska	уменьшать	VERB	A1
582	trevlig	приятный	ADJ	A1
583	i fråga om	что касается	OTHER	A2
584	att arbeta	работать	VERB	A1
585	att vakna	просыпаться	VERB	A2
586	en åtgärd	мера	NOUN	A1
587	ett hav	море	NOUN	A1
588	en punkt	точка, пункт	NOUN	A1
589	positiv	позитивный	ADJ	A1
590	jävla	чёртов	ADJ	A2
591	en hund	собака	NOUN	A1
592	att hänga	висеть, вешать	VERB	A1
593	att ta tid	занимать время	VERB	-
594	en artikel	статья	NOUN	A1
595	ett spel	игра	NOUN	A1
596	underbar	чудесный	ADJ	A1
597	att starta	запускать, стартовать	VERB	A1
598	före	до, перед	OTHER	A1
599	att påverka	влиять	VERB	A1
600	att röra	трогать, касаться	VERB	A1
601	vit	белый	ADJ	A1
602	att säga sig	утверждать (о себе)	VERB	-
603	att kosta	стоить	VERB	A1
604	juli	июль	NOUN	A1
605	en chans	шанс	NOUN	A1
606	tydlig	ясный, чёткий	ADJ	A1
607	att slippa	избежать, не быть обязанным	VERB	A1
608	att behövas	требоваться, быть нужным	VERB	-
609	att särskilja	различать	VERB	-
610	en dator	компьютер	NOUN	A1
611	fri	свободный	ADJ	A1
612	igång	запущенный, в ходу	OTHER	A1
613	en sommar	лето	NOUN	A1
614	att missa	пропускать, упускать	VERB	A1
615	ett parti	партия	NOUN	A1
616	en säng	кровать	NOUN	A2
617	framför	перед, впереди	OTHER	A1
618	var	где	OTHER	A1
619	att märka	замечать	VERB	A1
620	vart	куда	OTHER	A2
621	exakt	точно	OTHER	A1
622	en ålder	возраст	NOUN	A1
623	att fixa	чинить, устраивать (разг.)	VERB	A2
624	värd	стоящий, достойный	ADJ	A1
625	att lösa	решать (задачу)	VERB	A1
626	att göra ont	болеть, причинять боль	VERB	-
627	att komma ut	выходить (наружу)	VERB	-
628	snabbt	быстро	OTHER	A1
629	liknande	похожий	ADJ	A1
630	att våga	сметь, решаться	VERB	A1
631	att önska	желать	VERB	A1
632	medan	в то время как	OTHER	A1
633	att klara sig	справляться	VERB	-
634	en grej	штука (разг.)	NOUN	A2
635	att räcka	хватать, протягивать	VERB	A1
636	dags	пора (время)	NOUN	-
637	en bestämmelse	постановление, положение	NOUN	A1
638	att ha ont	испытывать боль	VERB	-
639	att försvinna	исчезать	VERB	A1
640	en information	информация	NOUN	A1
641	kläder	одежда	NOUN	A1
642	att känna igen	узнавать	VERB	-
643	ingenting	ничего	OTHER	A1
644	lugn	спокойный	ADJ	A2
645	att stämma	совпадать, быть верным	VERB	A1
646	ett slag	удар; вид	NOUN	A1
647	en erfarenhet	опыт	NOUN	A1
648	ett rum	комната	NOUN	A1
649	ensam	одинокий	ADJ	A1
650	en vikt	вес, важность	NOUN	A1
651	ett öga	глаз	NOUN	A1
652	att diskutera	обсуждать	VERB	A1
653	att skaffa	доставать, заводить	VERB	A1
654	att bestämma sig	решиться	VERB	-
655	en kontakt	контакт	NOUN	A1
656	otrolig	невероятный	ADJ	B1
657	snäll	добрый	ADJ	A2
658	ikväll	сегодня вечером	OTHER	A2
659	att prova	пробовать, примерять	VERB	A2
660	utanför	снаружи, за пределами	OTHER	A1
661	ytterlig	крайний	ADJ	C2
662	social	социальный	ADJ	A1
663	tydligen	по-видимому	OTHER	A1
664	i morgon	завтра	OTHER	-
665	en flicka	девочка	NOUN	A1
666	att inse	осознавать	VERB	A1
667	ett utskott	комитет (парламентский)	NOUN	A1
668	icke	не (книжн.)	OTHER	-
669	kring	вокруг, около	OTHER	A1
670	dum	глупый	ADJ	A2
671	att utveckla	развивать	VERB	A1
672	härlig	чудесный, прекрасный	ADJ	A2
673	en framtid	будущее	NOUN	A1
674	tråkig	скучный	ADJ	A2
675	bakom	позади, за	OTHER	A1
676	ett program	программа	NOUN	A1
677	en kostnad	расход, стоимость	NOUN	A1
678	att somna	засыпать	VERB	A2
679	att minnas	вспоминать, помнить	VERB	A1
680	en pojke	мальчик	NOUN	A1
681	politisk	политический	ADJ	A1
682	å andra sidan	с другой стороны	OTHER	-
683	eller hur	не так ли?	OTHER	-
684	att anföra	приводить (доводы)	VERB	A1
685	att tänka om	передумать	VERB	-
686	ett skäl	причина, основание	NOUN	A1
687	följande	следующий	ADJ	B2
688	att vända	поворачивать	VERB	A1
689	ett brott	преступление	NOUN	A1
690	en närhet	близость, окрестность	NOUN	A2
691	en graviditet	беременность	NOUN	B2
692	att komma sig	как так получилось	VERB	-
693	till exempel	например	OTHER	A1
694	att ställa sig	вставать, становиться	VERB	-
695	i övrigt	в остальном	OTHER	A2
696	ett intresse	интерес	NOUN	A1
697	en åsikt	мнение	NOUN	A1
698	rädd	испуганный	ADJ	A2
699	billig	дешёвый	ADJ	A1
700	en fredag	пятница	NOUN	A1
701	att stanna	останавливаться, оставаться	VERB	A1
702	att tas	браться, приниматься	VERB	-
703	fem	пять	NUM	A1
704	rå	сырой, грубый	ADJ	B1
705	trots att	несмотря на то что	OTHER	A1
706	styck	штука (шт.)	NOUN	A1
707	på samma sätt	таким же образом	OTHER	-
708	att hamna	оказаться, попасть	VERB	A1
709	att ena	объединять	VERB	A1
710	en princip	принцип	NOUN	A1
711	ett system	система	NOUN	A1
712	juni	июнь	NOUN	A1
713	ett medium	средство, СМИ	NOUN	A1
714	i huvudsak	в основном	OTHER	A2
715	torr	сухой	ADJ	B1
716	att hålla tummarna	держать кулачки	VERB	-
717	en skatt	налог; сокровище	NOUN	A1
718	en huvudstad	столица	NOUN	A2
719	att öppna	открывать	VERB	A1
720	att ha fel	ошибаться	VERB	-
721	såväl som	как ..., так и	OTHER	B1
722	ett ämne	тема, предмет	NOUN	A1
723	att råda	советовать; господствовать	VERB	A1
724	att träna	тренироваться	VERB	A2
725	maj	май	NOUN	A1
726	att dyka upp	появляться	VERB	-
727	att ange	указывать	VERB	A1
728	liksom	как и, подобно	OTHER	A1
729	grattis	поздравляю!	OTHER	B1
730	säkert	наверняка	OTHER	A1
731	enbart	исключительно	OTHER	A1
732	att jämföra	сравнивать	VERB	A1
733	halv	половинный	ADJ	A1
734	född	рождённый	ADJ	-
735	gemensam	общий	ADJ	A1
736	en förlossning	роды	NOUN	C1
737	att planera	планировать	VERB	A1
738	sann	истинный	ADJ	A1
739	gott	хорошо	OTHER	A2
740	enskild	отдельный, частный	ADJ	A1
741	att springa	бегать	VERB	A1
742	en stund	момент, некоторое время	NOUN	A1
743	att bära	нести	VERB	A1
744	för övrigt	впрочем	OTHER	A1
745	nöjd	довольный	ADJ	A1
746	vuxen	взрослый	ADJ	A1
747	att föra	вести	VERB	A1
748	en fru	жена	NOUN	A1
749	en nivå	уровень	NOUN	A1
750	att ta in	вносить, принимать	VERB	-
751	svart	чёрный	ADJ	A1
752	alldeles	совсем	OTHER	A1
753	att behandla	обращаться, лечить	VERB	A1
754	dyr	дорогой	ADJ	A1
755	som att	как будто	OTHER	A1
756	allt	всё	OTHER	A1
757	knappt	едва	OTHER	A2
758	att möta	встречать	VERB	A1
759	att suga	сосать; быть отстойным	VERB	B1
760	att lägga ner	закрывать, бросать (дело)	VERB	-
761	att omfatta	охватывать	VERB	A1
762	därmed	тем самым	OTHER	A1
763	att se till	проследить, позаботиться	VERB	-
764	att ta om	повторять	VERB	-
765	mer eller mindre	более или менее	OTHER	A2
766	en kommentar	комментарий	NOUN	A1
767	inte ens	даже не	OTHER	A1
768	att ta emot	принимать	VERB	-
769	ett samband	связь	NOUN	A2
770	tillräcklig	достаточный	ADJ	A2
771	att förlora	терять, проигрывать	VERB	A1
772	än så länge	пока что	OTHER	B1
773	en lägenhet	квартира	NOUN	A2
774	augusti	август	NOUN	A1
775	en test	тест	NOUN	A2
776	ifrån	от	OTHER	A1
777	en invånare	житель	NOUN	A2
778	ett tillfälle	случай, возможность	NOUN	A1
779	en period	период	NOUN	A1
780	oj	ой	OTHER	B1
781	ett alternativ	вариант, альтернатива	NOUN	A1
782	att ha råd	мочь себе позволить	VERB	-
783	att äga	владеть	VERB	A1
784	en ersättning	компенсация	NOUN	A1
785	att sätta in	вставлять, вкладывать	VERB	-
786	förutom	кроме	OTHER	A1
787	en effekt	эффект	NOUN	A1
788	att krävas	требоваться	VERB	-
789	en måndag	понедельник	NOUN	A1
790	mars	март	NOUN	A1
791	ett genomsnitt	среднее значение	NOUN	A2
792	att uppleva	переживать (опыт)	VERB	A1
793	i första hand	в первую очередь	OTHER	A2
794	fantastisk	фантастический	ADJ	A1
795	att rösta	голосовать	VERB	A1
796	att ge till känna	объявлять	VERB	-
797	att tycka om	нравиться, любить	VERB	-
798	spännande	захватывающий	ADJ	A1
799	ett läge	положение, ситуация	NOUN	A1
800	ett värde	ценность, значение	NOUN	A1
801	ett hjärta	сердце	NOUN	A1
802	på riktigt	всерьёз, по-настоящему	OTHER	-
803	att ta med	брать с собой	VERB	-
804	en vagn	коляска, вагон	NOUN	A2
805	till slut	в конце концов	OTHER	C1
806	att stänga	закрывать	VERB	A1
807	främst	прежде всего	OTHER	A1
808	att misstänka	подозревать	VERB	A2
809	en text	текст	NOUN	A1
810	att gå över	переходить	VERB	-
811	att avgöra	решать, определять	VERB	A1
812	att vända sig	обращаться (к кому)	VERB	-
813	att komma tillbaka	возвращаться	VERB	-
814	en elev	ученик	NOUN	A1
815	en politik	политика	NOUN	A1
816	att falla	падать	VERB	A1
817	hur än	как бы ни	OTHER	-
818	en förutsättning	предпосылка, условие	NOUN	A1
819	borta	отсутствующий, нет на месте	OTHER	A1
820	i enlighet med	в соответствии с	OTHER	A1
821	genomsnittlig	средний	ADJ	B1
822	mitt	посреди	OTHER	A1
823	en gräns	граница	NOUN	A1
824	att fara	ехать, мчаться	VERB	A1
825	då och då	время от времени	OTHER	A2
826	att oroa sig	беспокоиться	VERB	-
827	att hämta	забирать	VERB	A1
828	en personal	персонал	NOUN	A1
829	att leta	искать	VERB	A1
830	att lägga upp	выкладывать	VERB	-
831	att bete sig	вести себя	VERB	A2
832	iväg	прочь, в путь	OTHER	A1
833	att intressera	интересовать	VERB	B1
834	att väga	весить	VERB	A2
835	att ge upp	сдаваться	VERB	-
836	att befinna sig	находиться	VERB	-
837	båda	оба	OTHER	A1
838	någon gång	когда-нибудь	OTHER	-
839	att genomföra	осуществлять	VERB	A1
840	en diskussion	дискуссия	NOUN	A1
841	en lista	список	NOUN	A1
842	orolig	беспокойный	ADJ	A2
843	ett bröst	грудь	NOUN	B1
844	att komma upp	подниматься, всплывать	VERB	-
845	en lön	зарплата	NOUN	A1
846	äntligen	наконец-то	OTHER	A1
847	röd	красный	ADJ	A1
848	att bryta	ломать	VERB	A1
849	rund	круглый	ADJ	B1
850	framför allt	прежде всего	OTHER	A1
851	att driva	вести (дело), гнать	VERB	A1
852	en talman	спикер парламента	NOUN	-
853	i stort	в общем	OTHER	-
854	en historia	история	NOUN	A1
855	ett faktum	факт	NOUN	A1
856	i stort sett	в целом	OTHER	A2
857	givetvis	разумеется	OTHER	A1
858	i framtiden	в будущем	OTHER	-
859	april	апрель	NOUN	A1
860	december	декабрь	NOUN	A1
861	från början	с самого начала	OTHER	-
862	att amma	кормить грудью	VERB	-
863	i form	в форме	ADJ	-
864	en lärare	учитель	NOUN	A1
865	internationell	международный	ADJ	A1
866	klart	ясно, конечно	OTHER	A1
867	en spelare	игрок	NOUN	A1
868	knappast	вряд ли	OTHER	A1
869	att hata	ненавидеть	VERB	A2
870	att synas	быть видным	VERB	A1
871	ett släkte	род (биол.)	NOUN	-
872	en säsong	сезон	NOUN	A1
873	att innehålla	содержать	VERB	A1
874	när än	когда бы ни	OTHER	-
875	att röka	курить	VERB	B1
876	en poäng	очко, балл	NOUN	A1
877	en lördag	суббота	NOUN	A1
878	att bjuda	приглашать, угощать	VERB	A1
879	en vård	уход, здравоохранение	NOUN	A1
880	negativ	отрицательный	ADJ	A1
881	att tappa	ронять, терять	VERB	A1
882	en tjänst	услуга, должность	NOUN	A1
883	ett avsnitt	эпизод, серия	NOUN	A2
884	en relation	отношения	NOUN	A1
885	en topp	вершина, топ	NOUN	A2
886	en lösning	решение (задачи)	NOUN	A1
887	en plan	план	NOUN	A1
888	i livet	в живых	ADJ	-
889	en skada	вред, травма	NOUN	A1
890	ett bidrag	взнос, пособие	NOUN	A1
891	att gå igenom	проходить через	VERB	-
892	en organisation	организация	NOUN	A1
893	att klara av	справляться с	VERB	-
894	ned	вниз	OTHER	A1
895	att tacka	благодарить	VERB	A1
896	hit	сюда	OTHER	A1
897	nämligen	а именно	OTHER	A1
898	i stället för	вместо	OTHER	-
899	vad än	что бы ни	OTHER	-
900	extrem	крайний, экстремальный	ADJ	A2
901	en make	муж, супруг	NOUN	A2
902	en rest	остаток	NOUN	A1
903	ett syfte	цель	NOUN	A1
904	februari	февраль	NOUN	A1
905	en betydelse	значение	NOUN	A1
906	tung	тяжёлый	ADJ	A1
907	att motsvara	соответствовать	VERB	A2
908	att snacka	болтать	VERB	A2
909	en kärlek	любовь	NOUN	A1
910	någonting	что-нибудь, что-то	OTHER	A1
911	såklart	конечно	OTHER	A2
912	att skjuta	стрелять	VERB	A1
913	mitt i	посреди	OTHER	-
914	att få tag på	достать, раздобыть	VERB	-
915	att stoppa	останавливать	VERB	A1
916	nuvarande	нынешний	ADJ	A1
917	att gå vidare	двигаться дальше	VERB	-
918	att påstå	утверждать	VERB	A1
919	att skilja	различаться, разлучать	VERB	A1
920	vacker	красивый	ADJ	A1
921	att lägga in	вносить, вставлять	VERB	-
922	att skrika	кричать	VERB	A2
923	att ta tag i	взяться за	VERB	-
924	med andra ord	другими словами	OTHER	A2
925	central	центральный	ADJ	A1
926	en debatt	дебаты	NOUN	A1
927	ett stycke	кусок, отрывок	NOUN	B1
928	farlig	опасный	ADJ	A1
929	ett hår	волосы	NOUN	A2
930	regnig	дождливый	ADJ	-
931	en millimeter	миллиметр	NOUN	A1
932	en ekonomi	экономика	NOUN	A1
933	en idé	идея	NOUN	A1
934	äldre	старший, пожилой	ADJ	A1
935	i går	вчера	OTHER	-
936	att besluta	постановлять	VERB	A1
937	ett bolag	компания (фирма)	NOUN	A1
938	offentlig	общественный, публичный	ADJ	A1
939	en katt	кошка	NOUN	A1
940	ett dagis	детский сад	NOUN	B1
941	att kolla upp	проверить, разузнать	VERB	-
942	ett län	лен (область)	NOUN	A1
943	en blogg	блог	NOUN	A1
944	intresserad	заинтересованный	ADJ	A1
945	med hänsyn till	с учётом	OTHER	A2
946	just det	вот именно	OTHER	-
947	en resa	поездка	NOUN	A1
948	allvarlig	серьёзный	ADJ	A1
949	en tumme	большой палец	NOUN	B2
950	hur som helst	как бы то ни было	OTHER	A2
951	att leka	играть (о детях)	VERB	A2
952	att få nog	быть сытым по горло	VERB	-
953	en kunskap	знание	NOUN	A1
954	snarare	скорее	OTHER	A1
955	att ta fram	доставать, вырабатывать	VERB	-
956	en länk	ссылка	NOUN	A1
957	ett beroende	зависимость	NOUN	B2
958	ett pass	паспорт; смена	NOUN	A2
959	naturligtvis	естественно	OTHER	A1
960	statlig	государственный	ADJ	A1
961	bättre	лучше	OTHER	A1
962	en klocka	часы	NOUN	A1
963	trots allt	несмотря ни на что	OTHER	-
964	privat	частный	ADJ	A1
965	att spara	копить, экономить	VERB	A1
966	att drabba	поражать (о беде)	VERB	A1
967	i och med	в связи с	OTHER	B1
968	plötslig	внезапный	ADJ	B2
969	att styra	управлять	VERB	A1
970	emot	против, навстречу	OTHER	A1
971	dryg	с лишним; высокомерный	ADJ	B1
972	en musik	музыка	NOUN	A1
973	högt	громко, высоко	OTHER	A1
974	att komma igen	давай!, ну же!	VERB	-
975	en höst	осень	NOUN	A1
976	en insats	вклад, усилие	NOUN	A1
977	ovanlig	необычный	ADJ	A2
978	en söndag	воскресенье	NOUN	A1
979	värt	стоит (того)	OTHER	B1
980	att gråta	плакать	VERB	A2
981	att bestå	состоять, сохраняться	VERB	A1
982	september	сентябрь	NOUN	A1
983	en kvadratkilometer	квадратный километр	NOUN	-
984	att ställa upp	участвовать, выстраиваться	VERB	-
985	att lova	обещать	VERB	A1
986	att utgöra	составлять	VERB	A1
987	ett håll	сторона, направление	NOUN	A1
988	en förändring	изменение	NOUN	A1
989	en färg	цвет, краска	NOUN	A1
990	att utgå	исходить, выбывать	VERB	A1
991	ett ben	нога, кость	NOUN	A2
992	en aning	предчувствие, понятие	NOUN	A1
993	ett helvete	ад	NOUN	A2
994	en ändring	изменение, поправка	NOUN	A1
995	att förekomma	встречаться, происходить	VERB	A1
996	att fråga sig	задаваться вопросом	VERB	-
997	en grad	градус, степень	NOUN	A1
998	för att	чтобы	OTHER	A1
999	att låta bli	воздерживаться	VERB	-
1000	ett sjukhus	больница	NOUN	A2
1001	en rygg	спина	NOUN	A2
1002	eventuell	возможный	ADJ	A1
1003	att konstatera	констатировать	VERB	A1
1004	någonsin	когда-либо	OTHER	A1
1005	rak	прямой	ADJ	A2
1006	att anmäla	заявлять, сообщать в полицию	VERB	A1
1007	ett ex	бывший, бывшая	NOUN	-
1008	en tidning	газета	NOUN	A1
1009	ett djur	животное	NOUN	A1
1010	att beställa	заказывать	VERB	A2
1011	ett uppdrag	задание, поручение	NOUN	A1
1012	ordentlig	основательный, порядочный	ADJ	B1
1013	samtidigt som	в то время как	OTHER	A1
1014	herr	господин	NOUN	A1
1015	att samla	собирать	VERB	A1
1016	november	ноябрь	NOUN	A1
1017	ett steg	шаг	NOUN	A1
1018	att rekommendera	рекомендовать	VERB	A2
1019	en låt	песня	NOUN	A1
1020	oktober	октябрь	NOUN	A1
1021	ledsen	грустный, извиняющийся	ADJ	B1
1022	att tjäna	зарабатывать, служить	VERB	A1
1023	hemsk	ужасный	ADJ	A2
1024	en mängd	количество	NOUN	A1
1025	att införa	вводить	VERB	A1
1026	förmodligen	вероятно	OTHER	A1
1027	i och för sig	в сущности, само по себе	OTHER	A2
1028	en ungdom	молодёжь, юность	NOUN	A1
1029	att utsätta	подвергать	VERB	A1
1030	i samband med	в связи с	OTHER	A1
1031	naturlig	естественный	ADJ	A1
1032	en politiker	политик	NOUN	A1
1033	aktiv	активный	ADJ	A1
1034	förut	раньше, прежде	OTHER	A2
1035	att trycka	давить, печатать	VERB	A1
1036	perfekt	идеальный	ADJ	A2
1037	att kämpa	бороться	VERB	A1
1038	en medlem	член (организации)	NOUN	A1
1039	speciellt	особенно	OTHER	A1
1040	en gud	бог	NOUN	A1
1041	en jul	Рождество	NOUN	A2
1042	ifall	если, на случай	OTHER	A2
1043	att blanda	смешивать	VERB	A2
1044	att be om ursäkt	извиняться	VERB	-
1045	att acceptera	принимать, соглашаться	VERB	A1
1046	en chef	начальник	NOUN	A1
1047	en kontroll	контроль	NOUN	A1
1048	en bit	кусок	NOUN	A1
1049	att se fram emot	ждать с нетерпением	VERB	-
1050	i förhållande till	по сравнению с	OTHER	A2
1051	att bidra	способствовать	VERB	A1
1052	lik	похожий	ADJ	A1
1053	åh	ах!	OTHER	-
1054	min	мой	OTHER	A1
1055	att ta ansvar	брать ответственность	VERB	-
1056	en uppfattning	мнение, представление	NOUN	A1
1057	grym	жестокий; крутой (разг.)	ADJ	B1
1058	en invandrare	иммигрант	NOUN	A1
1059	en tillgång	доступ, ресурс	NOUN	A1
1060	ett avtal	договор	NOUN	A1
1061	att gifta sig	жениться, выходить замуж	VERB	-
1062	tio	десять	NUM	A1
1063	en forskning	исследование (наука)	NOUN	A1
1064	att begränsa	ограничивать	VERB	A2
1065	en hänsyn	внимание, учёт	NOUN	A2
1066	att få reda på	узнать	VERB	-
1067	mera	больше	OTHER	-
1068	ett ärende	дело, поручение	NOUN	A1
1069	en torsdag	четверг	NOUN	A1
1070	åtminstone	по крайней мере	OTHER	A1
1071	tillräckligt	достаточно	OTHER	A1
1072	betydlig	значительный	ADJ	C2
1073	en nyhet	новость	NOUN	A1
1074	att bli av	состояться	VERB	-
1075	en undersökning	исследование, опрос	NOUN	A1
1076	extra	дополнительный	ADJ	A1
1077	att råka	случайно (сделать)	VERB	A1
1078	att längta	тосковать, скучать	VERB	A2
1079	en kraft	сила	NOUN	A1
1080	att undvika	избегать	VERB	A1
1081	exempelvis	например	OTHER	A1
1082	en miljard	миллиард	NOUN	A1
1083	lokal	местный	ADJ	A1
1084	ett sammanhang	контекст, связь	NOUN	A1
1085	på gång	в процессе, готовится	ADJ	-
1086	seriös	серьёзный	ADJ	A2
1087	att slänga	выбрасывать	VERB	A2
1088	en sjukdom	болезнь	NOUN	A1
1089	på en gång	сразу	OTHER	-
1090	att pågå	продолжаться, идти	VERB	A1
1091	ett möte	встреча	NOUN	A1
1092	svag	слабый	ADJ	A1
1093	ett språk	язык	NOUN	A1
1094	att erbjuda	предлагать	VERB	A1
1095	fet	жирный, толстый	ADJ	B1
1096	en inkomst	доход	NOUN	A1
1097	en ordning	порядок	NOUN	A1
1098	att meddela	сообщать	VERB	A1
1099	betydligt	значительно	OTHER	A1
1100	en sol	солнце	NOUN	A1
1101	en rapport	доклад, отчёт	NOUN	A1
1102	att förvänta sig	ожидать	VERB	-
1103	att plocka	собирать, рвать	VERB	A2
1104	sällan	редко	OTHER	A1
1105	en omgivning	окружение, окрестности	NOUN	A2
1106	en källa	источник	NOUN	A1
1107	en röst	голос	NOUN	A1
1108	att satsa	делать ставку, вкладывать	VERB	A1
1109	att utföra	выполнять	VERB	A1
1110	ett tal	речь, число	NOUN	A1
1111	en verklighet	действительность	NOUN	A1
1112	en studie	исследование, этюд	NOUN	A1
1113	uppe	наверху, не спит	OTHER	A2
1114	att fylla år	отмечать день рождения	VERB	-
1115	att störa	мешать	VERB	A2
1116	en koll	контроль (разг.)	NOUN	A2
1117	att delta	участвовать	VERB	A1
1118	en storlek	размер	NOUN	A2
1119	att gissa	угадывать	VERB	A2
1120	en onsdag	среда (день)	NOUN	A1
1121	ihop med	вместе с	OTHER	-
1122	omöjlig	невозможный	ADJ	A1
1123	en rad	ряд, строка	NOUN	A1
1124	söt	милый, сладкий	ADJ	B1
1125	att lägga ut	выкладывать, тратить	VERB	-
1126	ett nät	сеть	NOUN	A1
1127	att förändra	изменять	VERB	A1
1128	en bakgrund	фон, происхождение	NOUN	A1
1129	en telefon	телефон	NOUN	A2
1130	en marknad	рынок	NOUN	A1
1131	aktuell	актуальный	ADJ	A1
1132	en rättighet	право (на что-то)	NOUN	A1
1133	kraftig	мощный, сильный	ADJ	A2
1134	en alkohol	алкоголь	NOUN	A2
1135	att skita	срать; плевать (разг.)	VERB	B1
1136	en behandling	лечение, обработка	NOUN	A1
1137	sist	последним	OTHER	A2
1138	plötsligt	вдруг	OTHER	A1
1139	inga problem	без проблем	OTHER	-
1140	att beröra	касаться, затрагивать	VERB	A2
1141	att vägra	отказываться	VERB	A1
1142	nationell	национальный	ADJ	A1
1143	arg	злой, сердитый	ADJ	A2
1144	därför att	потому что	OTHER	A1
1145	en siffra	цифра	NOUN	A1
1146	jävlig	паршивый	ADJ	-
1147	att kasta	бросать	VERB	A1
1148	ett besök	визит	NOUN	A1
1149	på allvar	всерьёз	OTHER	-
1150	ärlig	честный	ADJ	A2
1151	totalt	полностью, всего	OTHER	A1
1152	att skratta	смеяться	VERB	A2
1153	en fot	ступня, фут	NOUN	A1
1154	en död	смерть	NOUN	A1
1155	en bedömning	оценка	NOUN	A1
1156	att ladda	заряжать, загружать	VERB	A2
1157	att avsluta	заканчивать	VERB	A1
1158	ett ägg	яйцо	NOUN	A1
1159	att sänka	понижать	VERB	A1
1160	mysig	уютный	ADJ	B1
1161	så att säga	так сказать	OTHER	B1
1162	angående	касательно	OTHER	A2
1163	personlig	личный	ADJ	A1
1164	rejäl	основательный, солидный	ADJ	A2
1165	ett medel	средство	NOUN	A1
1166	tom	пустой	ADJ	A2
1167	en resurs	ресурс	NOUN	A1
1168	ett samarbete	сотрудничество	NOUN	A1
1169	ett krig	война	NOUN	A1
1170	att förstöra	разрушать, портить	VERB	A2
1171	frisk	здоровый	ADJ	A2
1172	att skydda	защищать	VERB	A1
1173	varken ... eller	ни ..., ни	OTHER	A1
1174	så klart	конечно	OTHER	-
1175	en sort	сорт	NOUN	A1
1176	nyss	только что	OTHER	A2
1177	att ha sitt	иметь своё (о плюсах)	VERB	-
1178	en produkt	продукт	NOUN	A1
1179	rent	чисто, совершенно	OTHER	A1
1180	en brist	нехватка	NOUN	A1
1181	en jord	земля	NOUN	A1
1182	så där	так себе	ADJ	-
1183	samtlig	все (без исключения)	ADJ	A1
1184	att reagera	реагировать	VERB	A2
1185	en förskola	детский сад	NOUN	A2
1186	emellertid	однако	OTHER	A1
1187	usch	фу!	OTHER	B2
1188	hittills	до сих пор	OTHER	A1
1189	att ta slut	заканчиваться	VERB	-
1190	ett vis	способ	NOUN	A1
1191	att redovisa	отчитываться	VERB	A2
1192	förr	раньше (в прошлом)	OTHER	A2
1193	att hävda	утверждать	VERB	A1
1194	att tillåta	разрешать	VERB	A1
1195	en orsak	причина	NOUN	A1
1196	en vinst	прибыль, выигрыш	NOUN	A1
1197	galen	сумасшедший	ADJ	A2
1198	nödvändig	необходимый	ADJ	A1
1199	enorm	огромный	ADJ	A1
1200	en serie	серия	NOUN	A1
1201	en proposition	законопроект	NOUN	A2
1202	inte minst	не в последнюю очередь	OTHER	A1
1203	ovan	выше (в тексте)	OTHER	A1
1204	att sprida	распространять	VERB	A1
1205	rimlig	разумный	ADJ	A1
1206	en middag	ужин	NOUN	A2
1207	så kallad	так называемый	OTHER	A1
1208	att gå med	присоединяться	VERB	-
1209	en kyrka	церковь	NOUN	A1
1210	att hjälpa till	помогать	VERB	-
1211	att tillhöra	принадлежать	VERB	A1
1212	en bank	банк	NOUN	A1
1213	att hantera	обращаться, справляться	VERB	A1
1214	ful	некрасивый	ADJ	A2
1215	en medicin	лекарство	NOUN	A2
1216	en klass	класс	NOUN	A1
1217	antagligen	вероятно	OTHER	A2
1218	tvungen	вынужденный	ADJ	-
1219	att sätta igång	начинать, запускать	VERB	-
1220	himla	ужасно, страшно (разг.)	OTHER	B1
1221	en huvudsak	главное	NOUN	C1
1222	att bedöma	оценивать	VERB	A1
1223	att döda	убивать	VERB	A1
1224	en tisdag	вторник	NOUN	A1
1225	en träning	тренировка	NOUN	A2
1226	så pass	настолько	OTHER	B1
1227	relativ	относительный	ADJ	B2
1228	förstås	конечно	OTHER	A1
1229	att oroa	беспокоить	VERB	A2
1230	hela dagen	весь день	OTHER	-
1231	en buss	автобус	NOUN	A2
1232	kär	влюблённый, дорогой	ADJ	A2
1233	en miljö	окружающая среда	NOUN	A1
1234	att ta det lugnt	не торопиться, успокоиться	VERB	-
1235	anonym	анонимный	ADJ	A2
1236	en idiot	идиот	NOUN	B1
1237	fullt	полностью	OTHER	A1
1238	fy	фу!	OTHER	-
1239	oavsett	независимо от	OTHER	A1
1240	att lyfta	поднимать	VERB	A1
1241	jävligt	чертовски	OTHER	-
1242	att begära	требовать	VERB	A2
1243	att dela sig	делиться (на части)	VERB	-
1244	att uppskatta	ценить, оценивать	VERB	A2
1245	en sanning	правда	NOUN	A1
1246	allmänt	в целом, обычно	OTHER	A1
1247	en far	отец	NOUN	A1
1248	ett forum	форум	NOUN	A2
1249	en kultur	культура	NOUN	A1
1250	duktig	способный, умелый	ADJ	A2
1251	känd	известный	ADJ	A1
1252	en säkerhet	безопасность	NOUN	A1
1253	att stödja	поддерживать	VERB	A1
1254	ett kön	пол (м/ж)	NOUN	A2
1255	en dörr	дверь	NOUN	A1
1256	att ställa in	отменять, настраивать	VERB	-
1257	medveten	осознающий	ADJ	A1
1258	en hemsida	сайт	NOUN	A1
1259	att gå till	проходить, происходить	VERB	-
1260	en muslim	мусульманин	NOUN	A1
1261	en energi	энергия	NOUN	A1
1262	internet	интернет	NOUN	A1
1263	senast	самое позднее, недавно	OTHER	-
1264	en affär	магазин, сделка	NOUN	A2
1265	en kram	объятие	NOUN	B1
1266	i form av	в виде	OTHER	A1
1267	fysisk	физический	ADJ	A1
1268	en handling	действие, документ	NOUN	A1
1269	att framgå	явствовать	VERB	A1
1270	en jätte	великан	NOUN	B1
1271	att dyka	нырять	VERB	A1
1272	ett samtal	разговор	NOUN	A1
1273	i år	в этом году	OTHER	A1
1274	på så sätt	таким образом	OTHER	A2
1275	att upptäcka	обнаруживать	VERB	A1
1276	märklig	странный	ADJ	A2
1277	att byta ut	заменять	VERB	-
1278	numera	нынче	OTHER	A1
1279	grov	грубый	ADJ	A2
1280	vad som helst	что угодно	OTHER	B1
1281	ledig	свободный	ADJ	A2
1282	antingen ... eller	либо ..., либо	OTHER	A1
1283	att njuta	наслаждаться	VERB	A2
1284	en skog	лес	NOUN	A1
1285	en metod	метод	NOUN	A1
1286	en kritik	критика	NOUN	A1
1287	en semester	отпуск	NOUN	A2
1288	en fördel	преимущество	NOUN	A1
1289	sugen	жаждущий, охочий	ADJ	-
1290	vad gäller	что касается	OTHER	A1
1291	någonstans	где-нибудь	OTHER	A2
1292	en region	регион	NOUN	A1
1293	kommunal	муниципальный	ADJ	A2
1294	en video	видео	NOUN	A2
1295	att sköta	заботиться, вести	VERB	A1
1296	en bostad	жильё	NOUN	A2
1297	en kund	клиент	NOUN	A1
1298	en start	старт	NOUN	A2
1299	därefter	после этого	OTHER	A1
1300	grön	зелёный	ADJ	A1
1301	ett tillstånd	разрешение, состояние	NOUN	A1
1302	ett projekt	проект	NOUN	A1
1303	en bror	брат	NOUN	A2
1304	ett våld	насилие	NOUN	A1
1305	ett ansikte	лицо	NOUN	A1
1306	en butik	магазин	NOUN	A2
1307	en kurs	курс	NOUN	A2
1308	att träda i kraft	вступать в силу	VERB	-
1309	amerikansk	американский	ADJ	A1
1310	dagen efter	на следующий день	OTHER	-
1311	en ö	остров	NOUN	A1
1312	en makt	власть	NOUN	A1
1313	teknisk	технический	ADJ	A1
1314	generell	общий	ADJ	A2
1315	att erkänna	признавать	VERB	A1
1316	en individ	индивид	NOUN	A1
1317	en terräng	местность	NOUN	B2
1318	att behålla	сохранять	VERB	A1
1319	att sätta upp	устанавливать	VERB	-
1320	förresten	кстати	OTHER	A2
1321	att fira	праздновать	VERB	A2
1322	tydligt	ясно	OTHER	A1
1323	hårt	сильно, жёстко	OTHER	A1
1324	en part	сторона (в споре)	NOUN	A1
1325	en konsekvens	последствие	NOUN	A1
1326	en lunch	обед	NOUN	A2
1327	att lägga fram	представлять	VERB	-
1328	ett kaffe	кофе	NOUN	A2
1329	att vara till	существовать для	VERB	-
1330	oerhörd	необычайный	ADJ	B1
1331	för tidig	преждевременный	ADJ	-
1332	att lida	страдать	VERB	A2
1333	att pröva	пробовать, испытывать	VERB	A2
1334	ett yrkande	требование, ходатайство	NOUN	A2
1335	okej	окей	OTHER	B1
1336	vare sig	ни ..., ни	OTHER	A2
1337	effektiv	эффективный	ADJ	A1
1338	likadan	одинаковый	ADJ	B1
1339	en mark	почва, земля	NOUN	A1
1340	ett dygn	сутки	NOUN	A2
1341	en arbetsgivare	работодатель	NOUN	A1
1342	psykisk	психический	ADJ	A2
1343	en domstol	суд	NOUN	A1
1344	en modell	модель	NOUN	A1
1345	lycklig	счастливый	ADJ	A2
1346	en syster	сестра	NOUN	A2
1347	gratis	бесплатно	OTHER	A2
1348	att växa upp	вырастать	VERB	-
1349	att bereda	готовить	VERB	A2
1350	en patient	пациент	NOUN	A2
1351	tacksam	благодарный	ADJ	A2
1352	en andel	доля	NOUN	A1
1353	beträffande	относительно	OTHER	A2
1354	till skillnad från	в отличие от	OTHER	-
1355	sådär	так себе	OTHER	B1
1356	att förvåna	удивлять	VERB	B1
1357	att slå sig	ушибиться; осесть	VERB	-
1358	ett bevis	доказательство	NOUN	A1
1359	att utnyttja	использовать (выгодно)	VERB	A1
1360	en allmänhet	общественность	NOUN	A2
1361	ett allvar	серьёзность	NOUN	A1
1362	en bilaga	приложение	NOUN	A2
1363	en synd	жаль; грех	NOUN	A2
1364	en mjölk	молоко	NOUN	B1
1365	allra	самый (усилит.)	OTHER	A1
1366	en syn	зрение, взгляд	NOUN	A1
1367	torde	вероятно, должно быть	VERB	A2
1368	en unge	ребёнок (разг.)	NOUN	A1
1369	att presentera	представлять	VERB	A1
1370	lämplig	подходящий	ADJ	A1
1371	en ångest	тревога	NOUN	A2
1372	att räknas	считаться	VERB	-
1373	densamma	тот же самый	OTHER	A2
1374	oerhört	невероятно	OTHER	A1
1375	en partner	партнёр	NOUN	A2
1376	att gå hem	идти домой	VERB	-
1377	en hälsa	здоровье	NOUN	A2
1378	således	таким образом	OTHER	A1
1379	ett villkor	условие	NOUN	A1
1380	nyfiken	любопытный	ADJ	A2
1381	att godkänna	одобрять	VERB	A2
1382	att förbättra	улучшать	VERB	A1
1383	en händelse	событие	NOUN	A1
1384	djup	глубокий	ADJ	A1
1385	att höra av sig	давать о себе знать	VERB	-
1386	relativt	относительно	OTHER	A1
1387	undan	в сторону, прочь	OTHER	A2
1388	självklart	само собой	OTHER	A1
1389	att låna	брать взаймы, давать взаймы	VERB	A2
1390	en granne	сосед	NOUN	A2
1391	i praktiken	на практике	OTHER	-
1392	motsvarande	соответствующий	ADJ	A1
1393	ett väder	погода	NOUN	A2
1394	ett minne	память	NOUN	A1
1395	en fotboll	футбол	NOUN	A2
1396	att skriva ut	распечатывать, выписывать	VERB	-
1397	en sekund	секунда	NOUN	A2
1398	var och en	каждый	OTHER	A2
1399	ett tåg	поезд	NOUN	A2
1400	ständigt	постоянно	OTHER	A1
1401	att koppla	подключать	VERB	A2
1402	ett argument	аргумент	NOUN	A1
1403	att le	улыбаться	VERB	A2
1404	europeisk	европейский	ADJ	A1
1405	en info	инфо	NOUN	B1
1406	en klubb	клуб	NOUN	A2
1407	att tala om	рассказывать	VERB	-
1408	att ta över	перенимать	VERB	-
1409	en provins	провинция	NOUN	B1
1410	utifrån	исходя из	OTHER	A1
1411	att höja	повышать	VERB	A1
1412	att boka	бронировать	VERB	A2
1413	en arm	рука	NOUN	A2
1414	ett landsting	ландстинг (губ. совет)	NOUN	A2
1415	att klaga	жаловаться	VERB	A2
1416	smart	умный	ADJ	A2
1417	en soffa	диван	NOUN	B1
1418	nere	внизу	OTHER	A2
1419	att väcka	будить	VERB	A1
1420	att närma sig	приближаться	VERB	A2
1421	ett anslag	ассигнование	NOUN	A2
1422	att uttala	произносить	VERB	A2
1423	ute efter	охотиться за	ADJ	-
1424	att glömma bort	забывать	VERB	-
1425	att komma igång	начинаться, раскачаться	VERB	-
1426	osäker	неуверенный	ADJ	A2
1427	en förening	общество, объединение	NOUN	A1
1428	ett hopp	надежда, прыжок	NOUN	A2
1429	en värk	боль (ноющая)	NOUN	B2
1430	att lita	доверять	VERB	A2
1431	att beräkna	рассчитывать	VERB	A2
1432	att återkomma	возвращаться	VERB	A2
1433	ett prov	проба, экзамен	NOUN	A2
1434	sexuell	сексуальный	ADJ	A1
1435	att rädda	спасать	VERB	A1
1436	en lagstiftning	законодательство	NOUN	A1
1437	en religion	религия	NOUN	A1
1438	att bedriva	вести (деятельность)	VERB	A1
1439	med hjälp av	с помощью	OTHER	A1
1440	att tolka	толковать	VERB	A1
1441	tuff	крутой, жёсткий	ADJ	A2
1442	ett beteende	поведение	NOUN	A2
1443	i allmänhet	в целом	OTHER	A2
1444	tvärtom	наоборот	OTHER	A1
1445	fruktansvärd	ужасный	ADJ	B1
1446	det vill säga	то есть	OTHER	A1
1447	en häst	лошадь	NOUN	A1
1448	ett hot	угроза	NOUN	A1
1449	mörk	тёмный	ADJ	A2
1450	att dra in	втягивать, изымать	VERB	-
1451	ett undantag	исключение	NOUN	A1
1452	att påpeka	указывать	VERB	A1
1453	strax	сейчас, скоро	OTHER	A2
1454	att medföra	влечь за собой	VERB	A1
1455	onödig	ненужный	ADJ	A2
1456	att laga	чинить, готовить	VERB	A2
1457	en socialdemokrat	социал-демократ	NOUN	A1
1458	en mor	мать	NOUN	A1
1459	en majoritet	большинство	NOUN	A1
1460	från och med	начиная с	OTHER	A2
1461	ett nummer	номер	NOUN	A1
1462	att stå sig	сохранять силу	VERB	-
1463	vår	наш	OTHER	A1
1464	att förbjuda	запрещать	VERB	A2
1465	personligen	лично	OTHER	A2
1466	att vila	отдыхать	VERB	A2
1467	en statistik	статистика	NOUN	A2
1468	en följd	следствие	NOUN	A1
1469	ett papper	бумага	NOUN	A2
1470	tagen	взятый	ADJ	-
1471	under tiden	в течение этого времени	OTHER	-
1472	en avgift	плата, сбор	NOUN	A2
1473	ett universitet	университет	NOUN	A1
1474	att sjunga	петь	VERB	A2
1475	en post	почта, пост	NOUN	A1
1476	ett verk	произведение, завод	NOUN	A1
1477	en dröm	мечта, сон	NOUN	A2
1478	uppenbar	очевидный	ADJ	A1
1479	en sko	ботинок, туфля	NOUN	A2
1480	en ställning	положение, позиция	NOUN	A1
1481	cirka	около, примерно	OTHER	A1
1482	en förklaring	объяснение	NOUN	A1
1483	ett blod	кровь	NOUN	A2
1484	att lägga till	добавлять	VERB	-
1485	att inleda	начинать, вводить	VERB	A1
1486	ett skydd	защита	NOUN	A1
1487	att mäta	измерять	VERB	A2
1488	att uppstå	возникать	VERB	A1
1489	en smärta	боль	NOUN	A2
1490	att tillämpa	применять	VERB	A1
1491	ett betänkande	заключение комитета	NOUN	-
1492	på förhand	заранее	OTHER	-
1493	i natt	сегодня ночью	OTHER	B2
1494	att utvecklas	развиваться	VERB	-
1495	starkt	сильно	OTHER	A1
1496	ett ljus	свет	NOUN	A1
1497	en gubbe	старик, мужичок	NOUN	A2
1498	att kolla in	проверить, глянуть	VERB	-
1499	att ljuga	лгать	VERB	A2
1500	att kommentera	комментировать	VERB	A1
1501	att hota	угрожать	VERB	A1
1502	att plugga	зубрить, учиться	VERB	B1
1503	att peka	указывать (пальцем)	VERB	A1
1504	en sjukvård	здравоохранение	NOUN	A2
1505	en el	электричество	NOUN	A1
1506	att träffas	встречаться	VERB	-
1507	att tvätta	стирать, мыть	VERB	B1
1508	att agera	действовать	VERB	A1
1509	vem som helst	кто угодно	OTHER	B1
1510	en summa	сумма	NOUN	A2
1511	en mun	рот	NOUN	A1
1512	praktisk	практичный	ADJ	A2
1513	en hjärna	мозг	NOUN	A2
1514	att anställa	нанимать	VERB	A2
1515	japp	ага, да	OTHER	-
1516	att riskera	рисковать	VERB	A1
1517	tyst	тихий	ADJ	A2
1518	ett straff	наказание	NOUN	A2
1519	över huvud taget	вообще	OTHER	A2
1520	att kika	поглядывать	VERB	B1
1521	trist	грустный, унылый	ADJ	B1
1522	efteråt	после, потом	OTHER	A2
1523	en student	студент	NOUN	A1
1524	sur	кислый, хмурый	ADJ	B1
1525	en dom	приговор	NOUN	A1
1526	att stänga av	выключать	VERB	-
1527	ett lån	кредит, заём	NOUN	A2
1528	på egen hand	самостоятельно	OTHER	-
1529	en befolkning	население	NOUN	A1
1530	utav	из (разг.)	OTHER	A2
1531	att hänga med	поспевать, идти вместе	VERB	-
1532	att uttrycka	выражать	VERB	A1
1533	att umgås	общаться, проводить время	VERB	A2
1534	att spela in	записывать	VERB	-
1535	helt och hållet	целиком и полностью	OTHER	-
1536	en ram	рамка	NOUN	A2
1537	en kommitté	комитет	NOUN	A2
1538	en fest	праздник, вечеринка	NOUN	A2
1539	ett material	материал	NOUN	A1
1540	att ta reda på	выяснить	VERB	-
1541	i början	вначале	OTHER	A1
1542	ett tecken	знак	NOUN	A1
1543	att smaka	пробовать на вкус	VERB	A2
1544	en ägare	владелец	NOUN	A2
1545	visserligen	правда, конечно (уступ.)	OTHER	A1
1546	ett syskon	брат или сестра	NOUN	B1
1547	sönder	сломанный, вдребезги	OTHER	A2
1548	en medborgare	гражданин	NOUN	A1
1549	äcklig	отвратительный	ADJ	A2
1550	välkommen	добро пожаловать	ADJ	A2
1551	fy fan	тьфу ты!	OTHER	-
1552	att ersätta	заменять, возмещать	VERB	A1
1553	ett gäng	компания, банда	NOUN	A2
1554	en förmåga	способность	NOUN	A1
1555	att sticka	колоть; уходить (разг.)	VERB	A2
1556	en längd	длина, рост	NOUN	A2
1557	att vela	колебаться	VERB	-
1558	en hälft	половина	NOUN	A2
1559	vettig	разумный	ADJ	A2
1560	att anpassa	приспосабливать	VERB	A2
1561	att stiga	подниматься	VERB	A1
1562	en ledning	руководство	NOUN	A1
1563	ett konto	счёт (банк.)	NOUN	A2
1564	en kollega	коллега	NOUN	A2
1565	att sätta ut	выставлять, сажать (растения)	VERB	-
1566	en styrelse	правление	NOUN	A1
1567	tack vare	благодаря	OTHER	A2
1568	i morse	сегодня утром	OTHER	B1
1569	att bevisa	доказывать	VERB	A2
1570	att bilda	образовывать	VERB	A1
1571	blå	синий	ADJ	A2
1572	tusentals	тысячи	OTHER	A1
1573	ett vin	вино	NOUN	A2
1574	en flaska	бутылка	NOUN	B1
1575	långt ifrån	далеко не	OTHER	-
1576	förhoppningsvis	надеюсь	OTHER	A2
1577	en sjö	озеро	NOUN	A2
1578	att ge ut	издавать	VERB	-
1579	att ta till	прибегать к	VERB	-
1580	definitiv	окончательный	ADJ	C1
1581	en vinter	зима	NOUN	A2
1582	en ordförande	председатель	NOUN	A1
1583	att rikta	направлять	VERB	A2
1584	att stå ut	выносить, терпеть	VERB	-
1585	med stöd av	на основании	OTHER	B1
1586	tidigt	рано	OTHER	A2
1587	i kraft	в силе	OTHER	-
1588	en vägg	стена	NOUN	A2
1589	ständig	постоянный	ADJ	A2
1590	överallt	повсюду	OTHER	A2
1591	omkring	вокруг, около	OTHER	A1
1592	fullständig	полный	ADJ	A2
1593	utländsk	иностранный	ADJ	A1
1594	till och från	то и дело, туда и обратно	OTHER	-
1595	mobil	мобильный	ADJ	B1
1596	att besöka	посещать	VERB	A1
1597	framåt	вперёд	OTHER	A1
1598	en svenska	шведский язык	NOUN	A2
1599	en ort	населённый пункт	NOUN	A1
1600	att skämmas	стыдиться	VERB	A2
1601	att ordna	устраивать	VERB	A2
1602	enkelt	просто	OTHER	A2
1603	bred	широкий	ADJ	A1
1604	i detta fall	в этом случае	OTHER	-
1605	en frukost	завтрак	NOUN	A2
1606	ett mord	убийство	NOUN	A2
1607	att övertyga	убеждать	VERB	B1
1608	ett försvar	защита, оборона	NOUN	A1
1609	i kväll	сегодня вечером	OTHER	-
1610	en cykel	велосипед	NOUN	A2
1611	en aktie	акция	NOUN	A2
1612	en teknik	техника	NOUN	A1
1613	ett belopp	сумма	NOUN	A2
1614	så när	почти	OTHER	-
1615	i tid	вовремя	OTHER	-
1616	för tillfället	на данный момент	OTHER	-
1617	att åka dit	поехать туда	VERB	-
1618	en natur	природа	NOUN	A1
1619	en ursäkt	извинение, оправдание	NOUN	A2
1620	en smak	вкус	NOUN	A2
1621	ett golv	пол	NOUN	A2
1622	en intervju	интервью	NOUN	A1
1623	en kvalitet	качество	NOUN	A1
1624	en teori	теория	NOUN	A1
1625	ett fängelse	тюрьма	NOUN	A1
1626	dubbel	двойной	ADJ	A2
1627	en utsträckning	степень, мера	NOUN	A2
1628	att tyckas	казаться	VERB	-
1629	trygg	безопасный, спокойный	ADJ	A2
1630	en demokrati	демократия	NOUN	A1
1631	att skaffa sig	обзаводиться	VERB	-
1632	att begå	совершать (преступл.)	VERB	A2
1633	en drog	наркотик	NOUN	A2
1634	att ifrågasätta	ставить под сомнение	VERB	A1
1635	ett snitt	среднее; разрез	NOUN	A2
1636	en slutsats	вывод	NOUN	A1
1637	att flyga	летать	VERB	A2
1638	en linje	линия	NOUN	A1
1639	att uppdatera	обновлять	VERB	B1
1640	att föredra	предпочитать	VERB	A2
1641	nyligen	недавно	OTHER	A1
1642	att kontakta	связываться	VERB	A2
1643	högst	максимум	OTHER	-
1644	uppenbarligen	очевидно	OTHER	A2
1645	sju	семь	NUM	A1
1646	vänster	левый	ADJ	A1
1647	att skylla	винить	VERB	A2
1648	i slutet	в конце	OTHER	A2
1649	ett paket	посылка, пакет	NOUN	A2
1650	tusen	тысяча	NUM	A1
1651	ett brev	письмо	NOUN	A1
1652	en länsstyrelse	губернское правление	NOUN	A2
1653	att uppfatta	воспринимать	VERB	A1
1654	vars	чей, которого	OTHER	-
1655	att utreda	расследовать	VERB	A2
1656	en förordning	постановление	NOUN	A2
1657	att syfta	иметь в виду, нацеливаться	VERB	A2
1658	ett vapen	оружие	NOUN	A1
1659	drygt	с лишним	OTHER	A2
1660	en oro	беспокойство	NOUN	A2
1661	en mil	миля (10 км)	NOUN	A2
1662	att städa	убирать	VERB	B1
1663	en funktion	функция	NOUN	A1
1664	stolt	гордый	ADJ	A2
1665	kristen	христианский	ADJ	A1
1666	ett innehåll	содержание	NOUN	A1
1667	att känna av	ощущать	VERB	-
1668	jaha	вот как, ага	OTHER	-
1669	ett uttryck	выражение	NOUN	A1
1670	att fatta beslut	принимать решение	VERB	-
1671	ett piratparti	Пиратская партия	NOUN	A2
1672	otroligt	невероятно	OTHER	A2
1673	roligt	весело	OTHER	A2
1674	en skuld	долг, вина	NOUN	A2
1675	korrekt	корректный	ADJ	A2
1676	att uttala sig	высказываться	VERB	-
1677	troligen	вероятно	OTHER	A2
1678	en vardag	будни	NOUN	A2
1679	att studera	учиться, изучать	VERB	A1
1680	en abort	аборт	NOUN	B1
1681	misstänkt	подозрительный	ADJ	A2
1682	mänsklig	человеческий	ADJ	A1
1683	ett direktiv	директива	NOUN	A1
1684	att uppge	сообщать, указывать	VERB	A2
1685	för närvarande	в настоящее время	OTHER	A2
1686	ett besked	известие, ответ	NOUN	A2
1687	att sjunka	тонуть, опускаться	VERB	A2
1688	en journalist	журналист	NOUN	A1
1689	att klä	одевать	VERB	B1
1690	ända	вплоть, до самого	OTHER	A1
1691	ett band	лента, связь; группа	NOUN	A1
1692	att säga upp	увольнять, расторгать	VERB	-
1693	för den delen	если на то пошло	OTHER	-
1694	att sända	посылать, транслировать	VERB	A1
1695	nordisk	северный (скандинав.)	ADJ	A2
1696	ett fett	жир	NOUN	B1
1697	en analys	анализ	NOUN	A1
1698	allting	всё	OTHER	A2
1699	en tand	зуб	NOUN	A2
1700	nån gång	когда-нибудь	OTHER	-
1701	en synpunkt	точка зрения	NOUN	A2
1702	att krama	обнимать	VERB	B2
1703	en kilometer	километр	NOUN	A2
1704	utöver	сверх	OTHER	A2
1705	att kontrollera	проверять	VERB	A1
1706	modern	современный	ADJ	A1
1707	en inställning	отношение, настройка	NOUN	A2
1708	en luft	воздух	NOUN	A2
1709	att tillägga	добавлять	VERB	A2
1710	att passa på	пользоваться случаем	VERB	-
1711	ett berg	гора	NOUN	A2
1712	ett begrepp	понятие	NOUN	A1
1713	en gata	улица	NOUN	A1
1714	att visa upp	показывать, демонстрировать	VERB	-
1715	en respekt	уважение	NOUN	A2
1716	kommande	предстоящий	ADJ	A1
1717	att bekräfta	подтверждать	VERB	A2
1718	att påminna	напоминать	VERB	A2
1719	ett köp	покупка	NOUN	A2
1720	i efterhand	задним числом	OTHER	-
1721	en lust	желание	NOUN	A2
1722	att passa sig	быть осторожным	VERB	-
1723	flera	несколько	OTHER	A1
1724	jättebra	отличный	ADJ	B1
1725	att få rätt	оказаться правым	VERB	-
1726	ett missfall	выкидыш	NOUN	C2
1727	en tävling	соревнование	NOUN	A2
1728	klok	мудрый	ADJ	A2
1729	en ledare	лидер	NOUN	A1
1730	en högskola	вуз	NOUN	A2
1731	svårt	трудно	OTHER	A2
1732	en favorit	любимец	NOUN	A2
1733	ett finger	палец	NOUN	A2
1734	att lukta	пахнуть, нюхать	VERB	B1
1735	till följd av	вследствие	OTHER	-
1736	att handlägga	рассматривать (дело)	VERB	B2
1737	att försvara	защищать	VERB	A1
1738	att trivas	нравиться, хорошо себя чувствовать	VERB	A2
1739	en sömn	сон	NOUN	B1
1740	en jude	еврей	NOUN	A1
1741	en praktik	практика	NOUN	A1
1742	varannan	каждый второй	OTHER	B2
1743	en fika	перерыв на кофе	NOUN	B2
1744	att publicera	публиковать	VERB	A1
1745	och så vidare	и так далее	OTHER	A1
1746	att basera	основывать	VERB	A2
1747	att vidta	принимать (меры)	VERB	A2
1748	att förlåta	прощать	VERB	B1
1749	saker och ting	всякие вещи	OTHER	-
1750	att bita	кусать	VERB	B1
1751	en art	вид (биол.)	NOUN	A1
1752	en stil	стиль	NOUN	A2
1753	het	горячий	ADJ	A2
1754	att känna till	знать о	VERB	-
1755	att ändra sig	передумать	VERB	-
1756	att uppnå	достигать	VERB	A1
1757	att ta hänsyn	учитывать	VERB	-
1758	att ladda ner	скачивать	VERB	-
1759	ett foto	фото	NOUN	A1
1760	att ta på sig	надевать; брать на себя	VERB	-
1761	något	что-то, немного	OTHER	A2
1762	att ägna	посвящать	VERB	A1
1763	förbannad	злой, разъярённый	ADJ	B1
1764	att äga rum	состояться	VERB	-
1765	beredd	готовый (к чему-то)	ADJ	-
1766	färdig	готовый, законченный	ADJ	A2
1767	ett glas	стекло, стакан	NOUN	A2
1768	som vanligt	как обычно	OTHER	A2
1769	att lura	обманывать	VERB	A2
1770	att stärka	укреплять	VERB	A1
1771	ett ljud	звук	NOUN	A2
1772	att lugna sig	успокоиться	VERB	-
1773	att ta hem	брать домой	VERB	-
1774	en riktning	направление	NOUN	A2
1775	regional	региональный	ADJ	A1
1776	en frihet	свобода	NOUN	A1
1777	alltför	слишком	OTHER	A1
1778	sjukt	жутко, очень (разг.)	OTHER	-
1779	ett märke	марка, отметка	NOUN	A2
1780	en dos	доза	NOUN	B1
1781	en promenad	прогулка	NOUN	A2
1782	utmärkt	отлично	OTHER	B2
1783	att framhålla	подчёркивать	VERB	A2
1784	ett kilo	килограмм	NOUN	-
1785	dåligt	плохо	OTHER	A2
1786	ett bord	стол	NOUN	A2
1787	att saknas	отсутствовать	VERB	-
1788	att föreligga	иметься, наличествовать	VERB	A2
1789	tjock	толстый	ADJ	B1
1790	att drömma	мечтать, видеть сны	VERB	A2
1791	att blanda in	впутывать	VERB	-
1792	stackars	бедный (жалкий)	ADJ	B1
1793	att dela ut	раздавать	VERB	-
1794	att gripa	хватать, арестовывать	VERB	A2
1795	rik	богатый	ADJ	A1
1796	skyldig	виноватый, обязанный	ADJ	A2
1797	att säga till	сказать, предупредить	VERB	-
1798	en moderat	умеренный (партия)	NOUN	A1
1799	ett öra	ухо	NOUN	A2
1800	att existera	существовать	VERB	A1
1801	en öl	пиво	NOUN	A2
1802	nära nog	почти	OTHER	-
1803	en arbetsmarknad	рынок труда	NOUN	A1
1804	begränsad	ограниченный	ADJ	A1
1805	överhuvudtaget	вообще	OTHER	A2
1806	ett spår	след	NOUN	A1
1807	södra	южный	ADJ	A2
1808	att variera	варьироваться	VERB	A2
1809	en användning	использование	NOUN	A1
1810	ett kött	мясо	NOUN	A2
1811	att döma	судить	VERB	A1
1812	att koka	варить, кипятить	VERB	B1
1813	ett perspektiv	перспектива	NOUN	A1
1814	att hänvisa	ссылаться	VERB	A2
1815	rakt	прямо	OTHER	A2
1816	att notera	отмечать	VERB	A1
1817	att förutsätta	предполагать	VERB	A2
1818	delvis	частично	OTHER	A1
1819	ett betyg	оценка (школьная)	NOUN	A2
1820	en tröja	свитер	NOUN	B1
1821	att slita	изнашивать, тяжело трудиться	VERB	A2
1822	ett flertal	ряд, множество	NOUN	A1
1823	att låsa	запирать	VERB	A2
1824	ett hål	дыра	NOUN	A2
1825	vaken	бодрствующий	ADJ	B1
1826	åt helvete	к чёрту	OTHER	-
1827	att täcka	покрывать	VERB	A1
1828	ett kök	кухня	NOUN	A2
1829	att bränna	жечь	VERB	A2
1830	typisk	типичный	ADJ	A2
1831	att rapportera	докладывать	VERB	A2
1832	kraftigt	сильно	OTHER	A2
1833	att gå långt	заходить далеко	VERB	-
1834	en trafik	движение (транспорт)	NOUN	A2
1835	för det mesta	большей частью	OTHER	-
1836	en omfattning	объём	NOUN	A2
1837	att ta ställning	занимать позицию	VERB	-
1838	att göra slut	расставаться	VERB	-
1839	att laga mat	готовить еду	VERB	-
1840	i helvete	ни за что, чёрта с два	OTHER	-
1841	sannolik	вероятный	ADJ	B1
1842	utsatt	уязвимый	ADJ	A2
1843	en budget	бюджет	NOUN	A2
1844	att rulla	катиться	VERB	A2
1845	en rubrik	заголовок	NOUN	A2
1846	ett fokus	фокус	NOUN	A2
1847	kvinnlig	женский	ADJ	A2
1848	ett offer	жертва	NOUN	A1
1849	att klippa	стричь, резать	VERB	B1
1850	fullständigt	полностью	OTHER	A2
1851	en polare	приятель	NOUN	-
1852	besviken	разочарованный	ADJ	B1
1853	en lydelse	формулировка	NOUN	A2
1854	att skrämma	пугать	VERB	A2
1855	att förbereda	готовить, подготавливать	VERB	A2
1856	en åtta	восемь	NOUN	A1
1857	i fredags	в прошлую пятницу	OTHER	-
1858	ett guld	золото	NOUN	A2
1859	en reklam	реклама	NOUN	A2
1860	känslig	чувствительный	ADJ	A2
1861	en seger	победа	NOUN	A2
1862	att vänja sig	привыкать	VERB	-
1863	i regel	как правило	OTHER	-
1864	att motivera	мотивировать	VERB	A2
1865	nervös	нервный	ADJ	B2
1866	platt	плоский	ADJ	B2
1867	en olycka	несчастный случай	NOUN	A2
1868	en eftermiddag	после обеда	NOUN	A1
1869	ett tak	крыша, потолок	NOUN	A2
1870	en boll	мяч	NOUN	A2
1871	en by	деревня	NOUN	A1
1872	att måla	рисовать красками, красить	VERB	A2
1873	att hindra	мешать	VERB	A1
1874	en biljett	билет	NOUN	B1
1875	framtida	будущий	ADJ	A1
1876	att hålla i sig	продолжаться	VERB	-
1877	ett vattendrag	водоток (река, ручей)	NOUN	-
1878	att hända sig	случаться	VERB	-
1879	en förlust	потеря, убыток	NOUN	A2
1880	en dam	дама	NOUN	A2
1881	en flykting	беженец	NOUN	A2
1882	mot bakgrund av	на фоне	OTHER	-
1883	en omständighet	обстоятельство	NOUN	A2
1884	nu för tiden	нынче	OTHER	-
1885	en faktor	фактор	NOUN	A1
1886	en invandring	иммиграция	NOUN	A2
1887	att få för sig	взбрести в голову	VERB	-
1888	att ägna sig	заниматься	VERB	-
1889	en värme	тепло	NOUN	A2
1890	en våldtäkt	изнасилование	NOUN	A2
1891	en rörelse	движение	NOUN	A1
1892	att dra ut	вытягивать, затягиваться	VERB	-
1893	ett recept	рецепт	NOUN	B1
1894	därifrån	оттуда	OTHER	A2
1895	att lämna in	сдавать	VERB	-
1896	en anmälan	заявление, регистрация	NOUN	B1
1897	att komma överens	договариваться	VERB	-
1898	att orsaka	вызывать (причинять)	VERB	A2
1899	att stå upp	вставать	VERB	-
1900	ett godis	сладости	NOUN	B1
1901	en ledamot	член (собрания)	NOUN	A1
1902	att räkna ut	вычислять	VERB	-
1903	politiskt	политически	OTHER	A2
1904	en släkt	родня	NOUN	A2
1905	en tabell	таблица	NOUN	A2
1906	främsta	главный, лучший	ADJ	A2
1907	utomlands	за границей	OTHER	A2
1908	att råka ut	попасть (в беду)	VERB	-
1909	arbetslös	безработный	ADJ	A2
1910	djupt	глубоко	OTHER	A2
1911	att länka	давать ссылку	VERB	A1
1912	en president	президент	NOUN	A1
1913	på den tiden	в то время	OTHER	-
1914	norra	северный	ADJ	A2
1915	att tända	зажигать	VERB	B1
1916	i själva verket	на самом деле	OTHER	A2
1917	en ökning	увеличение	NOUN	A1
1918	att bry sig om	заботиться о	VERB	-
1919	att placera	размещать	VERB	A2
1920	en kommission	комиссия	NOUN	A1
1921	ett tryck	давление	NOUN	A1
1922	att sparka	пинать, увольнять	VERB	B1
1923	lös	свободный, незакреплённый	ADJ	A2
1924	en skyldighet	обязанность	NOUN	A2
1925	cool	крутой	ADJ	B1
1926	en produktion	производство	NOUN	A1
1927	en fart	скорость	NOUN	A2
1928	huvudsakligen	главным образом	OTHER	A2
1929	omfattande	обширный	ADJ	A1
1930	en fisk	рыба	NOUN	A2
1931	för fan	чёрт возьми!	OTHER	-
1932	ett uttalande	заявление	NOUN	A2
1933	en kamera	камера	NOUN	A2
1934	att hållas	проводиться	VERB	-
1935	en ränta	процентная ставка	NOUN	A2
1936	brun	коричневый	ADJ	B1
1937	att fokusera	фокусироваться	VERB	A2
1938	ut ur	из (наружу)	OTHER	-
1939	sannolikt	вероятно	OTHER	A2
1940	att förtjäna	заслуживать	VERB	A2
1941	att dra ner	снижать	VERB	-
1942	att undersöka	исследовать	VERB	A2
1943	fattig	бедный	ADJ	A1
1944	att överleva	выживать	VERB	A2
1945	en aktivitet	деятельность, занятие	NOUN	A1
1946	att komma ifrån	отделаться, отвлечься	VERB	-
1947	sedan dess	с тех пор	OTHER	-
1948	verklig	настоящий	ADJ	A1
1949	en feber	температура (жар)	NOUN	B2
1950	att ångra	сожалеть	VERB	B1
1951	ett datum	дата	NOUN	A2
1952	runt om	вокруг	OTHER	-
1953	redo	готовый	ADJ	A2
1954	att blöda	кровоточить	VERB	C1
1955	en snö	снег	NOUN	A2
1956	ett mod	мужество	NOUN	A2
1957	en föreskrift	предписание	NOUN	A2
1958	att gå sönder	ломаться	VERB	-
1959	en styrka	сила	NOUN	A1
1960	länge sedan	давно	OTHER	-
1961	en gång till	ещё раз	OTHER	-
1962	att nöja sig	довольствоваться	VERB	A2
1963	en konflikt	конфликт	NOUN	A1
1964	nja	ну, не совсем	OTHER	-
1965	framförallt	прежде всего	OTHER	-
1966	att fly	бежать, спасаться	VERB	A2
1967	förvånad	удивлённый	ADJ	A2
1968	en pojkvän	бойфренд	NOUN	B2
1969	att skicka in	отправлять, подавать	VERB	-
1970	att googla	гуглить	VERB	-
1971	fruktansvärt	ужасно	OTHER	B1
1972	en uppmärksamhet	внимание	NOUN	A2
1973	att utesluta	исключать	VERB	A2
1974	en amning	кормление грудью	NOUN	-
1975	att sträcka sig	простираться	VERB	-
1976	att göra skillnad	иметь значение, менять дело	VERB	-
1977	en jämförelse	сравнение	NOUN	A2
1978	ett videoklipp	видеоклип	NOUN	-
1979	varenda	каждый (без исключения)	OTHER	A1
1980	en process	процесс	NOUN	A1
1981	en åklagare	прокурор	NOUN	A2
1982	en version	версия	NOUN	A1
1983	en fastighet	недвижимость	NOUN	A2
1984	rosa	розовый	ADJ	B1
1985	gång på gång	раз за разом	OTHER	B1
1986	än en gång	ещё раз	OTHER	-
1987	tillfällig	временный	ADJ	A2
1988	att frysa	мёрзнуть, замораживать	VERB	B1
1989	att gifta	женить, выдавать замуж	VERB	A2
1990	en radio	радио	NOUN	A2
1991	desto	тем (более)	OTHER	A2
1992	väsentlig	существенный	ADJ	A2
1993	god morgon	доброе утро	OTHER	-
1994	en försäljning	продажа	NOUN	A2
1995	återigen	снова	OTHER	A1
1996	att lugna	успокаивать	VERB	B1
1997	att klicka	кликать	VERB	A1
1998	att fastna	застревать	VERB	A2
1999	en försäkring	страховка	NOUN	A2
2000	ett sms	смс	NOUN	B1
2001	en expert	эксперт	NOUN	A2
2002	en bana	дорожка, трасса	NOUN	A2
2003	tysk	немецкий	ADJ	A1
2004	att inträffa	случаться	VERB	A2
2005	en kung	король	NOUN	A1
2006	herregud	боже мой!	OTHER	B2
2007	falsk	фальшивый	ADJ	A2
2008	att prioritera	ставить в приоритет	VERB	A2
2009	åter	снова, обратно	OTHER	A1
2010	att betrakta	рассматривать	VERB	A1
2011	en islam	ислам	NOUN	A1
2012	en olja	масло (нефть)	NOUN	A2
2013	bekant	знакомый	ADJ	A2
2014	en skiva	диск, ломтик	NOUN	A1
2015	att grundlägga	основывать	VERB	-
2016	att locka	заманивать	VERB	A2
2017	en grabb	пацан	NOUN	B1
2018	en diagnos	диагноз	NOUN	B1
2019	ett misstag	ошибка	NOUN	A2
2020	att posta	постить, отправлять по почте	VERB	A2
2021	en reaktion	реакция	NOUN	A1
2022	en upplevelse	переживание, впечатление	NOUN	A2
2023	ja då	ну да	OTHER	-
2024	en hals	шея, горло	NOUN	B1
2025	ett miljöparti	Партия зелёных	NOUN	A2
2026	en blöja	подгузник	NOUN	-
2027	ett illamående	тошнота	NOUN	C1
2028	om inte annat	хотя бы	OTHER	-
2029	normalt	обычно	OTHER	A2
2030	dylik	подобный	ADJ	B1
2031	smal	узкий, худой	ADJ	A2
2032	ett fönster	окно	NOUN	A2
2033	så småningom	постепенно	OTHER	A2
2034	att reglera	регулировать	VERB	A2
2035	omedelbart	немедленно	OTHER	A2
2036	en karaktär	характер, персонаж	NOUN	A1
2037	att bjuda in	приглашать	VERB	-
2038	ett utrymme	пространство	NOUN	A2
2039	fritt	свободно	OTHER	A2
2040	ett påstående	утверждение	NOUN	A2
2041	frivillig	добровольный	ADJ	A2
2042	ett initiativ	инициатива	NOUN	A1
2043	att erhålla	получать	VERB	A2
2044	en allians	альянс	NOUN	A1
2045	en mormor	бабушка (по маме)	NOUN	B1
2046	upp och ner	вверх ногами	OTHER	B2
2047	en byxa	брюки	NOUN	B2
2048	grundläggande	основной	ADJ	A1
2049	annorlunda	иной, отличающийся	ADJ	A2
2050	beroende på	в зависимости от	OTHER	A2
2051	en ring	кольцо, круг	NOUN	A1
2052	tät	плотный, густой	ADJ	B1
2053	en investering	инвестиция	NOUN	A2
2054	till en början	поначалу	OTHER	-
2055	ingen fara	ничего страшного	OTHER	-
2056	att blåsa	дуть	VERB	A2
2057	en domare	судья	NOUN	A2
2058	att andas	дышать	VERB	B1
2059	en kompetens	компетенция	NOUN	A2
2060	en forskare	исследователь	NOUN	A1
2061	rysk	русский	ADJ	A1
2062	en detalj	деталь	NOUN	A2
2063	pinsam	неловкий	ADJ	B1
2064	att lära känna	познакомиться	VERB	-
2065	ett meddelande	сообщение	NOUN	A2
2066	ett gymnasium	гимназия	NOUN	A2
2067	ett avgörande	решение (решающее)	NOUN	B2
2068	att dölja	скрывать	VERB	A2
2069	hungrig	голодный	ADJ	B1
2070	tillgänglig	доступный	ADJ	A1
2071	en reservation	оговорка, бронь	NOUN	A2
2072	att tipsa	подсказывать	VERB	A2
2073	utom	кроме	OTHER	A1
2074	ett dugg	ни капли	OTHER	-
2075	hundra	сто	NUM	A1
2076	en app	приложение (app)	NOUN	-
2077	till stor del	в значительной степени	OTHER	-
2078	att gnälla	ныть	VERB	B1
2079	en satsning	ставка, вложение	NOUN	A2
2080	ett avstånd	расстояние	NOUN	A2
2081	att skära	резать	VERB	A2
2082	att kissa	писать (мочиться)	VERB	-
2083	hemskt	ужасно	OTHER	B1
2084	en industri	промышленность	NOUN	A2
2085	att utbilda	обучать	VERB	A2
2086	ett avseende	отношение (аспект)	NOUN	A2
2087	försiktig	осторожный	ADJ	B1
2088	ett lov	разрешение; каникулы	NOUN	A2
2089	att överväga	обдумывать	VERB	A2
2090	att gå igen	повторяться, узнаваться	VERB	-
2091	att tillkännage	объявлять	VERB	B1
2092	en scen	сцена	NOUN	A2
2093	att torka	сушить, вытирать	VERB	B1
2094	en stol	стул	NOUN	A1
2095	given	данный	ADJ	-
2096	att packa	паковать	VERB	B1
2097	felaktig	ошибочный	ADJ	A2
2098	att registrera	регистрировать	VERB	A2
2099	att upprepa	повторять	VERB	A2
2100	att jaga	охотиться, гнаться	VERB	A2
2101	att namnge	называть	VERB	-
2102	ett klimat	климат	NOUN	A2
2103	norr	север	NOUN	B1
2104	en värdering	оценка, ценность	NOUN	A1
2105	att underlätta	облегчать	VERB	A2
2106	klassisk	классический	ADJ	A2
2107	att hyra	арендовать	VERB	A2
2108	att lägga ned	закрывать, прекращать	VERB	-
2109	att uppmärksamma	обращать внимание	VERB	A2
2110	i rad	подряд	OTHER	-
2111	att söka sig	стремиться (куда-то)	VERB	-
2112	på det viset	таким образом	ADJ	-
2113	en utgift	расход	NOUN	A2
2114	berörd	затронутый	ADJ	A2
2115	ett hotell	отель	NOUN	A2
2116	en kö	очередь	NOUN	B1
2117	i varje fall	во всяком случае	OTHER	-
2118	en tillväxt	рост	NOUN	A1
2119	regelbunden	регулярный	ADJ	B1
2120	att ursäkta	извинять	VERB	B1
2121	i vanliga fall	обычно	OTHER	-
2122	att käka	жрать, есть (разг.)	VERB	B2
2123	först och främst	прежде всего	OTHER	B1
2124	att imponera	впечатлять	VERB	B1
2125	ett museum	музей	NOUN	A2
2126	troligtvis	вероятно	OTHER	B1
2127	att ta vara på	беречь, пользоваться	VERB	-
2128	en flickvän	девушка (подруга)	NOUN	B2
2129	att brinna	гореть	VERB	A2
2130	en glädje	радость	NOUN	A2
2131	att mörda	убивать	VERB	A2
2132	relevant	уместный	ADJ	A2
2133	långsam	медленный	ADJ	B1
2134	övertygad	убеждённый	ADJ	A2
2135	en rutin	рутина	NOUN	B1
2136	en båt	лодка	NOUN	A1
2137	att kritisera	критиковать	VERB	A1
2138	en utgångspunkt	исходная точка	NOUN	A2
2139	att tyda	указывать на	VERB	A1
2140	i synnerhet	в особенности	OTHER	A2
2141	en byggnad	здание	NOUN	A2
2142	en operation	операция	NOUN	A2
2143	en nytta	польза	NOUN	A2
2144	att avslöja	раскрывать	VERB	A2
2145	att slappna av	расслабляться	VERB	-
2146	manlig	мужской	ADJ	A2
2147	ett förbud	запрет	NOUN	A2
2148	smidig	гибкий, удобный	ADJ	B1
2149	öster	восток	NOUN	B2
2150	att anpassa sig	приспосабливаться	VERB	-
2151	en välling	жидкая каша	NOUN	-
2152	ett symptom	симптом	NOUN	B1
2153	vid sidan av	наряду с	OTHER	B1
2154	ansvarig	ответственный	ADJ	A2
2155	att dra upp	поднимать, вытаскивать	VERB	-
2156	trolig	вероятный	ADJ	A2
2157	att stöta	толкать, натыкаться	VERB	A2
2158	gjord	сделанный	ADJ	-
2159	att spy	блевать	VERB	-
2160	att leverera	доставлять	VERB	A2
2161	en kamp	борьба	NOUN	A1
2162	en grav	могила	NOUN	B1
2163	långsiktig	долгосрочный	ADJ	A2
2164	på nytt	заново	OTHER	-
2165	därav	отсюда (следует)	OTHER	B1
2166	en kris	кризис	NOUN	A1
2167	ärligt talat	честно говоря	OTHER	-
2168	en ansökan	заявка, заявление	NOUN	A2
2169	möjligen	возможно	OTHER	A2
2170	en arbetslöshet	безработица	NOUN	A1
2171	en brud	невеста; девчонка (разг.)	NOUN	B2
2172	definitivt	определённо	OTHER	A2
2173	digital	цифровой	ADJ	A2
2174	en final	финал	NOUN	B1
2175	en fil	файл; полоса	NOUN	A2
2176	att äta upp	доедать	VERB	-
2177	att få ihop	сводить, собирать	VERB	-
2178	vidrig	отвратительный	ADJ	B2
2179	att förbanna	проклинать	VERB	-
2180	en publik	публика	NOUN	A2
2181	en press	пресса, давление	NOUN	A2
2182	en omgång	раунд	NOUN	A2
2183	ett budgetår	бюджетный год	NOUN	B2
2184	en själ	душа	NOUN	A2
2185	att bada	купаться	VERB	B1
2186	religiös	религиозный	ADJ	A1
2187	att uppgå	составлять (о сумме)	VERB	A2
2188	att ha för sig	замышлять	VERB	-
2189	ett gift	яд	NOUN	B2
2190	en avdelning	отдел	NOUN	A2
2191	stabil	стабильный	ADJ	A2
2192	att våldta	насиловать	VERB	B2
2193	officiell	официальный	ADJ	A2
2194	om och om igen	снова и снова	OTHER	-
2195	pigg	бодрый	ADJ	B2
2196	till största delen	по большей части	OTHER	-
2197	att gå vägen	получаться, удаваться	VERB	-
2198	att dras	тянуться, страдать (от)	VERB	-
2199	att rinna	течь	VERB	A2
2200	att logga in	входить (в систему)	VERB	-
2201	så gott som	почти	OTHER	B1
2202	en sten	камень	NOUN	A2
2203	att finansiera	финансировать	VERB	A2
2204	en frukt	фрукт	NOUN	A2
2205	kriminell	преступный	ADJ	A2
2206	en sikt	перспектива, видимость	NOUN	A1
2207	att ångra sig	раскаиваться	VERB	-
2208	konkret	конкретный	ADJ	A2
2209	huruvida	ли (союз)	OTHER	A2
2210	att binda	связывать	VERB	B1
2211	för sent	слишком поздно	OTHER	-
2212	en granskning	проверка	NOUN	A2
2213	en handel	торговля	NOUN	A2
2214	en restaurang	ресторан	NOUN	A2
2215	en kur	курс лечения	NOUN	-
2216	varav	из которых	OTHER	A2
2217	att cykla	кататься на велосипеде	VERB	B1
2218	mjuk	мягкий	ADJ	B1
2219	specifik	специфический	ADJ	A2
2220	att köra på	продолжать, наезжать	VERB	-
2221	att hoppa in	вскакивать, подменять	VERB	-
2222	att passa in	вписываться	VERB	-
2223	en nämnd	комиссия (совет)	NOUN	A2
2224	med tiden	со временем	OTHER	-
2225	av sig själv	сам собой	OTHER	-
2226	att gömma	прятать	VERB	A2
2227	ett trä	дерево (материал)	NOUN	B1
2228	en service	сервис	NOUN	A2
2229	en barnmorska	акушерка	NOUN	C1
2230	militär	военный	ADJ	A1
2231	tack och lov	слава богу	OTHER	-
2232	en beräkning	расчёт	NOUN	A2
2233	att sjukskriva	давать больничный	VERB	-
2234	att stanna kvar	оставаться	VERB	-
2235	att vänta sig	ожидать	VERB	-
2236	en sektor	сектор	NOUN	A1
2237	en definition	определение	NOUN	A2
2238	en egenskap	свойство	NOUN	A2
2239	ett halvår	полугодие	NOUN	B1
2240	inom ramen för	в рамках	OTHER	A2
2241	bestämd	определённый, решительный	ADJ	A2
2242	en brand	пожар	NOUN	B1
2243	korkad	тупой	ADJ	B2
2244	gul	жёлтый	ADJ	A2
2245	en tingsrätt	районный суд	NOUN	A2
2246	en tablett	таблетка	NOUN	C1
2247	att vänta barn	ждать ребёнка	VERB	-
2248	omedelbar	немедленный	ADJ	A2
2249	ett socker	сахар	NOUN	B1
2250	en medlemsstat	государство-член	NOUN	A1
2251	i dagsläget	на сегодняшний день	OTHER	-
2252	med flera	и другие	OTHER	B2
2253	fram och tillbaka	туда-сюда	OTHER	B2
2254	en blödning	кровотечение	NOUN	C2
2255	ett skämt	шутка	NOUN	B1
2256	i längden	в долгосрочной перспективе	OTHER	-
2257	att smitta	заражать	VERB	B2
2258	att passera	проходить мимо	VERB	A2
2259	noll	ноль	NUM	B1
2260	att gå bort	уходить; умирать	VERB	-
2261	att baka	печь (выпекать)	VERB	B2
2262	att träda	ступать	VERB	A2
2263	rörande	касательно	OTHER	A2
2264	okänd	неизвестный	ADJ	A2
2265	ett yrke	профессия	NOUN	A2
2266	i slutändan	в конечном итоге	OTHER	-
2267	en användare	пользователь	NOUN	A2
2268	en trygghet	безопасность, защищённость	NOUN	A2
2269	konstant	постоянный	ADJ	B1
2270	ett utseende	внешность	NOUN	A2
2271	individuell	индивидуальный	ADJ	A2
2272	förrän	пока не, только когда	OTHER	A2
2273	när som helst	в любой момент	OTHER	C1
2274	hela vägen	всю дорогу	OTHER	-
2275	en botten	дно	NOUN	A2
2276	ett statsråd	министр	NOUN	A2
2277	ett knä	колено	NOUN	A2
2278	en kanal	канал	NOUN	A2
2279	framöver	в дальнейшем	OTHER	A2
2280	höger	правый	ADJ	A2
2281	att grunda	основывать	VERB	A2
2282	att utse	назначать	VERB	A2
2283	diverse	различные	ADJ	A2
2284	global	глобальный	ADJ	A1
2285	att lysa	светить	VERB	A2
2286	ett boende	жильё, проживание	NOUN	A2
2287	vem vet	кто знает	OTHER	-
2288	att bevilja	предоставлять (одобрять)	VERB	A2
2289	en adress	адрес	NOUN	A2
2290	längst	дольше всего, дальше всего	OTHER	-
2291	elak	злой	ADJ	B1
2292	akut	острый, срочный	ADJ	B1
2293	en författare	писатель	NOUN	A1
2294	en tillämpning	применение	NOUN	A2
2295	i anslutning till	в связи с, рядом с	OTHER	B1
2296	kuperad	холмистый	ADJ	-
2297	i somras	прошлым летом	OTHER	-
2298	att uppta	занимать	VERB	B1
2299	att lyfta fram	выдвигать, подчёркивать	VERB	-
2300	tja	ну, эх	OTHER	-
2301	en lögn	ложь	NOUN	A2
2302	en is	лёд	NOUN	A1
2303	väster	запад	NOUN	C2
2304	att riva	рвать, сносить	VERB	A1
2305	att föreskriva	предписывать	VERB	A2
2306	en kombination	комбинация	NOUN	A2
2307	löjlig	смешной, нелепый	ADJ	B1
2308	tveksam	сомнительный	ADJ	A2
2309	att slå ut	выбивать, распускаться	VERB	-
2310	att dela upp	разделять	VERB	-
2311	ett näringsliv	экономика (бизнес)	NOUN	A2
2312	beräknad	рассчитанный	ADJ	-
2313	en beskrivning	описание	NOUN	A2
2314	extremt	чрезвычайно	OTHER	A2
2315	att ta plats	занимать место	VERB	-
2316	att släppa in	впускать	VERB	-
2317	att kränka	оскорблять	VERB	B1
2318	en krog	кабак, трактир	NOUN	B1
2319	vetenskaplig	научный	ADJ	A1
2320	ett kapitel	глава	NOUN	A1
2321	att utforma	оформлять, разрабатывать	VERB	A2
2322	nordväst	северо-запад	NOUN	C2
2323	en burk	банка	NOUN	B2
2324	en paragraf	параграф	NOUN	B1
2325	ett underlag	основа, материал	NOUN	A2
2326	en panik	паника	NOUN	B1
2327	en variant	вариант	NOUN	A2
2328	en svårighet	трудность	NOUN	A2
2329	en maskin	машина (механизм)	NOUN	A2
2330	att resa sig	вставать	VERB	-
2331	norsk	норвежский	ADJ	A2
2332	att respektera	уважать	VERB	A2
2333	dansk	датский	ADJ	A2
2334	att anmäla sig	записываться	VERB	-
2335	ett klipp	клип, вырезка	NOUN	B1
2336	en generation	поколение	NOUN	A1
2337	en stjärna	звезда	NOUN	A2
2338	en snubbe	чувак	NOUN	C1
2339	att krypa	ползти	VERB	B1
2340	en näsa	нос	NOUN	B1
2341	att främja	способствовать	VERB	A2
2342	en inriktning	направленность	NOUN	A2
2343	grymt	жестоко; круто (разг.)	OTHER	-
2344	att sköta sig	вести себя хорошо	VERB	-
2345	i väntan på	в ожидании	OTHER	-
2346	automatisk	автоматический	ADJ	B2
2347	medicinsk	медицинский	ADJ	A2
2348	att stjäla	красть	VERB	A2
2349	ett apotek	аптека	NOUN	B2
2350	att supa	пьянствовать	VERB	B2
2351	en present	подарок	NOUN	B1
2352	att framstå	представляться, выглядеть	VERB	A2
2353	ett förtroende	доверие	NOUN	A2
2354	en enhet	единица, блок	NOUN	A1
2355	en axel	плечо, ось	NOUN	B1
2356	betydande	значительный	ADJ	A2
2357	seg	жёсткий, вязкий, медлительный	ADJ	B2
2358	en napp	соска	NOUN	-
2359	en arbetsplats	рабочее место	NOUN	A2
2360	ett centrum	центр	NOUN	A2
2361	illa	плохо	OTHER	A1
2362	att komma undan	отделаться, избежать	VERB	-
2363	glesbefolkad	малонаселённый	ADJ	-
2364	lat	ленивый	ADJ	B1
2365	en ägglossning	овуляция	NOUN	-
2366	att spendera	тратить	VERB	A2
2367	jämn	ровный, чётный	ADJ	A2
2368	en fas	фаза	NOUN	B1
2369	i lördags	в прошлую субботу	OTHER	-
2370	ett mail	электронное письмо	NOUN	-
2371	en bas	база, бас	NOUN	A2
2372	ett hat	ненависть	NOUN	A2
2373	historisk	исторический	ADJ	A1
2374	ordentligt	как следует	OTHER	A2
2375	att löpa	бежать, проходить	VERB	A2
2376	att granska	проверять, рецензировать	VERB	A2
2377	i fortsättningen	в дальнейшем	OTHER	-
2378	en engelska	английский язык	NOUN	A2
2379	en kategori	категория	NOUN	A1
2380	ett körkort	водительские права	NOUN	B2
2381	van	привыкший	ADJ	B1
2382	en prövning	рассмотрение, испытание	NOUN	A2
2383	en klänning	платье	NOUN	B1
2384	att medge	признавать	VERB	A2
2385	en potatis	картофель	NOUN	B1
2386	en fond	фонд	NOUN	A2
2387	att vakna upp	просыпаться	VERB	-
2388	att påbörja	начинать	VERB	A2
2389	en jävel	чёрт, сволочь	NOUN	B2
2390	sammanlagd	общий (суммарный)	ADJ	B2
2391	ett fordon	транспортное средство	NOUN	A2
2392	ett lopp	забег	NOUN	A2
2393	juridisk	юридический	ADJ	A2
2394	en hud	кожа	NOUN	B1
2395	en gång i veckan	раз в неделю	OTHER	-
2396	att strunta i	плевать на	VERB	B1
2397	ett hinder	препятствие	NOUN	A2
2398	att upphöra	прекращаться	VERB	A2
2399	ett resonemang	рассуждение	NOUN	A2
2400	obehaglig	неприятный	ADJ	B1
2401	nio	девять	NUM	A1
2402	en yta	поверхность, площадь	NOUN	A2
2403	i likhet med	подобно	OTHER	B1
2404	för det andra	во-вторых	OTHER	-
2405	en gröt	каша	NOUN	C1
2406	ett organ	орган	NOUN	A2
2407	hyfsad	приличный	ADJ	-
2408	i måndags	в прошлый понедельник	OTHER	-
2409	ett yttrande	заключение, отзыв	NOUN	A2
2410	populär	популярный	ADJ	A2
2411	nyttig	полезный	ADJ	B1
2412	att brista	лопаться, не хватать	VERB	B1
2413	ett ändamål	цель, назначение	NOUN	A2
2414	att slåss	драться	VERB	-
2415	ett föremål	предмет	NOUN	A2
2416	att tacka nej	отказываться (вежливо)	VERB	-
2417	en takt	темп, такт	NOUN	A1
2418	västra	западный	ADJ	A2
2419	en herre	господин	NOUN	A2
2420	att reda ut	разбираться	VERB	-
2421	sålunda	таким образом	OTHER	A2
2422	en rädsla	страх	NOUN	A2
2423	olaglig	незаконный	ADJ	A2
2424	en pension	пенсия	NOUN	A2
2425	att ta av	снимать	VERB	-
2426	en påse	пакет	NOUN	B1
2427	förr eller senare	рано или поздно	OTHER	B2
2428	en blick	взгляд	NOUN	A2
2429	att kliva	шагать, залезать	VERB	A2
2430	att ge sig in	ввязываться	VERB	-
2431	en julklapp	рождественский подарок	NOUN	B1
2432	ytterst	крайне	OTHER	A2
2433	att bli kvar	оставаться	VERB	-
2434	att knyta	завязывать	VERB	A2
2435	kritisk	критический	ADJ	A2
2436	en karl	мужик	NOUN	B1
2437	en undervisning	обучение	NOUN	A2
2438	att fälla	ронять, валить	VERB	A2
2439	angelägen	неотложный, заинтересованный	ADJ	A2
2440	inblandad	замешанный	ADJ	-
2441	engelsk	английский	ADJ	A1
2442	värdelös	бесполезный	ADJ	B1
2443	en nackdel	недостаток	NOUN	A2
2444	demokratisk	демократический	ADJ	A1
2445	en cannabis	каннабис	NOUN	-
2446	lagom	в меру, как раз	OTHER	B1
2447	unik	уникальный	ADJ	A2
2448	ett citat	цитата	NOUN	A2
2449	att dela med sig	делиться	VERB	-
2450	inatt	сегодня ночью	OTHER	-
2451	en egendom	собственность	NOUN	A2
2452	att tillsätta	назначать, учреждать	VERB	A2
2453	eventuellt	возможно	OTHER	A2
2454	en feminist	феминистка, феминист	NOUN	B1
2455	en standard	стандарт	NOUN	A2
2456	en räkning	счёт (к оплате)	NOUN	A2
2457	jämt	всегда, постоянно	OTHER	B1
2458	ett sällskap	компания, общество	NOUN	A2
2459	att fördela	распределять	VERB	A2
2460	en konkurrens	конкуренция	NOUN	A2
2461	i förväg	заранее	OTHER	B1
2462	skum	подозрительный, странный	ADJ	B2
2463	en muskel	мышца	NOUN	B1
2464	en kod	код	NOUN	B1
2465	en sorg	горе, печаль	NOUN	A2
2466	att förvirra	сбивать с толку	VERB	C2
2467	ett mått	мера, размер	NOUN	A2
2468	att garantera	гарантировать	VERB	A2
2469	en misshandel	избиение	NOUN	B1
2470	en attack	атака	NOUN	A2
2471	att pressa	давить, выжимать	VERB	A2
2472	att heja	болеть (за команду)	VERB	C1
2473	i jämförelse med	по сравнению с	OTHER	B1
2474	en rasist	расист	NOUN	B1
2475	data	данные	NOUN	A2
2476	att förhindra	предотвращать	VERB	A2
2477	en rasism	расизм	NOUN	A2
2478	att gå ihop	объединяться	VERB	-
2479	östra	восточный	ADJ	A2
2480	att informera	информировать	VERB	A2
2481	fransk	французский	ADJ	A1
2482	i onödan	напрасно	OTHER	B2
2483	att kräkas	рвать (тошнить)	VERB	C1
2484	en förhandling	переговоры	NOUN	A2
2485	en gård	двор, хутор	NOUN	A2
2486	en utmaning	вызов (трудность)	NOUN	A2
2487	att engagera	вовлекать, привлекать	VERB	A2
2488	att framföra	передавать, исполнять	VERB	A2
2489	till sist	в конце концов	OTHER	A2
2490	till höger	справа, направо	OTHER	-
2491	på tal om	кстати о	OTHER	-
2492	att välkomna	приветствовать	VERB	A2
2493	logisk	логичный	ADJ	A2
2494	en väska	сумка	NOUN	B1
2495	att dansa	танцевать	VERB	A2
2496	ett gram	грамм	NOUN	A1
2497	bredvid	рядом	OTHER	A2
2498	en bransch	отрасль	NOUN	A2
2499	att stötta	поддерживать	VERB	B1
2500	att avstå	воздерживаться	VERB	A2
2501	vid det här laget	на данный момент	OTHER	-
2502	ihjäl	насмерть	OTHER	B1
2503	att korka	закупоривать	VERB	-
2504	en gäst	гость	NOUN	A2
2505	ett kontrakt	контракт	NOUN	A2
2506	en statsminister	премьер-министр	NOUN	A2
2507	att slänga sig	бросаться	VERB	-
2508	en toa	туалет (разг.)	NOUN	-
2509	hemlig	секретный	ADJ	A2
2510	en strategi	стратегия	NOUN	A1
2511	att föreställa sig	представлять себе	VERB	-
2512	länge sen	давно	OTHER	-
2513	en förståelse	понимание	NOUN	A2
2514	en stress	стресс	NOUN	B1
2515	att inta	принимать (пищу), занимать	VERB	A2
2516	att uppfylla	выполнять	VERB	A2
2517	samman	вместе	OTHER	A1
2518	en karriär	карьера	NOUN	A2
2519	att producera	производить	VERB	A2
2520	aktivt	активно	OTHER	A2
2521	gullig	милый	ADJ	-
2522	som mest	максимум	OTHER	-
2523	hållbar	устойчивый	ADJ	A2
2524	på sikt	в перспективе	OTHER	-
2525	ett humör	настроение	NOUN	B1
2526	att ansluta	подключать	VERB	A2
2527	att följa upp	отслеживать	VERB	-
2528	att ta tillbaka	забирать обратно	VERB	-
2529	godkänd	одобренный	ADJ	A2
2530	en åring	-летний (о возрасте)	NOUN	-
2531	en flytning	выделения	NOUN	-
2532	att komplettera	дополнять	VERB	A2
2533	att citera	цитировать	VERB	A1
2534	en tränare	тренер	NOUN	B1
2535	i takt med	по мере	OTHER	-
2536	ett stopp	остановка, стоп	NOUN	A2
2537	sund	здоровый, здравый	ADJ	A2
2538	en vinnare	победитель	NOUN	A2
2539	live	живой (эфир)	ADJ	-
2540	att få till	устроить, наладить	VERB	-
2541	att installera	устанавливать	VERB	B1
2542	en ras	раса, порода	NOUN	A2
2543	ett bröd	хлеб	NOUN	A2
2544	om än	хотя и	OTHER	-
2545	en hockey	хоккей	NOUN	B1
2546	en nazist	нацист	NOUN	A2
2547	en anställd	сотрудник	NOUN	A2
2548	ett fartyg	судно	NOUN	A2
2549	en sport	спорт	NOUN	A2
2550	ett institut	институт	NOUN	A2
2551	att bråka	ссориться	VERB	B2
2552	i fjol	в прошлом году	OTHER	B2
2553	noga	тщательно	OTHER	A2
2554	ett ting	вещь	NOUN	A1
2555	otrogen	неверный (в браке)	ADJ	C1
2556	innan dess	до того	OTHER	-
2557	en framgång	успех	NOUN	A1
2558	en blomma	цветок	NOUN	A2
2559	ett rykte	слух, репутация	NOUN	A2
2560	ett salt	соль	NOUN	B1
2561	ett regn	дождь	NOUN	A2
2562	läskig	жуткий	ADJ	B2
2563	att inbilla sig	воображать	VERB	-
2564	att hälla	наливать	VERB	B2
2565	vänlig	дружелюбный	ADJ	A2
2566	att begå brott	совершать преступление	VERB	-
2567	att tjata	пилить, приставать	VERB	B2
2568	likt	подобно	OTHER	A2
2569	levande	живой	ADJ	A1
2570	att misshandla	избивать	VERB	B1
2571	i värsta fall	в худшем случае	OTHER	-
2572	en tant	тётенька	NOUN	A2
2573	plus	плюс	OTHER	A2
2574	en höjd	высота	NOUN	A2
2575	en tillsyn	надзор	NOUN	B1
2576	laglig	законный	ADJ	B1
2577	att ta av sig	снимать с себя	VERB	-
2578	en välfärd	благосостояние	NOUN	A2
2579	en gång i tiden	когда-то	OTHER	-
2580	oklar	неясный	ADJ	B1
2581	att ta till sig	усваивать	VERB	-
2582	en sannolikhet	вероятность	NOUN	A2
2583	att organisera	организовывать	VERB	A2
2584	en planering	планирование	NOUN	A2
2585	att återstå	оставаться (предстоять)	VERB	A2
2586	muslimsk	мусульманский	ADJ	A1
2587	en farmor	бабушка (по папе)	NOUN	B1
2588	en jakt	охота	NOUN	A2
2589	en fortsättning	продолжение	NOUN	A2
2590	att gömma sig	прятаться	VERB	-
2591	civil	гражданский	ADJ	A1
2592	en konsument	потребитель	NOUN	A2
2593	att skicka ut	рассылать	VERB	-
2594	en position	позиция	NOUN	A1
2595	ett rike	царство	NOUN	A1
2596	att vänja	приучать	VERB	B1
2597	fullt ut	полностью	OTHER	-
2598	en väntan	ожидание	NOUN	B1
2599	att utmärka	отличать	VERB	B2
2600	att tillverka	изготавливать	VERB	A2
2601	en himmel	небо	NOUN	A1
2602	en dollar	доллар	NOUN	A2
2603	en koppling	связь, соединение	NOUN	A2
2604	en anställning	трудоустройство	NOUN	A2
2605	samlad	собранный, общий	ADJ	-
2606	allt mer	всё больше	OTHER	A2
2607	att lägga om	менять, перестраивать	VERB	-
2608	en riktlinje	директива, ориентир	NOUN	A2
2609	att varna	предупреждать	VERB	A2
2610	borgerlig	буржуазный, гражданский	ADJ	A1
2611	genast	сразу	OTHER	A2
2612	äkta	настоящий, подлинный	ADJ	A2
2613	jättefin	очень красивый	ADJ	-
2614	att sträcka	растягивать	VERB	A2
2615	en varning	предупреждение	NOUN	B1
2616	ett hushåll	домохозяйство	NOUN	A2
2617	ett kapital	капитал	NOUN	A2
2618	att ställa till	натворить	VERB	-
2619	ett inslag	элемент, вкрапление	NOUN	A2
2620	att sprida sig	распространяться	VERB	-
2621	att spruta	брызгать, колоть	VERB	C1
2622	ett bröllop	свадьба	NOUN	B1
2623	en glass	мороженое	NOUN	B2
2624	en skärm	экран	NOUN	B1
2625	att medverka	участвовать	VERB	A2
2626	en våg	волна; весы	NOUN	A2
2627	nordost	северо-восток	NOUN	A1
2628	att beakta	учитывать	VERB	A2
2629	ett läkemedel	лекарство	NOUN	A2
2630	ett lager	склад, слой	NOUN	B1
2631	en tår	слеза	NOUN	B1
2632	att tävla	соревноваться	VERB	A2
2633	en back	ящик (пива); защитник	NOUN	B1
2634	häftig	крутой, бурный	ADJ	B1
2635	ett inflytande	влияние	NOUN	A1
2636	att rida	ездить верхом	VERB	A1
2637	i taget	за раз	OTHER	-
2638	vild	дикий	ADJ	B1
2639	en heltid	полный рабочий день	NOUN	B2
2640	en och samma	один и тот же	OTHER	-
2641	en förmån	льгота	NOUN	A2
2642	att skärpa	обострять, ужесточать	VERB	B1
2643	en minister	министр	NOUN	A2
2644	att etablera	устанавливать, основывать	VERB	A2
2645	att sy	шить	VERB	B2
2646	att förstärka	усиливать	VERB	A2
2647	på ett eller annat sätt	так или иначе	OTHER	-
2648	irriterad	раздражённый	ADJ	-
2649	en försäkringskassa	касса соцстрахования	NOUN	-
2650	en tidpunkt	момент времени	NOUN	A2
2651	en kaka	пирожное, печенье	NOUN	B1
2652	en tradition	традиция	NOUN	A1
2653	att landa	приземляться	VERB	A2
2654	att misslyckas	терпеть неудачу	VERB	A2
2655	att flyta	плавать (на поверхности)	VERB	B1
2656	ett samvete	совесть	NOUN	B1
2657	en aktör	участник, игрок	NOUN	A2
2658	ett streck	черта	NOUN	C1
2659	en låda	ящик, коробка	NOUN	B1
2660	en väljare	избиратель	NOUN	A2
2661	att ha mage	иметь наглость	VERB	-
2662	ett vänsterparti	Левая партия	NOUN	A2
2663	att avbryta	прерывать	VERB	A2
2664	att beklaga	сожалеть	VERB	B1
2665	finansiell	финансовый	ADJ	A1
2666	att neka	отказывать	VERB	A2
2667	att anklaga	обвинять	VERB	A2
2668	dagligen	ежедневно	OTHER	A2
2669	att genomgå	проходить (через)	VERB	A2
2670	biologisk	биологический	ADJ	A2
2671	en pizza	пицца	NOUN	B2
2672	en strand	пляж	NOUN	A2
2673	att slå till	ударить, решиться	VERB	-
2674	att tröttna	уставать (от)	VERB	B1
2675	en tvilling	близнец	NOUN	C1
2676	tunn	тонкий	ADJ	B1
2677	att utöva	осуществлять	VERB	A2
2678	en övning	упражнение	NOUN	A2
2679	att duga	годиться	VERB	B1
2680	tillbaks	назад	OTHER	-
2681	en toalett	туалет	NOUN	B1
2682	att servera	подавать (еду)	VERB	A2
2683	en rumpa	попа	NOUN	B2
2684	att vara ihop	встречаться (о паре)	VERB	-
2685	ett snack	болтовня	NOUN	B1
2686	att läsa igenom	прочитать (целиком)	VERB	-
2687	anhörig	близкий родственник	ADJ	A2
2688	tragisk	трагический	ADJ	B1
2689	nedan	ниже (в тексте)	OTHER	A2
2690	att kasta sig	бросаться	VERB	-
2691	ett intryck	впечатление	NOUN	A2
2692	att fattas	не хватать	VERB	-
2693	att värma	греть	VERB	B1
2694	ett drag	черта, ход, сквозняк	NOUN	A1
2695	att yttra sig	высказываться	VERB	-
2696	att förebygga	предотвращать	VERB	B1
2697	att rätta	исправлять	VERB	A1
2698	ett motiv	мотив	NOUN	A2
2699	en institution	учреждение	NOUN	A2
2700	en helhet	целое	NOUN	A2
2701	en get	коза	NOUN	A2
2702	en psykolog	психолог	NOUN	B2
2703	ett träd	дерево	NOUN	A2
2704	sydväst	юго-запад	NOUN	A1
2705	ett skott	выстрел	NOUN	A1
2706	en säljare	продавец	NOUN	B1
2707	en berättelse	рассказ	NOUN	A1
2708	att lugna ner	успокаивать	VERB	-
2709	smått	понемногу	OTHER	B1
2710	att komma till	возникать, прибывать	VERB	-
2711	planerad	запланированный	ADJ	A2
2712	ett vittne	свидетель	NOUN	A2
2713	att resonera	рассуждать	VERB	A2
2714	en choklad	шоколад	NOUN	B2
2715	att analysera	анализировать	VERB	A2
2716	en vind	ветер	NOUN	A2
2717	en strid	битва	NOUN	A1
2718	en titel	заглавие, звание	NOUN	A2
2719	i grunden	по сути	OTHER	-
2720	att säga ifrån	возражать	VERB	-
2721	ett tema	тема	NOUN	A2
2722	en sysselsättning	занятость	NOUN	A2
2723	att ta livet av sig	покончить с собой	VERB	-
2724	avsedd	предназначенный	ADJ	A2
2725	att dröja	задерживаться	VERB	A2
2726	att backa	давать задний ход	VERB	B1
2727	att börja om	начинать заново	VERB	-
2728	att mötas	встречаться	VERB	-
2729	att åka in	въезжать	VERB	-
2730	ett övergrepp	насилие, злоупотребление	NOUN	A2
2731	en euro	евро	NOUN	A2
2732	att utöka	расширять	VERB	A2
2733	att komma för	приходить в голову	VERB	-
2734	en singel	холостяк, одиночка	NOUN	B2
2735	att göra av med	деваться	VERB	-
2736	en mensvärk	менструальная боль	NOUN	-
2737	att peka ut	указывать на	VERB	-
2738	att yrka	требовать (юр.)	VERB	A2
2739	att tåla	терпеть, выносить	VERB	B1
2740	att ligga till	обстоять	VERB	-
2741	en anläggning	сооружение	NOUN	A2
2742	att gynna	благоприятствовать	VERB	A2
2743	mental	психический	ADJ	B1
2744	en liga	лига	NOUN	B1
2745	att resultera	приводить к	VERB	A2
2746	en björn	медведь	NOUN	B1
2747	en delstat	штат (федерации)	NOUN	B1
2748	en fördelning	распределение	NOUN	A2
2749	inre	внутренний	ADJ	A2
2750	still	неподвижно	OTHER	B1
2751	att sätta sig in	вникать	VERB	-
2752	administrativ	административный	ADJ	A2
2753	yttre	внешний	ADJ	A2
2754	att höra hemma	быть родом, относиться	VERB	-
2755	att syna	рассматривать (критически)	VERB	A2
2756	oberoende	независимый	ADJ	A2
2757	en hänvisning	ссылка, отсылка	NOUN	B1
2758	ett kontor	офис	NOUN	A2
2759	att komma över	пережить, раздобыть	VERB	-
2760	en fantasi	фантазия	NOUN	B1
2761	så länge som	пока, до тех пор как	OTHER	-
2762	god jul	с Рождеством	OTHER	-
2763	en tolkning	толкование	NOUN	A2
2764	sorglig	печальный	ADJ	B1
2765	enstaka	отдельный, единичный	ADJ	A2
2766	en suck	вздох	NOUN	B2
2767	att ansluta sig	присоединяться	VERB	-
2768	aha	ага!	OTHER	C1
2769	att instämma	соглашаться	VERB	B1
2770	en reform	реформа	NOUN	A2
2771	en tjänsteman	чиновник	NOUN	A2
2772	tillåten	разрешённый	ADJ	B2
2773	en överenskommelse	соглашение	NOUN	A2
2774	till dess	до тех пор	OTHER	A2
2775	gentemot	по отношению к	OTHER	A2
2776	en bio	кино	NOUN	B2
2777	en släkting	родственник	NOUN	B1
2778	en församling	приход (церк.), собрание	NOUN	A1
2779	ett fack	ячейка; профсоюз	NOUN	A2
2780	ensamt	одиноко	OTHER	A2
2781	gemensamt	вместе, сообща	OTHER	A2
2782	grå	серый	ADJ	B1
2783	att utfärda	издавать (документ)	VERB	A2
2784	att ro	грести	VERB	A1
2785	att förhålla sig	относиться (к чему-то)	VERB	A2
2786	älskad	любимый	ADJ	-
2787	spontan	спонтанный	ADJ	B2
2788	ett mönster	узор, образец	NOUN	A2
2789	att röra på sig	двигаться	VERB	-
2790	att åstadkomma	добиваться, создавать	VERB	A2
2791	att ställa till det	натворить дел	VERB	-
2792	att skaka	трясти	VERB	A2
2793	en humor	юмор	NOUN	B1
2794	en tvåa	двойка; второе место	NOUN	B1
2795	att ge sig ut	отправляться	VERB	-
2796	traditionell	традиционный	ADJ	A1
2797	att irritera	раздражать	VERB	C1
2798	skild	разведённый, отличный	ADJ	A2
2799	i våras	прошлой весной	OTHER	-
2800	inklusive	включая	OTHER	A2
2801	i lugn och ro	в тишине и покое	OTHER	-
2802	naken	голый	ADJ	B1
2803	att ramla	падать	VERB	B1
2804	att mysa	уютно проводить время	VERB	-
2805	att skärpa sig	взять себя в руки	VERB	-
2806	en svamp	гриб	NOUN	B2
2807	en status	статус	NOUN	A2
2808	en sverigedemokrat	шведский демократ (партия)	NOUN	-
2809	en livmoder	матка	NOUN	C2
2810	oskyldig	невиновный	ADJ	A2
2811	en kniv	нож	NOUN	B1
2812	usel	паршивый	ADJ	B1
2813	att hitta på	придумывать	VERB	-
2814	mer och mer	всё больше и больше	OTHER	A2
2815	ett bruk	употребление, обычай	NOUN	A2
2816	en kost	питание	NOUN	A2
2817	en signal	сигнал	NOUN	A2
2818	en kassa	касса	NOUN	A2
2819	att lira	играть (разг.)	VERB	-
2820	slutligen	наконец	OTHER	A1
2821	att definiera	определять	VERB	A2
2822	att ta sig tid	находить время	VERB	-
2823	att förlänga	продлевать	VERB	B1
2824	lugnt	спокойно	OTHER	A2
2825	bekväm	удобный	ADJ	B2
2826	en paus	пауза	NOUN	B1
2827	ett hormon	гормон	NOUN	C1
2828	i höstas	прошлой осенью	OTHER	-
2829	i vilket fall som helst	в любом случае	OTHER	-
2830	att köra in	въезжать, обкатывать	VERB	-
2831	en dusch	душ	NOUN	B2
2832	en jacka	куртка	NOUN	B2
2833	en socialstyrelse	Управление здравоохранения	NOUN	-
2834	att uppkomma	возникать	VERB	A2
2835	att avslå	отклонять	VERB	B1
2836	uppåt	вверх	OTHER	B1
2837	sakta	медленно	OTHER	A2
2838	att tillgodose	удовлетворять	VERB	B1
2839	en lek	игра	NOUN	A1
2840	en rättegång	судебный процесс	NOUN	A2
2841	att tillkomma	добавляться	VERB	A2
2842	att fånga	ловить	VERB	A2
2843	en utgång	выход, исход	NOUN	A2
2844	en läsare	читатель	NOUN	A1
2845	alternativt	в качестве альтернативы	OTHER	B1
2846	en konvention	конвенция	NOUN	A2
2847	en soldat	солдат	NOUN	A1
2848	en kusin	двоюродный брат, сестра	NOUN	B1
2849	att blanda ihop	путать	VERB	-
2850	jaja	ну да, ладно	OTHER	-
2851	en artist	артист	NOUN	A2
2852	för länge sedan	давным-давно	OTHER	-
2853	i det hela	в целом	OTHER	-
2854	att bli utan	остаться без	VERB	-
2855	en reglering	регулирование	NOUN	A2
2856	ett set	сет, набор	NOUN	C2
2857	en anslutning	подключение	NOUN	B1
2858	att lägga av	бросать (занятие)	VERB	-
2859	att kombinera	комбинировать	VERB	B1
2860	att bege sig	отправляться	VERB	A2
2861	litet	немного	OTHER	-
2862	ett dokument	документ	NOUN	A2
2863	att uppmana	призывать	VERB	A2
2864	en fred	мир (не война)	NOUN	A1
2865	en kammare	палата	NOUN	A2
2866	en ost	сыр	NOUN	A1
2867	att dominera	доминировать	VERB	A2
2868	att överklaga	обжаловать	VERB	B1
2869	att ringa upp	перезвонить	VERB	-
2870	att hänga sig	повеситься	VERB	-
2871	en union	союз	NOUN	A1
2872	en stämning	настроение, атмосфера	NOUN	A2
2873	finsk	финский	ADJ	A2
2874	ett odds	шансы	NOUN	B2
2875	att krossa	разбивать	VERB	B1
2876	hallå	алло, эй	OTHER	C1
2877	att representera	представлять	VERB	A2
2878	ett besvär	хлопоты	NOUN	B1
2879	en advokat	адвокат	NOUN	A2
2880	en garanti	гарантия	NOUN	A2
2881	ett album	альбом	NOUN	A2
2882	att låna ut	давать взаймы	VERB	-
2883	att tillföra	привносить	VERB	A2
2884	en deltagare	участник	NOUN	A2
2885	en och annan	некоторые, кое-какой	OTHER	-
2886	en översyn	пересмотр	NOUN	B1
2887	förvirrad	растерянный	ADJ	B1
2888	att ansöka	подавать заявление	VERB	B1
2889	ett virus	вирус	NOUN	B1
2890	en kommunikation	коммуникация	NOUN	A2
2891	gott nytt år	с Новым годом	OTHER	-
2892	ett bibliotek	библиотека	NOUN	A2
2893	ett bråk	ссора, шум	NOUN	B1
2894	en födelsedag	день рождения	NOUN	B1
2895	att lyda	слушаться	VERB	A2
2896	att rensa	чистить	VERB	B1
2897	en professor	профессор	NOUN	A2
2898	närvarande	присутствующий	ADJ	A2
2899	en avsikt	намерение	NOUN	A2
2900	öm	нежный, болезненный	ADJ	C1
2901	att sätta på	включать, надевать	VERB	-
2902	att låtsas	притворяться	VERB	B1
2903	en begränsning	ограничение	NOUN	A2
2904	att överdriva	преувеличивать	VERB	B2
2905	lite grann	чуть-чуть	OTHER	B2
2906	att ge bort	отдавать, дарить	VERB	-
2907	ett kalas	праздник (детский)	NOUN	B2
2908	en samverkan	взаимодействие	NOUN	A2
2909	en kulle	холм	NOUN	C1
2910	med anledning av	в связи с	OTHER	A2
2911	till förmån för	в пользу	OTHER	B1
2912	att luta	наклонять(ся)	VERB	A1
2913	en kant	край	NOUN	B1
2914	i hela världen	во всём мире	OTHER	-
2915	att gräva	копать	VERB	A2
2916	ett bistånd	помощь (гуманит.)	NOUN	A2
2917	att hylla	чествовать	VERB	A2
2918	att lägga på	класть сверху, вешать трубку	VERB	-
2919	en konst	искусство	NOUN	A1
2920	ett stånd	стенд, состояние	NOUN	A1
2921	att gå över tiden	затягиваться (по времени)	VERB	-
2922	att släppa ut	выпускать	VERB	-
2923	en redovisning	отчётность	NOUN	B1
2924	stressad	в стрессе	ADJ	-
2925	att åtala	обвинять (в суде)	VERB	B1
2926	en transport	транспорт	NOUN	A2
2927	i gång	в ходу, запущен	OTHER	B1
2928	etnisk	этнический	ADJ	A2
2929	en tårta	торт	NOUN	C1
2930	en norm	норма	NOUN	A2
2931	en vetenskap	наука	NOUN	A2
2932	brittisk	британский	ADJ	A1
2933	tokig	сумасшедший, чудной	ADJ	B2
2934	att ta för givet	принимать как должное	VERB	-
2935	att maila	писать по e-mail	VERB	B2
2936	ett jordbruk	сельское хозяйство	NOUN	A2
2937	en sammandragning	схватка (при родах)	NOUN	-
2938	att anstränga sig	стараться	VERB	-
2939	att avgå	уходить в отставку	VERB	B1
2940	att besvara	отвечать (на письмо)	VERB	A2
2941	en nation	нация	NOUN	A1
2942	ett foster	плод (эмбрион)	NOUN	C1
2943	en förvaltning	управление, администрация	NOUN	A2
2944	en brottslighet	преступность	NOUN	A2
2945	tätbefolkad	густонаселённый	ADJ	-
2946	en utredare	следователь	NOUN	B1
2947	å ena sidan	с одной стороны	OTHER	-
2948	att inspirera	вдохновлять	VERB	B1
2949	att samarbeta	сотрудничать	VERB	A2
2950	en attityd	отношение, позиция	NOUN	A2
2951	en leksak	игрушка	NOUN	B2
2952	en motståndare	противник	NOUN	A2
2953	att duscha	принимать душ	VERB	C1
2954	lustig	забавный	ADJ	B1
2955	kass	паршивый (разг.)	ADJ	-
2956	en utformning	оформление	NOUN	A2
2957	att bajsa	какать	VERB	-
2958	att förneka	отрицать	VERB	A2
2959	en gårdag	вчерашний день	NOUN	A2
2960	färsk	свежий	ADJ	B1
2961	att stimulera	стимулировать	VERB	A2
2962	en balans	баланс	NOUN	A2
2963	i mål	у цели, к финишу	OTHER	-
2964	intensiv	интенсивный	ADJ	A2
2965	ett te	чай	NOUN	A1
2966	ett smör	сливочное масло	NOUN	B2
2967	att logga	записывать (в журнал)	VERB	A2
2968	föregående	предыдущий	ADJ	A2
2969	att hålla fast	держаться, задерживать	VERB	-
2970	att låtsa	притворяться	VERB	-
2971	dygnet runt	круглые сутки	OTHER	-
2972	att syssla	заниматься	VERB	A2
2973	en fundering	размышление	NOUN	B1
2974	en jämställdhet	равноправие	NOUN	A2
2975	evig	вечный	ADJ	A2
2976	att flytta sig	подвинуться	VERB	-
2977	ett ton	тонна; тон	NOUN	B1
2978	en trend	тренд	NOUN	A2
2979	en cancer	рак (болезнь)	NOUN	B1
2980	en puss	поцелуй	NOUN	B2
2981	att bygga ut	расширять (застройку)	VERB	-
2982	att plocka upp	подбирать	VERB	-
2983	sydost	юго-восток	NOUN	-
2984	ett utslag	сыпь; результат	NOUN	B2
2985	att komma till stånd	осуществляться	VERB	-
2986	hit och dit	туда-сюда	OTHER	-
2987	att läsa på	подготовиться (читая)	VERB	-
2988	en likhet	сходство	NOUN	A2
2989	en arbetstagare	работник	NOUN	A2
2990	en flygplats	аэропорт	NOUN	A2
2991	ett budskap	послание	NOUN	A1
2992	upprörd	возмущённый	ADJ	B2
2993	att ställa om	переключать(ся)	VERB	-
2994	ett vaccin	вакцина	NOUN	B1
2995	en moderator	модератор	NOUN	-
2996	förbjuden	запрещённый	ADJ	B2
2997	ett nätverk	сеть	NOUN	A2
2998	en svärmor	свекровь, тёща	NOUN	C2
2999	inom kort	вскоре	OTHER	-
3000	att göra upp	договариваться, рассчитываться	VERB	-
3001	att göra sig av med	избавляться	VERB	-
3002	mogen	зрелый	ADJ	B1
3003	att spänna	напрягать	VERB	B2
3004	i viss mån	в некоторой степени	OTHER	B2
3005	ett troll	тролль	NOUN	B2
3006	ett motstånd	сопротивление	NOUN	A2
3007	trevlig helg	хороших выходных	OTHER	-
3008	inte utan	не без	OTHER	-
3009	att straffa	наказывать	VERB	B1
3010	en sväng	поворот	NOUN	B1
3011	i hög grad	в высокой степени	OTHER	-
3012	att komplicera	усложнять	VERB	C2
3013	att tvivla	сомневаться	VERB	B1
3014	ordinarie	обычный, штатный	ADJ	B1
3015	en agenda	повестка дня	NOUN	B1
3016	att titta in	заглядывать	VERB	-
3017	att skjuta upp	откладывать	VERB	-
3018	utan tvekan	без сомнения	OTHER	-
3019	att såra	ранить (обидеть)	VERB	C1
3020	främmande	чужой	ADJ	A2
3021	ett verktyg	инструмент	NOUN	A2
3022	en sprit	спиртное	NOUN	B1
3023	i torsdags	в прошлый четверг	OTHER	-
3024	en tå	палец ноги	NOUN	B2
3025	att kasta ut	выбрасывать, выгонять	VERB	-
3026	ett block	блок	NOUN	B1
3027	att hänga ut	выставлять на позор	VERB	-
3028	med mera	и прочее	OTHER	-
3029	att sticka ut	выделяться	VERB	-
3030	rättvis	справедливый	ADJ	A2
3031	en doktor	доктор	NOUN	A2
3032	jeans	джинсы	NOUN	B2
3033	en klinik	клиника	NOUN	B2
3034	en förmiddag	первая половина дня	NOUN	A2
3035	en uppdatering	обновление	NOUN	A2
3036	automatiskt	автоматически	OTHER	A2
3037	en kvart	четверть часа	NOUN	B1
3038	i söndags	в прошлое воскресенье	OTHER	-
3039	en huvudvärk	головная боль	NOUN	B2
3040	på samma gång	одновременно	OTHER	-
3041	att tagga	радоваться, ставить тег	VERB	-
3042	ett led	звено, сустав	NOUN	A2
3043	en utrustning	оборудование	NOUN	A2
3044	en betalning	платёж	NOUN	A2
3045	att operera	оперировать	VERB	B2
3046	en motsats	противоположность	NOUN	A2
3047	en depression	депрессия	NOUN	B1
3048	en tonåring	подросток	NOUN	B1
3049	ett fenomen	явление	NOUN	A2
3050	en företrädare	представитель	NOUN	A2
3051	att ta avstånd	дистанцироваться	VERB	-
3052	tätt	плотно	OTHER	B1
3053	en pensionär	пенсионер	NOUN	A2
3054	en nyckel	ключ	NOUN	A2
3055	en ruta	клетка, окно (квадрат)	NOUN	B1
3056	ett skratt	смех	NOUN	B1
3057	att shoppa	ходить по магазинам	VERB	B2
3058	en motor	мотор	NOUN	B1
3059	allt möjligt	всё возможное	OTHER	-
3060	att ana	догадываться	VERB	A2
3061	en frys	морозилка	NOUN	-
3062	sen dess	с тех пор	OTHER	-
3063	en lillebror	младший брат	NOUN	C1
3064	att ladda upp	загружать (в сеть)	VERB	-
3065	hans	его	OTHER	A1
3066	medvetet	сознательно	OTHER	A2
3067	att lugna ner sig	успокоиться	VERB	-
3068	ett kaos	хаос	NOUN	B1
3069	en grönsak	овощ	NOUN	B2
3070	loss	прочь, отвязанный	OTHER	B1
3071	en träff	встреча	NOUN	B1
3072	sådan här	такой вот	OTHER	A2
3073	att slänga ut	выкидывать	VERB	-
3074	en sång	песня	NOUN	A2
3075	en utvärdering	оценка	NOUN	A2
3076	en finansiering	финансирование	NOUN	A2
3077	en tomte	гном; Дед Мороз	NOUN	-
3078	en hälsning	привет (передать)	NOUN	B1
3079	ett gräs	трава	NOUN	B1
3080	ett förfarande	процедура	NOUN	A2
3081	att filma	снимать на видео	VERB	B2
3082	likaså	также	OTHER	A2
3083	ett register	реестр	NOUN	B1
3084	ett flyg	авиация	NOUN	A2
3085	att framställa	изображать, изготавливать	VERB	A2
3086	orimlig	неразумный	ADJ	B1
3087	på tiden	давно пора	OTHER	-
3088	att skippa	пропускать (разг.)	VERB	-
3089	en liter	литр	NOUN	B2
3090	bitter	горький	ADJ	B1
3091	med en gång	сразу же	OTHER	-
3092	att klämma	сжимать	VERB	B2
3093	i takt	в такт	OTHER	-
3094	en personlighet	личность	NOUN	B1
3095	en bredd	ширина	NOUN	B1
3096	generellt	в общем	OTHER	A2
3097	en motionär	автор предложения (в парламенте)	NOUN	B1
3098	sydöstra	юго-восточный	ADJ	-
3099	minsann	право же	OTHER	B1
3100	lyckad	удачный	ADJ	A2
3101	ett ultraljud	УЗИ	NOUN	-
3102	en hastighet	скорость	NOUN	B1
3103	ont	больно	OTHER	A2
3104	en gärningsman	преступник	NOUN	B2
3105	som bäst	в лучшем случае	OTHER	-
3106	imorse	сегодня утром	OTHER	-
3107	att få lov	мочь, разрешаться	VERB	-
3108	ett missbruk	злоупотребление	NOUN	B1
3109	som bara den	ещё как	OTHER	-
3110	en etta	единица (оценка, номер)	NOUN	B2
3111	befintlig	существующий	ADJ	A2
3112	en kopp	чашка	NOUN	B1
3113	en arbetstid	рабочее время	NOUN	B1
3114	rasistisk	расистский	ADJ	-
3115	att känna igen sig	узнавать себя	VERB	-
3116	att rätta sig	подчиняться	VERB	-
3117	att mata	кормить	VERB	B2
3118	en porr	порно	NOUN	C1
3119	en lapp	записка	NOUN	B1
3120	en sits	положение (разг.)	NOUN	-
3121	en motivering	обоснование	NOUN	A2
3122	att investera	инвестировать	VERB	A2
3123	ett tillägg	дополнение, надбавка	NOUN	A2
3124	naiv	наивный	ADJ	B1
3125	blind	слепой	ADJ	B1
3126	praktiskt	практически	OTHER	A2
3127	mätt	сытый	ADJ	B1
3128	framgångsrik	успешный	ADJ	A2
3129	att inrätta	учреждать	VERB	A2
3130	ett bud	предложение (цена), заповедь	NOUN	A2
3131	en rektor	директор школы	NOUN	B1
3132	att döpa	крестить, называть	VERB	B1
3133	ett äktenskap	брак	NOUN	A2
3134	en bonus	бонус	NOUN	B1
3135	obligatorisk	обязательный	ADJ	A2
3136	en målvakt	вратарь	NOUN	B2
3137	att dra sig	тянуться, отступать	VERB	-
3138	en arbetare	рабочий	NOUN	A1
3139	en käft	пасть (разг.)	NOUN	-
3140	en biverkning	побочный эффект	NOUN	C1
3141	ett ställningstagande	позиция, мнение	NOUN	A2
3142	att sno	стащить	VERB	B2
3143	att ta illa upp	обижаться	VERB	-
3144	i stor utsträckning	в значительной степени	OTHER	-
3145	en tendens	тенденция	NOUN	A2
3146	under förutsättning att	при условии что	OTHER	B2
3147	att bemöta	отвечать, встречать	VERB	A2
3148	att öppna sig	открываться	VERB	-
3149	överdriven	преувеличенный	ADJ	B1
3150	att markera	отмечать	VERB	A2
3151	möjligtvis	возможно	OTHER	B1
3152	att köra om	обгонять	VERB	-
3153	en eld	огонь	NOUN	A2
3154	att rycka	дёргать	VERB	A1
3155	att motverka	противодействовать	VERB	A2
3156	i sin helhet	целиком	ADJ	-
3157	att spricka	трескаться	VERB	B2
3158	en insikt	понимание, осознание	NOUN	A2
3159	en omsorg	забота	NOUN	A2
3160	en fritid	свободное время	NOUN	B1
3161	en rekommendation	рекомендация	NOUN	A2
3162	ett blodprov	анализ крови	NOUN	-
3163	därvid	при этом	OTHER	B1
3164	ett bifall	одобрение	NOUN	B1
3165	en tvätt	стирка	NOUN	C1
3166	att förorda	рекомендовать	VERB	-
3167	en trädgård	сад	NOUN	A2
3168	att ignorera	игнорировать	VERB	B1
3169	en karta	карта	NOUN	A2
3170	mild	мягкий	ADJ	B1
3171	att löna sig	окупаться	VERB	B2
3172	säkerligen	наверняка	OTHER	B1
3173	att slå in	разбивать, заворачивать	VERB	-
3174	tillgångar	активы	NOUN	-
3175	att teckna	подписывать, рисовать	VERB	A2
3176	en lampa	лампа	NOUN	B1
3177	att stoppa in	засовывать	VERB	-
3178	en terrorist	террорист	NOUN	A2
3179	pågående	текущий	ADJ	A2
3180	en företagare	предприниматель	NOUN	A2
3181	att förena	объединять	VERB	A2
3182	en efterfrågan	спрос	NOUN	A2
3183	till vänster	слева, налево	OTHER	-
3184	att sitta upp	садиться (верхом)	VERB	-
3185	ett avdrag	вычет	NOUN	B1
3186	en spänning	напряжение	NOUN	A2
3187	att gå ned	снижаться	VERB	-
3188	en park	парк	NOUN	A2
3189	en arena	арена	NOUN	B1
3190	intern	внутренний	ADJ	A2
3191	att fästa	прикреплять	VERB	B1
3192	väl så	вполне	OTHER	-
3193	en sammanfattning	резюме, итог	NOUN	A2
3194	en gemenskap	общность	NOUN	A1
3195	magisk	волшебный	ADJ	B1
3196	att närvara	присутствовать	VERB	C1
3197	förvisso	конечно, правда	OTHER	A2
3198	ett hörn	угол	NOUN	A2
3199	en arab	араб	NOUN	A2
3200	en trupp	отряд, войска	NOUN	A2
3201	att identifiera	идентифицировать	VERB	A2
3202	skarp	острый	ADJ	B1
3203	ett varv	оборот, круг	NOUN	A2
3204	ett byte	обмен	NOUN	A2
3205	inställd	настроенный; отменённый	ADJ	-
3206	ett folkparti	Народная партия	NOUN	A2
3207	ifrån sig	вне себя	ADJ	-
3208	att återvända	возвращаться	VERB	A2
3209	stängd	закрытый	ADJ	B1
3210	att ropa	кричать, звать	VERB	A2
3211	en order	приказ, заказ	NOUN	A2
3212	en syrra	сестрёнка (разг.)	NOUN	-
3213	en sosse	социал-демократ (разг.)	NOUN	-
3214	tolv	двенадцать	NUM	A1
3215	att anvisa	указывать, направлять	VERB	C1
3216	att vrida	крутить	VERB	B1
3217	före detta	бывший	OTHER	A2
3218	här och där	тут и там	OTHER	-
3219	hejsan	приветик	OTHER	-
3220	att steka	жарить	VERB	C1
3221	att smälta	таять	VERB	B1
3222	att kopiera	копировать	VERB	A2
3223	att avskaffa	отменять, упразднять	VERB	A2
3224	ett utsläpp	выброс	NOUN	A2
3225	ett protokoll	протокол	NOUN	A2
3226	komplicerad	сложный	ADJ	A2
3227	meningslös	бессмысленный	ADJ	B1
3228	attraktiv	привлекательный	ADJ	B1
3229	att radera	стирать (удалять)	VERB	B1
3230	ett förhör	допрос	NOUN	B1
3231	ett underhåll	содержание, обслуживание	NOUN	B1
3232	att låsa in	запирать	VERB	-
3233	ett piller	пилюля	NOUN	-
3234	en fröken	барышня, учительница	NOUN	B1
3235	blandad	смешанный	ADJ	B1
3236	att läcka	протекать	VERB	B2
3237	självständig	самостоятельный	ADJ	A2
3238	rejält	основательно	OTHER	A2
3239	att pumpa	качать	VERB	B2
3240	att anordna	устраивать	VERB	B1
3241	en katastrof	катастрофа	NOUN	A2
3242	att slå fast	устанавливать	VERB	-
3243	i tisdags	в прошлый вторник	OTHER	-
3244	en aspekt	аспект	NOUN	A2
3245	att sitta inne	сидеть в тюрьме	VERB	-
3246	en läsning	чтение	NOUN	A2
3247	ett engagemang	увлечённость	NOUN	A2
3248	att uppröra	возмущать	VERB	C1
3249	homosexuell	гомосексуальный	ADJ	A2
3250	en spark	пинок	NOUN	B2
3251	att säkerställa	обеспечивать	VERB	A2
3252	att fastställa	устанавливать	VERB	A1
3253	att tänka efter	подумать хорошенько	VERB	-
3254	en vårdnad	опека	NOUN	-
3255	näst	следующий по порядку	OTHER	A2
3256	att underhålla	поддерживать, развлекать	VERB	B2
3257	skrämmande	пугающий	ADJ	A2
3258	en struktur	структура	NOUN	A2
3259	längs	вдоль	OTHER	A2
3260	en kudde	подушка	NOUN	C1
3261	en skrivelse	письменное обращение	NOUN	B1
3262	att ligga ner	лежать	VERB	-
3263	oväntad	неожиданный	ADJ	B1
3264	att leta upp	разыскивать	VERB	-
3265	böter	штраф	NOUN	B1
3266	att stava	писать по буквам	VERB	B2
3267	en fågel	птица	NOUN	A2
3268	en annons	объявление	NOUN	A2
3269	insatt	осведомлённый	ADJ	-
3270	ett nyår	Новый год	NOUN	B2
3271	en backe	склон, горка	NOUN	B2
3272	en vätska	жидкость	NOUN	B2
3273	att koncentrera sig	сосредоточиться	VERB	-
3274	att föreställa	представлять	VERB	A2
3275	en förhoppning	надежда	NOUN	A2
3276	en köpare	покупатель	NOUN	B1
3277	hen	он/она (нейтр.)	NOUN	-
3278	upp mot	до (примерно)	OTHER	-
3279	att leva upp	оправдывать (ожидания)	VERB	-
3280	allvarligt	серьёзно	OTHER	A2
3281	att koncentrera	концентрировать	VERB	A2
3282	en saga	сказка	NOUN	A2
3283	ett sovrum	спальня	NOUN	B2
3284	att betona	подчёркивать	VERB	A2
3285	att ge fan i	плевать на	VERB	-
3286	ovanligt	необычно	OTHER	A2
3287	vanligt	обычно	OTHER	A2
3288	en logik	логика	NOUN	A2
3289	att bli till	возникать	VERB	-
3290	att uppmuntra	поощрять	VERB	A2
3291	ett utbud	ассортимент	NOUN	A2
3292	ett mörker	темнота	NOUN	A2
3293	att upprätta	создавать, составлять	VERB	A2
3294	otrevlig	неприятный	ADJ	B2
3295	liberal	либеральный	ADJ	A2
3296	runt omkring	вокруг	OTHER	C1
3297	en dans	танец	NOUN	A2
3298	att försäkra	страховать, заверять	VERB	B1
3299	att inrikta	направлять	VERB	B1
3300	därtill	к тому же	OTHER	A2
3301	kulturell	культурный	ADJ	A2
3302	i botten	в основе	OTHER	-
3303	en vårdcentral	поликлиника	NOUN	C1
3304	ett öre	эре (монета)	NOUN	B2
3305	emellan	между	OTHER	B1
3306	upptagen	занятый	ADJ	B1
3307	en kurva	кривая	NOUN	B2
3308	en störning	помеха	NOUN	B1
3309	ett umgänge	общение	NOUN	B2
3310	ett önskemål	пожелание	NOUN	B1
3311	en bokstav	буква	NOUN	B1
3312	att försörja	содержать (кормить)	VERB	B1
3313	en järnväg	железная дорога	NOUN	A2
3314	i vägen	на пути, мешая	OTHER	-
3315	go	милый (диал.)	ADJ	-
3316	ett batteri	батарея	NOUN	C1
3317	att dra åt helvete	идти к чёрту	VERB	-
3318	att provocera	провоцировать	VERB	B2
3319	för egen del	со своей стороны	OTHER	-
3320	ett schema	расписание	NOUN	B2
3321	ett centerparti	Партия центра	NOUN	A2
3322	ett självförtroende	уверенность в себе	NOUN	B1
3323	en gen	ген	NOUN	B1
3324	dömd	осуждённый	ADJ	-
3325	en representant	представитель	NOUN	A2
3326	att hyra ut	сдавать в аренду	VERB	-
3327	en famn	объятия	NOUN	C1
3328	att överlämna	передавать	VERB	A2
3329	att formulera	формулировать	VERB	A2
3330	att föranleda	давать повод	VERB	-
3331	en feminism	феминизм	NOUN	B1
3332	en ugn	духовка	NOUN	C1
3333	årlig	ежегодный	ADJ	A2
3334	avsevärd	значительный	ADJ	B2
3335	att avvakta	выжидать	VERB	B2
3336	en förare	водитель	NOUN	B1
3337	en prognos	прогноз	NOUN	A2
3338	ett övervägande	рассмотрение	NOUN	B2
3339	en arbetskraft	рабочая сила	NOUN	A2
3340	en dialog	диалог	NOUN	A2
3341	att ogilla	не одобрять	VERB	B1
3342	en förbättring	улучшение	NOUN	A2
3343	vice	вице-, заместитель	ADJ	B1
3344	fräsch	свежий	ADJ	C1
3345	långsamt	медленно	OTHER	B1
3346	i onsdags	в прошлую среду	OTHER	-
3347	fylld	заполненный	ADJ	-
3348	en förkylning	простуда	NOUN	C1
3349	att rasa	рушиться, беситься	VERB	B1
3350	att bära sig	окупаться	VERB	-
3351	ett åtal	обвинение	NOUN	B1
3352	en tvekan	колебание	NOUN	A2
3353	en tomt	участок земли	NOUN	B1
3354	ekonomiskt	экономически	OTHER	B1
3355	att inge	внушать	VERB	B2
3356	ett migrationsverk	Миграционная служба	NOUN	-
3357	en drift	эксплуатация, побуждение	NOUN	B1
3358	en julafton	сочельник	NOUN	B2
3359	att gå åt	расходоваться	VERB	-
3360	att samlas	собираться	VERB	-
3361	yttersta	крайний	ADJ	B1
3362	att observera	наблюдать	VERB	B1
3363	en premiär	премьера	NOUN	B1
3364	att plocka bort	убирать	VERB	-
3365	att fota	фотографировать	VERB	-
3366	att få fast	поймать	VERB	-
3367	hemifrån	из дома	OTHER	B2
3368	att bevara	сохранять	VERB	A2
3369	en identitet	личность (идентичность)	NOUN	A2
3370	övre	верхний	ADJ	A2
3371	skadlig	вредный	ADJ	B1
3372	att frustrera	расстраивать	VERB	-
3373	att omge	окружать	VERB	B2
3374	ett larm	тревога (сигнал)	NOUN	B2
3375	att inkludera	включать	VERB	A2
3376	sexig	сексуальный	ADJ	C1
3377	ovanstående	вышеуказанный	ADJ	B1
3378	att hacka	рубить, взламывать	VERB	B2
3379	en barnvakt	няня	NOUN	-
3380	en villa	вилла, дом	NOUN	B1
3381	sakkunnig	сведущий	ADJ	C1
3382	att skriva upp	записывать	VERB	-
3383	en innebörd	смысл	NOUN	A2
3384	en kampanj	кампания	NOUN	A2
3385	att skriva ner	записывать	VERB	-
3386	en förväntning	ожидание	NOUN	A2
3387	jäkla	чёртов	ADJ	-
3388	en bro	мост	NOUN	A2
3389	ett erbjudande	предложение	NOUN	B1
3390	i relation till	по отношению к	OTHER	B2
3391	bortsett från	не считая	OTHER	B1
3392	skoj	весёлый (разг.)	ADJ	C1
3393	tillslut	в конце концов	OTHER	-
3394	att sitta fast	застрять	VERB	-
3395	att begagna	пользоваться (б/у)	VERB	-
3396	en ryss	русский (человек)	NOUN	A2
3397	ett arbetsliv	трудовая жизнь	NOUN	B1
3398	att skoja	шутить	VERB	C1
3399	ett skatteverk	Налоговая служба	NOUN	-
3400	att glida	скользить	VERB	B1
3401	att hänga ihop	быть связанным	VERB	-
3402	att se upp	осторожно!, беречься	VERB	-
3403	en försvarsmakt	вооружённые силы	NOUN	B1
3404	att överstiga	превышать	VERB	B1
3405	ett instrument	инструмент	NOUN	A2
3406	en matte	математика (разг.)	NOUN	B1
3407	desperat	отчаянный	ADJ	B2
3408	framme	на месте (прибыл)	OTHER	B1
3409	i större utsträckning	в большей степени	OTHER	-
3410	en kyckling	курица	NOUN	B2
3411	formell	формальный	ADJ	A2
3412	än mer	ещё больше	OTHER	-
3413	en lastbil	грузовик	NOUN	B1
3414	att dumpa	бросать (партнёра)	VERB	C1
3415	att motsätta	противопоставлять	VERB	B1
3416	blivande	будущий	ADJ	B1
3417	att överraska	удивлять	VERB	B2
3418	skadad	повреждённый	ADJ	B1
3419	att välja om	переизбирать	VERB	-
3420	delad	разделённый	ADJ	B1
3421	avundsjuk	завистливый	ADJ	-
3422	att hinna med	успевать (сделать)	VERB	-
3423	att ge med sig	уступать	VERB	-
3424	patetisk	жалкий	ADJ	C1
3425	att bortse från	не принимать во внимание	VERB	B1
3426	att säkra	обеспечивать, защищать	VERB	A2
3427	internationellt	на международном уровне	OTHER	B1
3428	nationellt	на национальном уровне	OTHER	B1
3429	att skriva av	списывать	VERB	-
3430	en design	дизайн	NOUN	A2
3431	en ambition	амбиция	NOUN	A2
3432	en trappa	лестница	NOUN	B1
3433	ett galleri	галерея	NOUN	C1
3434	ett bad	купание, ванна	NOUN	B1
3435	en evighet	вечность	NOUN	B1
3436	att ta i anspråk	занимать, требовать	VERB	-
3437	att ta i	прилагать усилие	VERB	-
3438	en replik	реплика	NOUN	A2
3439	förkyld	простуженный	ADJ	-
3440	less	уставший от (разг.)	ADJ	B2
3441	att avancera	продвигаться	VERB	C1
3442	en term	термин	NOUN	A2
3443	på heltid	на полный рабочий день	OTHER	-
3444	att yttra	высказывать	VERB	B1
3445	att överföra	переносить, переводить	VERB	A2
3446	en fiende	враг	NOUN	A2
3447	att kvarstå	оставаться	VERB	B1
3448	en älskling	любимый, дорогой	NOUN	C1
3449	övrigt	в остальном	OTHER	B1
3450	ett regelverk	свод правил	NOUN	A2
3451	att ta sig ut	выбираться	VERB	-
3452	orättvis	несправедливый	ADJ	B1
3453	en intäkt	доход	NOUN	B1
3454	att argumentera	аргументировать	VERB	A2
3455	att understryka	подчёркивать	VERB	A2
3456	att försämra	ухудшать	VERB	B1
3457	minus	минус	OTHER	C1
3458	att relatera	соотносить	VERB	B2
3459	att stryka	гладить; вычёркивать	VERB	A2
3460	en hovrätt	апелляционный суд	NOUN	B1
3461	en placering	размещение	NOUN	B1
3462	värdefull	ценный	ADJ	A2
3463	objektiv	объективный	ADJ	B1
3464	att hänga upp	вешать	VERB	-
3465	att trycka ner	придавливать, подавлять	VERB	-
3466	en division	дивизион	NOUN	B1
3467	en misstanke	подозрение	NOUN	B1
3468	att färga	красить	VERB	B2
3469	en volym	объём, громкость	NOUN	B1
3470	att skänka	дарить, жертвовать	VERB	B1
3471	att glädja	радовать	VERB	B1
3472	en och en	по одному	OTHER	-
3473	en grädde	сливки	NOUN	C1
3474	en skalle	череп, башка	NOUN	B2
3475	att anstränga	напрягать	VERB	B2
3476	en socialtjänst	социальная служба	NOUN	B2
3477	att innefatta	включать в себя	VERB	A2
3478	en last	груз	NOUN	B1
3479	en korv	колбаса, сосиска	NOUN	B2
3480	en midsommar	праздник середины лета	NOUN	B2
3481	ett förbund	союз	NOUN	A2
3482	ett ursprung	происхождение	NOUN	A2
3483	att hänga på	присоединяться	VERB	-
3484	en idrott	спорт	NOUN	B1
3485	att öppna upp	открывать	VERB	-
3486	att kvalificera	квалифицировать(ся)	VERB	C1
3487	rättslig	правовой	ADJ	A2
3488	en area	площадь	NOUN	C2
3489	en server	сервер	NOUN	B1
3490	en inskrivning	зачисление, регистрация	NOUN	C2
3491	att komma till rätta	находиться, улаживать	VERB	-
3492	en grundskola	основная школа	NOUN	B1
3493	en hamn	гавань, порт	NOUN	A2
3494	att intervjua	брать интервью	VERB	B1
3495	en morfar	дедушка (по маме)	NOUN	B2
3496	att motsätta sig	сопротивляться	VERB	B1
3497	snarast	как можно скорее	OTHER	B1
3498	en myt	миф	NOUN	A2
3499	en disk	мытьё посуды; прилавок	NOUN	B2
3500	trång	тесный	ADJ	B1
3501	en präst	священник	NOUN	A2
3502	våldsam	жестокий, буйный	ADJ	A2
3503	en läpp	губа	NOUN	B1
3504	en minskning	сокращение	NOUN	B1
3505	att känna efter	прислушиваться к себе	VERB	-
3506	att komma på	придумать; застукать	VERB	-
3507	för säkerhets skull	на всякий случай	OTHER	-
3508	att chocka	шокировать	VERB	-
3509	en dokumentär	документальный фильм	NOUN	B1
3510	att byta om	переодеваться	VERB	-
3511	att finna sig	мириться, находиться	VERB	-
3512	att övergå	переходить	VERB	A2
3513	en macka	бутерброд	NOUN	-
3514	rent ut sagt	откровенно говоря	OTHER	-
3515	på sätt och vis	в некотором смысле	OTHER	C1
3516	att attackera	нападать	VERB	A2
3517	gott om	много, вдоволь	OTHER	B1
3518	någorlunda	более-менее	OTHER	B1
3519	en bibel	Библия	NOUN	A2
3520	i mitten av	в середине	OTHER	B1
3521	en konsert	концерт	NOUN	B1
3522	en sjuksköterska	медсестра	NOUN	B1
3523	en bomb	бомба	NOUN	B1
3524	stenhård	очень твёрдый	ADJ	-
3525	att öva	тренировать, упражняться	VERB	A1
3526	en fördom	предрассудок	NOUN	B1
3527	ett genomförande	осуществление	NOUN	A2
3528	svullen	опухший	ADJ	-
3529	permanent	постоянный	ADJ	B1
3530	i närheten av	поблизости от	OTHER	B1
3531	på topp	на высоте	ADJ	-
3532	en skam	стыд	NOUN	B1
3533	ett avslag	отказ	NOUN	B2
3534	att utvisa	высылать	VERB	B2
3535	en arbetsförmedling	биржа труда	NOUN	B1
3536	socialdemokratisk	социал-демократический	ADJ	A2
3537	en ängel	ангел	NOUN	A2
3538	en spänn	крона (разг.)	NOUN	B2
3539	att belysa	освещать	VERB	B1
3540	att vika	складывать, сворачивать	VERB	A1
3541	egentlig	собственный, настоящий	ADJ	A2
3542	en frid	мир, покой	NOUN	A2
3543	att festa	тусоваться	VERB	C1
3544	ett protein	белок	NOUN	B2
3545	att blogga	вести блог	VERB	A2
3546	med avseende på	в отношении	OTHER	B2
3547	en näring	питание; промысел	NOUN	B1
3548	att upprätthålla	поддерживать	VERB	A2
3549	en sökande	соискатель	NOUN	B2
3550	att förbli	оставаться	VERB	A2
3551	ett torg	площадь (рыночная)	NOUN	A2
3552	en reda	порядок	NOUN	A2
3553	motiverad	мотивированный	ADJ	-
3554	att regna	идти (о дожде)	VERB	B1
3555	värst	худший	ADJ	-
3556	kåt	возбуждённый	ADJ	-
3557	en otur	невезение	NOUN	B2
3558	ett sår	рана	NOUN	B1
3559	en bonde	крестьянин	NOUN	A2
3560	att ta ner	снимать вниз	VERB	-
3561	körd	конченый (разг.)	ADJ	-
3562	ett dagsläge	текущая ситуация	NOUN	B1
3563	såvitt	насколько	OTHER	B1
3564	en not	нота; примечание	NOUN	B1
3565	att odla	выращивать	VERB	B1
3566	ensamstående	одинокий (без партнёра)	ADJ	B2
3567	att te sig	казаться, выглядеть	VERB	A1
3568	moralisk	моральный	ADJ	A2
3569	effektivt	эффективно	OTHER	B1
3570	blöt	мокрый	ADJ	B2
3571	längre fram	позже, впереди	OTHER	-
3572	att dra till	ударить, ехать	VERB	-
3573	en gris	свинья	NOUN	B1
3574	en tum	дюйм	NOUN	C2
3575	en barnvagn	детская коляска	NOUN	C2
3576	att sammanfatta	подводить итог	VERB	A2
3577	en uppföljning	последующий контроль	NOUN	B1
3578	uppenbart	очевидно	OTHER	B1
3579	att göra åt	поделать	VERB	-
3580	god natt	спокойной ночи	OTHER	-
3581	en yttrandefrihet	свобода слова	NOUN	A2
3582	att bekämpa	бороться с	VERB	A2
3583	en tull	таможня, пошлина	NOUN	B1
3584	ett hjul	колесо	NOUN	B1
3585	i god tid	заблаговременно	OTHER	-
3586	att försörja sig	зарабатывать на жизнь	VERB	-
3587	en revisor	ревизор, аудитор	NOUN	C1
3588	att spåra	отслеживать	VERB	B1
3589	att tippa	опрокидывать, угадывать	VERB	C1
3590	en landsbygd	сельская местность	NOUN	A2
3591	ett äpple	яблоко	NOUN	B2
3592	det är lugnt	всё в порядке	OTHER	-
3593	att stressa	нервничать, торопить	VERB	C1
3594	att simma	плавать	VERB	B1
3595	i annat fall	в противном случае	OTHER	-
3596	en uppväxt	детство	NOUN	B2
3597	en morsa	мамаша (разг.)	NOUN	-
3598	en blandning	смесь	NOUN	B1
3599	ett ris	рис; розги	NOUN	A1
3600	i grund och botten	по сути	OTHER	B2
3601	en gas	газ	NOUN	A2
3602	att klia	чесаться	VERB	C1
3603	ett landslag	сборная	NOUN	B2
3604	ett statsbidrag	госсубсидия	NOUN	C1
3605	avancerad	продвинутый	ADJ	A2
3606	ett moment	момент, пункт	NOUN	B1
3607	en nacke	затылок, шея	NOUN	B2
3608	ett agerande	поведение	NOUN	A2
3609	att dra på	надевать, натягивать	VERB	-
3610	en minoritet	меньшинство	NOUN	A2
3611	en höjning	повышение	NOUN	B1
3612	en station	станция	NOUN	B1
3613	en farfar	дедушка (по папе)	NOUN	B2
3614	regelbundet	регулярно	OTHER	B1
3615	att reta	дразнить	VERB	B1
3616	att få till stånd	осуществлять	VERB	-
3617	en skugga	тень	NOUN	A2
3618	att hålla ut	выдерживать	VERB	-
3619	att tillfredsställa	удовлетворять	VERB	B2
3620	vanligtvis	обычно	OTHER	A2
3621	en figur	фигура	NOUN	A2
3622	en varg	волк	NOUN	A2
3623	att adoptera	усыновлять	VERB	B2
3624	igenom	насквозь	OTHER	A1
3625	bakåt	назад	OTHER	B1
3626	en remiss	направление (к врачу)	NOUN	B2
3627	en arbetsuppgift	рабочая задача	NOUN	B1
3628	en pasta	паста	NOUN	B1
3629	en termin	семестр	NOUN	B2
3630	bristande	недостаточный	ADJ	-
3631	en konkurs	банкротство	NOUN	B1
3632	misslyckad	неудачный	ADJ	C1
3633	en smäll	удар, хлопок	NOUN	B2
3634	villig	готовый (охотно)	ADJ	B1
3635	att utge	издавать	VERB	B1
3636	en börs	биржа	NOUN	B1
3637	en titt	взгляд	NOUN	B1
3638	en kandidat	кандидат	NOUN	A2
3639	ett departement	министерство	NOUN	B1
3640	därigenom	благодаря этому	OTHER	A2
3641	ett universum	вселенная	NOUN	A2
3642	en mångfald	многообразие	NOUN	A2
3643	ett svin	свинья (ругат.)	NOUN	C1
3644	en festival	фестиваль	NOUN	B1
3645	att hålla kvar	удерживать	VERB	-
3646	varann	друг друга	OTHER	-
3647	att snurra	крутить(ся)	VERB	B2
3648	att ha för avsikt	намереваться	VERB	-
3649	att vaccinera	вакцинировать	VERB	-
3650	åt sidan	в сторону	OTHER	-
3651	att rymma	вмещать; сбегать	VERB	A2
3652	en protest	протест	NOUN	A2
3653	självfallen	само собой разумеющийся	ADJ	-
3654	en vana	привычка	NOUN	A2
3655	ett sinne	чувство, разум	NOUN	A2
3656	en kind	щека	NOUN	B1
3657	motsatt	противоположный	ADJ	A2
3658	förr i tiden	в старые времена	OTHER	-
3659	teoretisk	теоретический	ADJ	B1
3660	att spekulera	спекулировать	VERB	B1
3661	sned	косой	ADJ	C2
3662	för alltid	навсегда	OTHER	B2
3663	att tömma	опустошать	VERB	B2
3664	ett rep	верёвка	NOUN	C1
3665	en opposition	оппозиция	NOUN	A2
3666	tillämplig	применимый	ADJ	B1
3667	självfallet	разумеется	OTHER	B1
3668	att värdera	оценивать	VERB	A2
3669	att palla	выдерживать (разг.)	VERB	-
3670	en upphandling	госзакупка	NOUN	B1
3671	att avlida	скончаться	VERB	B1
3672	att hugga	рубить	VERB	B1
3673	ett skadestånd	компенсация ущерба	NOUN	A2
3674	en diskriminering	дискриминация	NOUN	A2
3675	en tös	девчонка (диал.)	NOUN	-
3676	ett kriterium	критерий	NOUN	A2
3677	att hoppa över	перепрыгивать, пропускать	VERB	-
3678	fullkomligt	совершенно	OTHER	B1
3679	att rita	рисовать	VERB	B1
3680	att vandra	странствовать, бродить	VERB	A2
3681	ett gym	спортзал	NOUN	B2
3682	önskvärd	желательный	ADJ	B1
3683	på gränsen	на грани	OTHER	-
3684	att raka	брить	VERB	C1
3685	en rabatt	скидка	NOUN	B2
3686	att klassa	классифицировать	VERB	B2
3687	livrädd	до смерти напуганный	ADJ	-
3688	ett tålamod	терпение	NOUN	B1
3689	en filt	плед	NOUN	C1
3690	att plocka fram	доставать	VERB	-
3691	att klättra	лазать	VERB	B1
3692	en upplysning	сведения, справка	NOUN	B1
3693	en begäran	просьба, запрос	NOUN	B1
3694	förövrigt	впрочем	OTHER	-
3695	ett rus	опьянение	NOUN	-
3696	en bänk	скамейка	NOUN	B2
3697	en sajt	сайт	NOUN	A2
3698	sammanlagt	в сумме	OTHER	B1
3699	en ambulans	скорая помощь	NOUN	C1
3700	sakta men säkert	медленно, но верно	OTHER	-
3701	en gåva	дар	NOUN	A2
3702	det ena och det andra	то да сё	OTHER	-
3703	dessvärre	к сожалению	OTHER	B1
3704	en omvärld	окружающий мир	NOUN	-
3705	en trafikolycka	ДТП	NOUN	-
3706	trasig	сломанный, рваный	ADJ	B2
3707	ekologisk	экологический	ADJ	A2
3708	att häkta	арестовывать	VERB	C2
3709	ovanför	над, выше	OTHER	B1
3710	statistisk	статистический	ADJ	B2
3711	en frågeställning	постановка вопроса	NOUN	B1
3712	ursprunglig	первоначальный	ADJ	A2
3713	en hantering	обращение, обработка	NOUN	B1
3714	ett bajs	какашки	NOUN	-
3715	att inbilla	внушать	VERB	B2
3716	rent av	даже	OTHER	-
3717	till rätta	в порядок	OTHER	B2
3718	anpassad	приспособленный	ADJ	B1
3719	elektronisk	электронный	ADJ	A2
3720	nåja	ну ладно	OTHER	-
3721	en vakt	охранник	NOUN	A2
3722	en studio	студия	NOUN	B1
3723	ett anspråk	притязание	NOUN	A2
3724	en hall	зал, холл	NOUN	B1
3725	en beredning	подготовка	NOUN	B1
3726	att dra slutsatser	делать выводы	VERB	-
3727	att roa	развлекать	VERB	A2
3728	en samordning	координация	NOUN	B1
3729	ja visst	да, конечно	OTHER	-
3730	att vilja sig	получаться	VERB	-
3731	att förmedla	передавать (посредничать)	VERB	A2
3732	en trea	тройка	NOUN	B2
3733	och dylikt	и тому подобное	OTHER	-
3734	att strida	бороться	VERB	A2
3735	en lektion	урок	NOUN	B1
3736	en story	история (рассказ)	NOUN	B1
3737	en kolhydrat	углевод	NOUN	-
3738	en halvtimme	полчаса	NOUN	B1
3739	en hemställan	ходатайство	NOUN	-
3740	en prick	точка	NOUN	C1
3741	en kondom	презерватив	NOUN	C1
3742	att tillhandahålla	предоставлять	VERB	A2
3743	en sallad	салат	NOUN	C1
3744	att möjliggöra	делать возможным	VERB	A2
3745	att vistas	пребывать	VERB	B1
3746	en slump	случайность	NOUN	B1
3747	en föreläsning	лекция	NOUN	B1
3748	med undantag för	за исключением	OTHER	-
3749	behörig	компетентный, правомочный	ADJ	B1
3750	en omröstning	голосование	NOUN	A2
3751	sistnämnd	последний (упомянутый)	ADJ	B1
3752	att tränga	теснить, проникать	VERB	A2
3753	att forma	формировать	VERB	A2
3754	att plocka ut	выбирать	VERB	-
3755	en garderob	гардероб	NOUN	B2
3756	en mössa	шапка	NOUN	B2
3757	klockren	безупречный	ADJ	-
3758	enormt	чрезвычайно	OTHER	B1
3759	att smyga	красться	VERB	B1
3760	att avvika	отклоняться	VERB	B1
3761	en finne	прыщ	NOUN	-
3762	att fylla på	доливать, пополнять	VERB	-
3763	en integration	интеграция	NOUN	A2
3764	en beställning	заказ	NOUN	B2
3765	på rygg	на спине	OTHER	-
3766	en utlänning	иностранец	NOUN	B1
3767	ett plagg	предмет одежды	NOUN	C1
3768	ett seminarium	семинар	NOUN	A2
3769	ett införande	введение	NOUN	A2
3770	ett badrum	ванная	NOUN	B2
3771	ett trams	чепуха	NOUN	B2
3772	en infektion	инфекция	NOUN	C1
3773	en balkong	балкон	NOUN	B2
3774	att välja ut	отбирать	VERB	-
3775	judisk	еврейский	ADJ	A1
3776	att intressera sig	интересоваться	VERB	-
3777	en måltid	приём пищи	NOUN	B2
3778	att ställa sig upp	вставать	VERB	-
3779	en väst	запад; жилет	NOUN	A2
3780	att komma åt	добраться до	VERB	-
3781	tämligen	довольно	OTHER	A2
3782	att avvisa	отклонять	VERB	A2
3783	en moral	мораль	NOUN	A2
3784	att avstyrka	отклонять (предложение)	VERB	-
3785	att tveka	колебаться	VERB	B1
3786	en gärning	поступок	NOUN	A2
3787	att hålla ihop	держаться вместе	VERB	-
3788	en remissinstans	инстанция для отзыва	NOUN	B1
3789	att förespråka	выступать за	VERB	A2
3790	offentligt	публично	OTHER	B1
3791	en mördare	убийца	NOUN	B1
3792	ett mellanrum	промежуток	NOUN	B2
3793	att ansvara	отвечать (за)	VERB	A2
3794	att integrera	интегрировать	VERB	B1
3795	att ta steget	решиться	VERB	-
3796	jodå	да, конечно	OTHER	-
3797	en kula	шар, пуля	NOUN	B2
3798	en teater	театр	NOUN	B1
3799	att utmana	бросать вызов	VERB	B1
3800	ett bränsle	топливо	NOUN	B1
3801	en skrift	писание, шрифт	NOUN	A2
3802	allihop	все вместе	OTHER	B1
3803	att smälla	хлопать	VERB	B2
3804	begagnad	подержанный	ADJ	-
3805	en jordbruksmark	сельхозугодья	NOUN	-
3806	en ideologi	идеология	NOUN	A2
3807	en same	саам	NOUN	B1
3808	en möbel	предмет мебели	NOUN	B2
3809	att framkomma	выясняться	VERB	B1
3810	en tandläkare	стоматолог	NOUN	B2
3811	att ta till vara	использовать	VERB	-
3812	en utdelning	раздача, дивиденд	NOUN	B1
3813	att ta tiden	засекать время	VERB	-
3814	avsevärt	значительно	OTHER	B1
3815	häromdagen	на днях	OTHER	B1
3816	en stuga	домик, дача	NOUN	B1
3817	indirekt	косвенно	OTHER	B1
3818	en ära	честь	NOUN	A2
3819	att överge	покидать	VERB	A2
3820	daglig	ежедневный	ADJ	A2
3821	en hjälte	герой	NOUN	B1
3822	en räddningstjänst	служба спасения	NOUN	-
3823	för dagen	на сегодня	OTHER	-
3824	att gå emot	идти против	VERB	-
3825	att svälja	глотать	VERB	B2
3826	gött	классный (диал.)	ADJ	-
3827	en rot	корень	NOUN	A2
3828	att göra gott	приносить пользу	VERB	-
3829	att göra bort sig	опозориться	VERB	-
3830	att skämta	шутить	VERB	B2
3831	att hålla käften	заткнуться	VERB	-
3832	ett tyg	ткань	NOUN	A2
3833	en beskattning	налогообложение	NOUN	B1
3834	ett hemland	родина	NOUN	A2
3835	oberoende av	независимо от	OTHER	B1
3836	för en stund	на некоторое время	OTHER	-
3837	att läka	заживать	VERB	C1
3838	en kopia	копия	NOUN	A2
3839	en påverkan	влияние	NOUN	A2
3840	olycklig	несчастный	ADJ	B1
3841	att ta sig an	браться за	VERB	-
3842	att grilla	жарить на гриле	VERB	C1
3843	ett inköp	покупка	NOUN	B1
3844	att räkna upp	перечислять	VERB	-
3845	som oftast	чаще всего	OTHER	-
3846	en panna	лоб; сковорода	NOUN	B1
3847	en föreställning	представление	NOUN	A2
3848	ett lidande	страдание	NOUN	A2
3849	elva	одиннадцать	NUM	A1
3850	att jobba sig	пробиваться (работой)	VERB	-
3851	att begripa	понимать	VERB	B1
3852	att upplysa	просвещать	VERB	B1
3853	att räcka till	хватать	VERB	-
3854	ett chips	чипсы	NOUN	B2
3855	blott	лишь	OTHER	A2
3856	en inspiration	вдохновение	NOUN	A2
3857	ett fåtal	небольшое число	NOUN	A2
3858	i förrgår	позавчера	OTHER	-
3859	ett grepp	хватка	NOUN	A1
3860	att verkställa	исполнять	VERB	B1
3861	ett täcke	одеяло	NOUN	C1
3862	överlag	в целом	OTHER	B2
3863	ett leende	улыбка	NOUN	B1
3864	en växt	растение	NOUN	A1
3865	ett flygplan	самолёт	NOUN	A2
3866	att avsky	испытывать отвращение	VERB	B2
3867	att debattera	дебатировать	VERB	B1
3868	en ko	корова	NOUN	B1
3869	en konsumtion	потребление	NOUN	A2
3870	överlägsen	превосходящий	ADJ	B1
3871	att motta	получать	VERB	B1
3872	en dal	долина	NOUN	B1
3873	på tok	слишком (på tok för)	OTHER	-
3874	ett distrikt	округ	NOUN	B1
3875	en besökare	посетитель	NOUN	A2
3876	en trötthet	усталость	NOUN	B2
3877	ett scenario	сценарий	NOUN	B1
3878	att reducera	сокращать	VERB	A2
3879	en temperatur	температура	NOUN	A2
3880	titt som tätt	то и дело	OTHER	-
3881	att göra illa	ранить, сделать больно	VERB	-
3882	en profil	профиль	NOUN	B1
3883	en utbyggnad	расширение	NOUN	B1
3884	för länge sen	давным-давно	OTHER	-
3885	en lök	лук	NOUN	C1
3886	nykter	трезвый	ADJ	C1
3887	en kapacitet	мощность	NOUN	A2
3888	att komma i fråga	рассматриваться	VERB	-
3889	i sak	по существу	OTHER	-
3890	ett självmord	самоубийство	NOUN	B1
3891	att anlita	нанимать (услуги)	VERB	B1
3892	att vårda	ухаживать	VERB	B1
3893	pedagogisk	педагогический	ADJ	B1
3894	en anknytning	связь, привязка	NOUN	B1
3895	att smörja	мазать	VERB	C2
3896	ett samråd	консультация	NOUN	B1
3897	en bulle	булочка	NOUN	C1
3898	organiserad	организованный	ADJ	A2
3899	idiotisk	идиотский	ADJ	B2
3900	vansinnig	безумный	ADJ	B2
3901	noggrann	тщательный	ADJ	B1
3902	ett världskrig	мировая война	NOUN	A1
3903	att vända om	поворачивать обратно	VERB	-
3904	rakt av	напрямую, целиком	OTHER	-
3905	en tillvaro	существование	NOUN	A2
3906	en kommunist	коммунист	NOUN	A2
3907	en taxi	такси	NOUN	B1
3908	att avsätta	выделять, смещать	VERB	B1
3909	ett uppehåll	перерыв, пребывание	NOUN	B2
3910	kinesisk	китайский	ADJ	A2
3911	brutal	жестокий	ADJ	B2
3912	en export	экспорт	NOUN	B1
3913	nuförtiden	нынче	OTHER	B2
3914	att föregå	предшествовать	VERB	B1
3915	en stiftelse	фонд (организация)	NOUN	B1
3916	ett rån	ограбление	NOUN	B2
3917	stilla	тихо, спокойно	OTHER	B1
3918	att klappa	хлопать, гладить	VERB	C1
3919	kvalificerad	квалифицированный	ADJ	B1
3920	att utarbeta	разрабатывать	VERB	A2
3921	en talan	иск	NOUN	-
3922	en skala	шкала	NOUN	A2
3923	feg	трусливый	ADJ	-
3924	separat	отдельный	ADJ	B1
3925	en ork	силы (разг.)	NOUN	-
3926	italiensk	итальянский	ADJ	A2
3927	en plånbok	бумажник	NOUN	B1
3928	en påsk	Пасха	NOUN	B2
3929	en gymnasieskola	гимназия (ст. школа)	NOUN	B2
3930	en gissning	догадка	NOUN	B2
3931	att runda	огибать	VERB	A2
3932	ett nöje	удовольствие	NOUN	B1
3933	en rättvisa	справедливость	NOUN	A2
3934	en skjorta	рубашка	NOUN	B2
3935	skriftlig	письменный	ADJ	A2
3936	på benen	на ногах	OTHER	-
3937	en sås	соус	NOUN	C1
3938	att röra om	помешивать	VERB	-
3939	att tappa bort	терять	VERB	-
3940	en framställning	изображение, ходатайство	NOUN	B1
3941	en gång för alla	раз и навсегда	OTHER	-
3942	valfri	любой (на выбор)	ADJ	B2
3943	att förenkla	упрощать	VERB	B2
3944	att trösta	утешать	VERB	C1
3945	att berättiga	давать право	VERB	C2
3946	en litteratur	литература	NOUN	A2
3947	att samordna	координировать	VERB	B2
3948	att prägla	накладывать отпечаток	VERB	A2
3949	fullkomlig	совершенный	ADJ	-
3950	tvär	резкий, поперечный	ADJ	-
3951	vaginal	вагинальный	ADJ	-
3952	att angå	касаться	VERB	C1
3953	att roa sig	развлекаться	VERB	-
3954	en overall	комбинезон	NOUN	-
3955	så vitt	насколько	OTHER	-
3956	en peppar	перец	NOUN	C1
3957	en stöld	кража	NOUN	B1
3958	att ringa in	обводить	VERB	-
3959	ett blodtryck	кровяное давление	NOUN	-
3960	innerst inne	в глубине души	OTHER	-
3961	att trilla	скатываться, падать	VERB	B2
3962	att svika	предавать	VERB	B1
3963	att flytta ut	выезжать	VERB	-
3964	tills vidare	до поры до времени	OTHER	B2
3965	en platta	плита, пластинка	NOUN	B1
3966	en motivation	мотивация	NOUN	B2
3967	att sitta ner	садиться	VERB	-
3968	tropisk	тропический	ADJ	-
3969	ett tänkande	мышление	NOUN	A2
3970	löpande	текущий	ADJ	B1
3971	ett dop	крещение	NOUN	B1
3972	att återhämta sig	восстанавливаться	VERB	-
3973	på sistone	в последнее время	OTHER	C1
3974	ärligt	честно	OTHER	B1
3975	att försvåra	затруднять	VERB	B1
3976	en chock	шок	NOUN	B2
3977	en krönika	колонка (в газете)	NOUN	A2
3978	historiskt	исторически	OTHER	B1
3979	att sikta	целиться	VERB	B1
3980	att antyda	намекать	VERB	A2
3981	att stråla	сиять	VERB	C1
3982	en strumpa	носок, чулок	NOUN	C1
3983	ett efternamn	фамилия	NOUN	B2
3984	att säga emot	противоречить	VERB	-
3985	en halvlek	тайм	NOUN	B2
3986	att svänga	поворачивать, качать	VERB	B1
3987	ett lagförslag	законопроект	NOUN	B1
3988	trovärdig	достоверный	ADJ	B1
3989	att knäcka	ломать, раскалывать	VERB	C1
3990	en storm	буря	NOUN	B1
3991	en instruktion	инструкция	NOUN	B1
3992	ett ögonblick	мгновение	NOUN	A2
3993	nödvändigtvis	обязательно	OTHER	B1
3994	ett löfte	обещание	NOUN	A2
3995	ett decennium	десятилетие	NOUN	A2
3996	en ström	ток, поток	NOUN	B1
3997	en förlängning	продление	NOUN	B1
3998	ja ja	ну-ну	OTHER	-
3999	en spridning	распространение	NOUN	A2
4000	oändlig	бесконечный	ADJ	B1
4001	en samling	коллекция, собрание	NOUN	A1
4002	en osäkerhet	неуверенность	NOUN	A2
4003	ett hundratal	около сотни	NOUN	B1
4004	att värna	защищать, беречь	VERB	A2
4005	genetisk	генетический	ADJ	B1
4006	på lång sikt	в долгосрочной перспективе	OTHER	-
4007	att hosta	кашлять	VERB	C1
4008	att göra fast	закреплять	VERB	-
4009	en infrastruktur	инфраструктура	NOUN	A2
4010	ett party	вечеринка	NOUN	B1
4011	en miss	промах	NOUN	B2
4012	i ordning	в порядке	ADJ	-
4013	erforderlig	необходимый	ADJ	-
4014	ty	ибо	OTHER	A1
4015	såvida	если только	OTHER	B1
4016	ett barnbarn	внук, внучка	NOUN	B1
4017	att skälla	лаять, ругать	VERB	B2
4018	att hålla uppe	поддерживать	VERB	-
4019	jäklig	чертовский	ADJ	-
4020	intelligent	умный	ADJ	B1
4021	en droppe	капля	NOUN	C2
4022	en mänsklighet	человечество	NOUN	A2
4023	ett vardagsrum	гостиная	NOUN	B2
4024	att bifalla	одобрять	VERB	-
4025	en portion	порция	NOUN	B1
4026	en dryck	напиток	NOUN	B1
4027	potentiell	потенциальный	ADJ	A2
4028	att hoppa av	спрыгивать, бросать	VERB	-
4029	ifråga	о котором речь	OTHER	-
4030	att hämta sig	приходить в себя	VERB	-
4031	en bostadsrätt	кооперативная квартира	NOUN	C1
4032	att lägga märke till	замечать	VERB	-
4033	en mätning	измерение	NOUN	B1
4034	ett fiske	рыбалка	NOUN	B1
4035	en lucka	люк, пробел	NOUN	B1
4036	att fullgöra	выполнять	VERB	B2
4037	en bakterie	бактерия	NOUN	B2
4038	en distans	дистанция	NOUN	B2
4039	kollektiv	коллективный	ADJ	A2
4040	rent ut	прямо, открыто	OTHER	-
4041	att surfa	сёрфить	VERB	B2
4042	att dra på sig	навлекать на себя	VERB	-
4043	ett rekord	рекорд	NOUN	B1
4044	vid sidan om	наряду с	OTHER	-
4045	en längtan	тоска	NOUN	B1
4046	övergripande	всеобъемлющий	ADJ	A2
4047	på den punkten	в этом вопросе	OTHER	-
4048	förstörd	разрушенный	ADJ	-
4049	mäktig	могущественный	ADJ	A2
4050	en konstnär	художник	NOUN	A2
4051	att slå ner	сбивать	VERB	-
4052	ett arv	наследство	NOUN	A2
4053	en matta	ковёр	NOUN	B1
4054	en armé	армия	NOUN	A2
4055	att ta sig i kragen	взять себя в руки	VERB	-
4056	att matcha	подходить, сочетать	VERB	B2
4057	att ge upphov till	порождать	VERB	-
4058	att tilldela	присуждать	VERB	B1
4059	på sin plats	уместно	OTHER	-
4060	att böja	гнуть	VERB	B2
4061	en smula	немножко	OTHER	-
4062	en gång i månaden	раз в месяц	OTHER	-
4063	att utebli	не состояться	VERB	C1
4064	en ståndpunkt	точка зрения	NOUN	A2
4065	en storstad	большой город	NOUN	B1
4066	ett urval	выборка	NOUN	B1
4067	en kristendom	христианство	NOUN	A2
4068	en magsjuka	кишечный грипп	NOUN	-
4069	att falla sig	выходить (случаться)	VERB	-
4070	att ta betalt	брать плату	VERB	-
4071	extern	внешний	ADJ	A2
4072	en stackare	бедняга	NOUN	C1
4073	ett kvartal	квартал (года)	NOUN	B1
4074	en tredjedel	треть	NOUN	B1
4075	en firma	фирма	NOUN	B2
4076	en förebild	образец для подражания	NOUN	B1
4077	i sträck	подряд, без перерыва	OTHER	-
4078	ett tempo	темп	NOUN	B1
4079	att kasta in	бросать внутрь	VERB	-
4080	dubbelt	вдвойне	OTHER	B1
4081	att importera	импортировать	VERB	B2
4082	aggressiv	агрессивный	ADJ	B1
4083	hysterisk	истеричный	ADJ	-
4084	att stirra	пялиться	VERB	B2
4085	nyanländ	новоприбывший	ADJ	-
4086	att bryta ut	вспыхивать	VERB	-
4087	en ilska	гнев	NOUN	B1
4088	att peta	ковырять, тыкать	VERB	C1
4089	att upphäva	отменять	VERB	B1
4090	helig	святой	ADJ	A1
4091	en praxis	практика	NOUN	B1
4092	att grunda sig	основываться	VERB	-
4093	verksam	действующий	ADJ	B1
4094	att se ner	смотреть свысока	VERB	-
4095	av betydelse	значимый	ADJ	-
4096	en utvisning	высылка	NOUN	B2
4097	en hemlighet	тайна	NOUN	A2
4098	ett uppehållstillstånd	вид на жительство	NOUN	B1
4099	en förort	пригород	NOUN	B1
4100	ett åtagande	обязательство	NOUN	B1
4101	underlig	странный	ADJ	B1
4102	ett kors	крест	NOUN	A2
4103	emellanåt	время от времени	OTHER	B2
4104	asylsökande	ищущий убежища	ADJ	-
4105	att återfinna	находить снова	VERB	A2
4106	en matematik	математика	NOUN	B1
4107	en bensin	бензин	NOUN	B2
4108	en önskan	желание	NOUN	B1
4109	intill	рядом с	OTHER	B1
4110	en medarbetare	сотрудник	NOUN	A2
4111	att slicka	лизать	VERB	C1
4112	neutral	нейтральный	ADJ	B1
4113	här och nu	здесь и сейчас	OTHER	-
4114	en tystnad	тишина	NOUN	A2
4115	en utrikesminister	министр иностранных дел	NOUN	A2
4116	ett järn	железо	NOUN	B2
4117	knepig	каверзный	ADJ	C1
4118	en verkstad	мастерская	NOUN	B2
4119	olämplig	неподходящий	ADJ	B1
4120	att krångla	капризничать, барахлить	VERB	-
4121	en pryl	штуковина	NOUN	B1
4122	att avge	выделять, давать	VERB	B2
4123	ett nuläge	текущее положение	NOUN	B2
4124	utomhus	на улице, снаружи	OTHER	B2
4125	att efterlysa	объявлять в розыск	VERB	B2
4126	en port	ворота, подъезд	NOUN	A1
4127	positivt	положительно	OTHER	B1
4128	en övergång	переход	NOUN	A2
4129	stadig	устойчивый	ADJ	B2
4130	att isolera	изолировать	VERB	B2
4131	att inkomma	поступать	VERB	B2
4132	en substans	вещество	NOUN	B2
4133	taskig	паршивый	ADJ	-
4134	sjutton	семнадцать	NUM	A1
4135	en partiledare	лидер партии	NOUN	B1
4136	ett riksdagsbeslut	решение риксдага	NOUN	B2
4137	en storebror	старший брат	NOUN	B2
4138	att tanka	заправлять	VERB	C1
4139	att föra fram	выдвигать	VERB	-
4140	att uppföra	возводить, исполнять	VERB	B1
4141	att efterfråga	запрашивать	VERB	-
4142	avslutad	завершённый	ADJ	B1
4143	en tomat	помидор	NOUN	C1
4144	en spegel	зеркало	NOUN	B2
4145	att kompensera	компенсировать	VERB	B1
4146	olika	по-разному	OTHER	-
4147	en omsättning	оборот	NOUN	B2
4148	onekligen	несомненно	OTHER	B1
4149	en propaganda	пропаганда	NOUN	B1
4150	att ta sig fram	пробираться	VERB	-
4151	påtaglig	ощутимый	ADJ	B1
4152	i hopp om	в надежде на	OTHER	-
4153	att promenera	гулять	VERB	B2
4154	att utvidga	расширять	VERB	B1
4155	att lansera	запускать	VERB	A2
4156	kommersiell	коммерческий	ADJ	A2
4157	att prestera	показывать результат	VERB	B1
4158	att ta med en nypa salt	относиться скептически	VERB	-
4159	en konferens	конференция	NOUN	A2
4160	en skylt	вывеска	NOUN	B1
4161	att uppfostra	воспитывать	VERB	B2
4162	att protestera	протестовать	VERB	A2
4163	ett livsmedel	продукты питания	NOUN	B1
4164	ett lår	бедро	NOUN	C1
4165	att översätta	переводить	VERB	A2
4166	överviktig	с избыточным весом	ADJ	-
4167	för helvete	чёрт побери!	OTHER	-
4168	kreativ	творческий	ADJ	A2
4169	annanstans	в другом месте	OTHER	B1
4170	en krets	круг, цепь	NOUN	B1
4171	att få sparken	быть уволенным	VERB	-
4172	ett förnuft	разум	NOUN	B1
4173	en pedofil	педофил	NOUN	B2
4174	en morgondag	завтрашний день	NOUN	B1
4175	en handläggning	рассмотрение (дела)	NOUN	B2
4176	en lax	лосось	NOUN	B2
4177	en farsa	папаша (разг.)	NOUN	-
4178	kemisk	химический	ADJ	B1
4179	en leverans	поставка	NOUN	B1
4180	en tatuering	татуировка	NOUN	-
4181	ett bekymmer	забота, беспокойство	NOUN	B1
4182	ett skräp	хлам	NOUN	B2
4183	trög	медлительный	ADJ	C1
4184	att ta rätt	поправиться (о еде)	VERB	-
4185	ett team	команда	NOUN	-
4186	att konkurrera	конкурировать	VERB	B1
4187	en rök	дым	NOUN	B2
4188	en trosa	трусики	NOUN	C2
4189	en promemoria	докладная записка	NOUN	-
4190	rationell	рациональный	ADJ	B1
4191	att blunda	зажмуриться	VERB	B1
4192	handikappad	инвалид, с инвалидностью	ADJ	-
4193	principiell	принципиальный	ADJ	B2
4194	att gå på	продолжать; наступать	VERB	-
4195	att samla sig	собраться с мыслями	VERB	-
4196	aj	ай!	OTHER	-
4197	en prioritering	приоритет	NOUN	B1
4198	att utspela sig	разыгрываться	VERB	B1
4199	ett försäkringsbolag	страховая компания	NOUN	B2
4200	att inneha	занимать (пост)	VERB	B1
4201	en otrohet	измена	NOUN	-
4202	en anda	дух	NOUN	A2
4203	att sätta dit	подставлять, поймать	VERB	-
4204	ett objekt	объект	NOUN	B1
4205	en ansökning	заявление	NOUN	B1
4206	att lätta	облегчать	VERB	A2
4207	etablerad	устоявшийся	ADJ	A2
4208	en gumma	старушка	NOUN	C1
4209	att erinra	напоминать	VERB	B1
4210	ett sparande	сбережения	NOUN	B1
4211	en jurist	юрист	NOUN	B1
4212	bar	голый	ADJ	A2
4213	en bekräftelse	подтверждение	NOUN	B2
4214	professionell	профессиональный	ADJ	B1
4215	en morot	морковь	NOUN	C1
4216	en fabrik	фабрика	NOUN	A2
4217	en mardröm	кошмар	NOUN	B2
4218	kunnig	знающий	ADJ	B1
4219	en lillasyster	младшая сестра	NOUN	C1
4220	en integritet	неприкосновенность	NOUN	A2
4221	en hyresgäst	квартиросъёмщик	NOUN	B2
4222	en femma	пятёрка	NOUN	C1
4223	ett antagande	предположение	NOUN	B1
4224	en befogenhet	полномочие	NOUN	B1
4225	en socken	приход (церковный)	NOUN	-
4226	i andra hand	во вторую очередь	OTHER	-
4227	ideell	некоммерческий	ADJ	B1
4228	en sändning	передача, отправка	NOUN	B2
4229	saklig	деловой, объективный	ADJ	A2
4230	ett smink	косметика	NOUN	C1
4231	att åtgärda	исправлять	VERB	B2
4232	facklig	профсоюзный	ADJ	A2
4233	en utställning	выставка	NOUN	A2
4234	att separera	разделять	VERB	C1
4235	en inledning	введение	NOUN	A2
4236	att missförstå	неправильно понимать	VERB	B2
4237	ett fält	поле	NOUN	A2
4238	en finansminister	министр финансов	NOUN	B1
4239	att slösa	транжирить	VERB	B2
4240	illegal	нелегальный	ADJ	B1
4241	att pyssla	возиться	VERB	C1
4242	en registrering	регистрация	NOUN	B1
4243	vass	острый	ADJ	B2
4244	tänkbar	мыслимый	ADJ	B1
4245	att fixera	фиксировать	VERB	-
4246	att åka fast	попасться	VERB	-
4247	en hatt	шляпа	NOUN	B2
4248	en doft	аромат	NOUN	B1
4249	en skådespelare	актёр	NOUN	B1
4250	nyfödd	новорождённый	ADJ	C1
4251	efterbliven	отсталый	ADJ	-
4252	ett omdöme	суждение	NOUN	B1
4253	spansk	испанский	ADJ	A2
4254	deprimerad	подавленный	ADJ	C1
4255	att anhålla	задерживать, ходатайствовать	VERB	-
4256	en anstalt	учреждение	NOUN	C1
4257	ett landskap	ландшафт, провинция	NOUN	A2
4258	i brist på	за неимением	OTHER	-
4259	att betala sig	окупаться	VERB	-
4260	att sysselsätta	занимать (работой)	VERB	-
4261	slutlig	окончательный	ADJ	A2
4262	vari	в чём	OTHER	B2
4263	imponerande	впечатляющий	ADJ	B1
4264	en drink	коктейль	NOUN	C1
4265	hand i hand	рука об руку	OTHER	-
4266	att kommunicera	общаться	VERB	A2
4267	en huvudman	учредитель	NOUN	B2
4268	att läsa in	записывать, учить	VERB	-
4269	officiellt	официально	OTHER	B1
4270	en amerikan	американец	NOUN	A2
4271	skeptisk	скептический	ADJ	B1
4272	en narkotika	наркотики	NOUN	-
4273	realistisk	реалистичный	ADJ	B1
4274	i egenskap av	в качестве	OTHER	-
4275	att mobba	травить, издеваться	VERB	-
4276	att spela upp	проигрывать (запись)	VERB	-
4277	att skruva	крутить, завинчивать	VERB	B2
4278	att förknippa	ассоциировать	VERB	B1
4279	att råna	грабить	VERB	C1
4280	en ledighet	отпуск, выходной	NOUN	B2
4281	frivilligt	добровольно	OTHER	B1
4282	villigt	охотно	OTHER	B1
4283	en import	импорт	NOUN	B1
4284	en tunnelbana	метро	NOUN	B1
4285	sliten	изношенный	ADJ	-
4286	att få ihop det	сводить концы с концами	VERB	-
4287	en planet	планета	NOUN	A2
4288	påverkad	под влиянием	ADJ	-
4289	krånglig	запутанный	ADJ	B2
4290	en kyla	холод	NOUN	B1
4291	att bryta ihop	сломаться (эмоц.)	VERB	-
4292	att lägga sig ner	ложиться	VERB	-
4293	missnöjd	недовольный	ADJ	B1
4294	fristående	независимый	ADJ	B1
4295	att akta sig	остерегаться	VERB	-
4296	en supporter	болельщик	NOUN	B2
4297	strikt	строгий	ADJ	B2
4298	schysst	порядочный, классный	ADJ	-
4299	att återgå	возвращаться	VERB	B1
4300	en kollektivtrafik	общественный транспорт	NOUN	B1
4301	härifrån	отсюда	OTHER	B1
4302	en plast	пластик	NOUN	B2
4303	nedre	нижний	ADJ	B2
4304	allergisk	аллергический	ADJ	C2
4305	att släcka	гасить	VERB	B2
4306	ett stryk	побои	NOUN	B2
4307	att resa sig upp	вставать	VERB	-
4308	en tillverkare	производитель	NOUN	B1
4309	en front	фронт	NOUN	B1
4310	både det ena och det andra	и то, и другое	OTHER	-
4311	ett skick	состояние	NOUN	B1
4312	en väninna	подруга	NOUN	C1
4313	en ficka	карман	NOUN	B1
4314	en hustru	супруга	NOUN	A2
4315	en lukt	запах	NOUN	C1
4316	en slant	монетка	NOUN	B2
4317	en kristdemokrat	христианский демократ	NOUN	A2
4318	en närvaro	присутствие	NOUN	A2
4319	ett utbyte	обмен	NOUN	A2
4320	obekväm	неудобный	ADJ	B2
4321	en tillverkning	производство	NOUN	B1
4322	en allergi	аллергия	NOUN	C1
4323	smutsig	грязный	ADJ	B1
4324	en rea	распродажа	NOUN	C2
4325	att säga sig själv	быть очевидным	VERB	-
4326	en häck	живая изгородь	NOUN	C1
4327	en skattebetalare	налогоплательщик	NOUN	B1
4328	hopplös	безнадёжный	ADJ	C1
4329	en baby	младенец	NOUN	B2
4330	en potential	потенциал	NOUN	B1
4331	ett utfall	результат	NOUN	B1
4332	att ta itu med	взяться за	VERB	-
4333	att förvara	хранить	VERB	B2
4334	med beaktande av	с учётом	OTHER	-
4335	dramatisk	драматический	ADJ	B1
4336	att gå till väga	действовать (как)	VERB	-
4337	en målsättning	цель	NOUN	B1
4338	som regel	как правило	OTHER	-
4339	osannolik	маловероятный	ADJ	B2
4340	att försena	задерживать	VERB	C1
4341	en leverantör	поставщик	NOUN	B1
4342	en flagga	флаг	NOUN	B1
4343	att uppträda	выступать	VERB	A2
4344	en tavla	картина, доска	NOUN	B1
4345	att fuska	жульничать	VERB	-
4346	att sitta bra	сидеть хорошо	VERB	-
4347	att förhandla	вести переговоры	VERB	A2
4348	en examen	экзамен, диплом	NOUN	B2
4349	förlorad	потерянный	ADJ	-
4350	likadant	одинаково	OTHER	B1
4351	att unna	позволять (себе)	VERB	A1
4352	ett skitsnack	чушь	NOUN	-
4353	att klargöra	разъяснять	VERB	B1
4354	förekommande	встречающийся	ADJ	-
4355	udda	странный, нечётный	ADJ	B1
4356	att haka	цеплять	VERB	B2
4357	på ett ungefär	примерно	OTHER	-
4358	att dra slutsatsen	делать вывод	VERB	-
4359	en ande	дух	NOUN	A1
4360	absurd	абсурдный	ADJ	B1
4361	en överraskning	сюрприз	NOUN	B1
4362	en tunga	язык (орган)	NOUN	B2
4363	att förtydliga	уточнять	VERB	B2
4364	att springa in	забегать	VERB	-
4365	en show	шоу	NOUN	B2
4366	årligen	ежегодно	OTHER	B1
4367	ett överskott	излишек	NOUN	B1
4368	en terrorism	терроризм	NOUN	A2
4369	en cigg	сигарета (разг.)	NOUN	-
4370	negativt	отрицательно	OTHER	B1
4371	ett utland	заграница	NOUN	B1
4372	oförändrad	неизменный	ADJ	B1
4373	ett öde	судьба	NOUN	A2
4374	hur pass	насколько	OTHER	-
4375	en nagel	ноготь	NOUN	C1
4376	att tilltala	привлекать, обращаться	VERB	B2
4377	att förse	снабжать	VERB	B1
4378	berättigad	обоснованный	ADJ	B1
4379	ointressant	неинтересный	ADJ	B1
4380	att få besök	принимать гостей	VERB	-
4381	akademisk	академический	ADJ	B1
4382	ironisk	иронический	ADJ	C1
4383	en dejt	свидание	NOUN	-
4384	en kabel	кабель	NOUN	B2
4385	successiv	постепенный	ADJ	C2
4386	stående	стоячий	ADJ	-
4387	ett barnbidrag	детское пособие	NOUN	-
4388	att stöta på	натыкаться на	VERB	-
4389	inget vidare	так себе	OTHER	-
4390	rörlig	подвижный	ADJ	B1
4391	så värst	особо (не)	OTHER	-
4392	en valuta	валюта	NOUN	A2
4393	ett eko	эхо	NOUN	B2
4394	en hundralapp	сотенная купюра	NOUN	-
4395	en inflation	инфляция	NOUN	A2
4396	en verkan	действие, эффект	NOUN	A2
4397	att tillstyrka	поддерживать (предложение)	VERB	B2
4398	en mus	мышь	NOUN	C1
4399	en roman	роман	NOUN	A2
4400	en variation	вариация	NOUN	B1
4401	en lur	трубка; дремота	NOUN	C1
4402	ett dödsfall	смерть (случай)	NOUN	B1
4403	att förordna	назначать, предписывать	VERB	C1
4404	en avkastning	доходность	NOUN	B1
4405	optimal	оптимальный	ADJ	B2
4406	på sin höjd	самое большее	OTHER	-
4407	åt gången	за один раз	OTHER	-
4408	härmed	настоящим	OTHER	B1
4409	en talang	талант	NOUN	B1
4410	en privatperson	частное лицо	NOUN	B1
4411	att svida	жечь, щипать	VERB	C1
4412	en studerande	учащийся	NOUN	B2
4413	att sträva	стремиться	VERB	A2
4414	inom en snar framtid	в ближайшем будущем	OTHER	-
4415	en påföljd	последствие, санкция	NOUN	B1
4416	rätt som	вдруг (rätt som det är)	OTHER	-
4417	formellt	формально	OTHER	B1
4418	ända till	вплоть до	OTHER	-
4419	att återställa	восстанавливать	VERB	B1
4420	en sand	песок	NOUN	B1
4421	att fara illa	пострадать	VERB	-
4422	en fysik	физика	NOUN	B1
4423	att stämma överens	совпадать	VERB	-
4424	en barndom	детство	NOUN	B1
4425	att klistra	клеить	VERB	B2
4426	att knäppa	застёгивать, щёлкать	VERB	C1
4427	en klassiker	классика	NOUN	B1
4428	att ta för sig	угощаться, брать	VERB	-
4429	successivt	постепенно	OTHER	B1
4430	en flytt	переезд	NOUN	B2
4431	ett inbrott	взлом	NOUN	-
4432	på köpet	в придачу	OTHER	-
4433	bestående	постоянный	ADJ	A2
4434	en kändis	знаменитость	NOUN	B2
4435	att spana	высматривать	VERB	B2
4436	att slå sönder	разбивать	VERB	-
4437	ett moln	облако	NOUN	B1
4438	att ta sitt liv	покончить с собой	VERB	-
4439	likvärdig	равноценный	ADJ	B1
4440	att slå upp	раскрывать, искать (в словаре)	VERB	-
4441	taggad	заряженный, воодушевлённый	ADJ	-
4442	att fria	свататься	VERB	B1
4443	från och med nu	отныне	OTHER	-
4444	att pilla	ковыряться	VERB	-
4445	en intelligens	интеллект	NOUN	C2
4446	en center	центр	NOUN	B1
4447	att sörja	скорбеть	VERB	B1
4448	en fotograf	фотограф	NOUN	A2
4449	ett parlament	парламент	NOUN	A1
4450	att avta	уменьшаться	VERB	B2
4451	att tugga	жевать	VERB	C1
4452	en nöt	орех	NOUN	C2
4453	radikal	радикальный	ADJ	A2
4454	snål	скупой	ADJ	-
4455	i avvaktan på	в ожидании	OTHER	-
4456	att tacka ja	соглашаться (на предложение)	VERB	-
4457	glatt	радостно	OTHER	B2
4458	att missbruka	злоупотреблять	VERB	B2
4459	ett lagråd	Совет по законодательству	NOUN	B1
4460	i det stora hela	в целом	OTHER	-
4461	en mästare	мастер, чемпион	NOUN	B1
4462	till saken	к делу	OTHER	-
4463	att dejta	ходить на свидания	VERB	-
4464	att reflektera	размышлять	VERB	B1
4465	i väg	прочь, в путь	OTHER	-
4466	ett mode	мода	NOUN	B2
4467	ett pressmeddelande	пресс-релиз	NOUN	B1
4468	en frånvaro	отсутствие	NOUN	B1
4469	ikapp	вдогонку	OTHER	B2
4470	med säkerhet	с уверенностью	OTHER	-
4471	en demonstration	демонстрация	NOUN	A2
4472	en apa	обезьяна	NOUN	B2
4473	en soppa	суп	NOUN	C1
4474	alltmer	всё больше	OTHER	-
4475	en förpackning	упаковка	NOUN	B2
4476	knäpp	чокнутый	ADJ	-
4477	en besvikelse	разочарование	NOUN	B1
4478	ett koncept	концепция	NOUN	B1
4479	att dö ut	вымирать	VERB	-
4480	att offra	жертвовать	VERB	B1
4481	med hänvisning till	ссылаясь на	OTHER	B1
4482	att arrangera	организовывать	VERB	A2
4483	minst sagt	мягко говоря	OTHER	B1
4484	en arbetsmiljö	условия труда	NOUN	B2
4485	ett reportage	репортаж	NOUN	B1
4486	en existens	существование	NOUN	A2
4487	fantastiskt	фантастически	OTHER	B1
4488	en ros	роза	NOUN	B2
4489	ett tvång	принуждение	NOUN	B1
4490	att dra ut på tiden	затягиваться	VERB	-
4491	var för sig	по отдельности	OTHER	-
4492	att växla	менять, обменивать	VERB	B2
4493	en spekulation	спекуляция	NOUN	B1
4494	att bosätta sig	поселиться	VERB	B2
4495	att värma upp	разогревать	VERB	-
4496	en guide	гид	NOUN	B1
4497	att justera	регулировать	VERB	B2
4498	vanligen	обычно	OTHER	B1
4499	en hyresvärd	арендодатель	NOUN	C1
4500	ett skåp	шкаф	NOUN	B2
4501	såpass	настолько	OTHER	-
4502	att få syn på	увидеть	VERB	-
4503	feministisk	феминистский	ADJ	-
4504	geografisk	географический	ADJ	B1
4505	synlig	видимый	ADJ	B1
4506	en gren	ветка, отрасль	NOUN	B1
4507	i fred	в покое	OTHER	B2
4508	ett samlag	половой акт	NOUN	C1
4509	en hårddisk	жёсткий диск	NOUN	B2
4510	att förvandla	превращать	VERB	A2
4511	att komma iväg	выбраться	VERB	-
4512	simpel	простой	ADJ	-
4513	ett snus	снюс	NOUN	C1
4514	att leva om	шуметь, скандалить	VERB	-
4515	att dra ihop	стягивать	VERB	-
4516	att klippa sig	стричься	VERB	-
4517	ett flöde	поток	NOUN	B1
4518	en skandal	скандал	NOUN	B1
4519	intellektuell	интеллектуальный	ADJ	A2
4520	att överensstämma	совпадать	VERB	B1
4521	blond	светловолосый	ADJ	C1
4522	systematisk	систематический	ADJ	B1
4523	en självkänsla	самооценка	NOUN	B2
4524	att stå fast	стоять на своём	VERB	-
4525	otäck	противный	ADJ	-
4526	ingenstans	нигде	OTHER	B2
4527	en kyl	холодильник	NOUN	-
4528	gigantisk	гигантский	ADJ	B1
4529	ett lock	крышка	NOUN	B1
4530	en marknadsföring	маркетинг	NOUN	A2
4531	en sjukskrivning	больничный	NOUN	C1
4532	mestadels	большей частью	OTHER	B1
4533	att lära ut	обучать	VERB	-
4534	att utvärdera	оценивать	VERB	B1
4535	ingående	подробный	ADJ	B2
4536	att infinna sig	являться	VERB	B2
4537	att bygga om	перестраивать	VERB	-
4538	att bli över	оставаться (лишним)	VERB	-
4539	ett sikte	прицел	NOUN	A2
4540	en ironi	ирония	NOUN	B2
4541	att släpa	тащить	VERB	B2
4542	till hands	под рукой	ADJ	-
4543	att bearbeta	обрабатывать	VERB	B2
4544	en besparing	экономия	NOUN	B1
4545	i åtanke	в мыслях	OTHER	-
4546	till fullo	в полной мере	OTHER	B2
4547	en budgetproposition	проект бюджета	NOUN	B2
4548	en redogörelse	отчёт	NOUN	B2
4549	konservativ	консервативный	ADJ	A2
4550	år efter år	год за годом	OTHER	-
4551	en vinkel	угол	NOUN	B1
4552	en prinsessa	принцесса	NOUN	B1
4553	fuktig	влажный	ADJ	C1
4554	en våning	этаж	NOUN	B1
4555	såld	проданный	ADJ	-
4556	att rusa	мчаться	VERB	B1
4557	en spjälsäng	детская кроватка	NOUN	-
4558	att lista ut	догадаться	VERB	-
4559	underhållande	занимательный	ADJ	B1
4560	att skina	светить	VERB	C1
4561	ett slott	замок	NOUN	A2
4562	lysande	блестящий	ADJ	B1
4563	en styrning	управление	NOUN	B1
4564	ställd	поставленный; озадаченный	ADJ	-
4565	konstigt	странно	OTHER	B1
4566	att peppa	подбадривать	VERB	-
4567	en box	коробка	NOUN	C1
4568	ett anfall	нападение	NOUN	A2
4569	real	реальный	ADJ	B2
4570	att slopa	отменять	VERB	B2
4571	en förberedelse	подготовка	NOUN	B1
4572	att tillbringa	проводить (время)	VERB	A2
4573	inhemsk	отечественный	ADJ	A2
4574	ett psyke	психика	NOUN	C1
4575	att sätta stopp	положить конец	VERB	-
4576	med en nypa salt	с долей скептицизма	OTHER	-
4577	att besluta sig	решиться	VERB	-
4578	att leva livet	наслаждаться жизнью	VERB	-
4579	strategisk	стратегический	ADJ	A2
4580	vart än	куда бы ни	OTHER	-
4581	dåvarande	тогдашний	ADJ	B1
4582	en sjal	шаль	NOUN	-
4583	dold	скрытый	ADJ	B1
4584	likväl	тем не менее	OTHER	B1
4585	härigenom	тем самым	OTHER	-
4586	i det närmaste	почти	OTHER	-
4587	en instans	инстанция	NOUN	A2
4588	att skynda	торопиться	VERB	B1
4589	en oskuld	девственность	NOUN	C1
4590	en höft	бедро (таз)	NOUN	C1
4591	preliminär	предварительный	ADJ	B2
4592	neråt	вниз	OTHER	-
4593	en föräldrapenning	родительское пособие	NOUN	-
4594	en borg	крепость	NOUN	B2
4595	söder	юг	NOUN	B1
4596	att föra sig	держаться (вести себя)	VERB	-
4597	engagerad	увлечённый	ADJ	-
4598	att förefalla	казаться	VERB	A2
4599	ett och ett	по одному	OTHER	-
4600	för stunden	на данный момент	OTHER	-
4601	att ragga	клеить, знакомиться	VERB	-
4602	en recension	рецензия	NOUN	A2
4603	en barnomsorg	уход за детьми	NOUN	B2
4604	att förvärva	приобретать	VERB	B2
4605	en hyresrätt	съёмная квартира	NOUN	B2
4606	ett stall	конюшня	NOUN	B1
4607	en baksida	обратная сторона	NOUN	B1
4608	en turnering	турнир	NOUN	B1
4609	en konstruktion	конструкция	NOUN	B1
4610	ett godkännande	одобрение	NOUN	B1
4611	ett tvivel	сомнение	NOUN	A2
4612	ett och annat	то одно, то другое	OTHER	-
4613	ett skrik	крик	NOUN	C1
4614	ett elände	беда, нищета	NOUN	B1
4615	ett medborgarskap	гражданство	NOUN	B1
4616	långt borta	далеко	OTHER	-
4617	att hurra	кричать «ура»	VERB	C1
4618	att redogöra	отчитываться	VERB	B1
4619	en missbrukare	наркоман, алкоголик	NOUN	-
4620	att våga sig	осмелиться	VERB	-
4621	en sekretess	секретность	NOUN	B2
4622	en läggning	склонность, ориентация	NOUN	A2
4623	ett aktiebolag	акционерное общество	NOUN	B2
4624	att hålla till	находиться, обитать	VERB	-
4625	ett derby	дерби	NOUN	-
4626	en presskonferens	пресс-конференция	NOUN	B2
4627	en moms	НДС	NOUN	B2
4628	att köra över	переезжать (колёсами)	VERB	-
4629	att lägga för	накладывать (еду)	VERB	-
4630	skattskyldig	облагаемый налогом	ADJ	-
4631	en bloggare	блогер	NOUN	A2
4632	att skryta	хвастаться	VERB	B2
4633	väsentligt	существенно	OTHER	B1
4634	att diska	мыть посуду	VERB	-
4635	en översättning	перевод	NOUN	A2
4636	ett säte	сиденье, резиденция	NOUN	B1
4637	att ingripa	вмешиваться	VERB	B1
4638	att svära	клясться, ругаться	VERB	B1
4639	ett gnäll	нытьё	NOUN	-
4640	en cola	кола	NOUN	-
4641	att aktivera	активировать	VERB	B2
4642	en opinion	общественное мнение	NOUN	A2
4643	en administration	администрация	NOUN	B1
4644	att sätta ihop	собирать, соединять	VERB	-
4645	att bibehålla	сохранять	VERB	B1
4646	en beredskap	готовность	NOUN	B2
4647	att värva	вербовать	VERB	B1
4648	ett monster	монстр	NOUN	B2
4649	en prins	принц	NOUN	B1
4650	en marginal	маржа, поле	NOUN	B1
4651	besvärlig	затруднительный	ADJ	B1
4652	en mobiltelefon	мобильный телефон	NOUN	B1
4653	att borsta	чистить щёткой	VERB	C1
4654	en terapi	терапия	NOUN	C1
4655	ett deltagande	участие	NOUN	A2
4656	norr om	к северу от	OTHER	B1
4657	en kärnkraft	атомная энергетика	NOUN	A2
4658	ett belägg	доказательство	NOUN	B1
4659	att dra åt	затягивать	VERB	-
4660	att gå tillväga	действовать, поступать	VERB	-
4661	en sköterska	медсестра	NOUN	-
4662	glasögon	очки	NOUN	B2
4663	att köra upp	сдавать на права	VERB	-
4664	ett kejsarsnitt	кесарево сечение	NOUN	-
4665	ett ego	эго	NOUN	-
4666	att underskatta	недооценивать	VERB	B2
4667	ett äventyr	приключение	NOUN	B1
4668	märkligt	странно	OTHER	B1
4669	att invänta	дожидаться	VERB	-
4670	att spotta	плевать	VERB	C1
4671	en källare	подвал	NOUN	B2
4672	ett preparat	препарат	NOUN	-
4673	en förundersökning	предварительное следствие	NOUN	B2
4674	att lämna tillbaka	возвращать	VERB	-
4675	ett skal	скорлупа, кожура	NOUN	B2
4676	för evigt	навсегда	OTHER	-
4677	en pinne	палка	NOUN	C2
4678	att reta sig	раздражаться	VERB	-
4679	att gå i pension	уходить на пенсию	VERB	-
4680	en tröst	утешение	NOUN	B2
4681	en presentation	презентация	NOUN	B1
4682	att vittna	свидетельствовать	VERB	A2
4683	en motsvarighet	аналог	NOUN	B1
4684	för all del	пожалуйста!, разумеется	OTHER	-
4685	en behörighet	полномочия, право	NOUN	B1
4686	en moderkaka	плацента	NOUN	-
4687	en best	зверь	NOUN	C1
4688	en anpassning	приспособление	NOUN	B1
4689	att bita ihop	стиснуть зубы	VERB	-
4690	en auktion	аукцион	NOUN	B2
4691	ett drama	драма	NOUN	B2
4692	att twittra	твитить	VERB	-
4693	i kombination med	в сочетании с	OTHER	B1
4694	att hålla upp	придерживать	VERB	-
4695	en shopping	шопинг	NOUN	B2
4696	en stadga	устав	NOUN	B1
4697	ensamkommande	несопровождаемый (о детях)	ADJ	-
4698	en regim	режим	NOUN	A2
4699	en faktura	счёт-фактура	NOUN	C1
4700	en frakt	фрахт, доставка	NOUN	-
4701	att bädda	стелить постель	VERB	C1
4702	kort och gott	короче говоря	OTHER	-
4703	inomhus	в помещении	OTHER	B2
4704	att sola	загорать	VERB	C1
4705	att söka upp	разыскивать	VERB	-
4706	troende	верующий	ADJ	B1
4707	att dokumentera	документировать	VERB	B2
4708	att stå emot	противостоять	VERB	-
4709	att kliva upp	вставать	VERB	-
4710	att inskränka	ограничивать	VERB	B1
4711	en växtlighet	растительность	NOUN	C2
4712	att vara på	быть включённым (о приборе)	VERB	-
4713	att pricka	попадать в цель	VERB	B2
4714	småbarn	маленькие дети	NOUN	-
4715	ett stadium	стадия	NOUN	B1
4716	ett stadion	стадион	NOUN	C1
4717	att sortera	сортировать	VERB	B1
4718	att sätta igen	закупоривать	VERB	-
4719	isär	врозь	OTHER	B2
4720	att befria	освобождать	VERB	B1
4721	oväntat	неожиданно	OTHER	B1
4722	en ohälsa	плохое здоровье	NOUN	B2
4723	synnerligen	исключительно	OTHER	B1
4724	att hänföra	относить (к)	VERB	B2
4725	komplex	сложный	ADJ	B1
4726	att ta åt sig	принимать на свой счёт	VERB	-
4727	ett sug	тяга, желание	NOUN	-
4728	en visning	показ	NOUN	A2
4729	psykologisk	психологический	ADJ	B1
4730	en övervakning	наблюдение	NOUN	A2
4731	gott och väl	с лихвой	OTHER	-
4732	ett avfall	отходы	NOUN	B1
4733	att blockera	блокировать	VERB	B1
4734	verkligt	действительно	OTHER	B1
4735	kontinuerlig	непрерывный	ADJ	B2
4736	äsch	эх!	OTHER	-
4737	in i det sista	до последнего	OTHER	-
4738	ett ombud	представитель (юр.)	NOUN	B1
4739	en arbetsgrupp	рабочая группа	NOUN	B1
4740	generös	щедрый	ADJ	B2
4741	sträng	строгий	ADJ	B1
4742	en bröstvårta	сосок	NOUN	-
4743	en turist	турист	NOUN	B1
4744	en cell	клетка	NOUN	B1
4745	gripen	растроганный, задержанный	ADJ	-
4746	obegriplig	непонятный	ADJ	B1
4747	ytlig	поверхностный	ADJ	B2
4748	ett tycke	мнение, симпатия	NOUN	B1
4749	ett lösenord	пароль	NOUN	B2
4750	ett kvitto	чек, квитанция	NOUN	C1
4751	att trampa	топтать, крутить педали	VERB	B1
4752	tillfredsställande	удовлетворительный	ADJ	B1
4753	primär	первичный	ADJ	B2
4754	en gran	ель	NOUN	B1
4755	en pool	бассейн	NOUN	C1
4756	att förlita sig	полагаться	VERB	B2
4757	konsekvent	последовательно	OTHER	B1
4758	en fordran	требование (долг)	NOUN	-
4759	ett ingrepp	вмешательство	NOUN	B2
4760	att pussa	целовать	VERB	-
4761	ett element	элемент	NOUN	A2
4762	gnällig	ворчливый	ADJ	-
4763	föräldraledig	в декретном отпуске	ADJ	-
4764	japansk	японский	ADJ	A2
4765	en effektivitet	эффективность	NOUN	B1
4766	en självklarhet	само собой разумеющееся	NOUN	B1
4767	en kännedom	осведомлённость	NOUN	B1
4768	att starta upp	запускать	VERB	-
4769	ett intyg	справка	NOUN	B2
4770	en kredit	кредит	NOUN	B1
4771	en empati	эмпатия	NOUN	B2
4772	åtskillig	многочисленный	ADJ	B1
4773	bosatt	проживающий	ADJ	B1
4774	att attrahera	привлекать	VERB	C1
4775	till döds	до смерти	OTHER	-
4776	en kjol	юбка	NOUN	C1
4777	bergig	гористый	ADJ	C2
4778	en kalori	калория	NOUN	C1
4779	att känna på	пощупать, испытать	VERB	-
4780	en spets	остриё	NOUN	B1
4781	passiv	пассивный	ADJ	B1
4782	intagen	принятый; госпитализированный	ADJ	-
4783	att angripa	атаковать	VERB	A2
4784	att uppvisa	демонстрировать	VERB	B1
4785	en vision	видение	NOUN	A2
4786	att säga upp sig	увольняться	VERB	-
4787	ett blad	лист	NOUN	A2
4788	en författning	конституция	NOUN	B1
4789	att uppföra sig	вести себя	VERB	-
4790	att förvalta	управлять (имуществом)	VERB	B1
4791	en dikt	стихотворение	NOUN	A2
4792	en utsikt	вид, перспектива	NOUN	A2
4793	en kurd	курд	NOUN	B2
4794	komplett	полный, комплектный	ADJ	B1
4795	ett skede	стадия, этап	NOUN	A2
4796	att undanta	исключать	VERB	C1
4797	ett medlemskap	членство	NOUN	A2
4798	en inspektion	инспекция	NOUN	B2
4799	att lägga samman	складывать	VERB	-
4800	en cirkel	круг	NOUN	B1
4801	ett bi	пчела	NOUN	C2
4802	turkisk	турецкий	ADJ	B1
4803	att inhämta	собирать (сведения)	VERB	B2
4804	en anvisning	указание	NOUN	B2
4805	sluten	закрытый	ADJ	-
4806	en utbetalning	выплата	NOUN	B2
4807	i motsats till	в отличие от	OTHER	B2
4808	en insyn	прозрачность, доступ	NOUN	B1
4809	innanför	внутри	OTHER	B1
4810	en problematik	проблематика	NOUN	B1
4811	utvecklad	развитый	ADJ	-
4812	till varje pris	любой ценой	OTHER	-
4813	en invändning	возражение	NOUN	B1
4814	en asyl	убежище	NOUN	B2
4815	att slita sig	вырываться	VERB	-
4816	att lotta	разыгрывать по жребию	VERB	-
4817	att bevaka	охранять, следить	VERB	B1
4818	en puck	шайба	NOUN	-
4819	ett uttag	снятие (денег), розетка	NOUN	C1
4820	en livstid	пожизненный срок	NOUN	B2
4821	tjena	привет (разг.)	OTHER	-
4822	ett underskott	дефицит	NOUN	B1
4823	en fläck	пятно	NOUN	B2
4824	att berömma	хвалить	VERB	C1
4825	att stiga upp	вставать	VERB	-
4826	att framlägga	представлять (документ)	VERB	C1
4827	en arbetsdag	рабочий день	NOUN	B2
4828	långvarig	длительный	ADJ	B1
4829	stel	жёсткий, скованный	ADJ	C1
4830	en handläggare	куратор дела	NOUN	-
4831	en formulering	формулировка	NOUN	B1
4832	ett däck	шина, палуба	NOUN	B2
4833	att lämpa	подходить	VERB	-
4834	en varelse	существо	NOUN	A2
4835	att beteckna	обозначать	VERB	B1
4836	ett gods	товар, имение	NOUN	B1
4837	att dra fram	вытаскивать	VERB	-
4838	kraftfull	мощный	ADJ	A2
4839	en ingång	вход	NOUN	B1
4840	ett kval	муки; квалификация	NOUN	C1
4841	betydelsefull	значимый	ADJ	B1
4842	att sätta fast	закреплять	VERB	-
4843	en kamrat	товарищ	NOUN	A2
4844	ett läger	лагерь	NOUN	A2
4845	en hobby	хобби	NOUN	C1
4846	inlagd	маринованный; госпитализированный	ADJ	B1
4847	en folkgrupp	этническая группа	NOUN	B1
4848	skattepengar	налоговые деньги	NOUN	B1
4849	genuin	подлинный	ADJ	B2
4850	att beskatta	облагать налогом	VERB	B2
4851	ett kollektivavtal	коллективный договор	NOUN	B1
4852	en interpellation	запрос (в парламенте)	NOUN	B1
4853	en reporter	репортёр	NOUN	B1
4854	jämställd	равноправный	ADJ	-
4855	vardera	каждый из (двух)	OTHER	B2
4856	fritt fram	можно, путь свободен	ADJ	-
4857	att ärva	наследовать	VERB	B1
4858	en referens	ссылка, референс	NOUN	A2
4859	en prestation	достижение	NOUN	B1
4860	att döma ut	осуждать (в суде)	VERB	-
4861	att ta nya tag	начинать заново	VERB	-
4862	i högre grad	в большей степени	OTHER	-
4863	att släppa sig	отпускать себя; пукать	VERB	-
4864	en tobak	табак	NOUN	C1
4865	dödlig	смертельный	ADJ	B1
4866	parallellt	параллельно	OTHER	B1
4867	att dra ihop sig	сжиматься	VERB	-
4868	en nedgång	спад	NOUN	B1
4869	en skinka	ветчина	NOUN	C1
4870	söder om	к югу от	OTHER	B1
4871	jämte	наряду с	OTHER	B1
4872	ombord	на борту	OTHER	B1
4873	en läxa	домашнее задание	NOUN	B2
4874	en insida	внутренняя сторона	NOUN	B2
4875	att komma bort	теряться	VERB	-
4876	strax efter	вскоре после	OTHER	B1
4877	varmt	тепло	OTHER	B1
4878	enhetlig	единообразный	ADJ	B1
4879	lagligt	законно	OTHER	B1
4880	att falla in	присоединяться (подхватить)	VERB	-
4881	en regi	режиссура	NOUN	B2
4882	att slå om	меняться (о погоде)	VERB	-
4883	att avveckla	сворачивать (деятельность)	VERB	B1
4884	att jämställa	уравнивать	VERB	C1
4885	en personuppgift	персональные данные	NOUN	B2
4886	att dra av	вычитать	VERB	-
4887	att ställa ut	выставлять	VERB	-
4888	en överföring	перевод (денег), передача	NOUN	B1
4889	att påvisa	доказывать	VERB	B1
4890	maximal	максимальный	ADJ	B1
4891	en klump	комок	NOUN	C1
4892	att möta upp	встречать	VERB	-
4893	ett embryo	эмбрион	NOUN	C1
4894	ett upplägg	схема, план	NOUN	B2
4895	en fattigdom	бедность	NOUN	A2
4896	att ge tillbaka	возвращать, отдавать	VERB	-
4897	en delegation	делегация	NOUN	B1
4898	i blodet	в крови	ADJ	-
4899	spänd	напряжённый	ADJ	C1
4900	en valp	щенок	NOUN	B2
4901	att referera	ссылаться	VERB	B1
4902	att förnya	обновлять	VERB	B2
4903	en måne	луна	NOUN	B1
4904	att förmå	заставлять, быть в силах	VERB	A2
4905	en brorsa	братишка (разг.)	NOUN	-
4906	en födsel	рождение	NOUN	C1
4907	att anlända	прибывать	VERB	A2
4908	en tarm	кишка	NOUN	C2
4909	en tapet	обои	NOUN	C1
4910	på alla sätt och vis	во всех отношениях	OTHER	-
4911	att omhänderta	брать на попечение	VERB	-
4912	ett och samma	один и тот же	OTHER	-
4913	en känning	ощущение (лёгкая боль)	NOUN	-
4914	en router	роутер	NOUN	-
4915	naturligt	естественно	OTHER	B1
4916	frustrerad	расстроенный	ADJ	-
4917	ett knark	наркота	NOUN	-
4918	en journal	медкарта, журнал	NOUN	B1
4919	en tvist	спор	NOUN	B1
4920	bunden	связанный	ADJ	B1
4921	att hålla undan	держать в стороне	VERB	-
4922	en symbol	символ	NOUN	A2
4923	att intala sig	убеждать себя	VERB	-
4924	en repris	повтор	NOUN	C1
4925	en diet	диета	NOUN	C1
4926	ett sammanträde	заседание	NOUN	B1
4927	att överta	перенимать	VERB	B1
4928	en bröstmjölk	грудное молоко	NOUN	-
4929	en mottagare	получатель	NOUN	B1
4930	en vänskap	дружба	NOUN	B1
4931	att trolla	колдовать	VERB	-
4932	en personbil	легковой автомобиль	NOUN	-
4933	ett sommarlov	летние каникулы	NOUN	C2
4934	för en tid	на время	OTHER	-
4935	att överlåta	передавать (права)	VERB	B1
4936	att skära sig	порезаться; не сочетаться	VERB	-
4937	ett utbrott	вспышка	NOUN	B2
4938	en kull	выводок, помёт	NOUN	A1
4939	omogen	незрелый	ADJ	-
4940	sällsynt	редкий	ADJ	B1
4941	att göra i ordning	приводить в порядок	VERB	-
4942	att irritera sig	раздражаться	VERB	-
4943	att kyssa	целовать	VERB	C1
4944	att rinna ut	вытекать	VERB	-
4945	att chansa	рисковать (наугад)	VERB	-
4946	en trovärdighet	достоверность	NOUN	A2
4947	att godta	принимать	VERB	B1
4948	en kriminalitet	преступность	NOUN	B1
4949	en kedja	цепь	NOUN	B1
4950	att åberopa	ссылаться (на)	VERB	B1
4951	i detalj	в деталях	OTHER	-
4952	att bota	лечить, исцелять	VERB	A2
4953	ett medvetande	сознание	NOUN	B1
4954	att renovera	ремонтировать	VERB	B2
4955	att besegra	побеждать	VERB	A2
4956	ett hänseende	отношение (аспект)	NOUN	B2
4957	en kanon	пушка; супер (разг.)	NOUN	-
4958	i samma veva	заодно	OTHER	-
4959	här och var	кое-где	OTHER	-
4960	en spiral	спираль (ВМС)	NOUN	-
4961	en polismyndighet	полицейское управление	NOUN	B2
4962	omgående	немедленно	OTHER	B2
4963	på tråden	на подходе	OTHER	-
4964	en rökning	курение	NOUN	C1
4965	etisk	этический	ADJ	A2
4966	på längre sikt	в долгосрочной перспективе	OTHER	-
4967	att underteckna	подписывать	VERB	B1
4968	ett silver	серебро	NOUN	B2
4969	förtjust	в восторге	OTHER	B2
4970	tiotusentals	десятки тысяч	OTHER	B1
4971	ett framsteg	прогресс	NOUN	A2
4972	att spegla	отражать	VERB	B1
4973	att göra sitt bästa	делать всё возможное	VERB	-
4974	skälig	разумный, справедливый	ADJ	B2
4975	att läsa upp	зачитывать	VERB	-
4976	lönsam	прибыльный	ADJ	B1
4977	känslomässig	эмоциональный	ADJ	B2
4978	att lagra	хранить	VERB	B1
4979	lokalt	локально	OTHER	B1
4980	minimal	минимальный	ADJ	B2
4981	en mask	червь; маска	NOUN	B2
4982	en kurator	школьный куратор	NOUN	-
4983	en tillgänglighet	доступность	NOUN	B1
4984	att hålla tyst	молчать	VERB	-
4985	att avklara	справляться	VERB	-
4986	en avsaknad	отсутствие	NOUN	B1
4987	att nyttja	использовать	VERB	A1
4988	arabisk	арабский	ADJ	A2
4989	att lämna bort	отдавать	VERB	-
4990	att benämna	называть	VERB	B1
4991	en meny	меню	NOUN	B2
4992	en veterinär	ветеринар	NOUN	C1
4993	en adoption	усыновление	NOUN	C1
4994	vid liv	в живых	ADJ	-
4995	med allt vad det innebär	со всеми вытекающими	OTHER	-
4996	en frustration	разочарование	NOUN	B2
4997	att ryka	дымиться	VERB	A2
4998	svart på vitt	чёрным по белому	OTHER	-
4999	en cup	кубок	NOUN	B2
5000	att fullfölja	доводить до конца	VERB	B1
5001	ifrågavarande	рассматриваемый	ADJ	-
5002	en skål	миска; тост	NOUN	B2
5003	en hemmaplan	своё поле	NOUN	B2
5004	en molvärk	ноющая боль	NOUN	-
5005	att blinka	моргать	VERB	C1
5006	att spåra ur	сходить с рельсов	VERB	-
5007	en islamist	исламист	NOUN	B1
5008	att belasta	нагружать	VERB	C1
5009	ett byggande	строительство	NOUN	B1
5010	att splittra	раскалывать	VERB	B2
5011	att sova över	ночевать (в гостях)	VERB	-
5012	att redigera	редактировать	VERB	B2
5013	acceptabel	приемлемый	ADJ	B1
5014	grekisk	греческий	ADJ	A2
5015	praktiskt taget	практически	OTHER	-
5016	att stå rätt till	быть в порядке	VERB	-
5017	en republik	республика	NOUN	A2
5018	att flytta hit	переезжать сюда	VERB	-
5019	att ålägga	обязывать	VERB	B2
5020	att trösta sig	утешаться	VERB	-
5021	en sats	предложение (грам.); партия	NOUN	A1
5022	en medverkan	участие	NOUN	B1
5023	ett fullmäktige	совет (муниципальный)	NOUN	B1
5024	omvänd	обратный	ADJ	B2
5025	en akt	акт, документ	NOUN	A1
5026	en anklagelse	обвинение	NOUN	B1
5027	att inhandla	закупать	VERB	-
5028	blek	бледный	ADJ	B2
5029	att gratulera	поздравлять	VERB	B2
5030	ett fynd	находка	NOUN	B1
5031	en massage	массаж	NOUN	C1
5032	en passagerare	пассажир	NOUN	B1
5033	att sprida ut	распространять	VERB	-
5034	att montera	монтировать	VERB	B2
5035	att hålla inne	удерживать	VERB	-
5036	en begravning	похороны	NOUN	B1
5037	en tolerans	терпимость	NOUN	B2
5038	i tid och otid	кстати и некстати	OTHER	-
5039	kompetent	компетентный	ADJ	B1
5040	en konkurrent	конкурент	NOUN	B1
5041	ett city	центр города	NOUN	-
5042	en skribent	автор (статей)	NOUN	A2
5043	en riksdagsledamot	депутат риксдага	NOUN	A2
5044	ett pulver	порошок	NOUN	C2
5045	i korthet	вкратце	OTHER	-
5046	en farbror	дядя (по папе)	NOUN	B2
5047	noggrant	тщательно	OTHER	B1
5048	ett hjärtljud	сердцебиение (плода)	NOUN	-
5049	ett original	оригинал	NOUN	B1
5050	att dämpa	приглушать	VERB	B2
5051	att polisanmäla	заявлять в полицию	VERB	-
5052	en sammanställning	сводка	NOUN	B2
5053	ett utnyttjande	использование	NOUN	B1
5054	strålande	сияющий	ADJ	B1
5055	att parkera	парковать	VERB	C1
5056	att företräda	представлять (интересы)	VERB	B1
5057	att gå miste om	упускать	VERB	-
5058	massiv	массивный	ADJ	B1
5059	en försäkran	заверение	NOUN	-
5060	att puffa	толкать	VERB	-
5061	att måla upp	расписывать (в красках)	VERB	-
5062	ett frö	семя	NOUN	B2
5063	ett mandat	мандат	NOUN	A2
5064	en producent	продюсер, производитель	NOUN	B1
5065	att missuppfatta	неправильно понимать	VERB	-
5066	att lossna	отрываться	VERB	C1
5067	tonår	подростковые годы	NOUN	-
5068	fånig	глупый	ADJ	C1
5069	huvudsaklig	основной	ADJ	B1
5070	ett rättsväsende	правовая система	NOUN	B1
5071	passande	подходящий	ADJ	B2
5072	att fördjupa	углублять	VERB	B1
5073	lovande	многообещающий	ADJ	B2
5074	att röja	расчищать; выдавать	VERB	A2
5075	försiktigt	осторожно	OTHER	B1
5076	hej då	пока, до свидания	OTHER	-
5077	att vidga	расширять	VERB	B1
5078	ideologisk	идеологический	ADJ	A2
5079	en övervikt	лишний вес	NOUN	C1
5080	en galning	сумасшедший	NOUN	C1
5081	att framträda	выступать, проявляться	VERB	B1
5082	en frisör	парикмахер	NOUN	C1
5083	en innebandy	флорбол	NOUN	-
5084	envis	упрямый	ADJ	C1
5085	blank	блестящий, гладкий	ADJ	B2
5086	en folkomröstning	референдум	NOUN	A2
5087	att iaktta	наблюдать	VERB	B2
5088	att samla ihop	собирать вместе	VERB	-
5089	erfaren	опытный	ADJ	B2
5090	ett gravtest	тест на беременность	NOUN	-
5091	att skrapa	скрести	VERB	C1
5092	oregelbunden	нерегулярный	ADJ	-
5093	underbart	чудесно	OTHER	B1
5094	hälsosam	полезный для здоровья	ADJ	B2
5095	en dumhet	глупость	NOUN	B1
5096	en deklaration	декларация	NOUN	B1
5097	tillfälligt	временно	OTHER	B1
5098	nordvästra	северо-западный	ADJ	-
5099	på bekostnad av	в ущерб	NOUN	B1
5100	flitig	прилежный	ADJ	C1
5101	ett förtryck	угнетение	NOUN	A2
5102	en dagtid	дневное время	NOUN	-
5103	en komplikation	осложнение	NOUN	C1
5104	ett ledarskap	лидерство	NOUN	A2
5105	att rekrytera	нанимать (персонал)	VERB	B2
5106	att häva	отменять	VERB	B1
5107	en inverkan	воздействие	NOUN	B1
5108	att raka sig	бриться	VERB	-
5109	att stänga in	запирать	VERB	-
5110	flexibel	гибкий	ADJ	B1
5111	att beklaga sig	жаловаться	VERB	-
5112	detaljerad	подробный	ADJ	B1
5113	en löpning	бег	NOUN	C1
5114	att berusa	опьянять	VERB	-
5115	att bryta ner	расщеплять, сломить	VERB	-
5116	ett årsskifte	смена года	NOUN	B2
5117	en parallell	параллель	NOUN	B2
5118	att generera	генерировать	VERB	B1
5119	att enas	договориться	VERB	-
5120	att klä ut	переодевать (в костюм)	VERB	-
5121	en semifinal	полуфинал	NOUN	C1
5122	en handduk	полотенце	NOUN	C1
5123	en idol	кумир	NOUN	C2
5124	att akta	беречь	VERB	A2
5125	en rom	ром	NOUN	B1
5126	att råka illa ut	попасть в беду	VERB	-
5127	att bryta upp	расставаться, взламывать	VERB	-
5128	vid namn	по имени	ADJ	-
5129	blyg	застенчивый	ADJ	-
5130	att övervaka	наблюдать, контролировать	VERB	B1
5131	en slöja	вуаль	NOUN	B2
5132	att ligga nere	лежать (не работать)	VERB	-
5133	en våldtäktsman	насильник	NOUN	-
5134	att ta chansen	использовать шанс	VERB	-
5135	egoistisk	эгоистичный	ADJ	-
5136	en nål	игла	NOUN	C1
5137	laddad	заряженный	ADJ	C1
5138	ett förvärv	приобретение	NOUN	B2
5139	en premie	премия, взнос	NOUN	C1
5140	en läktare	трибуна	NOUN	C1
5141	att slå ihjäl	забить насмерть	VERB	-
5142	ett hjälpmedel	вспомогательное средство	NOUN	B1
5143	modig	смелый	ADJ	B2
5144	ett mys	уют	NOUN	-
5145	ett pack	сброд	NOUN	-
5146	en tallrik	тарелка	NOUN	C1
5147	att avfärda	отмахиваться	VERB	B1
5148	en direktör	директор	NOUN	B1
5149	enig	единодушный	ADJ	B1
5150	en vacker dag	в один прекрасный день	OTHER	-
5151	att kasta bort	выбрасывать	VERB	-
5152	en stavning	правописание	NOUN	C1
5153	att hålla handen	держать за руку	VERB	-
5154	en taktik	тактика	NOUN	B1
5155	en lunga	лёгкое	NOUN	C1
5156	att strula	суетиться, путаться	VERB	-
5157	konstruktiv	конструктивный	ADJ	B1
5158	traditionellt	традиционно	OTHER	B1
5159	att förflyta	протекать (о времени)	VERB	C1
5160	en uppskattning	оценка	NOUN	B1
5161	att slå ihop	объединять	VERB	-
5162	att hemställa	ходатайствовать	VERB	-
5163	ett vitamin	витамин	NOUN	C2
5164	i viss utsträckning	в определённой степени	OTHER	-
5165	att repa upp	распускать (вязание)	VERB	-
5166	att tendera	иметь тенденцию	VERB	B1
5167	återkommande	повторяющийся	ADJ	B1
5168	en offensiv	наступление	NOUN	B2
5169	utförlig	подробный	ADJ	-
5170	rådande	господствующий	ADJ	B1
5171	att komma av sig	сбиться	VERB	-
5172	en brottsling	преступник	NOUN	B1
5173	att breda	намазывать	VERB	B1
5174	att såga	пилить; разгромить (критикой)	VERB	B2
5175	från och till	иногда	OTHER	-
5176	vitt	широко	OTHER	B2
5177	kokt	варёный	ADJ	-
5178	en nybörjare	новичок	NOUN	C1
5179	långsiktigt	в долгосрочной перспективе	OTHER	B2
5180	upprepad	повторный	ADJ	-
5181	en föräldraledighet	декретный отпуск	NOUN	-
5182	en premiärminister	премьер-министр	NOUN	A2
5183	på gott och ont	к добру или к худу	OTHER	-
5184	en ingrediens	ингредиент	NOUN	B2
5185	solklar	очевидный	ADJ	-
5186	en ände	конец	NOUN	B2
5187	en klient	клиент	NOUN	B2
5188	att forska	исследовать (науч.)	VERB	B1
5189	att ankomma	прибывать	VERB	B2
5190	de facto	фактически	OTHER	-
5191	försenad	задержанный, опоздавший	ADJ	-
5192	en stadsdel	район города	NOUN	B1
5193	på fullaste allvar	совершенно серьёзно	OTHER	-
5194	en succé	успех	NOUN	B2
5195	på kort sikt	в краткосрочной перспективе	OTHER	-
5196	en tiggare	нищий	NOUN	-
5197	söderut	на юг	OTHER	B1
5198	en sked	ложка	NOUN	C2
5199	kort sagt	короче говоря	OTHER	-
5200	att toppa	возглавлять	VERB	A1
5201	en befattning	должность	NOUN	C1
5202	en mur	стена (каменная)	NOUN	A2
5203	i samråd	по согласованию	OTHER	-
5204	en kärna	ядро, косточка	NOUN	A2
5205	svettig	потный	ADJ	C1
5206	att hänge sig	предаваться	VERB	-
5207	skickad	годный, посланный	ADJ	-
5208	att förmoda	предполагать	VERB	B2
5209	ett linne	майка; лён	NOUN	C2
5210	att pendla	ездить на работу	VERB	C1
5211	en revolution	революция	NOUN	A1
5212	knuten	связанный	ADJ	-
5213	varpå	после чего	OTHER	B1
5214	att balansera	балансировать	VERB	B2
5215	okunnig	невежественный	ADJ	B1
5216	att knipa	защипнуть; ущипнуть	VERB	C1
5217	ett fusk	жульничество	NOUN	B2
5218	att bli ihop	начать встречаться	VERB	-
5219	att påtala	указывать (на ошибку)	VERB	B2
5220	en sanktion	санкция	NOUN	B2
5221	en parkering	парковка	NOUN	C1
5222	norrut	на север	OTHER	B2
5223	ett tillskott	пополнение	NOUN	B2
5224	att diskriminera	дискриминировать	VERB	B2
5225	en diktatur	диктатура	NOUN	A2
5226	en skilsmässa	развод	NOUN	B2
5227	en läsk	газировка	NOUN	C1
5228	en konversation	разговор	NOUN	B2
5229	en rörlighet	мобильность	NOUN	B1
5230	att öppna dörren	открывать дверь	VERB	-
5231	en komplimang	комплимент	NOUN	C2
5232	ett högstadium	средняя школа (7–9 кл.)	NOUN	-
5233	en pump	насос	NOUN	C1
5234	ett skinn	кожа, шкура	NOUN	B2
5235	försvunnen	пропавший	ADJ	-
5236	ett synsätt	взгляд, подход	NOUN	B1
5237	bortom	за пределами	OTHER	A2
5238	bortskämd	избалованный	ADJ	C2
5239	en förbindelse	связь, соединение	NOUN	A2
5240	en genomgång	обзор, разбор	NOUN	B1
5241	förhållandevis	сравнительно	OTHER	B1
5242	en hiss	лифт	NOUN	B2
5243	en kriminalvård	исправительная система	NOUN	-
5244	en kostym	костюм	NOUN	B2
5245	giltig	действительный	ADJ	B1
5246	deppig	унылый	ADJ	-
5247	nordöstra	северо-восточный	ADJ	-
5248	förbi	мимо	OTHER	A2
5249	att köra ut	выгонять	VERB	-
5250	en byrå	бюро, комод	NOUN	B1
5251	en flykt	бегство	NOUN	B1
5252	komisk	комический	ADJ	C1
5253	värdig	достойный	ADJ	A2
5254	att sälja sig	продаваться	VERB	-
5255	att glo	пялиться	VERB	-
5256	att bekymra	беспокоить	VERB	B2
5257	att låsa upp	отпирать	VERB	-
5258	en gång om dagen	раз в день	OTHER	-
5259	en fastighetsägare	владелец недвижимости	NOUN	-
5260	en kust	побережье	NOUN	B1
5261	ett bälte	пояс, ремень	NOUN	C1
5262	jaså	вот как?	OTHER	C1
5263	ett anförande	выступление	NOUN	B1
5264	att svetta	потеть	VERB	-
5265	att planera in	планировать (в график)	VERB	-
5266	för fem öre	ни капли	OTHER	-
5267	att lämna över	передавать	VERB	-
5268	ett bagage	багаж	NOUN	B2
5269	belägen	расположенный	ADJ	B1
5270	ett varumärke	торговая марка	NOUN	A2
5271	en storasyster	старшая сестра	NOUN	A1
5272	en skräck	ужас	NOUN	B1
5273	javisst	да, конечно	OTHER	B2
5274	ofarlig	безвредный	ADJ	-
5275	en deg	тесто	NOUN	C1
5276	en docka	кукла	NOUN	C1
5277	ett innehav	владение	NOUN	B2
5278	att gapa	зевать, разевать рот	VERB	-
5279	en psykopat	психопат	NOUN	-
5280	en pannkaka	блин	NOUN	-
5281	att springa ut	выбегать	VERB	-
5282	att sminka	краситься	VERB	-
5283	ett avslut	завершение	NOUN	-
5284	ett smycke	украшение	NOUN	C2
5285	därpå	затем	OTHER	B1
5286	att hålla igång	поддерживать (активность)	VERB	-
5287	att spola	смывать, промывать	VERB	C1
5288	tekniskt	технически	OTHER	B2
5289	en livsstil	образ жизни	NOUN	B1
5290	en helikopter	вертолёт	NOUN	C1
5291	att vänta in	дожидаться	VERB	-
5292	en robot	робот	NOUN	B2
5293	ursprungligen	изначально	OTHER	A2
5294	att snöa	идти (о снеге)	VERB	C1
5295	en rulle	рулон	NOUN	C2
5296	att poängtera	подчёркивать	VERB	B2
5297	ett samtycke	согласие	NOUN	B2
5298	ett kol	уголь	NOUN	B2
5299	en sexualitet	сексуальность	NOUN	B1
5300	en klack	каблук; фанаты	NOUN	-
5301	irrelevant	нерелевантный	ADJ	B2
5302	en ansträngning	усилие	NOUN	A2
5303	ett angrepp	нападение	NOUN	A2
5304	i mångt och mycket	во многом	OTHER	-
5305	en benämning	название	NOUN	B1
5306	att skälla ut	отругать	VERB	-
5307	en nolla	ноль, ничтожество	NOUN	C1
5308	en belastning	нагрузка	NOUN	B2
5309	att varva	чередовать	VERB	C1
5310	en städning	уборка	NOUN	C1
5311	att dra ned	снижать	VERB	-
5312	lindrig	лёгкий (о болезни)	ADJ	-
5313	att ursäkta sig	извиняться	VERB	-
5314	en lina	канат, верёвка	NOUN	B2
5315	att explodera	взрываться	VERB	B2
5316	en ensamhet	одиночество	NOUN	B1
5317	att trycka på	нажимать	VERB	-
5318	att krocka	сталкиваться	VERB	C1
5319	att göra rätt för sig	оправдывать своё жалованье	VERB	-
5320	att stå till	обстоять	VERB	-
5321	till salu	на продажу	ADJ	-
5322	ett funktionshinder	инвалидность	NOUN	B1
5323	si och så	так себе	OTHER	-
5324	att slå igenom	пробиваться, иметь успех	VERB	-
5325	en barnfamilj	семья с детьми	NOUN	B2
5326	ett exemplar	экземпляр	NOUN	B1
5327	en psykiatri	психиатрия	NOUN	B2
5328	en elit	элита	NOUN	B1
5329	vackert	красиво	OTHER	B2
5330	varvid	при этом	OTHER	-
5331	typiskt	типично	OTHER	B2
5332	suverän	превосходный	ADJ	B2
5333	att åta sig	брать на себя	VERB	A1
5334	ett slutspel	плей-офф	NOUN	-
5335	att fiska	ловить рыбу	VERB	B2
5336	att förutse	предвидеть	VERB	B1
5337	att svettas	потеть	VERB	-
5338	till synes	по-видимому	OTHER	B2
5339	en tenta	экзамен (разг.)	NOUN	-
5340	en näringsidkare	предприниматель (юр.)	NOUN	B2
5341	att införskaffa	приобретать	VERB	-
5342	en ambassad	посольство	NOUN	B1
5343	en fläkt	вентилятор	NOUN	C1
5344	en sammansättning	состав	NOUN	B1
5345	näst intill	почти	OTHER	-
5346	att göra detsamma	делать то же самое	VERB	-
5347	en väntetid	время ожидания	NOUN	-
5348	ett skägg	борода	NOUN	C1
5349	att få upp ögonen	открыть глаза (на)	VERB	-
5350	en influensa	грипп	NOUN	B1
5351	att försäkra sig	удостовериться	VERB	-
5352	någon som helst	какой бы то ни было	OTHER	B2
5353	att överskatta	переоценивать	VERB	-
5354	att sammanhänga	быть связанным	VERB	-
5355	en främling	незнакомец	NOUN	B2
5356	en pop	поп-музыка	NOUN	B2
5357	att involvera	вовлекать	VERB	C1
5358	lättare sagt än gjort	легче сказать, чем сделать	OTHER	-
5359	jättekul	очень весёлый	ADJ	-
5360	flitigt	усердно	OTHER	B2
5361	rötter	корни	NOUN	-
5362	en kanin	кролик	NOUN	C1
5363	en pistol	пистолет	NOUN	C1
5364	skicklig	умелый	ADJ	B1
5365	en innovation	инновация	NOUN	B1
5366	rödgrön	красно-зелёный (о коалиции)	ADJ	B1
5367	att slå på	включать	VERB	-
5368	en gitarr	гитара	NOUN	B1
5369	att håna	высмеивать	VERB	-
5370	en spis	плита (кухонная)	NOUN	C1
5371	att spärra	блокировать	VERB	C1
5372	en diabetes	диабет	NOUN	B2
5373	att befara	опасаться	VERB	B2
5374	en dimension	измерение	NOUN	B1
5375	att passa ihop	сочетаться	VERB	-
5376	på banan	в игре, на подходе	ADJ	-
5377	till förfogande	в распоряжении	OTHER	-
5378	att slå tillbaka	отбиваться	VERB	-
5379	att smörja in	намазывать	VERB	-
5380	en omställning	перестройка	NOUN	B2
5381	att knacka	стучать	VERB	B2
5382	en bubbla	пузырь	NOUN	C1
5383	en rapportering	отчётность, освещение	NOUN	B1
5384	en moster	тётя (по маме)	NOUN	C2
5385	en terror	террор	NOUN	C1
5386	en kommunism	коммунизм	NOUN	A2
5387	socialt	социально	OTHER	B2
5388	from	набожный, кроткий	ADJ	B2
5389	att sätta ner foten	проявить твёрдость	VERB	-
5390	tillhörande	принадлежащий	ADJ	B1
5391	för gott	навсегда	OTHER	-
5392	härtill	к этому	OTHER	-
5393	en högtalare	динамик	NOUN	C1
5394	ett påhopp	нападки	NOUN	-
5395	en mäklare	маклер	NOUN	C1
5396	att skriva på	подписывать	VERB	-
5397	en lyx	роскошь	NOUN	B2
5398	subjektiv	субъективный	ADJ	B2
5399	en nerv	нерв	NOUN	C1
5400	en penna	ручка	NOUN	B2
5401	en zon	зона	NOUN	B2
5402	elektrisk	электрический	ADJ	B1
5403	barnslig	детский (инфантильный)	ADJ	C1
5404	att sätta foten	ступать ногой	VERB	-
5405	en rökare	курильщик	NOUN	-
5406	att övertala	уговаривать	VERB	B2
5407	blodig	кровавый	ADJ	B1
5408	en laptop	ноутбук	NOUN	-
5409	materiell	материальный	ADJ	-
5410	en respons	отклик	NOUN	B2
5411	romantisk	романтический	ADJ	B2
5412	tjugo	двадцать	NUM	A1
5413	oseriös	несерьёзный	ADJ	-
5414	att skölja	полоскать	VERB	-
5415	en råtta	крыса	NOUN	B2
5416	i smyg	тайком	OTHER	-
5417	åtalad	обвиняемый	ADJ	-
5418	en trailer	трейлер	NOUN	C2
5419	en uppsägning	увольнение	NOUN	B1
5420	en torsk	треска	NOUN	-
5421	en fånge	пленник	NOUN	A2
5422	i avvaktan	в ожидании	OTHER	-
5423	att förnedra	унижать	VERB	-
5424	ömsesidig	взаимный	ADJ	B1
5425	en gråt	плач	NOUN	C1
5426	en äggstock	яичник	NOUN	-
5427	att skynda sig	торопиться	VERB	-
5428	en köttbulle	фрикаделька	NOUN	-
5429	en avvikelse	отклонение	NOUN	B2
5430	sammantagen	взятый в целом	ADJ	-
5431	en midja	талия	NOUN	C2
5432	att starta om	перезапускать	VERB	-
5433	att ta fel	ошибаться	VERB	-
5434	ett arkiv	архив	NOUN	B1
5435	en urin	моча	NOUN	C2
5436	delaktig	причастный	ADJ	B1
5437	en vetskap	знание (о чём-то)	NOUN	B2
5438	ödmjuk	скромный	ADJ	B2
5439	att konstruera	конструировать	VERB	B2
5440	en assistent	ассистент	NOUN	B2
5441	att utveckla sig	развиваться	VERB	-
5442	en förstärkning	усиление	NOUN	B1
5443	att ligga lågt	залечь на дно	VERB	-
5444	en puls	пульс	NOUN	B2
5445	en ateist	атеист	NOUN	B2
5446	otydlig	неясный	ADJ	-
5447	varifrån	откуда	OTHER	B1
5448	att skilja sig	разводиться, отличаться	VERB	-
5449	en grundval	основа	NOUN	A2
5450	en kränkning	нарушение (прав), оскорбление	NOUN	B1
5451	ett tillträde	доступ	NOUN	B1
5452	ett mellanmål	перекус	NOUN	A1
5453	en jordgubbe	клубника	NOUN	C2
5454	en enkät	анкета	NOUN	B2
5455	rörig	беспорядочный	ADJ	-
5456	att larma	поднимать тревогу	VERB	C2
5457	att skaka på huvudet	качать головой	VERB	-
5458	en nöd	нужда	NOUN	B1
5459	en älg	лось	NOUN	B2
5460	periodisk	периодический	ADJ	C2
5461	ett garage	гараж	NOUN	C1
5462	oacceptabel	неприемлемый	ADJ	B2
5463	att vifta	махать	VERB	B2
5464	att plåga	мучить	VERB	B2
5465	fler och fler	всё больше	OTHER	B2
5466	en bevisning	доказательства	NOUN	-
5467	en etnicitet	этническая принадлежность	NOUN	B2
5468	problematisk	проблематичный	ADJ	B1
5469	exklusiv	эксклюзивный	ADJ	B1
5470	en talare	оратор	NOUN	A2
5471	att kriga	воевать	VERB	C1
5472	human	гуманный	ADJ	B2
5473	att ta fast	поймать	VERB	-
5474	att hjälpas åt	помогать друг другу	VERB	-
5475	en programledare	ведущий (программы)	NOUN	B2
5476	att introducera	вводить, представлять	VERB	B1
5477	ett mjöl	мука	NOUN	C1
5478	ett experiment	эксперимент	NOUN	B1
5479	att äckla	вызывать отвращение	VERB	-
5480	att elda	топить (печь), жечь	VERB	-
5481	en mix	смесь, микс	NOUN	C1
5482	en lättnad	облегчение	NOUN	B2
5483	att smeka	гладить, ласкать	VERB	C2
5484	en krydda	специя	NOUN	-
5485	att demonstrera	демонстрировать	VERB	B1
5486	att spränga	взрывать	VERB	B1
5487	på sitt sätt	по-своему	OTHER	-
5488	en uppvärmning	разминка, отопление	NOUN	B1
5489	drastisk	резкий, решительный	ADJ	C1
5490	att dammsuga	пылесосить	VERB	-
5491	hederlig	честный	ADJ	B2
5492	att mista	терять	VERB	B2
5493	att manipulera	манипулировать	VERB	B2
5494	en kapten	капитан	NOUN	B1
5495	berusad	пьяный	ADJ	C1
5496	en mapp	папка	NOUN	C1
5497	ett missförstånd	недоразумение	NOUN	B2
5498	att underrätta	уведомлять	VERB	B2
5499	ett mirakel	чудо	NOUN	C1
5500	att tatuera	татуировать	VERB	-
5501	ett spädbarn	грудной ребёнок	NOUN	B2
5502	en sjukgymnast	физиотерапевт	NOUN	-
5503	en uppgång	подъём	NOUN	B1
5504	att lägga undan	откладывать	VERB	-
5505	reell	реальный	ADJ	B1
5506	en västvärld	западный мир	NOUN	-
5507	uttalad	выраженный	ADJ	-
5508	att krascha	разбиваться	VERB	-
5509	en frisyr	причёска	NOUN	-
5510	en databas	база данных	NOUN	B1
5511	en rekrytering	набор (персонала)	NOUN	B2
5512	en handboll	гандбол	NOUN	-
5513	ett bygge	стройка	NOUN	B1
5514	att skifta	меняться	VERB	B2
5515	ett rör	труба	NOUN	B2
5516	innerlig	искренний	ADJ	-
5517	gången	прошедший	ADJ	B2
5518	ett överklagande	жалоба (апелляция)	NOUN	B2
5519	avslappnad	расслабленный	ADJ	C1
5520	slö	вялый, тупой	ADJ	-
5521	att svälta	голодать	VERB	B2
5522	kontinuerligt	непрерывно	OTHER	B2
5523	en tekniker	техник	NOUN	C2
5524	en banan	банан	NOUN	C1
5525	att påkalla	требовать, вызывать	VERB	-
5526	att vräka	выселять; лить	VERB	-
5527	att knarka	употреблять наркотики	VERB	-
5528	att koppla ihop	соединять	VERB	-
5529	ett geni	гений	NOUN	C1
5530	en äldreomsorg	уход за пожилыми	NOUN	B2
5531	sval	прохладный	ADJ	C1
5532	att företa	предпринимать	VERB	B2
5533	en gång om året	раз в год	OTHER	-
5534	ett prat	болтовня	NOUN	B2
5535	en retorik	риторика	NOUN	B1
5536	klinisk	клинический	ADJ	C1
5537	att skämma ut	позорить	VERB	-
5538	en sjukpenning	пособие по болезни	NOUN	B2
5539	att förlägga	размещать	VERB	B2
5540	en förteckning	перечень	NOUN	B1
5541	att vakna till	очнуться	VERB	-
5542	en filosofi	философия	NOUN	A2
5543	en sänkning	снижение	NOUN	B1
5544	lågt	низко	OTHER	B2
5545	ett tält	палатка	NOUN	B1
5546	klädd	одетый	ADJ	-
5547	att bomba	бомбить	VERB	B2
5548	att bromsa	тормозить	VERB	B2
5549	att sova middag	дремать днём	VERB	-
5550	i förtid	досрочно	OTHER	-
5551	en medalj	медаль	NOUN	C1
5552	att regera	править	VERB	B1
5553	med facit i hand	задним числом	OTHER	-
5554	en hållning	осанка, позиция	NOUN	B1
5555	nämnvärd	заметный	ADJ	-
5556	skev	перекошенный	ADJ	-
5557	en försörjning	обеспечение (средства)	NOUN	B2
5558	en nazism	нацизм	NOUN	B1
5559	en mandatperiod	срок полномочий	NOUN	B1
5560	att snusa	нюхать табак, жевать снюс	VERB	-
5561	en inredning	интерьер	NOUN	B2
5562	att hälsa på	навещать	VERB	-
5563	en halt	содержание (доля)	NOUN	B2
5564	en koncentration	концентрация	NOUN	B2
5565	anmärkningsvärd	примечательный	ADJ	B1
5566	att slarva	небрежничать	VERB	-
5567	att kicka	пинать	VERB	-
5568	en list	хитрость; планка	NOUN	A1
5569	att befrukta	оплодотворять	VERB	-
5570	att sköta om	ухаживать	VERB	-
5571	med undantag av	за исключением	OTHER	-
5572	kränkande	оскорбительный	ADJ	-
5573	att förtrycka	угнетать	VERB	B2
5574	att kartlägga	составлять карту	VERB	B2
5575	vem än	кто бы ни	OTHER	-
5576	en skida	лыжа	NOUN	B2
5577	förutsatt att	при условии что	OTHER	B2
5578	att kapa	угонять, отрезать	VERB	A1
5579	att släppa taget	отпускать	VERB	-
5580	ett nyhetsbrev	новостная рассылка	NOUN	B2
5581	i full gång	в самом разгаре	OTHER	-
5582	därutöver	сверх того	OTHER	B2
5583	muntlig	устный	ADJ	B2
5584	att söva	усыплять	VERB	-
5585	en kick	кайф, пинок	NOUN	-
5586	jättestor	огромный	ADJ	-
5587	att sopa	подметать	VERB	C1
5588	i bruk	в употреблении	OTHER	-
5589	en familjemedlem	член семьи	NOUN	B2
5590	en halva	половина	NOUN	B1
5591	en cd	CD-диск	NOUN	B2
5592	att dra till sig	привлекать к себе	VERB	-
5593	en pott	банк (в игре), кастрюля	NOUN	B1
5594	en turk	турок	NOUN	B1
5595	ett förband	повязка; соединение (воинское)	NOUN	B2
5596	ett erkännande	признание	NOUN	B1
5597	att grina	хныкать, ухмыляться	VERB	-
5598	israelisk	израильский	ADJ	A2
5599	industriell	промышленный	ADJ	B1
5600	en vik	залив	NOUN	B1
5601	att väga in	взвешивать (учитывать)	VERB	-
5602	en skönhet	красота	NOUN	B1
5603	som ett brev på posten	как пить дать	OTHER	-
5604	att kvitta	быть всё равно	VERB	-
5605	i alla tider	во все времена	OTHER	-
5606	ett lärande	обучение	NOUN	B1
5607	snett	криво	OTHER	B2
5608	ett frågetecken	вопросительный знак	NOUN	B2
5609	att spraya	распылять	VERB	-
5610	att härja	бесчинствовать	VERB	B2
5611	att spöka	являться (о призраках)	VERB	-
5612	en restriktion	ограничение	NOUN	B2
5613	en rådgivning	консультирование	NOUN	B2
5614	att fantisera	фантазировать	VERB	C1
5615	en revision	ревизия	NOUN	C1
5616	ett utanförskap	изоляция (социальная)	NOUN	B1
5617	en överläggning	совещание	NOUN	B2
5618	ett bostadsbidrag	жилищное пособие	NOUN	-
5619	i förskott	заранее (оплата)	OTHER	-
5620	förberedd	подготовленный	ADJ	-
5621	en stolthet	гордость	NOUN	B1
5622	att föra med sig	влечь за собой	VERB	-
5623	över en natt	за одну ночь	OTHER	-
5624	att ge igen	отомстить	VERB	-
5625	otillräcklig	недостаточный	ADJ	B2
5626	en halvtid	половина времени	NOUN	C1
5627	härligt	чудесно	OTHER	B2
5628	en sovmorgon	утро, когда можно поспать	NOUN	-
5629	politiskt korrekt	политкорректный	ADJ	-
5630	en tidskrift	журнал	NOUN	A2
5631	ett päron	груша	NOUN	C1
5632	att sätta i halsen	поперхнуться	VERB	-
5633	en journalistik	журналистика	NOUN	B1
5634	ett kylskåp	холодильник	NOUN	C1
5635	fysiskt	физически	OTHER	B2
5636	en policy	политика (правила)	NOUN	B1
5637	en sympati	симпатия	NOUN	B1
5638	stökig	неспокойный, шумный	ADJ	C1
5639	en polisman	полицейский	NOUN	B2
5640	ett förlag	издательство	NOUN	A2
5641	på fullt allvar	всерьёз	OTHER	-
5642	en råvara	сырьё	NOUN	B1
5643	en årskurs	класс (год обучения)	NOUN	-
5644	ett ärr	шрам	NOUN	-
5645	trogen	верный	ADJ	B1
5646	en brevlåda	почтовый ящик	NOUN	C1
5647	en valfrihet	свобода выбора	NOUN	B2
5648	att ta fart	набирать скорость	VERB	-
5649	närstående	близкий (родственник)	ADJ	B2
5650	en saknad	тоска (по ушедшему)	NOUN	B1
5651	apropå	кстати о	OTHER	B1
5652	härav	отсюда	OTHER	-
5653	att tränga sig	проталкиваться	VERB	-
5654	nedåt	вниз	OTHER	B2
5655	sydvästra	юго-западный	ADJ	-
5656	att backa upp	поддерживать	VERB	-
5657	en etikett	этикетка	NOUN	A1
5658	ett socialbidrag	соцпособие	NOUN	C1
5659	en uppfostran	воспитание	NOUN	C1
5660	krävande	требовательный	ADJ	B2
5661	ett testamente	завещание	NOUN	A2
5662	ett misslyckande	неудача	NOUN	B1
5663	ett upphov	происхождение, источник	NOUN	B1
5664	förväntad	ожидаемый	ADJ	-
5665	en medelålder	средний возраст	NOUN	B2
5666	en solidaritet	солидарность	NOUN	A2
5667	smärtsam	болезненный	ADJ	B2
5668	en vitlök	чеснок	NOUN	C2
5669	en tillit	доверие	NOUN	B2
5670	ett trakasseri	домогательство	NOUN	B2
5671	en operatör	оператор	NOUN	B1
5672	en rock	пальто; рок	NOUN	B2
5673	en kalender	календарь	NOUN	C1
5674	en aktieägare	акционер	NOUN	B2
5675	att dra sig tillbaka	уходить в отставку	VERB	-
5676	att sitta uppe	засиживаться допоздна	VERB	-
5677	var sin	по одному каждому	OTHER	-
5678	ett proffs	профи	NOUN	C1
5679	i högsta grad	в высшей степени	OTHER	-
5680	utvald	избранный	ADJ	B1
5681	långt gången	далеко зашедший	ADJ	-
5682	hyfsat	вполне прилично	OTHER	B2
5683	därinne	там внутри	OTHER	-
5684	rimligen	по-видимому	OTHER	B1
5685	klumpig	неуклюжий	ADJ	C2
5686	en redaktion	редакция	NOUN	A2
5687	en sladd	провод	NOUN	-
5688	ett heroin	героин	NOUN	-
5689	våt	мокрый	ADJ	C1
5690	en grundlag	конституция	NOUN	B1
5691	en kines	китаец	NOUN	B1
5692	avliden	покойный	ADJ	B2
5693	en yoghurt	йогурт	NOUN	C2
5694	ett lås	замок (дверной)	NOUN	C1
5695	att lysa upp	освещать	VERB	-
5696	i vintras	прошлой зимой	OTHER	-
5697	att droppa	капать	VERB	C1
5698	en höjdare	хит, топ (разг.)	NOUN	-
5699	givande	плодотворный	ADJ	C1
5700	inbyggd	встроенный	ADJ	B2
5701	ett riksförbund	общенациональный союз	NOUN	B2
5702	till slutet	до конца	OTHER	-
5703	en rehabilitering	реабилитация	NOUN	B2
5704	garanterat	гарантированно	OTHER	B2
5705	en saft	сок, морс	NOUN	C2
5706	ett format	формат	NOUN	B1
5707	att smita	улизнуть	VERB	-
5708	att glädja sig	радоваться	VERB	-
5709	en innehavare	владелец	NOUN	B2
5710	att glädjas	радоваться	VERB	-
5711	tungt	тяжело	OTHER	B2
5712	en licens	лицензия	NOUN	B2
5713	persisk	персидский	ADJ	B2
5714	livsfarlig	смертельно опасный	ADJ	C1
5715	en socialism	социализм	NOUN	A2
5716	en webb	веб, интернет	NOUN	A2
5717	en dåre	безумец	NOUN	-
5718	en legend	легенда	NOUN	B2
5719	att växa till sig	подрастать	VERB	-
5720	jätteglad	очень радостный	ADJ	-
5721	att komma till världen	появиться на свет	VERB	-
5722	en odling	выращивание	NOUN	B2
5723	somlig	некоторый	OTHER	B1
5724	en golf	гольф	NOUN	B2
5725	brottslig	преступный	ADJ	C1
5726	ett användande	использование	NOUN	B1
5727	en reserv	резерв	NOUN	C1
5728	en inspelning	запись	NOUN	B1
5729	en kramp	судорога	NOUN	-
5730	åt skogen	коту под хвост	OTHER	-
5731	omedveten	неосознанный	ADJ	B2
5732	en madrass	матрас	NOUN	C2
5733	att lindra	облегчать (боль)	VERB	C1
5734	ett bedrägeri	мошенничество	NOUN	B2
5735	en påminnelse	напоминание	NOUN	B2
5736	en bur	клетка	NOUN	C1
5737	efterlängtad	долгожданный	ADJ	-
5738	svartsjuk	ревнивый	ADJ	C2
5739	ett tiotal	около десятка	NOUN	B1
5740	nåväl	ну ладно	OTHER	-
5741	till vardags	в повседневной жизни	OTHER	-
5742	i spetsen	во главе	OTHER	-
5743	ett ideal	идеал	NOUN	B1
5744	att halka	поскользнуться	VERB	B2
5745	en lagändring	поправка к закону	NOUN	B2
5746	en cigarett	сигарета	NOUN	B2
5747	att fordra	требовать	VERB	B1
5748	ett amfetamin	амфетамин	NOUN	-
5749	en förmögenhet	состояние (богатство)	NOUN	B2
5750	kunglig	королевский	ADJ	B1
5751	afrikansk	африканский	ADJ	B1
5752	ett andetag	вдох	NOUN	C1
5753	att gräva ner	закапывать	VERB	-
5754	efter hand	постепенно	OTHER	-
5755	ett fat	блюдо, бочка	NOUN	C1
5756	en tunnel	туннель	NOUN	B2
5757	att köpa upp	скупать	VERB	-
5758	en sjukförsäkring	медицинская страховка	NOUN	B1
5759	att bekosta	оплачивать	VERB	-
5760	en handlingsplan	план действий	NOUN	B1
5761	ett intag	приём (пищи, лекарств)	NOUN	C1
5762	att blåsa upp	надувать, раздувать	VERB	-
5763	en förövare	преступник (виновник)	NOUN	B2
5764	imorgon bitti	завтра рано утром	OTHER	-
5765	västerländsk	западный	ADJ	A2
5766	en avslutning	окончание	NOUN	B1
5767	ett mejl	имейл	NOUN	B2
5768	att biträda	помогать, содействовать	VERB	-
5769	frän	резкий (о запахе)	ADJ	-
5770	en jägare	охотник	NOUN	B1
5771	ett ägande	владение	NOUN	B1
5772	ett löv	лист (дерева)	NOUN	B2
5773	att ta tillvara	использовать (с пользой)	VERB	-
5774	en upplaga	тираж, издание	NOUN	B1
5775	fortsatt	продолжающийся	OTHER	-
5776	utan vidare	без лишних слов	OTHER	-
5777	en entreprenör	предприниматель	NOUN	B1
5778	en akademi	академия	NOUN	B1
5779	ett facit	ответы (к задачам)	NOUN	B2
5780	ett dåd	деяние, злодеяние	NOUN	-
5781	utåt	наружу	OTHER	B2
5782	att dissa	дисить, отвергать	VERB	-
5783	humanitär	гуманитарный	ADJ	B1
5784	att flytta fram	переносить (вперёд)	VERB	-
5785	ett badkar	ванна	NOUN	C2
5786	en potta	горшок (детский)	NOUN	-
5787	en rymd	космос	NOUN	B1
5788	att orka med	справляться (с)	VERB	-
5789	en mottagning	приём (врача), приёмная	NOUN	C1
5790	en överensstämmelse	соответствие	NOUN	B2
5791	ut och in	наизнанку	OTHER	-
5792	jämförbar	сопоставимый	ADJ	B2
5793	en dvd	DVD-диск	NOUN	B2
5794	ett vett	разум, здравый смысл	NOUN	C1
5795	systematiskt	систематически	OTHER	B2
5796	ett tillbehör	аксессуар	NOUN	C1
5797	en tittare	зритель	NOUN	B2
5798	en bristning	растяжка (на коже)	NOUN	-
5799	i detta nu	в данный момент	OTHER	-
5800	ett spöke	привидение	NOUN	C2
5801	en avgång	отправление, отставка	NOUN	B2
5802	att fixera sig	зацикливаться	VERB	-
5803	en era	эра	NOUN	A2
5804	en psykos	психоз	NOUN	-
5805	psykiskt	психически	OTHER	B2
5806	att viska	шептать	VERB	C1
5807	manuell	ручной	ADJ	C2
5808	en räddning	спасение	NOUN	B2
5809	användbar	полезный, пригодный	ADJ	B1
5810	att utlova	обещать	VERB	B2
5811	att ledas	вестись	VERB	-
5812	att sucka	вздыхать	VERB	C1
5813	att ta sikte på	нацеливаться	VERB	-
5814	en renovering	ремонт	NOUN	C1
5815	att begrava	хоронить	VERB	B2
5816	att komma på tanken	прийти в голову	VERB	-
5817	att vinka	махать (рукой)	VERB	C1
5818	osynlig	невидимый	ADJ	B1
5819	en njutning	наслаждение	NOUN	B2
5820	att köra hem	отвозить домой	VERB	-
5821	en genre	жанр	NOUN	B1
5822	att utlösa	вызывать (запускать)	VERB	B2
5823	inledningsvis	вначале	OTHER	B1
5824	en kräm	крем	NOUN	C2
5825	solig	солнечный	ADJ	B2
5826	en vändning	поворот	NOUN	A1
5827	att vräka sig	разваливаться (на диване)	VERB	-
5828	en entré	вход	NOUN	B2
5829	utomstående	посторонний	ADJ	B2
5830	en gryta	кастрюля, рагу	NOUN	C1
5831	en tjuv	вор	NOUN	B2
5832	hemlös	бездомный	ADJ	B2
5833	en tillsynsmyndighet	надзорный орган	NOUN	B2
5834	att utbetala	выплачивать	VERB	C1
5835	en dialekt	диалект	NOUN	B2
5836	att dra igen	закрывать (задвигать)	VERB	-
5837	konstnärlig	художественный	ADJ	B1
5838	en stockholmare	стокгольмец	NOUN	-
5839	en statsmakt	государственная власть	NOUN	B2
5840	ett medgivande	согласие, признание	NOUN	C1
5841	en mässa	ярмарка; месса	NOUN	B1
5842	att besätta	занимать (оккупировать)	VERB	C2
5843	att vara av	сломаться (оторваться)	VERB	-
5844	en spelning	концерт, выступление	NOUN	B1
5845	att transportera	транспортировать	VERB	B1
5846	att framkalla	вызывать; проявлять (плёнку)	VERB	B2
5847	en uppmaning	призыв	NOUN	B1
5848	en ask	коробочка	NOUN	B2
5849	en heder	честь	NOUN	C2
5850	ett skogsbruk	лесное хозяйство	NOUN	-
5851	en resenär	путешественник	NOUN	B2
5852	en justitieminister	министр юстиции	NOUN	B2
5853	att besitta	обладать	VERB	B2
5854	ett kvarter	квартал	NOUN	B1
5855	en komponent	компонент	NOUN	B1
5856	att klä på	одевать	VERB	-
5857	bedrövlig	плачевный	ADJ	-
5858	en plattform	платформа	NOUN	B1
5859	att skrika ut	выкрикивать	VERB	-
5860	att förbruka	расходовать	VERB	B2
5861	en kartläggning	картографирование	NOUN	B2
5862	en arbetskamrat	коллега	NOUN	B2
5863	ett patent	патент	NOUN	B1
5864	en autism	аутизм	NOUN	-
5865	ett lakan	простыня	NOUN	C2
5866	ett handikapp	инвалидность	NOUN	C1
5867	en hörna	уголок	NOUN	-
5868	radikalt	радикально	OTHER	B2
5869	en ondska	зло	NOUN	B1
5870	ett filter	фильтр	NOUN	C1
5871	en evolution	эволюция	NOUN	A1
5872	en växel	коммутатор; размен	NOUN	B2
5873	en svaghet	слабость	NOUN	B1
5874	att lasta	грузить	VERB	B2
5875	jämlik	равный	ADJ	B2
5876	en cyklist	велосипедист	NOUN	C1
5877	oj då	ой-ой!	OTHER	-
5878	en spik	гвоздь	NOUN	C1
5879	isolerad	изолированный	ADJ	B1
5880	en klyfta	расщелина, пропасть	NOUN	B1
5881	att förverkliga	осуществлять	VERB	B1
5882	ett tangentbord	клавиатура	NOUN	C1
5883	att ta ur	вынимать	VERB	-
5884	töntig	дурацкий	ADJ	-
5885	på raken	подряд	OTHER	-
5886	en uppgörelse	соглашение, разборка	NOUN	B1
5887	samhällsekonomisk	народнохозяйственный	ADJ	-
5888	i det långa loppet	в конечном счёте	OTHER	-
5889	att säga sig självt	быть очевидным	VERB	-
5890	en nyans	оттенок	NOUN	C1
5891	en gardin	занавеска	NOUN	C1
5892	overklig	нереальный	ADJ	-
5893	en åker	поле (пашня)	NOUN	C2
5894	ett intervall	интервал	NOUN	C1
5895	en hunger	голод	NOUN	C1
5896	att ta om hand	позаботиться	VERB	-
5897	en lövskog	лиственный лес	NOUN	-
5898	slapp	вялый, расслабленный	ADJ	C1
5899	en fluga	муха	NOUN	B2
5900	en snut	мент (разг.)	NOUN	-
5901	ett mynt	монета	NOUN	B1
5902	ett bredband	широкополосный интернет	NOUN	B2
5903	att dra sig undan	уединяться	VERB	-
5904	en nyfikenhet	любопытство	NOUN	B2
5905	att gå in i väggen	выгореть (на работе)	VERB	-
5906	en hy	цвет лица	NOUN	-
5907	att hetsa upp	взвинчивать	VERB	-
5908	en öppenhet	открытость	NOUN	A2
5909	en synvinkel	точка зрения	NOUN	B1
5910	en myra	муравей	NOUN	C1
5911	en automatik	автоматическая коробка	NOUN	-
5912	en ratt	руль	NOUN	B2
5913	tempererad	умеренный (о климате)	ADJ	-
5914	ett dilemma	дилемма	NOUN	B2
5915	en pilot	пилот	NOUN	B2
5916	på ...s vägnar	от имени	OTHER	-
5917	en pipa	трубка	NOUN	C1
5918	att hävda sig	самоутверждаться	VERB	-
5919	en pedagog	педагог	NOUN	C1
5920	att svimma	падать в обморок	VERB	-
5921	att rusta	вооружать(ся)	VERB	B2
5922	ett grannland	соседняя страна	NOUN	B1
5923	ett bär	ягода	NOUN	C1
5924	att deklarera	декларировать	VERB	B1
5925	att stämpla	штамповать; отмечаться	VERB	C1
5926	att mixa	смешивать	VERB	-
5927	en vårdnadshavare	опекун	NOUN	-
5928	en kemi	химия	NOUN	B2
5929	ofrivillig	невольный	ADJ	C2
5930	ett handtag	ручка (двери)	NOUN	C2
5931	en tes	тезис	NOUN	B1
5932	en arbetsgivaravgift	взнос работодателя	NOUN	B2
5933	en palestinier	палестинец	NOUN	A2
5934	markant	заметно	OTHER	B2
5935	att frysa in	замораживать	VERB	-
5936	uppmärksammad	нашумевший	ADJ	-
5937	en blixt	молния	NOUN	C1
5938	en delägare	совладелец	NOUN	B2
5939	marin	морской	ADJ	B2
5940	mot förmodan	против ожидания	OTHER	-
5941	en gurka	огурец	NOUN	C2
5942	en kompensation	компенсация	NOUN	B2
5943	att garva	хохотать	VERB	-
5944	aldrig i livet	ни в жизнь	OTHER	-
5945	att aktualisera	актуализировать	VERB	B2
5946	legal	законный	ADJ	B2
5947	att anlägga	разбивать (сад), закладывать	VERB	B1
5948	jättejobbig	очень тяжёлый	ADJ	-
5949	en förekomst	наличие	NOUN	B1
5950	trådlös	беспроводной	ADJ	C1
5951	ett inträde	вход (плата)	NOUN	B2
5952	en kronofogde	судебный пристав	NOUN	-
5953	iskall	ледяной	ADJ	C1
5954	en apparat	аппарат	NOUN	B2
5955	itu	пополам	OTHER	B1
5956	förfluten	прошедший	ADJ	B1
5957	en hamburgare	гамбургер	NOUN	-
5958	att gosa	обниматься, нежиться	VERB	-
5959	grinig	капризный	ADJ	-
5960	en pärla	жемчужина	NOUN	B2
5961	i farten	на ходу	ADJ	-
5962	en historik	история (предыстория)	NOUN	B2
5963	ett befäl	командование	NOUN	B2
5964	en friskola	частная школа	NOUN	B1
5965	stressig	напряжённый	ADJ	-
5966	en hudfärg	цвет кожи	NOUN	-
5967	att fördöma	осуждать	VERB	B1
5968	ack	увы	OTHER	-
5969	en tvättmaskin	стиральная машина	NOUN	C2
5970	kritiskt	критически	OTHER	B2
5971	en underhållning	развлечение	NOUN	B2
5972	en stabilitet	стабильность	NOUN	B1
5973	destruktiv	деструктивный	ADJ	B2
5974	en check	чек	NOUN	B2
5975	att återge	передавать (воспроизводить)	VERB	B1
5976	en finansinspektion	Финансовая инспекция	NOUN	-
5977	ett stick	укус (насекомого)	NOUN	C2
5978	att gå under	гибнуть	VERB	-
5979	ett ögonbryn	бровь	NOUN	C1
5980	att packa upp	распаковывать	VERB	-
5981	en flod	река	NOUN	A2
5982	framgångsrikt	успешно	OTHER	B2
5983	härom	об этом	OTHER	B2
5984	ett incitament	стимул	NOUN	B1
5985	att slutföra	завершать	VERB	B2
5986	en hjälm	шлем	NOUN	C1
5987	en färd	поездка	NOUN	A2
5988	att belöna	вознаграждать	VERB	B2
5989	en ingenjör	инженер	NOUN	B2
5990	av och till	время от времени	OTHER	-
5991	fixerad	зафиксированный	ADJ	-
5992	lugnande	успокаивающий	ADJ	-
5993	inspirerad	вдохновлённый	ADJ	-
5994	däribland	в том числе	OTHER	B1
5995	en explosion	взрыв	NOUN	B2
5996	att skriva under	подписывать	VERB	-
5997	att blocka	блокировать (разг.)	VERB	-
5998	att jämna ut	выравнивать	VERB	-
5999	en kongress	конгресс	NOUN	A2
6000	att erfordra	требовать	VERB	-
6001	i ett nötskal	в двух словах	OTHER	-
6002	mystisk	загадочный	ADJ	B1
6003	obefintlig	несуществующий	ADJ	B2
6004	att ramla ner	падать вниз	VERB	-
6005	att omvandla	преобразовывать	VERB	B1
6006	en klädsel	одежда (наряд)	NOUN	B2
6007	ett tjat	нытьё	NOUN	C2
6008	ett beaktande	учёт	NOUN	B1
6009	en räka	креветка	NOUN	C2
6010	en kungörelse	объявление (офиц.)	NOUN	C2
6011	mammaledig	в декретном отпуске (о маме)	ADJ	-
6012	en serb	серб	NOUN	B2
6013	en drottning	королева	NOUN	A2
6014	online	онлайн	OTHER	A2
6015	en olägenhet	неудобство	NOUN	-
6016	att lämna efter sig	оставлять после себя	VERB	-
6017	att förstöras	разрушаться	VERB	-
6018	bisarr	причудливый	ADJ	C1
6019	en tagg	шип, колючка	NOUN	B1
6020	en musiker	музыкант	NOUN	C2
6021	ett utlåtande	заключение (экспертное)	NOUN	-
6022	en företeelse	явление	NOUN	B1
6023	en forward	нападающий	NOUN	-
6024	alltjämt	всё ещё	OTHER	B1
6025	en hasch	гашиш	NOUN	-
6026	en norrman	норвежец	NOUN	B2
6027	kapabel	способный	ADJ	B2
6028	var som helst	где угодно	OTHER	-
6029	antiken	античность	NOUN	B2
6030	en sjuka	болезнь (хворь)	NOUN	-
6031	ovanpå	поверх	OTHER	B2
6032	att göra sig gällande	заявлять о себе	VERB	-
6033	en tjejkompis	подружка	NOUN	-
6034	en mack	заправка (разг.)	NOUN	-
6035	en procentenhet	процентный пункт	NOUN	B1
6036	obetydlig	незначительный	ADJ	B2
6037	banne mig	ей-богу	OTHER	-
6038	en merit	заслуга	NOUN	B2
6039	att plantera	сажать (растения)	VERB	B2
6040	att beväpna	вооружать	VERB	C2
6041	en lagtext	текст закона	NOUN	C1
6042	att slå vad	заключать пари	VERB	-
6043	ett förarbete	подготовительные материалы	NOUN	-
6044	tajt	тесный (облегающий)	ADJ	-
6045	en agent	агент	NOUN	B1
6046	en näve	кулак	NOUN	C1
6047	en psykologi	психология	NOUN	B1
6048	en hörlur	наушник	NOUN	-
6049	jättesvår	очень трудный	ADJ	-
6050	att förkorta	сокращать	VERB	C1
6051	en trav	бега (рысистые)	NOUN	-
6052	att trappa ner	сбавлять обороты	VERB	-
6053	medelstor	среднего размера	ADJ	B1
6054	att banka	колотить	VERB	-
6055	välkänd	известный	ADJ	B1
6056	förnybar	возобновляемый	ADJ	B2
6057	socialistisk	социалистический	ADJ	A2
6058	en angelägenhet	дело, вопрос	NOUN	B1
6059	att koppla av	расслабляться	VERB	-
6060	i dess helhet	целиком	ADJ	-
6061	en motorväg	автомагистраль	NOUN	B1
6062	en specialist	специалист	NOUN	B2
6063	en taco	тако	NOUN	-
6064	en kemikalie	химикат	NOUN	C2
6065	att göra sig illa	ушибиться	VERB	-
6066	ett medlemsland	страна-член	NOUN	B1
6067	en navel	пупок	NOUN	-
6068	måttlig	умеренный	ADJ	C1
6069	ett preventivmedel	противозачаточное средство	NOUN	-
6070	att uppfinna	изобретать	VERB	B2
6071	en fobi	фобия	NOUN	-
6072	en uppdelning	разделение	NOUN	B1
6073	ett beröm	похвала	NOUN	B2
6074	en shorts	шорты	NOUN	C2
6075	en udde	мыс	NOUN	-
6076	tröttsam	утомительный	ADJ	-
6077	moraliskt	морально	OTHER	B2
6078	att förvärra	ухудшать	VERB	B2
6079	att ösa	черпать; лить (о дожде)	VERB	A1
6080	att flytta på sig	подвинуться	VERB	-
6081	ett skötbord	пеленальный столик	NOUN	-
6082	ett terrordåd	теракт	NOUN	-
6083	en ersättare	заместитель	NOUN	B2
6084	en inskränkning	ограничение	NOUN	B2
6085	på rak arm	навскидку	OTHER	-
6086	kronisk	хронический	ADJ	C1
6087	en åkpåse	конверт для коляски	NOUN	-
6088	en sekreterare	секретарь	NOUN	B1
6089	tight	плотный, сплочённый	ADJ	-
6090	lyxig	роскошный	ADJ	C1
6091	att tråka ut	наскучить	VERB	-
6092	att hålla tillbaka	сдерживать	VERB	-
6093	en socialist	социалист	NOUN	B1
6094	att förfölja	преследовать	VERB	B1
6095	palestinsk	палестинский	ADJ	A2
6096	en anhängare	сторонник	NOUN	A2
6097	en smörgås	бутерброд	NOUN	C2
6098	en idioti	идиотизм	NOUN	-
6099	att fotografera	фотографировать	VERB	B1
6100	att ömma	болеть (ныть)	VERB	-
6101	ett bemötande	отношение, приём	NOUN	-
6102	en tvättstuga	прачечная (в доме)	NOUN	-
6103	att sabba	портить	VERB	-
6104	en korruption	коррупция	NOUN	B1
6105	ett redskap	орудие, инструмент	NOUN	B1
6106	att hetsa	подстрекать	VERB	-
6107	kontra	против	OTHER	B2
6108	yr	с кружащейся головой	ADJ	C2
6109	en utsida	внешняя сторона	NOUN	C1
6110	polsk	польский	ADJ	B1
6111	en inbjudan	приглашение	NOUN	B2
6112	att vrida sig	извиваться	VERB	-
6113	påhittad	выдуманный	ADJ	-
6114	besatt	одержимый	ADJ	-
6115	ändamålsenlig	целесообразный	ADJ	C1
6116	en slav	раб	NOUN	B1
6117	en tusenlapp	тысячная купюра	NOUN	-
6118	att mejla	писать имейл	VERB	-
6119	en bemärkelse	смысл, значение	NOUN	B1
6120	en skärgård	шхеры	NOUN	B2
6121	ett förråd	кладовая, запас	NOUN	B2
6122	att ta det säkra före det osäkra	перестраховаться	VERB	-
6123	en skattesänkning	снижение налогов	NOUN	B1
6124	lila	фиолетовый	ADJ	C1
6125	en antibiotika	антибиотики	NOUN	-
6126	en centimeter	сантиметр	NOUN	B1
6127	en övertygelse	убеждение	NOUN	B1
6128	en sele	шлейка	NOUN	-
6129	att starta eget	открыть своё дело	VERB	-
6130	att hänföra sig	относиться (к)	VERB	-
6131	att klättra upp	залезать	VERB	-
6132	nedsatt	сниженный	ADJ	-
6133	psykiatrisk	психиатрический	ADJ	C1
6134	att utrota	искоренять	VERB	B2
6135	att skjuta ihjäl	застрелить	VERB	-
6136	att sätta i gång	запускать	VERB	-
6137	en upplösning	распад, разрешение (экрана)	NOUN	B2
6138	en gynekolog	гинеколог	NOUN	-
6139	parlamentarisk	парламентский	ADJ	B1
6140	att reservera	бронировать	VERB	C1
6141	till den grad	до такой степени	OTHER	-
6142	ett pyre	малыш (разг.)	NOUN	-
6143	en kran	кран	NOUN	C2
6144	hastig	поспешный	ADJ	C1
6145	läsvärd	стоящий прочтения	ADJ	B1
6146	att tiga	молчать	VERB	A1
6147	finfin	превосходный	ADJ	-
6148	en målgrupp	целевая группа	NOUN	B1
6149	fryst	замороженный	ADJ	-
6150	en utflykt	экскурсия	NOUN	B2
6151	ett läkarbesök	визит к врачу	NOUN	-
6152	en folkhögskola	народная высшая школа	NOUN	B2
6153	blåvit	бело-синий	ADJ	-
6154	att nicka	кивать	VERB	B2
6155	att foga	соединять	VERB	B1
6156	att initiera	инициировать	VERB	B2
6157	att konsumera	потреблять	VERB	B1
6158	en citron	лимон	NOUN	C2
6159	ett klagomål	жалоба	NOUN	B2
6160	på spåret	на верном пути	ADJ	-
6161	att föra upp	вносить (в список)	VERB	-
6162	en regissör	режиссёр	NOUN	B1
6163	knasig	чудной	ADJ	-
6164	sinnessjuk	душевнобольной	ADJ	-
6165	charmig	очаровательный	ADJ	-
6166	skånsk	сконский	ADJ	B2
6167	en konung	король	NOUN	A2
6168	att ta tillfället i akt	воспользоваться случаем	VERB	-
6169	att eftersträva	стремиться	VERB	B1
6170	en juridik	юриспруденция	NOUN	B2
6171	glad i	любящий (что-то)	ADJ	-
6172	att omsätta	превращать, реализовывать	VERB	B2
6173	avvikande	отклоняющийся	ADJ	-
6174	en okunskap	невежество	NOUN	B2
6175	en koncern	концерн	NOUN	B2
6176	att skiljas	расставаться	VERB	-
6177	för att inte säga	чтобы не сказать	OTHER	-
6178	att stå till förfogande	быть в распоряжении	VERB	-
6179	ett knep	уловка	NOUN	-
6180	att återkalla	отзывать	VERB	C1
6181	att slakta	забивать (скот)	VERB	C1
6182	att ligga för	удаваться (быть по душе)	VERB	-
6183	en metall	металл	NOUN	B2
6184	gynnsam	благоприятный	ADJ	B1
6185	till sömns	(уснуть) сном	OTHER	-
6186	över huvudtaget	вообще	OTHER	-
6187	en kapitalism	капитализм	NOUN	A2
6188	ett territorium	территория	NOUN	A2
6189	ett mästerskap	чемпионат	NOUN	C1
6190	en övertid	сверхурочные	NOUN	C2
6191	förenlig	совместимый	ADJ	B1
6192	en profet	пророк	NOUN	A2
6193	en anmärkning	замечание	NOUN	B2
6194	att skatta	оценивать; платить налог	VERB	A2
6195	att offentliggöra	обнародовать	VERB	B1
6196	en strävan	стремление	NOUN	B1
6197	en dagbok	дневник	NOUN	B1
6198	att lösa upp	растворять	VERB	-
6199	att utlämna	выдавать	VERB	C2
6200	för ändamålet	для этой цели	OTHER	-
6201	ett husdjur	домашнее животное	NOUN	C1
6202	att göra pengar	зарабатывать деньги	VERB	-
6203	ett äldreboende	дом престарелых	NOUN	-
6204	skit samma	всё равно, плевать	ADJ	-
6205	att klyva	раскалывать	VERB	-
6206	respektlös	неуважительный	ADJ	-
6207	en deltid	неполный рабочий день	NOUN	-
6208	ett hugg	удар (рубящий)	NOUN	C1
6209	en juice	сок	NOUN	C2
6210	att lägga på hyllan	забросить (дело)	VERB	-
6211	ojämn	неровный	ADJ	C1
6212	överraskad	удивлённый	ADJ	-
6213	att flytta upp	переезжать наверх	VERB	-
6214	för hand	вручную	OTHER	-
6215	ett företagande	предпринимательство	NOUN	-
6216	en matlagning	приготовление еды	NOUN	C1
6217	av allt att döma	судя по всему	OTHER	-
6218	att sponsra	спонсировать	VERB	C1
6219	kontroversiell	спорный	ADJ	B1
6220	en separation	расставание	NOUN	C1
6221	ett folkmord	геноцид	NOUN	B1
6222	en utvidgning	расширение	NOUN	B1
6223	slarvig	небрежный	ADJ	-
6224	fundersam	задумчивый	ADJ	-
6225	en anordning	устройство	NOUN	B2
6226	att få rum	помещаться	VERB	-
6227	att undervisa	преподавать	VERB	B1
6228	att lämpa sig	годиться	VERB	A2
6229	att ge vid handen	свидетельствовать	VERB	-
6230	en hets	травля, спешка	NOUN	-
6231	ultimat	наилучший	ADJ	-
6232	att illustrera	иллюстрировать	VERB	B1
6233	en korg	корзина	NOUN	C1
6234	en ekvation	уравнение	NOUN	C1
6235	att tillfråga	спрашивать (опрашивать)	VERB	-
6236	en försvarsminister	министр обороны	NOUN	B2
6237	att disponera	распоряжаться	VERB	C1
6238	ett massmedium	СМИ	NOUN	B1
6239	med flit	нарочно	OTHER	-
6240	att tjänstgöra	служить	VERB	B2
6241	att vänta ut	переждать	VERB	-
6242	att tigga	попрошайничать	VERB	-
6243	diskret	сдержанный, незаметный	ADJ	C1
6244	en kartong	картонная коробка	NOUN	C1
6245	en raket	ракета	NOUN	B1
6246	mitt uppe i	в самый разгар	OTHER	-
6247	ett diagram	диаграмма	NOUN	B2
6248	att krympa	сжиматься	VERB	B2
6249	ett tjafs	пустая болтовня	NOUN	-
6250	att töras	осмеливаться	VERB	-
6251	en tyngd	тяжесть	NOUN	B2
6252	skarpt	резко	OTHER	B2
6253	en bilist	автомобилист	NOUN	-
6254	att plocka undan	убирать (со стола)	VERB	-
6255	en körning	поездка (на машине)	NOUN	C1
6256	en förbundskapten	главный тренер сборной	NOUN	-
6257	att krya på sig	выздоравливать	VERB	-
6258	en avveckling	ликвидация, свёртывание	NOUN	B2
6259	en kvartsfinal	четвертьфинал	NOUN	-
6260	skämt åsido	шутки в сторону	OTHER	-
6261	att slösa bort	растрачивать	VERB	-
6262	uteslutande	исключительно	OTHER	B1
6263	ett tillkännagivande	объявление	NOUN	C1
6264	i det avseendet	в этом отношении	OTHER	-
6265	värnpliktig	военнообязанный	ADJ	-
6266	operativ	оперативный	ADJ	B1
6267	i vad mån	в какой мере	OTHER	-
6268	ruskig	жуткий, мерзкий (о погоде)	ADJ	-
6269	en orange	апельсин	NOUN	C2
6270	befogad	обоснованный	ADJ	-
6271	ett utdrag	выдержка, выписка	NOUN	B2
6272	en sill	сельдь	NOUN	-
6273	en investerare	инвестор	NOUN	B2
6274	ett kommunalråd	муниципальный советник	NOUN	-
6275	ett skrivbord	письменный стол	NOUN	B2
6276	att sträcka ut	вытягивать	VERB	-
6277	ett monopol	монополия	NOUN	B1
6278	kontanter	наличные	NOUN	C1
6279	att rubba	сдвигать, нарушать	VERB	-
6280	en vinge	крыло	NOUN	B2
6281	en andning	дыхание	NOUN	B1
6282	meningsfull	осмысленный	ADJ	B1
6283	vice versa	наоборот	OTHER	-
6284	mums	ням-ням	OTHER	-
6285	att försvaga	ослаблять	VERB	B1
6286	att bära av	отломиться	VERB	-
6287	en general	генерал	NOUN	B1
6288	en teckning	рисунок	NOUN	B1
6289	gott folk	люди добрые!	OTHER	-
6290	inledande	вводный	ADJ	B1
6291	en förintelse	уничтожение	NOUN	B1
6292	klen	хилый	ADJ	-
6293	i sikte	в поле зрения	OTHER	-
6294	en öppning	отверстие, открытие	NOUN	B2
6295	upp och ned	вверх ногами	OTHER	-
6296	en kyss	поцелуй	NOUN	C1
6297	ett ingripande	вмешательство	NOUN	B2
6298	ett förnamn	имя (личное)	NOUN	-
6299	att ta ledningen	выходить вперёд	VERB	-
6300	en medmänniska	ближний (человек)	NOUN	B2
6301	onödigt	напрасно	OTHER	B2
6302	ett skepp	корабль	NOUN	A2
6303	en installation	установка	NOUN	B2
6304	en rast	перемена (в школе)	NOUN	B1
6305	en ishockey	хоккей с шайбой	NOUN	-
6306	en djävul	дьявол	NOUN	B1
6307	en målskytt	бомбардир	NOUN	-
6308	en valrörelse	предвыборная кампания	NOUN	B1
6309	i någon mån	в какой-то мере	OTHER	-
6310	att slå ett slag	бороться (за дело)	VERB	-
6311	prisvärd	доступный по цене	ADJ	-
6312	att löpa ut	истекать (о сроке)	VERB	-
6313	en dagmamma	няня (дневная)	NOUN	-
6314	att reta upp	раздражать	VERB	-
6315	ett abonnemang	абонемент, подписка	NOUN	C1
6316	att vinkla	освещать под углом	VERB	-
6317	att donera	жертвовать (дарить)	VERB	B2
6318	myndig	совершеннолетний	ADJ	C1
6319	en mobbning	травля, буллинг	NOUN	B2
6320	en sökning	поиск	NOUN	A1
6321	en reflektion	размышление	NOUN	B1
6322	en pjäs	пьеса; фигура (шахм.)	NOUN	B1
6323	härvid	при этом	OTHER	-
6324	en mugg	кружка	NOUN	C2
6325	en utväg	выход (из положения)	NOUN	B2
6326	att fascinera	очаровывать	VERB	C1
6327	en beteckning	обозначение	NOUN	B1
6328	så långt som möjligt	насколько возможно	OTHER	-
6329	överlycklig	вне себя от счастья	ADJ	-
6330	att upphetsa	возбуждать	VERB	C2
6331	femton	пятнадцать	NUM	A1
6332	på sista tiden	в последнее время	OTHER	-
6333	att besvära	беспокоить	VERB	C2
6334	färgad	окрашенный, цветной	ADJ	-
6335	språklig	языковой	ADJ	B1
6336	en moské	мечеть	NOUN	B2
6337	en planta	растение (саженец)	NOUN	C1
6338	vansinnigt	безумно	OTHER	-
6339	pålitlig	надёжный	ADJ	B2
6340	att busa	шалить	VERB	-
6341	att logga ut	выходить (из системы)	VERB	-
6342	en spärr	блокировка	NOUN	-
6343	en efterrätt	десерт	NOUN	-
6344	ett hallon	малина	NOUN	-
6345	att bekymra sig	беспокоиться	VERB	-
6346	att falla ner	падать вниз	VERB	-
6347	ett styre	правление	NOUN	B1
6348	en stig	тропинка	NOUN	B2
6349	en incident	инцидент	NOUN	B2
6350	oändligt	бесконечно	OTHER	B2
6351	att ta sig till	добираться до	VERB	-
6352	en proportion	пропорция	NOUN	B2
6353	en lins	линза; чечевица	NOUN	C1
6354	ett bostadsområde	жилой район	NOUN	B2
6355	att inbegripa	включать	VERB	B2
6356	en signatur	подпись	NOUN	B2
6357	att natta	укладывать спать	VERB	-
6358	att snöa in	заваливать снегом	VERB	-
6359	på något vis	как-нибудь	OTHER	B2
6360	kortsiktig	краткосрочный	ADJ	B2
6361	en hona	самка	NOUN	C1
6362	att frigöra	освобождать	VERB	B1
6363	att löpa risk	рисковать	VERB	-
6364	att jävlas	вредничать	VERB	-
6365	fortsättningsvis	в дальнейшем	OTHER	B2
6366	att klarlägga	прояснять	VERB	-
6367	ett syndrom	синдром	NOUN	C1
6368	ett bacon	бекон	NOUN	C1
6369	att rinna ut i sanden	сойти на нет	VERB	-
6370	en britt	британец	NOUN	B1
6371	ifråga om	в отношении	OTHER	-
6372	att tänka till	подумать хорошенько	VERB	-
6373	att precisera	уточнять	VERB	C1
6374	riklig	обильный	ADJ	C1
6375	ivrig	рьяный	ADJ	C1
6376	att inträda	вступать	VERB	B2
6377	en rösträtt	право голоса	NOUN	B1
6378	en moped	мопед	NOUN	C2
6379	en transaktion	транзакция	NOUN	B2
6380	uppvuxen	выросший	ADJ	-
6381	anklagad	обвинённый	ADJ	B2
6382	en etapp	этап	NOUN	B2
6383	en tyska	немецкий язык	NOUN	B2
6384	skaplig	сносный	ADJ	-
6385	ofattbar	непостижимый	ADJ	C1
6386	i sin ordning	в порядке вещей	ADJ	-
6387	att invandra	иммигрировать	VERB	-
6388	bak	сзади	OTHER	B2
6389	jisses	батюшки!	OTHER	-
6390	en taxering	налогообложение	NOUN	-
6391	att generalisera	обобщать	VERB	C1
6392	en halsbränna	изжога	NOUN	-
6393	en processor	процессор	NOUN	C2
6394	inuti	внутри	OTHER	B2
6395	en mosaik	мозаика	NOUN	-
6396	intensivt	интенсивно	OTHER	B2
6397	en bukt	бухта, изгиб	NOUN	C1
6398	att mala	молоть	VERB	C1
6399	tummen upp	палец вверх	OTHER	-
6400	fredlig	мирный	ADJ	A2
6401	uttryckligen	явно, недвусмысленно	OTHER	B1
6402	att bre ut sig	распространяться	VERB	-
6403	att klä ut sig	наряжаться	VERB	-
6404	hastigt	быстро	OTHER	B2
6405	en vikarie	замещающий (сотрудник)	NOUN	C2
6406	en försening	задержка	NOUN	C1
6407	en groda	лягушка; ляп	NOUN	C1
6408	att räkna med	рассчитывать на	VERB	-
6409	att avliva	усыплять (животное)	VERB	-
6410	ett beslag	конфискация	NOUN	C1
6411	en merpart	большая часть	NOUN	B2
6412	organisatorisk	организационный	ADJ	B2
6413	en skara	толпа, ватага	NOUN	B1
6414	evigt	вечно	OTHER	B2
6415	att spika	прибивать	VERB	-
6416	en riksbank	Риксбанк (центробанк)	NOUN	B2
6417	dominerande	доминирующий	ADJ	B1
6418	en ekonom	экономист	NOUN	B1
6419	förälskad	влюблённый	ADJ	C1
6420	att omkomma	погибать	VERB	C1
6421	ett stål	сталь	NOUN	B2
6422	en anfallare	нападающий	NOUN	-
6423	ett svek	предательство	NOUN	B2
6424	en tjänstgöring	служба (срок)	NOUN	-
6425	en kock	повар	NOUN	C1
6426	att ladda ned	скачивать	VERB	-
6427	en prostitution	проституция	NOUN	B1
6428	att tjafsa	препираться	VERB	-
6429	att sväva	парить	VERB	C1
6430	en huvudregel	основное правило	NOUN	-
6431	ett vite	штраф (неустойка)	NOUN	-
6432	en astma	астма	NOUN	C2
6433	att utforska	исследовать	VERB	B2
6434	att komma till tals	получить слово	VERB	-
6435	att värka	болеть (ныть)	VERB	C2
6436	en förvaltare	управляющий	NOUN	C1
6437	stort	крупно, широко	OTHER	B2
6438	en kammarrätt	административный апелляционный суд	NOUN	-
6439	att falla i smaken	приходиться по вкусу	VERB	-
6440	en sekt	секта	NOUN	B2
6441	att tära	разъедать, изнурять	VERB	-
6442	en justering	корректировка	NOUN	B2
6443	att göra ifrån sig	выполнить (свою часть)	VERB	-
6444	en kommentator	комментатор	NOUN	C1
6445	en väktare	охранник	NOUN	C1
6446	en expansion	экспансия	NOUN	B1
6447	att stå på spel	быть на кону	VERB	-
6448	en vägledning	руководство (указания)	NOUN	B1
6449	vetenskapligt	научно	OTHER	B2
6450	en stång	шест, штанга	NOUN	C2
6451	att avisera	анонсировать	VERB	-
6452	rar	милый	ADJ	-
6453	att lämna kvar	оставлять	VERB	-
6454	att räkna bort	вычитать	VERB	-
6455	en årsredovisning	годовой отчёт	NOUN	-
6456	att utbyta	обмениваться	VERB	C1
6457	att slå igen	захлопывать	VERB	-
6458	ett bus	шалость	NOUN	-
6459	ointresserad	незаинтересованный	ADJ	-
6460	en tvål	мыло	NOUN	C2
6461	att behärska	владеть (навыком)	VERB	B2
6462	avlägsen	отдалённый	ADJ	B1
6463	att gilla läget	принимать положение вещей	VERB	-
6464	ett hov	двор (королевский)	NOUN	A1
6465	att omvända	обращать (в веру)	VERB	C1
6466	en ved	дрова	NOUN	B2
6467	en avstängning	отключение	NOUN	-
6468	en skattemyndighet	налоговое ведомство	NOUN	-
6469	subtropisk	субтропический	ADJ	-
6470	att sammanställa	составлять (сводку)	VERB	B2
6471	en hemtjänst	служба помощи на дому	NOUN	-
6472	en anteckning	заметка	NOUN	B1
6473	att gästa	гостить	VERB	-
6474	att revidera	пересматривать	VERB	B2
6475	vag	расплывчатый	ADJ	A1
6476	en uppsats	сочинение, курсовая	NOUN	B1
6477	ljuvlig	восхитительный	ADJ	-
6478	att bryta sig in	вламываться	VERB	-
6479	att fängsla	заключать в тюрьму; увлекать	VERB	B2
6480	att vispa	взбивать	VERB	-
6481	en ärlighet	честность	NOUN	B2
6482	en intention	намерение	NOUN	B2
6483	att envisas	упорствовать	VERB	C1
6484	att gå efter	следовать (за), ориентироваться	VERB	-
6485	från början till slut	от начала до конца	OTHER	-
6486	att komma på tal	заходить речь	VERB	-
6487	en salva	мазь	NOUN	-
6488	spontant	спонтанно	OTHER	B2
6489	ett arbetstillfälle	рабочее место (вакансия)	NOUN	B2
6490	en argumentation	аргументация	NOUN	B1
6491	att tillkalla	вызывать (помощь)	VERB	-
6492	marginell	незначительный	ADJ	C1
6493	ett förskott	аванс	NOUN	C1
6494	en frekvens	частота	NOUN	C1
6495	en coach	тренер (коуч)	NOUN	-
6496	att flöda	течь (струиться)	VERB	C1
6497	en parfym	духи	NOUN	C1
6498	att uppgradera	обновлять (апгрейд)	VERB	C1
6499	att lära om	переучиваться	VERB	-
6500	en omtanke	забота	NOUN	-
6501	att fejka	имитировать, подделывать	VERB	-
6502	en egentid	время для себя	NOUN	-
6503	en konkurrenskraft	конкурентоспособность	NOUN	B1
6504	en avvägning	взвешивание (баланс)	NOUN	B2
6505	en bluff	блеф	NOUN	B2
6506	en regeringsform	форма правления	NOUN	B2
6507	ett årtionde	десятилетие	NOUN	B1
6508	ett index	индекс	NOUN	B2
6509	ett blogginlägg	запись в блоге	NOUN	A2
6510	att belägga	подтверждать, облагать	VERB	-
6511	en bön	молитва	NOUN	A2
6512	i bitar	на куски	OTHER	-
6513	en försvarare	защитник	NOUN	B2
6514	en panel	панель	NOUN	B2
6515	skönt	приятно	OTHER	B2
6516	en stimulans	стимул	NOUN	C1
6517	en handske	перчатка	NOUN	C1
6518	andlig	духовный	ADJ	A2
6519	ett arvode	гонорар	NOUN	C2
6520	ett strul	неразбериха	NOUN	-
6521	att motionera	заниматься спортом	VERB	-
6522	nojjig	мнительный (разг.)	ADJ	-
6523	en tortyr	пытка	NOUN	B1
6524	ett komplement	дополнение	NOUN	B2
6525	att ta efter	подражать	VERB	-
6526	en passion	страсть	NOUN	B2
6527	kyrklig	церковный	ADJ	B1
6528	funktionshindrad	с инвалидностью	ADJ	B2
6529	en kritiker	критик	NOUN	A2
6530	en belöning	награда	NOUN	B1
6531	att utrusta	оснащать	VERB	C1
6532	en observation	наблюдение	NOUN	B2
6533	sanslös	невероятный, безумный	ADJ	-
6534	att rysa	дрожать	VERB	-
6535	att slita ut	изнашивать	VERB	-
6536	från dag till dag	со дня на день	OTHER	-
6537	en akademiker	человек с высшим образованием	NOUN	C1
6538	att hänga samman	быть связанным	VERB	-
6539	en kontrast	контраст	NOUN	B1
6540	slagen	побеждённый, поражённый	ADJ	-
6541	utbredd	распространённый	ADJ	B2
6542	att mätta	насыщать	VERB	C2
6543	en förskollärare	воспитатель детсада	NOUN	-
6544	en fjärdedel	четверть	NOUN	B2
6545	en klarhet	ясность	NOUN	B2
6546	indisk	индийский	ADJ	B1
6547	en svartsjuka	ревность	NOUN	C2
6548	en bedövning	анестезия	NOUN	-
6549	en poker	покер	NOUN	B1
6550	ett vittnesmål	свидетельские показания	NOUN	B2
6551	österut	на восток	OTHER	C1
6552	en invandringspolitik	иммиграционная политика	NOUN	C1
6553	att begå självmord	совершать самоубийство	VERB	-
6554	en inkomstskatt	подоходный налог	NOUN	B2
6555	en grafik	графика	NOUN	C1
6556	en insamling	сбор (пожертвований)	NOUN	B2
6557	ett fördrag	договор (междунар.)	NOUN	A2
6558	en afrikan	африканец	NOUN	-
6559	att ta form	принимать форму	VERB	-
6560	en mall	шаблон	NOUN	B1
6561	en chaufför	шофёр	NOUN	B2
6562	en böna	боб, фасоль	NOUN	C1
6563	bindande	обязательный (к исполнению)	ADJ	B1
6564	likartad	сходный	ADJ	C1
6565	ett evenemang	мероприятие	NOUN	B2
6566	en lever	печень	NOUN	A2
6567	ett manus	рукопись, сценарий	NOUN	B1
6568	en kavaj	пиджак	NOUN	C1
6569	att svepa	окутывать; осушать (залпом)	VERB	-
6570	nära till hands	напрашиваться	OTHER	-
6571	en dokumentation	документация	NOUN	B2
6572	en plikt	долг (обязанность)	NOUN	B1
6573	en melodi	мелодия	NOUN	B2
6574	att växa så det knakar	расти не по дням	VERB	-
6575	onormal	ненормальный	ADJ	C2
6576	en debattör	публицист	NOUN	B1
6577	att uppsöka	разыскивать, обращаться	VERB	-
6578	bägge	оба	OTHER	-
6579	att ta tid på sig	не торопиться	VERB	-
6580	en indikation	показание, признак	NOUN	B2
6581	en åldersgräns	возрастной ценз	NOUN	-
6582	att rota	рыться	VERB	B2
6583	en borgenär	кредитор	NOUN	-
6584	ett moderkort	материнская плата	NOUN	-
6585	i morgon bitti	завтра рано утром	OTHER	-
6586	att föra talan	представлять в суде	VERB	-
6587	att samverka	взаимодействовать	VERB	B2
6588	a la	а-ля	OTHER	-
6589	att leva ut	давать волю	VERB	-
6590	satt	коренастый	ADJ	-
6591	att andas ut	выдыхать	VERB	-
6592	att sätta sin fot	ступать ногой	VERB	-
6593	intim	интимный	ADJ	C1
6594	prostituerad	проститутка	ADJ	B2
6595	att höja sig	подниматься	VERB	-
6596	nu och då	время от времени	OTHER	-
6597	en salong	салон, гостиная	NOUN	C1
6598	att sätta på sig	надевать на себя	VERB	-
6599	sagt och gjort	сказано — сделано	OTHER	-
6600	ett halsband	ожерелье	NOUN	-
6601	en vaccination	вакцинация	NOUN	-
6602	självständigt	самостоятельно	OTHER	B2
6603	vegetarisk	вегетарианский	ADJ	-
6604	högljudd	громкий, шумный	ADJ	C2
6605	defensiv	оборонительный	ADJ	C1
6606	att bre ut	расстилать	VERB	-
6607	en korridor	коридор	NOUN	B2
6608	att förlova sig	обручаться	VERB	-
6609	en midnatt	полночь	NOUN	C1
6610	ett vete	пшеница	NOUN	A2
6611	minderårig	несовершеннолетний	ADJ	C1
6612	en paprika	перец (сладкий)	NOUN	-
6613	sannerligen	воистину	OTHER	B1
6614	steg för steg	шаг за шагом	OTHER	-
6615	att halvera	уменьшать вдвое	VERB	-
6616	kärleksfull	любящий	ADJ	B2
6617	en undersköterska	младшая медсестра	NOUN	-
6618	att minimera	минимизировать	VERB	B2
6619	påtagligt	ощутимо	OTHER	B2
6620	skapad	созданный	ADJ	-
6621	läcker	аппетитный	ADJ	C2
6622	att bestrida	оспаривать	VERB	B2
6623	ett sken	отблеск, видимость	NOUN	B2
6624	vardaglig	повседневный	ADJ	B1
6625	att stoppa i sig	уплетать	VERB	-
6626	att bläddra	листать	VERB	B2
6627	bevisligen	доказуемо	OTHER	C1
6628	en svärförälder	родитель супруга	NOUN	-
6629	att sätta sig upp	садиться (в кровати)	VERB	-
6630	att bifoga	прилагать	VERB	C1
6631	en alkoholist	алкоголик	NOUN	-
6632	rimligtvis	резонно	OTHER	C1
6633	uppmärksam	внимательный	ADJ	C1
6634	sammantaget	в итоге	OTHER	B2
6635	en faster	тётя (по папе)	NOUN	C1
6636	ensidig	односторонний	ADJ	B2
6637	en motsättning	противоречие	NOUN	A2
6638	att uppbära	получать (жалованье)	VERB	C1
6639	en drivkraft	движущая сила	NOUN	B1
6640	en bot	исцеление; штраф	NOUN	B2
6641	en glesbygd	глубинка	NOUN	-
6642	en applåd	аплодисменты	NOUN	B2
6643	stadigt	твёрдо	OTHER	B2
6644	en generaldirektör	генеральный директор	NOUN	-
6645	att ta risken	рискнуть	VERB	-
6646	en förlorare	проигравший	NOUN	B2
6647	i händelse av	в случае	OTHER	-
6648	en jämlikhet	равенство	NOUN	B1
6649	en målning	картина (живопись)	NOUN	B1
6650	att koppla upp	подключаться	VERB	-
6651	att konvertera	конвертировать	VERB	B2
6652	en webbplats	веб-сайт	NOUN	A2
6653	en överlevnad	выживание	NOUN	B1
6654	en överträdelse	нарушение	NOUN	B2
6655	att avrätta	казнить	VERB	B1
6656	uttråkad	скучающий	ADJ	C1
6657	att gunga	качаться	VERB	C2
6658	att spara ihop	накопить	VERB	-
6659	en migration	миграция	NOUN	C1
6660	barnlös	бездетный	ADJ	-
6661	berömd	знаменитый	ADJ	C1
6662	en kallelse	вызов (повестка)	NOUN	B2
6663	att uppehålla sig	пребывать	VERB	-
6664	att tysta	заставлять замолчать	VERB	C1
6665	att utge sig	выдавать себя (за)	VERB	-
6666	en pyjamas	пижама	NOUN	C2
6667	ett personnummer	персональный номер	NOUN	-
6668	en konsult	консультант	NOUN	B2
6669	att höra till	принадлежать	VERB	-
6670	att beundra	восхищаться	VERB	B2
6671	att ranka	ранжировать	VERB	-
6672	en debattartikel	дискуссионная статья	NOUN	B1
6673	ett vansinne	безумие	NOUN	C1
6674	ett studiemedel	студенческие средства	NOUN	-
6675	en jury	жюри	NOUN	B2
6676	att delge	сообщать	VERB	-
6677	en funktionsnedsättning	ограничение возможностей	NOUN	B2
6678	ett missnöje	недовольство	NOUN	B2
6679	drastiskt	резко	OTHER	B2
6680	en stam	ствол; племя	NOUN	B1
6681	att klanka ner	придираться	VERB	-
6682	att genomtänka	продумывать	VERB	-
6683	ett lyft	подъём	NOUN	C1
6684	utomordentligt	превосходно	OTHER	B2
6685	att undgå	избежать	VERB	B1
6686	frånvarande	отсутствующий	ADJ	B2
6687	att haka upp sig	зацикливаться	VERB	-
6688	att mola	ныть (о боли)	VERB	-
6689	att övertyga sig	убеждаться	VERB	-
6690	på fri fot	на свободе	OTHER	-
6691	skitbra	отличный (разг.)	ADJ	-
6692	strukturell	структурный	ADJ	B2
6693	vältränad	натренированный	ADJ	-
6694	att ta sig uttryck	выражаться (проявляться)	VERB	-
6695	att tänka ut	выдумывать	VERB	-
6696	en grill	гриль	NOUN	-
6697	en ledtråd	подсказка (улика)	NOUN	-
6698	året runt	круглый год	OTHER	-
6699	en svans	хвост	NOUN	B2
6700	att konfrontera	конфронтировать	VERB	B2
6701	att falla bort	отпадать	VERB	-
6702	att rycka upp	вырывать	VERB	-
6703	en enighet	единодушие	NOUN	B1
6704	en självständighet	независимость	NOUN	A2
6705	ett badhus	бассейн (общественный)	NOUN	-
6706	att marknadsföra	продвигать (рекламировать)	VERB	B2
6707	en medicinering	медикаментозное лечение	NOUN	-
6708	en brottsbalk	уголовный кодекс	NOUN	-
6709	att rosta	жарить (тостить)	VERB	-
6710	att operera bort	удалять (хирург.)	VERB	-
6711	nominerad	номинированный	ADJ	-
6712	att massera	массировать	VERB	C2
6713	genomtänkt	продуманный	ADJ	-
6714	på nära håll	вблизи	OTHER	-
6715	en resolution	резолюция	NOUN	B1
6716	miljövänlig	экологичный	ADJ	B1
6717	skärpt	заострённый, обострённый	ADJ	-
6718	till godo	в чью-то пользу	OTHER	-
6719	kommunistisk	коммунистический	ADJ	A2
6720	en lönsamhet	рентабельность	NOUN	B2
6721	onyttig	вредный (нездоровый)	ADJ	-
6722	en höjdpunkt	кульминация	NOUN	B2
6723	ett kärnvapen	ядерное оружие	NOUN	B1
6724	en vante	варежка	NOUN	-
6725	ett klassrum	классная комната	NOUN	B2
6726	grundad	основанный	ADJ	-
6727	asiatisk	азиатский	ADJ	B2
6728	ett obehag	неприятное ощущение	NOUN	C1
6729	ett omhändertagande	взятие на попечение	NOUN	-
6730	att frukta	бояться	VERB	B1
6731	en tönt	ботан, неудачник	NOUN	-
6732	en drake	дракон; воздушный змей	NOUN	C1
6733	att korrigera	корректировать	VERB	B2
6734	att hedra	чтить	VERB	B2
6735	nybliven	новоиспечённый	ADJ	-
6736	ett sortiment	ассортимент	NOUN	C1
6737	uppsatt	высокопоставленный	ADJ	-
6738	en halvö	полуостров	NOUN	C1
6739	att strypa	душить	VERB	C1
6740	på det stora hela	в целом	OTHER	-
6741	en äggledare	маточная труба	NOUN	-
6742	en insättning	вклад (взнос на счёт)	NOUN	C1
6743	en svett	пот	NOUN	C1
6744	en tandvård	стоматологическая помощь	NOUN	-
6745	att hålla samman	удерживать вместе	VERB	-
6746	en cirkus	цирк	NOUN	-
6747	att hysa	питать (чувства), давать приют	VERB	B1
6748	en innerstad	центр города	NOUN	-
6749	att skämma bort	баловать	VERB	-
6750	att packa ner	упаковывать	VERB	-
6751	olaga	незаконный	ADJ	-
6752	underkläder	нижнее бельё	NOUN	C1
6753	en orm	змея	NOUN	A1
6754	en nationalist	националист	NOUN	C1
6755	en elefant	слон	NOUN	C1
6756	ett kokain	кокаин	NOUN	-
6757	att jubla	ликовать	VERB	C1
6758	att fråga ut	расспрашивать	VERB	-
6759	en aptit	аппетит	NOUN	C2
6760	ett brottsoffer	жертва преступления	NOUN	-
6761	en pizzeria	пиццерия	NOUN	C2
6762	giftig	ядовитый	ADJ	B2
6763	en läroplan	учебный план	NOUN	C1
6764	ett paradis	рай	NOUN	B2
6765	att kidnappa	похищать	VERB	C1
6766	en fruga	жёнушка (разг.)	NOUN	-
6767	finanser	финансы	NOUN	B1
6768	att köra fast	застревать	VERB	-
6769	att checka	проверять (разг.)	VERB	-
6770	städsegrön	вечнозелёный	ADJ	-
6771	en diesel	дизель	NOUN	-
6772	att ha ögonen på	присматривать	VERB	-
6773	jösses	батюшки!	OTHER	-
6774	en skärpning	ужесточение	NOUN	-
6775	påläst	начитанный	ADJ	-
6776	en hämnd	месть	NOUN	B2
6777	en homosexualitet	гомосексуальность	NOUN	B2
6778	en päls	мех, шуба	NOUN	B2
6779	ett lärosäte	вуз	NOUN	-
6780	livlig	оживлённый	ADJ	B2
6781	en svägerska	невестка, золовка	NOUN	C2
6782	en hane	самец	NOUN	C1
6783	representativ	представительный	ADJ	B2
6784	utomordentlig	превосходный	ADJ	C1
6785	en socialnämnd	комитет соцзащиты	NOUN	-
6786	en sångare	певец	NOUN	B2
6787	att vända ryggen	поворачиваться спиной	VERB	-
6788	att hyra in	арендовать (помещение)	VERB	-
6789	en vistelse	пребывание	NOUN	B2
6790	i bakhuvudet	в подсознании	OTHER	-
6791	västerut	на запад	OTHER	C1
6792	att drunkna	тонуть	VERB	C1
6793	ett immunförsvar	иммунитет	NOUN	-
6794	jätteskön	очень приятный	ADJ	-
6795	en bevakning	наблюдение, охрана	NOUN	B2
6796	en rättssäkerhet	правовая защищённость	NOUN	-
6797	att förflytta	перемещать	VERB	B1
6798	en atmosfär	атмосфера	NOUN	B1
6799	en klubba	дубинка; леденец	NOUN	-
6800	en bostadsmarknad	рынок жилья	NOUN	C1
6801	att reparera	ремонтировать	VERB	B2
6802	en nödvändighet	необходимость	NOUN	B1
6803	puh	уф!	OTHER	-
6804	en yrkesutbildning	профобразование	NOUN	-
6805	en fasad	фасад	NOUN	B2
6806	att väga upp	уравновешивать	VERB	-
6807	en officer	офицер	NOUN	C1
6808	en migrän	мигрень	NOUN	-
6809	en aktion	акция (действие)	NOUN	A1
6810	en vuxenutbildning	образование для взрослых	NOUN	-
6811	en arrangör	организатор	NOUN	B2
6812	en hemvist	местожительство	NOUN	C1
6813	att göra susen	делать своё дело (помогать)	VERB	-
6814	olympisk	олимпийский	ADJ	B2
6815	identisk	идентичный	ADJ	B2
6816	ett utförande	исполнение	NOUN	B2
6817	ett lack	лак	NOUN	-
6818	sysselsatt	занятый (трудоустроенный)	ADJ	-
6819	en blankett	бланк	NOUN	C1
6820	innevarande	текущий (год)	ADJ	-
6821	en diskmaskin	посудомоечная машина	NOUN	-
6822	en inskolning	адаптация (в детсаду)	NOUN	-
6823	ett dropp	капельница	NOUN	-
6824	så smått	понемногу	OTHER	-
6825	på avstånd	на расстоянии	OTHER	-
6826	att hjärntvätta	промывать мозги	VERB	-
6827	en förkortning	сокращение (аббревиатура)	NOUN	C1
6828	en sektion	секция	NOUN	B2
6829	att göra iordning	приводить в порядок	VERB	-
6830	lockande	заманчивый	ADJ	-
6831	katolsk	католический	ADJ	A2
6832	att slösa tid	терять время	VERB	-
6833	oroande	тревожный	ADJ	-
6834	en nyhetsbyrå	новостное агентство	NOUN	-
6835	ett utspel	ход (полит.), заявление	NOUN	B1
6836	ett studium	учёба	NOUN	C2
6837	vad beträffar	что касается	OTHER	-
6838	en motpart	противоположная сторона	NOUN	B2
6839	att ticka	тикать	VERB	-
6840	en rand	полоса, край	NOUN	C1
6841	en debut	дебют	NOUN	C1
6842	att komma ikapp	догонять	VERB	-
6843	att hångla	целоваться (обжиматься)	VERB	-
6844	däri	в том	OTHER	-
6845	att greppa	схватывать	VERB	-
6846	att ockupera	оккупировать	VERB	B2
6847	en attraktion	аттракцион	NOUN	C1
6848	ett upplopp	беспорядки	NOUN	B1
6849	ett dödsstraff	смертная казнь	NOUN	B1
6850	förtvivlad	отчаявшийся	ADJ	C1
6851	en illusion	иллюзия	NOUN	B1
6852	en tätort	населённый пункт	NOUN	-
6853	en smärtlindring	обезболивание	NOUN	-
6854	dramatiskt	драматично	OTHER	B2
6855	en gäldenär	должник	NOUN	-
6856	att klä på sig	одеваться	VERB	-
6857	att ställa in sig	настраиваться	VERB	-
6858	en strejk	забастовка	NOUN	B1
6859	bristfällig	несовершенный	ADJ	B2
6860	restriktiv	ограничительный	ADJ	C1
6861	att anfalla	нападать	VERB	B1
6862	en gruva	шахта	NOUN	B2
6863	ett revben	ребро	NOUN	C2
6864	en feedback	обратная связь	NOUN	-
6865	en orättvisa	несправедливость	NOUN	B1
6866	att trigga	провоцировать	VERB	-
6867	en fjäril	бабочка	NOUN	C1
6868	en subvention	субсидия	NOUN	B2
6869	att försätta	приводить (в состояние)	VERB	B2
6870	i behov av	нуждающийся в	OTHER	B2
6871	året om	круглый год	OTHER	-
6872	att ligga nära till hands	напрашиваться	VERB	-
6873	att sitta fint	быть кстати	VERB	-
6874	för en stund sedan	только что	OTHER	-
6875	att beta	пастись	VERB	A1
6876	en hygien	гигиена	NOUN	C2
6877	begåvad	одарённый	ADJ	B2
6878	i utbyte	в обмен	OTHER	-
6879	ett kryss	крестик	NOUN	-
6880	en upptäckt	открытие (находка)	NOUN	B1
6881	en sushi	суши	NOUN	-
6882	kortfattad	краткий	ADJ	C1
6883	en formel	формула	NOUN	C1
6884	ett varsel	предупреждение (о сокращении)	NOUN	C1
6885	en realitet	реальность	NOUN	B2
6886	på samma vis	тем же способом	OTHER	-
6887	att uppdra	поручать	VERB	C2
6888	ett föreläggande	предписание (офиц.)	NOUN	-
6889	uppriktig	искренний	ADJ	C1
6890	ett slöseri	расточительство	NOUN	C1
6891	på god väg	на правильном пути	OTHER	-
6892	en uppbyggnad	построение	NOUN	B2
6893	en kasse	пакет (сумка)	NOUN	-
6894	redig	ясный, толковый	ADJ	-
6895	vid tiden för	во время	OTHER	-
6896	en champagne	шампанское	NOUN	-
6897	att avråda	отговаривать	VERB	-
6898	en rebell	бунтарь	NOUN	C1
6899	genomskinlig	прозрачный	ADJ	C1
6900	att tala sanning	говорить правду	VERB	-
6901	ett handlande	поступки, действия	NOUN	B1
6902	igen och igen	снова и снова	OTHER	-
6903	att klä av	раздевать	VERB	-
6904	en sakfråga	суть вопроса	NOUN	B1
6905	att praktisera	практиковать	VERB	B2
6906	en klapp	похлопывание	NOUN	B1
6907	att få bukt med	справиться с	VERB	-
6908	felaktigt	ошибочно	OTHER	B2
6909	att åtnjuta	пользоваться (благами)	VERB	B2
6910	att vila ut	отдохнуть	VERB	-
6911	alltihop	всё целиком	OTHER	B2
6912	ett armband	браслет	NOUN	-
6913	ett narkotikabrott	преступление, связанное с наркотиками	NOUN	-
6914	ett telefonsamtal	телефонный звонок	NOUN	B2
6915	en säck	мешок	NOUN	C1
6916	att leta fram	отыскивать	VERB	-
6917	en konspiration	заговор	NOUN	B2
6918	en kalkyl	расчёт	NOUN	C1
6919	en lärarutbildning	педагогическое образование	NOUN	-
6920	lämpligen	лучше всего	OTHER	-
6921	att förminska	уменьшать	VERB	-
6922	att anteckna	записывать	VERB	C1
6923	tryckt	напечатанный	ADJ	-
6924	att inrikta sig	сосредотачиваться	VERB	-
6925	verkställande	исполнительный	ADJ	B2
6926	ett grus	гравий	NOUN	-
6927	en propp	пробка; тромб	NOUN	C2
6928	ett arrangemang	мероприятие, устройство	NOUN	B1
6929	att signera	подписывать	VERB	C1
6930	förståelig	понятный	ADJ	C1
6931	ett fjäll	горы (скандинав.)	NOUN	C1
6932	att borra	сверлить	VERB	C1
6933	att erlägga	уплачивать	VERB	-
6934	en magkänsla	интуиция	NOUN	-
6935	ett samfund	община, общество	NOUN	B1
6936	en färja	паром	NOUN	C1
6937	en bebyggelse	застройка	NOUN	B2
6938	att ta kväll	закончить на сегодня	VERB	-
6939	hygglig	порядочный	ADJ	-
6940	en gåta	загадка	NOUN	B2
6941	lämpad	подходящий	ADJ	-
6942	bruten	сломанный	ADJ	-
6943	att ställa till svars	призывать к ответу	VERB	-
6944	en kommunstyrelse	правление коммуны	NOUN	B2
6945	en chatt	чат	NOUN	-
6946	en kör	хор	NOUN	B2
6947	en fotbollsspelare	футболист	NOUN	C1
6948	ett stadgande	положение (закона)	NOUN	C2
6949	ett kommunfullmäktige	муниципальный совет	NOUN	B1
6950	numer	нынче	OTHER	-
6951	en ed	клятва	NOUN	A1
6952	en miljöbalk	экологический кодекс	NOUN	-
6953	per capita	на душу населения	OTHER	-
6954	varierad	разнообразный	ADJ	-
6955	en buske	куст	NOUN	C1
6956	villkorlig	условный	ADJ	-
6957	ett julbord	рождественский стол	NOUN	-
6958	tillförlitlig	надёжный	ADJ	B2
6959	briljant	блестящий	ADJ	C1
6960	att undanröja	устранять	VERB	B2
6961	en kattunge	котёнок	NOUN	-
6962	till råga på	в довершение	OTHER	-
6963	att motbevisa	опровергать	VERB	C1
6964	svagt	слабо	OTHER	B2
6965	halvvägs	на полпути	OTHER	C1
6966	att skära ner	сокращать	VERB	-
6967	en underrättelse	донесение, разведданные	NOUN	B2
6968	en nationalism	национализм	NOUN	B1
6969	en ärta	горошина	NOUN	C2
6970	att stinka	вонять	VERB	C2
6971	att erfara	узнавать (на опыте)	VERB	B2
6972	en tillkomst	возникновение	NOUN	B2
6973	innerst	в глубине	OTHER	-
6974	sammanfattningsvis	подводя итог	OTHER	B2
6975	en krage	воротник	NOUN	C2
6976	en åtanke	мысль (в памяти)	NOUN	B2
6977	en stolpe	столб	NOUN	C1
6978	en dimma	туман	NOUN	B2
6979	att rätta till	поправлять	VERB	-
6980	en sed	обычай	NOUN	B1
6981	en plutt	малыш	NOUN	-
6982	en stegring	рост, повышение	NOUN	-
6983	att segla	ходить под парусом	VERB	B1
6984	att betinga	обуславливать	VERB	C2
6985	grovt	грубо	OTHER	B2
6986	en svärfar	тесть, свёкор	NOUN	C2
6987	att skrämma upp	напугать	VERB	-
6988	en kondition	физическая форма	NOUN	C1
6989	ett får	овца	NOUN	B2
6990	jättegod	очень вкусный	ADJ	-
6991	att omnämna	упоминать	VERB	C1
6992	lyckligt lottad	везучий	ADJ	-
6993	en pung	мошонка; кошелёк	NOUN	-
6994	en familjerätt	семейное право	NOUN	-
6995	en plåt	жесть	NOUN	-
6996	ett torn	башня	NOUN	B1
6997	att greja	улаживать (разг.)	VERB	-
6998	att hoppa på	набрасываться	VERB	-
6999	att exportera	экспортировать	VERB	B2
7000	ett läsår	учебный год	NOUN	-
7001	en börda	бремя	NOUN	B1
7002	en stövel	сапог	NOUN	C1
7003	att snubbla	спотыкаться	VERB	-
7004	forn	древний, былой	ADJ	B1
7005	i utbyte mot	в обмен на	OTHER	-
7006	att sjunka ner	опускаться	VERB	-
7007	en fiskare	рыбак	NOUN	C1
7008	att färdas	путешествовать	VERB	B1
7009	en grotta	пещера	NOUN	B2
7010	att applicera	наносить, применять	VERB	C1
7011	oönskad	нежелательный	ADJ	B2
7012	ett fängelsestraff	тюремное заключение	NOUN	C1
7013	i första taget	в первую очередь	OTHER	-
7014	en fastighetsskatt	налог на недвижимость	NOUN	B2
7015	en påve	папа (римский)	NOUN	B1
7016	att däcka	вырубаться (засыпать)	VERB	-
7017	snyggt	красиво, аккуратно	OTHER	B2
7018	att träna upp	натренировать	VERB	-
7019	en turism	туризм	NOUN	B2
7020	en pandemi	пандемия	NOUN	-
7021	att intala	внушать	VERB	-
7022	att banta	худеть	VERB	-
7023	ett popcorn	попкорн	NOUN	-
7024	en vers	стих	NOUN	B2
7025	fräck	наглый	ADJ	C1
7026	att trakassera	домогаться	VERB	C1
7027	luddig	расплывчатый	ADJ	-
7028	att mäta sig	соперничать	VERB	-
7029	en spårvagn	трамвай	NOUN	B2
7030	en pajas	клоун	NOUN	-
7031	för allt i världen	ни за что на свете	OTHER	-
7032	en kastrull	кастрюля	NOUN	C2
7033	att nominera	номинировать	VERB	C1
7034	en akupunktur	иглоукалывание	NOUN	-
7035	en retur	возврат	NOUN	C1
7036	ett hyckleri	лицемерие	NOUN	B2
7037	att återuppta	возобновлять	VERB	B2
7038	att reformera	реформировать	VERB	B2
7039	en sjöfart	судоходство	NOUN	C1
7040	en hypotes	гипотеза	NOUN	B1
7041	att luras	обманывать	VERB	-
7042	en reparation	ремонт	NOUN	C1
7043	en ombyggnad	перестройка	NOUN	C1
7044	till trots	несмотря на	OTHER	-
7045	att tillgodogöra sig	усваивать	VERB	-
7046	en nedskärning	сокращение (расходов)	NOUN	B2
7047	att se tillbaka	оглядываться назад	VERB	-
7048	att fördubbla	удваивать	VERB	B2
7049	filosofisk	философский	ADJ	B1
7050	en värdegrund	система ценностей	NOUN	C1
7051	därute	там снаружи	OTHER	-
7052	en ambassadör	посол	NOUN	B1
7053	en rättelse	исправление	NOUN	A1
7054	en basis	основа	NOUN	-
7055	en gräsmatta	газон	NOUN	C1
7056	en honung	мёд	NOUN	C1
7057	att chilla	расслабляться (разг.)	VERB	-
7058	en hållbarhet	устойчивость	NOUN	C1
7059	en keps	кепка	NOUN	-
7060	en etik	этика	NOUN	B1
7061	ett telefonnummer	номер телефона	NOUN	C1
7062	en bikini	бикини	NOUN	-
7063	att expandera	расширяться	VERB	B2
7064	en förmodan	предположение	NOUN	-
7065	en skapare	создатель	NOUN	B1
7066	att tillträda	вступать (в должность)	VERB	B2
7067	ett foder	корм	NOUN	C1
7068	en indian	индеец	NOUN	B2
7069	i åratal	годами	OTHER	-
7070	att känna sig för	прощупывать почву	VERB	-
7071	att fastslå	устанавливать	VERB	B2
7072	en population	популяция	NOUN	B2
7073	en pall	табурет	NOUN	-
7074	ansvarsfull	ответственный	ADJ	B2
7075	en kub	куб	NOUN	-
7076	nix	не-а	OTHER	-
7077	en åskådare	зритель	NOUN	B2
7078	utan dess like	непревзойдённый	ADJ	-
7079	ett intrång	вторжение	NOUN	B1
7080	en indelning	деление	NOUN	B2
7081	att stå i centrum	быть в центре	VERB	-
7082	en årstid	время года	NOUN	C1
7083	märkbar	заметный	ADJ	C1
7084	en vovve	собачка	NOUN	-
7085	en mätare	счётчик	NOUN	C2
7086	lagd	положенный	ADJ	-
7087	kluven	раздвоенный	ADJ	-
7088	att checka in	регистрироваться (на рейс)	VERB	-
7089	sida vid sida	бок о бок	OTHER	-
7090	att rycka på axlarna	пожимать плечами	VERB	-
7091	en liknelse	сравнение, притча	NOUN	B2
7092	en kam	расчёска	NOUN	C2
7093	ett flygbolag	авиакомпания	NOUN	B2
7094	nästintill	почти	OTHER	-
7095	att förfalla	приходить в упадок; истекать	VERB	C1
7096	att upphandla	закупать (по тендеру)	VERB	-
7097	inkompetent	некомпетентный	ADJ	-
7098	att designa	проектировать	VERB	-
7099	en handled	запястье	NOUN	-
7100	att motarbeta	противодействовать	VERB	B2
7101	en rånare	грабитель	NOUN	-
7102	musikalisk	музыкальный	ADJ	B1
7103	internt	внутренне	OTHER	C1
7104	på långa vägar	далеко не	OTHER	-
7105	ett fotografi	фотография	NOUN	B1
7106	en nedläggning	закрытие	NOUN	B2
7107	snurrig	головокружительный	ADJ	-
7108	en medelklass	средний класс	NOUN	B1
7109	utslagen	выбитый, изгой	ADJ	-
7110	att slinka	проскальзывать	VERB	-
7111	att lösa ut	выкупать	VERB	-
7112	att väpna	вооружать	VERB	-
7113	att skildra	изображать	VERB	B1
7114	att förflytta sig	перемещаться	VERB	-
7115	döv	глухой	ADJ	C1
7116	en tillhörighet	принадлежность	NOUN	B2
7117	en lärdom	урок (вывод)	NOUN	B1
7118	att skrota	списывать в утиль	VERB	-
7119	en semla	семла (булочка)	NOUN	-
7120	sedermera	впоследствии	OTHER	B1
7121	grundlig	основательный	ADJ	C1
7122	att skjutsa	подвозить	VERB	-
7123	att avsäga sig	отказываться (от поста)	VERB	-
7124	måhända	может быть	OTHER	B2
7125	en session	сессия	NOUN	C1
7126	att trygga	обеспечивать	VERB	C1
7127	en skottlossning	перестрелка	NOUN	-
7128	att hämma	подавлять	VERB	C1
7129	en olikhet	различие	NOUN	A2
7130	katastrofal	катастрофический	ADJ	B2
7131	ett avbrott	перерыв	NOUN	C1
7132	en tidsperiod	период времени	NOUN	B2
7133	rökt	копчёный	ADJ	-
7134	i ljuset av	в свете	OTHER	C1
7135	att gå illa	плохо кончиться	VERB	-
7136	att andas in	вдыхать	VERB	-
7137	slät	гладкий	ADJ	C2
7138	ett inbördeskrig	гражданская война	NOUN	B1
7139	en provision	комиссионные	NOUN	C2
7140	legitim	законный	ADJ	B2
7141	att ämna	намереваться	VERB	A1
7142	en materiel	снаряжение	NOUN	B2
7143	procentuell	процентный	ADJ	-
7144	en olivolja	оливковое масло	NOUN	C2
7145	utgående	исходящий	ADJ	-
7146	mångkulturell	мультикультурный	ADJ	B2
7147	att torka ut	высыхать	VERB	-
7148	att skåda	лицезреть	VERB	B2
7149	fortlöpande	текущий, непрерывный	ADJ	B2
7150	a och o	самое главное	ADJ	-
7151	en krok	крюк	NOUN	C1
7152	en fransman	француз	NOUN	B1
7153	ball	классный (разг.)	ADJ	-
7154	att rösta fram	избирать (голосованием)	VERB	-
7155	en smet	жидкое тесто	NOUN	-
7156	att bredda	расширять	VERB	C1
7157	av vikt	важный	ADJ	-
7158	att summera	суммировать	VERB	C1
7159	en parasit	паразит	NOUN	C1
7160	att avskräcka	отпугивать	VERB	-
7161	att kategorisera	категоризировать	VERB	-
7162	fakta	факты	NOUN	-
7163	en besiktning	техосмотр	NOUN	C2
7164	en paj	пирог	NOUN	C2
7165	en inblandning	вмешательство	NOUN	B2
7166	skör	хрупкий	ADJ	-
7167	att stå på egna ben	стоять на своих ногах	VERB	-
7168	på ytan	на поверхности	OTHER	-
7169	att köra ner	сбивать (машиной)	VERB	-
7170	att krypa ner	заползать	VERB	-
7171	en arkitekt	архитектор	NOUN	B1
7172	att bryta in	вламываться	VERB	-
7173	en korsning	перекрёсток	NOUN	C1
7174	en television	телевидение	NOUN	A1
7175	att rymmas	помещаться	VERB	-
7176	en traktor	трактор	NOUN	-
7177	en motorcykel	мотоцикл	NOUN	C1
7178	jätterolig	очень смешной	ADJ	-
7179	avbruten	прерванный	ADJ	-
7180	så det så	вот так-то!	OTHER	-
7181	att köpa ut	выкупать	VERB	-
7182	logiskt	логично	OTHER	C1
7183	en extremist	экстремист	NOUN	C1
7184	en nypa	щепотка	NOUN	-
7185	en högtid	праздник	NOUN	B2
7186	att annonsera	объявлять (в рекламе)	VERB	B2
7187	en skolgång	учёба в школе	NOUN	C1
7188	ett mottagande	приём	NOUN	B2
7189	en belysning	освещение	NOUN	B2
7190	ett snäpp	ступенька (чуть-чуть)	NOUN	-
7191	en tillställning	мероприятие	NOUN	B2
7192	en borgare	буржуа	NOUN	A1
7193	varaktig	продолжительный	ADJ	B2
7194	en julkalender	адвент-календарь	NOUN	-
7195	att slipa	шлифовать	VERB	-
7196	att stå på sig	стоять на своём	VERB	-
7197	en sal	зал	NOUN	B2
7198	att doppa	макать	VERB	-
7199	glasklar	кристально ясный	ADJ	-
7200	lös i magen	со слабым желудком	ADJ	-
7201	i drift	в эксплуатации	ADJ	-
7202	att vägleda	направлять (наставлять)	VERB	-
7203	en demonstrant	демонстрант	NOUN	B2
7204	yrkesmässig	профессиональный	ADJ	-
7205	på rad	подряд	OTHER	-
7206	ett morfin	морфин	NOUN	-
7207	islamisk	исламский	ADJ	B1
7208	en spindel	паук	NOUN	C1
7209	tillsatt	назначенный	ADJ	-
7210	uppriktigt	искренне	OTHER	C1
7211	dyster	мрачный	ADJ	B2
7212	att säga åt	велеть	VERB	-
7213	en opera	опера	NOUN	B2
7214	att förelägga	предписывать	VERB	-
7215	så snart som	как только	OTHER	C1
7216	en färdighet	навык	NOUN	B1
7217	att beträffa	касаться	VERB	-
7218	att spara in	экономить	VERB	-
7219	att fräsa	шипеть; жарить	VERB	-
7220	under all kritik	ниже всякой критики	ADJ	-
7221	på rätt plats	на своём месте	OTHER	-
7222	smått och gott	всякая всячина	OTHER	-
7223	en bastu	сауна	NOUN	-
7224	att avtala	договариваться	VERB	C1
7225	att bita i det sura äpplet	смириться с неприятным	VERB	-
7226	en förpliktelse	обязательство	NOUN	B2
7227	en parentes	скобка	NOUN	C1
7228	att åsyfta	иметь в виду	VERB	-
7229	en uppsättning	набор, постановка	NOUN	B1
7230	otrygg	небезопасный	ADJ	-
7231	att hålla tal	произносить речь	VERB	-
7232	att rikta in	нацеливать	VERB	-
7233	att göda	откармливать; удобрять	VERB	-
7234	skitig	грязный (разг.)	ADJ	-
7235	att hålla utkik efter	высматривать	VERB	-
7236	existerande	существующий	ADJ	-
7237	att slå ned	сбивать с ног	VERB	-
7238	en mast	мачта	NOUN	-
7239	fel ute	ошибаться (быть неправым)	ADJ	-
7240	en högskoleutbildning	высшее образование	NOUN	-
7241	att mosa	мять (пюре)	VERB	C2
7242	en grek	грек	NOUN	B1
7243	en småsak	мелочь	NOUN	-
7244	att spänna sig	напрягаться	VERB	-
7245	finländsk	финляндский	ADJ	B2
7246	en tub	тюбик	NOUN	-
7247	ett häkte	следственный изолятор	NOUN	-
7248	att bemöda sig	стараться	VERB	-
7249	en fras	фраза	NOUN	B2
7250	packad	упакованный; пьяный	ADJ	-
7251	ett slagsmål	драка	NOUN	C1
7252	att bojkotta	бойкотировать	VERB	-
7253	teoretiskt	теоретически	OTHER	C1
7254	att bevittna	быть свидетелем	VERB	B2
7255	en omprövning	пересмотр	NOUN	-
7256	en fascist	фашист	NOUN	C1
7257	att överskrida	превышать	VERB	B2
7258	en stav	палка, посох	NOUN	C2
7259	därom	об этом	OTHER	-
7260	en uträkning	расчёт	NOUN	-
7261	att varva ner	сбавить обороты	VERB	-
7262	bokstavlig	буквальный	ADJ	C2
7263	på tur	на очереди	ADJ	-
7264	en demokrat	демократ	NOUN	A1
7265	ett samspel	взаимодействие	NOUN	B2
7266	en åldersgrupp	возрастная группа	NOUN	-
7267	ett blåbär	черника	NOUN	-
7268	en värvning	вербовка	NOUN	-
7269	en uppfinning	изобретение	NOUN	B1
7270	snällt	мило	OTHER	C1
7271	en äganderätt	право собственности	NOUN	B1
7272	en återbetalning	возврат денег	NOUN	C1
7273	en smuts	грязь	NOUN	C1
7274	möjligt	возможно	OTHER	C1
7275	en försämring	ухудшение	NOUN	B2
7276	att bedra	обманывать	VERB	C1
7277	en slang	шланг; сленг	NOUN	C2
7278	slutgiltig	окончательный	ADJ	B2
7279	att kollapsa	рушиться	VERB	C1
7280	beväpnad	вооружённый	ADJ	B2
7281	en lott	жребий, лотерейный билет	NOUN	C1
7282	en mekanism	механизм	NOUN	B1
7283	en damm	пыль; пруд	NOUN	B2
7284	en brygga	мостки, пирс	NOUN	B2
7285	en notis	заметка	NOUN	B2
7286	behaglig	приятный	ADJ	B1
7287	löst	свободно, неплотно	OTHER	C1
7288	folklig	народный	ADJ	B1
7289	att underkasta	подвергать	VERB	C1
7290	en demon	демон	NOUN	B2
7291	en kompromiss	компромисс	NOUN	B1
7292	en husvagn	дом на колёсах	NOUN	C1
7293	en världsbild	мировоззрение	NOUN	B1
7294	en nyårsafton	канун Нового года	NOUN	C1
7295	ett förtal	клевета	NOUN	C1
7296	en franska	французский язык	NOUN	C1
7297	tråkigt	скучно	OTHER	C1
7298	ett privatliv	частная жизнь	NOUN	B1
7299	kurdisk	курдский	ADJ	B2
7300	en ryggsäck	рюкзак	NOUN	C1
7301	en klimatförändring	изменение климата	NOUN	B1
7302	följaktligen	следовательно	OTHER	B1
7303	en biskop	епископ	NOUN	A2
7304	ett lejon	лев	NOUN	C1
7305	ambitiös	амбициозный	ADJ	B2
7306	ett förakt	презрение	NOUN	B1
7307	verbal	вербальный	ADJ	C1
7308	oroväckande	тревожный	ADJ	C1
7309	att specialisera	специализироваться	VERB	C1
7310	godtycklig	произвольный	ADJ	B2
7311	en förväntan	ожидание	NOUN	C1
7312	en tydlighet	ясность	NOUN	B2
7313	en biologi	биология	NOUN	C1
7314	en strålning	излучение	NOUN	B2
7315	att anslå	выделять (средства)	VERB	C1
7316	att eliminera	устранять	VERB	B2
7317	en civilisation	цивилизация	NOUN	B1
7318	en pub	паб	NOUN	C1
7319	ett dike	канава	NOUN	C1
7320	bärbar	переносной	ADJ	C1
7321	ansluten	подключённый	ADJ	C1
7322	att indikera	указывать	VERB	B2
7323	en biff	бифштекс	NOUN	C2
7324	att infektera	инфицировать	VERB	C2
7325	att förhöra	допрашивать	VERB	C1
7326	principiellt	принципиально	OTHER	C1
7327	en kontinent	континент	NOUN	B1
7328	en klo	коготь	NOUN	B2
7329	en avsättning	сбыт; отчисление	NOUN	C1
7330	att känneteckna	характеризовать	VERB	B1
7331	en motgång	неудача	NOUN	C1
7332	ett kansli	канцелярия	NOUN	B1
7333	en avhandling	диссертация	NOUN	B1
7334	att studsa	отскакивать	VERB	C1
7335	ett fäste	опора, крепление	NOUN	B2
7336	en koldioxid	углекислый газ	NOUN	B1
7337	en nalle	плюшевый мишка	NOUN	C2
7338	förvånansvärt	удивительно	OTHER	C1
7339	ett solsken	солнечный свет	NOUN	C2
7340	en sky	облако	NOUN	B2
7341	en hyllning	чествование	NOUN	C1
7342	ologisk	нелогичный	ADJ	A2
7343	tryggt	надёжно	OTHER	C1
7344	en vindkraft	ветроэнергетика	NOUN	B2
7345	en vodka	водка	NOUN	C1
7346	en återhämtning	восстановление	NOUN	B2
7347	ett avslöjande	разоблачение	NOUN	B2
7348	en födelse	рождение	NOUN	B1
7349	en kreativitet	креативность	NOUN	B1
7350	en förvaring	хранение	NOUN	C1
7351	en njure	почка	NOUN	C2
7352	en vits	смысл (суть), каламбур	NOUN	C1
7353	ett trick	трюк	NOUN	C1
7354	att förbinda	связывать	VERB	B2
7355	att para	спаривать	VERB	A2
7356	att modifiera	модифицировать	VERB	C1
7357	en analytiker	аналитик	NOUN	C1
7358	att tillgå	иметься в наличии	VERB	C1
7359	benägen	склонный	ADJ	B2
7360	en kvot	квота	NOUN	C1
7361	bokstavligen	буквально	OTHER	B2
7362	hal	скользкий	ADJ	C1
7363	att förstora	увеличивать	VERB	C2
7364	ett omslag	обложка; компресс	NOUN	B1
7365	att knuffa	толкать	VERB	C1
7366	att störta	свергать, рушиться	VERB	B1
7367	en variabel	переменная	NOUN	C1
7368	överflödig	излишний	ADJ	C1
7369	en distribution	распределение	NOUN	B2
7370	rentav	даже	OTHER	B2
7371	en kvantitet	количество	NOUN	C1
7372	en skörd	урожай	NOUN	C1
7373	att bistå	оказывать помощь	VERB	B2
7374	ett firande	празднование	NOUN	C1
7375	en hop	куча, толпа	NOUN	C1
7376	en relevans	значимость	NOUN	B2
7377	att subventionera	субсидировать	VERB	C1
7378	en representation	представительство	NOUN	B2
7379	genomgående	сплошной, последовательный	ADJ	B2
7380	en brandman	пожарный	NOUN	C1
7381	produktiv	продуктивный	ADJ	B2
7382	ett etablissemang	истеблишмент	NOUN	B2
7383	en diktator	диктатор	NOUN	B2
7384	en redaktör	редактор	NOUN	B1
7385	en etablering	учреждение (открытие)	NOUN	B2
7386	ohållbar	несостоятельный	ADJ	C1
7387	långtgående	далеко идущий	ADJ	B2
7388	en skrivning	письменная работа	NOUN	A2
7389	en magi	магия	NOUN	B2
7390	en makthavare	власть имущий	NOUN	B1
7391	att invadera	вторгаться	VERB	B2
7392	en kista	сундук, гроб	NOUN	B2
7393	en framsida	лицевая сторона	NOUN	C1
7394	en teknologi	технология	NOUN	B1
7395	kontant	наличный	ADJ	C1
7396	vida	широко	OTHER	B2
7397	en fakultet	факультет	NOUN	C1
7398	ett uppror	восстание	NOUN	A2
7399	en rådgivare	советник	NOUN	B1
7400	en legitimation	удостоверение личности	NOUN	C2
7401	en förvirring	замешательство	NOUN	B2
7402	en försäljare	продавец	NOUN	C1
7403	ett förhållningssätt	подход (отношение)	NOUN	B1
7404	ett hektar	гектар	NOUN	C2
7405	en översikt	обзор	NOUN	C1
7406	att tydliggöra	делать ясным	VERB	C1
7407	ett genomslag	резонанс, прорыв	NOUN	B1
7408	en postning	пост (в интернете)	NOUN	C1
7409	att berika	обогащать	VERB	C1
7410	en apelsin	апельсин	NOUN	C2
7411	en lekplats	детская площадка	NOUN	C2
7412	ett ryck	рывок	NOUN	A1
7413	en höna	курица (несушка)	NOUN	C1
7414	en aktivist	активист	NOUN	B1
7415	att mana	призывать	VERB	A2
7416	primitiv	примитивный	ADJ	B2
7417	en medeltid	средневековье	NOUN	B1
7418	gyllene	золотой	ADJ	B1
7419	matt	тусклый, матовый	ADJ	C1
7420	att samtala	беседовать	VERB	B2
7421	att bättra	улучшать	VERB	A1
7422	en graf	график	NOUN	A2
7423	en styrelseledamot	член правления	NOUN	C1
7424	en majs	кукуруза	NOUN	C2
7425	en clown	клоун	NOUN	C1
7426	en passning	пас (передача мяча)	NOUN	C2
7427	väster om	к западу от	OTHER	C1
7428	en sedel	купюра	NOUN	B2
7429	hotfull	угрожающий	ADJ	C1
7430	en iakttagelse	наблюдение	NOUN	C1
7431	övergiven	заброшенный	ADJ	B2
7432	adekvat	адекватный	ADJ	C1
7433	godtagbar	приемлемый	ADJ	B2
7434	ett attentat	покушение	NOUN	C1
7435	genetiskt	генетически	OTHER	C1
7436	spridd	распространённый	ADJ	B2
7437	en finanskris	финансовый кризис	NOUN	B1
7438	en hiv	ВИЧ	NOUN	B2
7439	balanserad	уравновешенный	ADJ	B2
7440	att välta	опрокидывать	VERB	B2
7441	att rengöra	чистить	VERB	C2
7442	att upplösa	растворять	VERB	B1
7443	en muta	взятка	NOUN	C1
7444	en trumma	барабан	NOUN	B2
7445	att legitimera	узаконивать	VERB	C1
7446	en kontext	контекст	NOUN	B2
7447	ett bäcken	таз (анат.)	NOUN	C2
7448	att stabilisera	стабилизировать	VERB	C1
7449	en avföring	стул (кал)	NOUN	C2
7450	en irritation	раздражение	NOUN	C1
7451	fördelaktig	выгодный	ADJ	B2
7452	matematisk	математический	ADJ	B2
7453	en bildning	образованность	NOUN	A1
7454	sårbar	уязвимый	ADJ	C1
7455	ett välstånd	благосостояние	NOUN	B1
7456	en charm	обаяние	NOUN	C1
7457	en insekt	насекомое	NOUN	C1
7458	en huvudroll	главная роль	NOUN	C1
7459	en räv	лиса	NOUN	C1
7460	en preferens	предпочтение	NOUN	C1
7461	ett århundrade	столетие	NOUN	A2
7462	en delaktighet	участие	NOUN	B2
7463	en censur	цензура	NOUN	B2
7464	en nationalitet	национальность	NOUN	B2
7465	ett påhitt	выдумка	NOUN	C1
7466	en täckning	покрытие	NOUN	C1
7467	en katalog	каталог	NOUN	B2
7468	iransk	иранский	ADJ	B1
7469	heterosexuell	гетеросексуальный	ADJ	C1
7470	rutten	гнилой	ADJ	C1
7471	en stämpel	печать, штамп	NOUN	C1
7472	en häxa	ведьма	NOUN	C1
7473	tvärt	резко, наотрез	OTHER	C1
7474	en prestanda	производительность	NOUN	C1
7475	en flexibilitet	гибкость	NOUN	B2
7476	otalig	бесчисленный	ADJ	B2
7477	ett mysterium	тайна	NOUN	C1
7478	en förvåning	удивление	NOUN	B2
7479	en ankomst	прибытие	NOUN	B1
7480	en liberalism	либерализм	NOUN	B1
7481	att anamma	перенимать	VERB	C1
7482	en invasion	вторжение	NOUN	B1
7483	att kryssa	ставить крестик; лавировать	VERB	C1
7484	nazistisk	нацистский	ADJ	B2
7485	bekymrad	обеспокоенный	ADJ	B2
7486	en image	имидж	NOUN	B2
7487	en skapelse	творение	NOUN	B1
7488	en överdrift	преувеличение	NOUN	C1
7489	snäv	узкий	ADJ	C1
7490	en förbrukning	потребление	NOUN	C1
7491	en suppleant	заместитель (депутата)	NOUN	C2
7492	estetisk	эстетический	ADJ	B2
7493	att behaga	нравиться	VERB	C1
7494	en oliv	оливка	NOUN	C2
7495	en talesman	представитель (пресс-секретарь)	NOUN	B2
7496	ett kuvert	конверт	NOUN	C1
7497	taktisk	тактический	ADJ	C1
7498	tillika	также	OTHER	B2
7499	en prioritet	приоритет	NOUN	C1
7500	utdragen	затянутый	ADJ	C1
7501	allierad	союзный	ADJ	B1
7502	vinnande	выигрышный	ADJ	C1
7503	en offentlighet	гласность	NOUN	B2
7504	ett förstånd	рассудок	NOUN	B2
7505	att förkasta	отвергать	VERB	B1
7506	ett piano	пианино	NOUN	C1
7507	att påträffa	обнаруживать	VERB	C1
7508	främlingsfientlig	ксенофобский	ADJ	B2
7509	irakisk	иракский	ADJ	B2
7510	en poet	поэт	NOUN	B1
7511	att uppehålla	задерживать	VERB	B2
7512	en kvarn	мельница	NOUN	C2
7513	entydig	однозначный	ADJ	B2
7514	ett mineral	минерал	NOUN	C2
7515	en tennis	теннис	NOUN	C1
7516	en poesi	поэзия	NOUN	B1
7517	en laddning	заряд	NOUN	B2
7518	ett syre	кислород	NOUN	C1
7519	en turné	гастроли	NOUN	B2
7520	ett buller	шум	NOUN	C1
7521	att kompromissa	идти на компромисс	VERB	B2
7522	en sponsor	спонсор	NOUN	C1
7523	otänkbar	немыслимый	ADJ	C1
7524	en intressent	заинтересованная сторона	NOUN	C1
7525	en projektledare	руководитель проекта	NOUN	B2
7526	biträdande	помощник, заместитель	ADJ	C1
7527	en avkomma	потомство	NOUN	C1
7528	ett magasin	журнал; склад	NOUN	B2
7529	en hantverkare	ремесленник	NOUN	C1
7530	solidarisk	солидарный	ADJ	C1
7531	misstänksam	подозрительный	ADJ	C1
7532	att slutta	быть наклонным	VERB	C2
7533	ett stift	грифель; епархия	NOUN	B2
7534	att spilla	проливать	VERB	C1
7535	en konsistens	консистенция	NOUN	C2
7536	fundamental	фундаментальный	ADJ	B2
7537	en disciplin	дисциплина	NOUN	B2
7538	litterär	литературный	ADJ	B1
7539	en fiber	волокно	NOUN	C2
7540	att korsa	пересекать	VERB	B2
7541	en antisemitism	антисемитизм	NOUN	B1
7542	en gruppering	группировка	NOUN	B2
7543	en markering	отметка	NOUN	B2
7544	att vakta	охранять	VERB	B2
7545	en italienare	итальянец	NOUN	C1
7546	en grundare	основатель	NOUN	B2
7547	en löntagare	наёмный работник	NOUN	C1
7548	täckt	покрытый	ADJ	B2
7549	ett småföretag	малое предприятие	NOUN	C1
7550	en tilltro	доверие	NOUN	B2
7551	ett uttal	произношение	NOUN	C1
7552	åratal	годы (многие)	NOUN	C1
7553	en armbåge	локоть	NOUN	C2
7554	en bokhylla	книжная полка	NOUN	B2
7555	en oförmåga	неспособность	NOUN	B2
7556	att signalera	сигнализировать	VERB	C1
7557	att strömma	струиться	VERB	B2
7558	en pc	ПК	NOUN	C1
7559	en amatör	любитель	NOUN	C1
7560	att underlåta	не делать (упускать)	VERB	C1
7561	en tragedi	трагедия	NOUN	B2
7562	en bokföring	бухгалтерия	NOUN	C1
7563	en syra	кислота	NOUN	C2
7564	vilse	заблудившись	OTHER	C1
7565	islamistisk	исламистский	ADJ	B2
7566	ett kärnkraftverk	атомная электростанция	NOUN	B2
7567	en arbetsmarknadspolitik	политика на рынке труда	NOUN	B2
7568	en lågkonjunktur	экономический спад	NOUN	B1
7569	en broms	тормоз; слепень	NOUN	C1
7570	mekanisk	механический	ADJ	B2
7571	en manifestation	проявление	NOUN	B2
7572	att avlägga	давать (клятву), сдавать (экзамен)	VERB	C1
7573	att grubbla	размышлять (мучительно)	VERB	C1
7574	att tona	звучать; тонировать	VERB	A2
7575	ett närområde	окрестности	NOUN	C1
7576	en svält	голод	NOUN	B2
7577	ett netto	нетто	NOUN	C1
7578	en befrielse	освобождение	NOUN	B2
7579	att beordra	приказывать	VERB	B2
7580	ett alarm	тревога	NOUN	C2
7581	ett minimum	минимум	NOUN	C1
7582	omtyckt	любимый (популярный)	ADJ	C1
7583	en förnyelse	обновление	NOUN	B2
7584	ett trauma	травма	NOUN	C2
7585	att effektivisera	повышать эффективность	VERB	C1
7586	gudomlig	божественный	ADJ	B1
7587	en förankring	укоренённость	NOUN	B2
7588	en bearbetning	обработка	NOUN	C1
7589	ett plåster	пластырь	NOUN	C2
7590	en tröskel	порог	NOUN	C1
7591	att anknyta	примыкать, связывать	VERB	C1
7592	en fjäder	перо; пружина	NOUN	C2
7593	en donator	донор	NOUN	C2
7594	en öst	восток	NOUN	A2
7595	frekvent	частый	ADJ	C1
7596	stundtals	порой	OTHER	B2
7597	en bunt	пачка	NOUN	C1
7598	en folkbildning	просвещение (для взрослых)	NOUN	B1
7599	ett dotterbolag	дочерняя компания	NOUN	C1
7600	en obligation	облигация	NOUN	C2
7601	att utnämna	назначать	VERB	B2
7602	nedanstående	нижеследующий	ADJ	B2
7603	en skruv	винт	NOUN	C2
7604	ett skvaller	сплетни	NOUN	C1
7605	att lagstifta	издавать законы	VERB	C1
7606	en krock	столкновение	NOUN	C2
7607	en bygd	местность (сельская)	NOUN	A2
7608	en arbetarklass	рабочий класс	NOUN	A2
7609	att intyga	удостоверять	VERB	C1
7610	ett lotteri	лотерея	NOUN	C1
7611	en bräda	доска	NOUN	C1
7612	en tankegång	ход мыслей	NOUN	B2
7613	en mentalitet	менталитет	NOUN	C1
7614	en sjöman	моряк	NOUN	B2
7615	en ikon	икона, значок	NOUN	C1
7616	att förakta	презирать	VERB	C1
7617	en stängning	закрытие	NOUN	C1
7618	ett nobelpris	Нобелевская премия	NOUN	B2
7619	ett snöre	верёвочка	NOUN	C2
7620	att beskylla	обвинять	VERB	B2
7621	obegränsad	неограниченный	ADJ	B2
7622	en hink	ведро	NOUN	C2
7623	en verkning	действие (эффект)	NOUN	B2
7624	en introduktion	введение	NOUN	B2
7625	en taliban	талиб	NOUN	B1
7626	en konjunktur	конъюнктура	NOUN	B1
7627	en grind	калитка	NOUN	C1
7628	en rullstol	инвалидное кресло	NOUN	C1
7629	avsiktligt	намеренно	OTHER	C1
7630	att censurera	цензурировать	VERB	C1
7631	en assistans	помощь (ассистенция)	NOUN	C1
7632	en samtid	современность	NOUN	B2
7633	en fascism	фашизм	NOUN	B1
7634	en flock	стая	NOUN	B2
7635	en komplettering	дополнение	NOUN	C1
7636	att härstamma	происходить (от)	VERB	B2
7637	en pedagogik	педагогика	NOUN	C1
7638	ett dröjsmål	задержка	NOUN	C1
7639	att cirkulera	циркулировать	VERB	C1
7640	att underkänna	не принимать (оценивать неуд.)	VERB	C1
7641	en alliansregering	правительство альянса	NOUN	B2
7642	kostsam	дорогостоящий	ADJ	C1
7643	glädjande	радующий	ADJ	B1
7644	att dofta	благоухать	VERB	C2
7645	en slips	галстук	NOUN	C1
7646	ett laboratorium	лаборатория	NOUN	C1
7647	att fostra	воспитывать	VERB	C1
7648	kroppslig	телесный	ADJ	C1
7649	att vålla	причинять	VERB	C1
7650	nord	север	NOUN	B1
7651	ett presidentval	президентские выборы	NOUN	B1
7652	att utplåna	стирать с лица земли	VERB	B2
7653	att lokalisera	определять местоположение	VERB	C1
7654	att tillskriva	приписывать	VERB	B2
7655	en klick	клик; шарик (масла)	NOUN	C1
7656	en europé	европеец	NOUN	B2
7657	att utdela	раздавать	VERB	C1
7658	en chefredaktör	главный редактор	NOUN	B1
7659	ett väsen	сущность; шум	NOUN	B1
7660	en hårdvara	аппаратное обеспечение	NOUN	C2
7661	civiliserad	цивилизованный	ADJ	C1
7662	ett utkast	черновик	NOUN	B2
7663	en biograf	кинотеатр	NOUN	C1
7664	trettio	тридцать	NUM	A1
7665	en utrikespolitik	внешняя политика	NOUN	B1
7666	ett genombrott	прорыв	NOUN	B2
7667	gedigen	добротный	ADJ	C2
7668	en express	экспресс	NOUN	C1
7669	en dagstidning	ежедневная газета	NOUN	B2
7670	grafisk	графический	ADJ	B1
7671	att prisa	восхвалять	VERB	B2
7672	ett modersmål	родной язык	NOUN	B2
7673	en kvadratmeter	квадратный метр	NOUN	C1
7674	en avundsjuka	зависть	NOUN	C1
7675	en nutid	настоящее время	NOUN	B2
7676	en lokalisering	размещение	NOUN	C2
7677	att predika	проповедовать	VERB	B1
7678	närliggande	близлежащий	ADJ	B2
7679	en auktoritet	авторитет	NOUN	B1
7680	en bäck	ручей	NOUN	C1
7681	en ull	шерсть	NOUN	C2
7682	en konspirationsteori	теория заговора	NOUN	B2
7683	att specificera	уточнять	VERB	C1
7684	kylig	прохладный	ADJ	C1
7685	att eskalera	обостряться	VERB	C2
7686	en republikan	республиканец	NOUN	B2
7687	en afton	вечер (праздничный)	NOUN	B2
7688	en isolering	изоляция	NOUN	B2
7689	en novell	новелла	NOUN	B1
7690	en produktivitet	производительность	NOUN	B1
7691	förfärlig	ужасный	ADJ	C1
7692	en uniform	форма (одежда)	NOUN	C1
7693	att putsa	полировать	VERB	C2
7694	att skörda	собирать урожай	VERB	B2
7695	sovjetisk	советский	ADJ	A2
7696	att spinna	прясть; мурлыкать	VERB	C1
7697	en stöt	толчок, удар	NOUN	C2
7698	att vattna	поливать	VERB	C2
7699	dynamisk	динамичный	ADJ	B1
7700	ett kast	бросок	NOUN	B1
7701	en äng	луг	NOUN	A2
7702	en huvudperson	главный герой	NOUN	B1
7703	en ammunition	боеприпасы	NOUN	B2
7704	en procedur	процедура	NOUN	C1
7705	hårig	волосатый	ADJ	C2
7706	en älskare	любовник	NOUN	C1
7707	en inflammation	воспаление	NOUN	C2
7708	en förenkling	упрощение	NOUN	C1
7709	en komedi	комедия	NOUN	C1
7710	en instinkt	инстинкт	NOUN	C1
7711	en flotta	флот	NOUN	B1
7712	en näringsminister	министр промышленности	NOUN	B2
7713	att erövra	завоёвывать	VERB	B1
7714	att avla	производить потомство	VERB	C2
7715	samhällelig	общественный	ADJ	B1
7716	ett avlopp	канализация	NOUN	C2
7717	samisk	саамский	ADJ	C1
7718	ett kulturarv	культурное наследие	NOUN	B2
7719	en undergång	гибель	NOUN	B2
7720	att föreläsa	читать лекцию	VERB	C1
7721	omtänksam	заботливый	ADJ	C2
7722	en räckvidd	радиус действия	NOUN	C1
7723	ett staket	забор	NOUN	C2
7724	en fasa	ужас	NOUN	C1
7725	en amortering	погашение (кредита)	NOUN	C2
7726	en maträtt	блюдо	NOUN	C2
7727	hjälpsam	услужливый	ADJ	C2
7728	en anka	утка	NOUN	B2
7729	ett arbetssätt	метод работы	NOUN	B2
7730	sparsam	бережливый	ADJ	C2
7731	ett toppmöte	саммит	NOUN	B2
7732	att bestraffa	наказывать	VERB	C1
7733	en kolumn	колонка, столбец	NOUN	C1
7734	ett korn	зерно; ячмень	NOUN	C1
7735	plågsam	мучительный	ADJ	C1
7736	framträdande	выдающийся	ADJ	B2
7737	en kruka	горшок (цветочный)	NOUN	C1
7738	ett förbehåll	оговорка	NOUN	C1
7739	sekulär	светский	ADJ	B2
7740	att fortgå	продолжаться	VERB	C1
7741	analog	аналоговый	ADJ	A1
7742	att assistera	ассистировать	VERB	C2
7743	sammansatt	составной	ADJ	B2
7744	en duk	скатерть; холст	NOUN	C1
7745	en kvällsmat	ужин (вечерний)	NOUN	C2
7746	optimistisk	оптимистичный	ADJ	C1
7747	progressiv	прогрессивный	ADJ	B1
7748	en överklass	высший класс	NOUN	B2
7749	dessförinnan	перед этим	OTHER	B2
7750	en indikator	индикатор	NOUN	B2
7751	en manager	менеджер	NOUN	C1
7752	att svälla	набухать	VERB	C2
7753	att förfoga	располагать	VERB	C1
7754	att bringa	приносить	VERB	A2
7755	en handledare	научный руководитель	NOUN	C1
7756	att associera	ассоциировать	VERB	C1
7757	ett krut	порох	NOUN	C1
7758	en rondell	кольцевая развязка	NOUN	C2
7759	en portfölj	портфель	NOUN	C1
7760	att kretsa	кружить	VERB	C1
7761	en farhåga	опасение	NOUN	B2
7762	en brunn	колодец	NOUN	C1
7763	en pil	стрела; ива	NOUN	C1
7764	skrattretande	смехотворный	ADJ	C1
7765	en nia	девятка	NOUN	A1
7766	en förföljelse	преследование	NOUN	B1
7767	en organism	организм	NOUN	B2
7768	kvalitativ	качественный	ADJ	C1
7769	en medvetenhet	осознанность	NOUN	B1
7770	nedanför	внизу, ниже	OTHER	B2
7771	en webbläsare	браузер	NOUN	B1
7772	en förfrågan	запрос	NOUN	C2
7773	en delning	деление	NOUN	A2
7774	en flyktingpolitik	политика в отношении беженцев	NOUN	C1
7775	en märkning	маркировка	NOUN	B2
7776	en reaktor	реактор	NOUN	C1
7777	att framhäva	подчёркивать	VERB	C1
7778	att programmera	программировать	VERB	C2
7779	ett bestånd	запас, фонд	NOUN	C1
7780	en flit	прилежание	NOUN	C1
7781	en vrede	гнев	NOUN	B2
7782	att urholka	подтачивать	VERB	C1
7783	diplomatisk	дипломатический	ADJ	B1
7784	att vädja	взывать	VERB	B2
7785	slumpmässig	случайный	ADJ	C1
7786	en byråkrati	бюрократия	NOUN	B1
7787	att verifiera	проверять (верифицировать)	VERB	B2
7788	livslång	пожизненный	ADJ	B2
7789	att delegera	делегировать	VERB	C1
7790	bildande	образовательный	ADJ	B2
7791	ett konstverk	произведение искусства	NOUN	B2
7792	en partikel	частица	NOUN	C1
7793	visuell	визуальный	ADJ	C1
7794	en taxa	тариф	NOUN	C2
7795	en sammanslutning	объединение	NOUN	B2
7796	en areal	площадь (земли)	NOUN	C1
7797	homogen	однородный	ADJ	C1
7798	ett årsmöte	годовое собрание	NOUN	B2
7799	en obalans	дисбаланс	NOUN	B2
7800	en sexa	шестёрка	NOUN	A1
7801	en asfalt	асфальт	NOUN	C1
7802	snuskig	непристойный	ADJ	C2
7803	en julgran	ёлка	NOUN	C2
7804	en publicering	публикация	NOUN	B1
7805	en bosättning	поселение	NOUN	B1
7806	rasande	взбешённый	ADJ	B2
7807	sympatisk	симпатичный (приятный)	ADJ	C1
7808	en toffel	тапочка	NOUN	C2
7809	en besättning	экипаж	NOUN	B1
7810	att invända	возражать	VERB	B2
7811	en centralbank	центральный банк	NOUN	B1
7812	nationalistisk	националистический	ADJ	B2
7813	en premiss	предпосылка	NOUN	C1
7814	ett föredrag	доклад	NOUN	B1
7815	en tillfällighet	случайность	NOUN	C1
7816	en galenskap	безумие	NOUN	C1
7817	en livslängd	продолжительность жизни	NOUN	C1
7818	ett förlopp	ход (процесс)	NOUN	B2
7819	holländsk	голландский	ADJ	B2
7820	att avlägsna	удалять	VERB	B2
7821	femte	пятый	NUM	A1
7822	hundratusen	сто тысяч	NUM	A1
7823	tredje	третий	NUM	A1
7824	oundviklig	неизбежный	ADJ	B2
7825	en knut	узел	NOUN	B2
7826	ett upprättande	учреждение	NOUN	B2
7827	en bomull	хлопок (ткань)	NOUN	C1
7828	fossil	ископаемый	ADJ	B2
7829	ett stipendium	стипендия	NOUN	C1
7830	att äventyra	подвергать риску	VERB	C1
7831	en fyr	маяк	NOUN	C1
7832	en fyllning	начинка	NOUN	C2
7833	en påtryckning	давление (нажим)	NOUN	B2
7834	att inbjuda	приглашать	VERB	B2
7835	mager	худой	ADJ	C1
7836	en programmering	программирование	NOUN	C2
7837	en demo	демо	NOUN	C1
7838	lojal	лояльный	ADJ	C1
7839	en mognad	зрелость	NOUN	C1
7840	en betong	бетон	NOUN	C1
7841	en terminal	терминал	NOUN	C2
7842	en översvämning	наводнение	NOUN	B2
7843	att propagera	пропагандировать	VERB	B2
7844	att underordna	подчинять	VERB	C1
7845	en utbildningsminister	министр образования	NOUN	A1
7846	en återförsäljare	дилер	NOUN	C1
7847	empirisk	эмпирический	ADJ	B2
7848	en exponering	воздействие (экспозиция)	NOUN	C1
7849	en engelsman	англичанин	NOUN	B1
7850	ett svärd	меч	NOUN	B1
7851	en fusion	слияние	NOUN	C2
7852	en pol	полюс	NOUN	B2
7853	en ek	дуб	NOUN	A1
7854	orealistisk	нереалистичный	ADJ	C1
7855	ett visum	виза	NOUN	C1
7856	en hetta	жара	NOUN	C1
7857	att strukturera	структурировать	VERB	C1
7858	att motstå	противостоять	VERB	C1
7859	en fukt	влага	NOUN	C1
7860	en befruktning	оплодотворение	NOUN	C2
7861	att rättfärdiga	оправдывать	VERB	C1
7862	en kirurg	хирург	NOUN	C2
7863	en expertis	экспертиза	NOUN	C1
7864	att segra	побеждать	VERB	B1
7865	ett privilegium	привилегия	NOUN	B2
7866	att fullborda	завершать	VERB	C1
7867	en fotografering	фотосъёмка	NOUN	C1
7868	en generalsekreterare	генеральный секретарь	NOUN	B2
7869	en morbror	дядя (по маме)	NOUN	A1
7870	ett förfall	упадок	NOUN	B2
7871	en polack	поляк	NOUN	C1
7872	att sammanfalla	совпадать	VERB	B2
7873	en lämplighet	пригодность	NOUN	C1
7874	en omöjlighet	невозможность	NOUN	C1
7875	en lera	глина	NOUN	C1
7876	en låga	пламя	NOUN	B2
7877	ett pussel	пазл	NOUN	C2
7878	serbisk	сербский	ADJ	B2
7879	en tiger	тигр	NOUN	C1
7880	en eftertanke	раздумье	NOUN	B2
7881	en återkomst	возвращение	NOUN	B2
7882	ett företräde	преимущество, приоритет	NOUN	C1
7883	en krigare	воин	NOUN	B2
7884	beklaglig	прискорбный	ADJ	C1
7885	att grädda	выпекать	VERB	C2
7886	en tillåtelse	разрешение	NOUN	B2
7887	tvärs	поперёк	OTHER	B2
7888	en förbränning	сжигание	NOUN	C1
7889	en avsändare	отправитель	NOUN	C1
7890	en folkrörelse	общественное движение	NOUN	B2
7891	konventionell	традиционный	ADJ	B2
7892	kostnadsfri	бесплатный	ADJ	C1
7893	en packning	багаж; прокладка	NOUN	B2
7894	cynisk	циничный	ADJ	C1
7895	att påskynda	ускорять	VERB	C1
7896	en designer	дизайнер	NOUN	C2
7897	avslutningsvis	в заключение	OTHER	B2
7898	en öken	пустыня	NOUN	B2
7899	en förtjänst	заслуга; заработок	NOUN	B2
7900	ett uppförande	поведение; возведение	NOUN	B2
7901	en utfrågning	слушание (опрос)	NOUN	C1
7902	ett lamm	ягнёнок	NOUN	C1
7903	funktionell	функциональный	ADJ	C1
7904	ett avskaffande	отмена	NOUN	B2
7905	att tolerera	терпеть	VERB	C1
7906	en överblick	общий обзор	NOUN	C1
7907	att inviga	открывать (торжественно)	VERB	B2
7908	ett ungdomsförbund	молодёжная организация	NOUN	B1
7909	en socialförsäkring	социальное страхование	NOUN	C1
7910	att återta	забирать обратно	VERB	B2
7911	bilateral	двусторонний	ADJ	C1
7912	en invigning	открытие (церемония)	NOUN	C1
7913	ett utlopp	устье, выход	NOUN	C1
7914	en biografi	биография	NOUN	B2
7915	en reflex	рефлекс	NOUN	C2
7916	en glimt	проблеск	NOUN	C1
7917	en jazz	джаз	NOUN	C1
7918	att förväxla	путать	VERB	C1
7919	bidragande	способствующий	ADJ	C1
7920	oriktig	неправильный	ADJ	C1
7921	en donation	пожертвование	NOUN	C1
7922	att tortera	пытать	VERB	C1
7923	en värdighet	достоинство	NOUN	A2
7924	runtom	повсюду	OTHER	B2
7925	ett horn	рог	NOUN	B2
7926	uttrycklig	явный	ADJ	C1
7927	ett ordförandeskap	председательство	NOUN	B1
7928	abstrakt	абстрактный	ADJ	B2
7929	en kupp	переворот	NOUN	B2
7930	att exponera	выставлять	VERB	C1
7931	en kollaps	коллапс	NOUN	B2
7932	en stekpanna	сковорода	NOUN	C2
7933	att brottas	бороться (борьба)	VERB	C1
7934	att beröva	лишать	VERB	B2
7935	artig	вежливый	ADJ	C2
7936	symbolisk	символический	ADJ	B2
7937	en tacksamhet	благодарность	NOUN	C1
7938	en snickare	столяр	NOUN	C1
7939	en inblick	понимание (взгляд изнутри)	NOUN	B2
7940	att tystna	затихать	VERB	C1
7941	festlig	праздничный	ADJ	C1
7942	kvarvarande	оставшийся	ADJ	B2
7943	att administrera	администрировать	VERB	B2
7944	en avskrivning	амортизация	NOUN	C2
7945	en upphovsrätt	авторское право	NOUN	A2
7946	en maffia	мафия	NOUN	C1
7947	en kiosk	киоск	NOUN	C2
7948	en båge	дуга, лук	NOUN	C2
7949	en religionsfrihet	свобода вероисповедания	NOUN	B2
7950	ett latin	латынь	NOUN	B2
7951	en käpp	трость	NOUN	C2
7952	en bal	бал	NOUN	C2
7953	ett uppträdande	поведение, выступление	NOUN	B2
7954	en kappa	пальто (женское)	NOUN	C1
7955	en sittplats	сидячее место	NOUN	C2
7956	en lagring	хранение	NOUN	C1
7957	ett formulär	бланк, форма	NOUN	C1
7958	en mjukvara	программное обеспечение	NOUN	B2
7959	en lagstiftare	законодатель	NOUN	C1
7960	ett kommando	команда (приказ)	NOUN	C2
7961	ett porträtt	портрет	NOUN	B2
7962	att experimentera	экспериментировать	VERB	C1
7963	ett riksdagsparti	парламентская партия	NOUN	B2
7964	att utelämna	опускать (пропускать)	VERB	C1
7965	en levnadsstandard	уровень жизни	NOUN	B2
7966	överdrivet	чрезмерно	OTHER	C1
7967	en slakt	забой (скота)	NOUN	C1
7968	en nominering	номинация	NOUN	C1
7969	en givare	датчик; даритель	NOUN	A1
7970	ett huvudkontor	головной офис	NOUN	C1
7971	en godhet	доброта	NOUN	C1
7972	statisk	статичный	ADJ	C1
7973	ett pund	фунт	NOUN	C1
7974	innovativ	инновационный	ADJ	B2
7975	kognitiv	когнитивный	ADJ	C1
7976	gradvis	постепенно	OTHER	B1
7977	en spaning	разведка, наблюдение	NOUN	B2
7978	en veteran	ветеран	NOUN	C1
7979	att intensifiera	усиливать	VERB	C1
7980	en elektronik	электроника	NOUN	C1
7981	att rotera	вращать	VERB	C2
7982	att fresta	искушать	VERB	C2
7983	en ärm	рукав	NOUN	C2
7984	en aska	пепел	NOUN	B2
7985	en tia	десятка	NOUN	A1
7986	elegant	элегантный	ADJ	B2
7987	att utbrista	воскликнуть	VERB	C1
7988	att härma	подражать	VERB	C2
7989	inbördes	взаимный	ADJ	B2
7990	en omvårdnad	уход (сестринский)	NOUN	C2
7991	exotisk	экзотический	ADJ	C1
7992	ett riksdagsval	выборы в риксдаг	NOUN	B1
7993	en lantbrukare	фермер	NOUN	C1
7994	ett partnerskap	партнёрство	NOUN	B2
7995	en simning	плавание	NOUN	C2
7996	en människosyn	взгляд на человека	NOUN	C1
7997	en naturresurs	природный ресурс	NOUN	C1
7998	att recensera	рецензировать	VERB	B2
7999	en oändlighet	бесконечность	NOUN	C1
8000	att blotta	обнажать	VERB	C2
8001	provisorisk	временный	ADJ	C1
8002	medial	медийный	ADJ	B2
8003	en arkitektur	архитектура	NOUN	B1
8004	en kyrkogård	кладбище	NOUN	B2
8005	att snarka	храпеть	VERB	C2
8006	en dragning	розыгрыш (лотереи), тяга	NOUN	C1
8007	en diameter	диаметр	NOUN	C1
8008	att härröra	происходить (от)	VERB	C1
8009	en dominans	доминирование	NOUN	B2
8010	en valsedel	избирательный бюллетень	NOUN	B2
8011	att avskeda	увольнять	VERB	C1
8012	omvänt	наоборот	OTHER	C1
8013	ett fyrverkeri	фейерверк	NOUN	C2
8014	att utstå	терпеть	VERB	C1
8015	en domän	домен	NOUN	C1
8016	en gudstjänst	богослужение	NOUN	B1
8017	undre	нижний	ADJ	C1
8018	respektive	соответственно	OTHER	A2
8019	ett tillvägagångssätt	способ действия	NOUN	B2
8020	en kristall	кристалл	NOUN	C2
8021	heltäckande	всеобъемлющий	ADJ	B2
8022	en harmoni	гармония	NOUN	B2
8023	en hållplats	остановка (автобуса)	NOUN	C2
8024	skandinavisk	скандинавский	ADJ	B2
8025	en nåd	милость	NOUN	A2
8026	en återvinning	переработка (вторсырья)	NOUN	C1
8027	ett garn	пряжа	NOUN	C1
8028	en aids	СПИД	NOUN	C1
8029	en passage	проход	NOUN	B2
8030	ett rovdjur	хищник	NOUN	B2
8031	sekundär	вторичный	ADJ	C1
8032	en lärjunge	ученик (последователь)	NOUN	B1
8033	ett hantverk	ремесло	NOUN	C1
8034	förutsägbar	предсказуемый	ADJ	C1
8035	ett narkotikum	наркотик	NOUN	B1
8036	en sylt	варенье	NOUN	C2
8037	att betvivla	сомневаться	VERB	C1
8038	ett mittfält	полузащита	NOUN	C2
8039	vänligen	пожалуйста (вежл.)	OTHER	C1
8040	en avreglering	дерегулирование	NOUN	B2
8041	en brandkår	пожарная команда	NOUN	C2
8042	inrikes	внутри страны	OTHER	C2
8043	ett välbefinnande	благополучие	NOUN	C1
8044	en yxa	топор	NOUN	B2
8045	retorisk	риторический	ADJ	B2
8046	ett bevarande	сохранение	NOUN	B2
8047	en bricka	поднос	NOUN	C1
8048	en mötesplats	место встречи	NOUN	B2
8049	brant	крутой (склон)	ADJ	B2
8050	en staty	статуя	NOUN	B2
8051	en automat	автомат	NOUN	C2
8052	organisk	органический	ADJ	B2
8053	en blockad	блокада	NOUN	B2
8054	en immunitet	иммунитет	NOUN	C2
8055	att eka	отдаваться эхом	VERB	A1
8056	en option	опцион	NOUN	C1
8057	en miljöfråga	экологический вопрос	NOUN	B2
8058	kvantitativ	количественный	ADJ	C1
8059	en ledarsida	страница передовиц	NOUN	B2
8060	en ritning	чертёж	NOUN	B2
8061	en åkomma	недуг	NOUN	C2
8062	informell	неформальный	ADJ	B2
8063	en kräfta	рак (речной)	NOUN	C2
8064	en nykomling	новичок	NOUN	C1
8065	en lyssnare	слушатель	NOUN	C1
8066	en mission	миссия	NOUN	A1
8067	en tjur	бык	NOUN	C1
8068	att överväldiga	ошеломлять	VERB	C2
8069	en bekantskap	знакомство	NOUN	C1
8070	en brytning	перелом; акцент	NOUN	C1
8071	ett valresultat	итоги выборов	NOUN	C1
8072	att auktorisera	уполномочивать	VERB	C2
8073	en stormakt	великая держава	NOUN	B2
8074	en kvadrat	квадрат	NOUN	C2
8075	en skötsel	уход (обслуживание)	NOUN	C1
8076	en handlare	торговец	NOUN	C1
8077	en impuls	импульс	NOUN	C1
8078	ett skift	смена (рабочая)	NOUN	C2
8079	en polisstation	полицейский участок	NOUN	C1
8080	femtio	пятьдесят	NUM	A1
8081	en försiktighet	осторожность	NOUN	C1
8082	en gest	жест	NOUN	A2
8083	en krämpa	недомогание	NOUN	C2
8084	en landshövding	губернатор (лена)	NOUN	C1
8085	en klan	клан	NOUN	C1
8086	en bestraffning	наказание	NOUN	B2
8087	att genomsyra	пронизывать	VERB	B2
8088	en hare	заяц	NOUN	C2
8089	en parameter	параметр	NOUN	C1
8090	övertygande	убедительный	ADJ	B2
8091	ett skelett	скелет	NOUN	C1
8092	en boss	босс	NOUN	C2
8093	medvetslös	без сознания	ADJ	C2
8094	ett skapande	творчество	NOUN	B1
8095	ett genus	гендер, род	NOUN	C1
8096	lyckligtvis	к счастью	OTHER	B2
8097	en grop	яма	NOUN	C2
8098	dyrbar	драгоценный	ADJ	B2
8099	att fördriva	изгонять	VERB	B2
8100	en dräkt	костюм, наряд	NOUN	C1
8101	att väva	ткать	VERB	B2
8102	att stifta	учреждать	VERB	B2
8103	en förolämpning	оскорбление	NOUN	C1
8104	en pirat	пират	NOUN	B1
8105	en föregångare	предшественник	NOUN	B2
8106	en tolk	переводчик (устный)	NOUN	C1
8107	ett överflöd	изобилие	NOUN	B2
8108	ett mästerverk	шедевр	NOUN	C1
8109	ett upprop	воззвание	NOUN	B2
8110	en utgivare	издатель	NOUN	B2
8111	en tumör	опухоль	NOUN	C2
8112	en änka	вдова	NOUN	B1
8113	en enkelhet	простота	NOUN	B2
8114	förgäves	напрасно	OTHER	B2
8115	en lojalitet	верность	NOUN	B2
8116	att vaka	бодрствовать	VERB	B1
8117	en webbsida	веб-страница	NOUN	B1
8118	ett tusental	около тысячи	NOUN	C2
8119	uppför	вверх (по склону)	OTHER	B2
8120	en sammanslagning	слияние	NOUN	C1
8121	en förorening	загрязнение	NOUN	C1
8122	en dagordning	повестка дня	NOUN	B2
8123	att återfå	получать обратно	VERB	B2
8124	ett dråp	непредумышленное убийство	NOUN	C2
8125	en talarstol	трибуна (для оратора)	NOUN	C1
8126	mörkhyad	темнокожий	ADJ	C2
8127	ett avtryck	отпечаток	NOUN	C1
8128	ett gap	разрыв; пасть	NOUN	C1
8129	en ocean	океан	NOUN	C1
8130	en marknadsekonomi	рыночная экономика	NOUN	B1
8131	ett kreditkort	кредитная карта	NOUN	B2
8132	att överträffa	превосходить	VERB	C1
8133	en förfader	предок	NOUN	B2
8134	en aggression	агрессия	NOUN	C1
8135	en uppkomst	возникновение	NOUN	B1
8136	ett sekel	век (столетие)	NOUN	B2
8137	en samordnare	координатор	NOUN	C2
8138	en insändare	письмо в редакцию	NOUN	B1
8139	fiktiv	вымышленный	ADJ	B2
8140	oförmögen	неспособный	ADJ	B2
8141	blygsam	скромный	ADJ	C1
8142	en åska	гром	NOUN	C2
8143	en spelregel	правило игры	NOUN	B2
8144	en illustration	иллюстрация	NOUN	B2
8145	att återspegla	отражать	VERB	B2
8146	afghansk	афганский	ADJ	B2
8147	en ockupation	оккупация	NOUN	A2
8148	en simmare	пловец	NOUN	C2
8149	en fackförening	профсоюз	NOUN	B1
8150	en skrivare	принтер	NOUN	C1
8151	en flygning	полёт	NOUN	B2
8152	en utmärkelse	награда, знак отличия	NOUN	B2
8153	en broschyr	брошюра	NOUN	C1
8154	drivande	движущий	ADJ	B2
8155	en beslutsfattare	лицо, принимающее решения	NOUN	B2
8156	en rytm	ритм	NOUN	C1
8157	en svininfluensa	свиной грипп	NOUN	B2
8158	konkurrenskraftig	конкурентоспособный	ADJ	B2
8159	en ponny	пони	NOUN	C2
8160	att implementera	внедрять	VERB	C1
8161	ett rop	возглас	NOUN	B2
8162	att koda	кодировать	VERB	C2
8163	ett lantbruk	сельское хозяйство	NOUN	C1
8164	en irakier	иракец	NOUN	C1
8165	en dosering	дозировка	NOUN	C2
8166	en äggvita	белок (яичный)	NOUN	C2
8167	att urskilja	различать	VERB	C1
8168	ett rådjur	косуля	NOUN	C2
8169	en palm	пальма	NOUN	B2
8170	självsäker	самоуверенный	ADJ	C2
8171	en kryssning	круиз	NOUN	C2
8172	en ovilja	нежелание	NOUN	B2
8173	skär	розовый (светлый); чистый	ADJ	C1
8174	en föreståndare	заведующий	NOUN	C2
8175	en farförälder	дедушка или бабушка	NOUN	C2
8176	pytteliten	крошечный	ADJ	C2
8177	en ödmjukhet	смирение	NOUN	C1
8178	en programvara	программное обеспечение	NOUN	B1
8179	att förorsaka	вызывать (причинять)	VERB	C1
8180	en vandring	поход, странствие	NOUN	A2
8181	ett kärl	сосуд	NOUN	C1
8182	en monarki	монархия	NOUN	B2
8183	rekommenderad	рекомендованный	ADJ	C1
8184	en tass	лапа	NOUN	C2
8185	en rikedom	богатство	NOUN	B1
8186	en triangel	треугольник	NOUN	C2
8187	ett resande	путешествующий (пассажир)	NOUN	C1
8188	en utvecklare	разработчик	NOUN	C1
8189	begriplig	понятный	ADJ	B1
8190	att frakta	перевозить	VERB	C1
8191	allsidig	всесторонний	ADJ	C2
8192	förnuftig	благоразумный	ADJ	B2
8193	att applådera	аплодировать	VERB	C1
8194	att anskaffa	приобретать	VERB	C2
8195	en uppställning	расстановка, построение	NOUN	C2
8196	en monter	стенд (витрина)	NOUN	C2
8197	en bemanning	укомплектование персоналом	NOUN	C2
8198	utmanande	вызывающий	ADJ	C1
8199	en förtvivlan	отчаяние	NOUN	C1
8200	att medfölja	прилагаться, сопровождать	VERB	C2
8201	en kupong	купон	NOUN	C2
8202	ett kosttillskott	пищевая добавка	NOUN	C2
8203	en tillfredsställelse	удовлетворение	NOUN	C1
8204	ett uppskov	отсрочка	NOUN	C2
8205	att prenumerera	подписываться (на издание)	VERB	C1
8206	att förolämpa	оскорблять	VERB	C1
8207	oavgjord	ничейный	ADJ	C2
8208	en målare	художник, маляр	NOUN	C1
8209	en uppoffring	жертва (самопожертвование)	NOUN	C1
8210	hjärtlig	сердечный	ADJ	C2
8211	att härleda	выводить (происхождение)	VERB	C1
8212	en bedrift	подвиг	NOUN	C1
8213	en upphovsman	автор, создатель	NOUN	B1
8214	ett språkbruk	словоупотребление	NOUN	B2
8215	en kontinuitet	преемственность	NOUN	C1
8216	en föreläsare	лектор	NOUN	C1
8217	ett kafé	кафе	NOUN	C1
8218	att rådfråga	советоваться	VERB	C2
8219	ogiltig	недействительный	ADJ	C2
8220	en affisch	афиша	NOUN	C1
8221	en avrättning	казнь	NOUN	B2
8222	en vinning	выгода	NOUN	B2
8223	att lossa	ослаблять; разгружать	VERB	C2
8224	en rang	ранг	NOUN	A2
8225	en acceptans	признание (принятие)	NOUN	C2
8226	en orolighet	беспокойство	NOUN	B2
8227	vägledande	руководящий	ADJ	C1
8228	en publikation	публикация	NOUN	B2
8229	fyrkantig	квадратный	ADJ	C2
8230	övernaturlig	сверхъестественный	ADJ	B2
8231	ett bete	наживка; пастбище	NOUN	C2
8232	att rena	очищать	VERB	A2
8233	att utbryta	разражаться	VERB	B2
8234	en filosof	философ	NOUN	B1
8235	en association	ассоциация	NOUN	C1
8236	en vy	вид (панорама)	NOUN	C1
8237	stilig	статный	ADJ	C2
8238	en prestige	престиж	NOUN	C1
8239	otillåten	недопустимый	ADJ	C1
8240	en segrare	победитель	NOUN	C1
8241	ett slaveri	рабство	NOUN	B2
8242	en anskaffning	приобретение	NOUN	C2
8243	medfödd	врождённый	ADJ	C1
8244	en jordbävning	землетрясение	NOUN	B2
8245	välmående	процветающий	ADJ	C1
8246	en stridsvagn	танк	NOUN	B2
8247	en privatisering	приватизация	NOUN	B2
8248	en horisont	горизонт	NOUN	B2
8249	en livskvalitet	качество жизни	NOUN	C1
8250	explosiv	взрывной	ADJ	C1
8251	livskraftig	жизнеспособный	ADJ	C1
8252	att gagna	приносить пользу	VERB	C1
8253	att inrymma	вмещать	VERB	C1
8254	en käke	челюсть	NOUN	C2
8255	ett skifte	смена (перемена)	NOUN	B1
8256	att färdigställa	завершать	VERB	C1
8257	en giltighet	действительность (юр.)	NOUN	C1
8258	en destination	пункт назначения	NOUN	C1
8259	att frånta	отнимать	VERB	C1
8260	ett domslut	судебное решение	NOUN	B2
8261	en globalisering	глобализация	NOUN	B1
8262	en förmedling	посредничество	NOUN	C1
8263	en diamant	алмаз	NOUN	C1
8264	en simhall	крытый бассейн	NOUN	C2
8265	ett utvecklingsland	развивающаяся страна	NOUN	B1
8266	att dyrka	поклоняться	VERB	B2
8267	opassande	неподобающий	ADJ	B2
8268	ett försvinnande	исчезновение	NOUN	C1
8269	att uträtta	выполнять	VERB	C1
8270	en officerare	офицер	NOUN	B2
8271	att kväva	душить	VERB	C1
8272	en tilldelning	распределение	NOUN	C1
8273	en ceremoni	церемония	NOUN	B2
8274	ett tvättmedel	моющее средство	NOUN	C2
8275	oavbruten	непрерывный	ADJ	C2
8276	en åklagarmyndighet	прокуратура	NOUN	C2
8277	en gaffel	вилка	NOUN	C2
8278	en ört	трава (пряная)	NOUN	C1
8279	en bokning	бронирование	NOUN	C2
8280	en bergstopp	горная вершина	NOUN	C2
8281	obildad	необразованный	ADJ	C2
8282	treårig	трёхлетний	ADJ	C2
8283	att klassificera	классифицировать	VERB	C1
8284	att repetera	повторять	VERB	C2
8285	isländsk	исландский	ADJ	B2
8286	avsiktlig	умышленный	ADJ	C2
8287	en expedition	экспедиция	NOUN	B2
8288	en tomhet	пустота	NOUN	C1
8289	att darra	дрожать	VERB	C1
8290	att ackumulera	накапливать	VERB	C2
8291	kanadensisk	канадский	ADJ	C1
8292	en betoning	ударение	NOUN	C1
8293	en möda	труд, усилие	NOUN	B2
8294	en misstro	недоверие	NOUN	B2
8295	en materia	материя	NOUN	B2
8296	ett schack	шахматы	NOUN	C1
8297	ett tuggummi	жвачка	NOUN	C2
8298	tvivelaktig	сомнительный	ADJ	C1
8299	en matsal	столовая	NOUN	C1
8300	en kollision	столкновение	NOUN	C2
8301	en skildring	изображение (описание)	NOUN	B2
8302	en energikälla	источник энергии	NOUN	C1
8303	en sfär	сфера	NOUN	A2
8304	ett skrivande	письмо (процесс)	NOUN	B2
8305	en tunna	бочка	NOUN	C2
8306	en hörsel	слух	NOUN	A1
8307	en trottoar	тротуар	NOUN	C1
8308	en historiker	историк	NOUN	B1
8309	en emission	выпуск (эмиссия)	NOUN	C2
8310	en välgörenhet	благотворительность	NOUN	C1
8311	en beröring	прикосновение	NOUN	C2
8312	konstgjord	искусственный	ADJ	C1
8313	virtuell	виртуальный	ADJ	B2
8314	en laser	лазер	NOUN	C2
8315	fientlig	враждебный	ADJ	B2
8316	en skiss	эскиз	NOUN	C1
8317	immun	невосприимчивый	ADJ	C2
8318	en inbillning	воображение	NOUN	C2
8319	att vilseleda	вводить в заблуждение	VERB	C1
8320	en helgdag	праздничный день	NOUN	C1
8321	en mikrofon	микрофон	NOUN	C1
8322	nobel	благородный	ADJ	C2
8323	medeltida	средневековый	ADJ	B1
8324	en riksdagsman	депутат риксдага	NOUN	B2
8325	att differentiera	дифференцировать	VERB	C2
8326	ett skivbolag	звукозаписывающая компания	NOUN	B1
8327	en benägenhet	склонность	NOUN	C1
8328	ett sök	поиск	NOUN	A1
8329	en ordbok	словарь	NOUN	C1
8330	ett gräl	ссора	NOUN	C1
8331	en orkester	оркестр	NOUN	C2
8332	ett begär	вожделение	NOUN	B2
8333	en säkerhetspolitik	политика безопасности	NOUN	B1
8334	en mina	мина (выражение лица; взрывная)	NOUN	B2
8335	ett kooperativ	кооператив	NOUN	C1
8336	en handväska	сумочка	NOUN	C2
8337	en legitimitet	легитимность	NOUN	B2
8338	ett anlag	задатки	NOUN	C1
8339	ett läder	кожа (материал)	NOUN	C2
8340	en växthusgas	парниковый газ	NOUN	B2
8341	ett föredöme	пример (для подражания)	NOUN	C1
8342	en konstitution	конституция	NOUN	B1
8343	att förestå	руководить	VERB	C2
8344	en hysteri	истерия	NOUN	C2
8345	ett verb	глагол	NOUN	C1
8346	en lord	лорд	NOUN	B1
8347	en kår	корпус (коллектив)	NOUN	C1
8348	en tejp	скотч (лента)	NOUN	C2
8349	en orientering	ориентирование	NOUN	C1
8350	ovetande	не знающий	ADJ	C1
8351	en satellit	спутник	NOUN	C1
8352	en avbetalning	рассрочка	NOUN	C2
8353	en bokhandel	книжный магазин	NOUN	C1
8354	en vetenskapsman	учёный	NOUN	B2
8355	romersk	римский	ADJ	B1
8356	en tangent	клавиша	NOUN	C2
8357	en utgåva	издание	NOUN	B2
8358	en judendom	иудаизм	NOUN	B1
8359	att distribuera	распространять	VERB	B2
8360	en häl	пятка	NOUN	C2
8361	rättfärdig	праведный	ADJ	B1
8362	ett certifikat	сертификат	NOUN	C1
8363	en landsman	соотечественник	NOUN	C1
8364	en befälhavare	командующий	NOUN	B2
8365	en injektion	инъекция	NOUN	C2
8366	en munk	монах; пончик	NOUN	C1
8367	underordnad	подчинённый	ADJ	B2
8368	en disposition	план, расположение	NOUN	C2
8369	rymlig	просторный	ADJ	C2
8370	genomgripande	радикальный (глубокий)	ADJ	C1
8371	att anförtro	доверять (поручать)	VERB	C1
8372	ett alster	произведение	NOUN	C1
8373	en bråkdel	доля (малая)	NOUN	C1
8374	en kejsare	император	NOUN	A2
8375	en sångerska	певица	NOUN	C1
8376	att mobilisera	мобилизовать	VERB	B2
8377	en utövare	практикующий	NOUN	C1
8378	en spade	лопата	NOUN	C2
8379	en fåtölj	кресло	NOUN	C2
8380	att modernisera	модернизировать	VERB	C1
8381	en skicklighet	мастерство	NOUN	C1
8382	ett överfall	нападение	NOUN	C2
8383	en stråle	луч, струя	NOUN	C2
8384	gränslös	безграничный	ADJ	C1
8385	en förespråkare	сторонник	NOUN	B2
8386	att kila	клинить; бежать (разг.)	VERB	C2
8387	en atom	атом	NOUN	B2
8388	odemokratisk	недемократический	ADJ	B2
8389	feminin	женственный	ADJ	C2
8390	en ryttare	всадник	NOUN	C1
8391	att symbolisera	символизировать	VERB	B2
8392	en miljöpolitik	экологическая политика	NOUN	C1
8393	en opinionsundersökning	опрос общественного мнения	NOUN	B2
8394	ett gevär	винтовка	NOUN	C1
8395	en oxe	вол	NOUN	C2
8396	humanistisk	гуманистический	ADJ	C1
8397	oerfaren	неопытный	ADJ	C2
8398	framstående	выдающийся	ADJ	B2
8399	en notering	запись (отметка)	NOUN	C1
8400	ett vetande	знание	NOUN	B1
8401	att avspegla	отражать	VERB	C1
8402	att återvinna	перерабатывать	VERB	C1
8403	en kakao	какао	NOUN	C2
8404	ett gummi	резина	NOUN	C2
8405	ett handfat	раковина	NOUN	C2
8406	en gnista	искра	NOUN	C2
8407	att införliva	включать в себя	VERB	C1
8408	ett tempel	храм	NOUN	A2
8409	vital	жизненно важный	ADJ	B2
8410	att realisera	реализовывать	VERB	C1
8411	en intensitet	интенсивность	NOUN	C1
8412	en splittring	раскол	NOUN	B2
8413	likgiltig	равнодушный	ADJ	C1
8414	ett beslutsfattande	принятие решений	NOUN	B2
8415	en desperation	отчаяние	NOUN	C1
8416	hjälplös	беспомощный	ADJ	C1
8417	extraordinär	экстраординарный	ADJ	C1
8418	en gås	гусь	NOUN	C2
8419	en balk	балка	NOUN	C2
8420	att stöna	стонать	VERB	C2
8421	en efterlevnad	соблюдение	NOUN	C1
8422	en vävnad	ткань (биол.)	NOUN	C2
8423	en instruktör	инструктор	NOUN	C2
8424	legendarisk	легендарный	ADJ	C1
8425	en rutt	маршрут	NOUN	C1
8426	väsentligen	по существу	OTHER	C1
8427	nordlig	северный	ADJ	B2
8428	irländsk	ирландский	ADJ	B2
8429	en förlåtelse	прощение	NOUN	B2
8430	baltisk	балтийский	ADJ	B2
8431	en katolik	католик	NOUN	B1
8432	en precision	точность	NOUN	C1
8433	lärorik	поучительный	ADJ	C1
8434	utpräglad	ярко выраженный	ADJ	C1
8435	ett ministerråd	совет министров	NOUN	B2
8436	att skymta	мелькать	VERB	C1
8437	utmed	вдоль	OTHER	B2
8438	att pryda	украшать	VERB	C1
8439	varsin	по одному каждому	OTHER	B2
8440	en uthyrning	прокат, сдача в аренду	NOUN	C2
8441	en maka	супруга	NOUN	C1
8442	en patrull	патруль	NOUN	C2
8443	ett lim	клей	NOUN	C2
8444	anständig	порядочный	ADJ	C1
8445	en älskarinna	любовница	NOUN	C2
8446	ett avsked	прощание	NOUN	C1
8447	en försändelse	отправление (посылка)	NOUN	C2
8448	syntetisk	синтетический	ADJ	C1
8449	en måtta	мера (умеренность)	NOUN	C2
8450	en delgivning	уведомление (юр.)	NOUN	C2
8451	en borgmästare	мэр	NOUN	B2
8452	kapitalistisk	капиталистический	ADJ	A2
8453	att utkomma	выходить (об издании)	VERB	B2
8454	en bedragare	мошенник	NOUN	C2
8455	att reklamera	предъявлять претензию	VERB	C2
8456	att värdesätta	ценить	VERB	C2
8457	en naturvetenskap	естествознание	NOUN	C1
8458	en hela	целое	NOUN	A1
8459	fjorton	четырнадцать	NUM	A1
8460	en handledning	наставничество	NOUN	C1
8461	en episod	эпизод	NOUN	C1
8462	att försumma	пренебрегать	VERB	C1
8463	att gränsa	граничить	VERB	A2
8464	rådgivande	консультативный	ADJ	C1
8465	en dåtid	прошлое	NOUN	C1
8466	en barack	барак	NOUN	C1
8467	nominell	номинальный	ADJ	C1
8468	genial	гениальный	ADJ	C1
8469	tretton	тринадцать	NUM	A1
8470	att sammanföra	сводить вместе	VERB	C1
8471	en specialitet	специальность	NOUN	C1
8472	en gratulation	поздравление	NOUN	C2
8473	att författa	сочинять	VERB	C1
8474	en högkonjunktur	экономический подъём	NOUN	C1
8475	att avskilja	отделять	VERB	C2
8476	en fildelning	обмен файлами	NOUN	A2
8477	ett kraftverk	электростанция	NOUN	C1
8478	spektakulär	эффектный	ADJ	C1
8479	en kapitalist	капиталист	NOUN	B1
8480	att addera	складывать	VERB	C2
8481	en resväska	чемодан	NOUN	C2
8482	en koloni	колония	NOUN	B1
8483	att frige	освобождать	VERB	C2
8484	militant	воинствующий	ADJ	B2
8485	en diplomat	дипломат	NOUN	C1
8486	stum	немой	ADJ	C2
8487	en återgång	возврат	NOUN	C1
8488	en trasa	тряпка	NOUN	C2
8489	tam	ручной (приручённый)	ADJ	C2
8490	att strejka	бастовать	VERB	C2
8491	en fasta	пост (религ.)	NOUN	C2
8492	en tesked	чайная ложка	NOUN	C2
8493	att återbetala	возвращать (деньги)	VERB	C2
8494	att tillägna	посвящать	VERB	C1
8495	nutida	современный	ADJ	B2
8496	en sjua	семёрка	NOUN	A1
8497	ett anseende	репутация	NOUN	C1
8498	ett reglemente	устав (воинский)	NOUN	C2
8499	en bröstkorg	грудная клетка	NOUN	C2
8500	ett intellekt	интеллект	NOUN	C1
8501	att understödja	поддерживать	VERB	C1
8502	ett sammanträffande	совпадение	NOUN	C2
8503	att diktera	диктовать	VERB	C1
8504	regelrätt	настоящий, сущий	ADJ	C1
8505	en logg	журнал (лог)	NOUN	C2
8506	att dekorera	украшать	VERB	C2
8507	ett koldioxidutsläpp	выбросы CO2	NOUN	B2
8508	en grammatik	грамматика	NOUN	C1
8509	federal	федеральный	ADJ	B2
8510	könsneutral	гендерно нейтральный	ADJ	B2
8511	en rättsstat	правовое государство	NOUN	C1
8512	ökänd	печально известный	ADJ	C1
8513	solid	солидный	ADJ	C1
8514	en röstning	голосование	NOUN	A2
8515	en solnedgång	закат	NOUN	C1
8516	ett ögonlock	веко	NOUN	A1
8517	ett samförstånd	взаимопонимание	NOUN	C1
8518	att stelna	застывать	VERB	C2
8519	ett ämbete	должность (офиц.)	NOUN	B2
8520	ett regemente	полк	NOUN	C2
8521	en hemort	родное место	NOUN	C2
8522	totalitär	тоталитарный	ADJ	B2
8523	att tillmäta	придавать (значение)	VERB	C1
8524	en omkrets	окружность	NOUN	C2
8525	ett frimärke	почтовая марка	NOUN	C2
8526	ett nederlag	поражение	NOUN	B1
8527	en gymnastik	гимнастика	NOUN	C2
8528	en finans	финансы	NOUN	B1
8529	att glänsa	блестеть	VERB	C2
8530	kortvarig	кратковременный	ADJ	C1
8531	en stab	штаб	NOUN	C1
8532	en ridning	верховая езда	NOUN	C1
8533	en rensning	чистка	NOUN	B2
8534	en psalm	псалом	NOUN	C1
8535	en kål	капуста	NOUN	C2
8536	en reception	ресепшен	NOUN	C2
8537	en lykta	фонарь	NOUN	C2
8538	kompakt	компактный	ADJ	C1
8539	en efterträdare	преемник	NOUN	B2
8540	ett spektrum	спектр	NOUN	C1
8541	en filial	филиал	NOUN	C1
8542	en frestelse	искушение	NOUN	C1
8543	en sekvens	последовательность	NOUN	A1
8544	en hälsovård	здравоохранение	NOUN	C1
8545	att bekänna	признаваться	VERB	B2
8546	att inlämna	сдавать (документы)	VERB	C2
8547	ett lågstadium	младшие классы (1–3)	NOUN	C2
8548	att samtycka	соглашаться	VERB	C1
8549	en meditation	медитация	NOUN	C1
8550	att limma	клеить	VERB	C2
8551	en ruin	руина	NOUN	C1
8552	en elektriker	электрик	NOUN	C2
8553	en duell	дуэль	NOUN	C1
8554	att debitera	выставлять счёт	VERB	C2
8555	konstitutionell	конституционный	ADJ	B2
8556	att fela	ошибаться	VERB	C2
8557	ett uppslag	разворот (книги); идея	NOUN	C1
8558	en mentor	наставник	NOUN	C2
8559	en utbredning	распространение	NOUN	C1
8560	en triumf	триумф	NOUN	C1
8561	ortodox	ортодоксальный	ADJ	B1
8562	att tillgripa	прибегать (к)	VERB	C1
8563	ängslig	тревожный	ADJ	C2
8564	envar	каждый	OTHER	C1
8565	att uppenbara	открывать (являть)	VERB	B2
8566	en upprepning	повторение	NOUN	C1
8567	oviss	неизвестный (неопределённый)	ADJ	C2
8568	ädel	благородный	ADJ	C2
8569	att överse	снисходительно относиться	VERB	C2
8570	stereotyp	стереотипный	ADJ	C2
8571	en utopi	утопия	NOUN	C1
8572	en sammanhållning	сплочённость	NOUN	B2
8573	utrikespolitisk	внешнеполитический	ADJ	B2
8574	en geting	оса	NOUN	C2
8575	en fullmakt	доверенность	NOUN	C1
8576	ett farväl	прощание	NOUN	C1
8577	ett entreprenörskap	предпринимательство	NOUN	B2
8578	en ömhet	нежность	NOUN	C2
8579	att accelerera	ускоряться	VERB	C2
8580	proportionell	пропорциональный	ADJ	C1
8581	gammaldags	старомодный	ADJ	C1
8582	en årsdag	годовщина	NOUN	C2
8583	en massaker	резня	NOUN	C1
8584	en specifikation	спецификация	NOUN	C2
8585	ett valdeltagande	явка (на выборы)	NOUN	C1
8586	en gisslan	заложник	NOUN	C1
8587	i övermorgon	послезавтра	OTHER	C2
8588	ett storföretag	крупное предприятие	NOUN	C1
8589	att chockera	шокировать	VERB	C2
8590	en handbok	справочник	NOUN	C1
8591	ett oljepris	цена на нефть	NOUN	C1
8592	journalistisk	журналистский	ADJ	B2
8593	en sammankomst	собрание	NOUN	C1
8594	en insjö	озеро (внутреннее)	NOUN	C2
8595	en åsna	осёл	NOUN	C1
8596	mottaglig	восприимчивый	ADJ	C2
8597	en permission	увольнительная	NOUN	C1
8598	överväldigande	подавляющий	ADJ	B2
8599	att tillmötesgå	идти навстречу	VERB	C2
8600	en granat	граната	NOUN	C2
8601	att befästa	укреплять	VERB	C1
8602	en förbannelse	проклятие	NOUN	C1
8603	en konsensus	консенсус	NOUN	B2
8604	en känsel	осязание	NOUN	A1
8605	att förorena	загрязнять	VERB	C2
8606	en ritual	ритуал	NOUN	C1
8607	hädanefter	отныне	OTHER	C1
8608	rikligt	обильно	OTHER	C2
8609	en anekdot	анекдот (случай)	NOUN	C1
8610	att manifestera	проявлять	VERB	C1
8611	subtil	тонкий (неуловимый)	ADJ	C2
8612	ett årtal	год (дата)	NOUN	C1
8613	fascistisk	фашистский	ADJ	B2
8614	en sträckning	протяжённость	NOUN	A2
8615	en applikation	приложение	NOUN	C1
8616	en utgivning	издание (выпуск)	NOUN	C1
8617	ett uran	уран	NOUN	B2
8618	trendig	модный	ADJ	C2
8619	enhällig	единогласный	ADJ	C2
8620	en spannmål	зерновые	NOUN	C1
8621	en deckare	детектив	NOUN	C1
8622	att multiplicera	умножать	VERB	C2
8623	att utsända	отправлять	VERB	C2
8624	att övervinna	преодолевать	VERB	B2
8625	en affärsman	бизнесмен	NOUN	C1
8626	en utkant	окраина	NOUN	C1
8627	förskräcklig	ужасный	ADJ	C2
8628	att gjuta	лить (отливать)	VERB	C2
8629	ett attribut	атрибут	NOUN	C1
8630	en frost	мороз	NOUN	C2
8631	en förflyttning	перемещение	NOUN	C1
8632	att datera	датировать	VERB	B1
8633	företrädesvis	преимущественно	OTHER	C1
8634	eländig	жалкий	ADJ	C1
8635	ett paraply	зонт	NOUN	C2
8636	ett skaft	рукоятка	NOUN	C2
8637	en inspektör	инспектор	NOUN	C2
8638	syd	юг	NOUN	A1
8639	en uthållighet	выносливость	NOUN	C1
8640	en frigivning	освобождение	NOUN	C2
8641	en gryning	рассвет	NOUN	C1
8642	en styrelseordförande	председатель правления	NOUN	C2
8643	en yngling	юноша	NOUN	C1
8644	smaklös	безвкусный	ADJ	C2
8645	att filtrera	фильтровать	VERB	C1
8646	auktoritär	авторитарный	ADJ	C1
8647	att avlyssna	прослушивать	VERB	C1
8648	att frikänna	оправдывать (в суде)	VERB	C2
8649	överordnad	вышестоящий	ADJ	C1
8650	att ratificera	ратифицировать	VERB	C1
8651	en bandit	бандит	NOUN	C2
8652	att viga	венчать	VERB	B2
8653	en galax	галактика	NOUN	C1
8654	en narkoman	наркоман	NOUN	C2
8655	antik	античный	ADJ	B2
8656	egyptisk	египетский	ADJ	B2
8657	en klang	звучание	NOUN	C1
8658	samtida	современный	ADJ	B2
8659	en blus	блузка	NOUN	C2
8660	ett tomrum	пустое место	NOUN	C1
8661	en mustasch	усы	NOUN	C2
8662	föråldrad	устаревший	ADJ	C1
8663	en skolgård	школьный двор	NOUN	C2
8664	att förbrylla	озадачивать	VERB	C2
8665	ett överhuvud	глава (руководитель)	NOUN	C2
8666	att omringa	окружать	VERB	C2
8667	likaledes	также	OTHER	C1
8668	slavisk	славянский	ADJ	C2
8669	en inbetalning	платёж (взнос)	NOUN	C2
8670	en interaktion	взаимодействие	NOUN	C1
8671	en lärobok	учебник	NOUN	C1
8672	en malm	руда	NOUN	B1
8673	en borste	щётка	NOUN	C2
8674	oförutsedd	непредвиденный	ADJ	C1
8675	en underskrift	подпись	NOUN	C2
8676	en monitor	монитор	NOUN	C2
8677	en pyramid	пирамида	NOUN	C1
8678	en rival	соперник	NOUN	C1
8679	institutionell	институциональный	ADJ	B2
8680	ljusblå	голубой	ADJ	C2
8681	att utvinna	добывать	VERB	C1
8682	att inspektera	инспектировать	VERB	C2
8683	att diagnostisera	диагностировать	VERB	C2
8684	infödd	коренной	ADJ	C1
8685	en konfrontation	конфронтация	NOUN	C1
8686	en fästman	жених	NOUN	C2
8687	storslagen	грандиозный	ADJ	C1
8688	en paradox	парадокс	NOUN	C1
8689	en arbetarrörelse	рабочее движение	NOUN	B1
8690	en begåvning	одарённость	NOUN	C1
8691	ett subjekt	подлежащее, субъект	NOUN	C1
8692	en ficklampa	карманный фонарик	NOUN	C2
8693	en koncession	концессия	NOUN	C2
8694	en kvalifikation	квалификация	NOUN	C1
8695	kompatibel	совместимый	ADJ	C2
8696	att ljuda	звучать	VERB	C2
8697	en ånga	пар	NOUN	C1
8698	förmögen	состоятельный	ADJ	B2
8699	att begrunda	обдумывать	VERB	C1
8700	en omvandling	преобразование	NOUN	B2
8701	en exploatering	эксплуатация	NOUN	B2
8702	en riddare	рыцарь	NOUN	C1
8703	en uppgradering	обновление (апгрейд)	NOUN	C1
8704	universell	универсальный	ADJ	B2
8705	en stege	стремянка	NOUN	C2
8706	att gnida	тереть	VERB	C2
8707	en hierarki	иерархия	NOUN	B2
8708	en metafor	метафора	NOUN	C1
8709	en dill	укроп	NOUN	C2
8710	ett ordspråk	пословица	NOUN	C1
8711	en topplista	хит-парад	NOUN	C1
8712	en bekvämlighet	удобство	NOUN	C1
8713	ett pekfinger	указательный палец	NOUN	C2
8714	en ventil	клапан	NOUN	C2
8715	en ånger	раскаяние	NOUN	C2
8716	att insistera	настаивать	VERB	C1
8717	en bärare	носитель	NOUN	B2
8718	massvis	массами	OTHER	C1
8719	en landning	посадка (самолёта)	NOUN	C1
8720	ett brödraskap	братство	NOUN	C1
8721	en repetition	повторение, репетиция	NOUN	C2
8722	en vårdare	санитар, сиделка	NOUN	C2
8723	en prenumeration	подписка	NOUN	C1
8724	ett spektakel	зрелище	NOUN	C2
8725	en löpare	бегун	NOUN	C1
8726	en kanna	кувшин	NOUN	C2
8727	ett skaldjur	морепродукты	NOUN	C2
8728	en uppståndelse	воскресение; переполох	NOUN	B2
8729	en federation	федерация	NOUN	B2
8730	en antenn	антенна	NOUN	C2
8731	medborgerlig	гражданский	ADJ	B2
8732	ett oväder	непогода	NOUN	C2
8733	en fotnot	сноска	NOUN	B2
8734	ett kännetecken	признак	NOUN	B2
8735	ett kompani	рота	NOUN	C1
8736	en okunnighet	невежество	NOUN	C1
8737	teologisk	богословский	ADJ	B1
8738	ett kloster	монастырь	NOUN	B2
8739	en domkyrka	собор	NOUN	C1
8740	en inrikesminister	министр внутренних дел	NOUN	A1
8741	en iver	рвение	NOUN	B2
8742	ett ekosystem	экосистема	NOUN	C1
8743	en ansats	попытка, подход	NOUN	C1
8744	banal	банальный	ADJ	C2
8745	en samarbetspartner	партнёр по сотрудничеству	NOUN	C1
8746	att orientera	ориентировать	VERB	C2
8747	bakre	задний	ADJ	A1
8748	en omstrukturering	реструктуризация	NOUN	C1
8749	att omfamna	обнимать	VERB	C1
8750	en lansering	запуск	NOUN	C1
8751	otvivelaktigt	несомненно	OTHER	C2
8752	en känslighet	чувствительность	NOUN	C2
8753	att sammanfoga	соединять	VERB	C2
8754	en geografi	география	NOUN	C1
8755	att utropa	провозглашать	VERB	B1
8756	en penningpolitik	денежно-кредитная политика	NOUN	A2
8757	en metodik	методика	NOUN	C1
8758	originell	оригинальный	ADJ	C1
8759	en osanning	неправда	NOUN	C1
8760	en gröda	культура (с/х)	NOUN	B2
8761	en defekt	дефект	NOUN	C2
8762	ett imperium	империя	NOUN	B1
8763	en folkrätt	международное право	NOUN	B2
8764	ett evangelium	Евангелие	NOUN	A2
8765	himmelsk	небесный	ADJ	B1
8766	en bassäng	бассейн	NOUN	C2
8767	att bemanna	укомплектовывать	VERB	C2
8768	en mygga	комар	NOUN	C2
8769	österrikisk	австрийский	ADJ	C1
8770	ett bakverk	выпечка	NOUN	C2
8771	att avlösa	сменять	VERB	C1
8772	en kämpe	боец	NOUN	C2
8773	att härska	господствовать	VERB	B1
8774	informativ	информативный	ADJ	C1
8775	en elektricitet	электричество	NOUN	B2
8776	storskalig	крупномасштабный	ADJ	B2
8777	en arvinge	наследник	NOUN	C2
8778	en klimatfråga	климатический вопрос	NOUN	B2
8779	ett fastland	материк	NOUN	C1
8780	vidsträckt	обширный	ADJ	C1
8781	en basilika	базилик; базилика	NOUN	C2
8782	ett vildsvin	кабан	NOUN	C2
8783	en popularitet	популярность	NOUN	B2
8784	en småstad	маленький город	NOUN	C2
8785	paradoxal	парадоксальный	ADJ	C2
8786	en förmyndare	опекун	NOUN	C2
8787	ett aluminium	алюминий	NOUN	C1
8788	ett galler	решётка	NOUN	C2
8789	enastående	выдающийся	ADJ	C1
8790	arton	восемнадцать	NUM	A1
8791	att privatisera	приватизировать	VERB	C1
8792	att vidarebefordra	пересылать	VERB	C1
8793	att blomstra	процветать	VERB	C1
8794	linjär	линейный	ADJ	C2
8795	en greve	граф	NOUN	C1
8796	ett försprång	преимущество (фора)	NOUN	C1
8797	en utmattning	истощение	NOUN	C2
8798	en nationalekonomi	экономическая теория	NOUN	B2
8799	ett drickande	пьянство	NOUN	C2
8800	en vindruva	виноградина	NOUN	C2
8801	en nedladdning	загрузка	NOUN	B2
8802	en gruppledare	лидер группы	NOUN	C1
8803	en senat	сенат	NOUN	B2
8804	en pensel	кисть	NOUN	C2
8805	en sköld	щит	NOUN	C1
8806	en pelare	колонна	NOUN	A1
8807	en romantik	романтика	NOUN	C1
8808	robust	прочный	ADJ	C2
8809	en vaktmästare	завхоз, сторож	NOUN	C2
8810	ett vax	воск	NOUN	C2
8811	en missionär	миссионер	NOUN	B2
8812	att bekanta	знакомить	VERB	C1
8813	en saliv	слюна	NOUN	C2
8814	en tall	сосна	NOUN	C2
8815	autonom	автономный	ADJ	B2
8816	att befordra	повышать (в должности)	VERB	C1
8817	en reduktion	сокращение	NOUN	C2
8818	lärd	учёный (образованный)	ADJ	C2
8819	en brådska	спешка	NOUN	C2
8820	en bägare	кубок, стакан	NOUN	C1
8821	en rengöring	чистка	NOUN	C2
8822	en örn	орёл	NOUN	C2
8823	tjeckisk	чешский	ADJ	B2
8824	tålmodig	терпеливый	ADJ	C2
8825	en profit	прибыль	NOUN	C1
8826	en översättare	переводчик	NOUN	C1
8827	en beståndsdel	составная часть	NOUN	C1
8828	en prägel	отпечаток, характер	NOUN	C1
8829	en koalition	коалиция	NOUN	C1
8830	ett helgon	святой	NOUN	C1
8831	tabu	табуированный	ADJ	C2
8832	en rekonstruktion	реконструкция	NOUN	C1
8833	en tjocklek	толщина	NOUN	C2
8834	en uppvisning	демонстрация, показ	NOUN	C1
8835	passionerad	страстный	ADJ	C2
8836	ett ämnesområde	предметная область	NOUN	C2
8837	ett slitage	износ	NOUN	C2
8838	att arrestera	арестовывать	VERB	C1
8839	adjö	прощай	OTHER	C2
8840	att beskåda	обозревать	VERB	C1
8841	ett substitut	заменитель	NOUN	C2
8842	ett kollegium	коллегия	NOUN	C2
8843	ett akvarium	аквариум	NOUN	C2
8844	ett uppehälle	пропитание	NOUN	C2
8845	nyliberal	неолиберальный	ADJ	B1
8846	en entusiasm	энтузиазм	NOUN	B2
8847	en terminologi	терминология	NOUN	C1
8848	att marschera	маршировать	VERB	B2
8849	en korrigering	исправление	NOUN	C1
8850	en dynamik	динамика	NOUN	B2
8851	att kandidera	баллотироваться	VERB	B2
8852	ett klädesplagg	предмет одежды	NOUN	C2
8853	en kamel	верблюд	NOUN	C2
8854	en slätt	равнина	NOUN	C1
8855	erotisk	эротический	ADJ	C1
8856	en tidtabell	расписание	NOUN	C1
8857	optisk	оптический	ADJ	C2
8858	en folkmassa	толпа	NOUN	C1
8859	ett vandrarhem	хостел	NOUN	C2
8860	en guvernör	губернатор	NOUN	C1
8861	en dekoration	украшение	NOUN	C2
8862	entusiastisk	восторженный	ADJ	C1
8863	ett mervärde	добавленная стоимость	NOUN	B2
8864	en vidd	ширина, простор	NOUN	B2
8865	stram	строгий, тугой	ADJ	C1
8866	en almanacka	календарь (альманах)	NOUN	C2
8867	invändig	внутренний	ADJ	C2
8868	en avlyssning	прослушка	NOUN	B2
8869	ett temperament	темперамент	NOUN	C2
8870	ihärdig	настойчивый	ADJ	C2
8871	en observatör	наблюдатель	NOUN	B2
8872	främre	передний	ADJ	A1
8873	ett veck	складка	NOUN	C2
8874	en alkoholism	алкоголизм	NOUN	C2
8875	styv	жёсткий	ADJ	C2
8876	en pensionering	выход на пенсию	NOUN	C2
8877	en martyr	мученик	NOUN	C1
8878	en gruvarbetare	шахтёр	NOUN	C2
8879	ett kungarike	королевство	NOUN	B2
8880	en ridå	занавес	NOUN	C2
8881	en behållare	контейнер	NOUN	C2
8882	en girighet	жадность	NOUN	C1
8883	en volontär	волонтёр	NOUN	C2
8884	att komponera	сочинять (музыку)	VERB	C1
8885	en intervention	вмешательство	NOUN	C1
8886	en glans	блеск	NOUN	C2
8887	en tron	трон	NOUN	B2
8888	vertikal	вертикальный	ADJ	C2
8889	en företagsamhet	предприимчивость	NOUN	C1
8890	analytisk	аналитический	ADJ	C1
8891	explicit	явно	OTHER	C1
8892	en marsch	марш	NOUN	B2
8893	en underrättelsetjänst	разведка (служба)	NOUN	B2
8894	att avbilda	изображать	VERB	C1
8895	artificiell	искусственный	ADJ	C1
8896	en handflata	ладонь	NOUN	C2
8897	ett växthus	теплица	NOUN	C1
8898	en slogan	слоган	NOUN	C1
8899	ett språng	прыжок	NOUN	C1
8900	en skulptur	скульптура	NOUN	C1
8901	ett dussin	дюжина	NOUN	C1
8902	poetisk	поэтический	ADJ	C1
8903	en duva	голубь	NOUN	C1
8904	ett häfte	тетрадь	NOUN	C2
8905	en kidnappning	похищение	NOUN	C2
8906	en publicitet	огласка	NOUN	C1
8907	en ojämlikhet	неравенство	NOUN	C1
8908	att exploatera	эксплуатировать	VERB	C1
8909	en spion	шпион	NOUN	C2
8910	att yla	выть	VERB	C2
8911	en komplexitet	сложность	NOUN	C1
8912	en ätt	род (династия)	NOUN	A1
8913	en folie	фольга	NOUN	C2
8914	latinsk	латинский	ADJ	C1
8915	en administratör	администратор	NOUN	C1
8916	en eftergift	уступка	NOUN	C1
8917	att underminera	подрывать	VERB	C1
8918	ett vykort	открытка	NOUN	C1
8919	en brunch	бранч	NOUN	A1
8920	en fjärrkontroll	пульт	NOUN	C2
8921	en uppslutning	поддержка (участие)	NOUN	C1
8922	förträfflig	превосходный	ADJ	C1
8923	en fruktan	страх	NOUN	B2
8924	en utstrålning	излучение; харизма	NOUN	C2
8925	en specialisering	специализация	NOUN	C2
8926	en klausul	оговорка (пункт)	NOUN	C1
8927	en undersida	нижняя сторона	NOUN	C2
8928	en modernisering	модернизация	NOUN	C1
8929	en luftfart	авиация	NOUN	C2
8930	att dundra	грохотать	VERB	C2
8931	en utskrift	распечатка	NOUN	C2
8932	dunkel	тёмный (неясный)	ADJ	C1
8933	en hytt	каюта	NOUN	C2
8934	en anarkist	анархист	NOUN	B2
8935	en frist	срок (отсрочка)	NOUN	C2
8936	en bark	кора	NOUN	C2
8937	ett porto	почтовый сбор	NOUN	C2
8938	en visdom	мудрость	NOUN	B2
8939	en optimism	оптимизм	NOUN	C1
8940	en senator	сенатор	NOUN	C2
8941	en systerdotter	племянница (дочь сестры)	NOUN	C2
8942	angränsande	соседний	ADJ	C1
8943	ett klot	шар	NOUN	C1
8944	att välsigna	благословлять	VERB	C1
8945	en summering	подведение итогов	NOUN	C2
8946	inflytelserik	влиятельный	ADJ	B2
8947	urban	городской	ADJ	B1
8948	utvändig	наружный	ADJ	C2
8949	sexton	шестнадцать	NUM	A1
8950	expansiv	экспансивный	ADJ	C1
8951	en åldring	старик (пожилой)	NOUN	C2
8952	ett dagsljus	дневной свет	NOUN	C1
8953	en humanist	гуманист	NOUN	B2
8954	en gränd	переулок	NOUN	C1
8955	att förutsäga	предсказывать	VERB	C1
8956	odödlig	бессмертный	ADJ	C1
8957	en ombildning	преобразование	NOUN	C2
8958	en profetia	пророчество	NOUN	B2
8959	en adel	дворянство	NOUN	B2
8960	otvivelaktig	несомненный	ADJ	C2
8961	ett alfabet	алфавит	NOUN	C1
8962	en inlärning	обучение (усвоение)	NOUN	C1
8963	att förvarna	предупреждать	VERB	C2
8964	en lem	конечность	NOUN	C2
8965	en utnämning	назначение	NOUN	C1
8966	en opinionsbildning	формирование мнения	NOUN	C1
8967	byråkratisk	бюрократический	ADJ	B2
8968	ett skådespel	зрелище	NOUN	C1
8969	en major	майор	NOUN	C1
8970	tillfreds	довольный	ADJ	C2
8971	en gestalt	образ, фигура	NOUN	B2
8972	munter	весёлый	ADJ	C2
8973	upphöjd	возвышенный	ADJ	C1
8974	sofistikerad	утончённый	ADJ	C1
8975	ett skikt	слой	NOUN	B2
8976	att bemästra	овладевать	VERB	C2
8977	ett odjur	чудовище	NOUN	C2
8978	en fax	факс	NOUN	C1
8979	att skingra	рассеивать	VERB	C1
8980	att återupprätta	восстанавливать	VERB	B2
8981	en glödlampa	лампочка	NOUN	C1
8982	ett syskonbarn	племянник, племянница	NOUN	C2
8983	att absorbera	поглощать	VERB	C1
8984	att brodera	вышивать	VERB	C2
8985	sydlig	южный	ADJ	C1
8986	ett botemedel	лекарство (средство)	NOUN	C2
8987	en lätthet	лёгкость	NOUN	C1
8988	skattemässig	налоговый	ADJ	C2
8989	en byggare	строитель	NOUN	C2
8990	en finanspolitik	фискальная политика	NOUN	B2
8991	en identifiering	идентификация	NOUN	C1
8992	ett timmer	древесина	NOUN	C2
8993	fyrtio	сорок	NUM	A1
8994	en uppenbarelse	откровение	NOUN	B1
8995	en kvist	веточка	NOUN	C2
8996	en förstörelse	разрушение	NOUN	B2
8997	en likviditet	ликвидность	NOUN	C1
8998	en skådespelerska	актриса	NOUN	C2
8999	exekutiv	исполнительный	ADJ	C2
9000	ett ordförråd	словарный запас	NOUN	C2
9001	en teologi	богословие	NOUN	B1
9002	en ärkebiskop	архиепископ	NOUN	B2
9003	horisontell	горизонтальный	ADJ	C2
9004	en turkos	бирюза	NOUN	C2
9005	en differentiering	дифференциация	NOUN	C2
9006	att interagera	взаимодействовать	VERB	C2
9007	att skissera	набрасывать (эскиз)	VERB	C2
9008	energisk	энергичный	ADJ	C2
9009	att undkomma	ускользать	VERB	C1
9010	en programmerare	программист	NOUN	C1
9011	att bebo	населять	VERB	C1
9012	sömnig	сонный	ADJ	C2
9013	en fångst	улов	NOUN	C2
9014	en kork	пробка	NOUN	C2
9015	tålmodigt	терпеливо	OTHER	C2
9016	en doktrin	доктрина	NOUN	C1
9017	mör	мягкий (нежный, о мясе)	ADJ	C2
9018	en vrå	уголок	NOUN	C2
9019	ett brännvin	водка (шнапс)	NOUN	C2
9020	en algoritm	алгоритм	NOUN	C2
9021	en stek	жаркое	NOUN	C2
9022	ett högkvarter	штаб-квартира	NOUN	C1
9023	att stapla	складывать (в стопку)	VERB	C2
9024	häpnadsväckande	поразительный	ADJ	C1
9025	en grundtanke	основная идея	NOUN	C1
9026	en hed	пустошь	NOUN	B2
9027	ett mejeri	молочный завод	NOUN	C2
9028	en välsignelse	благословение	NOUN	B1
9029	en trollkarl	волшебник	NOUN	C1
9030	att gräla	ссориться	VERB	C2
9031	ett fosterland	отечество	NOUN	C1
9032	en avslappning	расслабление	NOUN	C2
9033	en integrering	интеграция	NOUN	C1
9034	ett självstyre	самоуправление	NOUN	C1
9035	en bombning	бомбардировка	NOUN	C1
9036	en andedräkt	дыхание	NOUN	C2
9037	ett veto	вето	NOUN	C1
9038	en jungfru	дева	NOUN	C1
9039	en pina	мучение	NOUN	C2
9040	ömtålig	хрупкий	ADJ	C2
9041	sensationell	сенсационный	ADJ	C2
9042	en portal	портал	NOUN	C1
9043	själslig	душевный	ADJ	C1
9044	monetär	монетарный	ADJ	C1
9045	att sammanträda	заседать	VERB	C2
9046	en istid	ледниковый период	NOUN	C1
9047	ett referat	реферат	NOUN	C1
9048	exemplarisk	образцовый	ADJ	C2
9049	fotografisk	фотографический	ADJ	C2
9050	en modifikation	модификация	NOUN	C2
9051	nattlig	ночной	ADJ	C2
9052	en komfort	комфорт	NOUN	C2
9053	biblisk	библейский	ADJ	B1
9054	en motsägelse	противоречие	NOUN	C1
9055	ett ark	лист (бумаги); ковчег	NOUN	C1
9056	att susa	свистеть, шуметь	VERB	C2
9057	en sponsring	спонсорство	NOUN	C1
9058	att avvärja	предотвращать	VERB	C2
9059	fullvärdig	полноценный	ADJ	C1
9060	att tillfoga	причинять, добавлять	VERB	C1
9061	en avgrund	пропасть	NOUN	C1
9062	en koja	хижина	NOUN	C2
9063	trivsam	уютный	ADJ	C1
9064	en klassificering	классификация	NOUN	C1
9065	multinationell	многонациональный	ADJ	C1
9066	ett campus	кампус	NOUN	C2
9067	vulgär	вульгарный	ADJ	C2
9068	besläktad	родственный	ADJ	C1
9069	en ven	вена	NOUN	C2
9070	en besittning	владение	NOUN	C1
9071	en formation	формирование	NOUN	C2
9072	en svängning	колебание	NOUN	C1
9073	en avdelningschef	начальник отдела	NOUN	C2
9074	en epok	эпоха	NOUN	B2
9075	en dricks	чаевые	NOUN	C2
9076	flerårig	многолетний	ADJ	C2
9077	ett omfång	объём	NOUN	C2
9078	en vapenvila	перемирие	NOUN	C1
9079	en organisering	организация (процесс)	NOUN	B2
9080	ett spjut	копьё	NOUN	C2
9081	arkeologisk	археологический	ADJ	C1
9082	läglig	своевременный	ADJ	C2
9083	en realism	реализм	NOUN	C1
9084	ett vakuum	вакуум	NOUN	C2
9085	revolutionär	революционный	ADJ	A2
9086	en radie	радиус	NOUN	C2
9087	en aktiemarknad	фондовый рынок	NOUN	C1
9088	en nationalstat	национальное государство	NOUN	B2
9089	akustisk	акустический	ADJ	C2
9090	en fördjupning	углубление	NOUN	C1
9091	en bondgård	ферма	NOUN	C2
9092	en oenighet	разногласие	NOUN	C1
9093	brådskande	срочный	ADJ	C1
9094	att returnera	возвращать	VERB	C2
9095	att adressera	адресовать	VERB	C2
9096	en kontur	контур	NOUN	C2
9097	teknologisk	технологический	ADJ	C1
9098	en cykelväg	велодорожка	NOUN	C2
9099	ett sammandrag	краткое изложение	NOUN	C2
9100	en civilbefolkning	мирное население	NOUN	C1
9101	omstridd	спорный	ADJ	C2
9102	en fotgängare	пешеход	NOUN	C2
9103	en vinäger	уксус	NOUN	C2
9104	maskulin	мужественный	ADJ	C2
9105	en tjänare	слуга	NOUN	B1
9106	en kompositör	композитор	NOUN	C1
9107	en världsekonomi	мировая экономика	NOUN	C1
9108	ett medlidande	сострадание	NOUN	C1
9109	en tristess	скука	NOUN	C2
9110	en kirurgi	хирургия	NOUN	C2
9111	västlig	западный	ADJ	C1
9112	en konsultation	консультация	NOUN	C2
9113	ett höghus	высотный дом	NOUN	C2
9114	ett närmande	сближение	NOUN	C2
9115	en fana	знамя	NOUN	C1
9116	att översvämma	затоплять	VERB	C2
9117	en barriär	барьер	NOUN	C1
9118	en tänkare	мыслитель	NOUN	C1
9119	vederbörlig	надлежащий	ADJ	C2
9120	att kalkylera	калькулировать	VERB	C2
9121	en intuition	интуиция	NOUN	C1
9122	en parad	парад	NOUN	C1
9123	ett ansiktsuttryck	выражение лица	NOUN	C2
9124	experimentell	экспериментальный	ADJ	C1
9125	en veckodag	день недели	NOUN	A1
9126	en nyttighet	полезность	NOUN	C2
9127	en immigrant	иммигрант	NOUN	C1
9128	en skymning	сумерки	NOUN	C1
9129	ett kalcium	кальций	NOUN	C2
9130	en copyright	авторское право	NOUN	C1
9131	en idrottsman	спортсмен	NOUN	C2
9132	ett kväve	азот	NOUN	C2
9133	att beskydda	покровительствовать	VERB	C2
9134	ett sammanbrott	крах, срыв	NOUN	C1
9135	en begynnelse	начало	NOUN	C1
9136	en tillsättning	назначение (на пост)	NOUN	C2
9137	en korrekthet	правильность	NOUN	C1
9138	en ålderdom	старость	NOUN	C2
9139	ett palats	дворец	NOUN	B2
9140	en offert	коммерческое предложение	NOUN	C2
9141	en sökmotor	поисковик	NOUN	B2
9142	ett adjektiv	прилагательное	NOUN	C2
9143	ett manifest	манифест	NOUN	C1
9144	ett monument	памятник	NOUN	C1
9145	grammatisk	грамматический	ADJ	C2
9146	en tillförsel	подача, снабжение	NOUN	C2
9147	autentisk	подлинный	ADJ	C1
9148	ett bål	костёр; туловище	NOUN	C2
9149	en elektron	электрон	NOUN	C2
9150	en pose	поза	NOUN	C2
9151	en fullmåne	полнолуние	NOUN	C2
9152	territoriell	территориальный	ADJ	C1
9153	elementär	элементарный	ADJ	C1
9154	mittemot	напротив	OTHER	C2
9155	en lydnad	послушание	NOUN	B2
9156	en revolt	мятеж	NOUN	C1
9157	en betingelse	условие	NOUN	C2
9158	välvillig	доброжелательный	ADJ	C2
9159	en sociologi	социология	NOUN	C1
9160	en växthuseffekt	парниковый эффект	NOUN	B2
9161	en veranda	веранда	NOUN	C2
9162	fridfull	мирный, безмятежный	ADJ	C2
9163	en härlighet	великолепие	NOUN	B2
9164	obekant	незнакомый	ADJ	C2
9165	en intrig	интрига	NOUN	C1
9166	en mobilisering	мобилизация	NOUN	C1
9167	ett segment	сегмент	NOUN	C2
9168	en analogi	аналогия	NOUN	C2
9169	en fästning	крепость	NOUN	C1
9170	flyktig	мимолётный	ADJ	C2
9171	en arrest	арест	NOUN	C2
9172	en växellåda	коробка передач	NOUN	C2
9173	att karakterisera	характеризовать	VERB	C1
9174	en åtkomst	доступ	NOUN	C2
9175	en bekännelse	исповедь	NOUN	B2
9176	en överste	полковник	NOUN	C1
9177	en spalt	столбец, колонка	NOUN	C1
9178	en fysiker	физик	NOUN	C2
9179	en rotation	вращение	NOUN	C2
9180	djärv	дерзкий	ADJ	C1
9181	en tågstation	железнодорожный вокзал	NOUN	C2
9182	utsliten	изношенный	ADJ	C2
9183	besk	горький	ADJ	C2
9184	en gudinna	богиня	NOUN	C1
9185	högtidlig	торжественный	ADJ	C1
9186	en internationalisering	интернационализация	NOUN	C2
9187	ett serum	сыворотка	NOUN	C2
9188	att valla	пасти (скот); смазывать (лыжи)	VERB	C2
9189	en skorsten	дымовая труба	NOUN	C2
9190	ett fundament	фундамент	NOUN	C1
9191	att övernatta	ночевать	VERB	C2
9192	sankt	святой (Санкт-)	ADJ	C1
9193	en blues	блюз	NOUN	B2
9194	en spegelbild	отражение (зеркальное)	NOUN	C2
9195	en skönlitteratur	художественная литература	NOUN	C1
9196	en envishet	упрямство	NOUN	C2
9197	en marxism	марксизм	NOUN	B1
9198	en syndare	грешник	NOUN	C1
9199	en decimeter	дециметр	NOUN	A1
9200	en räddare	спасатель	NOUN	C2
9201	ett grannskap	соседство	NOUN	C2
9202	ett maximum	максимум	NOUN	C2
9203	ett omlopp	обращение (оборот)	NOUN	C2
9204	en vägran	отказ	NOUN	C1
9205	ett trappsteg	ступенька	NOUN	C2
9206	ett månadsskifte	смена месяца	NOUN	A1
9207	en törst	жажда	NOUN	C2
9208	en brigad	бригада	NOUN	C2
9209	en självdeklaration	налоговая декларация	NOUN	C2
9210	en videokamera	видеокамера	NOUN	C2
9211	en systerson	племянник (сын сестры)	NOUN	C2
9212	en animation	анимация	NOUN	C2
9213	att tillbe	поклоняться	VERB	C1
9214	ett kapell	часовня	NOUN	C1
9215	en affärsverksamhet	предпринимательская деятельность	NOUN	C1
9216	personell	кадровый	ADJ	C2
9217	stygg	непослушный	ADJ	C2
9218	fysiologisk	физиологический	ADJ	C2
9219	en revidering	пересмотр	NOUN	C2
9220	en predikan	проповедь	NOUN	B2
9221	ett bläck	чернила	NOUN	C2
9222	en bagare	пекарь	NOUN	C2
9223	en uteslutning	исключение	NOUN	C2
9224	elastisk	эластичный	ADJ	C2
9225	idealisk	идеальный	ADJ	C1
9226	en modul	модуль	NOUN	C1
9227	ett substantiv	существительное	NOUN	C2
9228	ett skyltfönster	витрина	NOUN	C2
9229	en socka	носок	NOUN	C2
9230	ett gränssnitt	интерфейс	NOUN	C1
9231	ett segel	парус	NOUN	C1
9232	ungdomlig	юношеский	ADJ	C2
9233	att konsultera	консультироваться	VERB	C2
9234	en såg	пила	NOUN	C2
9235	en besatthet	одержимость	NOUN	C2
9236	en varaktighet	продолжительность	NOUN	C2
9237	att förutbestämma	предопределять	VERB	C2
9238	en knall	хлопок (звук)	NOUN	C2
9239	att återuppliva	оживлять	VERB	C2
9240	en förrädare	предатель	NOUN	C2
9241	en rakning	бритьё	NOUN	C2
9242	en välvilja	доброжелательность	NOUN	C2
9243	en växelkurs	обменный курс	NOUN	B2
9244	ett måleri	живопись	NOUN	C1
9245	en segling	парусный спорт	NOUN	C1
9246	en klunga	кучка (людей)	NOUN	C2
9247	ett tegel	кирпич	NOUN	C2
9248	blixtsnabbt	молниеносно	OTHER	C2
9249	en perfektion	совершенство	NOUN	C2
9250	svenskspråkig	шведскоязычный	ADJ	C1
9251	en tillförlitlighet	надёжность	NOUN	C2
9252	en byråkrat	бюрократ	NOUN	C1
9253	en kult	культ	NOUN	C1
9254	att koordinera	координировать	VERB	C2
9255	revolutionerande	революционный	ADJ	C2
9256	att förplikta	обязывать	VERB	C2
9257	en ättling	потомок	NOUN	C1
9258	att återlämna	возвращать	VERB	C2
9259	en väv	ткань (полотно)	NOUN	C2
9260	interaktiv	интерактивный	ADJ	C1
9261	ett kvällsmål	ужин (поздний)	NOUN	A1
9262	en manöver	манёвр	NOUN	C2
9263	underjordisk	подземный	ADJ	C1
9264	en förlikning	мировое соглашение	NOUN	C2
9265	en pristagare	лауреат	NOUN	C2
9266	en bagatell	пустяк	NOUN	C2
9267	en oreda	беспорядок	NOUN	C2
9268	ett oljud	шум (неприятный)	NOUN	C2
9269	en härskare	правитель	NOUN	B2
9270	en försoning	примирение	NOUN	B2
9271	en distributör	дистрибьютор	NOUN	C2
9272	en försvarsadvokat	защитник (адвокат)	NOUN	C2
9273	en förvandling	превращение	NOUN	C1
9274	en marxist	марксист	NOUN	C1
9275	en essä	эссе	NOUN	B2
9276	ett konsulat	консульство	NOUN	C2
9277	en nunna	монахиня	NOUN	C2
9278	engelskspråkig	англоязычный	ADJ	C1
9279	en remsa	полоска	NOUN	C2
9280	en uppfyllelse	исполнение (желания)	NOUN	C2
9281	ett författarskap	писательское творчество	NOUN	C1
9282	en debitering	списание (со счёта)	NOUN	C2
9283	en återkoppling	обратная связь	NOUN	C2
9284	en huva	капюшон	NOUN	C2
9285	en cirkulation	обращение (циркуляция)	NOUN	C2
9286	en korrespondent	корреспондент	NOUN	C2
9287	en eskort	эскорт	NOUN	C2
9288	att deponera	депонировать	VERB	C2
9289	en logotyp	логотип	NOUN	C1
9290	en arkeolog	археолог	NOUN	C1
9291	ett maskineri	механизм (машинерия)	NOUN	C1
9292	en resebyrå	турагентство	NOUN	C2
9293	att sjösätta	спускать на воду	VERB	C2
9294	en vokal	гласный звук	NOUN	C2
9295	ett fragment	фрагмент	NOUN	C1
9296	ett plakat	плакат	NOUN	C2
9297	en avskrift	копия (рукописная)	NOUN	C2
9298	en boskap	скот	NOUN	C1
9299	att överträda	нарушать	VERB	C2
9300	en bensinstation	автозаправка	NOUN	C2
9301	ett altare	алтарь	NOUN	C2
9302	immateriell	нематериальный	ADJ	C1
9303	att instruera	инструктировать	VERB	C2
9304	en vattenmelon	арбуз	NOUN	C2
9305	ett kommunistparti	коммунистическая партия	NOUN	B1
9306	en bataljon	батальон	NOUN	C2
9307	en lärarinna	учительница	NOUN	C2
9308	ett arbetsrum	кабинет	NOUN	C2
9309	en montering	сборка	NOUN	C2
9310	ett plommon	слива	NOUN	C2
9311	påföljande	последующий	ADJ	C1
9312	en pluton	взвод	NOUN	C2
9313	en matvara	продукт питания	NOUN	C2
9314	en funktionalitet	функциональность	NOUN	C2
9315	en knytnäve	кулак	NOUN	C2
9316	en kommissarie	комиссар	NOUN	C2
9317	tillfredsställd	удовлетворённый	ADJ	C2
9318	bravo	браво!	OTHER	C2
9319	att uppkalla	называть в честь	VERB	C2
9320	att anträffa	встречать (находить)	VERB	C2
9321	ett påbud	указ	NOUN	C1
9322	en decimal	десятичный знак	NOUN	C2
9323	en exil	изгнание	NOUN	C1
9324	en soluppgång	восход солнца	NOUN	C2
9325	en hake	подбородок	NOUN	C2
9326	en magister	магистр	NOUN	C1
9327	en fångenskap	плен	NOUN	C1
9328	en fästmö	невеста	NOUN	C2
9329	ett oväsen	шум, гам	NOUN	C2
9330	ett konvent	конвент	NOUN	B2
9331	att navigera	ориентироваться (навигировать)	VERB	C1
9332	att instifta	учреждать	VERB	C1
9333	en frälsare	спаситель	NOUN	B2
9334	ett jubileum	юбилей	NOUN	C2
9335	sportig	спортивный	ADJ	C2
9336	en lobby	лобби	NOUN	C1
9337	att betjäna	обслуживать	VERB	C1
9338	en delegat	делегат	NOUN	C1
9339	en knop	узел (скорость)	NOUN	C2
9340	en frigörelse	освобождение	NOUN	C1
9341	en trohet	верность	NOUN	C1
9342	en accent	акцент	NOUN	C2
9343	terapeutisk	терапевтический	ADJ	C2
9344	uråldrig	древний	ADJ	C1
9345	ett arbetslag	рабочая бригада	NOUN	C2
9346	att förkunna	провозглашать	VERB	B2
9347	en cement	цемент	NOUN	C2
9348	en hertig	герцог	NOUN	B2
9349	klarvaken	бодрый (совсем проснувшийся)	ADJ	C2
9350	en bildskärm	дисплей	NOUN	C2
9351	att planlägga	планировать	VERB	C2
9352	en åtstramning	жёсткая экономия	NOUN	C2
9353	att kurera	лечить	VERB	C2
9354	en reproduktion	воспроизведение	NOUN	C2
9355	en repertoar	репертуар	NOUN	C2
9356	vänskaplig	дружеский	ADJ	C2
9357	en matematiker	математик	NOUN	C2
9358	en dispyt	спор	NOUN	C2
9359	en essens	сущность	NOUN	C1
9360	en suveränitet	суверенитет	NOUN	C1
9361	en komposition	композиция	NOUN	C1
9362	en dygd	добродетель	NOUN	C1
9363	hebreisk	еврейский (иврит)	ADJ	B2
9364	en likgiltighet	безразличие	NOUN	C2
9365	en utrotning	истребление	NOUN	C2
9366	en noggrannhet	тщательность	NOUN	C2
9367	en brorson	племянник (сын брата)	NOUN	C2
9368	en frälsning	спасение (религ.)	NOUN	B1
9369	en tändsticka	спичка	NOUN	C2
9370	elektromagnetisk	электромагнитный	ADJ	C2
9371	en hök	ястреб	NOUN	C2
9372	en reporänta	ключевая ставка	NOUN	B2
9373	ett arbetarparti	рабочая партия	NOUN	C1
9374	en tonvikt	акцент (упор)	NOUN	C1
9375	en strömning	течение	NOUN	B2
9376	att rangordna	ранжировать	VERB	C2
9377	en projektering	проектирование	NOUN	C2
9378	en aktivering	активация	NOUN	C2
9379	en tariff	тариф	NOUN	C2
9380	säregen	своеобразный	ADJ	C2
9381	en implementering	внедрение	NOUN	C2
9382	ett hekto	сто граммов	NOUN	A1
9383	en devalvering	девальвация	NOUN	C2
9384	jämförande	сравнительный	ADJ	C2
9385	ändlös	бесконечный	ADJ	C2
9386	en byggnation	строительство	NOUN	C2
9387	ett veckoslut	выходные	NOUN	C2
9388	en aktualitet	актуальность	NOUN	C2
9389	välgörande	благотворный	ADJ	C2
9390	en prototyp	прототип	NOUN	C1
9391	en telekommunikation	телекоммуникации	NOUN	C2
9392	en spann	упряжка; ведро	NOUN	C2
9393	slank	стройный	ADJ	C2
9394	ett slagfält	поле битвы	NOUN	C1
9395	en överlägsenhet	превосходство	NOUN	C1
9396	en statist	статист	NOUN	C2
9397	en densitet	плотность	NOUN	C2
9398	fatal	роковой	ADJ	C2
9399	att gnistra	искриться	VERB	C2
9400	en kvarlåtenskap	наследство	NOUN	C2
9401	privilegierad	привилегированный	ADJ	C1
9402	en jurisdiktion	юрисдикция	NOUN	C1
9403	att gradera	градуировать	VERB	C2
9404	en vidareutveckling	дальнейшее развитие	NOUN	C2
9405	en tråkighet	скука	NOUN	C2
9406	att centrera	центрировать	VERB	C2
9407	lodrät	вертикальный	ADJ	C2
9408	ett diplom	диплом	NOUN	C2
9409	listig	хитрый	ADJ	C2
9410	en spanare	разведчик	NOUN	C2
9411	en matris	матрица	NOUN	C2
9412	alldaglig	заурядный	ADJ	C2
9413	ett beskydd	защита (покровительство)	NOUN	C1
9414	att gravera	гравировать	VERB	C2
9415	en diplomati	дипломатия	NOUN	C1
9416	ett ögonkast	беглый взгляд	NOUN	C2
9417	att bestiga	восходить (на гору)	VERB	C2
9418	en jämvikt	равновесие	NOUN	C1
9419	en upphetsning	возбуждение	NOUN	C2
9420	ett tonfall	интонация	NOUN	C2
9421	ett postkontor	почтовое отделение	NOUN	C2
9422	prestigefylld	престижный	ADJ	C2
9423	ett årtusende	тысячелетие	NOUN	C2
9424	välsignad	благословенный	ADJ	B2
9425	reaktionär	реакционный	ADJ	B2
9426	synbar	видимый	ADJ	C2
9427	en klagan	жалоба (плач)	NOUN	C2
9428	en fraktion	фракция	NOUN	B2
9429	ett kilogram	килограмм	NOUN	A2
9430	ett körsbär	вишня	NOUN	C2
9431	en kopiering	копирование	NOUN	B2
9432	en autonomi	автономия	NOUN	C1
9433	en kemist	химик	NOUN	C2
9434	en profylax	профилактика	NOUN	C2
9435	en mekaniker	механик	NOUN	C2
9436	en marmelad	джем	NOUN	C2
9437	trehundra	триста	NUM	C2
9438	en förfalskning	подделка	NOUN	C2
9439	utsökt	изысканный	ADJ	C2
9440	att uthärda	выносить (терпеть)	VERB	C1
9441	en logo	логотип	NOUN	C2
9442	en konfirmation	конфирмация	NOUN	C2
9443	en antydning	намёк	NOUN	C2
9444	en sparv	воробей	NOUN	C2
9445	en reträtt	отступление	NOUN	C1
9446	talrik	многочисленный	ADJ	C1
9447	en grönska	зелень	NOUN	C2
9448	en förläggare	издатель	NOUN	C1
9449	disciplinär	дисциплинарный	ADJ	C2
9450	att arkivera	архивировать	VERB	C2
9451	en återhållsamhet	сдержанность	NOUN	C2
9452	en flamma	пламя	NOUN	C2
9453	en grymhet	жестокость	NOUN	C1
9454	att imitera	имитировать	VERB	C2
9455	huslig	домашний (хозяйственный)	ADJ	C2
9456	en biolog	биолог	NOUN	C2
9457	ett frågeformulär	анкета	NOUN	C2
9458	en orgel	орган (муз.)	NOUN	C2
9459	ett förverkligande	осуществление	NOUN	C2
9460	en signalspaning	радиоразведка	NOUN	B2
9461	lantlig	сельский	ADJ	C2
9462	ett raseri	ярость	NOUN	C2
9463	en radiostation	радиостанция	NOUN	C1
9464	en interiör	интерьер	NOUN	C2
9465	världslig	мирской	ADJ	B2
9466	en råolja	сырая нефть	NOUN	C2
9467	en renhet	чистота	NOUN	C1
9468	livad	оживлённый	ADJ	B1
9469	en servitör	официант	NOUN	C2
9470	beslutsamt	решительно	OTHER	C2
9471	patologisk	патологический	ADJ	C2
9472	ett ministerium	министерство	NOUN	C2
9473	att raffinera	рафинировать	VERB	C2
9474	att ödelägga	опустошать	VERB	C2
9475	karakteristisk	характерный	ADJ	C2
9476	en fyndighet	находчивость; месторождение	NOUN	C2
9477	ett ankare	якорь	NOUN	C2
9478	en betraktelse	созерцание	NOUN	C1
9479	en sittning	заседание, застолье	NOUN	C2
9480	fjärran	далёкий	ADJ	C1
9481	magnetisk	магнитный	ADJ	C2
9482	en uppsyn	выражение лица	NOUN	C2
9483	en underkastelse	подчинение	NOUN	C1
9484	en innevånare	житель	NOUN	C2
9485	brutto	брутто	OTHER	C2
9486	en samstämmighet	согласованность	NOUN	C2
9487	en apostel	апостол	NOUN	B1
9488	en förgrund	передний план	NOUN	C2
9489	att efterfölja	следовать (за)	VERB	C2
9490	att sammankalla	созывать	VERB	C1
9491	en juvel	драгоценность	NOUN	C2
9492	undantagslöst	без исключения	OTHER	C2
9493	utantill	наизусть	OTHER	C2
9494	en sandstrand	песчаный пляж	NOUN	C2
9495	en scarf	шарф	NOUN	C2
9496	en kassett	кассета	NOUN	C2
9497	en aprikos	абрикос	NOUN	C2
9498	en vicepresident	вице-президент	NOUN	C2
9499	att alstra	порождать	VERB	C2
9500	ett synfält	поле зрения	NOUN	C2
9501	bildlig	образный	ADJ	C2
9502	att proklamera	провозглашать	VERB	C1
9503	en bottenvåning	первый этаж	NOUN	C2
9504	en aveny	проспект	NOUN	C2
9505	oenig	несогласный	ADJ	C2
9506	en egenhet	особенность	NOUN	C2
9507	ljum	тёпленький	ADJ	C2
9508	en paroll	лозунг	NOUN	B2
9509	orörlig	неподвижный	ADJ	C2
9510	sanitär	санитарный	ADJ	C2
9511	en dykning	дайвинг	NOUN	C2
9512	en utgrävning	раскопки	NOUN	C1
9513	en förutsägelse	предсказание	NOUN	C1
9514	en keramik	керамика	NOUN	C2
9515	att vidröra	касаться	VERB	C2
9516	en persika	персик	NOUN	C2
9517	multimedia	мультимедиа	NOUN	C2
9518	en avfärd	отъезд	NOUN	C2
9519	en imperialism	империализм	NOUN	B1
9520	en ämbetsman	чиновник	NOUN	C1
9521	en postlåda	почтовый ящик	NOUN	C2
9522	molnig	облачный	ADJ	C2
9523	sextio	шестьдесят	NUM	A1
9524	en avresa	отъезд	NOUN	C2
9525	en användbarhet	удобство использования	NOUN	C1
9526	ett lexikon	энциклопедия, словарь	NOUN	C1
9527	smaklig	аппетитный	ADJ	C2
9528	en ohyra	паразиты (вши и т.п.)	NOUN	C2
9529	stormig	бурный	ADJ	C2
9530	ett uppköp	скупка	NOUN	C2
9531	att avdela	выделять (отряд)	VERB	C2
9532	en löjtnant	лейтенант	NOUN	C2
9533	en teolog	богослов	NOUN	C1
9534	månatlig	ежемесячный	ADJ	C2
9535	östlig	восточный	ADJ	C1
9536	en favör	благосклонность	NOUN	C2
9537	en erövring	завоевание	NOUN	B2
9538	nitton	девятнадцать	NUM	A1
9539	en pingst	Троица (праздник)	NOUN	A1
9540	en kompanjon	компаньон	NOUN	C2
9541	en sionism	сионизм	NOUN	C1
9542	en ekologi	экология	NOUN	C1
9543	en boplats	поселение	NOUN	C2
9544	att innesluta	заключать в себе	VERB	C2
9545	en konduktör	кондуктор	NOUN	C2
9546	ett tryne	рыло	NOUN	C2
9547	ett manuskript	рукопись	NOUN	C1
9548	protestantisk	протестантский	ADJ	C1
9549	en terrass	терраса	NOUN	C2
9550	en följeslagare	спутник (компаньон)	NOUN	C1
9551	delikat	деликатный	ADJ	C2
9552	föräldralös	осиротевший	ADJ	C2
9553	en krabba	краб	NOUN	C2
9554	oanvändbar	непригодный	ADJ	C2
9555	en syntes	синтез	NOUN	C2
9556	en squash	сквош; кабачок	NOUN	C2
9557	ett informationssamhälle	информационное общество	NOUN	C1
9558	närbelägen	близлежащий	ADJ	C2
9559	en periferi	периферия	NOUN	C2
9560	en belägenhet	расположение	NOUN	C2
9561	att försona	примирять	VERB	C2
9562	ett fosterbarn	приёмный ребёнок	NOUN	C2
9563	ett teleskop	телескоп	NOUN	C2
9564	en prosa	проза	NOUN	C1
9565	en baron	барон	NOUN	C2
9566	patriotisk	патриотический	ADJ	C2
9567	skenbar	мнимый	ADJ	C2
9568	en viskning	шёпот	NOUN	C2
9569	en tryckning	печать (процесс)	NOUN	C2
9570	en namnteckning	подпись	NOUN	C2
9571	en skolkamrat	одноклассник	NOUN	C2
9572	en hjort	олень	NOUN	C2
9573	anor	предки (родословная)	NOUN	B2
9574	sårande	обидный	ADJ	C2
9575	att kulminera	достигать кульминации	VERB	C2
9576	en kvast	метла	NOUN	C2
9577	ett kassaskåp	сейф	NOUN	C2
9578	en international	интернационал	NOUN	B1
9579	ett konsortium	консорциум	NOUN	C2
9580	en flygel	рояль; крыло (здания)	NOUN	C1
9581	en brorsdotter	племянница (дочь брата)	NOUN	C2
9582	en allé	аллея	NOUN	C2
9583	att inkassera	инкассировать	VERB	C2
9584	en restaurering	реставрация	NOUN	C2
9585	en köpman	купец	NOUN	C1
9586	att avvara	обходиться без	VERB	C2
9587	en slaktare	мясник	NOUN	C2
9588	en dårskap	безрассудство	NOUN	C2
9589	en stabilisering	стабилизация	NOUN	C2
9590	ett tilltugg	закуска	NOUN	C2
9591	en oordning	беспорядок	NOUN	C2
9592	att förbluffa	ошеломлять	VERB	C2
9593	en rådman	ратман (член магистрата)	NOUN	C2
9594	hedervärd	почтенный	ADJ	C2
9595	en vrist	лодыжка	NOUN	C2
9596	en bestämdhet	решительность	NOUN	C2
9597	en regent	регент	NOUN	C1
9598	en myr	болото	NOUN	C2
9599	hednisk	языческий	ADJ	C1
9600	en rit	обряд	NOUN	A2
9601	avspänd	расслабленный	ADJ	C2
9602	en fildelare	пользователь файлообмена	NOUN	B1
9603	en beslutsamhet	решимость	NOUN	C1
9604	en atlet	атлет	NOUN	C2
9605	en mynning	устье	NOUN	C2
9606	en förevändning	предлог (отговорка)	NOUN	C1
9607	att restaurera	реставрировать	VERB	C2
9608	diagnostisk	диагностический	ADJ	C2
9609	adlig	дворянский	ADJ	C2
9610	att förråda	предавать	VERB	C2
9611	en svärdotter	невестка (жена сына)	NOUN	C2
9612	en stadsbo	горожанин	NOUN	C2
9613	en uppfödning	разведение (скота)	NOUN	C2
9614	en metropol	мегаполис	NOUN	C2
9615	en katedral	кафедральный собор	NOUN	C1
9616	en rankning	рейтинг	NOUN	C2
9617	en utstyrsel	наряд, оснащение	NOUN	C2
9618	ett kölvatten	кильватер	NOUN	C2
9619	etcetera	и так далее	OTHER	A1
9620	en fientlighet	враждебность	NOUN	B2
9621	att sammankoppla	соединять	VERB	C2
9622	att rekonstruera	реконструировать	VERB	C2
9623	en butiksägare	владелец магазина	NOUN	C2
9624	en nattvard	причастие	NOUN	C1
9625	ett födelsemärke	родимое пятно	NOUN	C2
9626	ett sönderfall	распад	NOUN	C1
9627	kommunikativ	коммуникабельный	ADJ	C2
9628	en apparatur	аппаратура	NOUN	C2
9629	sjätte	шестой	NUM	A1
9630	en visare	стрелка (часов)	NOUN	C2
9631	luthersk	лютеранский	ADJ	C1
9632	tiotusen	десять тысяч	NUM	A1
9633	omåttlig	неумеренный	ADJ	C2
9634	en brudgum	жених	NOUN	C2
9635	ett väte	водород	NOUN	C2
9636	en integral	интеграл	NOUN	C2
9637	en reformation	Реформация	NOUN	C1
9638	en omloppsbana	орбита	NOUN	C2
9639	en hydda	хижина	NOUN	C2
9640	ett vittnesbörd	свидетельство	NOUN	B1
9641	kolossal	колоссальный	ADJ	C2
9642	en strykning	глажка; вычёркивание	NOUN	C2
9643	en syrsa	сверчок	NOUN	C2
9644	en paviljong	павильон	NOUN	C2
9645	en optik	оптика	NOUN	C2
9646	långfristig	долгосрочный	ADJ	C2
9647	ett knippe	пучок	NOUN	C2
9648	att undervärdera	недооценивать	VERB	C2
9649	en kandidatur	кандидатура	NOUN	C2
9650	en knekt	валет; солдат	NOUN	C2
9651	en simulering	моделирование	NOUN	C2
9652	en veckotidning	еженедельный журнал	NOUN	C2
9653	en beskyddare	защитник (покровитель)	NOUN	C2
9654	ett presidium	президиум	NOUN	C2
9655	en hyvel	рубанок	NOUN	C2
9656	en syssling	троюродный брат, сестра	NOUN	A1
9657	en kontrovers	разногласие	NOUN	C2
9658	en projektion	проекция	NOUN	C1
9659	en parlamentsledamot	член парламента	NOUN	C1
9660	en böjning	склонение, изгиб	NOUN	C2
9661	en förbrukare	потребитель	NOUN	C2
9662	en inrikespolitik	внутренняя политика	NOUN	A1
9663	en rugby	регби	NOUN	C2
9664	ett bräde	доска	NOUN	C2
9665	ett getto	гетто	NOUN	C2
9666	ett huvudämne	основной предмет	NOUN	C2
9667	att eskortera	сопровождать	VERB	C2
9668	en tagning	дубль (съёмка)	NOUN	C2
9669	ofördelaktig	невыгодный	ADJ	C2
9670	ett avskedande	увольнение	NOUN	C2
9671	en lockelse	соблазн	NOUN	C2
9672	en projektil	снаряд	NOUN	C2
9673	beslutsam	решительный	ADJ	C2
9674	en forntid	древность	NOUN	B2
9675	ett stearinljus	стеариновая свеча	NOUN	C2
9676	jordisk	земной	ADJ	B2
9677	en packe	тюк, пачка	NOUN	C2
9678	en högerhand	правая рука	NOUN	C2
9679	en motorbåt	моторная лодка	NOUN	C2
9680	att baktala	клеветать	VERB	C2
9681	en sluttning	склон	NOUN	C2
9682	en nybyggare	поселенец	NOUN	C2
9683	en samtalspartner	собеседник	NOUN	C2
9684	sjuttio	семьдесят	NUM	A1
9685	tematisk	тематический	ADJ	C2
9686	en idrottsplats	спортплощадка	NOUN	C2
9687	en patriotism	патриотизм	NOUN	C2
9688	glänsande	блестящий	ADJ	C2
9689	en geometri	геометрия	NOUN	C2
9690	kontinental	континентальный	ADJ	C2
9691	oräknelig	бесчисленный	ADJ	C2
9692	ett milligram	миллиграмм	NOUN	A1
9693	att befalla	приказывать	VERB	C1
9694	att klibba	липнуть	VERB	C2
9695	en vingård	виноградник	NOUN	C2
9696	ett karaktärsdrag	черта характера	NOUN	C2
9697	en konsolidering	консолидация	NOUN	C1
9698	spröd	хрупкий, ломкий	ADJ	C2
9699	rigorös	строгий (неукоснительный)	ADJ	C2
9700	förtrolig	доверительный	ADJ	C2
9701	en kameraman	оператор (камеры)	NOUN	C2
9702	att pantsätta	закладывать (в залог)	VERB	C2
9703	ett majestät	величество	NOUN	C2
9704	en svärson	зять (муж дочери)	NOUN	C2
9705	ett residens	резиденция	NOUN	C2
9706	en invalid	инвалид	NOUN	C2
9707	en utväxling	обмен; передача (шест.)	NOUN	C2
9708	en tillflykt	убежище	NOUN	C2
9709	en orätt	несправедливость	NOUN	C2
9710	att projektera	проектировать	VERB	C2
9711	en hjältinna	героиня	NOUN	C2
9712	att återse	снова увидеть	VERB	C2
9713	en violin	скрипка	NOUN	C2
9714	förbipasserande	проходящий мимо	ADJ	C2
9715	en stjälk	стебель	NOUN	C2
9716	en käring	старуха (бранн.)	NOUN	C2
9717	en gymnasist	гимназист	NOUN	C2
9718	ett moderskap	материнство	NOUN	C2
9719	ett ägarskap	владение (собственность)	NOUN	C2
9720	en pilgrim	паломник	NOUN	C2
9721	tvåhundra	двести	NUM	C2
9722	en beväpning	вооружение	NOUN	C2
9723	en illvilja	злоба	NOUN	C2
9724	en sockel	цоколь	NOUN	C2
9725	en koordinator	координатор	NOUN	C2
9726	ett förräderi	измена (предательство)	NOUN	C1
9727	bullrig	шумный	ADJ	C2
9728	en utsändning	трансляция	NOUN	C2
9729	ett minnesmärke	мемориал	NOUN	C2
9730	att försegla	запечатывать	VERB	C2
9731	en befallning	приказ	NOUN	C1
9732	ett berättigande	обоснование	NOUN	C2
9733	ett silke	шёлк	NOUN	C2
9734	en ratificering	ратификация	NOUN	C2
9735	proletär	пролетарский	ADJ	B2
9736	att ströva	бродить	VERB	C2
9737	en herde	пастух	NOUN	C2
9738	en statistiker	статистик	NOUN	C2
9739	en navigation	навигация	NOUN	C2
9740	en regelbundenhet	регулярность	NOUN	C2
9741	att bullra	грохотать	VERB	C2
9742	en barmhärtighet	милосердие	NOUN	C1
9743	en bjälke	балка	NOUN	C2
9744	en nyck	каприз	NOUN	C2
9745	en adressat	адресат	NOUN	B2
9746	en studiekamrat	однокурсник	NOUN	C2
9747	en rättfärdighet	праведность	NOUN	B2
9748	en häpnad	изумление	NOUN	C2
9749	en strömbrytare	выключатель	NOUN	C2
9750	frånskild	разведённый	ADJ	C2
9751	en seglare	яхтсмен	NOUN	C2
9752	en progression	прогрессия	NOUN	C2
9753	en täthet	плотность	NOUN	C2
9754	en överlämning	передача (вручение)	NOUN	C2
9755	ett förnekande	отрицание	NOUN	C2
9756	ekumenisk	экуменический	ADJ	C1
9757	arbetsam	трудолюбивый	ADJ	C2
9758	en kardinal	кардинал	NOUN	C1
9759	en koefficient	коэффициент	NOUN	C2
9760	en opponent	оппонент	NOUN	C2
9761	en yrkesman	мастер (профессионал)	NOUN	C2
9762	metallisk	металлический	ADJ	C2
9763	en stigning	подъём	NOUN	C2
9764	en konsul	консул	NOUN	C2
9765	en indignation	негодование	NOUN	C2
9766	forcerad	форсированный	ADJ	C2
9767	en trofé	трофей	NOUN	C2
9768	en agentur	агентство	NOUN	C2
9769	en förhandsvisning	предпросмотр	NOUN	C2
9770	en trafikpolis	дорожный полицейский	NOUN	C2
9771	en adelsman	дворянин	NOUN	C1
9772	ett millennium	тысячелетие	NOUN	C2
9773	en mellantid	промежуток (времени)	NOUN	C2
9774	farmaceutisk	фармацевтический	ADJ	C2
9775	en startpunkt	отправная точка	NOUN	C2
9776	rumslig	пространственный	ADJ	C2
9777	en berömmelse	слава	NOUN	C2
9778	en spårning	отслеживание	NOUN	C2
9779	imperialistisk	империалистический	ADJ	B2
9780	en skolflicka	школьница	NOUN	C2
9781	en kolonn	колонна	NOUN	C2
9782	en komplott	заговор	NOUN	C2
9783	en ungkarl	холостяк	NOUN	C2
9784	en infarkt	инфаркт	NOUN	C2
9785	en stockning	затор	NOUN	C2
9786	underlydande	подчинённый	ADJ	C2
9787	en kittel	котёл	NOUN	C2
9788	en konfiguration	конфигурация	NOUN	C2
9789	ett tillbakadragande	отступление (отвод)	NOUN	C2
9790	en avkomling	потомок	NOUN	C2
9791	en oförrätt	несправедливость	NOUN	C2
9792	ett omnämnande	упоминание	NOUN	C2
9793	en fuktighet	влажность	NOUN	C2
9794	en ägarinna	хозяйка (владелица)	NOUN	C2
9795	rättfram	прямолинейный	ADJ	C2
9796	en sammanstötning	столкновение	NOUN	C2
9797	ett proletariat	пролетариат	NOUN	B1
9798	ett gränsområde	пограничная область	NOUN	C2
9799	atletisk	атлетический	ADJ	C2
9800	regelvidrig	противоречащий правилам	ADJ	C2
9801	nittio	девяносто	NUM	A1
9802	åttio	восемьдесят	NUM	A1
9803	påfallande	поразительный	ADJ	C1
9804	en huvudrollsinnehavare	исполнитель главной роли	NOUN	C2
9805	en dynasti	династия	NOUN	C1
9806	att återupptäcka	заново открывать	VERB	C2
9807	ett sigill	печать (сургучная)	NOUN	C2
9808	att stadfästa	утверждать (закон)	VERB	C2
9809	en äventyrare	искатель приключений	NOUN	C2
9810	stött	обиженный	ADJ	C2
9811	att formge	проектировать (дизайн)	VERB	C2
9812	en aktning	уважение	NOUN	C2
9813	himmelsblå	небесно-голубой	ADJ	C2
9814	arkitektonisk	архитектурный	ADJ	C2
9815	att transplantera	пересаживать	VERB	C2
9816	en organisatör	организатор	NOUN	C2
9817	en luftkonditionering	кондиционер	NOUN	C2
9818	ett modus	модус, режим	NOUN	C2
9819	en renlighet	чистоплотность	NOUN	C2
9820	en dyrkan	поклонение	NOUN	C2
9821	en fönsterbräda	подоконник	NOUN	C2
9822	en kabin	кабина	NOUN	C2
9823	en världsåskådning	мировоззрение	NOUN	C2
9824	sjunde	седьмой	NUM	A1
9825	ett armbandsur	наручные часы	NOUN	C2
9826	en ringklocka	звонок (дверной)	NOUN	C2
9827	pittoresk	живописный	ADJ	C2
9828	en facilitet	удобство (объект)	NOUN	C2
9829	termisk	термический	ADJ	C2
9830	en sonson	внук (сын сына)	NOUN	C2
9831	en laglighet	законность	NOUN	C2
9832	en bundsförvant	союзник	NOUN	C2
9833	en handelsman	торговец	NOUN	C2
9834	äktenskaplig	супружеский	ADJ	C2
9835	en akustik	акустика	NOUN	C2
9836	mellanliggande	промежуточный	ADJ	C2
9837	fint	хорошо, мило	OTHER	B1
9838	en påskrift	надпись	NOUN	C2
9839	att återgälda	отплатить	VERB	C2
9840	en gudom	божество	NOUN	C1
9841	en borttagning	удаление	NOUN	C2
9842	en änkling	вдовец	NOUN	A1
9843	mångfaldig	многообразный	ADJ	C2
9844	ett poem	поэма	NOUN	C2
9845	en antikvitet	антиквариат	NOUN	C2
9846	en ordningsföljd	последовательность	NOUN	C2
9847	att artikulera	артикулировать	VERB	C2
9848	en straffspark	пенальти	NOUN	C2
9849	tillfälligtvis	временно	OTHER	C2
9850	ett herravälde	господство	NOUN	C1
9851	en anstöt	соблазн, обида	NOUN	C2
9852	att annullera	аннулировать	VERB	C2
9853	en grafiker	график (художник)	NOUN	C2
9854	ett kabinett	кабинет (министров)	NOUN	C2
9855	ett fotfolk	пехота	NOUN	C2
9856	en glidning	скольжение	NOUN	C2
9857	ett membran	мембрана	NOUN	C2
9858	en reseledare	экскурсовод	NOUN	C2
9859	en ortopedi	ортопедия	NOUN	C2
9860	ett tidsschema	график (расписание)	NOUN	C2
9861	ett upplag	склад (хранилище)	NOUN	C2
9862	oföränderlig	неизменный	ADJ	C2
9863	ett innertak	потолок	NOUN	C2
9864	en askkopp	пепельница	NOUN	C2
9865	att avtäcka	открывать (снимать покров)	VERB	C2
9866	en föresats	намерение	NOUN	C2
9867	kraftlös	бессильный	ADJ	C2
9868	en sparsamhet	бережливость	NOUN	C2
9869	en handfull	горсть	NOUN	C1
9870	en legering	сплав	NOUN	C2
9871	en tekanna	заварочный чайник	NOUN	C2
9872	ett husgeråd	домашняя утварь	NOUN	C2
9873	en inkvartering	расквартирование	NOUN	C2
9874	en ädelsten	драгоценный камень	NOUN	C2
9875	upprepat	неоднократно	OTHER	C2
9876	en relik	реликвия	NOUN	C2
9877	en avläsning	считывание (показаний)	NOUN	C2
9878	ett dån	гул	NOUN	C2
9879	en hjord	стадо	NOUN	C2
9880	en villighet	готовность	NOUN	C2
9881	tursam	удачливый	ADJ	C2
9882	ett skollov	школьные каникулы	NOUN	C2
9883	en blyertspenna	карандаш	NOUN	C2
9884	ett tunnland	акр (мера)	NOUN	C2
9885	flytande	жидкий; беглый	ADJ	B2
9886	en arrestering	арест	NOUN	C2
9887	fadd	безвкусный (пресный)	ADJ	C2
9888	en hängivenhet	преданность	NOUN	C2
9889	en gästfrihet	гостеприимство	NOUN	C2
9890	en undervåning	нижний этаж	NOUN	C2
9891	att kodifiera	кодифицировать	VERB	C2
9892	ett snabbköp	супермаркет	NOUN	C2
9893	en tyngdkraft	сила тяжести	NOUN	C2
9894	sydöst	юго-восток	NOUN	A1
9895	en karavan	караван	NOUN	C2
9896	en bindel	повязка	NOUN	C2
9897	en emigrant	эмигрант	NOUN	C2
9898	opublicerad	неопубликованный	ADJ	C2
9899	att subtrahera	вычитать	VERB	C2
9900	betecknande	показательный	ADJ	C2
9901	en hålighet	полость	NOUN	C2
9902	en animering	анимация	NOUN	C2
9903	en brevväxling	переписка	NOUN	C2
9904	en simbassäng	плавательный бассейн	NOUN	C2
9905	en bulletin	бюллетень	NOUN	C2
9906	egenartad	своеобразный	ADJ	C2
9907	atmosfärisk	атмосферный	ADJ	C2
9908	en singularis	единственное число	NOUN	C2
9909	en rymling	беглец	NOUN	C2
9910	ett postulat	постулат	NOUN	C2
9911	en vägavgift	дорожный сбор	NOUN	C2
9912	ett jetplan	реактивный самолёт	NOUN	C2
9913	att ledsaga	сопровождать	VERB	C2
9914	kultiverad	культурный (воспитанный)	ADJ	C2
9915	en samexistens	сосуществование	NOUN	C2
9916	periodiskt	периодически	OTHER	C2
9917	en läkarvetenskap	медицина (наука)	NOUN	C2
9918	världsomfattande	всемирный	ADJ	C2
9919	en kapplöpning	гонка (скачки)	NOUN	C2
9920	en poängställning	счёт (в игре)	NOUN	C2
9921	en eliminering	устранение	NOUN	C2
9922	en konvergens	сходимость	NOUN	C2
9923	en kännare	знаток	NOUN	C2
9924	att skrynkla	мять	VERB	C2
9925	en ungdomstid	юность	NOUN	C2
9926	en knackning	стук	NOUN	C2
9927	didaktisk	дидактический	ADJ	C2
9928	ett epos	эпос	NOUN	C2
9929	vadå	что? (разг.)	OTHER	C1
9930	en avskedsansökan	прошение об отставке	NOUN	C2
9931	ett kejsardöme	империя	NOUN	C2
9932	en tillgivenhet	привязанность	NOUN	C2
9933	en genomfart	проезд	NOUN	C2
9934	oupphörlig	непрекращающийся	ADJ	C2
9935	en nödhjälp	экстренная помощь	NOUN	C2
9936	en genetiker	генетик	NOUN	C2
9937	moderlig	материнский	ADJ	C2
9938	en upphängning	подвеска	NOUN	C2
9939	en kommendant	комендант	NOUN	C2
9940	en doktorsgrad	докторская степень	NOUN	C2
9941	att flanera	фланировать	VERB	C2
9942	teatralisk	театральный	ADJ	C2
9943	en inneslutning	заключение (окружение)	NOUN	C2
9944	en appell	воззвание	NOUN	C2
9945	förebyggande	профилактический	ADJ	B2
9946	författningsenlig	конституционный	ADJ	C2
9947	en översida	верхняя сторона	NOUN	C2
9948	en betäckning	покрытие (случка)	NOUN	C2
9949	ett tempus	время (грам.)	NOUN	C2
9950	en frisersalong	парикмахерская	NOUN	C2
9951	en betjäning	обслуживание	NOUN	C2
9952	en sjukskötare	медбрат	NOUN	C2
9953	en skolväska	школьный портфель	NOUN	C2
9954	en utprovning	примерка	NOUN	C2
9955	en pånyttfödelse	возрождение	NOUN	C2
9956	en koffert	сундук	NOUN	C2
9957	ett olivträd	оливковое дерево	NOUN	C2
9958	en långsamhet	медлительность	NOUN	C2
9959	en kontingent	контингент	NOUN	C2
9960	en iakttagare	наблюдатель	NOUN	C2
9961	ett månljus	лунный свет	NOUN	C2
9962	en excellens	превосходительство	NOUN	C2
9963	att överräcka	вручать	VERB	C2
9964	en bibliografi	библиография	NOUN	C2
9965	ett enfamiljshus	дом на одну семью	NOUN	C2
9966	en kvalificering	квалификация	NOUN	C2
9967	en kärnpunkt	суть	NOUN	C2
9968	en marskalk	маршал	NOUN	C2
9969	en genomresa	проезд (транзит)	NOUN	C2
9970	en konservator	реставратор	NOUN	C2
9971	en korporation	корпорация	NOUN	C2
9972	ett rättfärdigande	оправдание	NOUN	C2
9973	korporativ	корпоративный	ADJ	C2
9974	ett kasus	падеж	NOUN	C2
9975	en sesam	кунжут	NOUN	C2
9976	oföränderligt	неизменно	OTHER	C2
9977	en särprägel	своеобразие	NOUN	C2
9978	en likkista	гроб	NOUN	C2
9979	er	ваш (вы)	OTHER	A1
9980	ärorik	славный	ADJ	C2
9981	en återuppståndelse	воскресение	NOUN	C2
9982	en olympiad	олимпиада	NOUN	C2
9983	stridslysten	воинственный	ADJ	C2
9984	en kakelplatta	кафельная плитка	NOUN	C2
9985	ett rutnät	сетка	NOUN	C2
9986	en hemgift	приданое	NOUN	C2
9987	en karakteristik	характеристика	NOUN	C2
9988	aritmetisk	арифметический	ADJ	C2
9989	ovannämnd	вышеупомянутый	ADJ	C1
9990	genomträngande	пронзительный	ADJ	C2
9991	en timmerstock	бревно	NOUN	C2
9992	en encyklopedi	энциклопедия	NOUN	C2
9993	en försyn	провидение	NOUN	C2
9994	en stränghet	строгость	NOUN	C2
9995	en dossier	досье	NOUN	C2
9996	en dotterdotter	внучка (дочь дочери)	NOUN	C2
9997	bråttom	спешно, срочно	OTHER	C1
9998	fler	больше (числом)	ADJ	A1
9999	en hövlighet	вежливость	NOUN	C2
10000	en dotterson	внук (сын дочери)	NOUN	C2
